{"type":"FeatureCollection","features":[{"type":"Feature","id":"gebouw/Gebouw.9040326/0","properties":{"source":"Digitaal Vlaanderen Gebouwenregister","source_id":"gebouw/Gebouw.9040326/0","kind":"building","height_m":5.72,"status":null},"geometry":{"type":"Polygon","coordinates":[[[3.93317482,50.95456344],[3.93321634,50.95458014],[3.93309934,50.95469619],[3.93305772,50.95467959],[3.93317482,50.95456344]]]}},{"type":"Feature","id":"gebouw/Gebouw.9040327/0","properties":{"source":"Digitaal Vlaanderen Gebouwenregister","source_id":"gebouw/Gebouw.9040327/0","kind":"building","height_m":6.44,"status":null},"geometry":{"type":"Polygon","coordinates":[[[3.93184852,50.95432099],[3.93191332,50.95434591],[3.93188091,50.95437925],[3.9318164,50.95435452],[3.93184852,50.95432099]]]}},{"type":"Feature","id":"gebouw/Gebouw.9040800/0","properties":{"source":"Digitaal Vlaanderen Gebouwenregister","source_id":"gebouw/Gebouw.9040800/0","kind":"building","height_m":9.32,"status":null},"geometry":{"type":"Polygon","coordinates":[[[3.93945085,50.95565639],[3.93955864,50.95570482],[3.93944283,50.95580479],[3.93938755,50.95577925],[3.93939539,50.95577236],[3.93930668,50.95573119],[3.93938248,50.95566604],[3.93937037,50.95566014],[3.9394017,50.95563334],[3.93941135,50.95563814],[3.93941801,50.95563334],[3.93943349,50.95563128],[3.93945603,50.95564147],[3.93945603,50.95565139],[3.93945085,50.95565639]]]}},{"type":"Feature","id":"gebouw/Gebouw.9048300/0","properties":{"source":"Digitaal Vlaanderen Gebouwenregister","source_id":"gebouw/Gebouw.9048300/0","kind":"building","height_m":6.44,"status":null},"geometry":{"type":"Polygon","coordinates":[[[3.94034975,50.95604297],[3.94042125,50.95608125],[3.94026727,50.95619559],[3.9401362,50.95612383],[3.94028752,50.95600964],[3.94029555,50.95601394],[3.94034975,50.95604297]]]}},{"type":"Feature","id":"gebouw/Gebouw.9048301/0","properties":{"source":"Digitaal Vlaanderen Gebouwenregister","source_id":"gebouw/Gebouw.9048301/0","kind":"building","height_m":7.16,"status":null},"geometry":{"type":"Polygon","coordinates":[[[3.94092363,50.95616239],[3.94087178,50.95614062],[3.94093026,50.95608773],[3.94098036,50.95610873],[3.94092363,50.95616239]]]}},{"type":"Feature","id":"gebouw/Gebouw.9048413/0","properties":{"source":"Digitaal Vlaanderen Gebouwenregister","source_id":"gebouw/Gebouw.9048413/0","kind":"building","height_m":7.16,"status":null},"geometry":{"type":"Polygon","coordinates":[[[3.93368653,50.95532341],[3.93380186,50.9553668],[3.93375927,50.95541197],[3.93364457,50.95536881],[3.93368653,50.95532341]]]}},{"type":"Feature","id":"gebouw/Gebouw.9048414/0","properties":{"source":"Digitaal Vlaanderen Gebouwenregister","source_id":"gebouw/Gebouw.9048414/0","kind":"building","height_m":7.88,"status":null},"geometry":{"type":"Polygon","coordinates":[[[3.93364103,50.95538825],[3.93369946,50.95540823],[3.93366984,50.95543729],[3.93361229,50.95541788],[3.93364103,50.95538825]]]}},{"type":"Feature","id":"gebouw/Gebouw.9048548/0","properties":{"source":"Digitaal Vlaanderen Gebouwenregister","source_id":"gebouw/Gebouw.9048548/0","kind":"building","height_m":8.6,"status":null},"geometry":{"type":"Polygon","coordinates":[[[3.9382114,50.95516225],[3.9383131,50.95507775],[3.93841742,50.95512784],[3.93842525,50.9551316],[3.93840548,50.95514842],[3.93843633,50.95516284],[3.93844113,50.95516508],[3.93832705,50.95526267],[3.93819432,50.95520077],[3.93822966,50.95517086],[3.9382114,50.95516225]]]}},{"type":"Feature","id":"gebouw/Gebouw.9048572/0","properties":{"source":"Digitaal Vlaanderen Gebouwenregister","source_id":"gebouw/Gebouw.9048572/0","kind":"building","height_m":5.72,"status":null},"geometry":{"type":"Polygon","coordinates":[[[3.93174266,50.95421047],[3.93172811,50.95423023],[3.93183102,50.95426028],[3.93178521,50.95432335],[3.93158521,50.95426375],[3.93164926,50.95417801],[3.93174266,50.95421047]]]}},{"type":"Feature","id":"gebouw/Gebouw.9048835/0","properties":{"source":"Digitaal Vlaanderen Gebouwenregister","source_id":"gebouw/Gebouw.9048835/0","kind":"building","height_m":8.6,"status":null},"geometry":{"type":"Polygon","coordinates":[[[3.9314577,50.95510292],[3.93141512,50.95507845],[3.93144785,50.95505448],[3.93149426,50.95507994],[3.9314577,50.95510292]]]}},{"type":"Feature","id":"gebouw/Gebouw.9048836/0","properties":{"source":"Digitaal Vlaanderen Gebouwenregister","source_id":"gebouw/Gebouw.9048836/0","kind":"building","height_m":9.32,"status":null},"geometry":{"type":"Polygon","coordinates":[[[3.93386509,50.95549426],[3.93378729,50.95546732],[3.93380539,50.95544674],[3.93388257,50.95547442],[3.93386509,50.95549426]]]}},{"type":"Feature","id":"gebouw/Gebouw.9048837/0","properties":{"source":"Digitaal Vlaanderen Gebouwenregister","source_id":"gebouw/Gebouw.9048837/0","kind":"building","height_m":5.0,"status":null},"geometry":{"type":"Polygon","coordinates":[[[3.93386232,50.95545733],[3.93379424,50.95543256],[3.9338258,50.9553979],[3.93389505,50.95542306],[3.93386232,50.95545733]]]}},{"type":"Feature","id":"gebouw/Gebouw.9048838/0","properties":{"source":"Digitaal Vlaanderen Gebouwenregister","source_id":"gebouw/Gebouw.9048838/0","kind":"building","height_m":5.72,"status":null},"geometry":{"type":"Polygon","coordinates":[[[3.93844066,50.95570759],[3.93852031,50.95576246],[3.93834823,50.95586685],[3.93826271,50.95580966],[3.93828297,50.95579623],[3.93824427,50.95577086],[3.93831944,50.95572547],[3.93836158,50.955755],[3.93844066,50.95570759]]]}},{"type":"Feature","id":"gebouw/Gebouw.9048839/0","properties":{"source":"Digitaal Vlaanderen Gebouwenregister","source_id":"gebouw/Gebouw.9048839/0","kind":"building","height_m":6.44,"status":null},"geometry":{"type":"Polygon","coordinates":[[[3.93846335,50.95624075],[3.93843339,50.95622073],[3.93847563,50.95619612],[3.93850529,50.95621632],[3.93846335,50.95624075]]]}},{"type":"Feature","id":"gebouw/Gebouw.9048875/0","properties":{"source":"Digitaal Vlaanderen Gebouwenregister","source_id":"gebouw/Gebouw.9048875/0","kind":"building","height_m":7.16,"status":null},"geometry":{"type":"Polygon","coordinates":[[[3.93837836,50.95594692],[3.93827377,50.95600876],[3.93825391,50.95599537],[3.93821314,50.95601948],[3.93815529,50.95598045],[3.93819504,50.95595695],[3.93819262,50.95595532],[3.93829824,50.95589287],[3.93837836,50.95594692]]]}},{"type":"Feature","id":"gebouw/Gebouw.9048876/0","properties":{"source":"Digitaal Vlaanderen Gebouwenregister","source_id":"gebouw/Gebouw.9048876/0","kind":"building","height_m":7.88,"status":null},"geometry":{"type":"Polygon","coordinates":[[[3.93834971,50.95624261],[3.9383567,50.95624718],[3.93840701,50.95622024],[3.93844824,50.95625031],[3.93837144,50.95629081],[3.93833157,50.95626469],[3.9383364,50.95626174],[3.93832737,50.95625621],[3.93834971,50.95624261]]]}},{"type":"Feature","id":"gebouw/Gebouw.9048877/0","properties":{"source":"Digitaal Vlaanderen Gebouwenregister","source_id":"gebouw/Gebouw.9048877/0","kind":"building","height_m":8.6,"status":null},"geometry":{"type":"Polygon","coordinates":[[[3.93944518,50.95657089],[3.93940629,50.95654992],[3.93944962,50.95651839],[3.93948633,50.95654092],[3.93944518,50.95657089]]]}},{"type":"Feature","id":"gebouw/Gebouw.9049033/0","properties":{"source":"Digitaal Vlaanderen Gebouwenregister","source_id":"gebouw/Gebouw.9049033/0","kind":"building","height_m":5.0,"status":null},"geometry":{"type":"Polygon","coordinates":[[[3.94021737,50.95580154],[3.94011093,50.95575997],[3.94013263,50.95573793],[3.9401763,50.95575549],[3.9401699,50.95576159],[3.94018398,50.955767],[3.94018914,50.95576275],[3.94023703,50.95578145],[3.94021737,50.95580154]]]}},{"type":"Feature","id":"gebouw/Gebouw.9049034/0","properties":{"source":"Digitaal Vlaanderen Gebouwenregister","source_id":"gebouw/Gebouw.9049034/0","kind":"building","height_m":5.72,"status":null},"geometry":{"type":"Polygon","coordinates":[[[3.94072971,50.95537775],[3.94078502,50.95540331],[3.94070962,50.95546687],[3.94065522,50.95544076],[3.94072971,50.95537775]]]}},{"type":"Feature","id":"gebouw/Gebouw.9049252/0","properties":{"source":"Digitaal Vlaanderen Gebouwenregister","source_id":"gebouw/Gebouw.9049252/0","kind":"building","height_m":6.44,"status":null},"geometry":{"type":"Polygon","coordinates":[[[3.93956489,50.95643623],[3.93960548,50.95646176],[3.93952511,50.9565129],[3.93948479,50.95648766],[3.93949038,50.95648408],[3.93944257,50.956455],[3.93951841,50.95640699],[3.93956489,50.95643623]]]}},{"type":"Feature","id":"gebouw/Gebouw.9057240/0","properties":{"source":"Digitaal Vlaanderen Gebouwenregister","source_id":"gebouw/Gebouw.9057240/0","kind":"building","height_m":7.16,"status":null},"geometry":{"type":"Polygon","coordinates":[[[3.93126838,50.95707553],[3.93112114,50.95716394],[3.93105062,50.9571171],[3.93108469,50.95709664],[3.93103534,50.95706386],[3.93103415,50.95706307],[3.93103319,50.95706365],[3.93100807,50.95704713],[3.93101523,50.95704347],[3.93102761,50.95705166],[3.93113479,50.95698708],[3.93115394,50.95699976],[3.9311956,50.95697466],[3.93123548,50.95700106],[3.93119382,50.95702616],[3.93126838,50.95707553]]]}},{"type":"Feature","id":"gebouw/Gebouw.9057246/0","properties":{"source":"Digitaal Vlaanderen Gebouwenregister","source_id":"gebouw/Gebouw.9057246/0","kind":"building","height_m":6.44,"status":null},"geometry":{"type":"Polygon","coordinates":[[[3.93572608,50.95447318],[3.93571049,50.95450686],[3.93565424,50.95449648],[3.93564164,50.95449416],[3.93560129,50.95448671],[3.93562953,50.95442563],[3.93564984,50.95440938],[3.9357472,50.95442758],[3.93572608,50.95447318]]]}},{"type":"Feature","id":"gebouw/Gebouw.9057262/0","properties":{"source":"Digitaal Vlaanderen Gebouwenregister","source_id":"gebouw/Gebouw.9057262/0","kind":"building","height_m":7.88,"status":null},"geometry":{"type":"Polygon","coordinates":[[[3.94082107,50.95552819],[3.94077427,50.9555077],[3.94079987,50.95548402],[3.94083297,50.95549808],[3.94088439,50.95545316],[3.94090359,50.95543559],[3.94091762,50.95544137],[3.94095839,50.95545814],[3.94088385,50.95552265],[3.94084513,50.95550655],[3.94082107,50.95552819]]]}},{"type":"Feature","id":"gebouw/Gebouw.9057280/0","properties":{"source":"Digitaal Vlaanderen Gebouwenregister","source_id":"gebouw/Gebouw.9057280/0","kind":"building","height_m":5.72,"status":null},"geometry":{"type":"Polygon","coordinates":[[[3.9399284,50.9563424],[3.94000529,50.95638314],[3.93992057,50.95644692],[3.93984548,50.9564073],[3.9399284,50.9563424]]]}},{"type":"Feature","id":"gebouw/Gebouw.9057314/0","properties":{"source":"Digitaal Vlaanderen Gebouwenregister","source_id":"gebouw/Gebouw.9057314/0","kind":"building","height_m":5.0,"status":null},"geometry":{"type":"Polygon","coordinates":[[[3.9323603,50.95450529],[3.93234401,50.95446408],[3.93239287,50.95445641],[3.93240766,50.95449817],[3.9323603,50.95450529]]]}},{"type":"Feature","id":"gebouw/Gebouw.9057315/0","properties":{"source":"Digitaal Vlaanderen Gebouwenregister","source_id":"gebouw/Gebouw.9057315/0","kind":"building","height_m":5.72,"status":null},"geometry":{"type":"Polygon","coordinates":[[[3.93755536,50.95666015],[3.93756857,50.95668941],[3.93753279,50.95669611],[3.93752458,50.95667655],[3.93750672,50.956634],[3.93754044,50.95662709],[3.93755536,50.95666015]]]}},{"type":"Feature","id":"gebouw/Gebouw.9057680/0","properties":{"source":"Digitaal Vlaanderen Gebouwenregister","source_id":"gebouw/Gebouw.9057680/0","kind":"building","height_m":6.44,"status":null},"geometry":{"type":"Polygon","coordinates":[[[3.93143308,50.95549513],[3.93135832,50.95546251],[3.93139347,50.95543037],[3.93129263,50.95538642],[3.93129694,50.95538256],[3.93135372,50.95533163],[3.93145853,50.95537824],[3.93145031,50.95538511],[3.93152062,50.9554144],[3.93150282,50.95543219],[3.93149802,50.95543699],[3.93152643,50.95544912],[3.93149716,50.95547613],[3.931467,50.95546322],[3.93143308,50.95549513]]]}},{"type":"Feature","id":"gebouw/Gebouw.9057684/0","properties":{"source":"Digitaal Vlaanderen Gebouwenregister","source_id":"gebouw/Gebouw.9057684/0","kind":"building","height_m":9.32,"status":null},"geometry":{"type":"Polygon","coordinates":[[[3.93128454,50.95545263],[3.93126705,50.95548359],[3.93125986,50.95549633],[3.93118658,50.95547998],[3.9311944,50.95546601],[3.93121104,50.95543624],[3.93128454,50.95545263]]]}},{"type":"Feature","id":"gebouw/Gebouw.9057727/0","properties":{"source":"Digitaal Vlaanderen Gebouwenregister","source_id":"gebouw/Gebouw.9057727/0","kind":"building","height_m":5.0,"status":null},"geometry":{"type":"Polygon","coordinates":[[[3.93165955,50.95442071],[3.93164883,50.95441685],[3.93162836,50.95440946],[3.93155729,50.95438382],[3.93152429,50.95437228],[3.93152394,50.95437266],[3.9314944,50.95440503],[3.93143765,50.9544672],[3.93143736,50.95446752],[3.93157163,50.95451642],[3.93165955,50.95442071]]]}},{"type":"Feature","id":"gebouw/Gebouw.9057729/0","properties":{"source":"Digitaal Vlaanderen Gebouwenregister","source_id":"gebouw/Gebouw.9057729/0","kind":"building","height_m":6.44,"status":null},"geometry":{"type":"Polygon","coordinates":[[[3.93347021,50.95469996],[3.93352055,50.95471272],[3.9334997,50.9547446],[3.93344876,50.95473327],[3.93347021,50.95469996]]]}},{"type":"Feature","id":"gebouw/Gebouw.9057731/0","properties":{"source":"Digitaal Vlaanderen Gebouwenregister","source_id":"gebouw/Gebouw.9057731/0","kind":"building","height_m":7.88,"status":null},"geometry":{"type":"Polygon","coordinates":[[[3.93643619,50.95451541],[3.93639705,50.95449472],[3.93645642,50.95444977],[3.93647777,50.95446057],[3.93649117,50.95445031],[3.93652773,50.95446778],[3.93651398,50.95447888],[3.93649413,50.95446884],[3.93643619,50.95451541]]]}},{"type":"Feature","id":"gebouw/Gebouw.9057753/0","properties":{"source":"Digitaal Vlaanderen Gebouwenregister","source_id":"gebouw/Gebouw.9057753/0","kind":"building","height_m":8.6,"status":null},"geometry":{"type":"Polygon","coordinates":[[[3.93168305,50.95444193],[3.9317259,50.95445741],[3.93170043,50.95448652],[3.93165578,50.95447214],[3.93168305,50.95444193]]]}},{"type":"Feature","id":"gebouw/Gebouw.9069413/0","properties":{"source":"Digitaal Vlaanderen Gebouwenregister","source_id":"gebouw/Gebouw.9069413/0","kind":"building","height_m":7.16,"status":null},"geometry":{"type":"Polygon","coordinates":[[[3.93139553,50.95502858],[3.93144073,50.95505477],[3.93140764,50.95507759],[3.93136265,50.95505112],[3.93139553,50.95502858]]]}},{"type":"Feature","id":"gebouw/Gebouw.9069848/0","properties":{"source":"Digitaal Vlaanderen Gebouwenregister","source_id":"gebouw/Gebouw.9069848/0","kind":"building","height_m":7.88,"status":null},"geometry":{"type":"Polygon","coordinates":[[[3.93647777,50.95446057],[3.93649413,50.95446884],[3.93646195,50.95449597],[3.93647641,50.95450386],[3.93651917,50.95452719],[3.93652978,50.95453297],[3.9363625,50.95465808],[3.93635351,50.95465313],[3.9363124,50.95463051],[3.93631383,50.95462944],[3.93635474,50.95459865],[3.93633678,50.9545888],[3.93642834,50.95451446],[3.93639391,50.95449719],[3.93639712,50.95449476],[3.93645642,50.95444977],[3.93647777,50.95446057]]]}},{"type":"Feature","id":"gebouw/Gebouw.9069849/0","properties":{"source":"Digitaal Vlaanderen Gebouwenregister","source_id":"gebouw/Gebouw.9069849/0","kind":"building","height_m":8.6,"status":null},"geometry":{"type":"Polygon","coordinates":[[[3.9317078,50.95434778],[3.9315569,50.95429403],[3.93152209,50.9543358],[3.93151869,50.95433846],[3.93157853,50.95435929],[3.93155729,50.95438382],[3.93162836,50.95440946],[3.93164883,50.95441685],[3.9317078,50.95434778]]]}},{"type":"Feature","id":"gebouw/Gebouw.9070103/0","properties":{"source":"Digitaal Vlaanderen Gebouwenregister","source_id":"gebouw/Gebouw.9070103/0","kind":"building","height_m":5.0,"status":null},"geometry":{"type":"Polygon","coordinates":[[[3.94077155,50.95699273],[3.94070712,50.95704283],[3.94067115,50.95702059],[3.94073108,50.95697571],[3.94079695,50.95692385],[3.94076692,50.95690882],[3.94085988,50.9568378],[3.94092625,50.95687245],[3.94077155,50.95699273]]]}},{"type":"Feature","id":"gebouw/Gebouw.9070117/0","properties":{"source":"Digitaal Vlaanderen Gebouwenregister","source_id":"gebouw/Gebouw.9070117/0","kind":"building","height_m":5.0,"status":null},"geometry":{"type":"Polygon","coordinates":[[[3.94066188,50.955955],[3.94069986,50.95597492],[3.94066982,50.95599836],[3.9406309,50.95598011],[3.94066188,50.955955]]]}},{"type":"Feature","id":"gebouw/Gebouw.9100338/0","properties":{"source":"Digitaal Vlaanderen Gebouwenregister","source_id":"gebouw/Gebouw.9100338/0","kind":"building","height_m":6.44,"status":null},"geometry":{"type":"Polygon","coordinates":[[[3.94057659,50.95628685],[3.94061741,50.95624986],[3.94061039,50.95624641],[3.94071612,50.95614968],[3.94084373,50.95620773],[3.94073629,50.95630219],[3.94073044,50.95629913],[3.94068782,50.95633722],[3.94057659,50.95628685]]]}},{"type":"Feature","id":"gebouw/Gebouw.9100668/0","properties":{"source":"Digitaal Vlaanderen Gebouwenregister","source_id":"gebouw/Gebouw.9100668/0","kind":"building","height_m":7.16,"status":null},"geometry":{"type":"Polygon","coordinates":[[[3.9409351,50.95638973],[3.94104375,50.95630445],[3.94103231,50.9562983],[3.94097541,50.95626773],[3.94093222,50.95624452],[3.94092725,50.95624185],[3.94086565,50.95629002],[3.94088439,50.95629963],[3.94078159,50.95637884],[3.9408908,50.95643538],[3.9409442,50.95639423],[3.9409351,50.95638973]]]}},{"type":"Feature","id":"gebouw/Gebouw.9100719/0","properties":{"source":"Digitaal Vlaanderen Gebouwenregister","source_id":"gebouw/Gebouw.9100719/0","kind":"building","height_m":8.6,"status":null},"geometry":{"type":"Polygon","coordinates":[[[3.93450542,50.95484373],[3.93455715,50.95485969],[3.93452953,50.95489121],[3.93447957,50.95487565],[3.93450542,50.95484373]]]}},{"type":"Feature","id":"gebouw/Gebouw.9100720/0","properties":{"source":"Digitaal Vlaanderen Gebouwenregister","source_id":"gebouw/Gebouw.9100720/0","kind":"building","height_m":9.32,"status":null},"geometry":{"type":"Polygon","coordinates":[[[3.94073547,50.95880159],[3.94070448,50.95877594],[3.94073185,50.95876296],[3.94080399,50.9588213],[3.94077749,50.95883523],[3.94073547,50.95880159]]]}},{"type":"Feature","id":"gebouw/Gebouw.9100752/0","properties":{"source":"Digitaal Vlaanderen Gebouwenregister","source_id":"gebouw/Gebouw.9100752/0","kind":"building","height_m":7.16,"status":null},"geometry":{"type":"Polygon","coordinates":[[[3.93799313,50.95484879],[3.93788443,50.95479648],[3.93781619,50.95485768],[3.93791668,50.95490747],[3.93799313,50.95484879]]]}},{"type":"Feature","id":"gebouw/Gebouw.9100753/0","properties":{"source":"Digitaal Vlaanderen Gebouwenregister","source_id":"gebouw/Gebouw.9100753/0","kind":"building","height_m":7.88,"status":null},"geometry":{"type":"Polygon","coordinates":[[[3.93910057,50.95526159],[3.9391412,50.95523097],[3.939183,50.95525187],[3.93914356,50.95528213],[3.93910057,50.95526159]]]}},{"type":"Feature","id":"gebouw/Gebouw.9100872/0","properties":{"source":"Digitaal Vlaanderen Gebouwenregister","source_id":"gebouw/Gebouw.9100872/0","kind":"building","height_m":7.88,"status":null},"geometry":{"type":"Polygon","coordinates":[[[3.93154098,50.95464499],[3.93159775,50.95457991],[3.93163536,50.95459196],[3.93157543,50.95465695],[3.93154098,50.95464499]]]}},{"type":"Feature","id":"gebouw/Gebouw.9101116/0","properties":{"source":"Digitaal Vlaanderen Gebouwenregister","source_id":"gebouw/Gebouw.9101116/0","kind":"building","height_m":7.16,"status":null},"geometry":{"type":"Polygon","coordinates":[[[3.93920662,50.95673584],[3.93923284,50.95675188],[3.9391893,50.95678059],[3.93916218,50.95676473],[3.93920662,50.95673584]]]}},{"type":"Feature","id":"gebouw/Gebouw.9101117/0","properties":{"source":"Digitaal Vlaanderen Gebouwenregister","source_id":"gebouw/Gebouw.9101117/0","kind":"building","height_m":7.88,"status":null},"geometry":{"type":"Polygon","coordinates":[[[3.93643724,50.95797576],[3.93646814,50.95792552],[3.93653638,50.95794227],[3.93650644,50.95799249],[3.93643724,50.95797576]]]}},{"type":"Feature","id":"gebouw/Gebouw.9101127/0","properties":{"source":"Digitaal Vlaanderen Gebouwenregister","source_id":"gebouw/Gebouw.9101127/0","kind":"building","height_m":5.0,"status":null},"geometry":{"type":"Polygon","coordinates":[[[3.93155532,50.95542455],[3.93152542,50.95541259],[3.93159197,50.95534781],[3.93161981,50.95535918],[3.93162596,50.95535293],[3.93163601,50.9553427],[3.93166239,50.9553535],[3.93165557,50.95536007],[3.93163553,50.95537941],[3.93163962,50.95538133],[3.93162896,50.95539113],[3.93160233,50.95537902],[3.93155532,50.95542455]]]}},{"type":"Feature","id":"gebouw/Gebouw.9101128/0","properties":{"source":"Digitaal Vlaanderen Gebouwenregister","source_id":"gebouw/Gebouw.9101128/0","kind":"building","height_m":5.72,"status":null},"geometry":{"type":"Polygon","coordinates":[[[3.93789877,50.9550522],[3.93781332,50.95511189],[3.93776769,50.95508554],[3.93768228,50.95503624],[3.93776748,50.95497735],[3.93785252,50.95502691],[3.93789877,50.9550522]]]}},{"type":"Feature","id":"gebouw/Gebouw.9125028/0","properties":{"source":"Digitaal Vlaanderen Gebouwenregister","source_id":"gebouw/Gebouw.9125028/0","kind":"building","height_m":7.16,"status":null},"geometry":{"type":"Polygon","coordinates":[[[3.93277714,50.95433691],[3.93276653,50.9543335],[3.93275658,50.9543303],[3.93275504,50.95433197],[3.93269213,50.95431188],[3.93269584,50.95430805],[3.93267382,50.95430049],[3.93269219,50.95428085],[3.93271273,50.95428821],[3.93271546,50.95428618],[3.93277621,50.95430805],[3.93277345,50.95431083],[3.93278517,50.9543146],[3.93279402,50.95431744],[3.93277714,50.95433691]]]}},{"type":"Feature","id":"gebouw/Gebouw.9125029/0","properties":{"source":"Digitaal Vlaanderen Gebouwenregister","source_id":"gebouw/Gebouw.9125029/0","kind":"building","height_m":7.88,"status":null},"geometry":{"type":"Polygon","coordinates":[[[3.93609971,50.95501537],[3.93615719,50.95503739],[3.93610448,50.95508529],[3.93604707,50.95506102],[3.93609971,50.95501537]]]}},{"type":"Feature","id":"gebouw/Gebouw.9125341/0","properties":{"source":"Digitaal Vlaanderen Gebouwenregister","source_id":"gebouw/Gebouw.9125341/0","kind":"building","height_m":5.72,"status":null},"geometry":{"type":"Polygon","coordinates":[[[3.94176167,50.95672615],[3.94179487,50.956739],[3.94177936,50.95675499],[3.94179222,50.95675997],[3.94167465,50.9568812],[3.9416282,50.95686033],[3.94162706,50.95685982],[3.94170242,50.95678498],[3.94173589,50.95675175],[3.94174573,50.95674198],[3.94176167,50.95672615]]]}},{"type":"Feature","id":"gebouw/Gebouw.9125343/0","properties":{"source":"Digitaal Vlaanderen Gebouwenregister","source_id":"gebouw/Gebouw.9125343/0","kind":"building","height_m":7.16,"status":null},"geometry":{"type":"Polygon","coordinates":[[[3.93972305,50.95578311],[3.93975786,50.95575293],[3.93970224,50.95572681],[3.93969156,50.95572179],[3.93962947,50.95577453],[3.93962354,50.95577187],[3.93957255,50.95581539],[3.93958165,50.95581964],[3.9395447,50.95585157],[3.93960894,50.95588154],[3.93960931,50.95588171],[3.93972305,50.95578311]]]}},{"type":"Feature","id":"gebouw/Gebouw.9125353/0","properties":{"source":"Digitaal Vlaanderen Gebouwenregister","source_id":"gebouw/Gebouw.9125353/0","kind":"building","height_m":9.32,"status":null},"geometry":{"type":"Polygon","coordinates":[[[3.94188689,50.95800318],[3.94127103,50.95836269],[3.94121872,50.95839322],[3.941225,50.95839683],[3.94076344,50.95864773],[3.94067463,50.95858271],[3.9406356,50.95855413],[3.94057265,50.95850804],[3.94092263,50.9583175],[3.94089226,50.9582951],[3.9412063,50.95811245],[3.94138827,50.95800661],[3.94165736,50.95785011],[3.94188689,50.95800318]]]}},{"type":"Feature","id":"gebouw/Gebouw.9125357/0","properties":{"source":"Digitaal Vlaanderen Gebouwenregister","source_id":"gebouw/Gebouw.9125357/0","kind":"building","height_m":7.16,"status":null},"geometry":{"type":"Polygon","coordinates":[[[3.93564984,50.95440937],[3.93562953,50.95442562],[3.93560129,50.95448671],[3.93558723,50.95448405],[3.93557121,50.95448103],[3.93550389,50.95446832],[3.93554056,50.95438913],[3.93556494,50.95439324],[3.93558342,50.95437978],[3.93559422,50.95438571],[3.93565096,50.95434198],[3.93574425,50.95427489],[3.93578773,50.95429908],[3.93592224,50.9542018],[3.93592545,50.9542059],[3.93595095,50.95423844],[3.93595247,50.95424038],[3.93580403,50.95435526],[3.93575685,50.95433085],[3.9357062,50.95436941],[3.93564984,50.95440937]]]}},{"type":"Feature","id":"gebouw/Gebouw.9125376/0","properties":{"source":"Digitaal Vlaanderen Gebouwenregister","source_id":"gebouw/Gebouw.9125376/0","kind":"building","height_m":5.72,"status":null},"geometry":{"type":"Polygon","coordinates":[[[3.93147362,50.95511641],[3.93129453,50.9552461],[3.93119782,50.9551774],[3.93124903,50.95514862],[3.93128424,50.95517282],[3.9314079,50.95508211],[3.93142042,50.95508994],[3.93142436,50.95508743],[3.93147362,50.95511641]]]}},{"type":"Feature","id":"gebouw/Gebouw.9127568/0","properties":{"source":"Digitaal Vlaanderen Gebouwenregister","source_id":"gebouw/Gebouw.9127568/0","kind":"building","height_m":6.44,"status":null},"geometry":{"type":"Polygon","coordinates":[[[3.9313363,50.95704707],[3.93138633,50.95708062],[3.93133745,50.95710889],[3.93128802,50.95707535],[3.9313363,50.95704707]]]}},{"type":"Feature","id":"gebouw/Gebouw.9127569/0","properties":{"source":"Digitaal Vlaanderen Gebouwenregister","source_id":"gebouw/Gebouw.9127569/0","kind":"building","height_m":7.16,"status":null},"geometry":{"type":"Polygon","coordinates":[[[3.93201277,50.95425866],[3.9319845,50.95428957],[3.93209078,50.95432835],[3.93210889,50.95430855],[3.93208259,50.95429895],[3.93209275,50.95428784],[3.93201277,50.95425866]]]}},{"type":"Feature","id":"gebouw/Gebouw.9127570/0","properties":{"source":"Digitaal Vlaanderen Gebouwenregister","source_id":"gebouw/Gebouw.9127570/0","kind":"building","height_m":7.88,"status":null},"geometry":{"type":"Polygon","coordinates":[[[3.93642621,50.95500532],[3.93646893,50.95502492],[3.93636926,50.95509834],[3.9363293,50.9550767],[3.93642621,50.95500532]]]}},{"type":"Feature","id":"gebouw/Gebouw.9127571/0","properties":{"source":"Digitaal Vlaanderen Gebouwenregister","source_id":"gebouw/Gebouw.9127571/0","kind":"building","height_m":8.6,"status":null},"geometry":{"type":"Polygon","coordinates":[[[3.93519567,50.95869946],[3.93520707,50.95866456],[3.93528784,50.95867131],[3.93527727,50.95870726],[3.93519567,50.95869946]]]}},{"type":"Feature","id":"gebouw/Gebouw.9127618/0","properties":{"source":"Digitaal Vlaanderen Gebouwenregister","source_id":"gebouw/Gebouw.9127618/0","kind":"building","height_m":7.16,"status":null},"geometry":{"type":"Polygon","coordinates":[[[3.93610294,50.95410731],[3.93614235,50.95412856],[3.9361148,50.95414791],[3.93607689,50.95412574],[3.93610294,50.95410731]]]}},{"type":"Feature","id":"gebouw/Gebouw.9131840/0","properties":{"source":"Digitaal Vlaanderen Gebouwenregister","source_id":"gebouw/Gebouw.9131840/0","kind":"building","height_m":7.88,"status":null},"geometry":{"type":"Polygon","coordinates":[[[3.93969979,50.95617702],[3.93952799,50.95628976],[3.93949716,50.95627132],[3.93955188,50.95623544],[3.93949511,50.95619937],[3.93952265,50.9561804],[3.93952057,50.95617922],[3.93960949,50.95612152],[3.93969979,50.95617702]]]}},{"type":"Feature","id":"gebouw/Gebouw.9131841/0","properties":{"source":"Digitaal Vlaanderen Gebouwenregister","source_id":"gebouw/Gebouw.9131841/0","kind":"building","height_m":8.6,"status":null},"geometry":{"type":"Polygon","coordinates":[[[3.93984548,50.9564073],[3.93981819,50.95642865],[3.9398144,50.95642674],[3.93973733,50.95638799],[3.93985319,50.95630198],[3.93992739,50.95634185],[3.9399284,50.9563424],[3.93984548,50.9564073]]]}},{"type":"Feature","id":"gebouw/Gebouw.9132104/0","properties":{"source":"Digitaal Vlaanderen Gebouwenregister","source_id":"gebouw/Gebouw.9132104/0","kind":"building","height_m":6.44,"status":null},"geometry":{"type":"Polygon","coordinates":[[[3.93360738,50.95404421],[3.93371397,50.95409328],[3.9335824,50.9542073],[3.93360035,50.95421579],[3.93353679,50.95426993],[3.93352869,50.95426692],[3.93344656,50.95423638],[3.93346742,50.95421836],[3.93351077,50.95423685],[3.93355668,50.95419824],[3.93347253,50.95416106],[3.93360738,50.95404421]]]}},{"type":"Feature","id":"gebouw/Gebouw.9132206/0","properties":{"source":"Digitaal Vlaanderen Gebouwenregister","source_id":"gebouw/Gebouw.9132206/0","kind":"building","height_m":9.32,"status":null},"geometry":{"type":"Polygon","coordinates":[[[3.93126765,50.95590453],[3.93122571,50.95589337],[3.93122521,50.95589323],[3.93096673,50.95582443],[3.93096078,50.95582281],[3.93099414,50.95577057],[3.93113833,50.95580964],[3.93119162,50.95582281],[3.93117396,50.95584864],[3.93124073,50.9558675],[3.93124182,50.95586781],[3.93124328,50.95586822],[3.93125535,50.95587163],[3.93126132,50.95586319],[3.93128941,50.95587113],[3.93126765,50.95590453]]]}},{"type":"Feature","id":"gebouw/Gebouw.9132210/0","properties":{"source":"Digitaal Vlaanderen Gebouwenregister","source_id":"gebouw/Gebouw.9132210/0","kind":"building","height_m":7.16,"status":null},"geometry":{"type":"Polygon","coordinates":[[[3.93103521,50.95439158],[3.93106273,50.95436103],[3.93111371,50.95437854],[3.93115537,50.95433388],[3.9313093,50.95438944],[3.93124059,50.9544654],[3.93103521,50.95439158]]]}},{"type":"Feature","id":"gebouw/Gebouw.9134409/0","properties":{"source":"Digitaal Vlaanderen Gebouwenregister","source_id":"gebouw/Gebouw.9134409/0","kind":"building","height_m":7.88,"status":null},"geometry":{"type":"Polygon","coordinates":[[[3.93903114,50.95584888],[3.93895708,50.95591384],[3.93891999,50.95589686],[3.93885233,50.95586588],[3.93892868,50.95580087],[3.93903114,50.95584888]]]}},{"type":"Feature","id":"gebouw/Gebouw.9134411/0","properties":{"source":"Digitaal Vlaanderen Gebouwenregister","source_id":"gebouw/Gebouw.9134411/0","kind":"building","height_m":9.32,"status":null},"geometry":{"type":"Polygon","coordinates":[[[3.93831004,50.95553615],[3.93838146,50.9555841],[3.93822662,50.95567609],[3.93819024,50.95565073],[3.93817939,50.95565697],[3.93814608,50.95563476],[3.93831004,50.95553615]]]}},{"type":"Feature","id":"gebouw/Gebouw.9134414/0","properties":{"source":"Digitaal Vlaanderen Gebouwenregister","source_id":"gebouw/Gebouw.9134414/0","kind":"building","height_m":6.44,"status":null},"geometry":{"type":"Polygon","coordinates":[[[3.94002728,50.9565783],[3.94001371,50.95658806],[3.93996991,50.95656509],[3.93999599,50.95654554],[3.93998695,50.95654],[3.940017,50.95651656],[3.93998899,50.95650033],[3.94008675,50.95642653],[3.94016792,50.95647087],[3.94016891,50.95647139],[3.94012325,50.95650586],[3.94002728,50.9565783]]]}},{"type":"Feature","id":"gebouw/Gebouw.9134415/0","properties":{"source":"Digitaal Vlaanderen Gebouwenregister","source_id":"gebouw/Gebouw.9134415/0","kind":"building","height_m":7.16,"status":null},"geometry":{"type":"Polygon","coordinates":[[[3.94163344,50.95726135],[3.94151345,50.9573505],[3.94143305,50.95730751],[3.94145357,50.95729225],[3.94140377,50.95726563],[3.94149782,50.9571958],[3.94154748,50.95722236],[3.94155279,50.9572184],[3.94163344,50.95726135]]]}},{"type":"Feature","id":"gebouw/Gebouw.9134419/0","properties":{"source":"Digitaal Vlaanderen Gebouwenregister","source_id":"gebouw/Gebouw.9134419/0","kind":"building","height_m":5.0,"status":null},"geometry":{"type":"Polygon","coordinates":[[[3.94167163,50.95754613],[3.94170353,50.95756598],[3.94165599,50.95759751],[3.94162593,50.95757821],[3.94167163,50.95754613]]]}},{"type":"Feature","id":"gebouw/Gebouw.9134422/0","properties":{"source":"Digitaal Vlaanderen Gebouwenregister","source_id":"gebouw/Gebouw.9134422/0","kind":"building","height_m":7.16,"status":null},"geometry":{"type":"Polygon","coordinates":[[[3.93671304,50.95456859],[3.93672428,50.95457604],[3.93672143,50.95457755],[3.93674921,50.95459117],[3.93683583,50.95452925],[3.93692265,50.95457461],[3.9367922,50.95467463],[3.93670976,50.95463173],[3.93670057,50.95463837],[3.93665294,50.95461363],[3.93671304,50.95456859]]]}},{"type":"Feature","id":"gebouw/Gebouw.9134423/0","properties":{"source":"Digitaal Vlaanderen Gebouwenregister","source_id":"gebouw/Gebouw.9134423/0","kind":"building","height_m":7.88,"status":null},"geometry":{"type":"Polygon","coordinates":[[[3.93148331,50.95462475],[3.9315029,50.95465934],[3.93149673,50.95466634],[3.93146793,50.95469902],[3.9314295,50.95470475],[3.93142183,50.95471346],[3.93132994,50.95468186],[3.93137625,50.95462976],[3.93131376,50.95461079],[3.93134397,50.95457584],[3.93148331,50.95462475]]]}},{"type":"Feature","id":"gebouw/Gebouw.9134724/0","properties":{"source":"Digitaal Vlaanderen Gebouwenregister","source_id":"gebouw/Gebouw.9134724/0","kind":"building","height_m":7.88,"status":null},"geometry":{"type":"Polygon","coordinates":[[[3.93112669,50.95408804],[3.93110012,50.95412683],[3.93109261,50.95413778],[3.93106431,50.9541791],[3.93105559,50.95419183],[3.93099385,50.95417955],[3.93100887,50.95415142],[3.9310286,50.95410972],[3.9310465,50.95407188],[3.93112669,50.95408804]]]}},{"type":"Feature","id":"gebouw/Gebouw.9134725/0","properties":{"source":"Digitaal Vlaanderen Gebouwenregister","source_id":"gebouw/Gebouw.9134725/0","kind":"building","height_m":8.6,"status":null},"geometry":{"type":"Polygon","coordinates":[[[3.9357269,50.95473608],[3.93568082,50.95471641],[3.93559327,50.95478956],[3.93557041,50.9547803],[3.93554333,50.95480378],[3.93548033,50.95477813],[3.9354846,50.95477406],[3.93553002,50.95473169],[3.93555716,50.95470635],[3.93558711,50.95467598],[3.93554489,50.95465823],[3.93549458,50.95463708],[3.9355539,50.95458153],[3.93578635,50.95468044],[3.9357269,50.95473608]]]}},{"type":"Feature","id":"gebouw/Gebouw.9134731/0","properties":{"source":"Digitaal Vlaanderen Gebouwenregister","source_id":"gebouw/Gebouw.9134731/0","kind":"building","height_m":7.88,"status":null},"geometry":{"type":"Polygon","coordinates":[[[3.93289487,50.95436713],[3.93299332,50.95426639],[3.93307308,50.95429691],[3.93297707,50.95439581],[3.93289487,50.95436713]]]}},{"type":"Feature","id":"gebouw/Gebouw.9155300/0","properties":{"source":"Digitaal Vlaanderen Gebouwenregister","source_id":"gebouw/Gebouw.9155300/0","kind":"building","height_m":5.0,"status":null},"geometry":{"type":"Polygon","coordinates":[[[3.9407103,50.9567581],[3.9405488,50.95688038],[3.94050186,50.95691593],[3.94053437,50.95693788],[3.94065506,50.9568469],[3.9406821,50.95686192],[3.94077385,50.95679082],[3.9407103,50.9567581]]]}},{"type":"Feature","id":"gebouw/Gebouw.9155301/0","properties":{"source":"Digitaal Vlaanderen Gebouwenregister","source_id":"gebouw/Gebouw.9155301/0","kind":"building","height_m":5.72,"status":null},"geometry":{"type":"Polygon","coordinates":[[[3.94092625,50.95687245],[3.94099182,50.95690649],[3.94090036,50.95697678],[3.94087116,50.95696217],[3.94080687,50.95701087],[3.94077155,50.95699273],[3.94092625,50.95687245]]]}},{"type":"Feature","id":"gebouw/Gebouw.9155308/0","properties":{"source":"Digitaal Vlaanderen Gebouwenregister","source_id":"gebouw/Gebouw.9155308/0","kind":"building","height_m":5.72,"status":null},"geometry":{"type":"Polygon","coordinates":[[[3.9417388,50.957499],[3.94172675,50.95749189],[3.94166539,50.95753145],[3.94150667,50.95742875],[3.94155682,50.95739338],[3.94175451,50.95725394],[3.941764,50.95724724],[3.94182305,50.95727937],[3.94168364,50.95738159],[3.9416802,50.95737934],[3.94161971,50.95741984],[3.94166895,50.95744982],[3.941692,50.95743248],[3.94181443,50.95734741],[3.94189129,50.9573905],[3.94185728,50.95741583],[3.9417388,50.957499]]]}},{"type":"Feature","id":"gebouw/Gebouw.9155311/0","properties":{"source":"Digitaal Vlaanderen Gebouwenregister","source_id":"gebouw/Gebouw.9155311/0","kind":"building","height_m":7.88,"status":null},"geometry":{"type":"Polygon","coordinates":[[[3.93126205,50.9564653],[3.93125299,50.95648023],[3.9312453,50.95647836],[3.93117967,50.95646233],[3.93117717,50.9564668],[3.93108157,50.95644287],[3.93108588,50.95643531],[3.9310254,50.95641948],[3.93097656,50.95640669],[3.93101566,50.956349],[3.93102413,50.95633649],[3.93102814,50.95633056],[3.93103608,50.95633186],[3.93103689,50.95632561],[3.93104128,50.95632655],[3.93112176,50.95634384],[3.93111926,50.9563483],[3.93115106,50.95635617],[3.93115505,50.95635153],[3.93123456,50.95637082],[3.93123041,50.9563807],[3.93130286,50.95639803],[3.93126205,50.9564653]]]}},{"type":"Feature","id":"gebouw/Gebouw.9155312/0","properties":{"source":"Digitaal Vlaanderen Gebouwenregister","source_id":"gebouw/Gebouw.9155312/0","kind":"building","height_m":8.6,"status":null},"geometry":{"type":"Polygon","coordinates":[[[3.93115923,50.95600693],[3.93114023,50.95600299],[3.93109351,50.95599329],[3.93115748,50.95588479],[3.93121751,50.95589866],[3.93122493,50.95590038],[3.93121089,50.95592268],[3.93119414,50.95594928],[3.93123479,50.95595874],[3.93120551,50.95600635],[3.93116512,50.9559982],[3.93115923,50.95600693]]]}},{"type":"Feature","id":"gebouw/Gebouw.9155314/0","properties":{"source":"Digitaal Vlaanderen Gebouwenregister","source_id":"gebouw/Gebouw.9155314/0","kind":"building","height_m":5.0,"status":null},"geometry":{"type":"Polygon","coordinates":[[[3.94089195,50.95704015],[3.94082275,50.95709277],[3.94077817,50.95706954],[3.94084677,50.95701564],[3.94089195,50.95704015]]]}},{"type":"Feature","id":"gebouw/Gebouw.9155316/0","properties":{"source":"Digitaal Vlaanderen Gebouwenregister","source_id":"gebouw/Gebouw.9155316/0","kind":"building","height_m":6.44,"status":null},"geometry":{"type":"Polygon","coordinates":[[[3.93978767,50.95558897],[3.93969188,50.95567175],[3.93973359,50.95569283],[3.93983212,50.95560894],[3.93978767,50.95558897]]]}},{"type":"Feature","id":"gebouw/Gebouw.9155318/0","properties":{"source":"Digitaal Vlaanderen Gebouwenregister","source_id":"gebouw/Gebouw.9155318/0","kind":"building","height_m":7.88,"status":null},"geometry":{"type":"Polygon","coordinates":[[[3.93664833,50.95529339],[3.93660171,50.95526455],[3.93669625,50.95520359],[3.93671417,50.95521468],[3.93681627,50.95514884],[3.9367771,50.9551246],[3.93687219,50.95505716],[3.93683865,50.95503785],[3.93683594,50.9550395],[3.93681567,50.95502761],[3.9368652,50.95499279],[3.93688739,50.95500538],[3.93692298,50.95498047],[3.9369923,50.95501608],[3.93696894,50.95503421],[3.93700059,50.95505047],[3.93700096,50.95505066],[3.93697703,50.95506749],[3.93700749,50.95508514],[3.93693678,50.95513358],[3.93691103,50.95515122],[3.93682895,50.95520743],[3.93680434,50.95519221],[3.9368004,50.95518977],[3.93680022,50.95518989],[3.93664833,50.95529339]]]}},{"type":"Feature","id":"gebouw/Gebouw.9155320/0","properties":{"source":"Digitaal Vlaanderen Gebouwenregister","source_id":"gebouw/Gebouw.9155320/0","kind":"building","height_m":9.32,"status":null},"geometry":{"type":"Polygon","coordinates":[[[3.93713007,50.95513403],[3.93701721,50.95520651],[3.93692442,50.95514887],[3.93694229,50.95513679],[3.93701091,50.95509042],[3.93701472,50.95509267],[3.93706229,50.95506052],[3.93707373,50.95506727],[3.93711503,50.95503936],[3.9371745,50.95507447],[3.93710659,50.95512037],[3.93713007,50.95513403]]]}},{"type":"Feature","id":"gebouw/Gebouw.9155321/0","properties":{"source":"Digitaal Vlaanderen Gebouwenregister","source_id":"gebouw/Gebouw.9155321/0","kind":"building","height_m":5.0,"status":null},"geometry":{"type":"Polygon","coordinates":[[[3.93352869,50.95426692],[3.93351089,50.95428349],[3.93354537,50.95429798],[3.93355307,50.95430121],[3.93351361,50.95434215],[3.93349976,50.95433627],[3.93335368,50.95427435],[3.93339513,50.95423485],[3.9334084,50.95422219],[3.93344656,50.95423638],[3.93352869,50.95426692]]]}},{"type":"Feature","id":"gebouw/Gebouw.9155324/0","properties":{"source":"Digitaal Vlaanderen Gebouwenregister","source_id":"gebouw/Gebouw.9155324/0","kind":"building","height_m":7.16,"status":null},"geometry":{"type":"Polygon","coordinates":[[[3.93141695,50.95423614],[3.93137618,50.95428395],[3.93111935,50.95419761],[3.93106431,50.9541791],[3.93109145,50.95413948],[3.93109261,50.95413778],[3.93110012,50.95412683],[3.93110954,50.95411308],[3.93116535,50.95413092],[3.93114528,50.95415597],[3.93118035,50.95416718],[3.93118259,50.95416438],[3.93129244,50.9541995],[3.9313086,50.95418452],[3.93137731,50.9542078],[3.9313681,50.95421952],[3.93141695,50.95423614]]]}},{"type":"Feature","id":"gebouw/Gebouw.9155383/0","properties":{"source":"Digitaal Vlaanderen Gebouwenregister","source_id":"gebouw/Gebouw.9155383/0","kind":"building","height_m":9.32,"status":null},"geometry":{"type":"Polygon","coordinates":[[[3.93185497,50.95422932],[3.9318625,50.9542211],[3.93188503,50.95419648],[3.93189152,50.95418939],[3.93191663,50.95416195],[3.93188192,50.95414927],[3.93187811,50.95414791],[3.93169813,50.95408323],[3.93166039,50.95412564],[3.93168656,50.95413519],[3.93164926,50.95417801],[3.93174266,50.95421047],[3.93175066,50.95419959],[3.93184924,50.95423558],[3.93185497,50.95422932]]]}},{"type":"Feature","id":"gebouw/Gebouw.9171990/0","properties":{"source":"Digitaal Vlaanderen Gebouwenregister","source_id":"gebouw/Gebouw.9171990/0","kind":"building","height_m":6.44,"status":null},"geometry":{"type":"Polygon","coordinates":[[[3.93116159,50.95463243],[3.93104387,50.95474728],[3.93093855,50.95472863],[3.93101522,50.95465254],[3.93101063,50.95465091],[3.93105199,50.9546063],[3.93106418,50.95459315],[3.93106758,50.95459452],[3.93116159,50.95463243]]]}},{"type":"Feature","id":"gebouw/Gebouw.9172002/0","properties":{"source":"Digitaal Vlaanderen Gebouwenregister","source_id":"gebouw/Gebouw.9172002/0","kind":"building","height_m":5.0,"status":null},"geometry":{"type":"Polygon","coordinates":[[[3.93767603,50.95473983],[3.93778569,50.95465064],[3.93782811,50.95467043],[3.93771901,50.95476075],[3.93767603,50.95473983]]]}},{"type":"Feature","id":"gebouw/Gebouw.9172024/0","properties":{"source":"Digitaal Vlaanderen Gebouwenregister","source_id":"gebouw/Gebouw.9172024/0","kind":"building","height_m":5.72,"status":null},"geometry":{"type":"Polygon","coordinates":[[[3.94170242,50.95678498],[3.94162706,50.95685982],[3.94156629,50.95682759],[3.94155568,50.95682186],[3.94156496,50.95681501],[3.94156574,50.9568154],[3.94157744,50.95680669],[3.94151884,50.95677513],[3.94152362,50.95677156],[3.94150351,50.95676113],[3.94148238,50.95674993],[3.94144887,50.95676442],[3.94143833,50.95676895],[3.94143271,50.95676364],[3.94143012,50.95676111],[3.94142819,50.95675849],[3.94142737,50.95675553],[3.94142756,50.95675328],[3.94142881,50.95675134],[3.94143125,50.95674879],[3.94143391,50.95674723],[3.94143687,50.95674591],[3.94145259,50.95673966],[3.94141105,50.956717],[3.94148382,50.9566638],[3.94154653,50.95669802],[3.9415913,50.95667813],[3.94164005,50.95672496],[3.9416096,50.95673172],[3.9416549,50.95675491],[3.94165065,50.95675823],[3.94166734,50.95676686],[3.94170242,50.95678498]]]}},{"type":"Feature","id":"gebouw/Gebouw.9172091/0","properties":{"source":"Digitaal Vlaanderen Gebouwenregister","source_id":"gebouw/Gebouw.9172091/0","kind":"building","height_m":8.6,"status":null},"geometry":{"type":"Polygon","coordinates":[[[3.9383065,50.95619902],[3.93834619,50.95622121],[3.93831688,50.95623979],[3.93827989,50.9562167],[3.9383065,50.95619902]]]}},{"type":"Feature","id":"gebouw/Gebouw.9172549/0","properties":{"source":"Digitaal Vlaanderen Gebouwenregister","source_id":"gebouw/Gebouw.9172549/0","kind":"building","height_m":5.72,"status":null},"geometry":{"type":"Polygon","coordinates":[[[3.93113917,50.95606402],[3.93118985,50.9560751],[3.93116308,50.95611824],[3.93111331,50.95610654],[3.93113917,50.95606402]]]}},{"type":"Feature","id":"gebouw/Gebouw.9172550/0","properties":{"source":"Digitaal Vlaanderen Gebouwenregister","source_id":"gebouw/Gebouw.9172550/0","kind":"building","height_m":6.44,"status":null},"geometry":{"type":"Polygon","coordinates":[[[3.93204303,50.9546539],[3.93195774,50.95474259],[3.93182241,50.95469549],[3.93197632,50.95452347],[3.93199691,50.95452933],[3.9320242,50.95449874],[3.93212461,50.95453326],[3.93209639,50.95456514],[3.93211894,50.95457496],[3.93204303,50.9546539]]]}},{"type":"Feature","id":"gebouw/Gebouw.9172552/0","properties":{"source":"Digitaal Vlaanderen Gebouwenregister","source_id":"gebouw/Gebouw.9172552/0","kind":"building","height_m":7.88,"status":null},"geometry":{"type":"Polygon","coordinates":[[[3.93583252,50.95485285],[3.9359386,50.95489642],[3.93588983,50.95494156],[3.93578582,50.9548982],[3.93583252,50.95485285]]]}},{"type":"Feature","id":"gebouw/Gebouw.9172553/0","properties":{"source":"Digitaal Vlaanderen Gebouwenregister","source_id":"gebouw/Gebouw.9172553/0","kind":"building","height_m":8.6,"status":null},"geometry":{"type":"Polygon","coordinates":[[[3.93700757,50.95794458],[3.93698884,50.95792582],[3.93708839,50.95788839],[3.93710597,50.95790602],[3.93700757,50.95794458]]]}},{"type":"Feature","id":"gebouw/Gebouw.9172554/0","properties":{"source":"Digitaal Vlaanderen Gebouwenregister","source_id":"gebouw/Gebouw.9172554/0","kind":"building","height_m":9.32,"status":null},"geometry":{"type":"Polygon","coordinates":[[[3.9407056,50.95690368],[3.94073513,50.95691844],[3.94068689,50.95695553],[3.94065738,50.95694039],[3.9407056,50.95690368]]]}},{"type":"Feature","id":"gebouw/Gebouw.9172837/0","properties":{"source":"Digitaal Vlaanderen Gebouwenregister","source_id":"gebouw/Gebouw.9172837/0","kind":"building","height_m":6.44,"status":null},"geometry":{"type":"Polygon","coordinates":[[[3.94114375,50.95698913],[3.9409323,50.95714723],[3.94087437,50.95711655],[3.94092526,50.95708005],[3.94091913,50.9570768],[3.94098883,50.95702554],[3.94098583,50.95702373],[3.94107916,50.95695443],[3.94114237,50.95698838],[3.94114375,50.95698913]]]}},{"type":"Feature","id":"gebouw/Gebouw.9172851/0","properties":{"source":"Digitaal Vlaanderen Gebouwenregister","source_id":"gebouw/Gebouw.9172851/0","kind":"building","height_m":6.44,"status":null},"geometry":{"type":"Polygon","coordinates":[[[3.93616452,50.95405989],[3.93621331,50.954085],[3.93615145,50.95413185],[3.93610298,50.95410581],[3.93616452,50.95405989]]]}},{"type":"Feature","id":"gebouw/Gebouw.9172852/0","properties":{"source":"Digitaal Vlaanderen Gebouwenregister","source_id":"gebouw/Gebouw.9172852/0","kind":"building","height_m":7.16,"status":null},"geometry":{"type":"Polygon","coordinates":[[[3.94026131,50.95573868],[3.94023506,50.95572377],[3.94028176,50.95568835],[3.94030891,50.95570308],[3.94026131,50.95573868]]]}},{"type":"Feature","id":"gebouw/Gebouw.9192272/0","properties":{"source":"Digitaal Vlaanderen Gebouwenregister","source_id":"gebouw/Gebouw.9192272/0","kind":"building","height_m":8.6,"status":null},"geometry":{"type":"Polygon","coordinates":[[[3.93986465,50.95654453],[3.93990844,50.95656793],[3.93981656,50.9566371],[3.93977272,50.95661337],[3.93980433,50.9565897],[3.93986465,50.95654453]]]}},{"type":"Feature","id":"gebouw/Gebouw.9192326/0","properties":{"source":"Digitaal Vlaanderen Gebouwenregister","source_id":"gebouw/Gebouw.9192326/0","kind":"building","height_m":7.16,"status":null},"geometry":{"type":"Polygon","coordinates":[[[3.93124903,50.95514862],[3.93126535,50.95513944],[3.93130209,50.95510334],[3.93135125,50.95505226],[3.93132273,50.95503409],[3.93125259,50.95507505],[3.93123072,50.95505882],[3.93116309,50.95509516],[3.9311767,50.95510526],[3.93113206,50.9551301],[3.93119782,50.9551774],[3.93124903,50.95514862]]]}},{"type":"Feature","id":"gebouw/Gebouw.9192375/0","properties":{"source":"Digitaal Vlaanderen Gebouwenregister","source_id":"gebouw/Gebouw.9192375/0","kind":"building","height_m":7.16,"status":null},"geometry":{"type":"Polygon","coordinates":[[[3.94114609,50.95726563],[3.94111127,50.95729173],[3.94100775,50.95722816],[3.94109277,50.9571631],[3.94117105,50.95720447],[3.94123414,50.95715613],[3.94120321,50.95713885],[3.94129464,50.95707029],[3.94136002,50.95710526],[3.94114609,50.95726563]]]}},{"type":"Feature","id":"gebouw/Gebouw.9192377/0","properties":{"source":"Digitaal Vlaanderen Gebouwenregister","source_id":"gebouw/Gebouw.9192377/0","kind":"building","height_m":8.6,"status":null},"geometry":{"type":"Polygon","coordinates":[[[3.93790961,50.95512392],[3.93787521,50.95514803],[3.9378747,50.95514774],[3.93786633,50.95514281],[3.93785156,50.95514427],[3.93783408,50.95513393],[3.93783472,50.95512423],[3.93781463,50.95511263],[3.93781332,50.95511189],[3.93789877,50.9550522],[3.93790078,50.9550533],[3.93790084,50.95505333],[3.93792333,50.95506563],[3.93801599,50.95500003],[3.93802096,50.95500252],[3.93804215,50.95498806],[3.93807718,50.95500853],[3.93806085,50.95502075],[3.93790961,50.95512392]]]}},{"type":"Feature","id":"gebouw/Gebouw.9192471/0","properties":{"source":"Digitaal Vlaanderen Gebouwenregister","source_id":"gebouw/Gebouw.9192471/0","kind":"building","height_m":5.72,"status":null},"geometry":{"type":"Polygon","coordinates":[[[3.93931391,50.9554304],[3.93927307,50.95546527],[3.93920202,50.95543341],[3.93923914,50.95539901],[3.93931391,50.9554304]]]}},{"type":"Feature","id":"gebouw/Gebouw.9192549/0","properties":{"source":"Digitaal Vlaanderen Gebouwenregister","source_id":"gebouw/Gebouw.9192549/0","kind":"building","height_m":6.44,"status":null},"geometry":{"type":"Polygon","coordinates":[[[3.93188925,50.95438815],[3.93188139,50.95439591],[3.93185627,50.95442073],[3.93181401,50.95440562],[3.9318303,50.95438615],[3.93177801,50.95436905],[3.93178407,50.95436153],[3.93178848,50.95435606],[3.93188925,50.95438815]]]}},{"type":"Feature","id":"gebouw/Gebouw.9192735/0","properties":{"source":"Digitaal Vlaanderen Gebouwenregister","source_id":"gebouw/Gebouw.9192735/0","kind":"building","height_m":9.32,"status":null},"geometry":{"type":"Polygon","coordinates":[[[3.93484504,50.95740607],[3.93482893,50.95741265],[3.93480091,50.9574241],[3.93477472,50.95739701],[3.934792,50.95738955],[3.93481617,50.95737913],[3.93484504,50.95740607]]]}},{"type":"Feature","id":"gebouw/Gebouw.9192969/0","properties":{"source":"Digitaal Vlaanderen Gebouwenregister","source_id":"gebouw/Gebouw.9192969/0","kind":"building","height_m":6.44,"status":null},"geometry":{"type":"Polygon","coordinates":[[[3.93922553,50.95632233],[3.93918817,50.95630088],[3.93932852,50.95620661],[3.93932707,50.95620566],[3.93934492,50.95619419],[3.93940353,50.95615654],[3.93939186,50.95615003],[3.93942147,50.95613127],[3.93940162,50.95612055],[3.93941673,50.95611061],[3.93935241,50.95607349],[3.93942367,50.9560249],[3.93956366,50.95610713],[3.93938637,50.95621997],[3.93936968,50.95623059],[3.93943697,50.95627081],[3.93936959,50.95631367],[3.93933957,50.95629553],[3.93931659,50.95631062],[3.93927896,50.95628833],[3.93924624,50.95631298],[3.93924297,50.95631123],[3.93922553,50.95632233]]]}},{"type":"Feature","id":"gebouw/Gebouw.9193031/0","properties":{"source":"Digitaal Vlaanderen Gebouwenregister","source_id":"gebouw/Gebouw.9193031/0","kind":"building","height_m":5.72,"status":null},"geometry":{"type":"Polygon","coordinates":[[[3.93972305,50.95578311],[3.93960931,50.95588171],[3.93965448,50.95590243],[3.93965934,50.95589837],[3.93975198,50.95594065],[3.9398606,50.95584568],[3.93972305,50.95578311]]]}},{"type":"Feature","id":"gebouw/Gebouw.9462375/0","properties":{"source":"Digitaal Vlaanderen Gebouwenregister","source_id":"gebouw/Gebouw.9462375/0","kind":"building","height_m":9.32,"status":null},"geometry":{"type":"Polygon","coordinates":[[[3.93117522,50.95428263],[3.9311817,50.95427463],[3.93110948,50.95424981],[3.93112398,50.95423069],[3.93109874,50.95422177],[3.93111935,50.95419761],[3.93137618,50.95428395],[3.93133185,50.95433593],[3.93117522,50.95428263]]]}},{"type":"Feature","id":"gebouw/Gebouw.9462431/0","properties":{"source":"Digitaal Vlaanderen Gebouwenregister","source_id":"gebouw/Gebouw.9462431/0","kind":"building","height_m":9.32,"status":null},"geometry":{"type":"Polygon","coordinates":[[[3.93477772,50.95435074],[3.93476603,50.95436119],[3.93453112,50.9542985],[3.93435914,50.95423494],[3.93436736,50.95422606],[3.93443241,50.95415584],[3.93460708,50.95422116],[3.93458568,50.95424301],[3.9346366,50.95425615],[3.93463163,50.95426396],[3.9347161,50.95428574],[3.93475539,50.95425042],[3.93477322,50.95425906],[3.93480451,50.95423376],[3.93471787,50.95419492],[3.93480814,50.95411974],[3.93484925,50.95414125],[3.93489197,50.95416361],[3.93493536,50.95412984],[3.93507771,50.95419371],[3.93491008,50.95432475],[3.93484204,50.95429329],[3.93478416,50.95434499],[3.93477772,50.95435074]]]}},{"type":"Feature","id":"gebouw/Gebouw.9462797/0","properties":{"source":"Digitaal Vlaanderen Gebouwenregister","source_id":"gebouw/Gebouw.9462797/0","kind":"building","height_m":5.72,"status":null},"geometry":{"type":"Polygon","coordinates":[[[3.93831487,50.95500164],[3.93825527,50.95505227],[3.93820636,50.95503128],[3.93826655,50.95498066],[3.93831487,50.95500164]]]}},{"type":"Feature","id":"gebouw/Gebouw.9462813/0","properties":{"source":"Digitaal Vlaanderen Gebouwenregister","source_id":"gebouw/Gebouw.9462813/0","kind":"building","height_m":7.16,"status":null},"geometry":{"type":"Polygon","coordinates":[[[3.93713527,50.95429842],[3.93713357,50.95426524],[3.93720278,50.95426137],[3.93720504,50.95429567],[3.93713527,50.95429842]]]}},{"type":"Feature","id":"gebouw/Gebouw.9462814/0","properties":{"source":"Digitaal Vlaanderen Gebouwenregister","source_id":"gebouw/Gebouw.9462814/0","kind":"building","height_m":7.88,"status":null},"geometry":{"type":"Polygon","coordinates":[[[3.93811245,50.95452015],[3.9381455,50.95453571],[3.93810087,50.95457134],[3.93806959,50.9545558],[3.93811245,50.95452015]]]}},{"type":"Feature","id":"gebouw/Gebouw.9476058/0","properties":{"source":"Digitaal Vlaanderen Gebouwenregister","source_id":"gebouw/Gebouw.9476058/0","kind":"building","height_m":7.88,"status":null},"geometry":{"type":"Polygon","coordinates":[[[3.93327378,50.95412694],[3.93331395,50.95408369],[3.93335664,50.95409605],[3.93339253,50.95404662],[3.93339669,50.9540409],[3.93348691,50.95406703],[3.93340811,50.95416765],[3.93327378,50.95412694]]]}},{"type":"Feature","id":"gebouw/Gebouw.9487535/0","properties":{"source":"Digitaal Vlaanderen Gebouwenregister","source_id":"gebouw/Gebouw.9487535/0","kind":"building","height_m":5.72,"status":null},"geometry":{"type":"Polygon","coordinates":[[[3.93515457,50.95418878],[3.93519201,50.95420645],[3.93520536,50.95419611],[3.93527286,50.95422982],[3.93514794,50.95433039],[3.9351037,50.95430846],[3.93512344,50.95429249],[3.93511879,50.95427953],[3.93509675,50.95428201],[3.93508427,50.95424459],[3.93515457,50.95418878]]]}},{"type":"Feature","id":"gebouw/Gebouw.9494268/0","properties":{"source":"Digitaal Vlaanderen Gebouwenregister","source_id":"gebouw/Gebouw.9494268/0","kind":"building","height_m":5.0,"status":null},"geometry":{"type":"Polygon","coordinates":[[[3.93138527,50.95452745],[3.93143631,50.95454482],[3.93145954,50.95451985],[3.93154732,50.95455029],[3.93148331,50.95462475],[3.93134397,50.95457584],[3.93138527,50.95452745]]]}},{"type":"Feature","id":"gebouw/Gebouw.9494377/0","properties":{"source":"Digitaal Vlaanderen Gebouwenregister","source_id":"gebouw/Gebouw.9494377/0","kind":"building","height_m":7.88,"status":null},"geometry":{"type":"Polygon","coordinates":[[[3.9311801,50.95722599],[3.93124539,50.95726496],[3.93119432,50.95729714],[3.93113023,50.95725781],[3.9311801,50.95722599]]]}},{"type":"Feature","id":"gebouw/Gebouw.9494378/0","properties":{"source":"Digitaal Vlaanderen Gebouwenregister","source_id":"gebouw/Gebouw.9494378/0","kind":"building","height_m":8.6,"status":null},"geometry":{"type":"Polygon","coordinates":[[[3.9311649,50.95681411],[3.93111265,50.95679589],[3.93116407,50.95674142],[3.93122007,50.95676325],[3.93120908,50.95677398],[3.93120038,50.95677744],[3.9311649,50.95681411]]]}},{"type":"Feature","id":"gebouw/Gebouw.9494379/0","properties":{"source":"Digitaal Vlaanderen Gebouwenregister","source_id":"gebouw/Gebouw.9494379/0","kind":"building","height_m":9.32,"status":null},"geometry":{"type":"Polygon","coordinates":[[[3.9321994,50.95424792],[3.93213283,50.95422261],[3.932153,50.95420224],[3.9322193,50.95422662],[3.9321994,50.95424792]]]}},{"type":"Feature","id":"gebouw/Gebouw.9494407/0","properties":{"source":"Digitaal Vlaanderen Gebouwenregister","source_id":"gebouw/Gebouw.9494407/0","kind":"building","height_m":9.32,"status":null},"geometry":{"type":"Polygon","coordinates":[[[3.93922321,50.95520495],[3.93919751,50.95519154],[3.93923758,50.95515979],[3.93926444,50.95517434],[3.93922321,50.95520495]]]}},{"type":"Feature","id":"gebouw/Gebouw.9494575/0","properties":{"source":"Digitaal Vlaanderen Gebouwenregister","source_id":"gebouw/Gebouw.9494575/0","kind":"building","height_m":9.32,"status":null},"geometry":{"type":"Polygon","coordinates":[[[3.93285997,50.9543641],[3.93278279,50.95433641],[3.93281182,50.95430697],[3.93288572,50.95433556],[3.93285997,50.9543641]]]}},{"type":"Feature","id":"gebouw/Gebouw.9494576/0","properties":{"source":"Digitaal Vlaanderen Gebouwenregister","source_id":"gebouw/Gebouw.9494576/0","kind":"building","height_m":5.0,"status":null},"geometry":{"type":"Polygon","coordinates":[[[3.93521782,50.95825673],[3.93528236,50.95831124],[3.93533318,50.9582873],[3.93536028,50.95831099],[3.93524431,50.95836493],[3.93514861,50.95829077],[3.93521782,50.95825673]]]}},{"type":"Feature","id":"gebouw/Gebouw.9494577/0","properties":{"source":"Digitaal Vlaanderen Gebouwenregister","source_id":"gebouw/Gebouw.9494577/0","kind":"building","height_m":5.72,"status":null},"geometry":{"type":"Polygon","coordinates":[[[3.93535971,50.95871842],[3.93536728,50.95869285],[3.93550688,50.95870609],[3.93549932,50.95873128],[3.93535971,50.95871842]]]}},{"type":"Feature","id":"gebouw/Gebouw.9494578/0","properties":{"source":"Digitaal Vlaanderen Gebouwenregister","source_id":"gebouw/Gebouw.9494578/0","kind":"building","height_m":6.44,"status":null},"geometry":{"type":"Polygon","coordinates":[[[3.9416869,50.95762797],[3.94152296,50.95771747],[3.94143871,50.95765715],[3.94135969,50.95760057],[3.94136545,50.9575972],[3.94151719,50.95750837],[3.9416869,50.95762797]]]}},{"type":"Feature","id":"gebouw/Gebouw.9494580/0","properties":{"source":"Digitaal Vlaanderen Gebouwenregister","source_id":"gebouw/Gebouw.9494580/0","kind":"building","height_m":7.88,"status":null},"geometry":{"type":"Polygon","coordinates":[[[3.9404469,50.95898461],[3.94049206,50.95901229],[3.94046124,50.95903179],[3.94041728,50.95900374],[3.9404469,50.95898461]]]}},{"type":"Feature","id":"gebouw/Gebouw.9494640/0","properties":{"source":"Digitaal Vlaanderen Gebouwenregister","source_id":"gebouw/Gebouw.9494640/0","kind":"building","height_m":5.72,"status":null},"geometry":{"type":"Polygon","coordinates":[[[3.93977671,50.95622459],[3.93967736,50.95628867],[3.93963736,50.95626359],[3.93956391,50.95631125],[3.93952799,50.95628976],[3.93969979,50.95617702],[3.93977671,50.95622459]]]}},{"type":"Feature","id":"gebouw/Gebouw.9494644/0","properties":{"source":"Digitaal Vlaanderen Gebouwenregister","source_id":"gebouw/Gebouw.9494644/0","kind":"building","height_m":8.6,"status":null},"geometry":{"type":"Polygon","coordinates":[[[3.93877004,50.95533983],[3.93893063,50.9554146],[3.93880413,50.95552332],[3.93873367,50.9554905],[3.93876788,50.95546097],[3.93873504,50.95544612],[3.93872857,50.9554515],[3.93867123,50.95542476],[3.93877004,50.95533983]]]}},{"type":"Feature","id":"gebouw/Gebouw.9563813/0","properties":{"source":"Digitaal Vlaanderen Gebouwenregister","source_id":"gebouw/Gebouw.9563813/0","kind":"building","height_m":5.0,"status":null},"geometry":{"type":"Polygon","coordinates":[[[3.94155665,50.95978045],[3.94151298,50.95976252],[3.94155075,50.95972849],[3.94159501,50.95974643],[3.94155665,50.95978045]]]}},{"type":"Feature","id":"gebouw/Gebouw.9564025/0","properties":{"source":"Digitaal Vlaanderen Gebouwenregister","source_id":"gebouw/Gebouw.9564025/0","kind":"building","height_m":6.44,"status":null},"geometry":{"type":"Polygon","coordinates":[[[3.93982904,50.95545007],[3.93987968,50.95547295],[3.93985049,50.95549771],[3.93980016,50.95547427],[3.93982904,50.95545007]]]}},{"type":"Feature","id":"gebouw/Gebouw.9564026/0","properties":{"source":"Digitaal Vlaanderen Gebouwenregister","source_id":"gebouw/Gebouw.9564026/0","kind":"building","height_m":7.16,"status":null},"geometry":{"type":"Polygon","coordinates":[[[3.94005219,50.95580124],[3.94007997,50.95577403],[3.94011577,50.95578719],[3.94008706,50.9558157],[3.94005219,50.95580124]]]}},{"type":"Feature","id":"gebouw/Gebouw.9564256/0","properties":{"source":"Digitaal Vlaanderen Gebouwenregister","source_id":"gebouw/Gebouw.9564256/0","kind":"building","height_m":6.44,"status":null},"geometry":{"type":"Polygon","coordinates":[[[3.9364422,50.95493316],[3.93634006,50.95502146],[3.93633535,50.95501917],[3.93630389,50.95504874],[3.93620162,50.95499852],[3.93623313,50.9549697],[3.93621741,50.95496209],[3.93635419,50.95484639],[3.93639896,50.95486751],[3.9364016,50.95486877],[3.93640437,50.95486647],[3.9364198,50.95487386],[3.9364172,50.95487607],[3.93645376,50.95489372],[3.93641935,50.95492262],[3.9364376,50.95493104],[3.9364422,50.95493316]]]}},{"type":"Feature","id":"gebouw/Gebouw.9564268/0","properties":{"source":"Digitaal Vlaanderen Gebouwenregister","source_id":"gebouw/Gebouw.9564268/0","kind":"building","height_m":5.0,"status":null},"geometry":{"type":"Polygon","coordinates":[[[3.93136119,50.95495146],[3.93116677,50.9548868],[3.93124935,50.95478775],[3.93143922,50.95485089],[3.93139644,50.95490178],[3.93140172,50.95490372],[3.93136119,50.95495146]]]}},{"type":"Feature","id":"gebouw/Gebouw.9575160/0","properties":{"source":"Digitaal Vlaanderen Gebouwenregister","source_id":"gebouw/Gebouw.9575160/0","kind":"building","height_m":5.0,"status":null},"geometry":{"type":"Polygon","coordinates":[[[3.93870488,50.95526003],[3.93861695,50.9553355],[3.93853502,50.95529742],[3.93846472,50.95535714],[3.93838846,50.95532136],[3.93846249,50.95525842],[3.93847008,50.95526212],[3.93850631,50.95522976],[3.93847939,50.95521746],[3.93853355,50.95517014],[3.93856253,50.9551834],[3.93855583,50.95518932],[3.93865096,50.95523445],[3.93866909,50.95521919],[3.93871721,50.95524202],[3.93869908,50.95525727],[3.93870488,50.95526003]]]}},{"type":"Feature","id":"gebouw/Gebouw.9575161/0","properties":{"source":"Digitaal Vlaanderen Gebouwenregister","source_id":"gebouw/Gebouw.9575161/0","kind":"building","height_m":5.72,"status":null},"geometry":{"type":"Polygon","coordinates":[[[3.9404456,50.95670827],[3.94043154,50.95670157],[3.94035569,50.95676025],[3.94018108,50.95666854],[3.94029096,50.95658414],[3.94035492,50.95661735],[3.94033691,50.95663136],[3.9404071,50.95666771],[3.94045181,50.95663287],[3.94050674,50.95666155],[3.9404456,50.95670827]]]}},{"type":"Feature","id":"gebouw/Gebouw.9575162/0","properties":{"source":"Digitaal Vlaanderen Gebouwenregister","source_id":"gebouw/Gebouw.9575162/0","kind":"building","height_m":6.44,"status":null},"geometry":{"type":"Polygon","coordinates":[[[3.93407947,50.95440946],[3.93414238,50.95434625],[3.93422698,50.95437984],[3.93423069,50.95437594],[3.93423455,50.95437759],[3.9342308,50.95438142],[3.93430447,50.95441102],[3.93427236,50.95444296],[3.93435038,50.95447396],[3.93427531,50.95454933],[3.93419267,50.95451585],[3.9342073,50.95450216],[3.93409825,50.95445893],[3.9341282,50.95442856],[3.93407947,50.95440946]]]}},{"type":"Feature","id":"gebouw/Gebouw.9575482/0","properties":{"source":"Digitaal Vlaanderen Gebouwenregister","source_id":"gebouw/Gebouw.9575482/0","kind":"building","height_m":5.0,"status":null},"geometry":{"type":"Polygon","coordinates":[[[3.9414434,50.95570766],[3.94148755,50.95572567],[3.94146111,50.95575132],[3.94141864,50.95573303],[3.9414434,50.95570766]]]}},{"type":"Feature","id":"gebouw/Gebouw.9689198/0","properties":{"source":"Digitaal Vlaanderen Gebouwenregister","source_id":"gebouw/Gebouw.9689198/0","kind":"building","height_m":5.72,"status":null},"geometry":{"type":"Polygon","coordinates":[[[3.93162326,50.95485274],[3.93161958,50.95485682],[3.93162692,50.95485934],[3.93158952,50.95490086],[3.93158394,50.95489911],[3.93158179,50.95490152],[3.93149902,50.95487245],[3.93153867,50.95482478],[3.93162326,50.95485274]]]}},{"type":"Feature","id":"gebouw/Gebouw.9731474/0","properties":{"source":"Digitaal Vlaanderen Gebouwenregister","source_id":"gebouw/Gebouw.9731474/0","kind":"building","height_m":7.88,"status":null},"geometry":{"type":"Polygon","coordinates":[[[3.93898371,50.9554922],[3.93898675,50.95549346],[3.93899071,50.95548958],[3.93905913,50.95552296],[3.93910961,50.9554801],[3.93918656,50.95551711],[3.93910219,50.95558963],[3.93905936,50.95556945],[3.9390613,50.95556769],[3.93904399,50.95555954],[3.93898611,50.95560857],[3.93890578,50.9555709],[3.93891335,50.95556451],[3.9389108,50.95556327],[3.93892221,50.95555379],[3.93892483,50.95555499],[3.93896072,50.95552496],[3.938951,50.95552031],[3.93898371,50.9554922]]]}},{"type":"Feature","id":"gebouw/Gebouw.9731527/0","properties":{"source":"Digitaal Vlaanderen Gebouwenregister","source_id":"gebouw/Gebouw.9731527/0","kind":"building","height_m":5.72,"status":null},"geometry":{"type":"Polygon","coordinates":[[[3.93623026,50.95520588],[3.93625565,50.95521985],[3.93628957,50.95519553],[3.93631408,50.9552093],[3.93625864,50.9552493],[3.93620754,50.95522192],[3.93623026,50.95520588]]]}},{"type":"Feature","id":"gebouw/Gebouw.9731528/0","properties":{"source":"Digitaal Vlaanderen Gebouwenregister","source_id":"gebouw/Gebouw.9731528/0","kind":"building","height_m":6.44,"status":null},"geometry":{"type":"Polygon","coordinates":[[[3.93795296,50.95593642],[3.93797969,50.95595546],[3.93793897,50.95597878],[3.93791164,50.9559601],[3.93795296,50.95593642]]]}},{"type":"Feature","id":"gebouw/Gebouw.9731619/0","properties":{"source":"Digitaal Vlaanderen Gebouwenregister","source_id":"gebouw/Gebouw.9731619/0","kind":"building","height_m":6.44,"status":null},"geometry":{"type":"Polygon","coordinates":[[[3.9405488,50.95688038],[3.9407103,50.9567581],[3.94064191,50.95672208],[3.94055181,50.9567903],[3.94058589,50.95680709],[3.94053257,50.95684911],[3.94050588,50.95683465],[3.94049757,50.95683499],[3.94049336,50.95683516],[3.94043974,50.95687753],[3.94046839,50.95689524],[3.94046848,50.9568953],[3.94050186,50.95691593],[3.9405488,50.95688038]]]}},{"type":"Feature","id":"gebouw/Gebouw.9731629/0","properties":{"source":"Digitaal Vlaanderen Gebouwenregister","source_id":"gebouw/Gebouw.9731629/0","kind":"building","height_m":8.6,"status":null},"geometry":{"type":"Polygon","coordinates":[[[3.93175502,50.95529933],[3.9317316,50.95528894],[3.93168097,50.95533667],[3.93165492,50.95532494],[3.9317257,50.95525759],[3.93177759,50.95527786],[3.93175502,50.95529933]]]}},{"type":"Feature","id":"gebouw/Gebouw.9731630/0","properties":{"source":"Digitaal Vlaanderen Gebouwenregister","source_id":"gebouw/Gebouw.9731630/0","kind":"building","height_m":9.32,"status":null},"geometry":{"type":"Polygon","coordinates":[[[3.93296358,50.95419842],[3.93292688,50.95418582],[3.93295201,50.95415801],[3.93298751,50.95417098],[3.93296358,50.95419842]]]}},{"type":"Feature","id":"gebouw/Gebouw.9731678/0","properties":{"source":"Digitaal Vlaanderen Gebouwenregister","source_id":"gebouw/Gebouw.9731678/0","kind":"building","height_m":8.6,"status":null},"geometry":{"type":"Polygon","coordinates":[[[3.93743519,50.95469322],[3.93747339,50.95471275],[3.93750368,50.954691],[3.93758754,50.95473375],[3.93742211,50.95484781],[3.93738339,50.95482725],[3.93741597,50.95480251],[3.9373419,50.95476299],[3.93743519,50.95469322]]]}},{"type":"Feature","id":"gebouw/Gebouw.9732051/0","properties":{"source":"Digitaal Vlaanderen Gebouwenregister","source_id":"gebouw/Gebouw.9732051/0","kind":"building","height_m":5.0,"status":null},"geometry":{"type":"Polygon","coordinates":[[[3.94006934,50.95601666],[3.94011871,50.95597873],[3.94016581,50.95600388],[3.94011813,50.95604176],[3.94006934,50.95601666]]]}},{"type":"Feature","id":"gebouw/Gebouw.9737276/0","properties":{"source":"Digitaal Vlaanderen Gebouwenregister","source_id":"gebouw/Gebouw.9737276/0","kind":"building","height_m":7.16,"status":null},"geometry":{"type":"Polygon","coordinates":[[[3.94013609,50.9558837],[3.93988791,50.95610506],[3.93980984,50.95607001],[3.93977352,50.9560537],[3.93977497,50.95605236],[3.93985186,50.95598409],[3.93992054,50.95601418],[3.9399574,50.95598071],[3.94005331,50.9558951],[3.94003955,50.95588913],[3.9400972,50.95584447],[3.94013965,50.95586314],[3.94012201,50.95587829],[3.94013609,50.9558837]]]}},{"type":"Feature","id":"gebouw/Gebouw.9737281/0","properties":{"source":"Digitaal Vlaanderen Gebouwenregister","source_id":"gebouw/Gebouw.9737281/0","kind":"building","height_m":5.72,"status":null},"geometry":{"type":"Polygon","coordinates":[[[3.93570791,50.95416901],[3.93574528,50.95418893],[3.93567587,50.95424038],[3.9356376,50.95422064],[3.93570791,50.95416901]]]}},{"type":"Feature","id":"gebouw/Gebouw.9737455/0","properties":{"source":"Digitaal Vlaanderen Gebouwenregister","source_id":"gebouw/Gebouw.9737455/0","kind":"building","height_m":5.0,"status":null},"geometry":{"type":"Polygon","coordinates":[[[3.93902406,50.95602007],[3.93908027,50.95605538],[3.93904791,50.95607692],[3.93899171,50.95604123],[3.93902406,50.95602007]]]}},{"type":"Feature","id":"gebouw/Gebouw.9737456/0","properties":{"source":"Digitaal Vlaanderen Gebouwenregister","source_id":"gebouw/Gebouw.9737456/0","kind":"building","height_m":5.72,"status":null},"geometry":{"type":"Polygon","coordinates":[[[3.93763124,50.95480131],[3.93774526,50.95484703],[3.93764903,50.9549435],[3.93753408,50.95489908],[3.93763124,50.95480131]]]}},{"type":"Feature","id":"gebouw/Gebouw.9737632/0","properties":{"source":"Digitaal Vlaanderen Gebouwenregister","source_id":"gebouw/Gebouw.9737632/0","kind":"building","height_m":6.44,"status":null},"geometry":{"type":"Polygon","coordinates":[[[3.93650461,50.95497809],[3.93660048,50.95490604],[3.93667442,50.95494529],[3.93657806,50.9550177],[3.93653627,50.95499517],[3.93650461,50.95497809]]]}},{"type":"Feature","id":"gebouw/Gebouw.9745933/0","properties":{"source":"Digitaal Vlaanderen Gebouwenregister","source_id":"gebouw/Gebouw.9745933/0","kind":"building","height_m":5.72,"status":null},"geometry":{"type":"Polygon","coordinates":[[[3.93136594,50.95569408],[3.93134014,50.95572978],[3.93122073,50.95569991],[3.93125553,50.955646],[3.93137612,50.95568],[3.93136594,50.95569408]]]}},{"type":"Feature","id":"gebouw/Gebouw.9746070/0","properties":{"source":"Digitaal Vlaanderen Gebouwenregister","source_id":"gebouw/Gebouw.9746070/0","kind":"building","height_m":8.6,"status":null},"geometry":{"type":"Polygon","coordinates":[[[3.93543381,50.95475919],[3.93540928,50.95478385],[3.93542747,50.95479081],[3.93536184,50.95485466],[3.93530788,50.95483381],[3.93537115,50.95476955],[3.93539476,50.9547433],[3.93539966,50.95473785],[3.93539819,50.95473727],[3.93543663,50.95470064],[3.93547178,50.95471528],[3.93547513,50.95471251],[3.93553002,50.95473169],[3.9354846,50.95477406],[3.93543709,50.9547559],[3.93543381,50.95475919]]]}},{"type":"Feature","id":"gebouw/Gebouw.9746073/0","properties":{"source":"Digitaal Vlaanderen Gebouwenregister","source_id":"gebouw/Gebouw.9746073/0","kind":"building","height_m":5.72,"status":null},"geometry":{"type":"Polygon","coordinates":[[[3.93175958,50.95399627],[3.93195656,50.95406633],[3.93193169,50.95409382],[3.93191465,50.95408838],[3.93190115,50.95410395],[3.93189057,50.95410046],[3.93187187,50.95412141],[3.93189944,50.95413184],[3.93188192,50.95414927],[3.93187811,50.95414791],[3.93169813,50.95408323],[3.93168609,50.9540787],[3.93175958,50.95399627]]]}},{"type":"Feature","id":"gebouw/Gebouw.9746447/0","properties":{"source":"Digitaal Vlaanderen Gebouwenregister","source_id":"gebouw/Gebouw.9746447/0","kind":"building","height_m":7.88,"status":null},"geometry":{"type":"Polygon","coordinates":[[[3.94136002,50.95710526],[3.94136056,50.95710555],[3.94142604,50.9571403],[3.94133343,50.95720898],[3.94120864,50.95729856],[3.94114609,50.95726563],[3.94136002,50.95710526]]]}},{"type":"Feature","id":"gebouw/Gebouw.9746813/0","properties":{"source":"Digitaal Vlaanderen Gebouwenregister","source_id":"gebouw/Gebouw.9746813/0","kind":"building","height_m":9.32,"status":null},"geometry":{"type":"Polygon","coordinates":[[[3.93616263,50.9548],[3.93608999,50.95492458],[3.93590446,50.95487964],[3.93593177,50.95483182],[3.93598082,50.95484455],[3.9360255,50.95476788],[3.93616263,50.9548]]]}},{"type":"Feature","id":"gebouw/Gebouw.9746815/0","properties":{"source":"Digitaal Vlaanderen Gebouwenregister","source_id":"gebouw/Gebouw.9746815/0","kind":"building","height_m":5.72,"status":null},"geometry":{"type":"Polygon","coordinates":[[[3.93201091,50.95440671],[3.93200038,50.9544175],[3.93198337,50.95443492],[3.93198885,50.95443706],[3.93191701,50.95451359],[3.93182835,50.95448161],[3.93191627,50.95439156],[3.93193163,50.95437583],[3.93201091,50.95440671]]]}},{"type":"Feature","id":"gebouw/Gebouw.9746887/0","properties":{"source":"Digitaal Vlaanderen Gebouwenregister","source_id":"gebouw/Gebouw.9746887/0","kind":"building","height_m":7.16,"status":null},"geometry":{"type":"Polygon","coordinates":[[[3.93671774,50.95504524],[3.93675538,50.95506647],[3.93666417,50.95513402],[3.93662695,50.95511433],[3.93671774,50.95504524]]]}},{"type":"Feature","id":"gebouw/Gebouw.9761026/0","properties":{"source":"Digitaal Vlaanderen Gebouwenregister","source_id":"gebouw/Gebouw.9761026/0","kind":"building","height_m":6.44,"status":null},"geometry":{"type":"Polygon","coordinates":[[[3.9404732,50.95678348],[3.94049864,50.9568005],[3.94044137,50.95683205],[3.94041788,50.9568136],[3.9404732,50.95678348]]]}},{"type":"Feature","id":"gebouw/Gebouw.9761032/0","properties":{"source":"Digitaal Vlaanderen Gebouwenregister","source_id":"gebouw/Gebouw.9761032/0","kind":"building","height_m":5.72,"status":null},"geometry":{"type":"Polygon","coordinates":[[[3.93908747,50.95597805],[3.93901678,50.95594431],[3.939004,50.95593517],[3.93887524,50.95600804],[3.93883807,50.95598101],[3.93885466,50.95597165],[3.93891898,50.95593534],[3.93892589,50.95593145],[3.93895708,50.95591384],[3.93903114,50.95584888],[3.93909267,50.95587775],[3.93912504,50.95589225],[3.93913322,50.95589592],[3.93914323,50.95590066],[3.93917857,50.95591738],[3.93917895,50.95591716],[3.93917934,50.95591692],[3.93918174,50.95591845],[3.93908747,50.95597805]]]}},{"type":"Feature","id":"gebouw/Gebouw.9761033/0","properties":{"source":"Digitaal Vlaanderen Gebouwenregister","source_id":"gebouw/Gebouw.9761033/0","kind":"building","height_m":6.44,"status":null},"geometry":{"type":"Polygon","coordinates":[[[3.93934187,50.95601436],[3.93934196,50.95601441],[3.93925633,50.95606927],[3.93929241,50.9560925],[3.93919962,50.95615229],[3.93920925,50.95615784],[3.93913006,50.95620899],[3.93908574,50.956183],[3.93915566,50.95613389],[3.93922774,50.95608762],[3.93916233,50.95604809],[3.93919228,50.95602802],[3.93911511,50.95597973],[3.93919798,50.95592593],[3.93934187,50.95601436]]]}},{"type":"Feature","id":"gebouw/Gebouw.9761058/0","properties":{"source":"Digitaal Vlaanderen Gebouwenregister","source_id":"gebouw/Gebouw.9761058/0","kind":"building","height_m":9.32,"status":null},"geometry":{"type":"Polygon","coordinates":[[[3.93806085,50.95502075],[3.93807148,50.95502952],[3.93807747,50.95503765],[3.93808133,50.95504743],[3.93808076,50.95505698],[3.93807603,50.95506647],[3.93806839,50.95507444],[3.93806021,50.95508015],[3.93812175,50.95510967],[3.93803925,50.95518011],[3.93796316,50.95514457],[3.93795949,50.9551474],[3.93790961,50.95512392],[3.93806085,50.95502075]]]}},{"type":"Feature","id":"gebouw/Gebouw.9761304/0","properties":{"source":"Digitaal Vlaanderen Gebouwenregister","source_id":"gebouw/Gebouw.9761304/0","kind":"building","height_m":5.0,"status":null},"geometry":{"type":"Polygon","coordinates":[[[3.93871521,50.95594324],[3.93866818,50.95596966],[3.93862716,50.95594211],[3.93862164,50.9559384],[3.93859782,50.9559518],[3.93857341,50.95593466],[3.93859876,50.95591959],[3.93859585,50.95591769],[3.93867404,50.95587046],[3.93865131,50.95585671],[3.93872498,50.95581186],[3.93868982,50.9557892],[3.93878448,50.95573379],[3.93878519,50.95573338],[3.9387888,50.95573584],[3.93882056,50.95575748],[3.93887449,50.95579417],[3.93879366,50.95584387],[3.93882641,50.95586231],[3.93880588,50.95587503],[3.93872765,50.95592353],[3.93871521,50.95594324]]]}},{"type":"Feature","id":"gebouw/Gebouw.9761307/0","properties":{"source":"Digitaal Vlaanderen Gebouwenregister","source_id":"gebouw/Gebouw.9761307/0","kind":"building","height_m":7.16,"status":null},"geometry":{"type":"Polygon","coordinates":[[[3.94026794,50.9555895],[3.94016437,50.95568111],[3.9400829,50.95575318],[3.94003258,50.9557977],[3.93994374,50.95575765],[3.93995457,50.95574223],[3.94007124,50.95563626],[3.94017023,50.95554657],[3.94026794,50.9555895]]]}},{"type":"Feature","id":"gebouw/Gebouw.9761789/0","properties":{"source":"Digitaal Vlaanderen Gebouwenregister","source_id":"gebouw/Gebouw.9761789/0","kind":"building","height_m":6.44,"status":null},"geometry":{"type":"Polygon","coordinates":[[[3.93830971,50.95553593],[3.93831004,50.95553615],[3.93814559,50.95563444],[3.93806716,50.95568152],[3.93809628,50.95569984],[3.93802871,50.95573913],[3.93800109,50.95572118],[3.93795391,50.9556905],[3.93804359,50.95563554],[3.93815918,50.95556702],[3.9381336,50.95555143],[3.93819353,50.95551294],[3.93820249,50.9555185],[3.93824561,50.95549317],[3.93830971,50.95553593]]]}},{"type":"Feature","id":"gebouw/Gebouw.9761834/0","properties":{"source":"Digitaal Vlaanderen Gebouwenregister","source_id":"gebouw/Gebouw.9761834/0","kind":"building","height_m":8.6,"status":null},"geometry":{"type":"Polygon","coordinates":[[[3.93665294,50.95461363],[3.93656656,50.95467836],[3.93649868,50.95464229],[3.93653605,50.95461426],[3.93652017,50.95460587],[3.9365725,50.95456636],[3.93662252,50.95459325],[3.93667853,50.95455093],[3.93671304,50.95456859],[3.93665294,50.95461363]]]}},{"type":"Feature","id":"gebouw/Gebouw.9776258/0","properties":{"source":"Digitaal Vlaanderen Gebouwenregister","source_id":"gebouw/Gebouw.9776258/0","kind":"building","height_m":6.44,"status":null},"geometry":{"type":"Polygon","coordinates":[[[3.93123611,50.95502409],[3.93119456,50.95504571],[3.931167,50.9550246],[3.93120825,50.95500354],[3.93123611,50.95502409]]]}},{"type":"Feature","id":"gebouw/Gebouw.9776259/0","properties":{"source":"Digitaal Vlaanderen Gebouwenregister","source_id":"gebouw/Gebouw.9776259/0","kind":"building","height_m":7.16,"status":null},"geometry":{"type":"Polygon","coordinates":[[[3.93192293,50.95486786],[3.93191129,50.9548297],[3.9319613,50.95482354],[3.93197323,50.95486152],[3.93192293,50.95486786]]]}},{"type":"Feature","id":"gebouw/Gebouw.9776260/0","properties":{"source":"Digitaal Vlaanderen Gebouwenregister","source_id":"gebouw/Gebouw.9776260/0","kind":"building","height_m":7.88,"status":null},"geometry":{"type":"Polygon","coordinates":[[[3.93220405,50.9549693],[3.93226035,50.95499094],[3.9322145,50.9550376],[3.9321594,50.9550156],[3.93220405,50.9549693]]]}},{"type":"Feature","id":"gebouw/Gebouw.9776471/0","properties":{"source":"Digitaal Vlaanderen Gebouwenregister","source_id":"gebouw/Gebouw.9776471/0","kind":"building","height_m":8.6,"status":null},"geometry":{"type":"Polygon","coordinates":[[[3.93855094,50.95594245],[3.93857798,50.95596093],[3.93853245,50.95598681],[3.93850655,50.95596984],[3.93855094,50.95594245]]]}},{"type":"Feature","id":"gebouw/Gebouw.9776472/0","properties":{"source":"Digitaal Vlaanderen Gebouwenregister","source_id":"gebouw/Gebouw.9776472/0","kind":"building","height_m":9.32,"status":null},"geometry":{"type":"Polygon","coordinates":[[[3.93806695,50.95613555],[3.93812424,50.95610325],[3.93814811,50.95611888],[3.93809021,50.95615155],[3.93806695,50.95613555]]]}},{"type":"Feature","id":"gebouw/Gebouw.9776477/0","properties":{"source":"Digitaal Vlaanderen Gebouwenregister","source_id":"gebouw/Gebouw.9776477/0","kind":"building","height_m":7.88,"status":null},"geometry":{"type":"Polygon","coordinates":[[[3.93657906,50.95425372],[3.9366395,50.95428608],[3.93658362,50.95432908],[3.93652271,50.95429521],[3.93657906,50.95425372]]]}},{"type":"Feature","id":"gebouw/Gebouw.9776770/0","properties":{"source":"Digitaal Vlaanderen Gebouwenregister","source_id":"gebouw/Gebouw.9776770/0","kind":"building","height_m":7.16,"status":null},"geometry":{"type":"Polygon","coordinates":[[[3.93395533,50.95532936],[3.93389168,50.95530661],[3.93387294,50.95529992],[3.93386025,50.95531408],[3.93376578,50.95528032],[3.93379922,50.95524231],[3.93390219,50.95528042],[3.93394378,50.95523745],[3.93403883,50.95527302],[3.93399934,50.95531508],[3.93397676,50.95530639],[3.93395533,50.95532936]]]}},{"type":"Feature","id":"gebouw/Gebouw.9776775/0","properties":{"source":"Digitaal Vlaanderen Gebouwenregister","source_id":"gebouw/Gebouw.9776775/0","kind":"building","height_m":5.72,"status":null},"geometry":{"type":"Polygon","coordinates":[[[3.94052586,50.95616789],[3.94048205,50.95614446],[3.94047644,50.95614146],[3.94033928,50.95624813],[3.94037846,50.95626731],[3.94036935,50.9562747],[3.9404351,50.95630824],[3.94057777,50.95619564],[3.94052586,50.95616789]]]}},{"type":"Feature","id":"gebouw/Gebouw.9776776/0","properties":{"source":"Digitaal Vlaanderen Gebouwenregister","source_id":"gebouw/Gebouw.9776776/0","kind":"building","height_m":6.44,"status":null},"geometry":{"type":"Polygon","coordinates":[[[3.94154186,50.95562638],[3.9415981,50.95565026],[3.94156973,50.95567747],[3.94151261,50.95565302],[3.94154186,50.95562638]]]}},{"type":"Feature","id":"gebouw/Gebouw.9840890/0","properties":{"source":"Digitaal Vlaanderen Gebouwenregister","source_id":"gebouw/Gebouw.9840890/0","kind":"building","height_m":7.16,"status":null},"geometry":{"type":"Polygon","coordinates":[[[3.9354479,50.95428619],[3.93534923,50.95436654],[3.93534676,50.95436535],[3.93526242,50.95432455],[3.9353603,50.95424382],[3.9354479,50.95428619]]]}},{"type":"Feature","id":"gebouw/Gebouw.18362108/0","properties":{"source":"Digitaal Vlaanderen Gebouwenregister","source_id":"gebouw/Gebouw.18362108/0","kind":"building","height_m":6.44,"status":null},"geometry":{"type":"Polygon","coordinates":[[[3.93769473,50.95463938],[3.93760498,50.95470917],[3.93754519,50.9546768],[3.93763681,50.95460806],[3.93769473,50.95463938]]]}},{"type":"Feature","id":"gebouw/Gebouw.18362205/0","properties":{"source":"Digitaal Vlaanderen Gebouwenregister","source_id":"gebouw/Gebouw.18362205/0","kind":"building","height_m":5.72,"status":null},"geometry":{"type":"Polygon","coordinates":[[[3.93424623,50.95456593],[3.93428703,50.95458378],[3.93418704,50.95468187],[3.93414573,50.95466328],[3.93424623,50.95456593]]]}},{"type":"Feature","id":"gebouw/Gebouw.18362419/0","properties":{"source":"Digitaal Vlaanderen Gebouwenregister","source_id":"gebouw/Gebouw.18362419/0","kind":"building","height_m":8.6,"status":null},"geometry":{"type":"Polygon","coordinates":[[[3.93645067,50.95521814],[3.93639412,50.95525921],[3.93634758,50.95523276],[3.9364052,50.95519104],[3.93645067,50.95521814]]]}},{"type":"Feature","id":"gebouw/Gebouw.18362420/0","properties":{"source":"Digitaal Vlaanderen Gebouwenregister","source_id":"gebouw/Gebouw.18362420/0","kind":"building","height_m":9.32,"status":null},"geometry":{"type":"Polygon","coordinates":[[[3.93755826,50.95605786],[3.93760135,50.95603117],[3.93764702,50.95606074],[3.93760157,50.95608713],[3.93755826,50.95605786]]]}},{"type":"Feature","id":"gebouw/Gebouw.18362421/0","properties":{"source":"Digitaal Vlaanderen Gebouwenregister","source_id":"gebouw/Gebouw.18362421/0","kind":"building","height_m":5.0,"status":null},"geometry":{"type":"Polygon","coordinates":[[[3.93755099,50.95607429],[3.93758306,50.95609663],[3.93754213,50.95611961],[3.93751098,50.95609736],[3.93755099,50.95607429]]]}},{"type":"Feature","id":"gebouw/Gebouw.18362681/0","properties":{"source":"Digitaal Vlaanderen Gebouwenregister","source_id":"gebouw/Gebouw.18362681/0","kind":"building","height_m":5.72,"status":null},"geometry":{"type":"Polygon","coordinates":[[[3.93665962,50.9553665],[3.93669535,50.95538839],[3.93666481,50.95541022],[3.93662816,50.95538923],[3.93665962,50.9553665]]]}},{"type":"Feature","id":"gebouw/Gebouw.18362813/0","properties":{"source":"Digitaal Vlaanderen Gebouwenregister","source_id":"gebouw/Gebouw.18362813/0","kind":"building","height_m":5.0,"status":null},"geometry":{"type":"Polygon","coordinates":[[[3.93966093,50.95707448],[3.93963703,50.95709454],[3.93958823,50.95706978],[3.93961408,50.95704967],[3.93966093,50.95707448]]]}},{"type":"Feature","id":"gebouw/Gebouw.18362814/0","properties":{"source":"Digitaal Vlaanderen Gebouwenregister","source_id":"gebouw/Gebouw.18362814/0","kind":"building","height_m":5.72,"status":null},"geometry":{"type":"Polygon","coordinates":[[[3.93972477,50.95697029],[3.93979354,50.95691676],[3.93984159,50.95694052],[3.93977211,50.9569961],[3.93972477,50.95697029]]]}},{"type":"Feature","id":"gebouw/Gebouw.18374286/0","properties":{"source":"Digitaal Vlaanderen Gebouwenregister","source_id":"gebouw/Gebouw.18374286/0","kind":"building","height_m":5.0,"status":null},"geometry":{"type":"Polygon","coordinates":[[[3.93119207,50.95620295],[3.93131539,50.95624687],[3.9312819,50.95628464],[3.93126727,50.9562796],[3.93106141,50.95620868],[3.93107052,50.95619791],[3.93113233,50.95612481],[3.93122212,50.95615464],[3.93125245,50.95611823],[3.9312748,50.95612565],[3.93123601,50.95617224],[3.93122163,50.95616746],[3.93119207,50.95620295]]]}},{"type":"Feature","id":"gebouw/Gebouw.18470007/0","properties":{"source":"Digitaal Vlaanderen Gebouwenregister","source_id":"gebouw/Gebouw.18470007/0","kind":"building","height_m":7.16,"status":null},"geometry":{"type":"Polygon","coordinates":[[[3.93768506,50.95545147],[3.93782663,50.9553318],[3.93773937,50.95528618],[3.93759974,50.95541152],[3.93768506,50.95545147]]]}},{"type":"Feature","id":"gebouw/Gebouw.18470008/0","properties":{"source":"Digitaal Vlaanderen Gebouwenregister","source_id":"gebouw/Gebouw.18470008/0","kind":"building","height_m":7.88,"status":null},"geometry":{"type":"Polygon","coordinates":[[[3.93790599,50.95536922],[3.93782663,50.9553318],[3.93768506,50.95545147],[3.93777339,50.95548766],[3.93790599,50.95536922]]]}},{"type":"Feature","id":"gebouw/Gebouw.18470181/0","properties":{"source":"Digitaal Vlaanderen Gebouwenregister","source_id":"gebouw/Gebouw.18470181/0","kind":"building","height_m":6.44,"status":null},"geometry":{"type":"Polygon","coordinates":[[[3.93802017,50.95542974],[3.93794196,50.95538795],[3.93779848,50.95549943],[3.93788003,50.95553574],[3.93802017,50.95542974]]]}},{"type":"Feature","id":"gebouw/Gebouw.18470182/0","properties":{"source":"Digitaal Vlaanderen Gebouwenregister","source_id":"gebouw/Gebouw.18470182/0","kind":"building","height_m":7.16,"status":null},"geometry":{"type":"Polygon","coordinates":[[[3.93796517,50.95543035],[3.93798238,50.95541568],[3.93809893,50.95547019],[3.93802578,50.95553257],[3.93800333,50.95552207],[3.9379255,50.95558844],[3.93780034,50.95552991],[3.93793412,50.95541583],[3.93796517,50.95543035]]]}},{"type":"Feature","id":"gebouw/Gebouw.18627748/0","properties":{"source":"Digitaal Vlaanderen Gebouwenregister","source_id":"gebouw/Gebouw.18627748/0","kind":"building","height_m":9.32,"status":null},"geometry":{"type":"Polygon","coordinates":[[[3.94124774,50.95760354],[3.94129248,50.95763541],[3.94132693,50.95761666],[3.94128097,50.95758704],[3.94124774,50.95760354]]]}},{"type":"Feature","id":"gebouw/Gebouw.18735127/0","properties":{"source":"Digitaal Vlaanderen Gebouwenregister","source_id":"gebouw/Gebouw.18735127/0","kind":"building","height_m":8.6,"status":null},"geometry":{"type":"Polygon","coordinates":[[[3.94140893,50.95583153],[3.94134631,50.95580388],[3.94138845,50.95576581],[3.94145107,50.95579346],[3.94140893,50.95583153]]]}},{"type":"Feature","id":"gebouw/Gebouw.18735128/0","properties":{"source":"Digitaal Vlaanderen Gebouwenregister","source_id":"gebouw/Gebouw.18735128/0","kind":"building","height_m":9.32,"status":null},"geometry":{"type":"Polygon","coordinates":[[[3.94032886,50.95577199],[3.94035655,50.95575069],[3.94041539,50.9557812],[3.9403877,50.95580251],[3.94032886,50.95577199]]]}},{"type":"Feature","id":"gebouw/Gebouw.18735129/0","properties":{"source":"Digitaal Vlaanderen Gebouwenregister","source_id":"gebouw/Gebouw.18735129/0","kind":"building","height_m":5.0,"status":null},"geometry":{"type":"Polygon","coordinates":[[[3.94066138,50.95538943],[3.94063304,50.95537588],[3.94066941,50.95534555],[3.94069774,50.9553591],[3.94066138,50.95538943]]]}},{"type":"Feature","id":"gebouw/Gebouw.18735130/0","properties":{"source":"Digitaal Vlaanderen Gebouwenregister","source_id":"gebouw/Gebouw.18735130/0","kind":"building","height_m":5.72,"status":null},"geometry":{"type":"Polygon","coordinates":[[[3.94090848,50.95517807],[3.94088013,50.95516501],[3.94091652,50.95513352],[3.94094486,50.95514658],[3.94090848,50.95517807]]]}},{"type":"Feature","id":"gebouw/Gebouw.18735363/0","properties":{"source":"Digitaal Vlaanderen Gebouwenregister","source_id":"gebouw/Gebouw.18735363/0","kind":"building","height_m":7.16,"status":null},"geometry":{"type":"Polygon","coordinates":[[[3.93905076,50.95531949],[3.93902559,50.95534201],[3.93896045,50.95531296],[3.93898561,50.95529045],[3.93905076,50.95531949]]]}},{"type":"Feature","id":"gebouw/Gebouw.18735371/0","properties":{"source":"Digitaal Vlaanderen Gebouwenregister","source_id":"gebouw/Gebouw.18735371/0","kind":"building","height_m":7.88,"status":null},"geometry":{"type":"Polygon","coordinates":[[[3.93164709,50.95463155],[3.93167553,50.95464099],[3.93165034,50.95467125],[3.931618,50.95466051],[3.93159148,50.9546517],[3.93161666,50.95462144],[3.93164709,50.95463155]]]}},{"type":"Feature","id":"gebouw/Gebouw.18735372/0","properties":{"source":"Digitaal Vlaanderen Gebouwenregister","source_id":"gebouw/Gebouw.18735372/0","kind":"building","height_m":8.6,"status":null},"geometry":{"type":"Polygon","coordinates":[[[3.93730986,50.95612351],[3.93728494,50.95610752],[3.93737491,50.9560516],[3.93739983,50.95606759],[3.93730986,50.95612351]]]}},{"type":"Feature","id":"gebouw/Gebouw.18735373/0","properties":{"source":"Digitaal Vlaanderen Gebouwenregister","source_id":"gebouw/Gebouw.18735373/0","kind":"building","height_m":9.32,"status":null},"geometry":{"type":"Polygon","coordinates":[[[3.93737199,50.9560293],[3.93733192,50.95600123],[3.93739741,50.95596394],[3.93743748,50.95599202],[3.93737199,50.9560293]]]}},{"type":"Feature","id":"gebouw/Gebouw.18735376/0","properties":{"source":"Digitaal Vlaanderen Gebouwenregister","source_id":"gebouw/Gebouw.18735376/0","kind":"building","height_m":6.44,"status":null},"geometry":{"type":"Polygon","coordinates":[[[3.93689151,50.95451884],[3.93685723,50.95449991],[3.93691311,50.95445953],[3.93694739,50.95447846],[3.93689151,50.95451884]]]}},{"type":"Feature","id":"gebouw/Gebouw.18735420/0","properties":{"source":"Digitaal Vlaanderen Gebouwenregister","source_id":"gebouw/Gebouw.18735420/0","kind":"building","height_m":7.88,"status":null},"geometry":{"type":"Polygon","coordinates":[[[3.9400274,50.9566672],[3.94007342,50.95669143],[3.9399813,50.95676122],[3.93993528,50.95673699],[3.9400274,50.9566672]]]}},{"type":"Feature","id":"gebouw/Gebouw.18737157/0","properties":{"source":"Digitaal Vlaanderen Gebouwenregister","source_id":"gebouw/Gebouw.18737157/0","kind":"building","height_m":8.6,"status":null},"geometry":{"type":"Polygon","coordinates":[[[3.93442143,50.9599239],[3.93444287,50.95989905],[3.93448464,50.95991343],[3.93446319,50.95993828],[3.93442143,50.9599239]]]}},{"type":"Feature","id":"gebouw/Gebouw.18737319/0","properties":{"source":"Digitaal Vlaanderen Gebouwenregister","source_id":"gebouw/Gebouw.18737319/0","kind":"building","height_m":9.32,"status":null},"geometry":{"type":"Polygon","coordinates":[[[3.93448528,50.95994685],[3.93450324,50.95992307],[3.93454848,50.95993671],[3.93453052,50.95996048],[3.93448528,50.95994685]]]}},{"type":"Feature","id":"gebouw/Gebouw.19203977/0","properties":{"source":"Digitaal Vlaanderen Gebouwenregister","source_id":"gebouw/Gebouw.19203977/0","kind":"building","height_m":6.44,"status":null},"geometry":{"type":"Polygon","coordinates":[[[3.94016891,50.95647139],[3.94017075,50.95647236],[3.94016336,50.95647798],[3.9401865,50.95649024],[3.9401938,50.95648475],[3.94024501,50.95651188],[3.94014788,50.95658502],[3.94015633,50.9565895],[3.94008836,50.95664068],[3.94002705,50.9566082],[3.94005044,50.95659059],[3.94002728,50.9565783],[3.94012325,50.95650586],[3.94016891,50.95647139]]]}},{"type":"Feature","id":"gebouw/Gebouw.19524367/0","properties":{"source":"Digitaal Vlaanderen Gebouwenregister","source_id":"gebouw/Gebouw.19524367/0","kind":"building","height_m":6.44,"status":null},"geometry":{"type":"Polygon","coordinates":[[[3.93876918,50.95585778],[3.93870932,50.9558918],[3.93867404,50.95587046],[3.93865131,50.95585671],[3.93872498,50.95581186],[3.93868982,50.9557892],[3.93878448,50.95573379],[3.93878518,50.95573338],[3.9387888,50.95573584],[3.93882056,50.95575748],[3.93887449,50.95579417],[3.93879366,50.95584387],[3.93876918,50.95585778]]]}},{"type":"Feature","id":"gebouw/Gebouw.19524368/0","properties":{"source":"Digitaal Vlaanderen Gebouwenregister","source_id":"gebouw/Gebouw.19524368/0","kind":"building","height_m":7.16,"status":null},"geometry":{"type":"Polygon","coordinates":[[[3.93882641,50.95586231],[3.93880588,50.95587503],[3.93872765,50.95592353],[3.93871521,50.95594324],[3.93866818,50.95596966],[3.93862425,50.95594015],[3.93870932,50.9558918],[3.93876918,50.95585778],[3.93879366,50.95584387],[3.93882641,50.95586231]]]}},{"type":"Feature","id":"gebouw/Gebouw.19524369/0","properties":{"source":"Digitaal Vlaanderen Gebouwenregister","source_id":"gebouw/Gebouw.19524369/0","kind":"building","height_m":7.88,"status":null},"geometry":{"type":"Polygon","coordinates":[[[3.93862425,50.95594015],[3.93862164,50.9559384],[3.93859782,50.9559518],[3.93857341,50.95593466],[3.93859876,50.95591959],[3.93859585,50.95591769],[3.93867404,50.95587046],[3.93870932,50.9558918],[3.93862425,50.95594015]]]}},{"type":"Feature","id":"gebouw/Gebouw.19524373/0","properties":{"source":"Digitaal Vlaanderen Gebouwenregister","source_id":"gebouw/Gebouw.19524373/0","kind":"building","height_m":5.72,"status":null},"geometry":{"type":"Polygon","coordinates":[[[3.93806774,50.95568188],[3.93800172,50.95572159],[3.93795391,50.9556905],[3.93804359,50.95563554],[3.93815918,50.95556702],[3.9381336,50.95555143],[3.93819353,50.95551294],[3.93820249,50.9555185],[3.93824561,50.95549317],[3.93830971,50.95553593],[3.93831004,50.95553615],[3.93814608,50.95563476],[3.93806774,50.95568188]]]}},{"type":"Feature","id":"gebouw/Gebouw.19524374/0","properties":{"source":"Digitaal Vlaanderen Gebouwenregister","source_id":"gebouw/Gebouw.19524374/0","kind":"building","height_m":6.44,"status":null},"geometry":{"type":"Polygon","coordinates":[[[3.93806774,50.95568188],[3.93809628,50.95569984],[3.93802871,50.95573913],[3.93800172,50.95572159],[3.93806774,50.95568188]]]}},{"type":"Feature","id":"gebouw/Gebouw.19524376/0","properties":{"source":"Digitaal Vlaanderen Gebouwenregister","source_id":"gebouw/Gebouw.19524376/0","kind":"building","height_m":7.88,"status":null},"geometry":{"type":"Polygon","coordinates":[[[3.93925633,50.95606927],[3.93922774,50.95608762],[3.93916233,50.95604809],[3.93919228,50.95602802],[3.93911511,50.95597973],[3.93919798,50.95592593],[3.93934187,50.95601436],[3.93934196,50.95601441],[3.93925633,50.95606927]]]}},{"type":"Feature","id":"gebouw/Gebouw.19524377/0","properties":{"source":"Digitaal Vlaanderen Gebouwenregister","source_id":"gebouw/Gebouw.19524377/0","kind":"building","height_m":8.6,"status":null},"geometry":{"type":"Polygon","coordinates":[[[3.93925633,50.95606927],[3.93929241,50.9560925],[3.93919962,50.95615229],[3.93920925,50.95615784],[3.93913006,50.95620899],[3.93908574,50.956183],[3.93915566,50.95613389],[3.93922774,50.95608762],[3.93925633,50.95606927]]]}},{"type":"Feature","id":"gebouw/Gebouw.19524904/0","properties":{"source":"Digitaal Vlaanderen Gebouwenregister","source_id":"gebouw/Gebouw.19524904/0","kind":"building","height_m":5.0,"status":null},"geometry":{"type":"Polygon","coordinates":[[[3.93956489,50.95643623],[3.93949038,50.95648408],[3.93944257,50.956455],[3.93951841,50.95640699],[3.93956489,50.95643623]]]}},{"type":"Feature","id":"gebouw/Gebouw.19524905/0","properties":{"source":"Digitaal Vlaanderen Gebouwenregister","source_id":"gebouw/Gebouw.19524905/0","kind":"building","height_m":5.72,"status":null},"geometry":{"type":"Polygon","coordinates":[[[3.93956489,50.95643623],[3.93960548,50.95646176],[3.93952511,50.9565129],[3.93948479,50.95648766],[3.93949038,50.95648408],[3.93956489,50.95643623]]]}},{"type":"Feature","id":"gebouw/Gebouw.19524975/0","properties":{"source":"Digitaal Vlaanderen Gebouwenregister","source_id":"gebouw/Gebouw.19524975/0","kind":"building","height_m":5.72,"status":null},"geometry":{"type":"Polygon","coordinates":[[[3.93564984,50.95440938],[3.93562953,50.95442563],[3.93560129,50.95448671],[3.93558723,50.95448405],[3.93557121,50.95448103],[3.93557048,50.95448089],[3.93550389,50.95446832],[3.93553889,50.95439275],[3.93558071,50.95440047],[3.93574425,50.95427489],[3.93578773,50.95429908],[3.93564984,50.95440938]]]}},{"type":"Feature","id":"gebouw/Gebouw.19524976/0","properties":{"source":"Digitaal Vlaanderen Gebouwenregister","source_id":"gebouw/Gebouw.19524976/0","kind":"building","height_m":6.44,"status":null},"geometry":{"type":"Polygon","coordinates":[[[3.93595128,50.954241],[3.93591022,50.95427094],[3.93586409,50.9542457],[3.93592232,50.95420191],[3.93592317,50.95420128],[3.93592636,50.95420578],[3.93593575,50.95421905],[3.93594969,50.95423874],[3.93595128,50.954241]]]}},{"type":"Feature","id":"gebouw/Gebouw.19525582/0","properties":{"source":"Digitaal Vlaanderen Gebouwenregister","source_id":"gebouw/Gebouw.19525582/0","kind":"building","height_m":9.32,"status":null},"geometry":{"type":"Polygon","coordinates":[[[3.93109261,50.95413778],[3.93109145,50.95413948],[3.93102093,50.95412594],[3.93104575,50.95407346],[3.93112669,50.95408804],[3.93110954,50.95411308],[3.93110012,50.95412683],[3.93109261,50.95413778]]]}},{"type":"Feature","id":"gebouw/Gebouw.19525584/0","properties":{"source":"Digitaal Vlaanderen Gebouwenregister","source_id":"gebouw/Gebouw.19525584/0","kind":"building","height_m":5.72,"status":null},"geometry":{"type":"Polygon","coordinates":[[[3.93116224,50.95599762],[3.93115359,50.95600579],[3.93109334,50.95599358],[3.93115748,50.95588479],[3.93122139,50.95589956],[3.93120807,50.95592164],[3.93119174,50.95594872],[3.93116224,50.95599762]]]}},{"type":"Feature","id":"gebouw/Gebouw.19525585/0","properties":{"source":"Digitaal Vlaanderen Gebouwenregister","source_id":"gebouw/Gebouw.19525585/0","kind":"building","height_m":6.44,"status":null},"geometry":{"type":"Polygon","coordinates":[[[3.93119174,50.95594872],[3.93123479,50.95595874],[3.93120551,50.95600635],[3.93116224,50.95599762],[3.93119174,50.95594872]]]}},{"type":"Feature","id":"gebouw/Gebouw.19527244/0","properties":{"source":"Digitaal Vlaanderen Gebouwenregister","source_id":"gebouw/Gebouw.19527244/0","kind":"building","height_m":6.44,"status":null},"geometry":{"type":"Polygon","coordinates":[[[3.93977272,50.95661337],[3.93975868,50.95662381],[3.9397201,50.95660311],[3.93982639,50.95652409],[3.93986465,50.95654453],[3.93980433,50.9565897],[3.93977272,50.95661337]]]}},{"type":"Feature","id":"gebouw/Gebouw.19527247/0","properties":{"source":"Digitaal Vlaanderen Gebouwenregister","source_id":"gebouw/Gebouw.19527247/0","kind":"building","height_m":8.6,"status":null},"geometry":{"type":"Polygon","coordinates":[[[3.93943441,50.95627244],[3.93936959,50.95631367],[3.93933957,50.95629553],[3.93931659,50.95631062],[3.93927896,50.95628833],[3.93936842,50.95623139],[3.93943441,50.95627244]]]}},{"type":"Feature","id":"gebouw/Gebouw.19527248/0","properties":{"source":"Digitaal Vlaanderen Gebouwenregister","source_id":"gebouw/Gebouw.19527248/0","kind":"building","height_m":9.32,"status":null},"geometry":{"type":"Polygon","coordinates":[[[3.93956365,50.95610713],[3.93938637,50.95621997],[3.93936842,50.95623139],[3.93932856,50.95620659],[3.93932707,50.95620566],[3.93934492,50.95619419],[3.93940353,50.95615654],[3.93939186,50.95615003],[3.93942147,50.95613127],[3.93940162,50.95612055],[3.93941673,50.95611061],[3.93935241,50.95607349],[3.93942367,50.9560249],[3.93956365,50.95610713]]]}},{"type":"Feature","id":"gebouw/Gebouw.19527249/0","properties":{"source":"Digitaal Vlaanderen Gebouwenregister","source_id":"gebouw/Gebouw.19527249/0","kind":"building","height_m":5.0,"status":null},"geometry":{"type":"Polygon","coordinates":[[[3.93936842,50.95623139],[3.93927896,50.95628833],[3.93924321,50.95631108],[3.93924297,50.95631123],[3.93922553,50.95632233],[3.93918817,50.95630088],[3.93932856,50.95620659],[3.93936842,50.95623139]]]}},{"type":"Feature","id":"gebouw/Gebouw.19527251/0","properties":{"source":"Digitaal Vlaanderen Gebouwenregister","source_id":"gebouw/Gebouw.19527251/0","kind":"building","height_m":6.44,"status":null},"geometry":{"type":"Polygon","coordinates":[[[3.93104704,50.95536517],[3.93105496,50.95536827],[3.93106642,50.95537276],[3.93111272,50.95539088],[3.93112135,50.95539426],[3.93110911,50.95541236],[3.93105433,50.95539269],[3.93104362,50.95538885],[3.93103757,50.95538667],[3.93099766,50.95537235],[3.9310149,50.95535259],[3.93104704,50.95536517]]]}},{"type":"Feature","id":"gebouw/Gebouw.19932113/0","properties":{"source":"Digitaal Vlaanderen Gebouwenregister","source_id":"gebouw/Gebouw.19932113/0","kind":"building","height_m":8.6,"status":null},"geometry":{"type":"Polygon","coordinates":[[[3.93747969,50.95604624],[3.93755875,50.9559991],[3.93764154,50.95605449],[3.93756248,50.95610163],[3.93747969,50.95604624]]]}},{"type":"Feature","id":"gebouw/Gebouw.20194507/0","properties":{"source":"Digitaal Vlaanderen Gebouwenregister","source_id":"gebouw/Gebouw.20194507/0","kind":"building","height_m":7.88,"status":null},"geometry":{"type":"Polygon","coordinates":[[[3.94102519,50.95720966],[3.94098994,50.95719177],[3.94104593,50.95714776],[3.94108118,50.95716565],[3.94102519,50.95720966]]]}},{"type":"Feature","id":"gebouw/Gebouw.20194508/0","properties":{"source":"Digitaal Vlaanderen Gebouwenregister","source_id":"gebouw/Gebouw.20194508/0","kind":"building","height_m":8.6,"status":null},"geometry":{"type":"Polygon","coordinates":[[[3.93936246,50.95695992],[3.93933247,50.95694301],[3.93931796,50.95693483],[3.93929941,50.95692436],[3.93930246,50.9569222],[3.93932979,50.95690288],[3.93936095,50.95692045],[3.93937543,50.95691021],[3.93937592,50.95691048],[3.93938148,50.95691362],[3.93940467,50.95689721],[3.93943051,50.95691179],[3.93936246,50.95695992]]]}},{"type":"Feature","id":"gebouw/Gebouw.20194509/0","properties":{"source":"Digitaal Vlaanderen Gebouwenregister","source_id":"gebouw/Gebouw.20194509/0","kind":"building","height_m":9.32,"status":null},"geometry":{"type":"Polygon","coordinates":[[[3.93827121,50.95487725],[3.93828941,50.95488733],[3.93824423,50.95491989],[3.93822462,50.95490903],[3.93821805,50.9549054],[3.93826323,50.95487284],[3.93827121,50.95487725]]]}},{"type":"Feature","id":"gebouw/Gebouw.20194510/0","properties":{"source":"Digitaal Vlaanderen Gebouwenregister","source_id":"gebouw/Gebouw.20194510/0","kind":"building","height_m":5.0,"status":null},"geometry":{"type":"Polygon","coordinates":[[[3.94049234,50.95590572],[3.94052192,50.95588236],[3.94055809,50.95590063],[3.94052851,50.95592399],[3.94049234,50.95590572]]]}},{"type":"Feature","id":"gebouw/Gebouw.20194609/0","properties":{"source":"Digitaal Vlaanderen Gebouwenregister","source_id":"gebouw/Gebouw.20194609/0","kind":"building","height_m":5.72,"status":null},"geometry":{"type":"Polygon","coordinates":[[[3.93120203,50.9549909],[3.93122861,50.95497548],[3.93126938,50.95500351],[3.9312428,50.95501893],[3.93120203,50.9549909]]]}},{"type":"Feature","id":"gebouw/Gebouw.20880419/0","properties":{"source":"Digitaal Vlaanderen Gebouwenregister","source_id":"gebouw/Gebouw.20880419/0","kind":"building","height_m":5.0,"status":null},"geometry":{"type":"Polygon","coordinates":[[[3.93633791,50.95435974],[3.93631473,50.95437811],[3.93628462,50.95440197],[3.9361887,50.95435393],[3.93618448,50.95435742],[3.93617458,50.95435247],[3.93613432,50.95433233],[3.93617014,50.95430498],[3.93615384,50.95429673],[3.93616992,50.95428445],[3.93621697,50.95424852],[3.93631866,50.95429704],[3.93633632,50.95428387],[3.9363978,50.95431227],[3.93633791,50.95435974]]]}},{"type":"Feature","id":"gebouw/Gebouw.30585042/0","properties":{"source":"Digitaal Vlaanderen Gebouwenregister","source_id":"gebouw/Gebouw.30585042/0","kind":"building","height_m":8.6,"status":null},"geometry":{"type":"Polygon","coordinates":[[[3.93137224,50.95569589],[3.93140023,50.95570396],[3.93136914,50.95574698],[3.93133958,50.95573846],[3.93133485,50.9557371],[3.93134014,50.95572978],[3.93136594,50.95569408],[3.93137224,50.95569589]]]}},{"type":"Feature","id":"gebouw/Gebouw.30589713/0","properties":{"source":"Digitaal Vlaanderen Gebouwenregister","source_id":"gebouw/Gebouw.30589713/0","kind":"building","height_m":5.0,"status":null},"geometry":{"type":"Polygon","coordinates":[[[3.93364471,50.95547117],[3.93361938,50.95550349],[3.93356135,50.95548534],[3.93358667,50.95545302],[3.93364471,50.95547117]]]}},{"type":"Feature","id":"gebouw/Gebouw.30589715/0","properties":{"source":"Digitaal Vlaanderen Gebouwenregister","source_id":"gebouw/Gebouw.30589715/0","kind":"building","height_m":6.44,"status":null},"geometry":{"type":"Polygon","coordinates":[[[3.93940679,50.95546351],[3.93935415,50.95550868],[3.93929765,50.95548241],[3.93935029,50.95543724],[3.93940679,50.95546351]]]}},{"type":"Feature","id":"gebouw/Gebouw.30589716/0","properties":{"source":"Digitaal Vlaanderen Gebouwenregister","source_id":"gebouw/Gebouw.30589716/0","kind":"building","height_m":7.16,"status":null},"geometry":{"type":"Polygon","coordinates":[[[3.93958346,50.95742266],[3.93959185,50.95743282],[3.93953812,50.95745047],[3.93953195,50.95744299],[3.93949689,50.9574005],[3.93955062,50.95738286],[3.93958346,50.95742266]]]}},{"type":"Feature","id":"gebouw/Gebouw.30589717/0","properties":{"source":"Digitaal Vlaanderen Gebouwenregister","source_id":"gebouw/Gebouw.30589717/0","kind":"building","height_m":7.88,"status":null},"geometry":{"type":"Polygon","coordinates":[[[3.94154892,50.9556949],[3.94149331,50.95574745],[3.94144458,50.95572684],[3.94150019,50.95567429],[3.94154892,50.9556949]]]}},{"type":"Feature","id":"gebouw/Gebouw.30589721/0","properties":{"source":"Digitaal Vlaanderen Gebouwenregister","source_id":"gebouw/Gebouw.30589721/0","kind":"building","height_m":5.72,"status":null},"geometry":{"type":"Polygon","coordinates":[[[3.94135107,50.95731412],[3.94125919,50.95738257],[3.9412555,50.95738532],[3.94121287,50.95736261],[3.94120713,50.95735955],[3.94121371,50.95735464],[3.9413027,50.95728835],[3.94135107,50.95731412]]]}},{"type":"Feature","id":"gebouw/Gebouw.30589751/0","properties":{"source":"Digitaal Vlaanderen Gebouwenregister","source_id":"gebouw/Gebouw.30589751/0","kind":"building","height_m":7.16,"status":null},"geometry":{"type":"Polygon","coordinates":[[[3.93958209,50.9570666],[3.93953601,50.95709807],[3.93951759,50.95708699],[3.93950413,50.95707889],[3.93957364,50.95702355],[3.93960801,50.95704076],[3.93961301,50.95704326],[3.93958209,50.9570666]]]}},{"type":"Feature","id":"gebouw/Gebouw.30589752/0","properties":{"source":"Digitaal Vlaanderen Gebouwenregister","source_id":"gebouw/Gebouw.30589752/0","kind":"building","height_m":7.88,"status":null},"geometry":{"type":"Polygon","coordinates":[[[3.93964284,50.95702075],[3.93968634,50.95704253],[3.93962753,50.95708935],[3.93958209,50.9570666],[3.93961301,50.95704326],[3.93964284,50.95702075]]]}},{"type":"Feature","id":"gebouw/Gebouw.30589777/0","properties":{"source":"Digitaal Vlaanderen Gebouwenregister","source_id":"gebouw/Gebouw.30589777/0","kind":"building","height_m":5.72,"status":null},"geometry":{"type":"Polygon","coordinates":[[[3.93762775,50.95576588],[3.93765713,50.955786],[3.93761072,50.95581302],[3.93758106,50.95579271],[3.93757577,50.95578909],[3.93762218,50.95576206],[3.93762775,50.95576588]]]}},{"type":"Feature","id":"gebouw/Gebouw.30589778/0","properties":{"source":"Digitaal Vlaanderen Gebouwenregister","source_id":"gebouw/Gebouw.30589778/0","kind":"building","height_m":6.44,"status":null},"geometry":{"type":"Polygon","coordinates":[[[3.93135689,50.9540817],[3.93133939,50.95410502],[3.9312654,50.95408288],[3.93128289,50.95405956],[3.93135689,50.9540817]]]}},{"type":"Feature","id":"gebouw/Gebouw.30702652/0","properties":{"source":"Digitaal Vlaanderen Gebouwenregister","source_id":"gebouw/Gebouw.30702652/0","kind":"building","height_m":5.72,"status":null},"geometry":{"type":"Polygon","coordinates":[[[3.93397484,50.95425019],[3.93389015,50.95432372],[3.93388223,50.9543306],[3.93388636,50.95433245],[3.93397315,50.95437146],[3.93405733,50.9542974],[3.93401506,50.95427904],[3.93402285,50.95427183],[3.93397484,50.95425019]]]}},{"type":"Feature","id":"gebouw/Gebouw.30702654/0","properties":{"source":"Digitaal Vlaanderen Gebouwenregister","source_id":"gebouw/Gebouw.30702654/0","kind":"building","height_m":7.16,"status":null},"geometry":{"type":"Polygon","coordinates":[[[3.93397484,50.95425019],[3.93393534,50.95423241],[3.93394287,50.95422568],[3.93389725,50.95420536],[3.93381027,50.95427741],[3.93380513,50.95428551],[3.93389015,50.95432372],[3.93397484,50.95425019]]]}},{"type":"Feature","id":"gebouw/Gebouw.30702656/0","properties":{"source":"Digitaal Vlaanderen Gebouwenregister","source_id":"gebouw/Gebouw.30702656/0","kind":"building","height_m":8.6,"status":null},"geometry":{"type":"Polygon","coordinates":[[[3.9338157,50.95415859],[3.93381174,50.95415683],[3.93372103,50.95423819],[3.93372259,50.95423888],[3.93372832,50.95424139],[3.93381027,50.95427741],[3.93389725,50.95420536],[3.93389458,50.95420418],[3.93385549,50.95418677],[3.93386332,50.95417975],[3.93381785,50.95415954],[3.9338157,50.95415859]]]}},{"type":"Feature","id":"gebouw/Gebouw.31001644/0","properties":{"source":"Digitaal Vlaanderen Gebouwenregister","source_id":"gebouw/Gebouw.31001644/0","kind":"building","height_m":6.44,"status":null},"geometry":{"type":"Polygon","coordinates":[[[3.94001079,50.9556332],[3.93997276,50.95561679],[3.94002431,50.95556914],[3.94006234,50.95558555],[3.94001079,50.9556332]]]}},{"type":"Feature","id":"gebouw/Gebouw.31001707/0","properties":{"source":"Digitaal Vlaanderen Gebouwenregister","source_id":"gebouw/Gebouw.31001707/0","kind":"building","height_m":6.44,"status":null},"geometry":{"type":"Polygon","coordinates":[[[3.94063089,50.95499383],[3.94059235,50.95497587],[3.94062415,50.95494864],[3.94066269,50.9549666],[3.94063089,50.95499383]]]}},{"type":"Feature","id":"gebouw/Gebouw.31001721/0","properties":{"source":"Digitaal Vlaanderen Gebouwenregister","source_id":"gebouw/Gebouw.31001721/0","kind":"building","height_m":6.44,"status":null},"geometry":{"type":"Polygon","coordinates":[[[3.93922248,50.95515219],[3.93925574,50.95512584],[3.93930306,50.95514966],[3.93926901,50.95517664],[3.93926444,50.95517434],[3.93923758,50.95515979],[3.93922248,50.95515219]]]}},{"type":"Feature","id":"gebouw/Gebouw.31001779/0","properties":{"source":"Digitaal Vlaanderen Gebouwenregister","source_id":"gebouw/Gebouw.31001779/0","kind":"building","height_m":7.88,"status":null},"geometry":{"type":"Polygon","coordinates":[[[3.9413027,50.95728835],[3.94136226,50.95724376],[3.94141063,50.95726953],[3.94135107,50.95731412],[3.9413027,50.95728835]]]}},{"type":"Feature","id":"gebouw/Gebouw.31254865/0","properties":{"source":"Digitaal Vlaanderen Gebouwenregister","source_id":"gebouw/Gebouw.31254865/0","kind":"building","height_m":8.6,"status":null},"geometry":{"type":"Polygon","coordinates":[[[3.93732354,50.95534332],[3.9373729,50.95529891],[3.93732123,50.95527542],[3.93732659,50.95527113],[3.93723472,50.95522813],[3.9373157,50.95515541],[3.93737698,50.95518281],[3.93737323,50.95518647],[3.93745377,50.95522233],[3.93746897,50.95520871],[3.93755242,50.95524587],[3.93749108,50.95530112],[3.93745137,50.95528354],[3.93741722,50.95531431],[3.93743478,50.95532228],[3.93738389,50.95536822],[3.93732354,50.95534332]]]}},{"type":"Feature","id":"gebouw/Gebouw.31275917/0","properties":{"source":"Digitaal Vlaanderen Gebouwenregister","source_id":"gebouw/Gebouw.31275917/0","kind":"building","height_m":5.72,"status":null},"geometry":{"type":"Polygon","coordinates":[[[3.93136361,50.95528316],[3.93147893,50.95531002],[3.93150517,50.95527362],[3.93138786,50.95524675],[3.93136361,50.95528316]]]}},{"type":"Feature","id":"gebouw/Gebouw.31275919/0","properties":{"source":"Digitaal Vlaanderen Gebouwenregister","source_id":"gebouw/Gebouw.31275919/0","kind":"building","height_m":7.16,"status":null},"geometry":{"type":"Polygon","coordinates":[[[3.9313495,50.95530073],[3.93132725,50.95533588],[3.93145649,50.95536531],[3.93147677,50.95532763],[3.9313495,50.95530073]]]}},{"type":"Feature","id":"gebouw/Gebouw.31275921/0","properties":{"source":"Digitaal Vlaanderen Gebouwenregister","source_id":"gebouw/Gebouw.31275921/0","kind":"building","height_m":8.6,"status":null},"geometry":{"type":"Polygon","coordinates":[[[3.9312384,50.95546266],[3.93139938,50.95550731],[3.93143167,50.95546338],[3.93127262,50.95542503],[3.9312384,50.95546266]]]}},{"type":"Feature","id":"gebouw/Gebouw.31275923/0","properties":{"source":"Digitaal Vlaanderen Gebouwenregister","source_id":"gebouw/Gebouw.31275923/0","kind":"building","height_m":5.0,"status":null},"geometry":{"type":"Polygon","coordinates":[[[3.93143547,50.95548327],[3.931455,50.95544959],[3.93136966,50.95542854],[3.93138441,50.95540364],[3.93138452,50.95540345],[3.93137902,50.95540203],[3.93137886,50.9554023],[3.93135361,50.95544422],[3.93130814,50.955433],[3.93128333,50.95547312],[3.93127013,50.95547],[3.9312627,50.95548254],[3.93122242,50.9555505],[3.93131477,50.95557269],[3.93130866,50.9555829],[3.93141536,50.95560891],[3.93146237,50.95553088],[3.93148412,50.95549477],[3.93143547,50.95548327]]]}},{"type":"Feature","id":"gebouw/Gebouw.31332965/0","properties":{"source":"Digitaal Vlaanderen Gebouwenregister","source_id":"gebouw/Gebouw.31332965/0","kind":"building","height_m":9.32,"status":null},"geometry":{"type":"Polygon","coordinates":[[[3.9368004,50.95518977],[3.93680022,50.95518989],[3.93664833,50.95529339],[3.93660171,50.95526455],[3.93669625,50.95520359],[3.93671417,50.95521468],[3.93681627,50.95514884],[3.9367771,50.9551246],[3.93687219,50.95505716],[3.93683865,50.95503785],[3.93683594,50.9550395],[3.93681567,50.95502761],[3.9368652,50.95499279],[3.93688739,50.95500538],[3.93692298,50.95498047],[3.9369923,50.95501608],[3.93696894,50.95503421],[3.93700059,50.95505047],[3.93700096,50.95505066],[3.93697703,50.95506749],[3.9368004,50.95518977]]]}},{"type":"Feature","id":"gebouw/Gebouw.31332967/0","properties":{"source":"Digitaal Vlaanderen Gebouwenregister","source_id":"gebouw/Gebouw.31332967/0","kind":"building","height_m":5.72,"status":null},"geometry":{"type":"Polygon","coordinates":[[[3.93697703,50.95506749],[3.93700749,50.95508514],[3.93693678,50.95513358],[3.93691103,50.95515122],[3.93682895,50.95520743],[3.93680434,50.95519221],[3.9368004,50.95518977],[3.93697703,50.95506749]]]}},{"type":"Feature","id":"gebouw/Gebouw.31332969/0","properties":{"source":"Digitaal Vlaanderen Gebouwenregister","source_id":"gebouw/Gebouw.31332969/0","kind":"building","height_m":7.16,"status":null},"geometry":{"type":"Polygon","coordinates":[[[3.9312424,50.95586947],[3.93122571,50.95589337],[3.93122521,50.95589323],[3.93096673,50.95582443],[3.93096078,50.95582281],[3.93099414,50.95577057],[3.93113833,50.95580964],[3.93119162,50.95582281],[3.93117396,50.95584864],[3.9312424,50.95586947]]]}},{"type":"Feature","id":"gebouw/Gebouw.31332971/0","properties":{"source":"Digitaal Vlaanderen Gebouwenregister","source_id":"gebouw/Gebouw.31332971/0","kind":"building","height_m":8.6,"status":null},"geometry":{"type":"Polygon","coordinates":[[[3.93125535,50.95587163],[3.93126132,50.95586319],[3.93128941,50.95587113],[3.93126765,50.95590453],[3.93122571,50.95589337],[3.9312424,50.95586947],[3.93125535,50.95587163]]]}},{"type":"Feature","id":"gebouw/Gebouw.31333220/0","properties":{"source":"Digitaal Vlaanderen Gebouwenregister","source_id":"gebouw/Gebouw.31333220/0","kind":"building","height_m":6.44,"status":null},"geometry":{"type":"Polygon","coordinates":[[[3.93937592,50.95691048],[3.93938148,50.95691362],[3.93940467,50.95689721],[3.93943051,50.95691179],[3.93936246,50.95695992],[3.93933247,50.95694301],[3.93936189,50.95692098],[3.93937047,50.95691456],[3.93937592,50.95691048]]]}},{"type":"Feature","id":"gebouw/Gebouw.31333221/0","properties":{"source":"Digitaal Vlaanderen Gebouwenregister","source_id":"gebouw/Gebouw.31333221/0","kind":"building","height_m":7.16,"status":null},"geometry":{"type":"Polygon","coordinates":[[[3.93936189,50.95692098],[3.93933247,50.95694301],[3.93931796,50.95693483],[3.93929941,50.95692436],[3.93930246,50.9569222],[3.93932979,50.95690288],[3.93935943,50.95691959],[3.93936095,50.95692045],[3.93936189,50.95692098]]]}},{"type":"Feature","id":"gebouw/Gebouw.31528919/0","properties":{"source":"Digitaal Vlaanderen Gebouwenregister","source_id":"gebouw/Gebouw.31528919/0","kind":"building","height_m":6.44,"status":null},"geometry":{"type":"Polygon","coordinates":[[[3.94132726,50.95758973],[3.94131354,50.95757947],[3.94129838,50.95758757],[3.94131211,50.95759783],[3.94132726,50.95758973]]]}},{"type":"Feature","id":"gebouw/Gebouw.31678244/0","properties":{"source":"Digitaal Vlaanderen Gebouwenregister","source_id":"gebouw/Gebouw.31678244/0","kind":"building","height_m":7.16,"status":null},"geometry":{"type":"Polygon","coordinates":[[[3.93565373,50.95468474],[3.93554727,50.95465401],[3.93542518,50.95477605],[3.93551955,50.95481372],[3.93565373,50.95468474]]]}},{"type":"Feature","id":"gebouw/Gebouw.31678246/0","properties":{"source":"Digitaal Vlaanderen Gebouwenregister","source_id":"gebouw/Gebouw.31678246/0","kind":"building","height_m":8.6,"status":null},"geometry":{"type":"Polygon","coordinates":[[[3.9356555,50.95468587],[3.93574776,50.95471318],[3.93559871,50.95486433],[3.93551225,50.95483032],[3.9356555,50.95468587]]]}},{"type":"Feature","id":"gebouw/Gebouw.31678248/0","properties":{"source":"Digitaal Vlaanderen Gebouwenregister","source_id":"gebouw/Gebouw.31678248/0","kind":"building","height_m":5.0,"status":null},"geometry":{"type":"Polygon","coordinates":[[[3.93577822,50.9546897],[3.9356346,50.95483075],[3.9357224,50.95486642],[3.93586602,50.95472536],[3.93577822,50.9546897]]]}},{"type":"Feature","id":"gebouw/Gebouw.31690130/0","properties":{"source":"Digitaal Vlaanderen Gebouwenregister","source_id":"gebouw/Gebouw.31690130/0","kind":"building","height_m":7.16,"status":null},"geometry":{"type":"Polygon","coordinates":[[[3.94118728,50.95659219],[3.94120132,50.95659791],[3.94119385,50.95660543],[3.94125355,50.95662929],[3.94126097,50.95662189],[3.94135525,50.95665962],[3.94148956,50.95652179],[3.9414321,50.95649898],[3.94144005,50.956491],[3.9414987,50.95651429],[3.94152161,50.95649128],[3.94143856,50.9564583],[3.94139814,50.95649891],[3.94132692,50.95647063],[3.94127653,50.95652124],[3.94126454,50.95651648],[3.94118728,50.95659219]]]}},{"type":"Feature","id":"gebouw/Gebouw.31690134/0","properties":{"source":"Digitaal Vlaanderen Gebouwenregister","source_id":"gebouw/Gebouw.31690134/0","kind":"building","height_m":5.0,"status":null},"geometry":{"type":"Polygon","coordinates":[[[3.9411291,50.956428],[3.94100703,50.95654509],[3.94104283,50.95655958],[3.94103522,50.95656719],[3.94108945,50.95658908],[3.94121339,50.95646182],[3.9411291,50.956428]]]}},{"type":"Feature","id":"gebouw/Gebouw.31690137/0","properties":{"source":"Digitaal Vlaanderen Gebouwenregister","source_id":"gebouw/Gebouw.31690137/0","kind":"building","height_m":7.16,"status":null},"geometry":{"type":"Polygon","coordinates":[[[3.9411291,50.956428],[3.94107113,50.9564047],[3.94103933,50.9564363],[3.94102214,50.9564294],[3.94093895,50.9565103],[3.94095937,50.95651846],[3.9409542,50.95652375],[3.94100703,50.95654509],[3.9411291,50.956428]]]}},{"type":"Feature","id":"gebouw/Gebouw.31761990/0","properties":{"source":"Digitaal Vlaanderen Gebouwenregister","source_id":"gebouw/Gebouw.31761990/0","kind":"building","height_m":5.72,"status":null},"geometry":{"type":"Polygon","coordinates":[[[3.93359066,50.95452669],[3.93362068,50.95449899],[3.93358489,50.95448351],[3.93355487,50.95451122],[3.93359066,50.95452669]]]}},{"type":"Feature","id":"gebouw/Gebouw.31762027/0","properties":{"source":"Digitaal Vlaanderen Gebouwenregister","source_id":"gebouw/Gebouw.31762027/0","kind":"building","height_m":7.16,"status":null},"geometry":{"type":"Polygon","coordinates":[[[3.93416291,50.95470372],[3.93422815,50.95463376],[3.93415361,50.95460603],[3.93408893,50.95467538],[3.93411242,50.95468412],[3.93409996,50.95469748],[3.93414567,50.95471449],[3.93415757,50.95470173],[3.93416291,50.95470372]]]}},{"type":"Feature","id":"gebouw/Gebouw.31762192/0","properties":{"source":"Digitaal Vlaanderen Gebouwenregister","source_id":"gebouw/Gebouw.31762192/0","kind":"building","height_m":5.0,"status":null},"geometry":{"type":"Polygon","coordinates":[[[3.94062165,50.95599217],[3.94069292,50.95602918],[3.94073945,50.95599343],[3.94066818,50.95595642],[3.94062165,50.95599217]]]}},{"type":"Feature","id":"gebouw/Gebouw.31762284/0","properties":{"source":"Digitaal Vlaanderen Gebouwenregister","source_id":"gebouw/Gebouw.31762284/0","kind":"building","height_m":5.72,"status":null},"geometry":{"type":"Polygon","coordinates":[[[3.94032934,50.9554513],[3.94021243,50.95555244],[3.94027061,50.95557927],[3.94038753,50.95547813],[3.94032934,50.9554513]]]}},{"type":"Feature","id":"gebouw/Gebouw.31762562/0","properties":{"source":"Digitaal Vlaanderen Gebouwenregister","source_id":"gebouw/Gebouw.31762562/0","kind":"building","height_m":9.32,"status":null},"geometry":{"type":"Polygon","coordinates":[[[3.93158597,50.95469353],[3.93165792,50.95471777],[3.93167828,50.95469367],[3.93160632,50.95466943],[3.93158597,50.95469353]]]}},{"type":"Feature","id":"way/175279490","properties":{"source":"OpenStreetMap","source_id":"way/175279490","kind":"vegetation","name":null,"waterway":null,"landuse":"forest"},"geometry":{"type":"Polygon","coordinates":[[[3.9387087,50.9590514],[3.9386479,50.9592538],[3.9359997,50.9589842],[3.9362495,50.9588565],[3.9363867,50.9587946],[3.9387087,50.9590514]]]}},{"type":"Feature","id":"way/175299396","properties":{"source":"OpenStreetMap","source_id":"way/175299396","kind":"vegetation","name":null,"waterway":null,"landuse":"forest"},"geometry":{"type":"Polygon","coordinates":[[[3.9327627,50.9554847],[3.9331798,50.9551046],[3.9338255,50.9553253],[3.9333535,50.9557284],[3.9333883,50.9558451],[3.9334694,50.9559655],[3.9334114,50.9560129],[3.9333159,50.9560092],[3.933258,50.9559874],[3.9332175,50.9559509],[3.9330611,50.9559509],[3.9329279,50.9559545],[3.9328729,50.9559217],[3.9328903,50.9558743],[3.9329713,50.9558506],[3.9330727,50.9558123],[3.9331567,50.9556609],[3.9328146,50.9555374],[3.9325239,50.9553801],[3.932561,50.9553577],[3.9327627,50.9554847]]]}},{"type":"Feature","id":"way/175299411","properties":{"source":"OpenStreetMap","source_id":"way/175299411","kind":"vegetation","name":null,"waterway":null,"landuse":"forest"},"geometry":{"type":"Polygon","coordinates":[[[3.9323652,50.958623],[3.9321482,50.9586669],[3.9324185,50.9592111],[3.9326355,50.9591724],[3.9323652,50.958623]]]}},{"type":"Feature","id":"way/175299417","properties":{"source":"OpenStreetMap","source_id":"way/175299417","kind":"vegetation","name":null,"waterway":null,"landuse":"forest"},"geometry":{"type":"Polygon","coordinates":[[[3.9344924,50.955779],[3.9348296,50.955871],[3.9344545,50.9563204],[3.9340819,50.956212],[3.9344924,50.955779]]]}},{"type":"Feature","id":"way/175299423","properties":{"source":"OpenStreetMap","source_id":"way/175299423","kind":"vegetation","name":null,"waterway":null,"landuse":"forest"},"geometry":{"type":"Polygon","coordinates":[[[3.9362798,50.9550977],[3.9368377,50.9553299],[3.9366124,50.9555285],[3.9373603,50.9559751],[3.9380292,50.9563745],[3.9380903,50.9564202],[3.9382913,50.9565706],[3.9386598,50.9563591],[3.9387841,50.9564334],[3.9389833,50.9565525],[3.9385247,50.9568388],[3.9385943,50.9569962],[3.9374027,50.9577132],[3.9375665,50.9578344],[3.9374959,50.9578715],[3.9372743,50.9579878],[3.9372471,50.9580021],[3.9376402,50.9583374],[3.9379236,50.9582609],[3.9379842,50.9582445],[3.9380954,50.9583459],[3.9362481,50.9587982],[3.9358426,50.9585334],[3.9366862,50.9582239],[3.9363586,50.9579608],[3.936076,50.9581207],[3.9359614,50.9580382],[3.9362234,50.9578963],[3.9355724,50.9574965],[3.9352612,50.9573856],[3.935122,50.957285],[3.9348763,50.9572335],[3.9346634,50.9572438],[3.9346511,50.9570194],[3.9348067,50.9570039],[3.934819,50.9568904],[3.9338321,50.9565938],[3.9339714,50.9564132],[3.9352735,50.956844],[3.9354536,50.9566428],[3.9351957,50.9565422],[3.9361375,50.9555724],[3.9358918,50.9554666],[3.9360351,50.9553428],[3.9362798,50.9550977]]]}},{"type":"Feature","id":"way/175299463","properties":{"source":"OpenStreetMap","source_id":"way/175299463","kind":"vegetation","name":null,"waterway":null,"landuse":"forest"},"geometry":{"type":"Polygon","coordinates":[[[3.9379236,50.9582609],[3.9377473,50.9581148],[3.9377155,50.9580473],[3.9374959,50.9578715],[3.9375665,50.9578344],[3.937785,50.958009],[3.9378572,50.9580746],[3.9380282,50.9582297],[3.9379842,50.9582445],[3.9379236,50.9582609]]]}},{"type":"Feature","id":"way/175299473","properties":{"source":"OpenStreetMap","source_id":"way/175299473","kind":"water","name":null,"waterway":null,"landuse":null},"geometry":{"type":"Polygon","coordinates":[[[3.9374959,50.9578715],[3.9377155,50.9580473],[3.9377473,50.9581148],[3.9377126,50.9581586],[3.9376576,50.9581877],[3.9375939,50.9581896],[3.9375273,50.9581677],[3.9372743,50.9579878],[3.9374959,50.9578715]]]}},{"type":"Feature","id":"way/175422464","properties":{"source":"OpenStreetMap","source_id":"way/175422464","kind":"vegetation","name":null,"waterway":null,"landuse":"forest"},"geometry":{"type":"Polygon","coordinates":[[[3.9401629,50.9554468],[3.9405504,50.9556418],[3.9407242,50.9554933],[3.9409158,50.9553295],[3.9405389,50.9551458],[3.9401629,50.9554468]]]}},{"type":"Feature","id":"way/668045759","properties":{"source":"OpenStreetMap","source_id":"way/668045759","kind":"waterway","name":null,"waterway":"drain","landuse":null},"geometry":{"type":"LineString","coordinates":[[3.9312993,50.9576565],[3.9312688,50.9576677],[3.9309617,50.957772],[3.9309222,50.9577843]]}}]}