{"type":"FeatureCollection","features":[{"type":"Feature","id":"gebouw/Gebouw.7829980/0","properties":{"source":"Digitaal Vlaanderen Gebouwenregister","source_id":"gebouw/Gebouw.7829980/0","kind":"building","height_m":7.88,"status":null},"geometry":{"type":"Polygon","coordinates":[[[3.9794969,50.98111352],[3.97952925,50.9811947],[3.97938119,50.98121768],[3.97932392,50.98107401],[3.97942884,50.98105808],[3.97947218,50.9810515],[3.9794969,50.98111352]]]}},{"type":"Feature","id":"gebouw/Gebouw.7843992/0","properties":{"source":"Digitaal Vlaanderen Gebouwenregister","source_id":"gebouw/Gebouw.7843992/0","kind":"building","height_m":6.44,"status":null},"geometry":{"type":"Polygon","coordinates":[[[3.97455993,50.98113845],[3.97461151,50.98114016],[3.97460714,50.98118956],[3.97455644,50.98118805],[3.97455993,50.98113845]]]}},{"type":"Feature","id":"gebouw/Gebouw.7870832/0","properties":{"source":"Digitaal Vlaanderen Gebouwenregister","source_id":"gebouw/Gebouw.7870832/0","kind":"building","height_m":7.88,"status":null},"geometry":{"type":"Polygon","coordinates":[[[3.98144822,50.98032923],[3.98152001,50.98034034],[3.9815168,50.98034821],[3.98154608,50.98035297],[3.98152451,50.98040587],[3.98149291,50.98040074],[3.98150342,50.98037498],[3.98150085,50.98037456],[3.98149619,50.98038599],[3.98142912,50.9803751],[3.98144822,50.98032923]]]}},{"type":"Feature","id":"gebouw/Gebouw.7903221/0","properties":{"source":"Digitaal Vlaanderen Gebouwenregister","source_id":"gebouw/Gebouw.7903221/0","kind":"building","height_m":7.88,"status":null},"geometry":{"type":"Polygon","coordinates":[[[3.97376439,50.98138901],[3.97363947,50.98141394],[3.97370141,50.98153393],[3.97381791,50.98150967],[3.97376439,50.98138901]]]}},{"type":"Feature","id":"gebouw/Gebouw.8347791/0","properties":{"source":"Digitaal Vlaanderen Gebouwenregister","source_id":"gebouw/Gebouw.8347791/0","kind":"building","height_m":7.88,"status":null},"geometry":{"type":"Polygon","coordinates":[[[3.97854844,50.98023739],[3.97855503,50.98030784],[3.97849922,50.98031036],[3.97849261,50.98023991],[3.97854844,50.98023739]]]}},{"type":"Feature","id":"gebouw/Gebouw.9043754/0","properties":{"source":"Digitaal Vlaanderen Gebouwenregister","source_id":"gebouw/Gebouw.9043754/0","kind":"building","height_m":9.32,"status":null},"geometry":{"type":"Polygon","coordinates":[[[3.98018056,50.98012389],[3.98027559,50.98011558],[3.98026222,50.98005439],[3.9803502,50.98004673],[3.98038201,50.98019229],[3.98019982,50.98020858],[3.98018056,50.98012389]]]}},{"type":"Feature","id":"gebouw/Gebouw.9043835/0","properties":{"source":"Digitaal Vlaanderen Gebouwenregister","source_id":"gebouw/Gebouw.9043835/0","kind":"building","height_m":7.16,"status":null},"geometry":{"type":"Polygon","coordinates":[[[3.97877456,50.98074841],[3.97876211,50.98067465],[3.97880851,50.98067068],[3.9788186,50.98072268],[3.97883555,50.98072156],[3.97883996,50.9807439],[3.97877456,50.98074841]]]}},{"type":"Feature","id":"gebouw/Gebouw.9043836/0","properties":{"source":"Digitaal Vlaanderen Gebouwenregister","source_id":"gebouw/Gebouw.9043836/0","kind":"building","height_m":7.88,"status":null},"geometry":{"type":"Polygon","coordinates":[[[3.97478308,50.98043841],[3.97478602,50.98040828],[3.97482989,50.98040953],[3.97482903,50.98043986],[3.97478308,50.98043841]]]}},{"type":"Feature","id":"gebouw/Gebouw.9043849/0","properties":{"source":"Digitaal Vlaanderen Gebouwenregister","source_id":"gebouw/Gebouw.9043849/0","kind":"building","height_m":7.16,"status":null},"geometry":{"type":"Polygon","coordinates":[[[3.98129852,50.97965912],[3.98122443,50.97968363],[3.98127936,50.97975731],[3.98135575,50.97973242],[3.98132786,50.97969831],[3.98133672,50.97969543],[3.98130521,50.9796569],[3.98129852,50.97965912]]]}},{"type":"Feature","id":"gebouw/Gebouw.9043945/0","properties":{"source":"Digitaal Vlaanderen Gebouwenregister","source_id":"gebouw/Gebouw.9043945/0","kind":"building","height_m":5.72,"status":null},"geometry":{"type":"Polygon","coordinates":[[[3.98225438,50.97980463],[3.98216597,50.97983397],[3.98213744,50.97979673],[3.98210645,50.97975626],[3.98219646,50.97972894],[3.98225438,50.97980463]]]}},{"type":"Feature","id":"gebouw/Gebouw.9043989/0","properties":{"source":"Digitaal Vlaanderen Gebouwenregister","source_id":"gebouw/Gebouw.9043989/0","kind":"building","height_m":7.16,"status":null},"geometry":{"type":"Polygon","coordinates":[[[3.98167169,50.97952391],[3.98174475,50.97950124],[3.98182467,50.97959982],[3.98174887,50.9796243],[3.98167169,50.97952391]]]}},{"type":"Feature","id":"gebouw/Gebouw.9043990/0","properties":{"source":"Digitaal Vlaanderen Gebouwenregister","source_id":"gebouw/Gebouw.9043990/0","kind":"building","height_m":7.88,"status":null},"geometry":{"type":"Polygon","coordinates":[[[3.98179006,50.9793965],[3.98182997,50.97944359],[3.98177487,50.97946132],[3.98173702,50.97941482],[3.98179006,50.9793965]]]}},{"type":"Feature","id":"gebouw/Gebouw.9044007/0","properties":{"source":"Digitaal Vlaanderen Gebouwenregister","source_id":"gebouw/Gebouw.9044007/0","kind":"building","height_m":5.0,"status":null},"geometry":{"type":"Polygon","coordinates":[[[3.97364455,50.97863202],[3.97363368,50.97867626],[3.97351978,50.97866714],[3.97352375,50.97865258],[3.97336732,50.97863589],[3.9733723,50.97860956],[3.97342102,50.97861358],[3.97364455,50.97863202]]]}},{"type":"Feature","id":"gebouw/Gebouw.9044118/0","properties":{"source":"Digitaal Vlaanderen Gebouwenregister","source_id":"gebouw/Gebouw.9044118/0","kind":"building","height_m":9.32,"status":null},"geometry":{"type":"Polygon","coordinates":[[[3.97529801,50.97687036],[3.97527576,50.97688098],[3.97523077,50.97684581],[3.97525451,50.97683503],[3.97529801,50.97687036]]]}},{"type":"Feature","id":"gebouw/Gebouw.9044119/0","properties":{"source":"Digitaal Vlaanderen Gebouwenregister","source_id":"gebouw/Gebouw.9044119/0","kind":"building","height_m":5.0,"status":null},"geometry":{"type":"Polygon","coordinates":[[[3.97464157,50.97712665],[3.9746448,50.977128],[3.97465945,50.97711356],[3.97469287,50.97712779],[3.97467732,50.97714242],[3.97468229,50.97714491],[3.97465976,50.97716525],[3.97461904,50.977147],[3.97464157,50.97712665]]]}},{"type":"Feature","id":"gebouw/Gebouw.9044120/0","properties":{"source":"Digitaal Vlaanderen Gebouwenregister","source_id":"gebouw/Gebouw.9044120/0","kind":"building","height_m":5.72,"status":null},"geometry":{"type":"Polygon","coordinates":[[[3.97439293,50.97656129],[3.97439072,50.97661494],[3.97427672,50.97661225],[3.97419647,50.97661036],[3.9741343,50.97660889],[3.97413853,50.97654231],[3.97439327,50.97655306],[3.97439293,50.97656129]]]}},{"type":"Feature","id":"gebouw/Gebouw.9044121/0","properties":{"source":"Digitaal Vlaanderen Gebouwenregister","source_id":"gebouw/Gebouw.9044121/0","kind":"building","height_m":6.44,"status":null},"geometry":{"type":"Polygon","coordinates":[[[3.97864034,50.98075213],[3.97863077,50.98072337],[3.97866565,50.98071758],[3.97867754,50.98071659],[3.97869552,50.98086757],[3.97868807,50.98086843],[3.97873635,50.98090306],[3.97870355,50.98091899],[3.97869887,50.98091669],[3.97868467,50.9809257],[3.97864683,50.9808998],[3.97866317,50.98088875],[3.97864891,50.98087866],[3.97863379,50.98075281],[3.97864034,50.98075213]]]}},{"type":"Feature","id":"gebouw/Gebouw.9044122/0","properties":{"source":"Digitaal Vlaanderen Gebouwenregister","source_id":"gebouw/Gebouw.9044122/0","kind":"building","height_m":7.16,"status":null},"geometry":{"type":"Polygon","coordinates":[[[3.97462116,50.98100953],[3.97462961,50.9809628],[3.97469208,50.98096744],[3.97469107,50.98097267],[3.97475252,50.98097743],[3.97475211,50.98100743],[3.97468629,50.98100409],[3.97468334,50.98101398],[3.97462116,50.98100953]]]}},{"type":"Feature","id":"gebouw/Gebouw.9044159/0","properties":{"source":"Digitaal Vlaanderen Gebouwenregister","source_id":"gebouw/Gebouw.9044159/0","kind":"building","height_m":8.6,"status":null},"geometry":{"type":"Polygon","coordinates":[[[3.9806151,50.9796378],[3.9805895,50.97958453],[3.98045893,50.97960948],[3.98041493,50.9795177],[3.98058582,50.97948506],[3.9806291,50.97957296],[3.98067355,50.97956466],[3.98070857,50.97961656],[3.9806151,50.9796378]]]}},{"type":"Feature","id":"gebouw/Gebouw.9044357/0","properties":{"source":"Digitaal Vlaanderen Gebouwenregister","source_id":"gebouw/Gebouw.9044357/0","kind":"building","height_m":5.0,"status":null},"geometry":{"type":"Polygon","coordinates":[[[3.97405728,50.97826001],[3.97413435,50.97827268],[3.97411751,50.97831201],[3.97404071,50.9782999],[3.97405728,50.97826001]]]}},{"type":"Feature","id":"gebouw/Gebouw.9044358/0","properties":{"source":"Digitaal Vlaanderen Gebouwenregister","source_id":"gebouw/Gebouw.9044358/0","kind":"building","height_m":5.72,"status":null},"geometry":{"type":"Polygon","coordinates":[[[3.97430256,50.97811688],[3.97440466,50.97812609],[3.97440064,50.97814215],[3.97429879,50.97813463],[3.97430256,50.97811688]]]}},{"type":"Feature","id":"gebouw/Gebouw.9044409/0","properties":{"source":"Digitaal Vlaanderen Gebouwenregister","source_id":"gebouw/Gebouw.9044409/0","kind":"building","height_m":7.16,"status":null},"geometry":{"type":"Polygon","coordinates":[[[3.98001182,50.9800394],[3.98003453,50.98013597],[3.97987748,50.98014987],[3.9798561,50.98015109],[3.97984515,50.98010545],[3.97986741,50.98010332],[3.97985556,50.98005439],[3.97990381,50.98004972],[3.97991265,50.98004887],[3.97991081,50.98004178],[3.97991299,50.98004156],[3.97991332,50.98004024],[3.9799148,50.98003928],[3.97991688,50.98003905],[3.97991879,50.98003962],[3.97991982,50.98004079],[3.97992153,50.98004073],[3.97992363,50.98005006],[3.97994472,50.98004812],[3.97994262,50.9800388],[3.97994409,50.98003867],[3.97994437,50.9800373],[3.97994586,50.9800363],[3.979948,50.98003603],[3.97994999,50.98003661],[3.97995106,50.98003781],[3.97995345,50.98003756],[3.97995515,50.98004472],[3.9799632,50.98004396],[3.98001182,50.9800394]]]}},{"type":"Feature","id":"gebouw/Gebouw.9044458/0","properties":{"source":"Digitaal Vlaanderen Gebouwenregister","source_id":"gebouw/Gebouw.9044458/0","kind":"building","height_m":7.16,"status":null},"geometry":{"type":"Polygon","coordinates":[[[3.97443984,50.97849438],[3.97443763,50.97851081],[3.97438419,50.97850606],[3.97432162,50.97850051],[3.97432703,50.97847734],[3.97444064,50.97848837],[3.97443984,50.97849438]]]}},{"type":"Feature","id":"gebouw/Gebouw.9044459/0","properties":{"source":"Digitaal Vlaanderen Gebouwenregister","source_id":"gebouw/Gebouw.9044459/0","kind":"building","height_m":7.88,"status":null},"geometry":{"type":"Polygon","coordinates":[[[3.97416324,50.97848803],[3.97416953,50.97845476],[3.97427961,50.978465],[3.97431067,50.97846816],[3.97430416,50.978499],[3.97423871,50.9784939],[3.97419044,50.97849015],[3.97416324,50.97848803]]]}},{"type":"Feature","id":"gebouw/Gebouw.9044460/0","properties":{"source":"Digitaal Vlaanderen Gebouwenregister","source_id":"gebouw/Gebouw.9044460/0","kind":"building","height_m":8.6,"status":null},"geometry":{"type":"Polygon","coordinates":[[[3.9733615,50.97903696],[3.97334998,50.97903514],[3.9733485,50.97903642],[3.97330544,50.97902583],[3.97331196,50.9790053],[3.97336814,50.97901193],[3.97337498,50.97899047],[3.97353272,50.97900906],[3.97351764,50.97905647],[3.97336309,50.97903304],[3.9733615,50.97903696]]]}},{"type":"Feature","id":"gebouw/Gebouw.9044492/0","properties":{"source":"Digitaal Vlaanderen Gebouwenregister","source_id":"gebouw/Gebouw.9044492/0","kind":"building","height_m":6.44,"status":null},"geometry":{"type":"Polygon","coordinates":[[[3.97425681,50.97740662],[3.9742588,50.97736787],[3.9743009,50.9773691],[3.97429831,50.97740784],[3.97425681,50.97740662]]]}},{"type":"Feature","id":"gebouw/Gebouw.9044493/0","properties":{"source":"Digitaal Vlaanderen Gebouwenregister","source_id":"gebouw/Gebouw.9044493/0","kind":"building","height_m":7.16,"status":null},"geometry":{"type":"Polygon","coordinates":[[[3.97934636,50.98086238],[3.97933781,50.98080796],[3.97938894,50.98080442],[3.97939689,50.9808592],[3.97934636,50.98086238]]]}},{"type":"Feature","id":"gebouw/Gebouw.9044494/0","properties":{"source":"Digitaal Vlaanderen Gebouwenregister","source_id":"gebouw/Gebouw.9044494/0","kind":"building","height_m":7.88,"status":null},"geometry":{"type":"Polygon","coordinates":[[[3.97879549,50.9803239],[3.97879153,50.98028577],[3.97877162,50.98015889],[3.97868927,50.98016311],[3.97871476,50.9803009],[3.97875278,50.98029906],[3.97875604,50.98032582],[3.97879549,50.9803239]]]}},{"type":"Feature","id":"gebouw/Gebouw.9044495/0","properties":{"source":"Digitaal Vlaanderen Gebouwenregister","source_id":"gebouw/Gebouw.9044495/0","kind":"building","height_m":8.6,"status":null},"geometry":{"type":"Polygon","coordinates":[[[3.97682322,50.98086851],[3.97682576,50.98084194],[3.97689513,50.98084385],[3.97689063,50.98088744],[3.97685773,50.98088651],[3.9768594,50.9808693],[3.97682322,50.98086851]]]}},{"type":"Feature","id":"gebouw/Gebouw.9044496/0","properties":{"source":"Digitaal Vlaanderen Gebouwenregister","source_id":"gebouw/Gebouw.9044496/0","kind":"building","height_m":9.32,"status":null},"geometry":{"type":"Polygon","coordinates":[[[3.9753391,50.98021354],[3.97522847,50.98021603],[3.97522653,50.98014055],[3.9753433,50.98013865],[3.97534622,50.98021338],[3.9753391,50.98021354]]]}},{"type":"Feature","id":"gebouw/Gebouw.9044510/0","properties":{"source":"Digitaal Vlaanderen Gebouwenregister","source_id":"gebouw/Gebouw.9044510/0","kind":"building","height_m":9.32,"status":null},"geometry":{"type":"Polygon","coordinates":[[[3.97820979,50.97969774],[3.97821016,50.97966365],[3.97824902,50.9796639],[3.97824865,50.97969799],[3.97820979,50.97969774]]]}},{"type":"Feature","id":"gebouw/Gebouw.9044511/0","properties":{"source":"Digitaal Vlaanderen Gebouwenregister","source_id":"gebouw/Gebouw.9044511/0","kind":"building","height_m":5.0,"status":null},"geometry":{"type":"Polygon","coordinates":[[[3.98149318,50.97959132],[3.98152539,50.97958208],[3.98158665,50.97965756],[3.98150881,50.97968273],[3.98138343,50.97952894],[3.98143248,50.97951347],[3.98149318,50.97959132]]]}},{"type":"Feature","id":"gebouw/Gebouw.9044512/0","properties":{"source":"Digitaal Vlaanderen Gebouwenregister","source_id":"gebouw/Gebouw.9044512/0","kind":"building","height_m":5.72,"status":null},"geometry":{"type":"Polygon","coordinates":[[[3.98134477,50.97954113],[3.98138343,50.97952894],[3.98150881,50.97968273],[3.98143289,50.9797074],[3.98137418,50.97963539],[3.98141098,50.97962336],[3.98137283,50.97957704],[3.98134477,50.97954113]]]}},{"type":"Feature","id":"gebouw/Gebouw.9044513/0","properties":{"source":"Digitaal Vlaanderen Gebouwenregister","source_id":"gebouw/Gebouw.9044513/0","kind":"building","height_m":6.44,"status":null},"geometry":{"type":"Polygon","coordinates":[[[3.98272818,50.97912536],[3.98275837,50.97908599],[3.98279958,50.97910837],[3.9827552,50.97915638],[3.98272818,50.97912536]]]}},{"type":"Feature","id":"gebouw/Gebouw.9044514/0","properties":{"source":"Digitaal Vlaanderen Gebouwenregister","source_id":"gebouw/Gebouw.9044514/0","kind":"building","height_m":7.16,"status":null},"geometry":{"type":"Polygon","coordinates":[[[3.9830318,50.97909057],[3.98310465,50.9790836],[3.98313451,50.97919818],[3.98301448,50.97921063],[3.98300657,50.97918036],[3.98285755,50.97919589],[3.98283541,50.97911122],[3.98292527,50.97910173],[3.98291974,50.97907676],[3.98302479,50.97906577],[3.9830318,50.97909057]]]}},{"type":"Feature","id":"gebouw/Gebouw.9044515/0","properties":{"source":"Digitaal Vlaanderen Gebouwenregister","source_id":"gebouw/Gebouw.9044515/0","kind":"building","height_m":7.88,"status":null},"geometry":{"type":"Polygon","coordinates":[[[3.98399025,50.97929728],[3.98399847,50.97929838],[3.9839791,50.97937616],[3.98393652,50.97937194],[3.98393553,50.97937536],[3.98392879,50.97937459],[3.98392762,50.97937494],[3.98392673,50.97937436],[3.98392013,50.97937361],[3.98392098,50.97937022],[3.98391,50.97936891],[3.983909,50.97937245],[3.9839034,50.97937181],[3.98392085,50.9793017],[3.98386123,50.97929564],[3.98388941,50.97921186],[3.98400889,50.97922556],[3.98399025,50.97929728]]]}},{"type":"Feature","id":"gebouw/Gebouw.9044544/0","properties":{"source":"Digitaal Vlaanderen Gebouwenregister","source_id":"gebouw/Gebouw.9044544/0","kind":"building","height_m":8.6,"status":null},"geometry":{"type":"Polygon","coordinates":[[[3.98344234,50.97978548],[3.98345849,50.97973883],[3.98349394,50.97974448],[3.98347689,50.9797913],[3.98344234,50.97978548]]]}},{"type":"Feature","id":"gebouw/Gebouw.9044545/0","properties":{"source":"Digitaal Vlaanderen Gebouwenregister","source_id":"gebouw/Gebouw.9044545/0","kind":"building","height_m":9.32,"status":null},"geometry":{"type":"Polygon","coordinates":[[[3.97872182,50.98095497],[3.97871794,50.98092421],[3.97877112,50.980922],[3.9787747,50.98095257],[3.97872182,50.98095497]]]}},{"type":"Feature","id":"gebouw/Gebouw.9044546/0","properties":{"source":"Digitaal Vlaanderen Gebouwenregister","source_id":"gebouw/Gebouw.9044546/0","kind":"building","height_m":5.0,"status":null},"geometry":{"type":"Polygon","coordinates":[[[3.97370676,50.97956754],[3.97360113,50.97956025],[3.97358826,50.97964841],[3.97371846,50.97965683],[3.97396239,50.97966883],[3.97396853,50.97962964],[3.97370039,50.9796141],[3.97370676,50.97956754]]]}},{"type":"Feature","id":"gebouw/Gebouw.9044552/0","properties":{"source":"Digitaal Vlaanderen Gebouwenregister","source_id":"gebouw/Gebouw.9044552/0","kind":"building","height_m":9.32,"status":null},"geometry":{"type":"Polygon","coordinates":[[[3.97835771,50.97962936],[3.97844399,50.97963127],[3.97843868,50.97991273],[3.97848919,50.9799133],[3.97848805,50.97997754],[3.97835242,50.97997657],[3.97835585,50.97974715],[3.97835771,50.97962936]]]}},{"type":"Feature","id":"gebouw/Gebouw.9044559/0","properties":{"source":"Digitaal Vlaanderen Gebouwenregister","source_id":"gebouw/Gebouw.9044559/0","kind":"building","height_m":9.32,"status":null},"geometry":{"type":"Polygon","coordinates":[[[3.98210626,50.97984891],[3.98205388,50.97986489],[3.98202076,50.97982167],[3.98203512,50.97981728],[3.98201076,50.97978548],[3.98210645,50.97975626],[3.98213744,50.97979673],[3.98216597,50.97983397],[3.982161,50.97992781],[3.98210999,50.97992687],[3.9821114,50.97985609],[3.98210626,50.97984891]]]}},{"type":"Feature","id":"gebouw/Gebouw.9044560/0","properties":{"source":"Digitaal Vlaanderen Gebouwenregister","source_id":"gebouw/Gebouw.9044560/0","kind":"building","height_m":5.0,"status":null},"geometry":{"type":"Polygon","coordinates":[[[3.97561269,50.98027136],[3.97547658,50.98026851],[3.9754748,50.98018059],[3.975685,50.98018393],[3.97568068,50.98029177],[3.97561068,50.98028988],[3.97561269,50.98027136]]]}},{"type":"Feature","id":"gebouw/Gebouw.9044561/0","properties":{"source":"Digitaal Vlaanderen Gebouwenregister","source_id":"gebouw/Gebouw.9044561/0","kind":"building","height_m":5.72,"status":null},"geometry":{"type":"Polygon","coordinates":[[[3.97329915,50.97764813],[3.97330197,50.97760145],[3.97337466,50.97760321],[3.9733741,50.97761231],[3.97353618,50.97761629],[3.97353105,50.97769269],[3.97350461,50.97769199],[3.9735015,50.97771412],[3.97340781,50.97771193],[3.97340922,50.97769378],[3.97329656,50.97769111],[3.97329678,50.97768747],[3.97329915,50.97764813]]]}},{"type":"Feature","id":"gebouw/Gebouw.9044563/0","properties":{"source":"Digitaal Vlaanderen Gebouwenregister","source_id":"gebouw/Gebouw.9044563/0","kind":"building","height_m":7.16,"status":null},"geometry":{"type":"Polygon","coordinates":[[[3.97414349,50.97786821],[3.97423093,50.97787088],[3.97422362,50.9779298],[3.97416909,50.97792769],[3.97416646,50.97794695],[3.974189,50.97794758],[3.97418485,50.97797844],[3.97394938,50.97796712],[3.97392484,50.97796578],[3.97393905,50.97786107],[3.97406115,50.97786315],[3.97414349,50.97786821]]]}},{"type":"Feature","id":"gebouw/Gebouw.9044684/0","properties":{"source":"Digitaal Vlaanderen Gebouwenregister","source_id":"gebouw/Gebouw.9044684/0","kind":"building","height_m":8.6,"status":null},"geometry":{"type":"Polygon","coordinates":[[[3.97432909,50.97787256],[3.97433395,50.97783721],[3.97437725,50.97783808],[3.97437325,50.97787437],[3.97432909,50.97787256]]]}},{"type":"Feature","id":"gebouw/Gebouw.9044685/0","properties":{"source":"Digitaal Vlaanderen Gebouwenregister","source_id":"gebouw/Gebouw.9044685/0","kind":"building","height_m":9.32,"status":null},"geometry":{"type":"Polygon","coordinates":[[[3.97373271,50.97977143],[3.97373603,50.97974843],[3.97380893,50.97975188],[3.97380617,50.97977564],[3.97373271,50.97977143]]]}},{"type":"Feature","id":"gebouw/Gebouw.9044686/0","properties":{"source":"Digitaal Vlaanderen Gebouwenregister","source_id":"gebouw/Gebouw.9044686/0","kind":"building","height_m":5.0,"status":null},"geometry":{"type":"Polygon","coordinates":[[[3.98074494,50.97974677],[3.98079036,50.97973503],[3.9808404,50.97980489],[3.98085193,50.97982095],[3.98073775,50.97985345],[3.98068619,50.97977851],[3.98075377,50.9797598],[3.98074494,50.97974677]]]}},{"type":"Feature","id":"gebouw/Gebouw.9044689/0","properties":{"source":"Digitaal Vlaanderen Gebouwenregister","source_id":"gebouw/Gebouw.9044689/0","kind":"building","height_m":7.16,"status":null},"geometry":{"type":"Polygon","coordinates":[[[3.97415149,50.97654175],[3.97415388,50.97650975],[3.97420427,50.97651144],[3.97420219,50.97654289],[3.97415149,50.97654175]]]}},{"type":"Feature","id":"gebouw/Gebouw.9048849/0","properties":{"source":"Digitaal Vlaanderen Gebouwenregister","source_id":"gebouw/Gebouw.9048849/0","kind":"building","height_m":8.6,"status":null},"geometry":{"type":"Polygon","coordinates":[[[3.9818945,50.97948046],[3.98185692,50.9794349],[3.98184494,50.97943889],[3.9817976,50.9793816],[3.98178801,50.97938486],[3.9817445,50.97932856],[3.98180021,50.97931045],[3.9818092,50.97932157],[3.98199088,50.97954618],[3.98190517,50.9795741],[3.98184255,50.97949746],[3.9818945,50.97948046]]]}},{"type":"Feature","id":"gebouw/Gebouw.9048850/0","properties":{"source":"Digitaal Vlaanderen Gebouwenregister","source_id":"gebouw/Gebouw.9048850/0","kind":"building","height_m":9.32,"status":null},"geometry":{"type":"Polygon","coordinates":[[[3.97806719,50.9803615],[3.97798206,50.98036035],[3.97798499,50.98033023],[3.97797105,50.98033025],[3.97797508,50.98021504],[3.97804262,50.9802163],[3.97804157,50.98023894],[3.97807745,50.9802396],[3.97807188,50.98033214],[3.97807111,50.98033694],[3.97806719,50.9803615]]]}},{"type":"Feature","id":"gebouw/Gebouw.9048851/0","properties":{"source":"Digitaal Vlaanderen Gebouwenregister","source_id":"gebouw/Gebouw.9048851/0","kind":"building","height_m":5.0,"status":null},"geometry":{"type":"Polygon","coordinates":[[[3.9742697,50.98032465],[3.97431241,50.98032377],[3.97430683,50.98022689],[3.97435024,50.98022599],[3.97434873,50.98019723],[3.97435282,50.98019715],[3.97435291,50.98019895],[3.97440146,50.98019783],[3.97440127,50.98019604],[3.97440562,50.98019586],[3.97441348,50.9803317],[3.97432202,50.98033316],[3.97432402,50.98037757],[3.97434123,50.98037739],[3.97434427,50.98042706],[3.97434663,50.98044844],[3.97427863,50.98045048],[3.9742697,50.98032465]]]}},{"type":"Feature","id":"gebouw/Gebouw.9049131/0","properties":{"source":"Digitaal Vlaanderen Gebouwenregister","source_id":"gebouw/Gebouw.9049131/0","kind":"building","height_m":5.0,"status":null},"geometry":{"type":"Polygon","coordinates":[[[3.9736952,50.9799113],[3.97368868,50.97991122],[3.97368592,50.97993498],[3.97371465,50.97993699],[3.97371682,50.97992316],[3.97381932,50.97992881],[3.97381285,50.97996845],[3.97380692,50.97996811],[3.97371569,50.97996285],[3.97364044,50.979959],[3.97364419,50.97993237],[3.97357619,50.97992879],[3.97357967,50.97990248],[3.97357827,50.97990227],[3.97357854,50.97990016],[3.97358091,50.9798821],[3.9735639,50.97988112],[3.97355993,50.97988089],[3.97356544,50.97984242],[3.9737027,50.97985026],[3.9736952,50.9799113]]]}},{"type":"Feature","id":"gebouw/Gebouw.9049134/0","properties":{"source":"Digitaal Vlaanderen Gebouwenregister","source_id":"gebouw/Gebouw.9049134/0","kind":"building","height_m":7.16,"status":null},"geometry":{"type":"Polygon","coordinates":[[[3.9824508,50.97978368],[3.98233795,50.9797766],[3.98230042,50.97972834],[3.98228106,50.97970345],[3.98234814,50.97968327],[3.98239285,50.97968542],[3.98239333,50.97968097],[3.98246115,50.97968425],[3.9824508,50.97978368]]]}},{"type":"Feature","id":"gebouw/Gebouw.9049262/0","properties":{"source":"Digitaal Vlaanderen Gebouwenregister","source_id":"gebouw/Gebouw.9049262/0","kind":"building","height_m":8.6,"status":null},"geometry":{"type":"Polygon","coordinates":[[[3.977064,50.98023318],[3.97713836,50.9802352],[3.97712836,50.98038233],[3.97705427,50.98038039],[3.97704464,50.98036417],[3.97704002,50.98034932],[3.97703805,50.9803343],[3.977002,50.98033319],[3.9769948,50.98032311],[3.97698938,50.9803126],[3.97698581,50.98030177],[3.97698415,50.98029076],[3.97698441,50.98027971],[3.97698457,50.98027847],[3.97698476,50.98027723],[3.97698496,50.98027603],[3.97698519,50.98027483],[3.97698544,50.98027363],[3.97698569,50.98027243],[3.97698599,50.9802711],[3.97698631,50.98026978],[3.97698666,50.98026846],[3.97698703,50.98026715],[3.97698726,50.98026642],[3.9769875,50.9802657],[3.97698775,50.98026497],[3.97698803,50.98026426],[3.97698829,50.9802636],[3.97698858,50.98026295],[3.97698886,50.9802623],[3.97698916,50.98026165],[3.97698938,50.98026117],[3.97698961,50.98026068],[3.97698983,50.98026019],[3.97699006,50.9802597],[3.97699052,50.98025875],[3.97699098,50.9802578],[3.97699146,50.98025685],[3.97699195,50.9802559],[3.97699224,50.98025537],[3.97699253,50.98025483],[3.97699282,50.9802543],[3.97699311,50.98025376],[3.97699356,50.98025295],[3.97699401,50.98025214],[3.97699446,50.98025133],[3.97699493,50.98025053],[3.97699547,50.98024967],[3.97699604,50.98024881],[3.97699662,50.98024796],[3.9769972,50.98024711],[3.97699794,50.98024603],[3.97699872,50.98024496],[3.97699955,50.98024391],[3.97700045,50.98024288],[3.97700125,50.98024206],[3.97700212,50.98024127],[3.97700304,50.98024051],[3.97700402,50.98023978],[3.97700446,50.98023948],[3.97700491,50.98023918],[3.97700537,50.98023889],[3.97700584,50.9802386],[3.97700628,50.98023834],[3.97700673,50.98023808],[3.97700718,50.98023782],[3.97700764,50.98023757],[3.97700819,50.9802373],[3.97700876,50.98023704],[3.97700933,50.98023678],[3.9770099,50.98023653],[3.97701065,50.98023621],[3.97701142,50.98023591],[3.97701219,50.98023563],[3.97701299,50.98023536],[3.97701369,50.98023513],[3.9770144,50.98023491],[3.97701512,50.9802347],[3.97701584,50.98023452],[3.97701637,50.98023439],[3.97701691,50.98023427],[3.97701745,50.98023415],[3.97701798,50.98023405],[3.97701871,50.98023391],[3.97701944,50.98023378],[3.97702017,50.98023366],[3.9770209,50.98023355],[3.97702175,50.98023345],[3.9770226,50.98023336],[3.97702345,50.98023329],[3.97702431,50.98023323],[3.97702517,50.98023319],[3.97702604,50.98023316],[3.9770269,50.98023314],[3.97702776,50.98023313],[3.97702856,50.98023312],[3.97702937,50.98023312],[3.97703017,50.98023314],[3.97703098,50.98023318],[3.97703173,50.98023323],[3.97703248,50.9802333],[3.97703323,50.98023339],[3.97703396,50.98023348],[3.97703465,50.98023358],[3.97703534,50.98023368],[3.97703602,50.98023379],[3.97703669,50.98023391],[3.97703749,50.98023407],[3.97703829,50.98023425],[3.97703906,50.98023444],[3.97703984,50.98023465],[3.97704045,50.98023482],[3.97704106,50.98023499],[3.97704166,50.98023518],[3.97704225,50.98023538],[3.97704321,50.98023571],[3.97704415,50.98023607],[3.97704507,50.98023646],[3.97704597,50.98023687],[3.97704651,50.98023713],[3.97704705,50.9802374],[3.97704757,50.98023767],[3.97704808,50.98023795],[3.9770488,50.98023836],[3.9770495,50.98023879],[3.97705018,50.98023923],[3.97705083,50.98023969],[3.97705148,50.98024018],[3.9770521,50.98024069],[3.97705269,50.9802412],[3.97705326,50.98024173],[3.97705389,50.98024235],[3.97705449,50.98024299],[3.97705529,50.98024393],[3.97705594,50.98024492],[3.97706307,50.98024514],[3.977064,50.98023318]]]}},{"type":"Feature","id":"gebouw/Gebouw.9049263/0","properties":{"source":"Digitaal Vlaanderen Gebouwenregister","source_id":"gebouw/Gebouw.9049263/0","kind":"building","height_m":9.32,"status":null},"geometry":{"type":"Polygon","coordinates":[[[3.97688446,50.97996845],[3.97688782,50.97994619],[3.97688932,50.97993623],[3.97686665,50.97993487],[3.97686524,50.9799379],[3.97686245,50.97994052],[3.97685855,50.97994249],[3.97685388,50.97994364],[3.97684889,50.97994385],[3.97675311,50.97993782],[3.9767677,50.97984546],[3.97682104,50.97984799],[3.97682577,50.97981714],[3.97689865,50.97982096],[3.97690083,50.97980675],[3.97700807,50.97981244],[3.97698357,50.97997441],[3.97688446,50.97996845]]]}},{"type":"Feature","id":"gebouw/Gebouw.9049264/0","properties":{"source":"Digitaal Vlaanderen Gebouwenregister","source_id":"gebouw/Gebouw.9049264/0","kind":"building","height_m":5.0,"status":null},"geometry":{"type":"Polygon","coordinates":[[[3.9734789,50.98031538],[3.97346779,50.98026882],[3.9735857,50.98025607],[3.97370093,50.98024463],[3.97368939,50.98034491],[3.9736144,50.98034237],[3.97361635,50.98031542],[3.97359576,50.98030517],[3.97353136,50.98031129],[3.97353115,50.9803104],[3.9734789,50.98031538]]]}},{"type":"Feature","id":"gebouw/Gebouw.9057286/0","properties":{"source":"Digitaal Vlaanderen Gebouwenregister","source_id":"gebouw/Gebouw.9057286/0","kind":"building","height_m":5.0,"status":null},"geometry":{"type":"Polygon","coordinates":[[[3.97435029,50.97647508],[3.97434756,50.97652206],[3.97425953,50.976519],[3.97426281,50.97647022],[3.97414537,50.97646603],[3.97415059,50.97640773],[3.97435375,50.97641541],[3.97435029,50.97647508]]]}},{"type":"Feature","id":"gebouw/Gebouw.9064533/0","properties":{"source":"Digitaal Vlaanderen Gebouwenregister","source_id":"gebouw/Gebouw.9064533/0","kind":"building","height_m":6.44,"status":null},"geometry":{"type":"Polygon","coordinates":[[[3.9745031,50.97878283],[3.97449357,50.97881621],[3.97453345,50.97882074],[3.97452862,50.97883775],[3.97439772,50.97882654],[3.97439781,50.97882616],[3.97441036,50.97877517],[3.97441827,50.97874304],[3.97455236,50.97875411],[3.97454406,50.97878317],[3.97450429,50.97877864],[3.9745031,50.97878283]]]}},{"type":"Feature","id":"gebouw/Gebouw.9069359/0","properties":{"source":"Digitaal Vlaanderen Gebouwenregister","source_id":"gebouw/Gebouw.9069359/0","kind":"building","height_m":8.6,"status":null},"geometry":{"type":"Polygon","coordinates":[[[3.97414544,50.97678473],[3.97418954,50.9767855],[3.97418962,50.9767855],[3.97421743,50.97678599],[3.974213,50.9768281],[3.97421046,50.97685163],[3.97421008,50.97685509],[3.97413097,50.9768515],[3.97410801,50.97685037],[3.97403694,50.97684688],[3.9740252,50.97684631],[3.97402988,50.9767827],[3.97414544,50.97678473]]]}},{"type":"Feature","id":"gebouw/Gebouw.9069360/0","properties":{"source":"Digitaal Vlaanderen Gebouwenregister","source_id":"gebouw/Gebouw.9069360/0","kind":"building","height_m":9.32,"status":null},"geometry":{"type":"Polygon","coordinates":[[[3.97627641,50.97864177],[3.97633745,50.97864471],[3.97632326,50.97872659],[3.97626079,50.97872195],[3.97627641,50.97864177]]]}},{"type":"Feature","id":"gebouw/Gebouw.9069788/0","properties":{"source":"Digitaal Vlaanderen Gebouwenregister","source_id":"gebouw/Gebouw.9069788/0","kind":"building","height_m":5.0,"status":null},"geometry":{"type":"Polygon","coordinates":[[[3.97759408,50.9762309],[3.97751813,50.97621904],[3.97747791,50.97631044],[3.97755803,50.97632289],[3.97759408,50.9762309]]]}},{"type":"Feature","id":"gebouw/Gebouw.9069789/0","properties":{"source":"Digitaal Vlaanderen Gebouwenregister","source_id":"gebouw/Gebouw.9069789/0","kind":"building","height_m":5.72,"status":null},"geometry":{"type":"Polygon","coordinates":[[[3.97411634,50.97701487],[3.97411646,50.97701837],[3.97420312,50.97702118],[3.97420029,50.97705024],[3.97423513,50.97705198],[3.97423343,50.97706986],[3.9742311,50.97709445],[3.97422405,50.97709548],[3.97407881,50.97708792],[3.97400786,50.97708423],[3.97401245,50.9770136],[3.97402312,50.97701388],[3.97403422,50.9770058],[3.97406035,50.97700646],[3.97407098,50.9770138],[3.97411634,50.97701487]]]}},{"type":"Feature","id":"gebouw/Gebouw.9100249/0","properties":{"source":"Digitaal Vlaanderen Gebouwenregister","source_id":"gebouw/Gebouw.9100249/0","kind":"building","height_m":7.88,"status":null},"geometry":{"type":"Polygon","coordinates":[[[3.97598264,50.97941613],[3.97600429,50.97937461],[3.97606212,50.97938613],[3.9760375,50.97942762],[3.97598264,50.97941613]]]}},{"type":"Feature","id":"gebouw/Gebouw.9100250/0","properties":{"source":"Digitaal Vlaanderen Gebouwenregister","source_id":"gebouw/Gebouw.9100250/0","kind":"building","height_m":8.6,"status":null},"geometry":{"type":"Polygon","coordinates":[[[3.97715268,50.97985062],[3.97708895,50.97984708],[3.97710277,50.97974527],[3.97716651,50.97974872],[3.97715268,50.97985062]]]}},{"type":"Feature","id":"gebouw/Gebouw.9100251/0","properties":{"source":"Digitaal Vlaanderen Gebouwenregister","source_id":"gebouw/Gebouw.9100251/0","kind":"building","height_m":9.32,"status":null},"geometry":{"type":"Polygon","coordinates":[[[3.98013622,50.97987202],[3.98005588,50.97987942],[3.98004599,50.97983491],[3.98002632,50.97974632],[3.98001969,50.97971893],[3.98005361,50.97971556],[3.9800573,50.97973209],[3.98006324,50.97973178],[3.98006318,50.97973365],[3.98007925,50.97973196],[3.98008656,50.97976725],[3.98011149,50.97976509],[3.98013622,50.97987202]]]}},{"type":"Feature","id":"gebouw/Gebouw.9100252/0","properties":{"source":"Digitaal Vlaanderen Gebouwenregister","source_id":"gebouw/Gebouw.9100252/0","kind":"building","height_m":5.0,"status":null},"geometry":{"type":"Polygon","coordinates":[[[3.9802036,50.97978356],[3.98018629,50.97971118],[3.98036473,50.97969448],[3.98037543,50.97974007],[3.98036081,50.97974144],[3.9803701,50.97978227],[3.98035617,50.97978354],[3.98036342,50.97981549],[3.98027193,50.97982403],[3.98027492,50.97983722],[3.98016241,50.97984759],[3.98014946,50.97978857],[3.9802036,50.97978356]]]}},{"type":"Feature","id":"gebouw/Gebouw.9100253/0","properties":{"source":"Digitaal Vlaanderen Gebouwenregister","source_id":"gebouw/Gebouw.9100253/0","kind":"building","height_m":5.72,"status":null},"geometry":{"type":"Polygon","coordinates":[[[3.98246414,50.97894614],[3.98237502,50.97885541],[3.9823654,50.97885907],[3.98235501,50.97884817],[3.98233766,50.97882997],[3.98227531,50.97885366],[3.98228153,50.97886018],[3.98224815,50.97887287],[3.98226113,50.97888648],[3.98226967,50.97889544],[3.98226585,50.97889689],[3.98235611,50.97898912],[3.98246414,50.97894614]]]}},{"type":"Feature","id":"gebouw/Gebouw.9100254/0","properties":{"source":"Digitaal Vlaanderen Gebouwenregister","source_id":"gebouw/Gebouw.9100254/0","kind":"building","height_m":6.44,"status":null},"geometry":{"type":"Polygon","coordinates":[[[3.98401567,50.97910108],[3.98408103,50.97910837],[3.98406178,50.97918083],[3.98399434,50.97917333],[3.98401567,50.97910108]]]}},{"type":"Feature","id":"gebouw/Gebouw.9100255/0","properties":{"source":"Digitaal Vlaanderen Gebouwenregister","source_id":"gebouw/Gebouw.9100255/0","kind":"building","height_m":7.16,"status":null},"geometry":{"type":"Polygon","coordinates":[[[3.98361324,50.97801207],[3.98362232,50.97797415],[3.98367322,50.97797884],[3.98366325,50.97801656],[3.98361324,50.97801207]]]}},{"type":"Feature","id":"gebouw/Gebouw.9100346/0","properties":{"source":"Digitaal Vlaanderen Gebouwenregister","source_id":"gebouw/Gebouw.9100346/0","kind":"building","height_m":7.16,"status":null},"geometry":{"type":"Polygon","coordinates":[[[3.97869672,50.98040347],[3.97866511,50.98040558],[3.97865656,50.98040615],[3.97865539,50.98039738],[3.97864594,50.98032402],[3.97868607,50.98032166],[3.97869672,50.98040347]]]}},{"type":"Feature","id":"gebouw/Gebouw.9100409/0","properties":{"source":"Digitaal Vlaanderen Gebouwenregister","source_id":"gebouw/Gebouw.9100409/0","kind":"building","height_m":7.16,"status":null},"geometry":{"type":"Polygon","coordinates":[[[3.97470397,50.97819073],[3.97470429,50.97815852],[3.97474699,50.97815937],[3.97474612,50.97819008],[3.97470397,50.97819073]]]}},{"type":"Feature","id":"gebouw/Gebouw.9100410/0","properties":{"source":"Digitaal Vlaanderen Gebouwenregister","source_id":"gebouw/Gebouw.9100410/0","kind":"building","height_m":7.88,"status":null},"geometry":{"type":"Polygon","coordinates":[[[3.97738478,50.98016664],[3.97737942,50.98023314],[3.97735843,50.98023305],[3.97735686,50.98025682],[3.97728541,50.98025507],[3.97728761,50.98022981],[3.97728697,50.98022974],[3.97729232,50.98016366],[3.97735309,50.98016562],[3.97738478,50.98016664]]]}},{"type":"Feature","id":"gebouw/Gebouw.9100411/0","properties":{"source":"Digitaal Vlaanderen Gebouwenregister","source_id":"gebouw/Gebouw.9100411/0","kind":"building","height_m":8.6,"status":null},"geometry":{"type":"Polygon","coordinates":[[[3.9767932,50.98078707],[3.9767416,50.98078574],[3.97675006,50.98062381],[3.97680166,50.98062477],[3.9767932,50.98078707]]]}},{"type":"Feature","id":"gebouw/Gebouw.9100580/0","properties":{"source":"Digitaal Vlaanderen Gebouwenregister","source_id":"gebouw/Gebouw.9100580/0","kind":"building","height_m":9.32,"status":null},"geometry":{"type":"Polygon","coordinates":[[[3.97400421,50.97951004],[3.97399708,50.97955229],[3.97384039,50.97954283],[3.97383503,50.9795748],[3.97372889,50.97956879],[3.97370676,50.97956754],[3.97360113,50.97956025],[3.97360809,50.97950977],[3.97382121,50.9795215],[3.97382651,50.97948835],[3.97400421,50.97951004]]]}},{"type":"Feature","id":"gebouw/Gebouw.9100581/0","properties":{"source":"Digitaal Vlaanderen Gebouwenregister","source_id":"gebouw/Gebouw.9100581/0","kind":"building","height_m":5.0,"status":null},"geometry":{"type":"Polygon","coordinates":[[[3.9741949,50.97937771],[3.97419373,50.97938763],[3.97422158,50.97938907],[3.97421382,50.97943288],[3.97421288,50.97943821],[3.97413162,50.97943281],[3.97401412,50.979412],[3.9740247,50.97936361],[3.9741949,50.97937771]]]}},{"type":"Feature","id":"gebouw/Gebouw.9100582/0","properties":{"source":"Digitaal Vlaanderen Gebouwenregister","source_id":"gebouw/Gebouw.9100582/0","kind":"building","height_m":5.72,"status":null},"geometry":{"type":"Polygon","coordinates":[[[3.9753334,50.97806057],[3.97535052,50.97798022],[3.97539907,50.97798414],[3.97538227,50.97806355],[3.9753334,50.97806057]]]}},{"type":"Feature","id":"gebouw/Gebouw.9100592/0","properties":{"source":"Digitaal Vlaanderen Gebouwenregister","source_id":"gebouw/Gebouw.9100592/0","kind":"building","height_m":7.88,"status":null},"geometry":{"type":"Polygon","coordinates":[[[3.97454505,50.98026017],[3.97455636,50.98031446],[3.97456833,50.98038409],[3.97461408,50.98038198],[3.97457782,50.98017943],[3.97449295,50.98018599],[3.97450902,50.98026316],[3.97454505,50.98026017]]]}},{"type":"Feature","id":"gebouw/Gebouw.9100908/0","properties":{"source":"Digitaal Vlaanderen Gebouwenregister","source_id":"gebouw/Gebouw.9100908/0","kind":"building","height_m":8.6,"status":null},"geometry":{"type":"Polygon","coordinates":[[[3.97677371,50.98032173],[3.97678327,50.98018634],[3.97680575,50.9801869],[3.97680519,50.98019588],[3.97683264,50.98019656],[3.97689758,50.98019832],[3.97689055,50.98029809],[3.97682714,50.98029707],[3.9768271,50.98032304],[3.97677371,50.98032173]]]}},{"type":"Feature","id":"gebouw/Gebouw.9100909/0","properties":{"source":"Digitaal Vlaanderen Gebouwenregister","source_id":"gebouw/Gebouw.9100909/0","kind":"building","height_m":9.32,"status":null},"geometry":{"type":"Polygon","coordinates":[[[3.97609869,50.97982376],[3.97630715,50.9798277],[3.97630466,50.97987941],[3.97631561,50.97988704],[3.97631431,50.97990869],[3.97630287,50.97991554],[3.97630242,50.97992665],[3.97624512,50.97992561],[3.97624477,50.97992911],[3.9761994,50.97992866],[3.97619949,50.97992476],[3.97618508,50.97992462],[3.97609453,50.97992306],[3.97609869,50.97982376]]]}},{"type":"Feature","id":"gebouw/Gebouw.9100988/0","properties":{"source":"Digitaal Vlaanderen Gebouwenregister","source_id":"gebouw/Gebouw.9100988/0","kind":"building","height_m":5.72,"status":null},"geometry":{"type":"Polygon","coordinates":[[[3.98105034,50.98015093],[3.98103463,50.98008726],[3.98118632,50.98007436],[3.98120353,50.98013711],[3.98105034,50.98015093]]]}},{"type":"Feature","id":"gebouw/Gebouw.9100989/0","properties":{"source":"Digitaal Vlaanderen Gebouwenregister","source_id":"gebouw/Gebouw.9100989/0","kind":"building","height_m":6.44,"status":null},"geometry":{"type":"Polygon","coordinates":[[[3.97863193,50.98033697],[3.97858676,50.98033946],[3.97857449,50.98021915],[3.97856775,50.98015309],[3.97864707,50.98014802],[3.97866017,50.980227],[3.97862219,50.98023029],[3.97863193,50.98033697]]]}},{"type":"Feature","id":"gebouw/Gebouw.9100990/0","properties":{"source":"Digitaal Vlaanderen Gebouwenregister","source_id":"gebouw/Gebouw.9100990/0","kind":"building","height_m":7.16,"status":null},"geometry":{"type":"Polygon","coordinates":[[[3.9778936,50.9809059],[3.97792175,50.98090716],[3.97792068,50.98094498],[3.97786434,50.98094422],[3.97783496,50.98094382],[3.97783745,50.98084552],[3.97787401,50.98084605],[3.97789588,50.98084637],[3.9778957,50.98085099],[3.97794804,50.98085179],[3.97794696,50.98087995],[3.97789462,50.98087915],[3.9778936,50.9809059]]]}},{"type":"Feature","id":"gebouw/Gebouw.9100998/0","properties":{"source":"Digitaal Vlaanderen Gebouwenregister","source_id":"gebouw/Gebouw.9100998/0","kind":"building","height_m":7.88,"status":null},"geometry":{"type":"Polygon","coordinates":[[[3.97399461,50.97728277],[3.97419332,50.97729183],[3.9741906,50.97732477],[3.9741583,50.97732346],[3.97415733,50.97735915],[3.97398947,50.97735687],[3.97399461,50.97728277]]]}},{"type":"Feature","id":"gebouw/Gebouw.9101002/0","properties":{"source":"Digitaal Vlaanderen Gebouwenregister","source_id":"gebouw/Gebouw.9101002/0","kind":"building","height_m":5.72,"status":null},"geometry":{"type":"Polygon","coordinates":[[[3.9813126,50.97962592],[3.98127886,50.97963685],[3.98125965,50.97961322],[3.98122791,50.97962336],[3.9812027,50.9795916],[3.98123503,50.97958148],[3.98122381,50.97956918],[3.98126333,50.97955651],[3.98122795,50.97950667],[3.98123545,50.97950357],[3.98123946,50.97950886],[3.98128894,50.97952178],[3.98130554,50.97954332],[3.98136151,50.97961007],[3.9813126,50.97962592]]]}},{"type":"Feature","id":"gebouw/Gebouw.9101035/0","properties":{"source":"Digitaal Vlaanderen Gebouwenregister","source_id":"gebouw/Gebouw.9101035/0","kind":"building","height_m":9.32,"status":null},"geometry":{"type":"Polygon","coordinates":[[[3.97562357,50.98001458],[3.97554704,50.9800168],[3.97554077,50.97993251],[3.97557993,50.97985755],[3.97559322,50.97983211],[3.9756756,50.97984736],[3.97562925,50.97993275],[3.97563402,50.97993276],[3.97563677,50.97997689],[3.97562123,50.97997727],[3.97562357,50.98001458]]]}},{"type":"Feature","id":"gebouw/Gebouw.9101036/0","properties":{"source":"Digitaal Vlaanderen Gebouwenregister","source_id":"gebouw/Gebouw.9101036/0","kind":"building","height_m":5.0,"status":null},"geometry":{"type":"Polygon","coordinates":[[[3.97410409,50.97809534],[3.97420209,50.97810263],[3.97419231,50.9781333],[3.97417864,50.97817616],[3.97404168,50.97816168],[3.97405468,50.97812016],[3.97392342,50.97811144],[3.97392368,50.97810992],[3.97390216,50.97810849],[3.97391451,50.97803428],[3.97394553,50.97803635],[3.97419605,50.97804375],[3.97419244,50.97808716],[3.97410646,50.97808506],[3.97410409,50.97809534]]]}},{"type":"Feature","id":"gebouw/Gebouw.9124509/0","properties":{"source":"Digitaal Vlaanderen Gebouwenregister","source_id":"gebouw/Gebouw.9124509/0","kind":"building","height_m":6.44,"status":null},"geometry":{"type":"Polygon","coordinates":[[[3.97402984,50.97818992],[3.97402796,50.9781944],[3.97429591,50.97823611],[3.97429494,50.97823891],[3.97434254,50.97824488],[3.97432666,50.97829209],[3.97400549,50.97824801],[3.97400858,50.9782396],[3.97394298,50.97822999],[3.97396132,50.97817994],[3.97402984,50.97818992]]]}},{"type":"Feature","id":"gebouw/Gebouw.9125060/0","properties":{"source":"Digitaal Vlaanderen Gebouwenregister","source_id":"gebouw/Gebouw.9125060/0","kind":"building","height_m":5.0,"status":null},"geometry":{"type":"Polygon","coordinates":[[[3.97365835,50.9785722],[3.97364455,50.97863202],[3.97342102,50.97861358],[3.9734276,50.97858796],[3.9734357,50.97855643],[3.97365835,50.9785722]]]}},{"type":"Feature","id":"gebouw/Gebouw.9127190/0","properties":{"source":"Digitaal Vlaanderen Gebouwenregister","source_id":"gebouw/Gebouw.9127190/0","kind":"building","height_m":6.44,"status":null},"geometry":{"type":"Polygon","coordinates":[[[3.98378097,50.98001349],[3.98372873,50.9800144],[3.98373822,50.97997636],[3.98378898,50.97998141],[3.98378833,50.97998398],[3.98378097,50.98001349]]]}},{"type":"Feature","id":"gebouw/Gebouw.9127215/0","properties":{"source":"Digitaal Vlaanderen Gebouwenregister","source_id":"gebouw/Gebouw.9127215/0","kind":"building","height_m":9.32,"status":null},"geometry":{"type":"Polygon","coordinates":[[[3.97548043,50.97753711],[3.97548101,50.97753584],[3.97548566,50.97752565],[3.97554478,50.97739604],[3.97555217,50.97737541],[3.97551379,50.9773686],[3.97550228,50.97739769],[3.97548189,50.97739503],[3.97546541,50.97743192],[3.97545483,50.97745971],[3.97543469,50.97745836],[3.97540721,50.97751841],[3.97540495,50.97752336],[3.97540091,50.97753218],[3.97547658,50.97754569],[3.97548043,50.97753711]]]}},{"type":"Feature","id":"gebouw/Gebouw.9127216/0","properties":{"source":"Digitaal Vlaanderen Gebouwenregister","source_id":"gebouw/Gebouw.9127216/0","kind":"building","height_m":5.0,"status":null},"geometry":{"type":"Polygon","coordinates":[[[3.97407714,50.97711093],[3.97422377,50.97711955],[3.97421878,50.97722847],[3.97421647,50.97722839],[3.97406964,50.97722289],[3.97399858,50.97722022],[3.97399867,50.97721887],[3.97400616,50.97710676],[3.97407714,50.97711093]]]}},{"type":"Feature","id":"gebouw/Gebouw.9127267/0","properties":{"source":"Digitaal Vlaanderen Gebouwenregister","source_id":"gebouw/Gebouw.9127267/0","kind":"building","height_m":6.44,"status":null},"geometry":{"type":"Polygon","coordinates":[[[3.97475626,50.97973466],[3.97487087,50.97973289],[3.97487393,50.97982106],[3.97490952,50.97982057],[3.9749109,50.97986037],[3.97476136,50.97986274],[3.97475626,50.97973466]]]}},{"type":"Feature","id":"gebouw/Gebouw.9127268/0","properties":{"source":"Digitaal Vlaanderen Gebouwenregister","source_id":"gebouw/Gebouw.9127268/0","kind":"building","height_m":7.16,"status":null},"geometry":{"type":"Polygon","coordinates":[[[3.97590909,50.97913303],[3.97595984,50.97914297],[3.97593001,50.97920089],[3.97587956,50.97919076],[3.97590909,50.97913303]]]}},{"type":"Feature","id":"gebouw/Gebouw.9127269/0","properties":{"source":"Digitaal Vlaanderen Gebouwenregister","source_id":"gebouw/Gebouw.9127269/0","kind":"building","height_m":7.88,"status":null},"geometry":{"type":"Polygon","coordinates":[[[3.98188178,50.97850334],[3.98185118,50.97846273],[3.98189906,50.97844828],[3.98193172,50.97848948],[3.98188178,50.97850334]]]}},{"type":"Feature","id":"gebouw/Gebouw.9127422/0","properties":{"source":"Digitaal Vlaanderen Gebouwenregister","source_id":"gebouw/Gebouw.9127422/0","kind":"building","height_m":7.16,"status":null},"geometry":{"type":"Polygon","coordinates":[[[3.97919419,50.98066174],[3.9792281,50.98065875],[3.97924564,50.98074695],[3.97921048,50.98074939],[3.97919419,50.98066174]]]}},{"type":"Feature","id":"gebouw/Gebouw.9127439/0","properties":{"source":"Digitaal Vlaanderen Gebouwenregister","source_id":"gebouw/Gebouw.9127439/0","kind":"building","height_m":9.32,"status":null},"geometry":{"type":"Polygon","coordinates":[[[3.9820054,50.98009989],[3.98200306,50.98006746],[3.98206484,50.98006515],[3.98206777,50.98009797],[3.9820054,50.98009989]]]}},{"type":"Feature","id":"gebouw/Gebouw.9127440/0","properties":{"source":"Digitaal Vlaanderen Gebouwenregister","source_id":"gebouw/Gebouw.9127440/0","kind":"building","height_m":5.0,"status":null},"geometry":{"type":"Polygon","coordinates":[[[3.98152797,50.98006941],[3.98149007,50.98007703],[3.98143389,50.97997373],[3.98155755,50.97994739],[3.98154379,50.97992186],[3.98163415,50.97990278],[3.98167721,50.9799841],[3.98166143,50.97998775],[3.98168122,50.98002206],[3.98167406,50.98002348],[3.98168505,50.98004402],[3.98162565,50.98005665],[3.98162904,50.98006268],[3.98153411,50.98008296],[3.98152797,50.98006941]]]}},{"type":"Feature","id":"gebouw/Gebouw.9127441/0","properties":{"source":"Digitaal Vlaanderen Gebouwenregister","source_id":"gebouw/Gebouw.9127441/0","kind":"building","height_m":5.72,"status":null},"geometry":{"type":"Polygon","coordinates":[[[3.97630852,50.98053097],[3.97659907,50.98053876],[3.97658686,50.98064952],[3.97629797,50.98064201],[3.97630852,50.98053097]]]}},{"type":"Feature","id":"gebouw/Gebouw.9127442/0","properties":{"source":"Digitaal Vlaanderen Gebouwenregister","source_id":"gebouw/Gebouw.9127442/0","kind":"building","height_m":6.44,"status":null},"geometry":{"type":"Polygon","coordinates":[[[3.9733182,50.97801453],[3.97332117,50.97794133],[3.97351446,50.97794639],[3.97351116,50.97799664],[3.97348976,50.97799629],[3.97348698,50.9780407],[3.97350851,50.97804124],[3.97350602,50.97808094],[3.9732577,50.97807603],[3.97326159,50.97801258],[3.9733182,50.97801453]]]}},{"type":"Feature","id":"gebouw/Gebouw.9127445/0","properties":{"source":"Digitaal Vlaanderen Gebouwenregister","source_id":"gebouw/Gebouw.9127445/0","kind":"building","height_m":8.6,"status":null},"geometry":{"type":"Polygon","coordinates":[[[3.98343957,50.97969504],[3.98343592,50.97971261],[3.98338887,50.97970871],[3.98339251,50.97969117],[3.98338598,50.97969063],[3.98341014,50.97958095],[3.98345752,50.97958411],[3.98346667,50.97953327],[3.98345124,50.9795296],[3.98349584,50.97945706],[3.98360292,50.97948328],[3.98354899,50.97959169],[3.98354828,50.97959581],[3.98348821,50.97959007],[3.98348092,50.97962764],[3.98345398,50.97962565],[3.98343957,50.97969504]]]}},{"type":"Feature","id":"gebouw/Gebouw.9127446/0","properties":{"source":"Digitaal Vlaanderen Gebouwenregister","source_id":"gebouw/Gebouw.9127446/0","kind":"building","height_m":9.32,"status":null},"geometry":{"type":"Polygon","coordinates":[[[3.97954984,50.97997465],[3.9793787,50.97998953],[3.97937881,50.97998678],[3.97938153,50.97991588],[3.97938614,50.97987885],[3.97938973,50.97985679],[3.9794414,50.9798555],[3.97944313,50.97987799],[3.97949745,50.9798773],[3.97949738,50.97987992],[3.97955227,50.97987997],[3.97954984,50.97997465]]]}},{"type":"Feature","id":"gebouw/Gebouw.9127447/0","properties":{"source":"Digitaal Vlaanderen Gebouwenregister","source_id":"gebouw/Gebouw.9127447/0","kind":"building","height_m":5.0,"status":null},"geometry":{"type":"Polygon","coordinates":[[[3.97444634,50.97769333],[3.97440091,50.9776945],[3.97439252,50.97756842],[3.9744695,50.97756694],[3.97447617,50.97769242],[3.97444634,50.97769333]]]}},{"type":"Feature","id":"gebouw/Gebouw.9127798/0","properties":{"source":"Digitaal Vlaanderen Gebouwenregister","source_id":"gebouw/Gebouw.9127798/0","kind":"building","height_m":5.72,"status":null},"geometry":{"type":"Polygon","coordinates":[[[3.97422033,50.97729158],[3.97420842,50.97729169],[3.9741934,50.97729106],[3.97399461,50.97728277],[3.97399858,50.97722022],[3.97406964,50.97722289],[3.97421647,50.97722839],[3.97421878,50.97722847],[3.97423066,50.97723082],[3.97422998,50.97723692],[3.97422707,50.97726318],[3.97422262,50.97726294],[3.97422033,50.97729158]]]}},{"type":"Feature","id":"gebouw/Gebouw.9127939/0","properties":{"source":"Digitaal Vlaanderen Gebouwenregister","source_id":"gebouw/Gebouw.9127939/0","kind":"building","height_m":6.44,"status":null},"geometry":{"type":"Polygon","coordinates":[[[3.97381179,50.98065672],[3.97381199,50.9806521],[3.97378683,50.98065205],[3.97370499,50.98065189],[3.97370549,50.98062748],[3.97370566,50.98061899],[3.97363459,50.98061882],[3.97363452,50.98063131],[3.97356688,50.98063115],[3.97356652,50.98068859],[3.97376863,50.98069887],[3.97380985,50.98070055],[3.97381179,50.98065672]]]}},{"type":"Feature","id":"gebouw/Gebouw.9127940/0","properties":{"source":"Digitaal Vlaanderen Gebouwenregister","source_id":"gebouw/Gebouw.9127940/0","kind":"building","height_m":7.16,"status":null},"geometry":{"type":"Polygon","coordinates":[[[3.97725136,50.97993846],[3.97725204,50.97993331],[3.9772544,50.97991526],[3.97720639,50.97991322],[3.97720225,50.97994408],[3.97714218,50.97994101],[3.97712976,50.98002796],[3.97723377,50.9800339],[3.97725136,50.97993846]]]}},{"type":"Feature","id":"gebouw/Gebouw.9127941/0","properties":{"source":"Digitaal Vlaanderen Gebouwenregister","source_id":"gebouw/Gebouw.9127941/0","kind":"building","height_m":7.88,"status":null},"geometry":{"type":"Polygon","coordinates":[[[3.97430872,50.97726092],[3.97430738,50.97728639],[3.97427686,50.97728585],[3.97427817,50.97726076],[3.97430872,50.97726092]]]}},{"type":"Feature","id":"gebouw/Gebouw.9127972/0","properties":{"source":"Digitaal Vlaanderen Gebouwenregister","source_id":"gebouw/Gebouw.9127972/0","kind":"building","height_m":5.0,"status":null},"geometry":{"type":"Polygon","coordinates":[[[3.97534034,50.97794189],[3.97534774,50.97790058],[3.97540994,50.97790428],[3.97540281,50.97794653],[3.97534034,50.97794189]]]}},{"type":"Feature","id":"gebouw/Gebouw.9127973/0","properties":{"source":"Digitaal Vlaanderen Gebouwenregister","source_id":"gebouw/Gebouw.9127973/0","kind":"building","height_m":5.72,"status":null},"geometry":{"type":"Polygon","coordinates":[[[3.97782934,50.98057702],[3.97787648,50.98056781],[3.97788792,50.9805936],[3.97788255,50.98059466],[3.97789257,50.98061531],[3.97785591,50.9806233],[3.97782934,50.98057702]]]}},{"type":"Feature","id":"gebouw/Gebouw.9127974/0","properties":{"source":"Digitaal Vlaanderen Gebouwenregister","source_id":"gebouw/Gebouw.9127974/0","kind":"building","height_m":6.44,"status":null},"geometry":{"type":"Polygon","coordinates":[[[3.97760845,50.98044584],[3.97761118,50.98037058],[3.97766252,50.98037022],[3.97766246,50.98037284],[3.97770544,50.98037389],[3.97770314,50.98044448],[3.97766073,50.98044381],[3.97765532,50.98054059],[3.97758384,50.98053959],[3.97758747,50.98046378],[3.97761032,50.98046385],[3.97761231,50.9804457],[3.97760845,50.98044584]]]}},{"type":"Feature","id":"gebouw/Gebouw.9127975/0","properties":{"source":"Digitaal Vlaanderen Gebouwenregister","source_id":"gebouw/Gebouw.9127975/0","kind":"building","height_m":7.16,"status":null},"geometry":{"type":"Polygon","coordinates":[[[3.97491587,50.98039987],[3.97492509,50.98045341],[3.9748513,50.98045866],[3.97484512,50.98041982],[3.97484505,50.9804194],[3.97484116,50.98039497],[3.97484112,50.98039473],[3.9747304,50.98039211],[3.97472412,50.98035214],[3.97483797,50.98034509],[3.97490573,50.9803409],[3.97491587,50.98039987]]]}},{"type":"Feature","id":"gebouw/Gebouw.9127976/0","properties":{"source":"Digitaal Vlaanderen Gebouwenregister","source_id":"gebouw/Gebouw.9127976/0","kind":"building","height_m":7.88,"status":null},"geometry":{"type":"Polygon","coordinates":[[[3.97411641,50.98045801],[3.97412026,50.98043726],[3.97419134,50.98044181],[3.97418777,50.98046313],[3.97411641,50.98045801]]]}},{"type":"Feature","id":"gebouw/Gebouw.9128067/0","properties":{"source":"Digitaal Vlaanderen Gebouwenregister","source_id":"gebouw/Gebouw.9128067/0","kind":"building","height_m":7.88,"status":null},"geometry":{"type":"Polygon","coordinates":[[[3.97482036,50.97722536],[3.9748162,50.97721423],[3.97483404,50.97720263],[3.97484617,50.97717242],[3.97483613,50.97717081],[3.97485611,50.97712552],[3.97489301,50.97713212],[3.97488195,50.97715578],[3.97498733,50.97717477],[3.97500126,50.97714379],[3.97510815,50.97716294],[3.97503239,50.97732806],[3.97492566,50.97730864],[3.97493235,50.97729438],[3.97488314,50.97728544],[3.9748801,50.97729207],[3.97479675,50.97727683],[3.97482036,50.97722536]]]}},{"type":"Feature","id":"gebouw/Gebouw.9128068/0","properties":{"source":"Digitaal Vlaanderen Gebouwenregister","source_id":"gebouw/Gebouw.9128068/0","kind":"building","height_m":8.6,"status":null},"geometry":{"type":"Polygon","coordinates":[[[3.9741302,50.97699989],[3.97405909,50.97699769],[3.97406152,50.97696627],[3.97401601,50.97696486],[3.97402425,50.97685846],[3.97409536,50.97686065],[3.9741302,50.97699989]]]}},{"type":"Feature","id":"gebouw/Gebouw.9134312/0","properties":{"source":"Digitaal Vlaanderen Gebouwenregister","source_id":"gebouw/Gebouw.9134312/0","kind":"building","height_m":8.6,"status":null},"geometry":{"type":"Polygon","coordinates":[[[3.97570018,50.97794353],[3.97570558,50.97791007],[3.97570262,50.97791003],[3.97570472,50.97789882],[3.975737,50.97790087],[3.97577313,50.97771541],[3.97576188,50.97771427],[3.97577072,50.97767965],[3.97571552,50.97767404],[3.97571484,50.9776767],[3.97568886,50.97767422],[3.97568984,50.97767151],[3.97568677,50.97767107],[3.97565485,50.97782652],[3.97563337,50.97793842],[3.97570018,50.97794353]]]}},{"type":"Feature","id":"gebouw/Gebouw.9172221/0","properties":{"source":"Digitaal Vlaanderen Gebouwenregister","source_id":"gebouw/Gebouw.9172221/0","kind":"building","height_m":6.44,"status":null},"geometry":{"type":"Polygon","coordinates":[[[3.98270801,50.97925271],[3.98268796,50.97922945],[3.98268186,50.9792316],[3.98261948,50.97916066],[3.98261431,50.97916251],[3.98256034,50.97918182],[3.98255654,50.97918318],[3.98256168,50.97918925],[3.98253527,50.97919816],[3.9825206,50.97918085],[3.9824989,50.97918817],[3.9826149,50.97932515],[3.98273369,50.97928435],[3.98270699,50.9792532],[3.98270801,50.97925271]]]}},{"type":"Feature","id":"gebouw/Gebouw.9172222/0","properties":{"source":"Digitaal Vlaanderen Gebouwenregister","source_id":"gebouw/Gebouw.9172222/0","kind":"building","height_m":7.16,"status":null},"geometry":{"type":"Polygon","coordinates":[[[3.98350652,50.97775651],[3.9836079,50.97774922],[3.98361375,50.97778393],[3.98359411,50.97778596],[3.9835925,50.97776927],[3.98350957,50.97777452],[3.98350652,50.97775651]]]}},{"type":"Feature","id":"gebouw/Gebouw.9172256/0","properties":{"source":"Digitaal Vlaanderen Gebouwenregister","source_id":"gebouw/Gebouw.9172256/0","kind":"building","height_m":6.44,"status":null},"geometry":{"type":"Polygon","coordinates":[[[3.97742006,50.98073797],[3.97742108,50.98071232],[3.97750501,50.98071383],[3.97750402,50.98073836],[3.97742006,50.98073797]]]}},{"type":"Feature","id":"gebouw/Gebouw.9172257/0","properties":{"source":"Digitaal Vlaanderen Gebouwenregister","source_id":"gebouw/Gebouw.9172257/0","kind":"building","height_m":7.16,"status":null},"geometry":{"type":"Polygon","coordinates":[[[3.97461546,50.98038556],[3.97461408,50.98038198],[3.97457782,50.98017943],[3.97465385,50.98017352],[3.97466736,50.98025091],[3.97464089,50.98025305],[3.97465541,50.98032664],[3.97466472,50.98038537],[3.97461546,50.98038556]]]}},{"type":"Feature","id":"gebouw/Gebouw.9172258/0","properties":{"source":"Digitaal Vlaanderen Gebouwenregister","source_id":"gebouw/Gebouw.9172258/0","kind":"building","height_m":7.88,"status":null},"geometry":{"type":"Polygon","coordinates":[[[3.97499035,50.98106953],[3.97503687,50.98106107],[3.9750763,50.98106245],[3.97507552,50.98111077],[3.97503341,50.98110992],[3.97503448,50.98109307],[3.97499084,50.98109389],[3.97499035,50.98106953]]]}},{"type":"Feature","id":"gebouw/Gebouw.9172268/0","properties":{"source":"Digitaal Vlaanderen Gebouwenregister","source_id":"gebouw/Gebouw.9172268/0","kind":"building","height_m":5.0,"status":null},"geometry":{"type":"Polygon","coordinates":[[[3.97370045,50.97977893],[3.97369268,50.97983447],[3.97356754,50.97982746],[3.97357492,50.97977159],[3.97370045,50.97977893]]]}},{"type":"Feature","id":"gebouw/Gebouw.9172269/0","properties":{"source":"Digitaal Vlaanderen Gebouwenregister","source_id":"gebouw/Gebouw.9172269/0","kind":"building","height_m":5.72,"status":null},"geometry":{"type":"Polygon","coordinates":[[[3.98103502,50.97975082],[3.98094793,50.97977501],[3.9808404,50.97980489],[3.98079036,50.97973503],[3.98077068,50.97970754],[3.98087941,50.97967717],[3.98096597,50.97965299],[3.98103502,50.97975082]]]}},{"type":"Feature","id":"gebouw/Gebouw.9172312/0","properties":{"source":"Digitaal Vlaanderen Gebouwenregister","source_id":"gebouw/Gebouw.9172312/0","kind":"building","height_m":6.44,"status":null},"geometry":{"type":"Polygon","coordinates":[[[3.97401226,50.97833195],[3.97414767,50.978347],[3.97413869,50.97838118],[3.97399969,50.97836567],[3.9740008,50.97836083],[3.97389231,50.97835307],[3.97390313,50.97829275],[3.97401919,50.97830106],[3.97401226,50.97833195]]]}},{"type":"Feature","id":"gebouw/Gebouw.9172363/0","properties":{"source":"Digitaal Vlaanderen Gebouwenregister","source_id":"gebouw/Gebouw.9172363/0","kind":"building","height_m":7.88,"status":null},"geometry":{"type":"Polygon","coordinates":[[[3.97533317,50.97695898],[3.9753365,50.97692531],[3.97541651,50.97692883],[3.97541172,50.97696156],[3.97533317,50.97695898]]]}},{"type":"Feature","id":"gebouw/Gebouw.9172364/0","properties":{"source":"Digitaal Vlaanderen Gebouwenregister","source_id":"gebouw/Gebouw.9172364/0","kind":"building","height_m":8.6,"status":null},"geometry":{"type":"Polygon","coordinates":[[[3.97594905,50.98012886],[3.97580712,50.98012907],[3.97580708,50.98014143],[3.97580695,50.98017873],[3.97580618,50.9804056],[3.97580617,50.98040932],[3.97560784,50.98040905],[3.97560714,50.98061486],[3.97559618,50.98061484],[3.97559562,50.98078068],[3.97564619,50.98078075],[3.97564564,50.98094265],[3.97572001,50.98094275],[3.97571939,50.98112506],[3.97598476,50.98112255],[3.97598677,50.9807801],[3.97602904,50.98077933],[3.97602833,50.98045412],[3.97596398,50.98045538],[3.97594905,50.98012886]]]}},{"type":"Feature","id":"gebouw/Gebouw.9172524/0","properties":{"source":"Digitaal Vlaanderen Gebouwenregister","source_id":"gebouw/Gebouw.9172524/0","kind":"building","height_m":7.88,"status":null},"geometry":{"type":"Polygon","coordinates":[[[3.97443358,50.97778721],[3.97438967,50.97778621],[3.97438718,50.9777599],[3.97438512,50.97770743],[3.97443322,50.9777061],[3.97443557,50.97775914],[3.97443358,50.97778721]]]}},{"type":"Feature","id":"gebouw/Gebouw.9172525/0","properties":{"source":"Digitaal Vlaanderen Gebouwenregister","source_id":"gebouw/Gebouw.9172525/0","kind":"building","height_m":8.6,"status":null},"geometry":{"type":"Polygon","coordinates":[[[3.97870135,50.98033738],[3.97869748,50.98033753],[3.9786932,50.98030039],[3.97874577,50.98029855],[3.9787501,50.98033419],[3.97873375,50.98033531],[3.97873916,50.98039569],[3.97872935,50.98039614],[3.97873045,50.98040982],[3.978707,50.98041012],[3.97870135,50.98033738]]]}},{"type":"Feature","id":"gebouw/Gebouw.9172526/0","properties":{"source":"Digitaal Vlaanderen Gebouwenregister","source_id":"gebouw/Gebouw.9172526/0","kind":"building","height_m":9.32,"status":null},"geometry":{"type":"Polygon","coordinates":[[[3.98165217,50.97949852],[3.98167169,50.97952391],[3.98174887,50.9796243],[3.9816728,50.9796486],[3.98157387,50.97952519],[3.98165217,50.97949852]]]}},{"type":"Feature","id":"gebouw/Gebouw.9172567/0","properties":{"source":"Digitaal Vlaanderen Gebouwenregister","source_id":"gebouw/Gebouw.9172567/0","kind":"building","height_m":8.6,"status":null},"geometry":{"type":"Polygon","coordinates":[[[3.9832154,50.97962181],[3.98333805,50.97963233],[3.98334391,50.97960508],[3.98335454,50.97960599],[3.98337662,50.97948318],[3.98337342,50.97948286],[3.98337655,50.97946774],[3.98330502,50.97946156],[3.98330386,50.97946694],[3.98324171,50.97946166],[3.98324286,50.97945624],[3.98319383,50.97945208],[3.98319277,50.97945707],[3.98318388,50.97949876],[3.9831768,50.97953198],[3.98322597,50.97953599],[3.98321365,50.97959391],[3.98322126,50.97959456],[3.9832154,50.97962181]]]}},{"type":"Feature","id":"gebouw/Gebouw.9172568/0","properties":{"source":"Digitaal Vlaanderen Gebouwenregister","source_id":"gebouw/Gebouw.9172568/0","kind":"building","height_m":9.32,"status":null},"geometry":{"type":"Polygon","coordinates":[[[3.97807111,50.98033694],[3.97809548,50.98033691],[3.97809439,50.9803648],[3.97806719,50.9803615],[3.97807111,50.98033694]]]}},{"type":"Feature","id":"gebouw/Gebouw.9172569/0","properties":{"source":"Digitaal Vlaanderen Gebouwenregister","source_id":"gebouw/Gebouw.9172569/0","kind":"building","height_m":5.0,"status":null},"geometry":{"type":"Polygon","coordinates":[[[3.97419088,50.97891428],[3.97412102,50.97890824],[3.97412814,50.97887704],[3.97404051,50.97887043],[3.97403156,50.97890547],[3.97380934,50.97888511],[3.97382617,50.97881195],[3.97395935,50.97882381],[3.97403363,50.97883046],[3.97404235,50.97879534],[3.9741039,50.97880091],[3.9741447,50.97880446],[3.97430161,50.97881813],[3.97439772,50.97882654],[3.97438222,50.97889416],[3.97428558,50.97888594],[3.97419931,50.9788786],[3.97419088,50.97891428]]]}},{"type":"Feature","id":"gebouw/Gebouw.9172573/0","properties":{"source":"Digitaal Vlaanderen Gebouwenregister","source_id":"gebouw/Gebouw.9172573/0","kind":"building","height_m":7.88,"status":null},"geometry":{"type":"Polygon","coordinates":[[[3.98127936,50.97975731],[3.98122443,50.97968363],[3.9812023,50.97965659],[3.98116457,50.97961048],[3.981098,50.97963219],[3.98115387,50.97970269],[3.98112288,50.97971211],[3.98115776,50.97975474],[3.98117015,50.9797507],[3.9811974,50.97978398],[3.98127936,50.97975731]]]}},{"type":"Feature","id":"gebouw/Gebouw.9172596/0","properties":{"source":"Digitaal Vlaanderen Gebouwenregister","source_id":"gebouw/Gebouw.9172596/0","kind":"building","height_m":9.32,"status":null},"geometry":{"type":"Polygon","coordinates":[[[3.97484535,50.97819589],[3.97484838,50.9781624],[3.97491327,50.97816519],[3.97491084,50.97819869],[3.97484535,50.97819589]]]}},{"type":"Feature","id":"gebouw/Gebouw.9172677/0","properties":{"source":"Digitaal Vlaanderen Gebouwenregister","source_id":"gebouw/Gebouw.9172677/0","kind":"building","height_m":7.16,"status":null},"geometry":{"type":"Polygon","coordinates":[[[3.98276359,50.97990745],[3.9827477,50.98001834],[3.98270354,50.98001653],[3.98271855,50.97990544],[3.98276359,50.97990745]]]}},{"type":"Feature","id":"gebouw/Gebouw.9172678/0","properties":{"source":"Digitaal Vlaanderen Gebouwenregister","source_id":"gebouw/Gebouw.9172678/0","kind":"building","height_m":7.88,"status":null},"geometry":{"type":"Polygon","coordinates":[[[3.97827348,50.98042298],[3.97827878,50.98042289],[3.97827927,50.98051018],[3.97822465,50.98051106],[3.97822444,50.98047659],[3.97821969,50.98047691],[3.97821852,50.98042389],[3.97822389,50.9804238],[3.97827348,50.98042298]]]}},{"type":"Feature","id":"gebouw/Gebouw.9172679/0","properties":{"source":"Digitaal Vlaanderen Gebouwenregister","source_id":"gebouw/Gebouw.9172679/0","kind":"building","height_m":8.6,"status":null},"geometry":{"type":"Polygon","coordinates":[[[3.97620587,50.980215],[3.97620874,50.98018462],[3.97622636,50.98018518],[3.97628525,50.98018706],[3.97628167,50.98013875],[3.97628151,50.98013652],[3.97622266,50.98013517],[3.97602425,50.98013061],[3.97602433,50.98021312],[3.97620587,50.980215]]]}},{"type":"Feature","id":"gebouw/Gebouw.9172703/0","properties":{"source":"Digitaal Vlaanderen Gebouwenregister","source_id":"gebouw/Gebouw.9172703/0","kind":"building","height_m":5.72,"status":null},"geometry":{"type":"Polygon","coordinates":[[[3.9759559,50.97978313],[3.97598987,50.9797894],[3.97593003,50.97990983],[3.97578082,50.97988028],[3.9758543,50.97973534],[3.97596818,50.97975799],[3.9759559,50.97978313]]]}},{"type":"Feature","id":"gebouw/Gebouw.9172709/0","properties":{"source":"Digitaal Vlaanderen Gebouwenregister","source_id":"gebouw/Gebouw.9172709/0","kind":"building","height_m":5.0,"status":null},"geometry":{"type":"Polygon","coordinates":[[[3.98371053,50.97950968],[3.98360292,50.97948328],[3.98354899,50.97959169],[3.98359675,50.97960272],[3.9835858,50.97962255],[3.98364076,50.97963075],[3.98371053,50.97950968]]]}},{"type":"Feature","id":"gebouw/Gebouw.9172710/0","properties":{"source":"Digitaal Vlaanderen Gebouwenregister","source_id":"gebouw/Gebouw.9172710/0","kind":"building","height_m":5.72,"status":null},"geometry":{"type":"Polygon","coordinates":[[[3.97371404,50.97968712],[3.97373181,50.97968845],[3.97372797,50.97971912],[3.97357916,50.97971056],[3.97358826,50.97964841],[3.97371846,50.97965683],[3.97371404,50.97968712]]]}},{"type":"Feature","id":"gebouw/Gebouw.9172730/0","properties":{"source":"Digitaal Vlaanderen Gebouwenregister","source_id":"gebouw/Gebouw.9172730/0","kind":"building","height_m":5.0,"status":null},"geometry":{"type":"Polygon","coordinates":[[[3.97644835,50.98030156],[3.97645408,50.98019305],[3.97653893,50.980195],[3.97654041,50.98018036],[3.97663114,50.98018231],[3.97662567,50.98027842],[3.97668989,50.98027739],[3.97668893,50.98035037],[3.97661042,50.98034907],[3.97661213,50.98030468],[3.97644835,50.98030156]]]}},{"type":"Feature","id":"gebouw/Gebouw.9174958/0","properties":{"source":"Digitaal Vlaanderen Gebouwenregister","source_id":"gebouw/Gebouw.9174958/0","kind":"building","height_m":6.44,"status":null},"geometry":{"type":"Polygon","coordinates":[[[3.97419864,50.97665269],[3.97413126,50.97665078],[3.97412887,50.97668437],[3.97405818,50.97668236],[3.97405527,50.976723],[3.97419158,50.97672744],[3.97419864,50.97665269]]]}},{"type":"Feature","id":"gebouw/Gebouw.9174959/0","properties":{"source":"Digitaal Vlaanderen Gebouwenregister","source_id":"gebouw/Gebouw.9174959/0","kind":"building","height_m":7.16,"status":null},"geometry":{"type":"Polygon","coordinates":[[[3.97360881,50.97739875],[3.97355478,50.97739756],[3.97354636,50.97740259],[3.97352545,50.97740226],[3.97351758,50.97739689],[3.97349466,50.97739629],[3.97349374,50.97740559],[3.97342823,50.97740415],[3.97343259,50.97732647],[3.97347463,50.97732741],[3.97362737,50.97733083],[3.97363152,50.97733092],[3.97362975,50.97735824],[3.9736114,50.97735769],[3.97360881,50.97739875]]]}},{"type":"Feature","id":"gebouw/Gebouw.9189731/0","properties":{"source":"Digitaal Vlaanderen Gebouwenregister","source_id":"gebouw/Gebouw.9189731/0","kind":"building","height_m":8.6,"status":null},"geometry":{"type":"Polygon","coordinates":[[[3.97565485,50.97782652],[3.97560749,50.97782261],[3.97561798,50.97777721],[3.97556703,50.97777401],[3.97555802,50.97781961],[3.97551058,50.97781549],[3.97545651,50.97781078],[3.97546144,50.97778349],[3.97546943,50.97778415],[3.9754752,50.97774825],[3.975524,50.97775348],[3.97557281,50.97775872],[3.97559405,50.97766325],[3.97568677,50.97767107],[3.97565485,50.97782652]]]}},{"type":"Feature","id":"gebouw/Gebouw.9190088/0","properties":{"source":"Digitaal Vlaanderen Gebouwenregister","source_id":"gebouw/Gebouw.9190088/0","kind":"building","height_m":8.6,"status":null},"geometry":{"type":"Polygon","coordinates":[[[3.97419158,50.97672744],[3.97418768,50.97675489],[3.97423313,50.97675614],[3.97423085,50.97678623],[3.97421743,50.97678599],[3.97418962,50.9767855],[3.97418954,50.9767855],[3.97414544,50.97678473],[3.97402988,50.9767827],[3.97403422,50.9767224],[3.97405527,50.976723],[3.97419158,50.97672744]]]}},{"type":"Feature","id":"gebouw/Gebouw.9192986/0","properties":{"source":"Digitaal Vlaanderen Gebouwenregister","source_id":"gebouw/Gebouw.9192986/0","kind":"building","height_m":8.6,"status":null},"geometry":{"type":"Polygon","coordinates":[[[3.97430317,50.97840183],[3.97430204,50.97840169],[3.97418219,50.97838664],[3.97413869,50.97838118],[3.97399969,50.97836567],[3.97398368,50.97843572],[3.97411227,50.97844742],[3.97412245,50.97840947],[3.9742949,50.97842809],[3.97430317,50.97840183]]]}},{"type":"Feature","id":"gebouw/Gebouw.9192988/0","properties":{"source":"Digitaal Vlaanderen Gebouwenregister","source_id":"gebouw/Gebouw.9192988/0","kind":"building","height_m":5.0,"status":null},"geometry":{"type":"Polygon","coordinates":[[[3.97365835,50.9785722],[3.9734357,50.97855643],[3.97338784,50.97855118],[3.97328208,50.97853958],[3.9732186,50.97853261],[3.9732259,50.97850535],[3.97328713,50.97851185],[3.97329017,50.97849896],[3.97344675,50.97851341],[3.97353786,50.97852181],[3.97354274,50.97849602],[3.97367169,50.97850679],[3.97365835,50.9785722]]]}},{"type":"Feature","id":"gebouw/Gebouw.9192989/0","properties":{"source":"Digitaal Vlaanderen Gebouwenregister","source_id":"gebouw/Gebouw.9192989/0","kind":"building","height_m":5.72,"status":null},"geometry":{"type":"Polygon","coordinates":[[[3.97360063,50.9787872],[3.97341253,50.9787641],[3.97338218,50.97887125],[3.97323881,50.97885444],[3.97323918,50.97885201],[3.97319453,50.97884645],[3.97322429,50.97873927],[3.97322784,50.97873969],[3.97323423,50.97871298],[3.97361213,50.97874852],[3.97360063,50.9787872]]]}},{"type":"Feature","id":"gebouw/Gebouw.9193110/0","properties":{"source":"Digitaal Vlaanderen Gebouwenregister","source_id":"gebouw/Gebouw.9193110/0","kind":"building","height_m":7.16,"status":null},"geometry":{"type":"Polygon","coordinates":[[[3.97661099,50.9769388],[3.97654824,50.97708006],[3.97662674,50.97709481],[3.97661917,50.97711046],[3.97673907,50.97713017],[3.97672834,50.9771529],[3.97673779,50.97715451],[3.97665928,50.97732819],[3.97645468,50.97729068],[3.9762738,50.97725752],[3.97642909,50.97690864],[3.97661099,50.9769388]]]}},{"type":"Feature","id":"gebouw/Gebouw.9419616/0","properties":{"source":"Digitaal Vlaanderen Gebouwenregister","source_id":"gebouw/Gebouw.9419616/0","kind":"building","height_m":7.16,"status":null},"geometry":{"type":"Polygon","coordinates":[[[3.97917719,50.98000925],[3.97909953,50.98001865],[3.97908812,50.97998104],[3.97907161,50.97998304],[3.97905858,50.97994013],[3.97907232,50.97993824],[3.9790737,50.97990023],[3.97908526,50.97990055],[3.97908968,50.97983406],[3.97909199,50.97979929],[3.97916489,50.97979961],[3.9791559,50.97993916],[3.97917719,50.98000925]]]}},{"type":"Feature","id":"gebouw/Gebouw.9443770/0","properties":{"source":"Digitaal Vlaanderen Gebouwenregister","source_id":"gebouw/Gebouw.9443770/0","kind":"building","height_m":5.0,"status":null},"geometry":{"type":"Polygon","coordinates":[[[3.97541012,50.97731082],[3.97537262,50.97739653],[3.97529138,50.97738191],[3.97529413,50.97737526],[3.97515094,50.97735019],[3.97516747,50.97731356],[3.97521212,50.97721316],[3.9753829,50.97724123],[3.97543627,50.97712558],[3.97554063,50.97714454],[3.9754918,50.97725027],[3.97544083,50.97724064],[3.97541012,50.97731082]]]}},{"type":"Feature","id":"gebouw/Gebouw.9443771/0","properties":{"source":"Digitaal Vlaanderen Gebouwenregister","source_id":"gebouw/Gebouw.9443771/0","kind":"building","height_m":5.72,"status":null},"geometry":{"type":"Polygon","coordinates":[[[3.97810806,50.98033255],[3.97807188,50.98033214],[3.97807745,50.9802396],[3.97813737,50.98024078],[3.97813854,50.9802173],[3.97822596,50.98021892],[3.97822293,50.98033104],[3.97822946,50.98033111],[3.97822788,50.98036958],[3.97822755,50.98037754],[3.97822195,50.9803774],[3.97815958,50.98037583],[3.97816374,50.98031006],[3.97810957,50.98030869],[3.97810806,50.98033255]]]}},{"type":"Feature","id":"gebouw/Gebouw.9443772/0","properties":{"source":"Digitaal Vlaanderen Gebouwenregister","source_id":"gebouw/Gebouw.9443772/0","kind":"building","height_m":6.44,"status":null},"geometry":{"type":"Polygon","coordinates":[[[3.97779372,50.98032638],[3.97771488,50.98032361],[3.9777229,50.98021612],[3.97777274,50.98021765],[3.97777184,50.98023623],[3.97780161,50.98023723],[3.97780197,50.98023287],[3.97786725,50.98023481],[3.97786708,50.98032402],[3.97787775,50.98032452],[3.97787685,50.98034282],[3.97779302,50.98034079],[3.97779372,50.98032638]]]}},{"type":"Feature","id":"gebouw/Gebouw.9443773/0","properties":{"source":"Digitaal Vlaanderen Gebouwenregister","source_id":"gebouw/Gebouw.9443773/0","kind":"building","height_m":7.16,"status":null},"geometry":{"type":"Polygon","coordinates":[[[3.97397943,50.98050647],[3.97398306,50.98047298],[3.97403967,50.98047493],[3.97403516,50.98050822],[3.97397943,50.98050647]]]}},{"type":"Feature","id":"gebouw/Gebouw.9443774/0","properties":{"source":"Digitaal Vlaanderen Gebouwenregister","source_id":"gebouw/Gebouw.9443774/0","kind":"building","height_m":7.88,"status":null},"geometry":{"type":"Polygon","coordinates":[[[3.97389212,50.98065532],[3.97389513,50.98062258],[3.97398462,50.98062659],[3.97398339,50.98065935],[3.97389212,50.98065532]]]}},{"type":"Feature","id":"gebouw/Gebouw.9443788/0","properties":{"source":"Digitaal Vlaanderen Gebouwenregister","source_id":"gebouw/Gebouw.9443788/0","kind":"building","height_m":7.88,"status":null},"geometry":{"type":"Polygon","coordinates":[[[3.97570609,50.97962578],[3.97567188,50.97961865],[3.97569923,50.97956445],[3.97573553,50.97957142],[3.97570609,50.97962578]]]}},{"type":"Feature","id":"gebouw/Gebouw.9443789/0","properties":{"source":"Digitaal Vlaanderen Gebouwenregister","source_id":"gebouw/Gebouw.9443789/0","kind":"building","height_m":8.6,"status":null},"geometry":{"type":"Polygon","coordinates":[[[3.98151079,50.97868553],[3.98149793,50.97865766],[3.98159311,50.97863907],[3.98160804,50.97866715],[3.98151079,50.97868553]]]}},{"type":"Feature","id":"gebouw/Gebouw.9443790/0","properties":{"source":"Digitaal Vlaanderen Gebouwenregister","source_id":"gebouw/Gebouw.9443790/0","kind":"building","height_m":9.32,"status":null},"geometry":{"type":"Polygon","coordinates":[[[3.98217618,50.97916166],[3.98224,50.97913972],[3.9822569,50.97916107],[3.98219456,50.97918322],[3.98217618,50.97916166]]]}},{"type":"Feature","id":"gebouw/Gebouw.9443876/0","properties":{"source":"Digitaal Vlaanderen Gebouwenregister","source_id":"gebouw/Gebouw.9443876/0","kind":"building","height_m":5.72,"status":null},"geometry":{"type":"Polygon","coordinates":[[[3.98215964,50.98019621],[3.98214953,50.98014459],[3.98229233,50.98013121],[3.98229194,50.98013439],[3.98235679,50.98012838],[3.98236634,50.98017887],[3.98224497,50.98018987],[3.98225297,50.98023248],[3.98217594,50.98023891],[3.98216856,50.98019556],[3.98215964,50.98019621]]]}},{"type":"Feature","id":"gebouw/Gebouw.9443877/0","properties":{"source":"Digitaal Vlaanderen Gebouwenregister","source_id":"gebouw/Gebouw.9443877/0","kind":"building","height_m":6.44,"status":null},"geometry":{"type":"Polygon","coordinates":[[[3.98117202,50.98003449],[3.98116214,50.9799853],[3.98127544,50.97997628],[3.98128442,50.98002564],[3.98117202,50.98003449]]]}},{"type":"Feature","id":"gebouw/Gebouw.9443878/0","properties":{"source":"Digitaal Vlaanderen Gebouwenregister","source_id":"gebouw/Gebouw.9443878/0","kind":"building","height_m":7.16,"status":null},"geometry":{"type":"Polygon","coordinates":[[[3.97718878,50.98031429],[3.97714134,50.98031301],[3.97715469,50.98013967],[3.97723473,50.98014189],[3.97722664,50.98025553],[3.97719284,50.98025478],[3.97718878,50.98031429]]]}},{"type":"Feature","id":"gebouw/Gebouw.9443879/0","properties":{"source":"Digitaal Vlaanderen Gebouwenregister","source_id":"gebouw/Gebouw.9443879/0","kind":"building","height_m":7.88,"status":null},"geometry":{"type":"Polygon","coordinates":[[[3.97608617,50.98053316],[3.97608303,50.98046774],[3.97622612,50.98046523],[3.97622911,50.9805308],[3.97608617,50.98053316]]]}},{"type":"Feature","id":"gebouw/Gebouw.9443880/0","properties":{"source":"Digitaal Vlaanderen Gebouwenregister","source_id":"gebouw/Gebouw.9443880/0","kind":"building","height_m":8.6,"status":null},"geometry":{"type":"Polygon","coordinates":[[[3.97337182,50.97779862],[3.97337509,50.97776063],[3.97352627,50.97776465],[3.97351916,50.97787139],[3.97326371,50.97786482],[3.97326718,50.97779537],[3.97337182,50.97779862]]]}},{"type":"Feature","id":"gebouw/Gebouw.9443884/0","properties":{"source":"Digitaal Vlaanderen Gebouwenregister","source_id":"gebouw/Gebouw.9443884/0","kind":"building","height_m":6.44,"status":null},"geometry":{"type":"Polygon","coordinates":[[[3.9818092,50.97932157],[3.9818525,50.97930767],[3.98193416,50.9794103],[3.98192936,50.97941212],[3.98196577,50.97945729],[3.98200869,50.97944299],[3.98207143,50.97952004],[3.98199088,50.97954618],[3.9818092,50.97932157]]]}},{"type":"Feature","id":"gebouw/Gebouw.9443904/0","properties":{"source":"Digitaal Vlaanderen Gebouwenregister","source_id":"gebouw/Gebouw.9443904/0","kind":"building","height_m":5.72,"status":null},"geometry":{"type":"Polygon","coordinates":[[[3.97402448,50.98020188],[3.97401233,50.98035848],[3.97399137,50.98035804],[3.97397536,50.9803577],[3.97397874,50.98031185],[3.97395324,50.98031119],[3.97394424,50.98030415],[3.97394632,50.98028339],[3.97393934,50.98028331],[3.97394508,50.98019972],[3.97402448,50.98020188]]]}},{"type":"Feature","id":"gebouw/Gebouw.9443905/0","properties":{"source":"Digitaal Vlaanderen Gebouwenregister","source_id":"gebouw/Gebouw.9443905/0","kind":"building","height_m":6.44,"status":null},"geometry":{"type":"Polygon","coordinates":[[[3.97412387,50.97870374],[3.97412293,50.97871609],[3.97385607,50.97869491],[3.97387432,50.97861235],[3.97411517,50.97863331],[3.97410686,50.97866552],[3.97409025,50.97867601],[3.97412387,50.97870374]]]}},{"type":"Feature","id":"gebouw/Gebouw.9443985/0","properties":{"source":"Digitaal Vlaanderen Gebouwenregister","source_id":"gebouw/Gebouw.9443985/0","kind":"building","height_m":8.6,"status":null},"geometry":{"type":"Polygon","coordinates":[[[3.97888403,50.980529],[3.97891886,50.98055636],[3.97888002,50.98057634],[3.97884577,50.98054936],[3.97888403,50.980529]]]}},{"type":"Feature","id":"gebouw/Gebouw.9443986/0","properties":{"source":"Digitaal Vlaanderen Gebouwenregister","source_id":"gebouw/Gebouw.9443986/0","kind":"building","height_m":9.32,"status":null},"geometry":{"type":"Polygon","coordinates":[[[3.98139606,50.98004413],[3.98145646,50.98003826],[3.98147608,50.98013334],[3.9814155,50.98013832],[3.98139606,50.98004413]]]}},{"type":"Feature","id":"gebouw/Gebouw.9444002/0","properties":{"source":"Digitaal Vlaanderen Gebouwenregister","source_id":"gebouw/Gebouw.9444002/0","kind":"building","height_m":5.72,"status":null},"geometry":{"type":"Polygon","coordinates":[[[3.97488283,50.9777333],[3.97480874,50.97773021],[3.97480943,50.97771654],[3.97476084,50.97771412],[3.97475848,50.977745],[3.9747404,50.97774423],[3.97473993,50.97765404],[3.97476136,50.97765419],[3.97476315,50.97756094],[3.97489191,50.97755986],[3.97488847,50.97762565],[3.97488567,50.97767896],[3.97488283,50.9777333]]]}},{"type":"Feature","id":"gebouw/Gebouw.9444003/0","properties":{"source":"Digitaal Vlaanderen Gebouwenregister","source_id":"gebouw/Gebouw.9444003/0","kind":"building","height_m":6.44,"status":null},"geometry":{"type":"Polygon","coordinates":[[[3.97501829,50.97770179],[3.97501548,50.97774267],[3.97500678,50.97777741],[3.9749309,50.97777467],[3.97494373,50.97762591],[3.97490902,50.97762608],[3.97491087,50.97756014],[3.97502792,50.97756193],[3.9750233,50.97762902],[3.97501829,50.97770179]]]}},{"type":"Feature","id":"gebouw/Gebouw.9444068/0","properties":{"source":"Digitaal Vlaanderen Gebouwenregister","source_id":"gebouw/Gebouw.9444068/0","kind":"building","height_m":7.88,"status":null},"geometry":{"type":"Polygon","coordinates":[[[3.97388109,50.98077728],[3.9738832,50.98076192],[3.97385441,50.98076035],[3.97385603,50.9807347],[3.97394821,50.98073818],[3.9739512,50.98070619],[3.97380985,50.98070055],[3.97376863,50.98069887],[3.97376733,50.98072396],[3.9735651,50.98072005],[3.97356499,50.98077904],[3.9738476,50.98079137],[3.97388321,50.98079284],[3.97388532,50.98077752],[3.97388109,50.98077728]]]}},{"type":"Feature","id":"gebouw/Gebouw.9444069/0","properties":{"source":"Digitaal Vlaanderen Gebouwenregister","source_id":"gebouw/Gebouw.9444069/0","kind":"building","height_m":8.6,"status":null},"geometry":{"type":"Polygon","coordinates":[[[3.97596085,50.97736018],[3.9759941,50.97728619],[3.97608533,50.97730202],[3.97605297,50.97737583],[3.97606153,50.97737629],[3.97601469,50.97748105],[3.97590642,50.97746175],[3.97590726,50.97745993],[3.97590285,50.97745913],[3.97590368,50.97745723],[3.97587422,50.97745206],[3.97587338,50.97745396],[3.97586896,50.97745318],[3.97586814,50.97745501],[3.97575991,50.97743566],[3.97580648,50.97733151],[3.97596085,50.97736018]]]}},{"type":"Feature","id":"gebouw/Gebouw.9444070/0","properties":{"source":"Digitaal Vlaanderen Gebouwenregister","source_id":"gebouw/Gebouw.9444070/0","kind":"building","height_m":9.32,"status":null},"geometry":{"type":"Polygon","coordinates":[[[3.97929815,50.97999415],[3.97917719,50.98000925],[3.9791559,50.97993916],[3.97916489,50.97979961],[3.97916659,50.97972147],[3.97922031,50.97972076],[3.97922097,50.97979176],[3.97927614,50.97979238],[3.97927876,50.97984636],[3.97927914,50.97984988],[3.97922201,50.97984927],[3.97922376,50.97989237],[3.9792389,50.97994424],[3.97928837,50.97993656],[3.97929815,50.97999415]]]}},{"type":"Feature","id":"gebouw/Gebouw.9444360/0","properties":{"source":"Digitaal Vlaanderen Gebouwenregister","source_id":"gebouw/Gebouw.9444360/0","kind":"building","height_m":6.44,"status":null},"geometry":{"type":"Polygon","coordinates":[[[3.97413974,50.97783505],[3.97416043,50.97783581],[3.97415952,50.97784567],[3.97419182,50.97784686],[3.97419016,50.9778648],[3.97406115,50.97786315],[3.97393993,50.97785561],[3.97394377,50.97782614],[3.97394987,50.97777925],[3.97396036,50.9777798],[3.97417009,50.97779864],[3.97416708,50.97782109],[3.97414112,50.97782013],[3.97413974,50.97783505]]]}},{"type":"Feature","id":"gebouw/Gebouw.9444364/0","properties":{"source":"Digitaal Vlaanderen Gebouwenregister","source_id":"gebouw/Gebouw.9444364/0","kind":"building","height_m":9.32,"status":null},"geometry":{"type":"Polygon","coordinates":[[[3.97472814,50.97931314],[3.97472463,50.97934251],[3.9747186,50.97937709],[3.97462291,50.97937208],[3.97462809,50.97933617],[3.97463256,50.97930401],[3.97464797,50.97930455],[3.97465211,50.97926339],[3.97473448,50.97926732],[3.97472814,50.97931314]]]}},{"type":"Feature","id":"gebouw/Gebouw.9444366/0","properties":{"source":"Digitaal Vlaanderen Gebouwenregister","source_id":"gebouw/Gebouw.9444366/0","kind":"building","height_m":5.72,"status":null},"geometry":{"type":"Polygon","coordinates":[[[3.98385082,50.97982004],[3.9839046,50.97982777],[3.98389855,50.97984249],[3.98393638,50.97984779],[3.98394819,50.97981814],[3.98389796,50.97981083],[3.98391202,50.9797754],[3.9839201,50.97977682],[3.98393136,50.97974506],[3.98405576,50.97976265],[3.98398813,50.97993809],[3.98384736,50.97991664],[3.98382248,50.97998171],[3.98379097,50.9799769],[3.98379633,50.97996286],[3.98385082,50.97982004]]]}},{"type":"Feature","id":"gebouw/Gebouw.9462145/0","properties":{"source":"Digitaal Vlaanderen Gebouwenregister","source_id":"gebouw/Gebouw.9462145/0","kind":"building","height_m":5.0,"status":null},"geometry":{"type":"Polygon","coordinates":[[[3.97653303,50.9808583],[3.97669309,50.98086423],[3.97667157,50.9811309],[3.97650885,50.98112475],[3.97653303,50.9808583]]]}},{"type":"Feature","id":"gebouw/Gebouw.9462492/0","properties":{"source":"Digitaal Vlaanderen Gebouwenregister","source_id":"gebouw/Gebouw.9462492/0","kind":"building","height_m":7.88,"status":null},"geometry":{"type":"Polygon","coordinates":[[[3.97750928,50.97609466],[3.97747771,50.97608468],[3.97730639,50.97603056],[3.97727925,50.97608794],[3.97746809,50.97614552],[3.97750928,50.97609466]]]}},{"type":"Feature","id":"gebouw/Gebouw.9462493/0","properties":{"source":"Digitaal Vlaanderen Gebouwenregister","source_id":"gebouw/Gebouw.9462493/0","kind":"building","height_m":8.6,"status":null},"geometry":{"type":"Polygon","coordinates":[[[3.97756627,50.97604711],[3.97753001,50.97603503],[3.97750971,50.97602828],[3.97749988,50.97604004],[3.97742567,50.97601534],[3.97741032,50.97603372],[3.97737442,50.97602177],[3.9773628,50.97603568],[3.97748609,50.97607673],[3.97752947,50.97609117],[3.97756627,50.97604711]]]}},{"type":"Feature","id":"gebouw/Gebouw.9462494/0","properties":{"source":"Digitaal Vlaanderen Gebouwenregister","source_id":"gebouw/Gebouw.9462494/0","kind":"building","height_m":9.32,"status":null},"geometry":{"type":"Polygon","coordinates":[[[3.97405855,50.97900811],[3.97404066,50.97909135],[3.97384056,50.97907402],[3.97384893,50.97903553],[3.9738565,50.97900066],[3.97384849,50.97899997],[3.97385759,50.97895778],[3.97390646,50.97896183],[3.97390716,50.97895887],[3.97400907,50.97896835],[3.97400887,50.97897103],[3.97406011,50.97897404],[3.97405233,50.97900748],[3.97405855,50.97900811]]]}},{"type":"Feature","id":"gebouw/Gebouw.9462495/0","properties":{"source":"Digitaal Vlaanderen Gebouwenregister","source_id":"gebouw/Gebouw.9462495/0","kind":"building","height_m":5.0,"status":null},"geometry":{"type":"Polygon","coordinates":[[[3.97391,50.98005483],[3.97388936,50.98005567],[3.9738843,50.98005588],[3.97382923,50.98005814],[3.97383274,50.98003037],[3.97391423,50.9800344],[3.97391,50.98005483]]]}},{"type":"Feature","id":"gebouw/Gebouw.9462708/0","properties":{"source":"Digitaal Vlaanderen Gebouwenregister","source_id":"gebouw/Gebouw.9462708/0","kind":"building","height_m":7.16,"status":null},"geometry":{"type":"Polygon","coordinates":[[[3.97362603,50.97730309],[3.97362892,50.97730316],[3.97362737,50.97733083],[3.97347463,50.97732741],[3.97347678,50.97730007],[3.97350167,50.9773011],[3.97350484,50.97725244],[3.97348525,50.97725187],[3.97348739,50.9772189],[3.97350724,50.97722006],[3.97350828,50.97718336],[3.9735825,50.97718553],[3.97359119,50.97718034],[3.9736121,50.97718084],[3.97362014,50.97718643],[3.97364006,50.97718691],[3.97363588,50.97725626],[3.97363417,50.97728459],[3.97362706,50.97728457],[3.97362603,50.97730309]]]}},{"type":"Feature","id":"gebouw/Gebouw.9462714/0","properties":{"source":"Digitaal Vlaanderen Gebouwenregister","source_id":"gebouw/Gebouw.9462714/0","kind":"building","height_m":6.44,"status":null},"geometry":{"type":"Polygon","coordinates":[[[3.97421861,50.97743093],[3.97409841,50.97742737],[3.97409834,50.97742835],[3.97398481,50.97742527],[3.97398947,50.97735687],[3.97402357,50.97735783],[3.97415715,50.97736167],[3.97422126,50.97736351],[3.97422417,50.9773637],[3.97423217,50.97736417],[3.97422955,50.9773993],[3.97422159,50.97739906],[3.97422098,50.97739905],[3.97421861,50.97743093]]]}},{"type":"Feature","id":"gebouw/Gebouw.9462715/0","properties":{"source":"Digitaal Vlaanderen Gebouwenregister","source_id":"gebouw/Gebouw.9462715/0","kind":"building","height_m":7.16,"status":null},"geometry":{"type":"Polygon","coordinates":[[[3.97367218,50.9785041],[3.97368477,50.97843545],[3.97340816,50.97840871],[3.97337074,50.97840592],[3.97330423,50.97840097],[3.97329808,50.97843721],[3.97329176,50.97847444],[3.97335274,50.97847925],[3.9733574,50.9784617],[3.97342396,50.9784654],[3.97348418,50.97846876],[3.9734797,50.97849062],[3.97354274,50.97849602],[3.97367169,50.97850679],[3.97367208,50.97850466],[3.97367218,50.9785041]]]}},{"type":"Feature","id":"gebouw/Gebouw.9475881/0","properties":{"source":"Digitaal Vlaanderen Gebouwenregister","source_id":"gebouw/Gebouw.9475881/0","kind":"building","height_m":6.44,"status":null},"geometry":{"type":"Polygon","coordinates":[[[3.97519304,50.97775854],[3.97511051,50.97774992],[3.97512794,50.97763774],[3.97509507,50.97763514],[3.97510445,50.97756429],[3.97522589,50.97757069],[3.97522202,50.97759989],[3.97521874,50.97762468],[3.97526411,50.97762767],[3.97525378,50.97767812],[3.97525277,50.97768242],[3.97526579,50.97768369],[3.97526254,50.97770407],[3.97525011,50.97770281],[3.97524902,50.97770972],[3.97520342,50.97770659],[3.97519304,50.97775854]]]}},{"type":"Feature","id":"gebouw/Gebouw.9475883/0","properties":{"source":"Digitaal Vlaanderen Gebouwenregister","source_id":"gebouw/Gebouw.9475883/0","kind":"building","height_m":7.88,"status":null},"geometry":{"type":"Polygon","coordinates":[[[3.9747404,50.97774423],[3.97473829,50.97776612],[3.97466178,50.97776488],[3.97466358,50.97774355],[3.97466002,50.97774351],[3.97466404,50.97765421],[3.97464536,50.97765381],[3.97464563,50.97766505],[3.9745904,50.97766668],[3.97459066,50.97768897],[3.97455214,50.97769013],[3.97454813,50.9776147],[3.97454557,50.9775665],[3.97458617,50.97756516],[3.97458611,50.97756363],[3.97471564,50.97756202],[3.97471851,50.97765389],[3.97473993,50.97765404],[3.9747404,50.97774423]]]}},{"type":"Feature","id":"gebouw/Gebouw.9475884/0","properties":{"source":"Digitaal Vlaanderen Gebouwenregister","source_id":"gebouw/Gebouw.9475884/0","kind":"building","height_m":8.6,"status":null},"geometry":{"type":"Polygon","coordinates":[[[3.97441917,50.97723745],[3.97441706,50.97725934],[3.97437199,50.97725846],[3.9743719,50.97728243],[3.97445049,50.97728351],[3.97454717,50.97728554],[3.97454249,50.97738251],[3.97435964,50.97737899],[3.97436219,50.97732628],[3.97430538,50.97732625],[3.97430693,50.97729492],[3.97430715,50.97729077],[3.97430738,50.97728639],[3.97430872,50.97726092],[3.97431047,50.97723714],[3.9743729,50.97723732],[3.97441917,50.97723745]]]}},{"type":"Feature","id":"gebouw/Gebouw.9476150/0","properties":{"source":"Digitaal Vlaanderen Gebouwenregister","source_id":"gebouw/Gebouw.9476150/0","kind":"building","height_m":8.6,"status":null},"geometry":{"type":"Polygon","coordinates":[[[3.97887846,50.98000021],[3.97881345,50.98000004],[3.97881336,50.97999501],[3.97877974,50.97999515],[3.97878177,50.97979467],[3.97878211,50.97976133],[3.97878014,50.9795903],[3.97893738,50.97959058],[3.97893681,50.97973629],[3.97883922,50.97973538],[3.97883613,50.97985502],[3.97886639,50.979855],[3.97886604,50.97990931],[3.9788791,50.97990946],[3.97887904,50.97991803],[3.97887878,50.97995548],[3.97887846,50.98000021]]]}},{"type":"Feature","id":"gebouw/Gebouw.9476151/0","properties":{"source":"Digitaal Vlaanderen Gebouwenregister","source_id":"gebouw/Gebouw.9476151/0","kind":"building","height_m":9.32,"status":null},"geometry":{"type":"Polygon","coordinates":[[[3.974712,50.97973136],[3.97468038,50.9797301],[3.97468611,50.97967473],[3.97472317,50.97967571],[3.97472048,50.97968909],[3.97475925,50.97969016],[3.9747559,50.97971429],[3.97471569,50.97971297],[3.974712,50.97973136]]]}},{"type":"Feature","id":"gebouw/Gebouw.9476152/0","properties":{"source":"Digitaal Vlaanderen Gebouwenregister","source_id":"gebouw/Gebouw.9476152/0","kind":"building","height_m":5.0,"status":null},"geometry":{"type":"Polygon","coordinates":[[[3.98043109,50.97936713],[3.98045091,50.97939782],[3.98034062,50.9794256],[3.98030546,50.97936996],[3.9802762,50.97937516],[3.9802617,50.97934388],[3.98036686,50.97934074],[3.98037401,50.97935038],[3.98036324,50.97935325],[3.98036748,50.97936098],[3.98039648,50.97935325],[3.9804093,50.97937194],[3.98043109,50.97936713]]]}},{"type":"Feature","id":"gebouw/Gebouw.9476153/0","properties":{"source":"Digitaal Vlaanderen Gebouwenregister","source_id":"gebouw/Gebouw.9476153/0","kind":"building","height_m":5.72,"status":null},"geometry":{"type":"Polygon","coordinates":[[[3.98061339,50.97974656],[3.98067833,50.9798557],[3.98056505,50.97988527],[3.98056922,50.97989179],[3.9805166,50.97989772],[3.98051529,50.97989787],[3.98050067,50.9798643],[3.98053505,50.97985585],[3.9805191,50.97983245],[3.98055348,50.97982328],[3.98051506,50.97975465],[3.98055809,50.97974351],[3.98054731,50.97972656],[3.98058738,50.97971578],[3.98059781,50.97973323],[3.98060444,50.97973152],[3.98060069,50.97972527],[3.98064621,50.97971269],[3.98066017,50.97973327],[3.98061339,50.97974656]]]}},{"type":"Feature","id":"gebouw/Gebouw.9476154/0","properties":{"source":"Digitaal Vlaanderen Gebouwenregister","source_id":"gebouw/Gebouw.9476154/0","kind":"building","height_m":6.44,"status":null},"geometry":{"type":"Polygon","coordinates":[[[3.98200544,50.97938675],[3.98194915,50.97940485],[3.98190584,50.9793521],[3.98196096,50.97933362],[3.98200544,50.97938675]]]}},{"type":"Feature","id":"gebouw/Gebouw.9476209/0","properties":{"source":"Digitaal Vlaanderen Gebouwenregister","source_id":"gebouw/Gebouw.9476209/0","kind":"building","height_m":5.72,"status":null},"geometry":{"type":"Polygon","coordinates":[[[3.97411706,50.97951712],[3.97400421,50.97951004],[3.97382651,50.97948835],[3.97361653,50.97946889],[3.97362595,50.97942423],[3.97374024,50.97943615],[3.97373776,50.97944783],[3.97394228,50.97946569],[3.97394252,50.97946776],[3.97398455,50.97947123],[3.97398837,50.9794516],[3.97400997,50.97945309],[3.97412673,50.97946113],[3.97411706,50.97951712]]]}},{"type":"Feature","id":"gebouw/Gebouw.9476247/0","properties":{"source":"Digitaal Vlaanderen Gebouwenregister","source_id":"gebouw/Gebouw.9476247/0","kind":"building","height_m":7.88,"status":null},"geometry":{"type":"Polygon","coordinates":[[[3.97376706,50.98043658],[3.97356575,50.98043682],[3.97356555,50.98037237],[3.97372358,50.98037376],[3.97372377,50.9803777],[3.97376261,50.9803787],[3.97376199,50.98034854],[3.97387013,50.98035254],[3.97390781,50.98035394],[3.97390432,50.98039323],[3.97385274,50.98039363],[3.97376662,50.98039429],[3.97376694,50.98042481],[3.97376706,50.98043658]]]}},{"type":"Feature","id":"gebouw/Gebouw.9476308/0","properties":{"source":"Digitaal Vlaanderen Gebouwenregister","source_id":"gebouw/Gebouw.9476308/0","kind":"building","height_m":6.44,"status":null},"geometry":{"type":"Polygon","coordinates":[[[3.97615834,50.97731165],[3.97609817,50.97730057],[3.97610335,50.97728936],[3.97609214,50.97728729],[3.97608533,50.97730202],[3.9759941,50.97728619],[3.97601102,50.97724957],[3.97611206,50.97726818],[3.97613025,50.97722879],[3.97613557,50.97722977],[3.97614144,50.97721706],[3.97619487,50.97722684],[3.97618824,50.97724082],[3.9761903,50.9772414],[3.97615834,50.97731165]]]}},{"type":"Feature","id":"gebouw/Gebouw.9476309/0","properties":{"source":"Digitaal Vlaanderen Gebouwenregister","source_id":"gebouw/Gebouw.9476309/0","kind":"building","height_m":7.16,"status":null},"geometry":{"type":"Polygon","coordinates":[[[3.97611086,50.97671642],[3.97611351,50.97671702],[3.97609933,50.97674626],[3.97604299,50.97673495],[3.97605625,50.97670663],[3.97606067,50.97670762],[3.97606646,50.97669195],[3.97611753,50.97670095],[3.97611086,50.97671642]]]}},{"type":"Feature","id":"gebouw/Gebouw.9476310/0","properties":{"source":"Digitaal Vlaanderen Gebouwenregister","source_id":"gebouw/Gebouw.9476310/0","kind":"building","height_m":7.88,"status":null},"geometry":{"type":"Polygon","coordinates":[[[3.97529298,50.97981702],[3.97526105,50.97993564],[3.97505251,50.979912],[3.975089,50.97979615],[3.97529298,50.97981702]]]}},{"type":"Feature","id":"gebouw/Gebouw.9476387/0","properties":{"source":"Digitaal Vlaanderen Gebouwenregister","source_id":"gebouw/Gebouw.9476387/0","kind":"building","height_m":7.88,"status":null},"geometry":{"type":"Polygon","coordinates":[[[3.97364321,50.97934438],[3.97378052,50.97935622],[3.97378519,50.97933327],[3.97378364,50.97933313],[3.97380773,50.9792208],[3.97394671,50.97923268],[3.97392221,50.97934728],[3.97391451,50.97934681],[3.97390245,50.97940438],[3.97389567,50.97940392],[3.9736358,50.97937867],[3.97364321,50.97934438]]]}},{"type":"Feature","id":"gebouw/Gebouw.9476430/0","properties":{"source":"Digitaal Vlaanderen Gebouwenregister","source_id":"gebouw/Gebouw.9476430/0","kind":"building","height_m":8.6,"status":null},"geometry":{"type":"Polygon","coordinates":[[[3.97378042,50.98091707],[3.97378276,50.98088016],[3.97403297,50.98088788],[3.97403153,50.98091985],[3.97395614,50.98091846],[3.97395498,50.980928],[3.97379543,50.98092311],[3.97378007,50.98092264],[3.97378042,50.98091707]]]}},{"type":"Feature","id":"gebouw/Gebouw.9484833/0","properties":{"source":"Digitaal Vlaanderen Gebouwenregister","source_id":"gebouw/Gebouw.9484833/0","kind":"building","height_m":5.72,"status":null},"geometry":{"type":"Polygon","coordinates":[[[3.97774838,50.97626294],[3.97774853,50.97625774],[3.9778009,50.97625749],[3.97780098,50.97626464],[3.97787376,50.9762638],[3.97787673,50.9763457],[3.97769235,50.97634837],[3.97769051,50.9762636],[3.97774838,50.97626294]]]}},{"type":"Feature","id":"gebouw/Gebouw.9484834/0","properties":{"source":"Digitaal Vlaanderen Gebouwenregister","source_id":"gebouw/Gebouw.9484834/0","kind":"building","height_m":6.44,"status":null},"geometry":{"type":"Polygon","coordinates":[[[3.9742904,50.97972362],[3.97429448,50.97969464],[3.97438987,50.97969984],[3.97438725,50.9797294],[3.9742904,50.97972362]]]}},{"type":"Feature","id":"gebouw/Gebouw.9484835/0","properties":{"source":"Digitaal Vlaanderen Gebouwenregister","source_id":"gebouw/Gebouw.9484835/0","kind":"building","height_m":7.16,"status":null},"geometry":{"type":"Polygon","coordinates":[[[3.98056657,50.9796797],[3.98049083,50.97969731],[3.98047356,50.97966999],[3.98047241,50.97966817],[3.98055055,50.97965248],[3.98056657,50.9796797]]]}},{"type":"Feature","id":"gebouw/Gebouw.9484836/0","properties":{"source":"Digitaal Vlaanderen Gebouwenregister","source_id":"gebouw/Gebouw.9484836/0","kind":"building","height_m":7.88,"status":null},"geometry":{"type":"Polygon","coordinates":[[[3.98050025,50.98000366],[3.98052199,50.98013241],[3.98043546,50.98013823],[3.98042612,50.98008295],[3.98042108,50.98008329],[3.98040865,50.98000983],[3.98050025,50.98000366]]]}},{"type":"Feature","id":"gebouw/Gebouw.9487656/0","properties":{"source":"Digitaal Vlaanderen Gebouwenregister","source_id":"gebouw/Gebouw.9487656/0","kind":"building","height_m":7.16,"status":null},"geometry":{"type":"Polygon","coordinates":[[[3.97432272,50.97873315],[3.97430161,50.97881813],[3.9741447,50.97880446],[3.9741039,50.97880091],[3.97411784,50.978749],[3.97405152,50.97874412],[3.97404774,50.97876225],[3.97397344,50.97875597],[3.9739706,50.9787696],[3.97390368,50.97876362],[3.97390546,50.97875568],[3.97384422,50.97875034],[3.97385607,50.97869491],[3.97412293,50.97871609],[3.97418975,50.97872179],[3.97432272,50.97873315]]]}},{"type":"Feature","id":"gebouw/Gebouw.9504111/0","properties":{"source":"Digitaal Vlaanderen Gebouwenregister","source_id":"gebouw/Gebouw.9504111/0","kind":"building","height_m":5.72,"status":null},"geometry":{"type":"Polygon","coordinates":[[[3.98290622,50.97946945],[3.9829033,50.9794355],[3.98290265,50.97942802],[3.98295449,50.97941951],[3.98300318,50.97941152],[3.98301259,50.97946603],[3.98295656,50.97946351],[3.98295636,50.97945915],[3.98290622,50.97946945]]]}},{"type":"Feature","id":"gebouw/Gebouw.9504112/0","properties":{"source":"Digitaal Vlaanderen Gebouwenregister","source_id":"gebouw/Gebouw.9504112/0","kind":"building","height_m":6.44,"status":null},"geometry":{"type":"Polygon","coordinates":[[[3.97907247,50.98029756],[3.97901659,50.98030105],[3.97900137,50.98022052],[3.97895769,50.98022284],[3.9789509,50.98016382],[3.97899134,50.98016078],[3.97898811,50.98014364],[3.97899031,50.98014348],[3.97899017,50.98014259],[3.97908362,50.98013633],[3.97908769,50.98016153],[3.97909674,50.98021744],[3.97905956,50.98021931],[3.97907247,50.98029756]]]}},{"type":"Feature","id":"gebouw/Gebouw.9504177/0","properties":{"source":"Digitaal Vlaanderen Gebouwenregister","source_id":"gebouw/Gebouw.9504177/0","kind":"building","height_m":7.88,"status":null},"geometry":{"type":"Polygon","coordinates":[[[3.97399673,50.97955448],[3.97408674,50.97956061],[3.97406834,50.97967559],[3.97398422,50.9796699],[3.97397861,50.97966952],[3.97399213,50.97958369],[3.97399673,50.97955448]]]}},{"type":"Feature","id":"gebouw/Gebouw.9504178/0","properties":{"source":"Digitaal Vlaanderen Gebouwenregister","source_id":"gebouw/Gebouw.9504178/0","kind":"building","height_m":8.6,"status":null},"geometry":{"type":"Polygon","coordinates":[[[3.97523032,50.98032022],[3.97517214,50.98032106],[3.97517136,50.98029652],[3.97515502,50.98029727],[3.97515166,50.98021688],[3.97509702,50.98021851],[3.97509529,50.98018533],[3.97511298,50.98018442],[3.97511086,50.9801429],[3.97522653,50.98014055],[3.97522847,50.98021603],[3.97522915,50.98025424],[3.97523032,50.98032022]]]}},{"type":"Feature","id":"gebouw/Gebouw.9504359/0","properties":{"source":"Digitaal Vlaanderen Gebouwenregister","source_id":"gebouw/Gebouw.9504359/0","kind":"building","height_m":7.88,"status":null},"geometry":{"type":"Polygon","coordinates":[[[3.97820668,50.97991198],[3.97820475,50.9799624],[3.9782016,50.980045],[3.97813442,50.98004451],[3.97804908,50.98004388],[3.97804959,50.98000596],[3.97805119,50.97990657],[3.97805125,50.97990286],[3.97805454,50.97987908],[3.97805553,50.97987909],[3.9781371,50.97987961],[3.9781374,50.97986474],[3.97814067,50.97986459],[3.97814167,50.97981909],[3.97820427,50.97981923],[3.97820668,50.97991198]]]}},{"type":"Feature","id":"gebouw/Gebouw.9504360/0","properties":{"source":"Digitaal Vlaanderen Gebouwenregister","source_id":"gebouw/Gebouw.9504360/0","kind":"building","height_m":8.6,"status":null},"geometry":{"type":"Polygon","coordinates":[[[3.97915911,50.98042328],[3.97915832,50.98041971],[3.9791514,50.98042021],[3.97912472,50.98042214],[3.97910915,50.980333],[3.9791389,50.98033034],[3.97913668,50.98031439],[3.97916631,50.98031233],[3.97915223,50.98023334],[3.97922186,50.9802284],[3.97923885,50.98032387],[3.97929882,50.98032016],[3.9793078,50.98038019],[3.97930097,50.9803803],[3.97930745,50.98041353],[3.97915911,50.98042328]]]}},{"type":"Feature","id":"gebouw/Gebouw.9504361/0","properties":{"source":"Digitaal Vlaanderen Gebouwenregister","source_id":"gebouw/Gebouw.9504361/0","kind":"building","height_m":9.32,"status":null},"geometry":{"type":"Polygon","coordinates":[[[3.97843153,50.98038285],[3.9783564,50.98038518],[3.97835785,50.98043877],[3.97828837,50.9804406],[3.97828377,50.98033079],[3.97831137,50.98033054],[3.9783124,50.9803152],[3.97837354,50.98031439],[3.9783692,50.9802148],[3.9784215,50.98021407],[3.97843153,50.98038285]]]}},{"type":"Feature","id":"gebouw/Gebouw.9563326/0","properties":{"source":"Digitaal Vlaanderen Gebouwenregister","source_id":"gebouw/Gebouw.9563326/0","kind":"building","height_m":7.16,"status":null},"geometry":{"type":"Polygon","coordinates":[[[3.97435882,50.97633171],[3.97435375,50.97641541],[3.97415059,50.97640773],[3.9741555,50.97635587],[3.97428541,50.97636077],[3.97428434,50.97638251],[3.97430612,50.97638317],[3.97430968,50.97633095],[3.97428567,50.97633012],[3.97429002,50.97627117],[3.97436235,50.97627349],[3.97435882,50.97633171]]]}},{"type":"Feature","id":"gebouw/Gebouw.9563484/0","properties":{"source":"Digitaal Vlaanderen Gebouwenregister","source_id":"gebouw/Gebouw.9563484/0","kind":"building","height_m":5.0,"status":null},"geometry":{"type":"Polygon","coordinates":[[[3.98381455,50.9795915],[3.98379899,50.97961717],[3.98382436,50.97962233],[3.98379792,50.97966567],[3.98377166,50.97966032],[3.98376949,50.97966348],[3.98371964,50.97965115],[3.98367108,50.97963914],[3.98365557,50.97970528],[3.98362449,50.97970249],[3.98364076,50.97963075],[3.98371053,50.97950968],[3.98379223,50.97952958],[3.98376226,50.97957866],[3.98381455,50.9795915]]]}},{"type":"Feature","id":"gebouw/Gebouw.9563583/0","properties":{"source":"Digitaal Vlaanderen Gebouwenregister","source_id":"gebouw/Gebouw.9563583/0","kind":"building","height_m":5.72,"status":null},"geometry":{"type":"Polygon","coordinates":[[[3.97376377,50.98096723],[3.97376374,50.9809676],[3.97376081,50.98100503],[3.97372792,50.98100418],[3.97365807,50.9810024],[3.97365922,50.9809892],[3.97359525,50.98098697],[3.97359818,50.98095339],[3.97358369,50.98095289],[3.97358736,50.98091043],[3.9737164,50.9809149],[3.97376773,50.98091667],[3.97376728,50.98092225],[3.97376377,50.98096723]]]}},{"type":"Feature","id":"gebouw/Gebouw.9563584/0","properties":{"source":"Digitaal Vlaanderen Gebouwenregister","source_id":"gebouw/Gebouw.9563584/0","kind":"building","height_m":6.44,"status":null},"geometry":{"type":"Polygon","coordinates":[[[3.97447425,50.98044277],[3.9744897,50.9805681],[3.97471975,50.98057891],[3.97470511,50.98042591],[3.97453003,50.98043451],[3.9745307,50.98044],[3.97447425,50.98044277]]]}},{"type":"Feature","id":"gebouw/Gebouw.9563585/0","properties":{"source":"Digitaal Vlaanderen Gebouwenregister","source_id":"gebouw/Gebouw.9563585/0","kind":"building","height_m":7.16,"status":null},"geometry":{"type":"Polygon","coordinates":[[[3.97551028,50.97931189],[3.97543099,50.97930387],[3.97543675,50.97927966],[3.9751872,50.97925878],[3.97518954,50.97924963],[3.97516072,50.97924698],[3.97516897,50.979211],[3.97507899,50.97920361],[3.97508041,50.97919539],[3.97506975,50.97919452],[3.97507737,50.97914572],[3.97513924,50.97915072],[3.97519334,50.9788966],[3.97560691,50.97892882],[3.97561272,50.9789021],[3.97566514,50.9789055],[3.97566107,50.97893374],[3.97555706,50.97924255],[3.97554743,50.97928889],[3.97551605,50.97928629],[3.97551028,50.97931189]]]}},{"type":"Feature","id":"gebouw/Gebouw.9563739/0","properties":{"source":"Digitaal Vlaanderen Gebouwenregister","source_id":"gebouw/Gebouw.9563739/0","kind":"building","height_m":7.16,"status":null},"geometry":{"type":"Polygon","coordinates":[[[3.97629859,50.97675039],[3.97638924,50.97676546],[3.97637843,50.97679119],[3.97628746,50.97677668],[3.97629859,50.97675039]]]}},{"type":"Feature","id":"gebouw/Gebouw.9563740/0","properties":{"source":"Digitaal Vlaanderen Gebouwenregister","source_id":"gebouw/Gebouw.9563740/0","kind":"building","height_m":7.88,"status":null},"geometry":{"type":"Polygon","coordinates":[[[3.97580872,50.97716984],[3.97580517,50.97716905],[3.97581622,50.97714576],[3.97577045,50.97713794],[3.9757597,50.97716142],[3.97575703,50.9771612],[3.97571357,50.97726054],[3.97576526,50.97726881],[3.97580872,50.97716984]]]}},{"type":"Feature","id":"gebouw/Gebouw.9563741/0","properties":{"source":"Digitaal Vlaanderen Gebouwenregister","source_id":"gebouw/Gebouw.9563741/0","kind":"building","height_m":8.6,"status":null},"geometry":{"type":"Polygon","coordinates":[[[3.97824968,50.97965136],[3.97820756,50.97965089],[3.97820826,50.97961549],[3.97821535,50.97957474],[3.97825455,50.97957369],[3.97825453,50.97961602],[3.97825038,50.97961597],[3.97824968,50.97965136]]]}},{"type":"Feature","id":"gebouw/Gebouw.9563742/0","properties":{"source":"Digitaal Vlaanderen Gebouwenregister","source_id":"gebouw/Gebouw.9563742/0","kind":"building","height_m":9.32,"status":null},"geometry":{"type":"Polygon","coordinates":[[[3.97897268,50.97984215],[3.97897149,50.97980056],[3.97906795,50.97979921],[3.97906885,50.97984099],[3.97897268,50.97984215]]]}},{"type":"Feature","id":"gebouw/Gebouw.9563854/0","properties":{"source":"Digitaal Vlaanderen Gebouwenregister","source_id":"gebouw/Gebouw.9563854/0","kind":"building","height_m":9.32,"status":null},"geometry":{"type":"Polygon","coordinates":[[[3.98048114,50.97976343],[3.9804964,50.97979585],[3.98049133,50.97979673],[3.98050945,50.97983551],[3.98048829,50.97983906],[3.98048865,50.97983711],[3.9804599,50.97976893],[3.98045599,50.97975965],[3.98047765,50.97975601],[3.98048114,50.97976343]]]}},{"type":"Feature","id":"gebouw/Gebouw.9563855/0","properties":{"source":"Digitaal Vlaanderen Gebouwenregister","source_id":"gebouw/Gebouw.9563855/0","kind":"building","height_m":5.0,"status":null},"geometry":{"type":"Polygon","coordinates":[[[3.98239822,50.97940601],[3.98230558,50.97943828],[3.98192984,50.97900698],[3.98195026,50.97899822],[3.98193105,50.97897459],[3.98198733,50.97895687],[3.98199421,50.97896556],[3.9820389,50.97894865],[3.98205098,50.97896308],[3.98207276,50.97898911],[3.98200834,50.97901143],[3.98204832,50.97905627],[3.98202582,50.97906482],[3.98207471,50.97911969],[3.98208071,50.97911713],[3.98221003,50.97926581],[3.98228185,50.97934903],[3.98233237,50.97933066],[3.98239822,50.97940601]]]}},{"type":"Feature","id":"gebouw/Gebouw.9563856/0","properties":{"source":"Digitaal Vlaanderen Gebouwenregister","source_id":"gebouw/Gebouw.9563856/0","kind":"building","height_m":5.72,"status":null},"geometry":{"type":"Polygon","coordinates":[[[3.97759828,50.98074844],[3.97762625,50.98074929],[3.97762359,50.98079065],[3.97759749,50.98079016],[3.97752632,50.98078881],[3.97752901,50.98074632],[3.97759828,50.98074844]]]}},{"type":"Feature","id":"gebouw/Gebouw.9563903/0","properties":{"source":"Digitaal Vlaanderen Gebouwenregister","source_id":"gebouw/Gebouw.9563903/0","kind":"building","height_m":9.32,"status":null},"geometry":{"type":"Polygon","coordinates":[[[3.97936606,50.97977073],[3.9793639,50.9797945],[3.97935322,50.97979475],[3.97935236,50.97984606],[3.97927876,50.97984636],[3.97927614,50.97979238],[3.97928868,50.97976855],[3.97936606,50.97977073]]]}},{"type":"Feature","id":"gebouw/Gebouw.9563904/0","properties":{"source":"Digitaal Vlaanderen Gebouwenregister","source_id":"gebouw/Gebouw.9563904/0","kind":"building","height_m":5.0,"status":null},"geometry":{"type":"Polygon","coordinates":[[[3.98047312,50.97927638],[3.98043159,50.97928105],[3.98042768,50.97922083],[3.98044185,50.97921778],[3.98047312,50.97927638]]]}},{"type":"Feature","id":"gebouw/Gebouw.9563985/0","properties":{"source":"Digitaal Vlaanderen Gebouwenregister","source_id":"gebouw/Gebouw.9563985/0","kind":"building","height_m":7.88,"status":null},"geometry":{"type":"Polygon","coordinates":[[[3.97538707,50.97761193],[3.97534058,50.97783364],[3.97527974,50.97782939],[3.97528918,50.97777911],[3.97524862,50.97777621],[3.97526254,50.97770407],[3.97526579,50.97768369],[3.97528559,50.97760324],[3.97538707,50.97761193]]]}},{"type":"Feature","id":"gebouw/Gebouw.9564046/0","properties":{"source":"Digitaal Vlaanderen Gebouwenregister","source_id":"gebouw/Gebouw.9564046/0","kind":"building","height_m":6.44,"status":null},"geometry":{"type":"Polygon","coordinates":[[[3.97547526,50.97734644],[3.97549236,50.97735],[3.97546668,50.97740796],[3.97542506,50.97740056],[3.97544722,50.97735174],[3.97547145,50.97735501],[3.97547526,50.97734644]]]}},{"type":"Feature","id":"gebouw/Gebouw.9574974/0","properties":{"source":"Digitaal Vlaanderen Gebouwenregister","source_id":"gebouw/Gebouw.9574974/0","kind":"building","height_m":7.16,"status":null},"geometry":{"type":"Polygon","coordinates":[[[3.97792001,50.98037238],[3.97792736,50.98037239],[3.97792751,50.98033093],[3.97798005,50.98033147],[3.97797256,50.98047581],[3.97791621,50.9804748],[3.97791774,50.98045215],[3.97792001,50.98037238]]]}},{"type":"Feature","id":"gebouw/Gebouw.9574975/0","properties":{"source":"Digitaal Vlaanderen Gebouwenregister","source_id":"gebouw/Gebouw.9574975/0","kind":"building","height_m":7.88,"status":null},"geometry":{"type":"Polygon","coordinates":[[[3.97389567,50.97940392],[3.97389083,50.97942821],[3.97383222,50.97942343],[3.97382222,50.97943062],[3.97377282,50.97942537],[3.97376631,50.97941425],[3.9737524,50.97941315],[3.97374727,50.97943688],[3.97374024,50.97943615],[3.97362595,50.97942423],[3.9736358,50.97937867],[3.97389567,50.97940392]]]}},{"type":"Feature","id":"gebouw/Gebouw.9575131/0","properties":{"source":"Digitaal Vlaanderen Gebouwenregister","source_id":"gebouw/Gebouw.9575131/0","kind":"building","height_m":9.32,"status":null},"geometry":{"type":"Polygon","coordinates":[[[3.97412154,50.97769222],[3.97411822,50.97771321],[3.97407584,50.97771117],[3.9739646,50.97770583],[3.97395935,50.97770558],[3.97396798,50.97764087],[3.97397316,50.97759231],[3.9740908,50.97759781],[3.97408091,50.97768993],[3.97412154,50.97769222]]]}},{"type":"Feature","id":"gebouw/Gebouw.9575132/0","properties":{"source":"Digitaal Vlaanderen Gebouwenregister","source_id":"gebouw/Gebouw.9575132/0","kind":"building","height_m":5.0,"status":null},"geometry":{"type":"Polygon","coordinates":[[[3.97437017,50.97780522],[3.97436562,50.97782971],[3.97425804,50.9778253],[3.97425934,50.97780158],[3.97437017,50.97780522]]]}},{"type":"Feature","id":"gebouw/Gebouw.9575306/0","properties":{"source":"Digitaal Vlaanderen Gebouwenregister","source_id":"gebouw/Gebouw.9575306/0","kind":"building","height_m":9.32,"status":null},"geometry":{"type":"Polygon","coordinates":[[[3.973839,50.97568419],[3.97376785,50.97568258],[3.97371462,50.97568138],[3.97362666,50.9756794],[3.97362443,50.97573591],[3.97362699,50.97573826],[3.97376483,50.97574034],[3.973836,50.97574141],[3.97383626,50.97573639],[3.973839,50.97568419]]]}},{"type":"Feature","id":"gebouw/Gebouw.9575422/0","properties":{"source":"Digitaal Vlaanderen Gebouwenregister","source_id":"gebouw/Gebouw.9575422/0","kind":"building","height_m":7.16,"status":null},"geometry":{"type":"Polygon","coordinates":[[[3.97763703,50.9763499],[3.97760831,50.97641227],[3.97719688,50.97633676],[3.97722086,50.9762847],[3.97755111,50.97634593],[3.97755456,50.97633942],[3.97756547,50.9763416],[3.97756737,50.9763375],[3.97763703,50.9763499]]]}},{"type":"Feature","id":"gebouw/Gebouw.9575423/0","properties":{"source":"Digitaal Vlaanderen Gebouwenregister","source_id":"gebouw/Gebouw.9575423/0","kind":"building","height_m":7.88,"status":null},"geometry":{"type":"Polygon","coordinates":[[[3.97651711,50.97749266],[3.97625733,50.97744583],[3.97621363,50.97754148],[3.97629159,50.97755568],[3.97629553,50.977547],[3.97647746,50.97757994],[3.97651711,50.97749266]]]}},{"type":"Feature","id":"gebouw/Gebouw.9575424/0","properties":{"source":"Digitaal Vlaanderen Gebouwenregister","source_id":"gebouw/Gebouw.9575424/0","kind":"building","height_m":8.6,"status":null},"geometry":{"type":"Polygon","coordinates":[[[3.97456071,50.97952477],[3.97448755,50.97952038],[3.97449349,50.9794785],[3.9745661,50.97948138],[3.97456071,50.97952477]]]}},{"type":"Feature","id":"gebouw/Gebouw.9575604/0","properties":{"source":"Digitaal Vlaanderen Gebouwenregister","source_id":"gebouw/Gebouw.9575604/0","kind":"building","height_m":7.16,"status":null},"geometry":{"type":"Polygon","coordinates":[[[3.97391417,50.98052671],[3.97397285,50.98052966],[3.97397065,50.9805471],[3.97390918,50.98054525],[3.97390227,50.98054483],[3.9737988,50.98053863],[3.97378094,50.98053756],[3.97378313,50.98050237],[3.97391533,50.98050686],[3.97391417,50.98052671]]]}},{"type":"Feature","id":"gebouw/Gebouw.9575624/0","properties":{"source":"Digitaal Vlaanderen Gebouwenregister","source_id":"gebouw/Gebouw.9575624/0","kind":"building","height_m":6.44,"status":null},"geometry":{"type":"Polygon","coordinates":[[[3.9738476,50.98079137],[3.97384028,50.98085028],[3.97355841,50.98083712],[3.97356499,50.98077904],[3.9738476,50.98079137]]]}},{"type":"Feature","id":"gebouw/Gebouw.9575795/0","properties":{"source":"Digitaal Vlaanderen Gebouwenregister","source_id":"gebouw/Gebouw.9575795/0","kind":"building","height_m":8.6,"status":null},"geometry":{"type":"Polygon","coordinates":[[[3.97507516,50.97961995],[3.97511305,50.979623],[3.97510027,50.97967605],[3.97513669,50.97967889],[3.97512434,50.97973757],[3.9750486,50.97972997],[3.97507516,50.97961995]]]}},{"type":"Feature","id":"gebouw/Gebouw.9575796/0","properties":{"source":"Digitaal Vlaanderen Gebouwenregister","source_id":"gebouw/Gebouw.9575796/0","kind":"building","height_m":9.32,"status":null},"geometry":{"type":"Polygon","coordinates":[[[3.97507364,50.98040424],[3.97507969,50.9803483],[3.97513895,50.98035084],[3.97513501,50.98040624],[3.97507364,50.98040424]]]}},{"type":"Feature","id":"gebouw/Gebouw.9575797/0","properties":{"source":"Digitaal Vlaanderen Gebouwenregister","source_id":"gebouw/Gebouw.9575797/0","kind":"building","height_m":5.0,"status":null},"geometry":{"type":"Polygon","coordinates":[[[3.9826149,50.97932515],[3.98251641,50.97935928],[3.98245764,50.97929172],[3.98251219,50.97927202],[3.98243952,50.97918748],[3.98243232,50.97919002],[3.98239866,50.97915274],[3.98244213,50.97913694],[3.98247758,50.97917386],[3.9824844,50.97917178],[3.98249654,50.9791855],[3.9824989,50.97918817],[3.9826149,50.97932515]]]}},{"type":"Feature","id":"gebouw/Gebouw.9575798/0","properties":{"source":"Digitaal Vlaanderen Gebouwenregister","source_id":"gebouw/Gebouw.9575798/0","kind":"building","height_m":5.72,"status":null},"geometry":{"type":"Polygon","coordinates":[[[3.98064695,50.98042902],[3.98052741,50.98043854],[3.98050837,50.98033531],[3.98062555,50.98032576],[3.98064695,50.98042902]]]}},{"type":"Feature","id":"gebouw/Gebouw.9577905/0","properties":{"source":"Digitaal Vlaanderen Gebouwenregister","source_id":"gebouw/Gebouw.9577905/0","kind":"building","height_m":5.72,"status":null},"geometry":{"type":"Polygon","coordinates":[[[3.97387474,50.98030674],[3.97387308,50.9803232],[3.97381022,50.98032174],[3.97381331,50.9802757],[3.97369973,50.98027347],[3.97370093,50.98024463],[3.97370286,50.98019773],[3.97382075,50.98020018],[3.97381819,50.98024932],[3.97387477,50.98025027],[3.97387474,50.98030674]]]}},{"type":"Feature","id":"gebouw/Gebouw.9577907/0","properties":{"source":"Digitaal Vlaanderen Gebouwenregister","source_id":"gebouw/Gebouw.9577907/0","kind":"building","height_m":7.16,"status":null},"geometry":{"type":"Polygon","coordinates":[[[3.97862429,50.97978716],[3.97862151,50.97983949],[3.97856777,50.97983889],[3.97856977,50.97978909],[3.97862429,50.97978716]]]}},{"type":"Feature","id":"gebouw/Gebouw.9577908/0","properties":{"source":"Digitaal Vlaanderen Gebouwenregister","source_id":"gebouw/Gebouw.9577908/0","kind":"building","height_m":7.88,"status":null},"geometry":{"type":"Polygon","coordinates":[[[3.97962525,50.97973087],[3.9795566,50.97973032],[3.97955856,50.97963285],[3.97962721,50.9796334],[3.97962525,50.97973087]]]}},{"type":"Feature","id":"gebouw/Gebouw.9577909/0","properties":{"source":"Digitaal Vlaanderen Gebouwenregister","source_id":"gebouw/Gebouw.9577909/0","kind":"building","height_m":8.6,"status":null},"geometry":{"type":"Polygon","coordinates":[[[3.97865277,50.98100946],[3.97831757,50.98104293],[3.97831707,50.98103322],[3.97831704,50.98103249],[3.97831694,50.98103052],[3.97831685,50.98102886],[3.97831211,50.98093676],[3.97834344,50.98093627],[3.97834315,50.98094676],[3.97845445,50.98094136],[3.97852172,50.9809381],[3.97850699,50.98077741],[3.9784872,50.98058595],[3.97850471,50.98058559],[3.97849868,50.98051566],[3.97860431,50.98051019],[3.97861096,50.98058431],[3.97862743,50.98076772],[3.97865277,50.98100946]]]}},{"type":"Feature","id":"gebouw/Gebouw.9577910/0","properties":{"source":"Digitaal Vlaanderen Gebouwenregister","source_id":"gebouw/Gebouw.9577910/0","kind":"building","height_m":9.32,"status":null},"geometry":{"type":"Polygon","coordinates":[[[3.97368885,50.98121924],[3.97356227,50.98122018],[3.97357192,50.98107406],[3.97370118,50.98107777],[3.97368885,50.98121924]]]}},{"type":"Feature","id":"gebouw/Gebouw.9577911/0","properties":{"source":"Digitaal Vlaanderen Gebouwenregister","source_id":"gebouw/Gebouw.9577911/0","kind":"building","height_m":5.0,"status":null},"geometry":{"type":"Polygon","coordinates":[[[3.98265487,50.97968108],[3.98261541,50.97968083],[3.98261462,50.97968794],[3.98256184,50.97968659],[3.98256293,50.97970065],[3.98251048,50.97969838],[3.98251469,50.97965422],[3.98257428,50.97963485],[3.98251021,50.97956593],[3.98259413,50.97953438],[3.98266308,50.97961094],[3.98265487,50.97968108]]]}},{"type":"Feature","id":"gebouw/Gebouw.9577912/0","properties":{"source":"Digitaal Vlaanderen Gebouwenregister","source_id":"gebouw/Gebouw.9577912/0","kind":"building","height_m":5.72,"status":null},"geometry":{"type":"Polygon","coordinates":[[[3.97472345,50.98038603],[3.97468422,50.98038821],[3.97467871,50.98034188],[3.97471677,50.98033932],[3.97472345,50.98038603]]]}},{"type":"Feature","id":"gebouw/Gebouw.9577913/0","properties":{"source":"Digitaal Vlaanderen Gebouwenregister","source_id":"gebouw/Gebouw.9577913/0","kind":"building","height_m":6.44,"status":null},"geometry":{"type":"Polygon","coordinates":[[[3.98196272,50.98031874],[3.98196233,50.98031513],[3.98196178,50.98031011],[3.98191034,50.98031384],[3.98190599,50.98027895],[3.98195948,50.98027581],[3.98196024,50.9802805],[3.98196184,50.98028039],[3.98208301,50.98027233],[3.98208549,50.98030156],[3.98208613,50.98030908],[3.98196272,50.98031874]]]}},{"type":"Feature","id":"gebouw/Gebouw.9577914/0","properties":{"source":"Digitaal Vlaanderen Gebouwenregister","source_id":"gebouw/Gebouw.9577914/0","kind":"building","height_m":7.16,"status":null},"geometry":{"type":"Polygon","coordinates":[[[3.97462915,50.98138367],[3.97434532,50.98138982],[3.97425267,50.98139252],[3.97424974,50.9813597],[3.97418841,50.98135657],[3.97418511,50.98131627],[3.97400212,50.98131326],[3.9739998,50.98128008],[3.97389765,50.98128267],[3.97390714,50.98133115],[3.97362498,50.98135713],[3.97361257,50.9813034],[3.9737386,50.98129179],[3.97372983,50.98123693],[3.97386159,50.98122588],[3.97391697,50.98122583],[3.97399897,50.98122575],[3.97421061,50.98123339],[3.97421058,50.98123431],[3.97421052,50.98123639],[3.97424936,50.98123739],[3.97424985,50.98124114],[3.97431753,50.98124004],[3.97431886,50.98127676],[3.97462082,50.98126988],[3.97462915,50.98138367]]]}},{"type":"Feature","id":"gebouw/Gebouw.9577937/0","properties":{"source":"Digitaal Vlaanderen Gebouwenregister","source_id":"gebouw/Gebouw.9577937/0","kind":"building","height_m":8.6,"status":null},"geometry":{"type":"Polygon","coordinates":[[[3.97383186,50.97580702],[3.97382771,50.97587368],[3.97365055,50.9758693],[3.97365077,50.97586584],[3.9736548,50.97580269],[3.97383186,50.97580702]]]}},{"type":"Feature","id":"gebouw/Gebouw.9578066/0","properties":{"source":"Digitaal Vlaanderen Gebouwenregister","source_id":"gebouw/Gebouw.9578066/0","kind":"building","height_m":5.72,"status":null},"geometry":{"type":"Polygon","coordinates":[[[3.97835242,50.97997657],[3.97835373,50.97988936],[3.97835425,50.9798541],[3.97835435,50.97984775],[3.9783546,50.97983064],[3.97835529,50.97978451],[3.97835585,50.97974715],[3.97835626,50.97972086],[3.97829983,50.97972044],[3.97829905,50.97976152],[3.97820711,50.97976083],[3.97820473,50.97980968],[3.97820427,50.97981923],[3.97820668,50.97991198],[3.97825652,50.97991217],[3.97825592,50.97996454],[3.97825571,50.97998258],[3.97825104,50.97998263],[3.97825029,50.98002569],[3.97826524,50.98002579],[3.97826465,50.98006031],[3.97835104,50.9800609],[3.97835242,50.97997657]]]}},{"type":"Feature","id":"gebouw/Gebouw.9578068/0","properties":{"source":"Digitaal Vlaanderen Gebouwenregister","source_id":"gebouw/Gebouw.9578068/0","kind":"building","height_m":7.16,"status":null},"geometry":{"type":"Polygon","coordinates":[[[3.9795546,50.97975563],[3.97955215,50.97981086],[3.97939914,50.97980763],[3.97939961,50.97979365],[3.97940101,50.97975202],[3.9795546,50.97975563]]]}},{"type":"Feature","id":"gebouw/Gebouw.9578069/0","properties":{"source":"Digitaal Vlaanderen Gebouwenregister","source_id":"gebouw/Gebouw.9578069/0","kind":"building","height_m":7.88,"status":null},"geometry":{"type":"Polygon","coordinates":[[[3.98353741,50.98001244],[3.98355767,50.97994636],[3.98359492,50.9799509],[3.98358965,50.97996957],[3.98359407,50.97997055],[3.9835779,50.98001795],[3.98353741,50.98001244]]]}},{"type":"Feature","id":"gebouw/Gebouw.9578071/0","properties":{"source":"Digitaal Vlaanderen Gebouwenregister","source_id":"gebouw/Gebouw.9578071/0","kind":"building","height_m":9.32,"status":null},"geometry":{"type":"Polygon","coordinates":[[[3.97411891,50.98028685],[3.97405811,50.98028559],[3.97405186,50.98035932],[3.97403467,50.98035895],[3.97401233,50.98035848],[3.97402448,50.98020188],[3.97412296,50.9802041],[3.97412559,50.98020416],[3.97411891,50.98028685]]]}},{"type":"Feature","id":"gebouw/Gebouw.9578072/0","properties":{"source":"Digitaal Vlaanderen Gebouwenregister","source_id":"gebouw/Gebouw.9578072/0","kind":"building","height_m":5.0,"status":null},"geometry":{"type":"Polygon","coordinates":[[[3.97374015,50.98006127],[3.97355876,50.98006505],[3.97354874,50.98006526],[3.97353533,50.98005528],[3.9735405,50.98001545],[3.97374443,50.980026],[3.97374015,50.98006127]]]}},{"type":"Feature","id":"gebouw/Gebouw.9578073/0","properties":{"source":"Digitaal Vlaanderen Gebouwenregister","source_id":"gebouw/Gebouw.9578073/0","kind":"building","height_m":5.72,"status":null},"geometry":{"type":"Polygon","coordinates":[[[3.97943787,50.9809314],[3.97924055,50.98095221],[3.97923497,50.98093587],[3.97922713,50.98091291],[3.97942566,50.98089099],[3.97943022,50.98090611],[3.97943787,50.9809314]]]}},{"type":"Feature","id":"gebouw/Gebouw.9578095/0","properties":{"source":"Digitaal Vlaanderen Gebouwenregister","source_id":"gebouw/Gebouw.9578095/0","kind":"building","height_m":6.44,"status":null},"geometry":{"type":"Polygon","coordinates":[[[3.973836,50.97574141],[3.97383186,50.97580702],[3.9736548,50.97580269],[3.97362959,50.97580208],[3.97362189,50.97580189],[3.97362699,50.97573826],[3.97376483,50.97574034],[3.973836,50.97574141]]]}},{"type":"Feature","id":"gebouw/Gebouw.9578330/0","properties":{"source":"Digitaal Vlaanderen Gebouwenregister","source_id":"gebouw/Gebouw.9578330/0","kind":"building","height_m":9.32,"status":null},"geometry":{"type":"Polygon","coordinates":[[[3.97373685,50.9781599],[3.97372775,50.978213],[3.97372347,50.97821264],[3.97357023,50.97820003],[3.97339875,50.97818591],[3.97339075,50.97818525],[3.97321355,50.97817022],[3.97317428,50.97816778],[3.9731788,50.9781387],[3.97325089,50.97812602],[3.97331487,50.97813137],[3.97331528,50.97812744],[3.97357496,50.97814594],[3.97357777,50.97812942],[3.97370567,50.97813834],[3.97370262,50.97815762],[3.97373278,50.97815858],[3.9737326,50.97815961],[3.97373685,50.9781599]]]}},{"type":"Feature","id":"gebouw/Gebouw.9578815/0","properties":{"source":"Digitaal Vlaanderen Gebouwenregister","source_id":"gebouw/Gebouw.9578815/0","kind":"building","height_m":5.72,"status":null},"geometry":{"type":"Polygon","coordinates":[[[3.97380692,50.97996811],[3.97380415,50.97999289],[3.97374873,50.97999057],[3.97374443,50.980026],[3.9735405,50.98001545],[3.97354603,50.97997075],[3.9736776,50.97997722],[3.9736772,50.97998077],[3.97371515,50.97998195],[3.97371569,50.97996285],[3.97380692,50.97996811]]]}},{"type":"Feature","id":"gebouw/Gebouw.9578831/0","properties":{"source":"Digitaal Vlaanderen Gebouwenregister","source_id":"gebouw/Gebouw.9578831/0","kind":"building","height_m":7.16,"status":null},"geometry":{"type":"Polygon","coordinates":[[[3.97762374,50.9798964],[3.97762205,50.97991399],[3.97765806,50.97991516],[3.97765792,50.97991735],[3.97764999,50.98004051],[3.97755638,50.98003736],[3.97756693,50.97989089],[3.97753416,50.97989024],[3.97750139,50.97988959],[3.97749312,50.98003485],[3.97738443,50.98003042],[3.97743894,50.97964351],[3.97748574,50.97964666],[3.97748491,50.9796652],[3.97750474,50.97966711],[3.97750365,50.97967402],[3.97755399,50.97967759],[3.97755736,50.97966339],[3.9776,50.9796665],[3.97757435,50.97982785],[3.97762921,50.97982903],[3.97762374,50.9798964]]]}},{"type":"Feature","id":"gebouw/Gebouw.9609902/0","properties":{"source":"Digitaal Vlaanderen Gebouwenregister","source_id":"gebouw/Gebouw.9609902/0","kind":"building","height_m":5.72,"status":null},"geometry":{"type":"Polygon","coordinates":[[[3.97429999,50.98072195],[3.97429798,50.98078204],[3.9742699,50.98078259],[3.97426826,50.98080692],[3.97420408,50.98080758],[3.97421198,50.98071776],[3.97429999,50.98072195]]]}},{"type":"Feature","id":"gebouw/Gebouw.9609908/0","properties":{"source":"Digitaal Vlaanderen Gebouwenregister","source_id":"gebouw/Gebouw.9609908/0","kind":"building","height_m":5.0,"status":null},"geometry":{"type":"Polygon","coordinates":[[[3.97554704,50.9800168],[3.97543419,50.98002013],[3.97542868,50.97993862],[3.97545348,50.97988046],[3.97549981,50.97988942],[3.9755227,50.97984603],[3.97557993,50.97985755],[3.97554077,50.97993251],[3.97554704,50.9800168]]]}},{"type":"Feature","id":"gebouw/Gebouw.9610192/0","properties":{"source":"Digitaal Vlaanderen Gebouwenregister","source_id":"gebouw/Gebouw.9610192/0","kind":"building","height_m":7.88,"status":null},"geometry":{"type":"Polygon","coordinates":[[[3.97935806,50.98045962],[3.97936953,50.98053654],[3.97930563,50.9805405],[3.97929385,50.98046414],[3.97935806,50.98045962]]]}},{"type":"Feature","id":"gebouw/Gebouw.9610194/0","properties":{"source":"Digitaal Vlaanderen Gebouwenregister","source_id":"gebouw/Gebouw.9610194/0","kind":"building","height_m":9.32,"status":null},"geometry":{"type":"Polygon","coordinates":[[[3.97430714,50.97949998],[3.97431105,50.97946669],[3.97427996,50.97946465],[3.97428333,50.97944015],[3.97431372,50.97944269],[3.97444435,50.97945359],[3.97443857,50.97950014],[3.97441472,50.97969207],[3.97429948,50.9796857],[3.97432374,50.97950055],[3.97430714,50.97949998]]]}},{"type":"Feature","id":"gebouw/Gebouw.9610243/0","properties":{"source":"Digitaal Vlaanderen Gebouwenregister","source_id":"gebouw/Gebouw.9610243/0","kind":"building","height_m":9.32,"status":null},"geometry":{"type":"Polygon","coordinates":[[[3.97376706,50.98043658],[3.97376773,50.98050107],[3.9735661,50.98050192],[3.97356575,50.98043682],[3.97376706,50.98043658]]]}},{"type":"Feature","id":"gebouw/Gebouw.9610383/0","properties":{"source":"Digitaal Vlaanderen Gebouwenregister","source_id":"gebouw/Gebouw.9610383/0","kind":"building","height_m":9.32,"status":null},"geometry":{"type":"Polygon","coordinates":[[[3.97542313,50.98040475],[3.97542155,50.98041941],[3.97535953,50.98041832],[3.97533169,50.98041783],[3.97533481,50.98036037],[3.9754276,50.9803631],[3.97542313,50.98040475]]]}},{"type":"Feature","id":"gebouw/Gebouw.9610402/0","properties":{"source":"Digitaal Vlaanderen Gebouwenregister","source_id":"gebouw/Gebouw.9610402/0","kind":"building","height_m":7.88,"status":null},"geometry":{"type":"Polygon","coordinates":[[[3.97650424,50.97836096],[3.97651671,50.97829816],[3.97656853,50.97830156],[3.97655486,50.97836509],[3.97650424,50.97836096]]]}},{"type":"Feature","id":"gebouw/Gebouw.9610403/0","properties":{"source":"Digitaal Vlaanderen Gebouwenregister","source_id":"gebouw/Gebouw.9610403/0","kind":"building","height_m":8.6,"status":null},"geometry":{"type":"Polygon","coordinates":[[[3.97726162,50.97984904],[3.97730752,50.97985199],[3.97730139,50.97990062],[3.97725457,50.9798986],[3.97726162,50.97984904]]]}},{"type":"Feature","id":"gebouw/Gebouw.9610404/0","properties":{"source":"Digitaal Vlaanderen Gebouwenregister","source_id":"gebouw/Gebouw.9610404/0","kind":"building","height_m":9.32,"status":null},"geometry":{"type":"Polygon","coordinates":[[[3.98006347,50.9796503],[3.98005052,50.97959415],[3.98010379,50.97958857],[3.98011613,50.97964509],[3.98006347,50.9796503]]]}},{"type":"Feature","id":"gebouw/Gebouw.9610405/0","properties":{"source":"Digitaal Vlaanderen Gebouwenregister","source_id":"gebouw/Gebouw.9610405/0","kind":"building","height_m":5.0,"status":null},"geometry":{"type":"Polygon","coordinates":[[[3.9810746,50.97940023],[3.98104709,50.97936583],[3.98108512,50.97935334],[3.98111262,50.97938811],[3.9810746,50.97940023]]]}},{"type":"Feature","id":"gebouw/Gebouw.9610406/0","properties":{"source":"Digitaal Vlaanderen Gebouwenregister","source_id":"gebouw/Gebouw.9610406/0","kind":"building","height_m":5.72,"status":null},"geometry":{"type":"Polygon","coordinates":[[[3.98113673,50.97938557],[3.98110727,50.97934647],[3.98114921,50.97933233],[3.98118042,50.97937221],[3.98113673,50.97938557]]]}},{"type":"Feature","id":"gebouw/Gebouw.9610407/0","properties":{"source":"Digitaal Vlaanderen Gebouwenregister","source_id":"gebouw/Gebouw.9610407/0","kind":"building","height_m":6.44,"status":null},"geometry":{"type":"Polygon","coordinates":[[[3.98314138,50.97908712],[3.98313942,50.97902023],[3.98318396,50.97901886],[3.98318562,50.97908593],[3.98314138,50.97908712]]]}},{"type":"Feature","id":"gebouw/Gebouw.9610453/0","properties":{"source":"Digitaal Vlaanderen Gebouwenregister","source_id":"gebouw/Gebouw.9610453/0","kind":"building","height_m":9.32,"status":null},"geometry":{"type":"Polygon","coordinates":[[[3.98336832,50.979141],[3.98346856,50.97915318],[3.98343989,50.97923965],[3.98343628,50.97923914],[3.98343781,50.97923475],[3.98325027,50.97920877],[3.98324876,50.97921316],[3.98324513,50.97921266],[3.98327614,50.97912722],[3.98328531,50.97912826],[3.98329613,50.97909186],[3.98338248,50.97910182],[3.98336832,50.979141]]]}},{"type":"Feature","id":"gebouw/Gebouw.9610459/0","properties":{"source":"Digitaal Vlaanderen Gebouwenregister","source_id":"gebouw/Gebouw.9610459/0","kind":"building","height_m":8.6,"status":null},"geometry":{"type":"Polygon","coordinates":[[[3.98317823,50.97962948],[3.98307352,50.97962848],[3.98306739,50.97966681],[3.98317042,50.97967472],[3.98315369,50.97977324],[3.98305179,50.97976759],[3.98306104,50.9797027],[3.98302346,50.9796991],[3.98303791,50.97971274],[3.98301083,50.97972593],[3.98299025,50.97970865],[3.98300834,50.97969874],[3.9830033,50.9796985],[3.98301421,50.97964842],[3.98297506,50.97964798],[3.98297515,50.97962363],[3.98304008,50.9796253],[3.98304043,50.97960264],[3.98306357,50.97960252],[3.983064,50.97959785],[3.98312957,50.97959802],[3.98313362,50.97954918],[3.98318218,50.97955273],[3.98317823,50.97962948]]]}},{"type":"Feature","id":"gebouw/Gebouw.9689161/0","properties":{"source":"Digitaal Vlaanderen Gebouwenregister","source_id":"gebouw/Gebouw.9689161/0","kind":"building","height_m":9.32,"status":null},"geometry":{"type":"Polygon","coordinates":[[[3.97411597,50.97851929],[3.97411255,50.97853841],[3.97415458,50.97854225],[3.97414206,50.97859658],[3.97387291,50.9785772],[3.97388976,50.97849058],[3.97403303,50.97849705],[3.97403713,50.97847799],[3.97416324,50.97848803],[3.97419044,50.97849015],[3.97430416,50.978499],[3.97432162,50.97850051],[3.97443763,50.97851081],[3.97443351,50.97859318],[3.97439468,50.9785918],[3.97437787,50.97859111],[3.97438124,50.97853227],[3.97418562,50.97851562],[3.97416547,50.97851391],[3.9741175,50.97851074],[3.97411597,50.97851929]]]}},{"type":"Feature","id":"gebouw/Gebouw.9689429/0","properties":{"source":"Digitaal Vlaanderen Gebouwenregister","source_id":"gebouw/Gebouw.9689429/0","kind":"building","height_m":5.72,"status":null},"geometry":{"type":"Polygon","coordinates":[[[3.97605086,50.97926014],[3.97609422,50.97926942],[3.97607348,50.97931002],[3.9760289,50.97930222],[3.97605086,50.97926014]]]}},{"type":"Feature","id":"gebouw/Gebouw.9689594/0","properties":{"source":"Digitaal Vlaanderen Gebouwenregister","source_id":"gebouw/Gebouw.9689594/0","kind":"building","height_m":8.6,"status":null},"geometry":{"type":"Polygon","coordinates":[[[3.98353827,50.97900656],[3.98357529,50.97900903],[3.98356706,50.97904827],[3.98349457,50.97904128],[3.98349904,50.97901941],[3.98353516,50.97902207],[3.98353827,50.97900656]]]}},{"type":"Feature","id":"gebouw/Gebouw.9689815/0","properties":{"source":"Digitaal Vlaanderen Gebouwenregister","source_id":"gebouw/Gebouw.9689815/0","kind":"building","height_m":6.44,"status":null},"geometry":{"type":"Polygon","coordinates":[[[3.98314161,50.9795102],[3.98315642,50.9795109],[3.98315201,50.97955052],[3.9831336,50.9795496],[3.98304022,50.97954489],[3.98304714,50.97946736],[3.98307536,50.97946869],[3.98308237,50.97940693],[3.98308295,50.97939863],[3.98315887,50.97940142],[3.98315307,50.97944726],[3.98314971,50.97946569],[3.98314161,50.9795102]]]}},{"type":"Feature","id":"gebouw/Gebouw.9689816/0","properties":{"source":"Digitaal Vlaanderen Gebouwenregister","source_id":"gebouw/Gebouw.9689816/0","kind":"building","height_m":7.16,"status":null},"geometry":{"type":"Polygon","coordinates":[[[3.97819707,50.97962305],[3.97819595,50.97965207],[3.97817466,50.97965129],[3.97810353,50.97964936],[3.9781055,50.97962045],[3.97811269,50.97962065],[3.97818433,50.97962234],[3.97819707,50.97962305]]]}},{"type":"Feature","id":"gebouw/Gebouw.9731562/0","properties":{"source":"Digitaal Vlaanderen Gebouwenregister","source_id":"gebouw/Gebouw.9731562/0","kind":"building","height_m":5.72,"status":null},"geometry":{"type":"Polygon","coordinates":[[[3.9827743,50.97974892],[3.9827053,50.97968128],[3.98270875,50.97965378],[3.98272543,50.9796478],[3.98270139,50.97962385],[3.98275147,50.97960382],[3.98277059,50.97962288],[3.98278875,50.97961561],[3.98284057,50.97966538],[3.98287626,50.97970044],[3.98288086,50.97970472],[3.9827743,50.97974892]]]}},{"type":"Feature","id":"gebouw/Gebouw.9731563/0","properties":{"source":"Digitaal Vlaanderen Gebouwenregister","source_id":"gebouw/Gebouw.9731563/0","kind":"building","height_m":6.44,"status":null},"geometry":{"type":"Polygon","coordinates":[[[3.9824155,50.97927093],[3.98237564,50.97928447],[3.98232952,50.97930012],[3.98227899,50.97924036],[3.98228199,50.97923927],[3.98225346,50.97920917],[3.98229754,50.979193],[3.98231679,50.97921513],[3.98235128,50.97920222],[3.98236623,50.97921887],[3.98237042,50.97921779],[3.9824155,50.97927093]]]}},{"type":"Feature","id":"gebouw/Gebouw.9731696/0","properties":{"source":"Digitaal Vlaanderen Gebouwenregister","source_id":"gebouw/Gebouw.9731696/0","kind":"building","height_m":6.44,"status":null},"geometry":{"type":"Polygon","coordinates":[[[3.97521706,50.97693144],[3.97515861,50.97688976],[3.97520803,50.97686298],[3.97526589,50.97690465],[3.97521706,50.97693144]]]}},{"type":"Feature","id":"gebouw/Gebouw.9731697/0","properties":{"source":"Digitaal Vlaanderen Gebouwenregister","source_id":"gebouw/Gebouw.9731697/0","kind":"building","height_m":7.16,"status":null},"geometry":{"type":"Polygon","coordinates":[[[3.9788876,50.98027813],[3.97887032,50.980153],[3.97877162,50.98015889],[3.97879153,50.98028577],[3.9788876,50.98027813]]]}},{"type":"Feature","id":"gebouw/Gebouw.9731713/0","properties":{"source":"Digitaal Vlaanderen Gebouwenregister","source_id":"gebouw/Gebouw.9731713/0","kind":"building","height_m":8.6,"status":null},"geometry":{"type":"Polygon","coordinates":[[[3.98246092,50.97879757],[3.98254548,50.97879758],[3.98254533,50.9788238],[3.98246106,50.97882435],[3.98246092,50.97879757]]]}},{"type":"Feature","id":"gebouw/Gebouw.9731714/0","properties":{"source":"Digitaal Vlaanderen Gebouwenregister","source_id":"gebouw/Gebouw.9731714/0","kind":"building","height_m":9.32,"status":null},"geometry":{"type":"Polygon","coordinates":[[[3.98344269,50.97823079],[3.9834449,50.97822613],[3.98353504,50.97823857],[3.98351238,50.9782954],[3.98338391,50.97827967],[3.98339152,50.97826058],[3.98338757,50.97825995],[3.98340073,50.9782247],[3.98344269,50.97823079]]]}},{"type":"Feature","id":"gebouw/Gebouw.9731717/0","properties":{"source":"Digitaal Vlaanderen Gebouwenregister","source_id":"gebouw/Gebouw.9731717/0","kind":"building","height_m":6.44,"status":null},"geometry":{"type":"Polygon","coordinates":[[[3.97746766,50.9803255],[3.97746206,50.98032531],[3.97747068,50.98022287],[3.97753169,50.98022492],[3.97753149,50.98023189],[3.97756429,50.98023287],[3.9775645,50.9802302],[3.97761212,50.98023176],[3.97760402,50.98032988],[3.97753823,50.98032742],[3.97753707,50.98033696],[3.97746709,50.98033542],[3.97746766,50.9803255]]]}},{"type":"Feature","id":"gebouw/Gebouw.9731718/0","properties":{"source":"Digitaal Vlaanderen Gebouwenregister","source_id":"gebouw/Gebouw.9731718/0","kind":"building","height_m":7.16,"status":null},"geometry":{"type":"Polygon","coordinates":[[[3.97479591,50.98027539],[3.97471693,50.98028144],[3.97469565,50.98017024],[3.9747566,50.98016581],[3.97476109,50.98019046],[3.9747802,50.98018907],[3.97479591,50.98027539]]]}},{"type":"Feature","id":"gebouw/Gebouw.9731729/0","properties":{"source":"Digitaal Vlaanderen Gebouwenregister","source_id":"gebouw/Gebouw.9731729/0","kind":"building","height_m":5.0,"status":null},"geometry":{"type":"Polygon","coordinates":[[[3.97961338,50.98007266],[3.97961173,50.98006563],[3.9794006,50.98008741],[3.97940967,50.9801356],[3.97930593,50.98014248],[3.97932151,50.98023635],[3.97935384,50.98043112],[3.97935482,50.98043701],[3.97960885,50.98041823],[3.97960062,50.9803114],[3.97966478,50.98030772],[3.97961338,50.98007266]]]}},{"type":"Feature","id":"gebouw/Gebouw.9731734/0","properties":{"source":"Digitaal Vlaanderen Gebouwenregister","source_id":"gebouw/Gebouw.9731734/0","kind":"building","height_m":8.6,"status":null},"geometry":{"type":"Polygon","coordinates":[[[3.97447603,50.98089588],[3.9744789,50.98087868],[3.9745725,50.98088424],[3.97457054,50.98090089],[3.97447603,50.98089588]]]}},{"type":"Feature","id":"gebouw/Gebouw.9731735/0","properties":{"source":"Digitaal Vlaanderen Gebouwenregister","source_id":"gebouw/Gebouw.9731735/0","kind":"building","height_m":9.32,"status":null},"geometry":{"type":"Polygon","coordinates":[[[3.97356362,50.97697706],[3.9735639,50.9769728],[3.97359361,50.97697347],[3.97359332,50.97697783],[3.9736272,50.97697872],[3.97362217,50.97706131],[3.97362655,50.97706142],[3.97362434,50.97709496],[3.97342257,50.97708967],[3.97342464,50.97703669],[3.97349876,50.97703865],[3.97350289,50.97697651],[3.97356362,50.97697706]]]}},{"type":"Feature","id":"gebouw/Gebouw.9731746/0","properties":{"source":"Digitaal Vlaanderen Gebouwenregister","source_id":"gebouw/Gebouw.9731746/0","kind":"building","height_m":7.16,"status":null},"geometry":{"type":"Polygon","coordinates":[[[3.98249779,50.98000017],[3.98248115,50.97996945],[3.98254416,50.97995536],[3.98256107,50.97998665],[3.98249779,50.98000017]]]}},{"type":"Feature","id":"gebouw/Gebouw.9731747/0","properties":{"source":"Digitaal Vlaanderen Gebouwenregister","source_id":"gebouw/Gebouw.9731747/0","kind":"building","height_m":7.88,"status":null},"geometry":{"type":"Polygon","coordinates":[[[3.98087899,50.98006342],[3.9807703,50.9800698],[3.98075844,50.97999033],[3.98086712,50.97998387],[3.98087899,50.98006342]]]}},{"type":"Feature","id":"gebouw/Gebouw.9731905/0","properties":{"source":"Digitaal Vlaanderen Gebouwenregister","source_id":"gebouw/Gebouw.9731905/0","kind":"building","height_m":5.72,"status":null},"geometry":{"type":"Polygon","coordinates":[[[3.97355809,50.97839467],[3.97357083,50.97832029],[3.97370461,50.97833036],[3.97368477,50.97843545],[3.97340816,50.97840871],[3.97341275,50.97838272],[3.97349888,50.97839026],[3.97350589,50.97838378],[3.9735346,50.97838616],[3.97353708,50.97839275],[3.97355809,50.97839467]]]}},{"type":"Feature","id":"gebouw/Gebouw.9731913/0","properties":{"source":"Digitaal Vlaanderen Gebouwenregister","source_id":"gebouw/Gebouw.9731913/0","kind":"building","height_m":6.44,"status":null},"geometry":{"type":"Polygon","coordinates":[[[3.97385667,50.97975261],[3.97386121,50.9797182],[3.97396758,50.97972334],[3.97396304,50.97975812],[3.97385667,50.97975261]]]}},{"type":"Feature","id":"gebouw/Gebouw.9731914/0","properties":{"source":"Digitaal Vlaanderen Gebouwenregister","source_id":"gebouw/Gebouw.9731914/0","kind":"building","height_m":7.16,"status":null},"geometry":{"type":"Polygon","coordinates":[[[3.97590754,50.97924371],[3.97588843,50.97928011],[3.97601022,50.97930393],[3.97605065,50.97922155],[3.97599245,50.97921016],[3.97597001,50.97925588],[3.97590754,50.97924371]]]}},{"type":"Feature","id":"gebouw/Gebouw.9731915/0","properties":{"source":"Digitaal Vlaanderen Gebouwenregister","source_id":"gebouw/Gebouw.9731915/0","kind":"building","height_m":7.88,"status":null},"geometry":{"type":"Polygon","coordinates":[[[3.98050777,50.97927884],[3.98049213,50.97925487],[3.98054114,50.97924231],[3.9805571,50.97926572],[3.98050777,50.97927884]]]}},{"type":"Feature","id":"gebouw/Gebouw.9731916/0","properties":{"source":"Digitaal Vlaanderen Gebouwenregister","source_id":"gebouw/Gebouw.9731916/0","kind":"building","height_m":8.6,"status":null},"geometry":{"type":"Polygon","coordinates":[[[3.98090541,50.97959125],[3.98086444,50.97953965],[3.98092044,50.97952137],[3.98096231,50.97957279],[3.98090541,50.97959125]]]}},{"type":"Feature","id":"gebouw/Gebouw.9732154/0","properties":{"source":"Digitaal Vlaanderen Gebouwenregister","source_id":"gebouw/Gebouw.9732154/0","kind":"building","height_m":8.6,"status":null},"geometry":{"type":"Polygon","coordinates":[[[3.97682408,50.98069208],[3.97682782,50.98065448],[3.97690876,50.9806567],[3.9769065,50.98069451],[3.97682408,50.98069208]]]}},{"type":"Feature","id":"gebouw/Gebouw.9732155/0","properties":{"source":"Digitaal Vlaanderen Gebouwenregister","source_id":"gebouw/Gebouw.9732155/0","kind":"building","height_m":9.32,"status":null},"geometry":{"type":"Polygon","coordinates":[[[3.97501733,50.98031834],[3.97488267,50.98032614],[3.97486192,50.98019522],[3.97499647,50.98018673],[3.97501733,50.98031834]]]}},{"type":"Feature","id":"gebouw/Gebouw.9732171/0","properties":{"source":"Digitaal Vlaanderen Gebouwenregister","source_id":"gebouw/Gebouw.9732171/0","kind":"building","height_m":5.72,"status":null},"geometry":{"type":"Polygon","coordinates":[[[3.97811411,50.97959135],[3.97819884,50.97959506],[3.97819707,50.97962305],[3.97818433,50.97962234],[3.97811269,50.97962065],[3.97811411,50.97959135]]]}},{"type":"Feature","id":"gebouw/Gebouw.9732172/0","properties":{"source":"Digitaal Vlaanderen Gebouwenregister","source_id":"gebouw/Gebouw.9732172/0","kind":"building","height_m":6.44,"status":null},"geometry":{"type":"Polygon","coordinates":[[[3.97732396,50.97994209],[3.97732362,50.97995407],[3.97734153,50.97995514],[3.97733703,50.98000102],[3.97732295,50.98000047],[3.97731914,50.98003932],[3.97726386,50.98003716],[3.97726442,50.9800316],[3.97724138,50.98003053],[3.97724085,50.9800343],[3.97723377,50.9800339],[3.97725136,50.97993846],[3.97729634,50.9799407],[3.97732396,50.97994209]]]}},{"type":"Feature","id":"gebouw/Gebouw.9732262/0","properties":{"source":"Digitaal Vlaanderen Gebouwenregister","source_id":"gebouw/Gebouw.9732262/0","kind":"building","height_m":5.72,"status":null},"geometry":{"type":"Polygon","coordinates":[[[3.97413083,50.9803166],[3.97413033,50.98033438],[3.97420184,50.98033348],[3.97420972,50.98046337],[3.97427887,50.98046285],[3.97427863,50.98045048],[3.9742697,50.98032465],[3.97422699,50.98032553],[3.97422644,50.98031372],[3.97422729,50.98031371],[3.97422356,50.98023996],[3.97421644,50.98024011],[3.97421455,50.98020237],[3.97412559,50.98020416],[3.97411891,50.98028685],[3.97411807,50.98031646],[3.97413083,50.9803166]]]}},{"type":"Feature","id":"gebouw/Gebouw.9732263/0","properties":{"source":"Digitaal Vlaanderen Gebouwenregister","source_id":"gebouw/Gebouw.9732263/0","kind":"building","height_m":6.44,"status":null},"geometry":{"type":"Polygon","coordinates":[[[3.97401412,50.979412],[3.97413162,50.97943281],[3.97412673,50.97946113],[3.97400997,50.97945309],[3.97398837,50.9794516],[3.97396677,50.97944967],[3.97397279,50.97940918],[3.97401412,50.979412]]]}},{"type":"Feature","id":"gebouw/Gebouw.9732264/0","properties":{"source":"Digitaal Vlaanderen Gebouwenregister","source_id":"gebouw/Gebouw.9732264/0","kind":"building","height_m":7.16,"status":null},"geometry":{"type":"Polygon","coordinates":[[[3.97415458,50.97854225],[3.97420946,50.97854789],[3.97419851,50.97860121],[3.97414206,50.97859658],[3.97415458,50.97854225]]]}},{"type":"Feature","id":"gebouw/Gebouw.9737293/0","properties":{"source":"Digitaal Vlaanderen Gebouwenregister","source_id":"gebouw/Gebouw.9737293/0","kind":"building","height_m":9.32,"status":null},"geometry":{"type":"Polygon","coordinates":[[[3.9735857,50.98025607],[3.97346779,50.98026882],[3.97345203,50.98020187],[3.97344675,50.98017945],[3.97356126,50.9801687],[3.97356199,50.98016863],[3.97368176,50.98017928],[3.9736823,50.98021896],[3.97357492,50.98020744],[3.9735857,50.98025607]]]}},{"type":"Feature","id":"gebouw/Gebouw.9737294/0","properties":{"source":"Digitaal Vlaanderen Gebouwenregister","source_id":"gebouw/Gebouw.9737294/0","kind":"building","height_m":5.0,"status":null},"geometry":{"type":"Polygon","coordinates":[[[3.97390918,50.98054525],[3.97390207,50.98060156],[3.97379156,50.980596],[3.9737988,50.98053863],[3.97390227,50.98054483],[3.97390918,50.98054525]]]}},{"type":"Feature","id":"gebouw/Gebouw.9737295/0","properties":{"source":"Digitaal Vlaanderen Gebouwenregister","source_id":"gebouw/Gebouw.9737295/0","kind":"building","height_m":5.72,"status":null},"geometry":{"type":"Polygon","coordinates":[[[3.97766259,50.97984477],[3.9777837,50.97984567],[3.97778056,50.97991479],[3.97778725,50.97991517],[3.97778658,50.97992251],[3.9778211,50.97992376],[3.97781623,50.97996633],[3.97782419,50.97996673],[3.97781467,50.98004713],[3.97772106,50.98004302],[3.97772889,50.97995491],[3.97773167,50.97992014],[3.97766587,50.97991748],[3.97765792,50.97991735],[3.97765806,50.97991516],[3.97766089,50.97987118],[3.97766259,50.97984477]]]}},{"type":"Feature","id":"gebouw/Gebouw.9737298/0","properties":{"source":"Digitaal Vlaanderen Gebouwenregister","source_id":"gebouw/Gebouw.9737298/0","kind":"building","height_m":7.88,"status":null},"geometry":{"type":"Polygon","coordinates":[[[3.97489581,50.97918667],[3.97482249,50.97918073],[3.97481454,50.97922035],[3.9748896,50.97922769],[3.97489581,50.97918667]]]}},{"type":"Feature","id":"gebouw/Gebouw.9737299/0","properties":{"source":"Digitaal Vlaanderen Gebouwenregister","source_id":"gebouw/Gebouw.9737299/0","kind":"building","height_m":8.6,"status":null},"geometry":{"type":"Polygon","coordinates":[[[3.97943434,50.97962279],[3.97943066,50.9796898],[3.97945081,50.97969078],[3.97943946,50.9797459],[3.97940132,50.9797427],[3.97933911,50.97973747],[3.97934889,50.97968551],[3.97932462,50.97968336],[3.97932715,50.97961521],[3.97943434,50.97962279]]]}},{"type":"Feature","id":"gebouw/Gebouw.9737300/0","properties":{"source":"Digitaal Vlaanderen Gebouwenregister","source_id":"gebouw/Gebouw.9737300/0","kind":"building","height_m":9.32,"status":null},"geometry":{"type":"Polygon","coordinates":[[[3.97841549,50.98092772],[3.97831164,50.98092767],[3.97830563,50.98075247],[3.97828071,50.98075257],[3.97827861,50.98072182],[3.97830504,50.98072119],[3.97830602,50.98074929],[3.97840513,50.98074891],[3.97841549,50.98092772]]]}},{"type":"Feature","id":"gebouw/Gebouw.9737489/0","properties":{"source":"Digitaal Vlaanderen Gebouwenregister","source_id":"gebouw/Gebouw.9737489/0","kind":"building","height_m":9.32,"status":null},"geometry":{"type":"Polygon","coordinates":[[[3.97737355,50.97625683],[3.97735624,50.97629166],[3.97730163,50.97628187],[3.97731868,50.97624572],[3.97737355,50.97625683]]]}},{"type":"Feature","id":"gebouw/Gebouw.9737490/0","properties":{"source":"Digitaal Vlaanderen Gebouwenregister","source_id":"gebouw/Gebouw.9737490/0","kind":"building","height_m":5.0,"status":null},"geometry":{"type":"Polygon","coordinates":[[[3.97436743,50.97873609],[3.97438118,50.97868062],[3.97442529,50.97868393],[3.97441211,50.97874053],[3.97436743,50.97873609]]]}},{"type":"Feature","id":"gebouw/Gebouw.9737611/0","properties":{"source":"Digitaal Vlaanderen Gebouwenregister","source_id":"gebouw/Gebouw.9737611/0","kind":"building","height_m":6.44,"status":null},"geometry":{"type":"Polygon","coordinates":[[[3.98176559,50.9794644],[3.98176418,50.97946266],[3.98171371,50.97939995],[3.98169959,50.97938245],[3.98168788,50.97937003],[3.98166483,50.97937759],[3.98167284,50.97938732],[3.98164455,50.9793966],[3.98171408,50.97948105],[3.98176559,50.9794644]]]}},{"type":"Feature","id":"gebouw/Gebouw.9737613/0","properties":{"source":"Digitaal Vlaanderen Gebouwenregister","source_id":"gebouw/Gebouw.9737613/0","kind":"building","height_m":7.88,"status":null},"geometry":{"type":"Polygon","coordinates":[[[3.97401583,50.98106281],[3.97384179,50.98105802],[3.97383942,50.98109957],[3.97401434,50.98110455],[3.97401583,50.98106281]]]}},{"type":"Feature","id":"gebouw/Gebouw.9737805/0","properties":{"source":"Digitaal Vlaanderen Gebouwenregister","source_id":"gebouw/Gebouw.9737805/0","kind":"building","height_m":5.0,"status":null},"geometry":{"type":"Polygon","coordinates":[[[3.98149883,50.9794127],[3.98155726,50.97948678],[3.9815064,50.97950156],[3.98144616,50.97942858],[3.98149883,50.9794127]]]}},{"type":"Feature","id":"gebouw/Gebouw.9737806/0","properties":{"source":"Digitaal Vlaanderen Gebouwenregister","source_id":"gebouw/Gebouw.9737806/0","kind":"building","height_m":5.72,"status":null},"geometry":{"type":"Polygon","coordinates":[[[3.97881081,50.98046393],[3.97880602,50.98043409],[3.97874063,50.98043785],[3.97874395,50.98046748],[3.97881081,50.98046393]]]}},{"type":"Feature","id":"gebouw/Gebouw.9746268/0","properties":{"source":"Digitaal Vlaanderen Gebouwenregister","source_id":"gebouw/Gebouw.9746268/0","kind":"building","height_m":5.0,"status":null},"geometry":{"type":"Polygon","coordinates":[[[3.97423262,50.9780097],[3.97422403,50.97800901],[3.97422104,50.9780446],[3.97419605,50.97804375],[3.97394553,50.97803635],[3.97394938,50.97796712],[3.97418485,50.97797844],[3.9742634,50.97798139],[3.97425986,50.9780012],[3.97423377,50.97800053],[3.97423262,50.9780097]]]}},{"type":"Feature","id":"gebouw/Gebouw.9746271/0","properties":{"source":"Digitaal Vlaanderen Gebouwenregister","source_id":"gebouw/Gebouw.9746271/0","kind":"building","height_m":7.16,"status":null},"geometry":{"type":"Polygon","coordinates":[[[3.97568977,50.97732953],[3.97563947,50.97732039],[3.97564398,50.97730808],[3.9755864,50.97729825],[3.97558002,50.97731264],[3.97555217,50.97737541],[3.97554478,50.97739604],[3.97559352,50.97740453],[3.97559684,50.97739784],[3.97565584,50.977408],[3.97568977,50.97732953]]]}},{"type":"Feature","id":"gebouw/Gebouw.9746845/0","properties":{"source":"Digitaal Vlaanderen Gebouwenregister","source_id":"gebouw/Gebouw.9746845/0","kind":"building","height_m":7.16,"status":null},"geometry":{"type":"Polygon","coordinates":[[[3.9742526,50.97659319],[3.97427784,50.97659414],[3.97427565,50.97662933],[3.97425176,50.97662857],[3.97419355,50.97662672],[3.9741999,50.9765912],[3.9742526,50.97659319]]]}},{"type":"Feature","id":"gebouw/Gebouw.9746846/0","properties":{"source":"Digitaal Vlaanderen Gebouwenregister","source_id":"gebouw/Gebouw.9746846/0","kind":"building","height_m":7.88,"status":null},"geometry":{"type":"Polygon","coordinates":[[[3.97546401,50.97763284],[3.97545958,50.97765399],[3.97547088,50.97765493],[3.97544159,50.9777946],[3.97544036,50.97779449],[3.97543484,50.9778214],[3.97540436,50.97781862],[3.97540115,50.97783788],[3.97534058,50.97783364],[3.97538707,50.97761193],[3.975467,50.9776186],[3.97546401,50.97763284]]]}},{"type":"Feature","id":"gebouw/Gebouw.9776324/0","properties":{"source":"Digitaal Vlaanderen Gebouwenregister","source_id":"gebouw/Gebouw.9776324/0","kind":"building","height_m":8.6,"status":null},"geometry":{"type":"Polygon","coordinates":[[[3.97455214,50.97769013],[3.97447617,50.97769242],[3.9744695,50.97756694],[3.97454551,50.97756533],[3.97454558,50.9775665],[3.97454813,50.9776147],[3.97454859,50.97762326],[3.97455214,50.97769013]]]}},{"type":"Feature","id":"gebouw/Gebouw.9777023/0","properties":{"source":"Digitaal Vlaanderen Gebouwenregister","source_id":"gebouw/Gebouw.9777023/0","kind":"building","height_m":7.88,"status":null},"geometry":{"type":"Polygon","coordinates":[[[3.97382317,50.97598666],[3.97373372,50.97598464],[3.97373189,50.97601699],[3.97360189,50.97601429],[3.97360055,50.97591571],[3.97370878,50.97591788],[3.97370883,50.97592621],[3.97382638,50.9759288],[3.97382317,50.97598666]]]}},{"type":"Feature","id":"gebouw/Gebouw.9840974/0","properties":{"source":"Digitaal Vlaanderen Gebouwenregister","source_id":"gebouw/Gebouw.9840974/0","kind":"building","height_m":7.16,"status":null},"geometry":{"type":"Polygon","coordinates":[[[3.97356422,50.97822829],[3.97355396,50.9782768],[3.973548,50.97830496],[3.97347759,50.97829827],[3.97337123,50.97828818],[3.97338477,50.97821355],[3.97349363,50.97822249],[3.97356422,50.97822829]]]}},{"type":"Feature","id":"gebouw/Gebouw.9841001/0","properties":{"source":"Digitaal Vlaanderen Gebouwenregister","source_id":"gebouw/Gebouw.9841001/0","kind":"building","height_m":6.44,"status":null},"geometry":{"type":"Polygon","coordinates":[[[3.97427234,50.97776066],[3.97427742,50.97771782],[3.97417609,50.97771293],[3.97417208,50.97774959],[3.974146,50.97774855],[3.97414807,50.97772778],[3.97407455,50.97772582],[3.97407584,50.97771117],[3.9739646,50.97770583],[3.97396036,50.9777798],[3.97417009,50.97779864],[3.97422553,50.97780047],[3.9742586,50.97780155],[3.97426375,50.97776037],[3.97427234,50.97776066]]]}},{"type":"Feature","id":"gebouw/Gebouw.9841002/0","properties":{"source":"Digitaal Vlaanderen Gebouwenregister","source_id":"gebouw/Gebouw.9841002/0","kind":"building","height_m":7.16,"status":null},"geometry":{"type":"Polygon","coordinates":[[[3.97430341,50.97736018],[3.974303,50.97736716],[3.97424735,50.97736504],[3.97422107,50.97736188],[3.97420093,50.97735946],[3.97420197,50.97734374],[3.97422088,50.97734416],[3.97423518,50.97734449],[3.97423633,50.97732502],[3.97430535,50.97732671],[3.97430341,50.97736018]]]}},{"type":"Feature","id":"gebouw/Gebouw.9841447/0","properties":{"source":"Digitaal Vlaanderen Gebouwenregister","source_id":"gebouw/Gebouw.9841447/0","kind":"building","height_m":5.0,"status":null},"geometry":{"type":"Polygon","coordinates":[[[3.97392498,50.98025112],[3.97392161,50.98030689],[3.97387474,50.98030674],[3.97387477,50.98025027],[3.97392498,50.98025112]]]}},{"type":"Feature","id":"gebouw/Gebouw.9841448/0","properties":{"source":"Digitaal Vlaanderen Gebouwenregister","source_id":"gebouw/Gebouw.9841448/0","kind":"building","height_m":5.72,"status":null},"geometry":{"type":"Polygon","coordinates":[[[3.97877974,50.97999515],[3.97868023,50.97999518],[3.97868001,50.97996263],[3.97867878,50.97996257],[3.97867947,50.97990739],[3.97868332,50.97990762],[3.97868579,50.97984134],[3.97862139,50.97984193],[3.97862151,50.97983949],[3.97862429,50.97978716],[3.97862443,50.97978445],[3.97870933,50.97978542],[3.97871061,50.97976109],[3.97878211,50.97976133],[3.97878177,50.97979467],[3.97877974,50.97999515]]]}},{"type":"Feature","id":"gebouw/Gebouw.9841449/0","properties":{"source":"Digitaal Vlaanderen Gebouwenregister","source_id":"gebouw/Gebouw.9841449/0","kind":"building","height_m":6.44,"status":null},"geometry":{"type":"Polygon","coordinates":[[[3.97694175,50.97935048],[3.97712283,50.97935505],[3.97711773,50.97946157],[3.97693157,50.97945571],[3.97694175,50.97935048]]]}},{"type":"Feature","id":"gebouw/Gebouw.9841641/0","properties":{"source":"Digitaal Vlaanderen Gebouwenregister","source_id":"gebouw/Gebouw.9841641/0","kind":"building","height_m":8.6,"status":null},"geometry":{"type":"Polygon","coordinates":[[[3.97453834,50.9796959],[3.97467128,50.97970584],[3.97464362,50.97986473],[3.9745086,50.97985496],[3.97453834,50.9796959]]]}},{"type":"Feature","id":"gebouw/Gebouw.9841642/0","properties":{"source":"Digitaal Vlaanderen Gebouwenregister","source_id":"gebouw/Gebouw.9841642/0","kind":"building","height_m":9.32,"status":null},"geometry":{"type":"Polygon","coordinates":[[[3.9795802,50.97977287],[3.97980982,50.9797475],[3.97983097,50.97982261],[3.97972181,50.97983486],[3.97972426,50.97984354],[3.97960387,50.97985703],[3.9795802,50.97977287]]]}},{"type":"Feature","id":"gebouw/Gebouw.9841695/0","properties":{"source":"Digitaal Vlaanderen Gebouwenregister","source_id":"gebouw/Gebouw.9841695/0","kind":"building","height_m":7.16,"status":null},"geometry":{"type":"Polygon","coordinates":[[[3.97691212,50.98060092],[3.97686172,50.9805996],[3.97686313,50.9805601],[3.97686915,50.98046296],[3.97692166,50.98046375],[3.97697473,50.9804649],[3.97696847,50.98055998],[3.97698092,50.9805605],[3.9769774,50.98060091],[3.97691228,50.98059867],[3.97691212,50.98060092]]]}},{"type":"Feature","id":"gebouw/Gebouw.9841768/0","properties":{"source":"Digitaal Vlaanderen Gebouwenregister","source_id":"gebouw/Gebouw.9841768/0","kind":"building","height_m":9.32,"status":null},"geometry":{"type":"Polygon","coordinates":[[[3.98005588,50.97987942],[3.97997232,50.97988687],[3.97994616,50.9798892],[3.97992893,50.97981216],[3.97996385,50.97980905],[3.97995131,50.97975301],[3.98002632,50.97974632],[3.98004599,50.97983491],[3.98005588,50.97987942]]]}},{"type":"Feature","id":"gebouw/Gebouw.9841769/0","properties":{"source":"Digitaal Vlaanderen Gebouwenregister","source_id":"gebouw/Gebouw.9841769/0","kind":"building","height_m":5.0,"status":null},"geometry":{"type":"Polygon","coordinates":[[[3.98000682,50.98039988],[3.98000799,50.98040476],[3.98004194,50.98054631],[3.98010029,50.9807896],[3.97996312,50.98080322],[3.97982595,50.98081684],[3.97981145,50.98075707],[3.97976789,50.98057752],[3.97973136,50.98042693],[3.97974505,50.98042559],[3.97969842,50.98020704],[3.97981759,50.98019646],[3.97987244,50.98019159],[3.97989164,50.98027852],[3.97997583,50.98027067],[3.98000682,50.98039988]]]}},{"type":"Feature","id":"gebouw/Gebouw.9841772/0","properties":{"source":"Digitaal Vlaanderen Gebouwenregister","source_id":"gebouw/Gebouw.9841772/0","kind":"building","height_m":7.16,"status":null},"geometry":{"type":"Polygon","coordinates":[[[3.97813258,50.98067129],[3.97820887,50.98067009],[3.97821107,50.98070739],[3.97820603,50.98070752],[3.97820684,50.98072064],[3.97813501,50.9807217],[3.97813258,50.98067129]]]}},{"type":"Feature","id":"gebouw/Gebouw.17891312/0","properties":{"source":"Digitaal Vlaanderen Gebouwenregister","source_id":"gebouw/Gebouw.17891312/0","kind":"building","height_m":8.6,"status":null},"geometry":{"type":"Polygon","coordinates":[[[3.97520342,50.97770659],[3.97519793,50.97773408],[3.97512432,50.97772822],[3.97512715,50.97769007],[3.97511265,50.9776895],[3.97511507,50.97763823],[3.9750906,50.97763741],[3.97510083,50.97756417],[3.9751009,50.97756371],[3.97510093,50.97756356],[3.97522589,50.97757069],[3.97522202,50.97759989],[3.97521874,50.97762468],[3.97521039,50.97766933],[3.97520342,50.97770659]]]}},{"type":"Feature","id":"gebouw/Gebouw.17924963/0","properties":{"source":"Digitaal Vlaanderen Gebouwenregister","source_id":"gebouw/Gebouw.17924963/0","kind":"building","height_m":5.0,"status":null},"geometry":{"type":"Polygon","coordinates":[[[3.97538707,50.97761193],[3.97534058,50.97783364],[3.97527974,50.97782939],[3.97528918,50.97777911],[3.97524862,50.97777621],[3.97528559,50.97760324],[3.97538707,50.97761193]]]}},{"type":"Feature","id":"gebouw/Gebouw.17952782/0","properties":{"source":"Digitaal Vlaanderen Gebouwenregister","source_id":"gebouw/Gebouw.17952782/0","kind":"building","height_m":5.72,"status":null},"geometry":{"type":"Polygon","coordinates":[[[3.98119612,50.98012276],[3.98119552,50.9801185],[3.98118867,50.98006928],[3.98117743,50.97998848],[3.98117104,50.97998883],[3.98111784,50.97999173],[3.98111843,50.97999692],[3.98102936,50.98000178],[3.98103548,50.98004656],[3.9810412,50.98008838],[3.98106491,50.98008716],[3.9810714,50.98013176],[3.98119612,50.98012276]]]}},{"type":"Feature","id":"gebouw/Gebouw.17953111/0","properties":{"source":"Digitaal Vlaanderen Gebouwenregister","source_id":"gebouw/Gebouw.17953111/0","kind":"building","height_m":5.72,"status":null},"geometry":{"type":"Polygon","coordinates":[[[3.97330645,50.97666814],[3.97330899,50.97662322],[3.9735945,50.97662965],[3.97357852,50.97690641],[3.97329611,50.97690102],[3.97330645,50.97666814]]]}},{"type":"Feature","id":"gebouw/Gebouw.18362345/0","properties":{"source":"Digitaal Vlaanderen Gebouwenregister","source_id":"gebouw/Gebouw.18362345/0","kind":"building","height_m":5.72,"status":null},"geometry":{"type":"Polygon","coordinates":[[[3.98100118,50.97960892],[3.98103977,50.97966379],[3.98099196,50.9796761],[3.98095429,50.9796228],[3.98100118,50.97960892]]]}},{"type":"Feature","id":"gebouw/Gebouw.18362346/0","properties":{"source":"Digitaal Vlaanderen Gebouwenregister","source_id":"gebouw/Gebouw.18362346/0","kind":"building","height_m":6.44,"status":null},"geometry":{"type":"Polygon","coordinates":[[[3.97928776,50.9794107],[3.97928721,50.97945681],[3.97920069,50.97945718],[3.97920104,50.97941048],[3.97928776,50.9794107]]]}},{"type":"Feature","id":"gebouw/Gebouw.18362347/0","properties":{"source":"Digitaal Vlaanderen Gebouwenregister","source_id":"gebouw/Gebouw.18362347/0","kind":"building","height_m":7.16,"status":null},"geometry":{"type":"Polygon","coordinates":[[[3.97607779,50.97972319],[3.97618972,50.97974407],[3.97624891,50.97961191],[3.97613925,50.97959262],[3.97607779,50.97972319]]]}},{"type":"Feature","id":"gebouw/Gebouw.18362558/0","properties":{"source":"Digitaal Vlaanderen Gebouwenregister","source_id":"gebouw/Gebouw.18362558/0","kind":"building","height_m":7.88,"status":null},"geometry":{"type":"Polygon","coordinates":[[[3.97804996,50.98056094],[3.97804816,50.98059513],[3.97800507,50.98059437],[3.97800582,50.98056051],[3.97804996,50.98056094]]]}},{"type":"Feature","id":"gebouw/Gebouw.18362559/0","properties":{"source":"Digitaal Vlaanderen Gebouwenregister","source_id":"gebouw/Gebouw.18362559/0","kind":"building","height_m":8.6,"status":null},"geometry":{"type":"Polygon","coordinates":[[[3.9823373,50.97989619],[3.98236488,50.98000203],[3.9823092,50.98000665],[3.98228344,50.97990048],[3.9823373,50.97989619]]]}},{"type":"Feature","id":"gebouw/Gebouw.18362766/0","properties":{"source":"Digitaal Vlaanderen Gebouwenregister","source_id":"gebouw/Gebouw.18362766/0","kind":"building","height_m":6.44,"status":null},"geometry":{"type":"Polygon","coordinates":[[[3.97429334,50.97620901],[3.97424557,50.97623451],[3.97421857,50.97621183],[3.97426478,50.97618625],[3.97429334,50.97620901]]]}},{"type":"Feature","id":"gebouw/Gebouw.18415524/0","properties":{"source":"Digitaal Vlaanderen Gebouwenregister","source_id":"gebouw/Gebouw.18415524/0","kind":"building","height_m":5.72,"status":null},"geometry":{"type":"Polygon","coordinates":[[[3.97472976,50.98115473],[3.97473016,50.9812047],[3.97468327,50.98120353],[3.97468392,50.98115356],[3.97472976,50.98115473]]]}},{"type":"Feature","id":"gebouw/Gebouw.18451139/0","properties":{"source":"Digitaal Vlaanderen Gebouwenregister","source_id":"gebouw/Gebouw.18451139/0","kind":"building","height_m":5.0,"status":null},"geometry":{"type":"Polygon","coordinates":[[[3.97538245,50.98033428],[3.9753762,50.98041592],[3.97532578,50.9804154],[3.97532867,50.98033272],[3.97538245,50.98033428]]]}},{"type":"Feature","id":"gebouw/Gebouw.18452473/0","properties":{"source":"Digitaal Vlaanderen Gebouwenregister","source_id":"gebouw/Gebouw.18452473/0","kind":"building","height_m":7.88,"status":null},"geometry":{"type":"Polygon","coordinates":[[[3.97571646,50.97958027],[3.9757008,50.97961323],[3.97564739,50.97960416],[3.97566249,50.97957075],[3.97571646,50.97958027]]]}},{"type":"Feature","id":"gebouw/Gebouw.18456337/0","properties":{"source":"Digitaal Vlaanderen Gebouwenregister","source_id":"gebouw/Gebouw.18456337/0","kind":"building","height_m":7.88,"status":null},"geometry":{"type":"Polygon","coordinates":[[[3.98207963,50.98030682],[3.98205516,50.9803088],[3.98205625,50.98031613],[3.98197292,50.9803197],[3.98196747,50.98031993],[3.98196274,50.98027539],[3.98196052,50.9802545],[3.98200901,50.98025173],[3.98204425,50.98024971],[3.98204468,50.98025304],[3.98204759,50.98027602],[3.98207559,50.98027401],[3.98207963,50.98030682]]]}},{"type":"Feature","id":"gebouw/Gebouw.18505505/0","properties":{"source":"Digitaal Vlaanderen Gebouwenregister","source_id":"gebouw/Gebouw.18505505/0","kind":"building","height_m":7.88,"status":null},"geometry":{"type":"Polygon","coordinates":[[[3.9740217,50.97689134],[3.9740349,50.9768917],[3.97410604,50.97689366],[3.97412839,50.97689428],[3.97423662,50.97689726],[3.97422998,50.97697624],[3.97422966,50.97698011],[3.97424073,50.97698053],[3.97424952,50.97698086],[3.97429366,50.97698253],[3.97429003,50.977014],[3.97424748,50.97701164],[3.97423955,50.97701121],[3.97409778,50.97700334],[3.97409805,50.97699889],[3.97409982,50.97696942],[3.97409997,50.97696693],[3.974016,50.97696498],[3.97401439,50.97696494],[3.97402022,50.9768913],[3.9740217,50.97689134]]]}},{"type":"Feature","id":"gebouw/Gebouw.18616231/0","properties":{"source":"Digitaal Vlaanderen Gebouwenregister","source_id":"gebouw/Gebouw.18616231/0","kind":"building","height_m":7.88,"status":null},"geometry":{"type":"Polygon","coordinates":[[[3.97580695,50.98017873],[3.97577052,50.98017868],[3.97576993,50.98014225],[3.97580708,50.98014143],[3.97580695,50.98017873]]]}},{"type":"Feature","id":"gebouw/Gebouw.18616233/0","properties":{"source":"Digitaal Vlaanderen Gebouwenregister","source_id":"gebouw/Gebouw.18616233/0","kind":"building","height_m":9.32,"status":null},"geometry":{"type":"Polygon","coordinates":[[[3.97443585,50.97710228],[3.97443754,50.97707184],[3.97450693,50.97707137],[3.97450624,50.97710447],[3.97443585,50.97710228]]]}},{"type":"Feature","id":"gebouw/Gebouw.18616239/0","properties":{"source":"Digitaal Vlaanderen Gebouwenregister","source_id":"gebouw/Gebouw.18616239/0","kind":"building","height_m":8.6,"status":null},"geometry":{"type":"Polygon","coordinates":[[[3.97355726,50.97892402],[3.97353272,50.97900906],[3.97337498,50.97899047],[3.97328542,50.97897764],[3.97329821,50.97894207],[3.97339465,50.97895604],[3.97340678,50.97890673],[3.97355726,50.97892402]]]}},{"type":"Feature","id":"gebouw/Gebouw.18616436/0","properties":{"source":"Digitaal Vlaanderen Gebouwenregister","source_id":"gebouw/Gebouw.18616436/0","kind":"building","height_m":9.32,"status":null},"geometry":{"type":"Polygon","coordinates":[[[3.97450338,50.97723543],[3.97447644,50.9772354],[3.97441175,50.97723532],[3.97441729,50.9771017],[3.97443585,50.97710228],[3.97450624,50.97710447],[3.97450977,50.97710458],[3.97450338,50.97723543]]]}},{"type":"Feature","id":"gebouw/Gebouw.18685554/0","properties":{"source":"Digitaal Vlaanderen Gebouwenregister","source_id":"gebouw/Gebouw.18685554/0","kind":"building","height_m":9.32,"status":null},"geometry":{"type":"Polygon","coordinates":[[[3.97730073,50.98029455],[3.97736754,50.98029651],[3.97735563,50.98045785],[3.97728308,50.98045571],[3.97728433,50.98043875],[3.97720976,50.98043656],[3.97721633,50.98034761],[3.97722999,50.98034799],[3.97723226,50.98031547],[3.9772331,50.98030354],[3.97729992,50.98030539],[3.97730073,50.98029455]]]}},{"type":"Feature","id":"gebouw/Gebouw.18734604/0","properties":{"source":"Digitaal Vlaanderen Gebouwenregister","source_id":"gebouw/Gebouw.18734604/0","kind":"building","height_m":5.0,"status":null},"geometry":{"type":"Polygon","coordinates":[[[3.9771871,50.98031561],[3.9771412,50.98031449],[3.97715005,50.98013967],[3.97715469,50.98013967],[3.97723177,50.98014181],[3.97722478,50.98025554],[3.97719084,50.98025471],[3.9771871,50.98031561]]]}},{"type":"Feature","id":"gebouw/Gebouw.18734605/0","properties":{"source":"Digitaal Vlaanderen Gebouwenregister","source_id":"gebouw/Gebouw.18734605/0","kind":"building","height_m":5.72,"status":null},"geometry":{"type":"Polygon","coordinates":[[[3.97632452,50.98044532],[3.97627314,50.980446],[3.97627126,50.98038998],[3.97632264,50.98038931],[3.97632452,50.98044532]]]}},{"type":"Feature","id":"gebouw/Gebouw.18734606/0","properties":{"source":"Digitaal Vlaanderen Gebouwenregister","source_id":"gebouw/Gebouw.18734606/0","kind":"building","height_m":6.44,"status":null},"geometry":{"type":"Polygon","coordinates":[[[3.9763503,50.97887712],[3.976382,50.97887814],[3.97637625,50.97893607],[3.97637519,50.97894678],[3.97634474,50.9789458],[3.9763503,50.97887712]]]}},{"type":"Feature","id":"gebouw/Gebouw.18734607/0","properties":{"source":"Digitaal Vlaanderen Gebouwenregister","source_id":"gebouw/Gebouw.18734607/0","kind":"building","height_m":7.16,"status":null},"geometry":{"type":"Polygon","coordinates":[[[3.97621593,50.97894126],[3.97632116,50.97895193],[3.97631291,50.97898435],[3.97620768,50.97897368],[3.97621593,50.97894126]]]}},{"type":"Feature","id":"gebouw/Gebouw.18734608/0","properties":{"source":"Digitaal Vlaanderen Gebouwenregister","source_id":"gebouw/Gebouw.18734608/0","kind":"building","height_m":7.88,"status":null},"geometry":{"type":"Polygon","coordinates":[[[3.97596209,50.97896025],[3.97595503,50.97898858],[3.97587124,50.97897856],[3.97587894,50.97895293],[3.97589271,50.97890704],[3.97599654,50.97891735],[3.9759855,50.97896168],[3.9759623,50.97895938],[3.97596209,50.97896025]]]}},{"type":"Feature","id":"gebouw/Gebouw.18735294/0","properties":{"source":"Digitaal Vlaanderen Gebouwenregister","source_id":"gebouw/Gebouw.18735294/0","kind":"building","height_m":7.88,"status":null},"geometry":{"type":"Polygon","coordinates":[[[3.98281271,50.97977285],[3.98280141,50.97987492],[3.98279804,50.97990533],[3.98266649,50.97989953],[3.98266986,50.97986907],[3.98268115,50.97976704],[3.98281271,50.97977285]]]}},{"type":"Feature","id":"gebouw/Gebouw.19296758/0","properties":{"source":"Digitaal Vlaanderen Gebouwenregister","source_id":"gebouw/Gebouw.19296758/0","kind":"building","height_m":8.6,"status":null},"geometry":{"type":"Polygon","coordinates":[[[3.97436611,50.98136841],[3.97437444,50.98124174],[3.97466125,50.98124925],[3.97465293,50.98137592],[3.97436611,50.98136841]]]}},{"type":"Feature","id":"gebouw/Gebouw.19296763/0","properties":{"source":"Digitaal Vlaanderen Gebouwenregister","source_id":"gebouw/Gebouw.19296763/0","kind":"building","height_m":7.16,"status":null},"geometry":{"type":"Polygon","coordinates":[[[3.97399897,50.98122575],[3.9739938,50.98122613],[3.97399046,50.98122637],[3.97400034,50.98130965],[3.97415911,50.98131457],[3.97415939,50.98124107],[3.97424709,50.98124685],[3.97424679,50.98123559],[3.97414807,50.98123167],[3.97399897,50.98122575]]]}},{"type":"Feature","id":"gebouw/Gebouw.19522942/0","properties":{"source":"Digitaal Vlaanderen Gebouwenregister","source_id":"gebouw/Gebouw.19522942/0","kind":"building","height_m":8.6,"status":null},"geometry":{"type":"Polygon","coordinates":[[[3.98237564,50.97928447],[3.98232952,50.97930012],[3.98227899,50.97924036],[3.98228199,50.97923927],[3.98225346,50.97920917],[3.98229754,50.979193],[3.98231679,50.97921513],[3.98237564,50.97928447]]]}},{"type":"Feature","id":"gebouw/Gebouw.19522943/0","properties":{"source":"Digitaal Vlaanderen Gebouwenregister","source_id":"gebouw/Gebouw.19522943/0","kind":"building","height_m":9.32,"status":null},"geometry":{"type":"Polygon","coordinates":[[[3.98231679,50.97921513],[3.98235128,50.97920222],[3.98236623,50.97921887],[3.98237042,50.97921779],[3.9824155,50.97927093],[3.98237564,50.97928447],[3.98231679,50.97921513]]]}},{"type":"Feature","id":"gebouw/Gebouw.19522950/0","properties":{"source":"Digitaal Vlaanderen Gebouwenregister","source_id":"gebouw/Gebouw.19522950/0","kind":"building","height_m":9.32,"status":null},"geometry":{"type":"Polygon","coordinates":[[[3.97413162,50.97943281],[3.97412673,50.97946113],[3.97400997,50.97945309],[3.97401412,50.979412],[3.97413162,50.97943281]]]}},{"type":"Feature","id":"gebouw/Gebouw.19522951/0","properties":{"source":"Digitaal Vlaanderen Gebouwenregister","source_id":"gebouw/Gebouw.19522951/0","kind":"building","height_m":5.0,"status":null},"geometry":{"type":"Polygon","coordinates":[[[3.97401412,50.979412],[3.97400997,50.97945309],[3.97398837,50.9794516],[3.97396677,50.97944967],[3.97397279,50.97940918],[3.97401412,50.979412]]]}},{"type":"Feature","id":"gebouw/Gebouw.19522952/0","properties":{"source":"Digitaal Vlaanderen Gebouwenregister","source_id":"gebouw/Gebouw.19522952/0","kind":"building","height_m":5.72,"status":null},"geometry":{"type":"Polygon","coordinates":[[[3.97401233,50.98035848],[3.97403467,50.98035895],[3.97403292,50.98037858],[3.97401084,50.98037768],[3.97398876,50.98037677],[3.97399137,50.98035804],[3.97401233,50.98035848]]]}},{"type":"Feature","id":"gebouw/Gebouw.19522953/0","properties":{"source":"Digitaal Vlaanderen Gebouwenregister","source_id":"gebouw/Gebouw.19522953/0","kind":"building","height_m":6.44,"status":null},"geometry":{"type":"Polygon","coordinates":[[[3.98007242,50.98049733],[3.98003121,50.98050159],[3.98004194,50.98054631],[3.97990401,50.98056055],[3.9797672,50.98057467],[3.97976692,50.98057352],[3.97975957,50.98054321],[3.97975453,50.98052243],[3.97973136,50.98042693],[3.97974505,50.98042559],[3.97969842,50.98020704],[3.97981759,50.98019646],[3.97987244,50.98019159],[3.97989164,50.98027852],[3.97997583,50.98027067],[3.98000682,50.98039988],[3.98000799,50.98040476],[3.98000852,50.98040698],[3.98004973,50.98040272],[3.98007242,50.98049733]]]}},{"type":"Feature","id":"gebouw/Gebouw.19522954/0","properties":{"source":"Digitaal Vlaanderen Gebouwenregister","source_id":"gebouw/Gebouw.19522954/0","kind":"building","height_m":7.16,"status":null},"geometry":{"type":"Polygon","coordinates":[[[3.98004194,50.98054631],[3.98004384,50.98055424],[3.98010029,50.9807896],[3.97996312,50.98080322],[3.97990401,50.98056055],[3.98004194,50.98054631]]]}},{"type":"Feature","id":"gebouw/Gebouw.19522955/0","properties":{"source":"Digitaal Vlaanderen Gebouwenregister","source_id":"gebouw/Gebouw.19522955/0","kind":"building","height_m":7.88,"status":null},"geometry":{"type":"Polygon","coordinates":[[[3.97996312,50.98080322],[3.97982595,50.98081684],[3.97981145,50.98075707],[3.97976789,50.98057752],[3.9797672,50.98057467],[3.97990401,50.98056055],[3.97996312,50.98080322]]]}},{"type":"Feature","id":"gebouw/Gebouw.19522956/0","properties":{"source":"Digitaal Vlaanderen Gebouwenregister","source_id":"gebouw/Gebouw.19522956/0","kind":"building","height_m":8.6,"status":null},"geometry":{"type":"Polygon","coordinates":[[[3.97953394,50.98084549],[3.97960622,50.9808384],[3.97982595,50.98081684],[3.97981145,50.98075707],[3.97976789,50.98057752],[3.9797672,50.98057467],[3.97976692,50.98057352],[3.97975957,50.98054321],[3.97975453,50.98052243],[3.97950322,50.98054823],[3.9794329,50.98055545],[3.97943481,50.98056334],[3.97944309,50.98059755],[3.97950382,50.98084844],[3.97953394,50.98084549]]]}},{"type":"Feature","id":"gebouw/Gebouw.19523901/0","properties":{"source":"Digitaal Vlaanderen Gebouwenregister","source_id":"gebouw/Gebouw.19523901/0","kind":"building","height_m":8.6,"status":null},"geometry":{"type":"Polygon","coordinates":[[[3.97501829,50.97770179],[3.97507675,50.97770454],[3.9750715,50.97774902],[3.97507945,50.97774973],[3.97507263,50.9777934],[3.97500659,50.97778941],[3.97500678,50.97777741],[3.97501548,50.97774267],[3.97501829,50.97770179]]]}},{"type":"Feature","id":"gebouw/Gebouw.19524010/0","properties":{"source":"Digitaal Vlaanderen Gebouwenregister","source_id":"gebouw/Gebouw.19524010/0","kind":"building","height_m":6.44,"status":null},"geometry":{"type":"Polygon","coordinates":[[[3.98306739,50.97966681],[3.98317042,50.97967472],[3.98315369,50.97977324],[3.98305179,50.97976759],[3.98306104,50.9797027],[3.98306739,50.97966681]]]}},{"type":"Feature","id":"gebouw/Gebouw.19524011/0","properties":{"source":"Digitaal Vlaanderen Gebouwenregister","source_id":"gebouw/Gebouw.19524011/0","kind":"building","height_m":7.16,"status":null},"geometry":{"type":"Polygon","coordinates":[[[3.98306104,50.9797027],[3.9830033,50.9796985],[3.98301421,50.97964842],[3.98297506,50.97964798],[3.98297515,50.97962363],[3.98307352,50.97962848],[3.98306739,50.97966681],[3.98306104,50.9797027]]]}},{"type":"Feature","id":"gebouw/Gebouw.19524012/0","properties":{"source":"Digitaal Vlaanderen Gebouwenregister","source_id":"gebouw/Gebouw.19524012/0","kind":"building","height_m":7.88,"status":null},"geometry":{"type":"Polygon","coordinates":[[[3.98317964,50.979553],[3.98317699,50.97962827],[3.98311522,50.9796274],[3.98311787,50.97955214],[3.98317964,50.979553]]]}},{"type":"Feature","id":"gebouw/Gebouw.19524089/0","properties":{"source":"Digitaal Vlaanderen Gebouwenregister","source_id":"gebouw/Gebouw.19524089/0","kind":"building","height_m":7.88,"status":null},"geometry":{"type":"Polygon","coordinates":[[[3.97438419,50.97850606],[3.97438124,50.97853227],[3.97423382,50.97851972],[3.97423871,50.9784939],[3.97430416,50.978499],[3.97432162,50.97850051],[3.97438419,50.97850606]]]}},{"type":"Feature","id":"gebouw/Gebouw.19524090/0","properties":{"source":"Digitaal Vlaanderen Gebouwenregister","source_id":"gebouw/Gebouw.19524090/0","kind":"building","height_m":8.6,"status":null},"geometry":{"type":"Polygon","coordinates":[[[3.97411597,50.97851929],[3.97411255,50.97853841],[3.97415458,50.97854225],[3.97414206,50.97859658],[3.97387291,50.9785772],[3.97388976,50.97849058],[3.97403303,50.97849705],[3.97403713,50.97847799],[3.97416324,50.97848803],[3.97415969,50.97851353],[3.9741175,50.97851074],[3.97411597,50.97851929]]]}},{"type":"Feature","id":"gebouw/Gebouw.19524525/0","properties":{"source":"Digitaal Vlaanderen Gebouwenregister","source_id":"gebouw/Gebouw.19524525/0","kind":"building","height_m":9.32,"status":null},"geometry":{"type":"Polygon","coordinates":[[[3.9747404,50.97774423],[3.97473829,50.97776612],[3.97466178,50.97776488],[3.97466358,50.97774355],[3.97466002,50.97774351],[3.97466404,50.97765421],[3.97464536,50.97765381],[3.97464563,50.97766505],[3.9745904,50.97766668],[3.97458712,50.97762213],[3.97454859,50.97762326],[3.97454813,50.9776147],[3.97454558,50.9775665],[3.97458617,50.97756516],[3.97458611,50.97756363],[3.97471564,50.97756202],[3.97471851,50.97765389],[3.97473993,50.97765404],[3.9747404,50.97774423]]]}},{"type":"Feature","id":"gebouw/Gebouw.19524526/0","properties":{"source":"Digitaal Vlaanderen Gebouwenregister","source_id":"gebouw/Gebouw.19524526/0","kind":"building","height_m":5.0,"status":null},"geometry":{"type":"Polygon","coordinates":[[[3.97454859,50.97762326],[3.97458712,50.97762213],[3.9745904,50.97766668],[3.97459066,50.97768897],[3.97455214,50.97769013],[3.97454859,50.97762326]]]}},{"type":"Feature","id":"gebouw/Gebouw.19524721/0","properties":{"source":"Digitaal Vlaanderen Gebouwenregister","source_id":"gebouw/Gebouw.19524721/0","kind":"building","height_m":9.32,"status":null},"geometry":{"type":"Polygon","coordinates":[[[3.97840781,50.97991225],[3.97840867,50.97989021],[3.97835373,50.97988936],[3.97835242,50.97997657],[3.97848805,50.97997754],[3.97848919,50.9799133],[3.97840781,50.97991225]]]}},{"type":"Feature","id":"gebouw/Gebouw.19524722/0","properties":{"source":"Digitaal Vlaanderen Gebouwenregister","source_id":"gebouw/Gebouw.19524722/0","kind":"building","height_m":5.0,"status":null},"geometry":{"type":"Polygon","coordinates":[[[3.97835661,50.97969907],[3.97840155,50.97969932],[3.97840147,50.97970535],[3.97842159,50.97970546],[3.97842167,50.97969981],[3.97844128,50.97969992],[3.97844022,50.97977567],[3.97841988,50.97977556],[3.97841975,50.97978487],[3.97835529,50.97978451],[3.97835585,50.97974715],[3.97835626,50.97972086],[3.97835661,50.97969907]]]}},{"type":"Feature","id":"gebouw/Gebouw.19524751/0","properties":{"source":"Digitaal Vlaanderen Gebouwenregister","source_id":"gebouw/Gebouw.19524751/0","kind":"building","height_m":5.72,"status":null},"geometry":{"type":"Polygon","coordinates":[[[3.97866317,50.98088875],[3.97865354,50.98088185],[3.97868355,50.98086518],[3.97873635,50.98090306],[3.97870355,50.98091899],[3.97869887,50.98091669],[3.97868467,50.9809257],[3.97864683,50.9808998],[3.97866317,50.98088875]]]}},{"type":"Feature","id":"gebouw/Gebouw.19524752/0","properties":{"source":"Digitaal Vlaanderen Gebouwenregister","source_id":"gebouw/Gebouw.19524752/0","kind":"building","height_m":6.44,"status":null},"geometry":{"type":"Polygon","coordinates":[[[3.97864525,50.98086098],[3.97863821,50.98079901],[3.97868389,50.98079695],[3.97869092,50.98085891],[3.97864525,50.98086098]]]}},{"type":"Feature","id":"gebouw/Gebouw.19525836/0","properties":{"source":"Digitaal Vlaanderen Gebouwenregister","source_id":"gebouw/Gebouw.19525836/0","kind":"building","height_m":5.72,"status":null},"geometry":{"type":"Polygon","coordinates":[[[3.97568677,50.97767107],[3.97565485,50.97782652],[3.97560749,50.97782261],[3.97561798,50.97777721],[3.97556703,50.97777401],[3.97555802,50.97781961],[3.97550372,50.97781489],[3.97550722,50.97779335],[3.97551389,50.9777524],[3.97557281,50.97775872],[3.97559405,50.97766325],[3.97568677,50.97767107]]]}},{"type":"Feature","id":"gebouw/Gebouw.19525837/0","properties":{"source":"Digitaal Vlaanderen Gebouwenregister","source_id":"gebouw/Gebouw.19525837/0","kind":"building","height_m":6.44,"status":null},"geometry":{"type":"Polygon","coordinates":[[[3.97551389,50.9777524],[3.97550722,50.97779335],[3.97546608,50.97779055],[3.97547307,50.97774962],[3.97551389,50.9777524]]]}},{"type":"Feature","id":"gebouw/Gebouw.19526243/0","properties":{"source":"Digitaal Vlaanderen Gebouwenregister","source_id":"gebouw/Gebouw.19526243/0","kind":"building","height_m":6.44,"status":null},"geometry":{"type":"Polygon","coordinates":[[[3.97419605,50.97804375],[3.97419244,50.97808716],[3.97410646,50.97808506],[3.97410409,50.97809534],[3.97420209,50.97810263],[3.97419231,50.9781333],[3.97405468,50.97812016],[3.97392342,50.97811144],[3.97392368,50.97810992],[3.97390216,50.97810849],[3.97391451,50.97803428],[3.97394553,50.97803635],[3.97419605,50.97804375]]]}},{"type":"Feature","id":"gebouw/Gebouw.19526244/0","properties":{"source":"Digitaal Vlaanderen Gebouwenregister","source_id":"gebouw/Gebouw.19526244/0","kind":"building","height_m":7.16,"status":null},"geometry":{"type":"Polygon","coordinates":[[[3.97419231,50.9781333],[3.97417864,50.97817616],[3.97404168,50.97816168],[3.97405468,50.97812016],[3.97419231,50.9781333]]]}},{"type":"Feature","id":"gebouw/Gebouw.19526245/0","properties":{"source":"Digitaal Vlaanderen Gebouwenregister","source_id":"gebouw/Gebouw.19526245/0","kind":"building","height_m":7.88,"status":null},"geometry":{"type":"Polygon","coordinates":[[[3.98124754,50.97953426],[3.98128894,50.97952178],[3.98130554,50.97954332],[3.98136151,50.97961007],[3.9813126,50.97962592],[3.98126333,50.97955651],[3.98124754,50.97953426]]]}},{"type":"Feature","id":"gebouw/Gebouw.19526246/0","properties":{"source":"Digitaal Vlaanderen Gebouwenregister","source_id":"gebouw/Gebouw.19526246/0","kind":"building","height_m":8.6,"status":null},"geometry":{"type":"Polygon","coordinates":[[[3.98127999,50.97963649],[3.9813126,50.97962592],[3.98126333,50.97955651],[3.98122381,50.97956918],[3.98123503,50.97958148],[3.9812027,50.9795916],[3.98122791,50.97962336],[3.98125965,50.97961322],[3.9812755,50.97963272],[3.98127886,50.97963685],[3.98127999,50.97963649]]]}},{"type":"Feature","id":"gebouw/Gebouw.19526498/0","properties":{"source":"Digitaal Vlaanderen Gebouwenregister","source_id":"gebouw/Gebouw.19526498/0","kind":"building","height_m":8.6,"status":null},"geometry":{"type":"Polygon","coordinates":[[[3.97402779,50.97819437],[3.97429591,50.97823611],[3.97429494,50.97823891],[3.97434254,50.97824488],[3.97432666,50.97829209],[3.97400549,50.97824801],[3.97400858,50.9782396],[3.97402779,50.97819437]]]}},{"type":"Feature","id":"gebouw/Gebouw.19526499/0","properties":{"source":"Digitaal Vlaanderen Gebouwenregister","source_id":"gebouw/Gebouw.19526499/0","kind":"building","height_m":9.32,"status":null},"geometry":{"type":"Polygon","coordinates":[[[3.97402779,50.97819437],[3.97400858,50.9782396],[3.97394298,50.97822999],[3.97396132,50.97817994],[3.97402969,50.97818989],[3.97402779,50.97819437]]]}},{"type":"Feature","id":"gebouw/Gebouw.19526537/0","properties":{"source":"Digitaal Vlaanderen Gebouwenregister","source_id":"gebouw/Gebouw.19526537/0","kind":"building","height_m":6.44,"status":null},"geometry":{"type":"Polygon","coordinates":[[[3.97766073,50.98044381],[3.97765532,50.98054059],[3.97758384,50.98053959],[3.97758747,50.98046378],[3.97761032,50.98046385],[3.97761231,50.9804457],[3.97760845,50.98044584],[3.97761118,50.98037058],[3.97766252,50.98037022],[3.97766246,50.98037284],[3.97766073,50.98044381]]]}},{"type":"Feature","id":"gebouw/Gebouw.19526538/0","properties":{"source":"Digitaal Vlaanderen Gebouwenregister","source_id":"gebouw/Gebouw.19526538/0","kind":"building","height_m":7.16,"status":null},"geometry":{"type":"Polygon","coordinates":[[[3.97766246,50.98037284],[3.97770544,50.98037389],[3.97770314,50.98044448],[3.97766073,50.98044381],[3.97766246,50.98037284]]]}},{"type":"Feature","id":"gebouw/Gebouw.19527131/0","properties":{"source":"Digitaal Vlaanderen Gebouwenregister","source_id":"gebouw/Gebouw.19527131/0","kind":"building","height_m":5.72,"status":null},"geometry":{"type":"Polygon","coordinates":[[[3.98094793,50.97977501],[3.9808404,50.97980489],[3.98079036,50.97973503],[3.98077111,50.97970742],[3.98074708,50.97967297],[3.98085493,50.9796422],[3.98086028,50.97964985],[3.98087941,50.97967717],[3.98094793,50.97977501]]]}},{"type":"Feature","id":"gebouw/Gebouw.19527132/0","properties":{"source":"Digitaal Vlaanderen Gebouwenregister","source_id":"gebouw/Gebouw.19527132/0","kind":"building","height_m":6.44,"status":null},"geometry":{"type":"Polygon","coordinates":[[[3.98103502,50.97975082],[3.98094793,50.97977501],[3.98087941,50.97967717],[3.98086028,50.97964985],[3.98094671,50.97962571],[3.98096649,50.97965373],[3.98103502,50.97975082]]]}},{"type":"Feature","id":"gebouw/Gebouw.19527138/0","properties":{"source":"Digitaal Vlaanderen Gebouwenregister","source_id":"gebouw/Gebouw.19527138/0","kind":"building","height_m":5.72,"status":null},"geometry":{"type":"Polygon","coordinates":[[[3.97412814,50.97887704],[3.97404051,50.97887043],[3.97403156,50.97890547],[3.97380934,50.97888511],[3.97382617,50.97881195],[3.97395746,50.97882364],[3.97395935,50.97882381],[3.97403363,50.97883046],[3.97404235,50.97879534],[3.9741039,50.97880091],[3.9741447,50.97880446],[3.97412814,50.97887704]]]}},{"type":"Feature","id":"gebouw/Gebouw.19527139/0","properties":{"source":"Digitaal Vlaanderen Gebouwenregister","source_id":"gebouw/Gebouw.19527139/0","kind":"building","height_m":6.44,"status":null},"geometry":{"type":"Polygon","coordinates":[[[3.97419088,50.97891428],[3.97412102,50.97890824],[3.97412814,50.97887704],[3.9741447,50.97880446],[3.97430161,50.97881813],[3.97439772,50.97882654],[3.97438223,50.97889416],[3.97428558,50.97888594],[3.97419931,50.9788786],[3.97419088,50.97891428]]]}},{"type":"Feature","id":"gebouw/Gebouw.19527363/0","properties":{"source":"Digitaal Vlaanderen Gebouwenregister","source_id":"gebouw/Gebouw.19527363/0","kind":"building","height_m":6.44,"status":null},"geometry":{"type":"Polygon","coordinates":[[[3.97367169,50.97850679],[3.97365858,50.97857108],[3.97365835,50.9785722],[3.9734357,50.97855643],[3.97344675,50.97851341],[3.97353786,50.97852181],[3.97354274,50.97849602],[3.97367169,50.97850679]]]}},{"type":"Feature","id":"gebouw/Gebouw.19527365/0","properties":{"source":"Digitaal Vlaanderen Gebouwenregister","source_id":"gebouw/Gebouw.19527365/0","kind":"building","height_m":7.88,"status":null},"geometry":{"type":"Polygon","coordinates":[[[3.97654824,50.97708006],[3.97661099,50.9769388],[3.97642909,50.97690864],[3.97627381,50.97725752],[3.97645468,50.97729068],[3.97654824,50.97708006]]]}},{"type":"Feature","id":"gebouw/Gebouw.19527366/0","properties":{"source":"Digitaal Vlaanderen Gebouwenregister","source_id":"gebouw/Gebouw.19527366/0","kind":"building","height_m":8.6,"status":null},"geometry":{"type":"Polygon","coordinates":[[[3.97673779,50.97715451],[3.97672834,50.9771529],[3.97673907,50.97713017],[3.97661917,50.97711046],[3.97662674,50.97709481],[3.97654824,50.97708006],[3.97645468,50.97729068],[3.97665928,50.97732819],[3.97673779,50.97715451]]]}},{"type":"Feature","id":"gebouw/Gebouw.19530292/0","properties":{"source":"Digitaal Vlaanderen Gebouwenregister","source_id":"gebouw/Gebouw.19530292/0","kind":"building","height_m":8.6,"status":null},"geometry":{"type":"Polygon","coordinates":[[[3.98056922,50.97989179],[3.9805166,50.97989772],[3.98051529,50.97989787],[3.98050067,50.9798643],[3.98053505,50.97985585],[3.9805191,50.97983245],[3.98055348,50.97982328],[3.98051506,50.97975465],[3.98055809,50.97974351],[3.98059781,50.97973323],[3.98060444,50.97973152],[3.98061339,50.97974656],[3.98067833,50.9798557],[3.98056505,50.97988527],[3.98056922,50.97989179]]]}},{"type":"Feature","id":"gebouw/Gebouw.19530293/0","properties":{"source":"Digitaal Vlaanderen Gebouwenregister","source_id":"gebouw/Gebouw.19530293/0","kind":"building","height_m":9.32,"status":null},"geometry":{"type":"Polygon","coordinates":[[[3.98060069,50.97972527],[3.98064621,50.97971269],[3.98066017,50.97973327],[3.98061339,50.97974656],[3.98060444,50.97973152],[3.98060069,50.97972527]]]}},{"type":"Feature","id":"gebouw/Gebouw.19530294/0","properties":{"source":"Digitaal Vlaanderen Gebouwenregister","source_id":"gebouw/Gebouw.19530294/0","kind":"building","height_m":5.0,"status":null},"geometry":{"type":"Polygon","coordinates":[[[3.98059781,50.97973323],[3.98055809,50.97974351],[3.98054731,50.97972656],[3.98058738,50.97971578],[3.98059781,50.97973323]]]}},{"type":"Feature","id":"gebouw/Gebouw.19530295/0","properties":{"source":"Digitaal Vlaanderen Gebouwenregister","source_id":"gebouw/Gebouw.19530295/0","kind":"building","height_m":5.72,"status":null},"geometry":{"type":"Polygon","coordinates":[[[3.97472048,50.97968909],[3.97475925,50.97969016],[3.9747559,50.97971429],[3.97471569,50.97971297],[3.97472048,50.97968909]]]}},{"type":"Feature","id":"gebouw/Gebouw.19530296/0","properties":{"source":"Digitaal Vlaanderen Gebouwenregister","source_id":"gebouw/Gebouw.19530296/0","kind":"building","height_m":6.44,"status":null},"geometry":{"type":"Polygon","coordinates":[[[3.97471569,50.97971297],[3.97471348,50.97972328],[3.97467506,50.97971999],[3.97468527,50.97967246],[3.97472317,50.97967571],[3.97472048,50.97968909],[3.97471569,50.97971297]]]}},{"type":"Feature","id":"gebouw/Gebouw.19530304/0","properties":{"source":"Digitaal Vlaanderen Gebouwenregister","source_id":"gebouw/Gebouw.19530304/0","kind":"building","height_m":7.16,"status":null},"geometry":{"type":"Polygon","coordinates":[[[3.97400997,50.97945309],[3.97400421,50.97951004],[3.97382651,50.97948835],[3.97361653,50.97946889],[3.97362595,50.97942423],[3.97374024,50.97943615],[3.97373776,50.97944783],[3.97394228,50.97946569],[3.97394252,50.97946776],[3.97398455,50.97947123],[3.97398837,50.9794516],[3.97400997,50.97945309]]]}},{"type":"Feature","id":"gebouw/Gebouw.19530305/0","properties":{"source":"Digitaal Vlaanderen Gebouwenregister","source_id":"gebouw/Gebouw.19530305/0","kind":"building","height_m":7.88,"status":null},"geometry":{"type":"Polygon","coordinates":[[[3.97412673,50.97946113],[3.97411706,50.97951712],[3.97400421,50.97951004],[3.97400997,50.97945309],[3.97412673,50.97946113]]]}},{"type":"Feature","id":"gebouw/Gebouw.19531646/0","properties":{"source":"Digitaal Vlaanderen Gebouwenregister","source_id":"gebouw/Gebouw.19531646/0","kind":"building","height_m":5.72,"status":null},"geometry":{"type":"Polygon","coordinates":[[[3.97845445,50.98094136],[3.97845259,50.9808216],[3.97840941,50.98082278],[3.97840847,50.98080657],[3.97844841,50.98080555],[3.97844522,50.98075522],[3.97840555,50.98075623],[3.97840513,50.98074891],[3.97830602,50.98074929],[3.97830563,50.98075247],[3.97831179,50.98092767],[3.97831211,50.98093676],[3.97834344,50.98093627],[3.97834315,50.98094676],[3.97845445,50.98094136]]]}},{"type":"Feature","id":"gebouw/Gebouw.19531647/0","properties":{"source":"Digitaal Vlaanderen Gebouwenregister","source_id":"gebouw/Gebouw.19531647/0","kind":"building","height_m":6.44,"status":null},"geometry":{"type":"Polygon","coordinates":[[[3.97830563,50.98075247],[3.97828071,50.98075257],[3.97827861,50.98072182],[3.97830504,50.98072119],[3.97830602,50.98074929],[3.97830563,50.98075247]]]}},{"type":"Feature","id":"gebouw/Gebouw.19532707/0","properties":{"source":"Digitaal Vlaanderen Gebouwenregister","source_id":"gebouw/Gebouw.19532707/0","kind":"building","height_m":8.6,"status":null},"geometry":{"type":"Polygon","coordinates":[[[3.97430451,50.97732902],[3.97430348,50.9773485],[3.97430286,50.97736017],[3.97430225,50.97736829],[3.97430288,50.97736916],[3.97430221,50.97736915],[3.974235,50.97736793],[3.97423515,50.97736435],[3.97423536,50.9773597],[3.97423682,50.97732779],[3.97430451,50.97732902]]]}},{"type":"Feature","id":"gebouw/Gebouw.19532710/0","properties":{"source":"Digitaal Vlaanderen Gebouwenregister","source_id":"gebouw/Gebouw.19532710/0","kind":"building","height_m":5.72,"status":null},"geometry":{"type":"Polygon","coordinates":[[[3.97363588,50.97725626],[3.97363417,50.97728459],[3.97362706,50.97728457],[3.97362603,50.97730309],[3.97362892,50.97730316],[3.97362737,50.97733083],[3.97347463,50.97732741],[3.97347678,50.97730007],[3.97350167,50.9773011],[3.97350484,50.97725244],[3.97363588,50.97725626]]]}},{"type":"Feature","id":"gebouw/Gebouw.19532711/0","properties":{"source":"Digitaal Vlaanderen Gebouwenregister","source_id":"gebouw/Gebouw.19532711/0","kind":"building","height_m":6.44,"status":null},"geometry":{"type":"Polygon","coordinates":[[[3.97348525,50.97725187],[3.97348739,50.9772189],[3.97345684,50.97721816],[3.97345899,50.97718256],[3.9735825,50.97718553],[3.97359119,50.97718034],[3.9736121,50.97718084],[3.97362014,50.97718643],[3.97364006,50.97718691],[3.97363588,50.97725626],[3.97350484,50.97725244],[3.97348525,50.97725187]]]}},{"type":"Feature","id":"gebouw/Gebouw.19532758/0","properties":{"source":"Digitaal Vlaanderen Gebouwenregister","source_id":"gebouw/Gebouw.19532758/0","kind":"building","height_m":5.0,"status":null},"geometry":{"type":"Polygon","coordinates":[[[3.97862523,50.97974568],[3.97862523,50.97975151],[3.97861003,50.97975135],[3.97854111,50.97975063],[3.97852841,50.9797505],[3.9785283,50.97957346],[3.97854303,50.97957362],[3.97860845,50.97957431],[3.97862362,50.97957448],[3.97862523,50.97974568]]]}},{"type":"Feature","id":"gebouw/Gebouw.19532761/0","properties":{"source":"Digitaal Vlaanderen Gebouwenregister","source_id":"gebouw/Gebouw.19532761/0","kind":"building","height_m":7.16,"status":null},"geometry":{"type":"Polygon","coordinates":[[[3.97756596,50.97989087],[3.97757009,50.97982777],[3.97757435,50.97982785],[3.97759736,50.97968307],[3.97743499,50.97967157],[3.97738443,50.98003042],[3.97749319,50.98003503],[3.97749345,50.98003288],[3.97747503,50.98003199],[3.9774946,50.97988565],[3.97756596,50.97989087]]]}},{"type":"Feature","id":"gebouw/Gebouw.19532762/0","properties":{"source":"Digitaal Vlaanderen Gebouwenregister","source_id":"gebouw/Gebouw.19532762/0","kind":"building","height_m":7.88,"status":null},"geometry":{"type":"Polygon","coordinates":[[[3.97765792,50.97991735],[3.97764999,50.98004051],[3.97755638,50.98003736],[3.97756596,50.97989087],[3.97757009,50.97982777],[3.97757435,50.97982785],[3.97762921,50.97982903],[3.97762374,50.9798964],[3.97762205,50.97991399],[3.97765806,50.97991516],[3.97765792,50.97991735]]]}},{"type":"Feature","id":"gebouw/Gebouw.19533686/0","properties":{"source":"Digitaal Vlaanderen Gebouwenregister","source_id":"gebouw/Gebouw.19533686/0","kind":"building","height_m":7.88,"status":null},"geometry":{"type":"Polygon","coordinates":[[[3.97906541,50.980298],[3.97901659,50.98030105],[3.97900137,50.98022052],[3.97899134,50.98016078],[3.97898811,50.98014364],[3.97899031,50.98014348],[3.97899017,50.98014259],[3.97908362,50.98013633],[3.97908769,50.98016153],[3.97909674,50.98021744],[3.97905956,50.98021931],[3.97907247,50.98029756],[3.97906541,50.980298]]]}},{"type":"Feature","id":"gebouw/Gebouw.19533687/0","properties":{"source":"Digitaal Vlaanderen Gebouwenregister","source_id":"gebouw/Gebouw.19533687/0","kind":"building","height_m":8.6,"status":null},"geometry":{"type":"Polygon","coordinates":[[[3.97900137,50.98022052],[3.97895769,50.98022284],[3.9789509,50.98016382],[3.97899134,50.98016078],[3.97900137,50.98022052]]]}},{"type":"Feature","id":"gebouw/Gebouw.19533688/0","properties":{"source":"Digitaal Vlaanderen Gebouwenregister","source_id":"gebouw/Gebouw.19533688/0","kind":"building","height_m":9.32,"status":null},"geometry":{"type":"Polygon","coordinates":[[[3.97403545,50.97969575],[3.97408301,50.97969874],[3.97406554,50.97982849],[3.97395536,50.97982407],[3.97397697,50.97969292],[3.97397711,50.97969208],[3.97403545,50.97969575]]]}},{"type":"Feature","id":"gebouw/Gebouw.19533689/0","properties":{"source":"Digitaal Vlaanderen Gebouwenregister","source_id":"gebouw/Gebouw.19533689/0","kind":"building","height_m":5.0,"status":null},"geometry":{"type":"Polygon","coordinates":[[[3.97913668,50.98031439],[3.97916631,50.98031233],[3.97915223,50.98023334],[3.97922186,50.9802284],[3.97923885,50.98032387],[3.97929882,50.98032016],[3.9793078,50.98038019],[3.97930097,50.9803803],[3.97930745,50.98041353],[3.97915911,50.98042328],[3.97915832,50.98041971],[3.97915472,50.98041997],[3.9791389,50.98033034],[3.97913668,50.98031439]]]}},{"type":"Feature","id":"gebouw/Gebouw.19533690/0","properties":{"source":"Digitaal Vlaanderen Gebouwenregister","source_id":"gebouw/Gebouw.19533690/0","kind":"building","height_m":5.72,"status":null},"geometry":{"type":"Polygon","coordinates":[[[3.97915472,50.98041997],[3.97912472,50.98042214],[3.97910915,50.980333],[3.9791389,50.98033034],[3.97915472,50.98041997]]]}},{"type":"Feature","id":"gebouw/Gebouw.19534411/0","properties":{"source":"Digitaal Vlaanderen Gebouwenregister","source_id":"gebouw/Gebouw.19534411/0","kind":"building","height_m":5.72,"status":null},"geometry":{"type":"Polygon","coordinates":[[[3.97825455,50.97957369],[3.97825453,50.97961602],[3.97825038,50.97961597],[3.9782142,50.97961556],[3.97820826,50.97961549],[3.97821535,50.97957474],[3.97825455,50.97957369]]]}},{"type":"Feature","id":"gebouw/Gebouw.19534412/0","properties":{"source":"Digitaal Vlaanderen Gebouwenregister","source_id":"gebouw/Gebouw.19534412/0","kind":"building","height_m":6.44,"status":null},"geometry":{"type":"Polygon","coordinates":[[[3.97825038,50.97961597],[3.97824968,50.97965136],[3.97820756,50.97965089],[3.97820826,50.97961549],[3.9782142,50.97961556],[3.97825038,50.97961597]]]}},{"type":"Feature","id":"gebouw/Gebouw.19534490/0","properties":{"source":"Digitaal Vlaanderen Gebouwenregister","source_id":"gebouw/Gebouw.19534490/0","kind":"building","height_m":7.16,"status":null},"geometry":{"type":"Polygon","coordinates":[[[3.97566107,50.97893374],[3.97555706,50.97924255],[3.97552648,50.97924007],[3.97519878,50.97921342],[3.97516897,50.979211],[3.97512716,50.97920745],[3.97519334,50.9788966],[3.97566107,50.97893374]]]}},{"type":"Feature","id":"gebouw/Gebouw.19534491/0","properties":{"source":"Digitaal Vlaanderen Gebouwenregister","source_id":"gebouw/Gebouw.19534491/0","kind":"building","height_m":7.88,"status":null},"geometry":{"type":"Polygon","coordinates":[[[3.97552648,50.97924007],[3.97551605,50.97928629],[3.97543675,50.97927966],[3.9751872,50.97925878],[3.97518954,50.97924963],[3.97516072,50.97924698],[3.97516897,50.979211],[3.97519878,50.97921342],[3.97552648,50.97924007]]]}},{"type":"Feature","id":"gebouw/Gebouw.19534492/0","properties":{"source":"Digitaal Vlaanderen Gebouwenregister","source_id":"gebouw/Gebouw.19534492/0","kind":"building","height_m":8.6,"status":null},"geometry":{"type":"Polygon","coordinates":[[[3.97551605,50.97928629],[3.97551028,50.97931189],[3.97543099,50.97930387],[3.97543675,50.97927966],[3.97551605,50.97928629]]]}},{"type":"Feature","id":"gebouw/Gebouw.19534493/0","properties":{"source":"Digitaal Vlaanderen Gebouwenregister","source_id":"gebouw/Gebouw.19534493/0","kind":"building","height_m":9.32,"status":null},"geometry":{"type":"Polygon","coordinates":[[[3.97555706,50.97924255],[3.97554743,50.9792889],[3.97551605,50.97928629],[3.97552648,50.97924007],[3.97555706,50.97924255]]]}},{"type":"Feature","id":"gebouw/Gebouw.19534497/0","properties":{"source":"Digitaal Vlaanderen Gebouwenregister","source_id":"gebouw/Gebouw.19534497/0","kind":"building","height_m":7.16,"status":null},"geometry":{"type":"Polygon","coordinates":[[[3.98205098,50.97896308],[3.98207276,50.97898911],[3.98200834,50.97901143],[3.98204832,50.97905627],[3.98202582,50.97906482],[3.98207471,50.97911969],[3.98208071,50.97911713],[3.98221003,50.97926581],[3.98228185,50.97934903],[3.98233237,50.97933066],[3.98239822,50.97940601],[3.98230558,50.97943828],[3.98192984,50.97900698],[3.98195026,50.97899822],[3.98205098,50.97896308]]]}},{"type":"Feature","id":"gebouw/Gebouw.19534498/0","properties":{"source":"Digitaal Vlaanderen Gebouwenregister","source_id":"gebouw/Gebouw.19534498/0","kind":"building","height_m":7.88,"status":null},"geometry":{"type":"Polygon","coordinates":[[[3.98205098,50.97896308],[3.98195026,50.97899822],[3.98193105,50.97897459],[3.98198733,50.97895687],[3.98199421,50.97896556],[3.9820389,50.97894865],[3.98205098,50.97896308]]]}},{"type":"Feature","id":"gebouw/Gebouw.19534499/0","properties":{"source":"Digitaal Vlaanderen Gebouwenregister","source_id":"gebouw/Gebouw.19534499/0","kind":"building","height_m":8.6,"status":null},"geometry":{"type":"Polygon","coordinates":[[[3.97935322,50.97979475],[3.97935236,50.97984606],[3.97927876,50.97984636],[3.97927614,50.97979238],[3.97935322,50.97979475]]]}},{"type":"Feature","id":"gebouw/Gebouw.19534500/0","properties":{"source":"Digitaal Vlaanderen Gebouwenregister","source_id":"gebouw/Gebouw.19534500/0","kind":"building","height_m":9.32,"status":null},"geometry":{"type":"Polygon","coordinates":[[[3.9793639,50.9797945],[3.97935322,50.97979475],[3.97927614,50.97979238],[3.97928868,50.97976855],[3.97936606,50.97977073],[3.9793639,50.9797945]]]}},{"type":"Feature","id":"gebouw/Gebouw.19535244/0","properties":{"source":"Digitaal Vlaanderen Gebouwenregister","source_id":"gebouw/Gebouw.19535244/0","kind":"building","height_m":5.72,"status":null},"geometry":{"type":"Polygon","coordinates":[[[3.97692064,50.98046373],[3.97697473,50.9804649],[3.97696847,50.98055998],[3.97698092,50.9805605],[3.9769774,50.98060091],[3.97691228,50.98059867],[3.97692064,50.98046373]]]}},{"type":"Feature","id":"gebouw/Gebouw.19535245/0","properties":{"source":"Digitaal Vlaanderen Gebouwenregister","source_id":"gebouw/Gebouw.19535245/0","kind":"building","height_m":6.44,"status":null},"geometry":{"type":"Polygon","coordinates":[[[3.97691228,50.98059867],[3.97691212,50.98060092],[3.97686172,50.9805996],[3.97686313,50.9805601],[3.97686915,50.98046296],[3.97692064,50.98046373],[3.97691228,50.98059867]]]}},{"type":"Feature","id":"gebouw/Gebouw.20193773/0","properties":{"source":"Digitaal Vlaanderen Gebouwenregister","source_id":"gebouw/Gebouw.20193773/0","kind":"building","height_m":8.6,"status":null},"geometry":{"type":"Polygon","coordinates":[[[3.97648973,50.9811099],[3.97615068,50.98109985],[3.97617635,50.98075654],[3.97651527,50.98076659],[3.97648973,50.9811099]]]}},{"type":"Feature","id":"gebouw/Gebouw.20193775/0","properties":{"source":"Digitaal Vlaanderen Gebouwenregister","source_id":"gebouw/Gebouw.20193775/0","kind":"building","height_m":5.0,"status":null},"geometry":{"type":"Polygon","coordinates":[[[3.97575208,50.97981795],[3.97570129,50.97980768],[3.97571996,50.97977091],[3.97574595,50.97977617],[3.97575153,50.97976516],[3.97577633,50.97977018],[3.97575208,50.97981795]]]}},{"type":"Feature","id":"gebouw/Gebouw.20193780/0","properties":{"source":"Digitaal Vlaanderen Gebouwenregister","source_id":"gebouw/Gebouw.20193780/0","kind":"building","height_m":8.6,"status":null},"geometry":{"type":"Polygon","coordinates":[[[3.97911107,50.97949785],[3.97915592,50.97949792],[3.97915566,50.97957102],[3.97911082,50.97957095],[3.97911107,50.97949785]]]}},{"type":"Feature","id":"gebouw/Gebouw.20194019/0","properties":{"source":"Digitaal Vlaanderen Gebouwenregister","source_id":"gebouw/Gebouw.20194019/0","kind":"building","height_m":9.32,"status":null},"geometry":{"type":"Polygon","coordinates":[[[3.97356367,50.97580013],[3.97351915,50.97579878],[3.97352054,50.97578049],[3.97352944,50.97578076],[3.97353068,50.97576447],[3.9735663,50.97576555],[3.97356367,50.97580013]]]}},{"type":"Feature","id":"gebouw/Gebouw.20194093/0","properties":{"source":"Digitaal Vlaanderen Gebouwenregister","source_id":"gebouw/Gebouw.20194093/0","kind":"building","height_m":7.16,"status":null},"geometry":{"type":"Polygon","coordinates":[[[3.97391787,50.98084825],[3.9739151,50.98087543],[3.97385699,50.98087354],[3.97385981,50.98084589],[3.97391787,50.98084825]]]}},{"type":"Feature","id":"gebouw/Gebouw.20194094/0","properties":{"source":"Digitaal Vlaanderen Gebouwenregister","source_id":"gebouw/Gebouw.20194094/0","kind":"building","height_m":7.88,"status":null},"geometry":{"type":"Polygon","coordinates":[[[3.97408524,50.98045102],[3.97404139,50.98044933],[3.97404647,50.98039675],[3.97409031,50.98039844],[3.97408524,50.98045102]]]}},{"type":"Feature","id":"gebouw/Gebouw.20194095/0","properties":{"source":"Digitaal Vlaanderen Gebouwenregister","source_id":"gebouw/Gebouw.20194095/0","kind":"building","height_m":8.6,"status":null},"geometry":{"type":"Polygon","coordinates":[[[3.97626327,50.9789388],[3.97627224,50.97890394],[3.97633701,50.97891058],[3.97632804,50.97894544],[3.97626327,50.9789388]]]}},{"type":"Feature","id":"gebouw/Gebouw.20194096/0","properties":{"source":"Digitaal Vlaanderen Gebouwenregister","source_id":"gebouw/Gebouw.20194096/0","kind":"building","height_m":9.32,"status":null},"geometry":{"type":"Polygon","coordinates":[[[3.97399208,50.98002591],[3.9740789,50.9800228],[3.97408114,50.98004776],[3.97399432,50.98005087],[3.97399208,50.98002591]]]}},{"type":"Feature","id":"gebouw/Gebouw.20194097/0","properties":{"source":"Digitaal Vlaanderen Gebouwenregister","source_id":"gebouw/Gebouw.20194097/0","kind":"building","height_m":5.0,"status":null},"geometry":{"type":"Polygon","coordinates":[[[3.97438235,50.97770636],[3.97438459,50.97775991],[3.97437224,50.97775956],[3.97432209,50.97775813],[3.97432794,50.97770401],[3.97438235,50.97770636]]]}},{"type":"Feature","id":"gebouw/Gebouw.20194098/0","properties":{"source":"Digitaal Vlaanderen Gebouwenregister","source_id":"gebouw/Gebouw.20194098/0","kind":"building","height_m":5.72,"status":null},"geometry":{"type":"Polygon","coordinates":[[[3.97597625,50.97685404],[3.97599072,50.97681827],[3.97603724,50.97682578],[3.97602277,50.97686155],[3.97597625,50.97685404]]]}},{"type":"Feature","id":"gebouw/Gebouw.20194099/0","properties":{"source":"Digitaal Vlaanderen Gebouwenregister","source_id":"gebouw/Gebouw.20194099/0","kind":"building","height_m":6.44,"status":null},"geometry":{"type":"Polygon","coordinates":[[[3.97415378,50.97650864],[3.97420468,50.97651041],[3.97420204,50.97654066],[3.97415114,50.97653889],[3.97415378,50.97650864]]]}},{"type":"Feature","id":"gebouw/Gebouw.20194100/0","properties":{"source":"Digitaal Vlaanderen Gebouwenregister","source_id":"gebouw/Gebouw.20194100/0","kind":"building","height_m":7.16,"status":null},"geometry":{"type":"Polygon","coordinates":[[[3.97364065,50.97587865],[3.97370248,50.97588074],[3.97370021,50.97590761],[3.97363838,50.97590553],[3.97364065,50.97587865]]]}},{"type":"Feature","id":"gebouw/Gebouw.20194113/0","properties":{"source":"Digitaal Vlaanderen Gebouwenregister","source_id":"gebouw/Gebouw.20194113/0","kind":"building","height_m":6.44,"status":null},"geometry":{"type":"Polygon","coordinates":[[[3.97786869,50.97974102],[3.97791978,50.97974157],[3.97791908,50.9797677],[3.97786798,50.97976715],[3.97786869,50.97974102]]]}},{"type":"Feature","id":"gebouw/Gebouw.20194114/0","properties":{"source":"Digitaal Vlaanderen Gebouwenregister","source_id":"gebouw/Gebouw.20194114/0","kind":"building","height_m":7.16,"status":null},"geometry":{"type":"Polygon","coordinates":[[[3.97775333,50.97983585],[3.97770468,50.97983481],[3.97770581,50.97981379],[3.97769508,50.97981356],[3.97769602,50.97979619],[3.97775539,50.97979746],[3.97775333,50.97983585]]]}},{"type":"Feature","id":"gebouw/Gebouw.20194115/0","properties":{"source":"Digitaal Vlaanderen Gebouwenregister","source_id":"gebouw/Gebouw.20194115/0","kind":"building","height_m":7.88,"status":null},"geometry":{"type":"Polygon","coordinates":[[[3.97715634,50.97973816],[3.97708964,50.9797368],[3.97709096,50.97971107],[3.97710195,50.97971129],[3.97710284,50.97969389],[3.97715854,50.97969502],[3.97715634,50.97973816]]]}},{"type":"Feature","id":"gebouw/Gebouw.20194116/0","properties":{"source":"Digitaal Vlaanderen Gebouwenregister","source_id":"gebouw/Gebouw.20194116/0","kind":"building","height_m":8.6,"status":null},"geometry":{"type":"Polygon","coordinates":[[[3.98104706,50.98037705],[3.98109291,50.98037402],[3.98109841,50.98040714],[3.98105256,50.98041018],[3.98104706,50.98037705]]]}},{"type":"Feature","id":"gebouw/Gebouw.20194117/0","properties":{"source":"Digitaal Vlaanderen Gebouwenregister","source_id":"gebouw/Gebouw.20194117/0","kind":"building","height_m":9.32,"status":null},"geometry":{"type":"Polygon","coordinates":[[[3.98225011,50.97899543],[3.98223629,50.97897204],[3.982285,50.97896057],[3.98229882,50.97898396],[3.98225011,50.97899543]]]}},{"type":"Feature","id":"gebouw/Gebouw.20194118/0","properties":{"source":"Digitaal Vlaanderen Gebouwenregister","source_id":"gebouw/Gebouw.20194118/0","kind":"building","height_m":5.0,"status":null},"geometry":{"type":"Polygon","coordinates":[[[3.98299081,50.97894367],[3.98301864,50.97893005],[3.98306191,50.97896528],[3.98303409,50.9789789],[3.98299081,50.97894367]]]}},{"type":"Feature","id":"gebouw/Gebouw.20841429/0","properties":{"source":"Digitaal Vlaanderen Gebouwenregister","source_id":"gebouw/Gebouw.20841429/0","kind":"building","height_m":5.0,"status":null},"geometry":{"type":"Polygon","coordinates":[[[3.98052199,50.98013241],[3.98050526,50.98003334],[3.98050025,50.98000366],[3.98040865,50.98000983],[3.98042108,50.98008329],[3.98042612,50.98008295],[3.98043546,50.98013823],[3.98048073,50.98013518],[3.98052199,50.98013241]]]}},{"type":"Feature","id":"gebouw/Gebouw.30584953/0","properties":{"source":"Digitaal Vlaanderen Gebouwenregister","source_id":"gebouw/Gebouw.30584953/0","kind":"building","height_m":5.0,"status":null},"geometry":{"type":"Polygon","coordinates":[[[3.97909199,50.97979929],[3.97908968,50.97983406],[3.97900758,50.97983189],[3.97900729,50.97974908],[3.97910149,50.97974895],[3.97910164,50.9797911],[3.97909207,50.97979111],[3.97909199,50.97979929]]]}},{"type":"Feature","id":"gebouw/Gebouw.30585079/0","properties":{"source":"Digitaal Vlaanderen Gebouwenregister","source_id":"gebouw/Gebouw.30585079/0","kind":"building","height_m":5.0,"status":null},"geometry":{"type":"Polygon","coordinates":[[[3.97373256,50.97951662],[3.97372943,50.97953613],[3.97384039,50.97954283],[3.97383503,50.9795748],[3.97372889,50.97956879],[3.97370676,50.97956754],[3.97360113,50.97956025],[3.97360809,50.97950977],[3.97373256,50.97951662]]]}},{"type":"Feature","id":"gebouw/Gebouw.30585081/0","properties":{"source":"Digitaal Vlaanderen Gebouwenregister","source_id":"gebouw/Gebouw.30585081/0","kind":"building","height_m":6.44,"status":null},"geometry":{"type":"Polygon","coordinates":[[[3.97400421,50.97951004],[3.9740002,50.97953378],[3.97382121,50.9795215],[3.97382651,50.97948835],[3.97400421,50.97951004]]]}},{"type":"Feature","id":"gebouw/Gebouw.30589785/0","properties":{"source":"Digitaal Vlaanderen Gebouwenregister","source_id":"gebouw/Gebouw.30589785/0","kind":"building","height_m":6.44,"status":null},"geometry":{"type":"Polygon","coordinates":[[[3.97725599,50.98069632],[3.97725783,50.98066237],[3.97737173,50.98066482],[3.9773699,50.98069877],[3.97725599,50.98069632]]]}},{"type":"Feature","id":"gebouw/Gebouw.30589786/0","properties":{"source":"Digitaal Vlaanderen Gebouwenregister","source_id":"gebouw/Gebouw.30589786/0","kind":"building","height_m":7.16,"status":null},"geometry":{"type":"Polygon","coordinates":[[[3.97979992,50.97942386],[3.9797551,50.97942804],[3.97974634,50.97939083],[3.97979172,50.9793866],[3.97979992,50.97942386]]]}},{"type":"Feature","id":"gebouw/Gebouw.30589787/0","properties":{"source":"Digitaal Vlaanderen Gebouwenregister","source_id":"gebouw/Gebouw.30589787/0","kind":"building","height_m":7.88,"status":null},"geometry":{"type":"Polygon","coordinates":[[[3.98251465,50.97899638],[3.98248784,50.9789649],[3.98240692,50.97899452],[3.9824323,50.97902433],[3.98251465,50.97899638]]]}},{"type":"Feature","id":"gebouw/Gebouw.30589875/0","properties":{"source":"Digitaal Vlaanderen Gebouwenregister","source_id":"gebouw/Gebouw.30589875/0","kind":"building","height_m":5.72,"status":null},"geometry":{"type":"Polygon","coordinates":[[[3.97513358,50.97812649],[3.97521933,50.97813245],[3.97520886,50.97819247],[3.97512311,50.9781865],[3.97513358,50.97812649]]]}},{"type":"Feature","id":"gebouw/Gebouw.31001811/0","properties":{"source":"Digitaal Vlaanderen Gebouwenregister","source_id":"gebouw/Gebouw.31001811/0","kind":"building","height_m":5.72,"status":null},"geometry":{"type":"Polygon","coordinates":[[[3.97825091,50.98062084],[3.97820212,50.98062101],[3.97820167,50.98056939],[3.97825046,50.98056922],[3.97825091,50.98062084]]]}},{"type":"Feature","id":"gebouw/Gebouw.31254850/0","properties":{"source":"Digitaal Vlaanderen Gebouwenregister","source_id":"gebouw/Gebouw.31254850/0","kind":"building","height_m":7.88,"status":null},"geometry":{"type":"Polygon","coordinates":[[[3.98117743,50.97998848],[3.98118867,50.98006928],[3.98119552,50.9801185],[3.98131234,50.980112],[3.98130783,50.98007975],[3.98134037,50.98007794],[3.98132726,50.97998403],[3.98124176,50.97998871],[3.98124104,50.97998523],[3.98117743,50.97998848]]]}},{"type":"Feature","id":"gebouw/Gebouw.31525382/0","properties":{"source":"Digitaal Vlaanderen Gebouwenregister","source_id":"gebouw/Gebouw.31525382/0","kind":"building","height_m":5.0,"status":null},"geometry":{"type":"Polygon","coordinates":[[[3.97768302,50.97950325],[3.97771291,50.97950372],[3.97771366,50.97948486],[3.97768376,50.97948438],[3.97768302,50.97950325]]]}},{"type":"Feature","id":"gebouw/Gebouw.31540256/0","properties":{"source":"Digitaal Vlaanderen Gebouwenregister","source_id":"gebouw/Gebouw.31540256/0","kind":"building","height_m":9.32,"status":null},"geometry":{"type":"Polygon","coordinates":[[[3.97424181,50.97604631],[3.97417455,50.97608046],[3.9741967,50.97609785],[3.97426396,50.9760637],[3.97424181,50.97604631]]]}},{"type":"Feature","id":"gebouw/Gebouw.31713887/0","properties":{"source":"Digitaal Vlaanderen Gebouwenregister","source_id":"gebouw/Gebouw.31713887/0","kind":"building","height_m":6.44,"status":null},"geometry":{"type":"Polygon","coordinates":[[[3.97393824,50.97786259],[3.97393334,50.97791707],[3.97416198,50.97792528],[3.97416688,50.97787079],[3.97393824,50.97786259]]]}},{"type":"Feature","id":"gebouw/Gebouw.31713889/0","properties":{"source":"Digitaal Vlaanderen Gebouwenregister","source_id":"gebouw/Gebouw.31713889/0","kind":"building","height_m":7.88,"status":null},"geometry":{"type":"Polygon","coordinates":[[[3.97393222,50.97791721],[3.97392603,50.9779655],[3.9741583,50.97797737],[3.97416043,50.97792583],[3.97393222,50.97791721]]]}},{"type":"Feature","id":"gebouw/Gebouw.31726244/0","properties":{"source":"Digitaal Vlaanderen Gebouwenregister","source_id":"gebouw/Gebouw.31726244/0","kind":"building","height_m":7.88,"status":null},"geometry":{"type":"Polygon","coordinates":[[[3.98363811,50.97913139],[3.98363233,50.97915364],[3.98358299,50.97914842],[3.98355549,50.97925211],[3.98356532,50.97925314],[3.98355906,50.97927343],[3.98366151,50.97928454],[3.98370132,50.97913825],[3.98363811,50.97913139]]]}},{"type":"Feature","id":"gebouw/Gebouw.31762047/0","properties":{"source":"Digitaal Vlaanderen Gebouwenregister","source_id":"gebouw/Gebouw.31762047/0","kind":"building","height_m":6.44,"status":null},"geometry":{"type":"Polygon","coordinates":[[[3.97384017,50.97978579],[3.97393874,50.97979046],[3.97394234,50.97976018],[3.97384378,50.9797555],[3.97384017,50.97978579]]]}},{"type":"Feature","id":"gebouw/Gebouw.31762183/0","properties":{"source":"Digitaal Vlaanderen Gebouwenregister","source_id":"gebouw/Gebouw.31762183/0","kind":"building","height_m":8.6,"status":null},"geometry":{"type":"Polygon","coordinates":[[[3.97833579,50.97961106],[3.97833823,50.97957561],[3.97828,50.97957401],[3.97827756,50.97960946],[3.97833579,50.97961106]]]}},{"type":"Feature","id":"gebouw/Gebouw.31762295/0","properties":{"source":"Digitaal Vlaanderen Gebouwenregister","source_id":"gebouw/Gebouw.31762295/0","kind":"building","height_m":8.6,"status":null},"geometry":{"type":"Polygon","coordinates":[[[3.97389349,50.98104833],[3.97397658,50.98105098],[3.97397945,50.9810152],[3.97389635,50.98101255],[3.97389349,50.98104833]]]}},{"type":"Feature","id":"gebouw/Gebouw.31762371/0","properties":{"source":"Digitaal Vlaanderen Gebouwenregister","source_id":"gebouw/Gebouw.31762371/0","kind":"building","height_m":7.88,"status":null},"geometry":{"type":"Polygon","coordinates":[[[3.9742432,50.97663823],[3.97423891,50.97663809],[3.97423533,50.97667974],[3.97425055,50.97668015],[3.97436076,50.97668312],[3.97436093,50.97664219],[3.97425153,50.9766385],[3.9742432,50.97663823]]]}},{"type":"Feature","id":"gebouw/Gebouw.31762411/0","properties":{"source":"Digitaal Vlaanderen Gebouwenregister","source_id":"gebouw/Gebouw.31762411/0","kind":"building","height_m":6.44,"status":null},"geometry":{"type":"Polygon","coordinates":[[[3.97873107,50.98035389],[3.97872774,50.98030954],[3.97869368,50.98031056],[3.97869701,50.98035491],[3.97873107,50.98035389]]]}},{"type":"Feature","id":"gebouw/Gebouw.31762420/0","properties":{"source":"Digitaal Vlaanderen Gebouwenregister","source_id":"gebouw/Gebouw.31762420/0","kind":"building","height_m":7.88,"status":null},"geometry":{"type":"Polygon","coordinates":[[[3.98057762,50.97901843],[3.98067948,50.97914533],[3.98075668,50.97912064],[3.98065482,50.97899374],[3.98057762,50.97901843]]]}},{"type":"Feature","id":"gebouw/Gebouw.31762544/0","properties":{"source":"Digitaal Vlaanderen Gebouwenregister","source_id":"gebouw/Gebouw.31762544/0","kind":"building","height_m":6.44,"status":null},"geometry":{"type":"Polygon","coordinates":[[[3.98169959,50.97938245],[3.98171371,50.97939995],[3.98176418,50.97946266],[3.98181425,50.97944623],[3.98174851,50.97936639],[3.98169959,50.97938245]]]}},{"type":"Feature","id":"gebouw/Gebouw.31762564/0","properties":{"source":"Digitaal Vlaanderen Gebouwenregister","source_id":"gebouw/Gebouw.31762564/0","kind":"building","height_m":5.72,"status":null},"geometry":{"type":"Polygon","coordinates":[[[3.98048961,50.97891554],[3.98053869,50.97889891],[3.98051497,50.97887101],[3.98046589,50.97888764],[3.98048961,50.97891554]]]}},{"type":"Feature","id":"gebouw/Gebouw.31762580/0","properties":{"source":"Digitaal Vlaanderen Gebouwenregister","source_id":"gebouw/Gebouw.31762580/0","kind":"building","height_m":7.16,"status":null},"geometry":{"type":"Polygon","coordinates":[[[3.9769973,50.97920534],[3.97700087,50.97929743],[3.97706513,50.97929644],[3.97706156,50.97920435],[3.9769973,50.97920534]]]}},{"type":"Feature","id":"gebouw/Gebouw.31815180/0","properties":{"source":"Digitaal Vlaanderen Gebouwenregister","source_id":"gebouw/Gebouw.31815180/0","kind":"building","height_m":8.6,"status":null},"geometry":{"type":"Polygon","coordinates":[[[3.98228266,50.97944335],[3.98217164,50.97930702],[3.9821108,50.97932677],[3.98214454,50.97936821],[3.98210653,50.97938054],[3.9821838,50.97947543],[3.98228266,50.97944335]]]}},{"type":"Feature","id":"gebouw/Gebouw.32028129/0","properties":{"source":"Digitaal Vlaanderen Gebouwenregister","source_id":"gebouw/Gebouw.32028129/0","kind":"building","height_m":5.0,"status":null},"geometry":{"type":"Polygon","coordinates":[[[3.98056863,50.98004675],[3.98048313,50.98005321],[3.98050843,50.98018661],[3.98059393,50.98018015],[3.98056863,50.98004675]]]}},{"type":"Feature","id":"gebouw/Gebouw.32028131/0","properties":{"source":"Digitaal Vlaanderen Gebouwenregister","source_id":"gebouw/Gebouw.32028131/0","kind":"building","height_m":6.44,"status":null},"geometry":{"type":"Polygon","coordinates":[[[3.98056909,50.98004797],[3.98059649,50.98017896],[3.98066774,50.98017302],[3.98064034,50.98004203],[3.98056909,50.98004797]]]}},{"type":"Feature","id":"gebouw/Gebouw.32028133/0","properties":{"source":"Digitaal Vlaanderen Gebouwenregister","source_id":"gebouw/Gebouw.32028133/0","kind":"building","height_m":7.88,"status":null},"geometry":{"type":"Polygon","coordinates":[[[3.9809275,50.98001897],[3.98094945,50.98016287],[3.98086801,50.98016782],[3.98084606,50.98002392],[3.9809275,50.98001897]]]}},{"type":"Feature","id":"gebouw/Gebouw.32028135/0","properties":{"source":"Digitaal Vlaanderen Gebouwenregister","source_id":"gebouw/Gebouw.32028135/0","kind":"building","height_m":9.32,"status":null},"geometry":{"type":"Polygon","coordinates":[[[3.98084647,50.98002432],[3.98086753,50.98016765],[3.98077495,50.98017308],[3.98075388,50.98002974],[3.98084647,50.98002432]]]}},{"type":"Feature","id":"gebouw/Gebouw.32031952/0","properties":{"source":"Digitaal Vlaanderen Gebouwenregister","source_id":"gebouw/Gebouw.32031952/0","kind":"building","height_m":5.72,"status":null},"geometry":{"type":"Polygon","coordinates":[[[3.97500415,50.97919546],[3.97494592,50.97919074],[3.97494262,50.97922042],[3.97499649,50.97922478],[3.97500415,50.97919546]]]}},{"type":"Feature","id":"gebouw/Gebouw.32032343/0","properties":{"source":"Digitaal Vlaanderen Gebouwenregister","source_id":"gebouw/Gebouw.32032343/0","kind":"building","height_m":5.0,"status":null},"geometry":{"type":"Polygon","coordinates":[[[3.97618495,50.97676228],[3.97626974,50.97677636],[3.97628198,50.97674698],[3.97619719,50.9767329],[3.97618495,50.97676228]]]}},{"type":"Feature","id":"gebouw/Gebouw.32036032/0","properties":{"source":"Digitaal Vlaanderen Gebouwenregister","source_id":"gebouw/Gebouw.32036032/0","kind":"building","height_m":5.0,"status":null},"geometry":{"type":"Polygon","coordinates":[[[3.97482249,50.97918073],[3.97477592,50.97917695],[3.97477036,50.97921604],[3.97481454,50.97922035],[3.97482249,50.97918073]]]}},{"type":"Feature","id":"way/398065489","properties":{"source":"OpenStreetMap","source_id":"way/398065489","kind":"waterway","name":"Leedschebeek","waterway":"stream","landuse":null},"geometry":{"type":"LineString","coordinates":[[3.9745381,50.9814889],[3.9746344,50.9814867],[3.974896,50.9814697],[3.9753242,50.9814733],[3.9757673,50.9814916],[3.9762276,50.9815199],[3.9764139,50.9815243],[3.9764889,50.9815261],[3.9769644,50.9814949],[3.9773818,50.9814467],[3.9780044,50.9813886],[3.9787348,50.9813316],[3.9788538,50.9813241],[3.9791231,50.981325],[3.9797713,50.9812771],[3.9802969,50.9812177],[3.9805169,50.9811976]]}},{"type":"Feature","id":"way/398065490","properties":{"source":"OpenStreetMap","source_id":"way/398065490","kind":"waterway","name":"Leedschebeek","waterway":"stream","landuse":null},"geometry":{"type":"LineString","coordinates":[[3.9805169,50.9811976],[3.9812027,50.9810701]]}},{"type":"Feature","id":"way/398065494","properties":{"source":"OpenStreetMap","source_id":"way/398065494","kind":"waterway","name":"Leedschebeek","waterway":"stream","landuse":null},"geometry":{"type":"LineString","coordinates":[[3.9733856,50.9818882],[3.9735998,50.9818267],[3.9745381,50.9814889]]}}]}