{"type":"FeatureCollection","features":[{"type":"Feature","id":"gebouw/Gebouw.9040243/0","properties":{"source":"Digitaal Vlaanderen Gebouwenregister","source_id":"gebouw/Gebouw.9040243/0","kind":"building","height_m":6.44,"status":null},"geometry":{"type":"Polygon","coordinates":[[[3.97058715,50.97047544],[3.97055355,50.97049884],[3.97046394,50.97044781],[3.97051601,50.97043192],[3.97056938,50.97046457],[3.97058715,50.97047544]]]}},{"type":"Feature","id":"gebouw/Gebouw.9040244/0","properties":{"source":"Digitaal Vlaanderen Gebouwenregister","source_id":"gebouw/Gebouw.9040244/0","kind":"building","height_m":7.16,"status":null},"geometry":{"type":"Polygon","coordinates":[[[3.97143696,50.97159484],[3.97145737,50.9715726],[3.97144852,50.97156985],[3.97136604,50.97154422],[3.97135322,50.97154024],[3.9713437,50.97155246],[3.97131928,50.97158378],[3.97126322,50.97165572],[3.97135667,50.97168496],[3.97140359,50.97161851],[3.97141749,50.97162242],[3.97143696,50.97159484]]]}},{"type":"Feature","id":"gebouw/Gebouw.9040246/0","properties":{"source":"Digitaal Vlaanderen Gebouwenregister","source_id":"gebouw/Gebouw.9040246/0","kind":"building","height_m":8.6,"status":null},"geometry":{"type":"Polygon","coordinates":[[[3.97192364,50.97017537],[3.97184545,50.97022438],[3.97173106,50.97015282],[3.97180821,50.97010309],[3.97180833,50.97010301],[3.9718532,50.97013117],[3.97185328,50.97013122],[3.97192364,50.97017537]]]}},{"type":"Feature","id":"gebouw/Gebouw.9040249/0","properties":{"source":"Digitaal Vlaanderen Gebouwenregister","source_id":"gebouw/Gebouw.9040249/0","kind":"building","height_m":5.72,"status":null},"geometry":{"type":"Polygon","coordinates":[[[3.9706073,50.97069742],[3.97053572,50.97075134],[3.9704396,50.97070048],[3.97042172,50.97069027],[3.97043512,50.97068072],[3.97049655,50.97063694],[3.9706073,50.97069742]]]}},{"type":"Feature","id":"gebouw/Gebouw.9040250/0","properties":{"source":"Digitaal Vlaanderen Gebouwenregister","source_id":"gebouw/Gebouw.9040250/0","kind":"building","height_m":6.44,"status":null},"geometry":{"type":"Polygon","coordinates":[[[3.97145493,50.96896515],[3.97149815,50.96904679],[3.97135587,50.96907719],[3.97134006,50.9690477],[3.97135331,50.96904439],[3.97132595,50.968992],[3.97145493,50.96896515]]]}},{"type":"Feature","id":"gebouw/Gebouw.9040251/0","properties":{"source":"Digitaal Vlaanderen Gebouwenregister","source_id":"gebouw/Gebouw.9040251/0","kind":"building","height_m":7.16,"status":null},"geometry":{"type":"Polygon","coordinates":[[[3.97144643,50.96849161],[3.97158196,50.96852424],[3.97159127,50.96850974],[3.97159413,50.96851062],[3.97154341,50.9685954],[3.97140369,50.96856207],[3.97141112,50.96854965],[3.97142467,50.96852738],[3.97144643,50.96849161]]]}},{"type":"Feature","id":"gebouw/Gebouw.9040252/0","properties":{"source":"Digitaal Vlaanderen Gebouwenregister","source_id":"gebouw/Gebouw.9040252/0","kind":"building","height_m":7.88,"status":null},"geometry":{"type":"Polygon","coordinates":[[[3.97099476,50.96819593],[3.97092042,50.96818092],[3.97093683,50.96815051],[3.97101027,50.9681663],[3.97099476,50.96819593]]]}},{"type":"Feature","id":"gebouw/Gebouw.9040339/0","properties":{"source":"Digitaal Vlaanderen Gebouwenregister","source_id":"gebouw/Gebouw.9040339/0","kind":"building","height_m":5.0,"status":null},"geometry":{"type":"Polygon","coordinates":[[[3.96867232,50.96969076],[3.96854301,50.96974443],[3.96840274,50.96960967],[3.9685321,50.96955598],[3.96867232,50.96969076]]]}},{"type":"Feature","id":"gebouw/Gebouw.9040604/0","properties":{"source":"Digitaal Vlaanderen Gebouwenregister","source_id":"gebouw/Gebouw.9040604/0","kind":"building","height_m":9.32,"status":null},"geometry":{"type":"Polygon","coordinates":[[[3.96958955,50.97115949],[3.9695829,50.97114293],[3.96952419,50.97115256],[3.96951591,50.97113074],[3.96950558,50.97113278],[3.96948426,50.9710793],[3.96949572,50.97107748],[3.96947778,50.97103245],[3.96956783,50.97101815],[3.96958115,50.9710516],[3.96961029,50.97104698],[3.96965104,50.97114922],[3.96958955,50.97115949]]]}},{"type":"Feature","id":"gebouw/Gebouw.9040675/0","properties":{"source":"Digitaal Vlaanderen Gebouwenregister","source_id":"gebouw/Gebouw.9040675/0","kind":"building","height_m":5.0,"status":null},"geometry":{"type":"Polygon","coordinates":[[[3.97199347,50.97179352],[3.97189753,50.97188103],[3.97188418,50.97187547],[3.97180572,50.97184278],[3.97179814,50.97183963],[3.97181061,50.97182872],[3.97173356,50.97179469],[3.97182588,50.97170939],[3.97188772,50.97173575],[3.97188006,50.97174447],[3.97192691,50.97176473],[3.97199347,50.97179352]]]}},{"type":"Feature","id":"gebouw/Gebouw.9040676/0","properties":{"source":"Digitaal Vlaanderen Gebouwenregister","source_id":"gebouw/Gebouw.9040676/0","kind":"building","height_m":5.72,"status":null},"geometry":{"type":"Polygon","coordinates":[[[3.97172168,50.97167893],[3.97164305,50.97177512],[3.97145642,50.97171362],[3.97153971,50.97161211],[3.97171766,50.97167039],[3.97172634,50.97167323],[3.97172168,50.97167893]]]}},{"type":"Feature","id":"gebouw/Gebouw.9040681/0","properties":{"source":"Digitaal Vlaanderen Gebouwenregister","source_id":"gebouw/Gebouw.9040681/0","kind":"building","height_m":9.32,"status":null},"geometry":{"type":"Polygon","coordinates":[[[3.97219375,50.96897727],[3.97222029,50.96898282],[3.9722335,50.96899795],[3.97222441,50.96901527],[3.97217898,50.96900613],[3.97219375,50.96897727]]]}},{"type":"Feature","id":"gebouw/Gebouw.9040682/0","properties":{"source":"Digitaal Vlaanderen Gebouwenregister","source_id":"gebouw/Gebouw.9040682/0","kind":"building","height_m":5.0,"status":null},"geometry":{"type":"Polygon","coordinates":[[[3.97140349,50.96987298],[3.9714192,50.96984206],[3.97146582,50.96985083],[3.97145101,50.9698812],[3.97140349,50.96987298]]]}},{"type":"Feature","id":"gebouw/Gebouw.9040783/0","properties":{"source":"Digitaal Vlaanderen Gebouwenregister","source_id":"gebouw/Gebouw.9040783/0","kind":"building","height_m":7.16,"status":null},"geometry":{"type":"Polygon","coordinates":[[[3.96537134,50.96965299],[3.96535655,50.96965345],[3.96531909,50.96969393],[3.96524239,50.96970022],[3.96524013,50.96971593],[3.96518095,50.96971289],[3.96519194,50.96965229],[3.96524558,50.96965472],[3.9652462,50.96966109],[3.96527386,50.96966049],[3.96526513,50.96962241],[3.96525153,50.9696238],[3.96524307,50.96958999],[3.96525342,50.96958927],[3.96524538,50.9695618],[3.96526503,50.9695597],[3.96525911,50.96953761],[3.96525316,50.96951538],[3.96533021,50.96950715],[3.9653322,50.96950694],[3.96534407,50.96955125],[3.96537134,50.96965299]]]}},{"type":"Feature","id":"gebouw/Gebouw.9040936/0","properties":{"source":"Digitaal Vlaanderen Gebouwenregister","source_id":"gebouw/Gebouw.9040936/0","kind":"building","height_m":6.44,"status":null},"geometry":{"type":"Polygon","coordinates":[[[3.97320674,50.9692233],[3.97327191,50.96924726],[3.97325237,50.96926689],[3.97318868,50.96924313],[3.97320674,50.9692233]]]}},{"type":"Feature","id":"gebouw/Gebouw.9040937/0","properties":{"source":"Digitaal Vlaanderen Gebouwenregister","source_id":"gebouw/Gebouw.9040937/0","kind":"building","height_m":7.16,"status":null},"geometry":{"type":"Polygon","coordinates":[[[3.97142359,50.96978161],[3.97140644,50.9698215],[3.97134563,50.96981107],[3.97136025,50.96977677],[3.97138682,50.9697812],[3.97138905,50.96977579],[3.97140926,50.9697792],[3.97142359,50.96978161]]]}},{"type":"Feature","id":"gebouw/Gebouw.9041017/0","properties":{"source":"Digitaal Vlaanderen Gebouwenregister","source_id":"gebouw/Gebouw.9041017/0","kind":"building","height_m":9.32,"status":null},"geometry":{"type":"Polygon","coordinates":[[[3.97371909,50.96800468],[3.97368293,50.96804347],[3.97358948,50.96800965],[3.97355878,50.96799854],[3.97361476,50.96793528],[3.97368164,50.96795889],[3.97369954,50.9679652],[3.97372184,50.96797307],[3.97372335,50.96797282],[3.97373153,50.96799273],[3.97373,50.96799298],[3.97371909,50.96800468]]]}},{"type":"Feature","id":"gebouw/Gebouw.9041018/0","properties":{"source":"Digitaal Vlaanderen Gebouwenregister","source_id":"gebouw/Gebouw.9041018/0","kind":"building","height_m":5.0,"status":null},"geometry":{"type":"Polygon","coordinates":[[[3.97355878,50.96799854],[3.97368293,50.96804347],[3.97359006,50.96814641],[3.97343698,50.96809084],[3.97344838,50.9680733],[3.97350544,50.96798557],[3.97355878,50.96799854]]]}},{"type":"Feature","id":"gebouw/Gebouw.9041100/0","properties":{"source":"Digitaal Vlaanderen Gebouwenregister","source_id":"gebouw/Gebouw.9041100/0","kind":"building","height_m":8.6,"status":null},"geometry":{"type":"Polygon","coordinates":[[[3.9643892,50.96878978],[3.96432641,50.96879675],[3.96432081,50.96877477],[3.96438448,50.968768],[3.9643892,50.96878978]]]}},{"type":"Feature","id":"gebouw/Gebouw.9041162/0","properties":{"source":"Digitaal Vlaanderen Gebouwenregister","source_id":"gebouw/Gebouw.9041162/0","kind":"building","height_m":7.88,"status":null},"geometry":{"type":"Polygon","coordinates":[[[3.97281655,50.97298312],[3.97285643,50.97299969],[3.97282811,50.9730254],[3.97278881,50.97300959],[3.97281655,50.97298312]]]}},{"type":"Feature","id":"gebouw/Gebouw.9041166/0","properties":{"source":"Digitaal Vlaanderen Gebouwenregister","source_id":"gebouw/Gebouw.9041166/0","kind":"building","height_m":5.72,"status":null},"geometry":{"type":"Polygon","coordinates":[[[3.9700627,50.97156371],[3.97003185,50.97156868],[3.97000312,50.97157332],[3.96998824,50.97153414],[3.96996082,50.97153869],[3.96994613,50.97150238],[3.96991186,50.97150779],[3.96989722,50.97147198],[3.97008289,50.97144291],[3.97010997,50.97151168],[3.97017884,50.97150079],[3.9701953,50.97154231],[3.9700627,50.97156371]]]}},{"type":"Feature","id":"gebouw/Gebouw.9043694/0","properties":{"source":"Digitaal Vlaanderen Gebouwenregister","source_id":"gebouw/Gebouw.9043694/0","kind":"building","height_m":6.44,"status":null},"geometry":{"type":"Polygon","coordinates":[[[3.97289513,50.96933882],[3.97270368,50.96926736],[3.97274019,50.96922865],[3.97293105,50.96930044],[3.97289513,50.96933882]]]}},{"type":"Feature","id":"gebouw/Gebouw.9044055/0","properties":{"source":"Digitaal Vlaanderen Gebouwenregister","source_id":"gebouw/Gebouw.9044055/0","kind":"building","height_m":9.32,"status":null},"geometry":{"type":"Polygon","coordinates":[[[3.9638525,50.96951112],[3.96400438,50.96957317],[3.96391769,50.96965834],[3.96386534,50.96963751],[3.96383696,50.96966479],[3.96374009,50.9696247],[3.9638525,50.96951112]]]}},{"type":"Feature","id":"gebouw/Gebouw.9044131/0","properties":{"source":"Digitaal Vlaanderen Gebouwenregister","source_id":"gebouw/Gebouw.9044131/0","kind":"building","height_m":8.6,"status":null},"geometry":{"type":"Polygon","coordinates":[[[3.96588124,50.96878588],[3.96587534,50.96875378],[3.96595559,50.96874795],[3.96596064,50.9687791],[3.96588124,50.96878588]]]}},{"type":"Feature","id":"gebouw/Gebouw.9044132/0","properties":{"source":"Digitaal Vlaanderen Gebouwenregister","source_id":"gebouw/Gebouw.9044132/0","kind":"building","height_m":9.32,"status":null},"geometry":{"type":"Polygon","coordinates":[[[3.96582263,50.96910306],[3.96583897,50.96910194],[3.96583049,50.96905633],[3.96583673,50.96905584],[3.96584456,50.96905181],[3.96586168,50.96904432],[3.96587903,50.96903927],[3.96589393,50.96903682],[3.9659073,50.96903604],[3.96592271,50.96903659],[3.96593869,50.96903827],[3.96595137,50.96904085],[3.96596166,50.96904378],[3.9659693,50.96904649],[3.96597583,50.96904618],[3.96598672,50.96911168],[3.96598255,50.96911201],[3.96598793,50.96914185],[3.96599477,50.96914137],[3.96600599,50.96920518],[3.96597716,50.96920728],[3.96596517,50.96921164],[3.96595055,50.96921466],[3.96593182,50.96921613],[3.96591578,50.9692167],[3.9658995,50.96921557],[3.96588946,50.96921396],[3.96585916,50.96921549],[3.96584924,50.96915787],[3.9658323,50.96915899],[3.96582263,50.96910306]]]}},{"type":"Feature","id":"gebouw/Gebouw.9044133/0","properties":{"source":"Digitaal Vlaanderen Gebouwenregister","source_id":"gebouw/Gebouw.9044133/0","kind":"building","height_m":5.0,"status":null},"geometry":{"type":"Polygon","coordinates":[[[3.96456603,50.96829103],[3.96458238,50.96836529],[3.96454877,50.96836846],[3.96454599,50.96837236],[3.96447466,50.96838169],[3.96446053,50.96831881],[3.9644707,50.96831792],[3.9644646,50.96829025],[3.96452473,50.96828497],[3.96452682,50.96829447],[3.96456603,50.96829103]]]}},{"type":"Feature","id":"gebouw/Gebouw.9044263/0","properties":{"source":"Digitaal Vlaanderen Gebouwenregister","source_id":"gebouw/Gebouw.9044263/0","kind":"building","height_m":7.88,"status":null},"geometry":{"type":"Polygon","coordinates":[[[3.97253866,50.96926902],[3.97244,50.96923006],[3.97236574,50.96921941],[3.97234001,50.96924945],[3.97227305,50.96923403],[3.97226809,50.96924184],[3.97220761,50.9692301],[3.97219715,50.96925557],[3.97236606,50.96929213],[3.9724737,50.96933462],[3.97253866,50.96926902]]]}},{"type":"Feature","id":"gebouw/Gebouw.9044691/0","properties":{"source":"Digitaal Vlaanderen Gebouwenregister","source_id":"gebouw/Gebouw.9044691/0","kind":"building","height_m":8.6,"status":null},"geometry":{"type":"Polygon","coordinates":[[[3.96360916,50.96766807],[3.96352843,50.96768402],[3.9635072,50.96764836],[3.96353455,50.96764643],[3.96353295,50.96763772],[3.96356399,50.96763328],[3.9635563,50.96760223],[3.96367034,50.96759096],[3.96367098,50.96759284],[3.96366764,50.9675933],[3.96367921,50.96764253],[3.96368183,50.96765371],[3.96367451,50.96765516],[3.96360916,50.96766807]]]}},{"type":"Feature","id":"gebouw/Gebouw.9048321/0","properties":{"source":"Digitaal Vlaanderen Gebouwenregister","source_id":"gebouw/Gebouw.9048321/0","kind":"building","height_m":6.44,"status":null},"geometry":{"type":"Polygon","coordinates":[[[3.97333599,50.9676152],[3.97328762,50.96761209],[3.97327077,50.9676928],[3.97324681,50.96773792],[3.97330586,50.96775116],[3.97329884,50.96776419],[3.97337261,50.96778002],[3.97337705,50.96777291],[3.97342523,50.96769578],[3.97343132,50.96768603],[3.97332347,50.96766365],[3.97332974,50.96765174],[3.97333599,50.9676152]]]}},{"type":"Feature","id":"gebouw/Gebouw.9048322/0","properties":{"source":"Digitaal Vlaanderen Gebouwenregister","source_id":"gebouw/Gebouw.9048322/0","kind":"building","height_m":7.16,"status":null},"geometry":{"type":"Polygon","coordinates":[[[3.97126534,50.96963035],[3.971275,50.96960818],[3.97130183,50.96954492],[3.97140631,50.96956258],[3.97141028,50.96955415],[3.97147349,50.96956462],[3.97144861,50.9696245],[3.97143303,50.96965885],[3.97126534,50.96963035]]]}},{"type":"Feature","id":"gebouw/Gebouw.9048323/0","properties":{"source":"Digitaal Vlaanderen Gebouwenregister","source_id":"gebouw/Gebouw.9048323/0","kind":"building","height_m":7.88,"status":null},"geometry":{"type":"Polygon","coordinates":[[[3.97096902,50.96927225],[3.97091626,50.9691707],[3.97106522,50.9691401],[3.97109213,50.96919235],[3.9711104,50.9691886],[3.97113585,50.96923799],[3.97096902,50.96927225]]]}},{"type":"Feature","id":"gebouw/Gebouw.9048324/0","properties":{"source":"Digitaal Vlaanderen Gebouwenregister","source_id":"gebouw/Gebouw.9048324/0","kind":"building","height_m":8.6,"status":null},"geometry":{"type":"Polygon","coordinates":[[[3.97265093,50.96780907],[3.9726292,50.96780301],[3.9726708,50.96773154],[3.97278835,50.96775883],[3.97271018,50.96789299],[3.97270556,50.96790091],[3.97266639,50.96789091],[3.97268603,50.96785761],[3.97266421,50.96785287],[3.97263186,50.96784313],[3.97265093,50.96780907]]]}},{"type":"Feature","id":"gebouw/Gebouw.9048325/0","properties":{"source":"Digitaal Vlaanderen Gebouwenregister","source_id":"gebouw/Gebouw.9048325/0","kind":"building","height_m":9.32,"status":null},"geometry":{"type":"Polygon","coordinates":[[[3.97184364,50.96857232],[3.9717946,50.96865678],[3.97174244,50.9686442],[3.97174412,50.96864089],[3.97164669,50.96861833],[3.9716964,50.96853671],[3.97171981,50.96849828],[3.97179705,50.96851726],[3.97177486,50.96855569],[3.97184364,50.96857232]]]}},{"type":"Feature","id":"gebouw/Gebouw.9048330/0","properties":{"source":"Digitaal Vlaanderen Gebouwenregister","source_id":"gebouw/Gebouw.9048330/0","kind":"building","height_m":7.88,"status":null},"geometry":{"type":"Polygon","coordinates":[[[3.97107281,50.97366834],[3.97114751,50.97371227],[3.97110153,50.97374321],[3.97102895,50.973698],[3.97107281,50.97366834]]]}},{"type":"Feature","id":"gebouw/Gebouw.9048421/0","properties":{"source":"Digitaal Vlaanderen Gebouwenregister","source_id":"gebouw/Gebouw.9048421/0","kind":"building","height_m":7.88,"status":null},"geometry":{"type":"Polygon","coordinates":[[[3.96553947,50.96963229],[3.96547761,50.96970101],[3.9654207,50.96968032],[3.96542776,50.96967249],[3.96545323,50.96964422],[3.96544532,50.96961294],[3.96541646,50.96949689],[3.96541633,50.9694959],[3.9655004,50.96948684],[3.96550108,50.96948901],[3.96553947,50.96963229]]]}},{"type":"Feature","id":"gebouw/Gebouw.9048422/0","properties":{"source":"Digitaal Vlaanderen Gebouwenregister","source_id":"gebouw/Gebouw.9048422/0","kind":"building","height_m":8.6,"status":null},"geometry":{"type":"Polygon","coordinates":[[[3.96544532,50.96961294],[3.96545323,50.96964422],[3.96542776,50.96967249],[3.96537134,50.96965299],[3.96534407,50.96955125],[3.9653322,50.96950694],[3.96533196,50.96950586],[3.965416,50.96949694],[3.96541646,50.96949689],[3.96544532,50.96961294]]]}},{"type":"Feature","id":"gebouw/Gebouw.9048582/0","properties":{"source":"Digitaal Vlaanderen Gebouwenregister","source_id":"gebouw/Gebouw.9048582/0","kind":"building","height_m":7.88,"status":null},"geometry":{"type":"Polygon","coordinates":[[[3.97170125,50.96920918],[3.97174804,50.96922226],[3.97172589,50.9692501],[3.97167882,50.96923608],[3.97170125,50.96920918]]]}},{"type":"Feature","id":"gebouw/Gebouw.9048583/0","properties":{"source":"Digitaal Vlaanderen Gebouwenregister","source_id":"gebouw/Gebouw.9048583/0","kind":"building","height_m":8.6,"status":null},"geometry":{"type":"Polygon","coordinates":[[[3.97152854,50.96879477],[3.97157302,50.96880595],[3.97155055,50.96884503],[3.97150636,50.96883404],[3.97152854,50.96879477]]]}},{"type":"Feature","id":"gebouw/Gebouw.9048629/0","properties":{"source":"Digitaal Vlaanderen Gebouwenregister","source_id":"gebouw/Gebouw.9048629/0","kind":"building","height_m":6.44,"status":null},"geometry":{"type":"Polygon","coordinates":[[[3.9733253,50.97356823],[3.9733269,50.97353266],[3.97341439,50.97353384],[3.97341247,50.97356997],[3.9733253,50.97356823]]]}},{"type":"Feature","id":"gebouw/Gebouw.9048633/0","properties":{"source":"Digitaal Vlaanderen Gebouwenregister","source_id":"gebouw/Gebouw.9048633/0","kind":"building","height_m":9.32,"status":null},"geometry":{"type":"Polygon","coordinates":[[[3.96534554,50.96883179],[3.9653579,50.9687941],[3.96542026,50.96880212],[3.96540849,50.96884019],[3.96534554,50.96883179]]]}},{"type":"Feature","id":"gebouw/Gebouw.9048634/0","properties":{"source":"Digitaal Vlaanderen Gebouwenregister","source_id":"gebouw/Gebouw.9048634/0","kind":"building","height_m":5.0,"status":null},"geometry":{"type":"Polygon","coordinates":[[[3.96514096,50.96914493],[3.96517319,50.96914281],[3.96518881,50.96921904],[3.96513735,50.96922388],[3.96514818,50.96928095],[3.96502006,50.96929016],[3.96499576,50.96915446],[3.96502931,50.96915226],[3.96514096,50.96914493]]]}},{"type":"Feature","id":"gebouw/Gebouw.9048642/0","properties":{"source":"Digitaal Vlaanderen Gebouwenregister","source_id":"gebouw/Gebouw.9048642/0","kind":"building","height_m":5.72,"status":null},"geometry":{"type":"Polygon","coordinates":[[[3.96460707,50.96959993],[3.9645812,50.96966144],[3.96455228,50.96973023],[3.96454534,50.96972872],[3.96446089,50.96971036],[3.96443728,50.96970523],[3.96445043,50.96967242],[3.96441874,50.96966819],[3.96448868,50.96958316],[3.96460707,50.96959993]]]}},{"type":"Feature","id":"gebouw/Gebouw.9048645/0","properties":{"source":"Digitaal Vlaanderen Gebouwenregister","source_id":"gebouw/Gebouw.9048645/0","kind":"building","height_m":7.88,"status":null},"geometry":{"type":"Polygon","coordinates":[[[3.96960441,50.97051502],[3.96968967,50.97047966],[3.9697232,50.97051291],[3.96963846,50.97054838],[3.96960441,50.97051502]]]}},{"type":"Feature","id":"gebouw/Gebouw.9048698/0","properties":{"source":"Digitaal Vlaanderen Gebouwenregister","source_id":"gebouw/Gebouw.9048698/0","kind":"building","height_m":5.72,"status":null},"geometry":{"type":"Polygon","coordinates":[[[3.97343089,50.96832235],[3.97331428,50.96829591],[3.97333864,50.96825311],[3.97346699,50.9682825],[3.97343089,50.96832235]]]}},{"type":"Feature","id":"gebouw/Gebouw.9048727/0","properties":{"source":"Digitaal Vlaanderen Gebouwenregister","source_id":"gebouw/Gebouw.9048727/0","kind":"building","height_m":6.44,"status":null},"geometry":{"type":"Polygon","coordinates":[[[3.97367413,50.97351768],[3.97367675,50.97346801],[3.97387582,50.97347318],[3.9738735,50.97350908],[3.97387642,50.97350915],[3.97387524,50.97352686],[3.97387245,50.97352686],[3.97387035,50.97356267],[3.97370073,50.97355868],[3.97370015,50.97356255],[3.97366338,50.97356214],[3.97366642,50.97351759],[3.97367413,50.97351768]]]}},{"type":"Feature","id":"gebouw/Gebouw.9049148/0","properties":{"source":"Digitaal Vlaanderen Gebouwenregister","source_id":"gebouw/Gebouw.9049148/0","kind":"building","height_m":7.16,"status":null},"geometry":{"type":"Polygon","coordinates":[[[3.97295542,50.96849785],[3.97299887,50.96841371],[3.97323093,50.96846261],[3.97321124,50.96849779],[3.9731116,50.96847605],[3.97308634,50.96852471],[3.97295542,50.96849785]]]}},{"type":"Feature","id":"gebouw/Gebouw.9049183/0","properties":{"source":"Digitaal Vlaanderen Gebouwenregister","source_id":"gebouw/Gebouw.9049183/0","kind":"building","height_m":7.16,"status":null},"geometry":{"type":"Polygon","coordinates":[[[3.97372241,50.97042902],[3.97374773,50.97039409],[3.97382132,50.97041441],[3.9737948,50.97044969],[3.97372241,50.97042902]]]}},{"type":"Feature","id":"gebouw/Gebouw.9049189/0","properties":{"source":"Digitaal Vlaanderen Gebouwenregister","source_id":"gebouw/Gebouw.9049189/0","kind":"building","height_m":6.44,"status":null},"geometry":{"type":"Polygon","coordinates":[[[3.9729019,50.97314274],[3.97285205,50.97312232],[3.97287583,50.97309974],[3.97292627,50.97312054],[3.9729019,50.97314274]]]}},{"type":"Feature","id":"gebouw/Gebouw.9049191/0","properties":{"source":"Digitaal Vlaanderen Gebouwenregister","source_id":"gebouw/Gebouw.9049191/0","kind":"building","height_m":7.88,"status":null},"geometry":{"type":"Polygon","coordinates":[[[3.97231845,50.97237522],[3.97227918,50.9723621],[3.97226568,50.97237806],[3.97224893,50.97237244],[3.9722049,50.97241839],[3.97210019,50.97237618],[3.97222883,50.97224484],[3.97241013,50.97232002],[3.97231845,50.97237522]]]}},{"type":"Feature","id":"gebouw/Gebouw.9049192/0","properties":{"source":"Digitaal Vlaanderen Gebouwenregister","source_id":"gebouw/Gebouw.9049192/0","kind":"building","height_m":8.6,"status":null},"geometry":{"type":"Polygon","coordinates":[[[3.97272744,50.9720107],[3.97282358,50.97204009],[3.97273983,50.97214753],[3.97269641,50.97213404],[3.97267609,50.97215973],[3.97256272,50.97212467],[3.97258327,50.97209818],[3.97261436,50.97205809],[3.97260261,50.97205443],[3.9726302,50.97201915],[3.97271253,50.9720448],[3.97273561,50.97201566],[3.9727256,50.97201292],[3.97272744,50.9720107]]]}},{"type":"Feature","id":"gebouw/Gebouw.9049203/0","properties":{"source":"Digitaal Vlaanderen Gebouwenregister","source_id":"gebouw/Gebouw.9049203/0","kind":"building","height_m":6.44,"status":null},"geometry":{"type":"Polygon","coordinates":[[[3.9658065,50.96990448],[3.96582692,50.96987512],[3.9658861,50.9698906],[3.96586597,50.96992015],[3.9658065,50.96990448]]]}},{"type":"Feature","id":"gebouw/Gebouw.9049204/0","properties":{"source":"Digitaal Vlaanderen Gebouwenregister","source_id":"gebouw/Gebouw.9049204/0","kind":"building","height_m":7.16,"status":null},"geometry":{"type":"Polygon","coordinates":[[[3.96561625,50.96982496],[3.96567889,50.96984421],[3.96564193,50.96989174],[3.96558109,50.96987176],[3.96561625,50.96982496]]]}},{"type":"Feature","id":"gebouw/Gebouw.9049205/0","properties":{"source":"Digitaal Vlaanderen Gebouwenregister","source_id":"gebouw/Gebouw.9049205/0","kind":"building","height_m":7.88,"status":null},"geometry":{"type":"Polygon","coordinates":[[[3.96349151,50.96941709],[3.96346156,50.96935438],[3.96349407,50.96934819],[3.9635231,50.96941183],[3.96349151,50.96941709]]]}},{"type":"Feature","id":"gebouw/Gebouw.9049206/0","properties":{"source":"Digitaal Vlaanderen Gebouwenregister","source_id":"gebouw/Gebouw.9049206/0","kind":"building","height_m":8.6,"status":null},"geometry":{"type":"Polygon","coordinates":[[[3.9631466,50.96900014],[3.96313049,50.96896212],[3.96317047,50.96895396],[3.96318896,50.96899201],[3.9631466,50.96900014]]]}},{"type":"Feature","id":"gebouw/Gebouw.9049255/0","properties":{"source":"Digitaal Vlaanderen Gebouwenregister","source_id":"gebouw/Gebouw.9049255/0","kind":"building","height_m":8.6,"status":null},"geometry":{"type":"Polygon","coordinates":[[[3.96364102,50.96859205],[3.96357248,50.96860417],[3.96345985,50.96862409],[3.96343643,50.96862823],[3.96341414,50.96863218],[3.96344426,50.96869561],[3.96351373,50.96868311],[3.96366847,50.96865394],[3.96364102,50.96859205]]]}},{"type":"Feature","id":"gebouw/Gebouw.9049256/0","properties":{"source":"Digitaal Vlaanderen Gebouwenregister","source_id":"gebouw/Gebouw.9049256/0","kind":"building","height_m":9.32,"status":null},"geometry":{"type":"Polygon","coordinates":[[[3.96433445,50.96965917],[3.96425082,50.96964632],[3.96428447,50.96956718],[3.96438762,50.96957435],[3.96433445,50.96965917]]]}},{"type":"Feature","id":"gebouw/Gebouw.9049258/0","properties":{"source":"Digitaal Vlaanderen Gebouwenregister","source_id":"gebouw/Gebouw.9049258/0","kind":"building","height_m":5.72,"status":null},"geometry":{"type":"Polygon","coordinates":[[[3.96360371,50.9695055],[3.96360427,50.96950574],[3.9636977,50.9695463],[3.96354755,50.96968419],[3.9634913,50.9696595],[3.9634349,50.96963475],[3.96343009,50.96963264],[3.96349499,50.96957368],[3.96351768,50.96958364],[3.96360245,50.96950665],[3.96360371,50.9695055]]]}},{"type":"Feature","id":"gebouw/Gebouw.9056886/0","properties":{"source":"Digitaal Vlaanderen Gebouwenregister","source_id":"gebouw/Gebouw.9056886/0","kind":"building","height_m":9.32,"status":null},"geometry":{"type":"Polygon","coordinates":[[[3.97009268,50.97175203],[3.97011073,50.97181611],[3.9699982,50.97182982],[3.96995699,50.97169374],[3.97013827,50.97167201],[3.97015939,50.97174305],[3.97009268,50.97175203]]]}},{"type":"Feature","id":"gebouw/Gebouw.9056887/0","properties":{"source":"Digitaal Vlaanderen Gebouwenregister","source_id":"gebouw/Gebouw.9056887/0","kind":"building","height_m":5.0,"status":null},"geometry":{"type":"Polygon","coordinates":[[[3.971726,50.97252571],[3.97178943,50.97254853],[3.97175208,50.97258894],[3.97168869,50.97256499],[3.971726,50.97252571]]]}},{"type":"Feature","id":"gebouw/Gebouw.9056888/0","properties":{"source":"Digitaal Vlaanderen Gebouwenregister","source_id":"gebouw/Gebouw.9056888/0","kind":"building","height_m":5.72,"status":null},"geometry":{"type":"Polygon","coordinates":[[[3.97324521,50.97287071],[3.97320143,50.97285082],[3.97311402,50.97292766],[3.97315897,50.97294804],[3.97324521,50.97287071]]]}},{"type":"Feature","id":"gebouw/Gebouw.9057069/0","properties":{"source":"Digitaal Vlaanderen Gebouwenregister","source_id":"gebouw/Gebouw.9057069/0","kind":"building","height_m":5.0,"status":null},"geometry":{"type":"Polygon","coordinates":[[[3.97254095,50.96956686],[3.97251737,50.96958727],[3.97261006,50.96962955],[3.97260026,50.96963886],[3.97257072,50.96966205],[3.97238007,50.9695711],[3.97240601,50.96955083],[3.97241251,50.96955436],[3.97244788,50.96952385],[3.97254095,50.96956686]]]}},{"type":"Feature","id":"gebouw/Gebouw.9057074/0","properties":{"source":"Digitaal Vlaanderen Gebouwenregister","source_id":"gebouw/Gebouw.9057074/0","kind":"building","height_m":8.6,"status":null},"geometry":{"type":"Polygon","coordinates":[[[3.97316643,50.97052517],[3.97321328,50.97053638],[3.9731931,50.9705678],[3.97314539,50.97055565],[3.97316643,50.97052517]]]}},{"type":"Feature","id":"gebouw/Gebouw.9057075/0","properties":{"source":"Digitaal Vlaanderen Gebouwenregister","source_id":"gebouw/Gebouw.9057075/0","kind":"building","height_m":9.32,"status":null},"geometry":{"type":"Polygon","coordinates":[[[3.97306442,50.97025279],[3.97315214,50.97027664],[3.97313177,50.9703045],[3.97304524,50.97028067],[3.97306442,50.97025279]]]}},{"type":"Feature","id":"gebouw/Gebouw.9057076/0","properties":{"source":"Digitaal Vlaanderen Gebouwenregister","source_id":"gebouw/Gebouw.9057076/0","kind":"building","height_m":5.0,"status":null},"geometry":{"type":"Polygon","coordinates":[[[3.97311249,50.96944961],[3.97315704,50.96946885],[3.97313263,50.96949111],[3.97308763,50.96947275],[3.97311249,50.96944961]]]}},{"type":"Feature","id":"gebouw/Gebouw.9057089/0","properties":{"source":"Digitaal Vlaanderen Gebouwenregister","source_id":"gebouw/Gebouw.9057089/0","kind":"building","height_m":9.32,"status":null},"geometry":{"type":"Polygon","coordinates":[[[3.97084042,50.96895852],[3.9708253,50.96892726],[3.97088141,50.96891516],[3.97089773,50.96894606],[3.97084042,50.96895852]]]}},{"type":"Feature","id":"gebouw/Gebouw.9057090/0","properties":{"source":"Digitaal Vlaanderen Gebouwenregister","source_id":"gebouw/Gebouw.9057090/0","kind":"building","height_m":5.0,"status":null},"geometry":{"type":"Polygon","coordinates":[[[3.97168912,50.96899982],[3.97174286,50.9690083],[3.97173286,50.96903647],[3.97167853,50.96902761],[3.97168912,50.96899982]]]}},{"type":"Feature","id":"gebouw/Gebouw.9057091/0","properties":{"source":"Digitaal Vlaanderen Gebouwenregister","source_id":"gebouw/Gebouw.9057091/0","kind":"building","height_m":5.72,"status":null},"geometry":{"type":"Polygon","coordinates":[[[3.96991392,50.9705738],[3.96995474,50.97055703],[3.96998007,50.97058429],[3.96993926,50.97060068],[3.96991392,50.9705738]]]}},{"type":"Feature","id":"gebouw/Gebouw.9057241/0","properties":{"source":"Digitaal Vlaanderen Gebouwenregister","source_id":"gebouw/Gebouw.9057241/0","kind":"building","height_m":7.88,"status":null},"geometry":{"type":"Polygon","coordinates":[[[3.96549879,50.96976378],[3.96548525,50.96977926],[3.96545412,50.96976841],[3.96548726,50.96972983],[3.96551925,50.9697404],[3.96549879,50.96976378]]]}},{"type":"Feature","id":"gebouw/Gebouw.9057288/0","properties":{"source":"Digitaal Vlaanderen Gebouwenregister","source_id":"gebouw/Gebouw.9057288/0","kind":"building","height_m":6.44,"status":null},"geometry":{"type":"Polygon","coordinates":[[[3.97361876,50.97339515],[3.97362482,50.97330537],[3.97388479,50.97331092],[3.97388198,50.97336334],[3.97383647,50.97336239],[3.97383475,50.97340007],[3.97361876,50.97339515]]]}},{"type":"Feature","id":"gebouw/Gebouw.9057289/0","properties":{"source":"Digitaal Vlaanderen Gebouwenregister","source_id":"gebouw/Gebouw.9057289/0","kind":"building","height_m":7.16,"status":null},"geometry":{"type":"Polygon","coordinates":[[[3.97032246,50.97421882],[3.97019914,50.97419701],[3.9702464,50.9740905],[3.97046705,50.97412952],[3.97043694,50.9741925],[3.9703422,50.97417512],[3.97032246,50.97421882]]]}},{"type":"Feature","id":"gebouw/Gebouw.9057301/0","properties":{"source":"Digitaal Vlaanderen Gebouwenregister","source_id":"gebouw/Gebouw.9057301/0","kind":"building","height_m":5.72,"status":null},"geometry":{"type":"Polygon","coordinates":[[[3.96957228,50.97375298],[3.96965745,50.97376755],[3.96963956,50.97380923],[3.96961098,50.97387582],[3.96959293,50.97391788],[3.96938564,50.97388241],[3.96940037,50.97384787],[3.96938147,50.97384466],[3.96941582,50.97376376],[3.9694362,50.9737668],[3.96945208,50.97373027],[3.96946508,50.97373229],[3.96948549,50.97368232],[3.96959414,50.97370079],[3.96957228,50.97375298]]]}},{"type":"Feature","id":"gebouw/Gebouw.9057302/0","properties":{"source":"Digitaal Vlaanderen Gebouwenregister","source_id":"gebouw/Gebouw.9057302/0","kind":"building","height_m":6.44,"status":null},"geometry":{"type":"Polygon","coordinates":[[[3.96982738,50.97330504],[3.9700181,50.97333539],[3.96996589,50.97346613],[3.96971669,50.97342648],[3.96973472,50.97337966],[3.9697938,50.97338858],[3.96982738,50.97330504]]]}},{"type":"Feature","id":"gebouw/Gebouw.9057313/0","properties":{"source":"Digitaal Vlaanderen Gebouwenregister","source_id":"gebouw/Gebouw.9057313/0","kind":"building","height_m":9.32,"status":null},"geometry":{"type":"Polygon","coordinates":[[[3.96354904,50.96849421],[3.96369714,50.96846784],[3.96367292,50.96841264],[3.96349456,50.96844498],[3.9634855,50.96842468],[3.96339725,50.9684404],[3.96339898,50.96844426],[3.96339923,50.96844483],[3.96342067,50.96849285],[3.9635137,50.96847629],[3.96352655,50.96850506],[3.96355187,50.96850055],[3.96354904,50.96849421]]]}},{"type":"Feature","id":"gebouw/Gebouw.9057345/0","properties":{"source":"Digitaal Vlaanderen Gebouwenregister","source_id":"gebouw/Gebouw.9057345/0","kind":"building","height_m":7.16,"status":null},"geometry":{"type":"Polygon","coordinates":[[[3.97343903,50.97281506],[3.97341264,50.97284104],[3.97336168,50.97282149],[3.97338736,50.9727948],[3.97343903,50.97281506]]]}},{"type":"Feature","id":"gebouw/Gebouw.9057346/0","properties":{"source":"Digitaal Vlaanderen Gebouwenregister","source_id":"gebouw/Gebouw.9057346/0","kind":"building","height_m":7.88,"status":null},"geometry":{"type":"Polygon","coordinates":[[[3.97015909,50.97197544],[3.96996274,50.97200061],[3.96996059,50.97199403],[3.96994974,50.9719896],[3.96994107,50.97196065],[3.96995077,50.97195327],[3.96994731,50.97194288],[3.96994454,50.97193456],[3.96993962,50.97191975],[3.97010527,50.97189852],[3.9701087,50.97190919],[3.97011137,50.97191753],[3.97012115,50.97194797],[3.97014899,50.97194453],[3.97015909,50.97197544]]]}},{"type":"Feature","id":"gebouw/Gebouw.9057347/0","properties":{"source":"Digitaal Vlaanderen Gebouwenregister","source_id":"gebouw/Gebouw.9057347/0","kind":"building","height_m":8.6,"status":null},"geometry":{"type":"Polygon","coordinates":[[[3.97152527,50.97221999],[3.97144355,50.97230304],[3.97139563,50.97228424],[3.9714085,50.97227109],[3.97140902,50.97227056],[3.97142152,50.97225778],[3.97147611,50.97220198],[3.97152527,50.97221999]]]}},{"type":"Feature","id":"gebouw/Gebouw.9057416/0","properties":{"source":"Digitaal Vlaanderen Gebouwenregister","source_id":"gebouw/Gebouw.9057416/0","kind":"building","height_m":7.88,"status":null},"geometry":{"type":"Polygon","coordinates":[[[3.97173926,50.9711695],[3.97165497,50.97126364],[3.97152922,50.97122004],[3.97156908,50.97117396],[3.97158153,50.97117825],[3.97162377,50.97112945],[3.97173926,50.9711695]]]}},{"type":"Feature","id":"gebouw/Gebouw.9057417/0","properties":{"source":"Digitaal Vlaanderen Gebouwenregister","source_id":"gebouw/Gebouw.9057417/0","kind":"building","height_m":8.6,"status":null},"geometry":{"type":"Polygon","coordinates":[[[3.97176992,50.97109847],[3.97175587,50.97111468],[3.97171891,50.97110178],[3.97162545,50.97106917],[3.9716519,50.97103895],[3.97165839,50.97104121],[3.97170117,50.97099232],[3.97172018,50.97099895],[3.97180076,50.97102705],[3.97182463,50.97103537],[3.97181831,50.97104266],[3.97176992,50.97109847]]]}},{"type":"Feature","id":"gebouw/Gebouw.9057418/0","properties":{"source":"Digitaal Vlaanderen Gebouwenregister","source_id":"gebouw/Gebouw.9057418/0","kind":"building","height_m":9.32,"status":null},"geometry":{"type":"Polygon","coordinates":[[[3.97101413,50.9694312],[3.97096883,50.96934589],[3.97113408,50.96931132],[3.97115694,50.9693549],[3.97115172,50.96935604],[3.97117624,50.96940277],[3.97116975,50.96940413],[3.97107644,50.96942365],[3.97107157,50.96942467],[3.97106901,50.96942058],[3.97101413,50.9694312]]]}},{"type":"Feature","id":"gebouw/Gebouw.9057419/0","properties":{"source":"Digitaal Vlaanderen Gebouwenregister","source_id":"gebouw/Gebouw.9057419/0","kind":"building","height_m":5.0,"status":null},"geometry":{"type":"Polygon","coordinates":[[[3.9715124,50.96912337],[3.97155569,50.96920862],[3.9714385,50.96923353],[3.9714228,50.96920407],[3.97142681,50.96920322],[3.97139856,50.96915023],[3.97139464,50.96915086],[3.97139335,50.96914869],[3.9715124,50.96912337]]]}},{"type":"Feature","id":"gebouw/Gebouw.9057457/0","properties":{"source":"Digitaal Vlaanderen Gebouwenregister","source_id":"gebouw/Gebouw.9057457/0","kind":"building","height_m":7.16,"status":null},"geometry":{"type":"Polygon","coordinates":[[[3.97328254,50.97072934],[3.97336206,50.97074972],[3.97334468,50.97077649],[3.9732655,50.9707548],[3.97328254,50.97072934]]]}},{"type":"Feature","id":"gebouw/Gebouw.9057743/0","properties":{"source":"Digitaal Vlaanderen Gebouwenregister","source_id":"gebouw/Gebouw.9057743/0","kind":"building","height_m":6.44,"status":null},"geometry":{"type":"Polygon","coordinates":[[[3.96632719,50.96894811],[3.96626949,50.96895345],[3.96627709,50.96898856],[3.96619088,50.96899507],[3.96618392,50.96895846],[3.96618036,50.96895842],[3.96612902,50.96869973],[3.96614419,50.96869822],[3.96613874,50.968671],[3.96625381,50.96866163],[3.96625954,50.96868942],[3.96627501,50.9686881],[3.96632719,50.96894811]]]}},{"type":"Feature","id":"gebouw/Gebouw.9064305/0","properties":{"source":"Digitaal Vlaanderen Gebouwenregister","source_id":"gebouw/Gebouw.9064305/0","kind":"building","height_m":8.6,"status":null},"geometry":{"type":"Polygon","coordinates":[[[3.97381965,50.96836567],[3.9737783,50.96835029],[3.97372815,50.96833163],[3.97361929,50.96829112],[3.97356874,50.96834624],[3.9736773,50.96838628],[3.97370971,50.96835204],[3.97377282,50.96837542],[3.97374147,50.96840995],[3.97376983,50.96842041],[3.97381965,50.96836567]]]}},{"type":"Feature","id":"gebouw/Gebouw.9064378/0","properties":{"source":"Digitaal Vlaanderen Gebouwenregister","source_id":"gebouw/Gebouw.9064378/0","kind":"building","height_m":5.72,"status":null},"geometry":{"type":"Polygon","coordinates":[[[3.97353079,50.97032458],[3.97349292,50.97037478],[3.97347838,50.97039403],[3.9733577,50.97036082],[3.97337226,50.97033954],[3.97340599,50.9702902],[3.97353079,50.97032458]]]}},{"type":"Feature","id":"gebouw/Gebouw.9064381/0","properties":{"source":"Digitaal Vlaanderen Gebouwenregister","source_id":"gebouw/Gebouw.9064381/0","kind":"building","height_m":7.88,"status":null},"geometry":{"type":"Polygon","coordinates":[[[3.97193575,50.96969303],[3.97191115,50.96971317],[3.97193627,50.96972694],[3.97188896,50.96976311],[3.97176265,50.96969874],[3.97176486,50.9696969],[3.97172892,50.96967773],[3.9717665,50.96964691],[3.97179371,50.96965995],[3.97182279,50.9696367],[3.97193575,50.96969303]]]}},{"type":"Feature","id":"gebouw/Gebouw.9064383/0","properties":{"source":"Digitaal Vlaanderen Gebouwenregister","source_id":"gebouw/Gebouw.9064383/0","kind":"building","height_m":9.32,"status":null},"geometry":{"type":"Polygon","coordinates":[[[3.97355649,50.96952545],[3.97357689,50.96954872],[3.97352564,50.96956706],[3.97350466,50.96954341],[3.97355649,50.96952545]]]}},{"type":"Feature","id":"gebouw/Gebouw.9064384/0","properties":{"source":"Digitaal Vlaanderen Gebouwenregister","source_id":"gebouw/Gebouw.9064384/0","kind":"building","height_m":5.0,"status":null},"geometry":{"type":"Polygon","coordinates":[[[3.97374499,50.96945759],[3.97369488,50.96947563],[3.97367688,50.96945396],[3.97372513,50.96943671],[3.97374499,50.96945759]]]}},{"type":"Feature","id":"gebouw/Gebouw.9064681/0","properties":{"source":"Digitaal Vlaanderen Gebouwenregister","source_id":"gebouw/Gebouw.9064681/0","kind":"building","height_m":7.16,"status":null},"geometry":{"type":"Polygon","coordinates":[[[3.97329617,50.96786714],[3.97321142,50.96800602],[3.97317177,50.96799817],[3.97318836,50.96796745],[3.97316455,50.96796226],[3.97322813,50.96785297],[3.97329617,50.96786714]]]}},{"type":"Feature","id":"gebouw/Gebouw.9064682/0","properties":{"source":"Digitaal Vlaanderen Gebouwenregister","source_id":"gebouw/Gebouw.9064682/0","kind":"building","height_m":7.88,"status":null},"geometry":{"type":"Polygon","coordinates":[[[3.97255719,50.96924821],[3.97258875,50.96921519],[3.97247685,50.9691736],[3.97235999,50.96915017],[3.97234256,50.96918912],[3.97227167,50.96917857],[3.97226636,50.9691918],[3.97226113,50.96920486],[3.97234682,50.9692167],[3.97236574,50.96921941],[3.97244,50.96923006],[3.97244384,50.96922622],[3.97244974,50.96922033],[3.97248732,50.96923466],[3.97254802,50.96925779],[3.97255719,50.96924821]]]}},{"type":"Feature","id":"gebouw/Gebouw.9064683/0","properties":{"source":"Digitaal Vlaanderen Gebouwenregister","source_id":"gebouw/Gebouw.9064683/0","kind":"building","height_m":8.6,"status":null},"geometry":{"type":"Polygon","coordinates":[[[3.97342143,50.96877788],[3.97349744,50.96880665],[3.97347789,50.96882629],[3.97343393,50.9688099],[3.97340315,50.96879842],[3.97321227,50.96872726],[3.97324917,50.96868709],[3.97327417,50.9686965],[3.97334936,50.9687248],[3.97344048,50.9687591],[3.97342143,50.96877788]]]}},{"type":"Feature","id":"gebouw/Gebouw.9064687/0","properties":{"source":"Digitaal Vlaanderen Gebouwenregister","source_id":"gebouw/Gebouw.9064687/0","kind":"building","height_m":6.44,"status":null},"geometry":{"type":"Polygon","coordinates":[[[3.9737953,50.9684298],[3.97375153,50.96847745],[3.97352459,50.96839277],[3.97356874,50.96834624],[3.9736773,50.96838628],[3.97374147,50.96840995],[3.97376983,50.96842041],[3.9737953,50.9684298]]]}},{"type":"Feature","id":"gebouw/Gebouw.9064694/0","properties":{"source":"Digitaal Vlaanderen Gebouwenregister","source_id":"gebouw/Gebouw.9064694/0","kind":"building","height_m":6.44,"status":null},"geometry":{"type":"Polygon","coordinates":[[[3.97116282,50.96974215],[3.97119293,50.96974736],[3.97118795,50.96975884],[3.97122375,50.96976503],[3.97121326,50.9697892],[3.97114576,50.96977752],[3.9711628,50.96974218],[3.97116282,50.96974215]]]}},{"type":"Feature","id":"gebouw/Gebouw.9064695/0","properties":{"source":"Digitaal Vlaanderen Gebouwenregister","source_id":"gebouw/Gebouw.9064695/0","kind":"building","height_m":7.16,"status":null},"geometry":{"type":"Polygon","coordinates":[[[3.97308634,50.96852471],[3.97304123,50.96860905],[3.9726191,50.96852384],[3.9725084,50.96850149],[3.97252821,50.96846231],[3.97264562,50.968485],[3.97264282,50.96848965],[3.97282299,50.96852747],[3.97284041,50.96849114],[3.97285776,50.9684852],[3.97289996,50.96849327],[3.97290293,50.96848709],[3.97295542,50.96849785],[3.97308634,50.96852471]]]}},{"type":"Feature","id":"gebouw/Gebouw.9064696/0","properties":{"source":"Digitaal Vlaanderen Gebouwenregister","source_id":"gebouw/Gebouw.9064696/0","kind":"building","height_m":7.88,"status":null},"geometry":{"type":"Polygon","coordinates":[[[3.97304123,50.96860905],[3.97301318,50.96866149],[3.97282947,50.96862288],[3.97283673,50.96860742],[3.97260021,50.96855903],[3.9726191,50.96852384],[3.97304123,50.96860905]]]}},{"type":"Feature","id":"gebouw/Gebouw.9064849/0","properties":{"source":"Digitaal Vlaanderen Gebouwenregister","source_id":"gebouw/Gebouw.9064849/0","kind":"building","height_m":7.16,"status":null},"geometry":{"type":"Polygon","coordinates":[[[3.96443731,50.96974941],[3.96439856,50.9698133],[3.96448495,50.96984201],[3.96450393,50.96980591],[3.96446603,50.96979631],[3.96448281,50.96975923],[3.96443731,50.96974941]]]}},{"type":"Feature","id":"gebouw/Gebouw.9064965/0","properties":{"source":"Digitaal Vlaanderen Gebouwenregister","source_id":"gebouw/Gebouw.9064965/0","kind":"building","height_m":5.0,"status":null},"geometry":{"type":"Polygon","coordinates":[[[3.97316455,50.96796226],[3.97322813,50.96785297],[3.97316108,50.9678386],[3.97309002,50.96796247],[3.97313083,50.96797196],[3.97315556,50.96797772],[3.97316455,50.96796226]]]}},{"type":"Feature","id":"gebouw/Gebouw.9064966/0","properties":{"source":"Digitaal Vlaanderen Gebouwenregister","source_id":"gebouw/Gebouw.9064966/0","kind":"building","height_m":5.72,"status":null},"geometry":{"type":"Polygon","coordinates":[[[3.97172461,50.96991437],[3.97167635,50.96994781],[3.97158674,50.96989641],[3.97149409,50.96987888],[3.97150856,50.9698502],[3.9715584,50.96986032],[3.97156687,50.96984412],[3.97158663,50.96984827],[3.97162259,50.96985584],[3.97172461,50.96991437]]]}},{"type":"Feature","id":"gebouw/Gebouw.9064967/0","properties":{"source":"Digitaal Vlaanderen Gebouwenregister","source_id":"gebouw/Gebouw.9064967/0","kind":"building","height_m":6.44,"status":null},"geometry":{"type":"Polygon","coordinates":[[[3.97156322,50.97076796],[3.97168248,50.97067919],[3.97136133,50.9705102],[3.97133946,50.9704984],[3.97133923,50.97049857],[3.97120981,50.97059656],[3.97137757,50.97068791],[3.97138151,50.97068514],[3.97155185,50.97077642],[3.97156322,50.97076796]]]}},{"type":"Feature","id":"gebouw/Gebouw.9064968/0","properties":{"source":"Digitaal Vlaanderen Gebouwenregister","source_id":"gebouw/Gebouw.9064968/0","kind":"building","height_m":7.16,"status":null},"geometry":{"type":"Polygon","coordinates":[[[3.9728243,50.96941586],[3.97263069,50.96934471],[3.97259472,50.96938374],[3.97273889,50.96943776],[3.97278634,50.96945554],[3.9728243,50.96941586]]]}},{"type":"Feature","id":"gebouw/Gebouw.9065044/0","properties":{"source":"Digitaal Vlaanderen Gebouwenregister","source_id":"gebouw/Gebouw.9065044/0","kind":"building","height_m":6.44,"status":null},"geometry":{"type":"Polygon","coordinates":[[[3.9716329,50.9698069],[3.971711,50.96975191],[3.9718225,50.96981574],[3.97174435,50.96986801],[3.97163699,50.96980914],[3.9716329,50.9698069]]]}},{"type":"Feature","id":"gebouw/Gebouw.9065045/0","properties":{"source":"Digitaal Vlaanderen Gebouwenregister","source_id":"gebouw/Gebouw.9065045/0","kind":"building","height_m":7.16,"status":null},"geometry":{"type":"Polygon","coordinates":[[[3.97107664,50.97159474],[3.97098058,50.9715682],[3.97106782,50.9714464],[3.97108852,50.9714175],[3.97113624,50.97142928],[3.97111553,50.97145845],[3.97115732,50.97147017],[3.97112577,50.97151551],[3.97113135,50.97151763],[3.97107664,50.97159474]]]}},{"type":"Feature","id":"gebouw/Gebouw.9065046/0","properties":{"source":"Digitaal Vlaanderen Gebouwenregister","source_id":"gebouw/Gebouw.9065046/0","kind":"building","height_m":7.88,"status":null},"geometry":{"type":"Polygon","coordinates":[[[3.97071434,50.97094218],[3.97076133,50.97095882],[3.97077761,50.97093934],[3.97086349,50.97096541],[3.97084617,50.97099031],[3.97082201,50.97098298],[3.97080824,50.97099906],[3.97077826,50.97098935],[3.97076782,50.9710016],[3.97063201,50.9709581],[3.97065303,50.97093165],[3.97054152,50.9708949],[3.97063948,50.97082971],[3.97076607,50.97090771],[3.97071434,50.97094218]]]}},{"type":"Feature","id":"gebouw/Gebouw.9065143/0","properties":{"source":"Digitaal Vlaanderen Gebouwenregister","source_id":"gebouw/Gebouw.9065143/0","kind":"building","height_m":7.16,"status":null},"geometry":{"type":"Polygon","coordinates":[[[3.97277078,50.96749911],[3.97275661,50.9675954],[3.97271802,50.96766454],[3.97266141,50.96765194],[3.97269845,50.96758539],[3.97270992,50.96751156],[3.97271245,50.96749526],[3.97277078,50.96749911]]]}},{"type":"Feature","id":"gebouw/Gebouw.9065144/0","properties":{"source":"Digitaal Vlaanderen Gebouwenregister","source_id":"gebouw/Gebouw.9065144/0","kind":"building","height_m":7.88,"status":null},"geometry":{"type":"Polygon","coordinates":[[[3.97324681,50.96773792],[3.97327077,50.9676928],[3.97328762,50.96761209],[3.97329283,50.96758245],[3.97329514,50.96756935],[3.97330265,50.96752667],[3.97330819,50.96749525],[3.97327345,50.96749283],[3.97325641,50.96759116],[3.97325188,50.96761489],[3.97324724,50.96764237],[3.97324459,50.96765208],[3.97322616,50.96769533],[3.97315987,50.96767941],[3.97311804,50.96775294],[3.97322579,50.96777644],[3.97323951,50.96775129],[3.97324681,50.96773792]]]}},{"type":"Feature","id":"gebouw/Gebouw.9065148/0","properties":{"source":"Digitaal Vlaanderen Gebouwenregister","source_id":"gebouw/Gebouw.9065148/0","kind":"building","height_m":5.72,"status":null},"geometry":{"type":"Polygon","coordinates":[[[3.96365473,50.96789525],[3.96365132,50.96785075],[3.96341423,50.96787815],[3.9634147,50.96788256],[3.96341896,50.9679225],[3.96365473,50.96789525]]]}},{"type":"Feature","id":"gebouw/Gebouw.9065149/0","properties":{"source":"Digitaal Vlaanderen Gebouwenregister","source_id":"gebouw/Gebouw.9065149/0","kind":"building","height_m":6.44,"status":null},"geometry":{"type":"Polygon","coordinates":[[[3.96365132,50.96785075],[3.96364755,50.96780488],[3.96364404,50.96780497],[3.96362984,50.96779733],[3.96362973,50.96779489],[3.96352342,50.96779837],[3.96340937,50.96783267],[3.96341423,50.96787815],[3.96365132,50.96785075]]]}},{"type":"Feature","id":"gebouw/Gebouw.9100260/0","properties":{"source":"Digitaal Vlaanderen Gebouwenregister","source_id":"gebouw/Gebouw.9100260/0","kind":"building","height_m":5.72,"status":null},"geometry":{"type":"Polygon","coordinates":[[[3.97281427,50.97307394],[3.97286529,50.97309475],[3.97282778,50.97313085],[3.97277647,50.97310948],[3.97281427,50.97307394]]]}},{"type":"Feature","id":"gebouw/Gebouw.9100267/0","properties":{"source":"Digitaal Vlaanderen Gebouwenregister","source_id":"gebouw/Gebouw.9100267/0","kind":"building","height_m":5.72,"status":null},"geometry":{"type":"Polygon","coordinates":[[[3.97306603,50.96824425],[3.97300776,50.96823178],[3.97301487,50.96821955],[3.97302037,50.96821011],[3.97307927,50.96822256],[3.97306603,50.96824425]]]}},{"type":"Feature","id":"gebouw/Gebouw.9100299/0","properties":{"source":"Digitaal Vlaanderen Gebouwenregister","source_id":"gebouw/Gebouw.9100299/0","kind":"building","height_m":8.6,"status":null},"geometry":{"type":"Polygon","coordinates":[[[3.96330778,50.96852042],[3.96338173,50.96850703],[3.96339404,50.96854043],[3.96332342,50.96855432],[3.96330778,50.96852042]]]}},{"type":"Feature","id":"gebouw/Gebouw.9100310/0","properties":{"source":"Digitaal Vlaanderen Gebouwenregister","source_id":"gebouw/Gebouw.9100310/0","kind":"building","height_m":6.44,"status":null},"geometry":{"type":"Polygon","coordinates":[[[3.9636664,50.96802719],[3.96366277,50.96798286],[3.96349831,50.96799735],[3.96344497,50.96800205],[3.96342847,50.96800351],[3.96337716,50.96801586],[3.96337842,50.96801886],[3.96337964,50.96802178],[3.96339761,50.96806456],[3.96343762,50.96805726],[3.96350693,50.96804463],[3.96356016,50.96803492],[3.9636664,50.96802719]]]}},{"type":"Feature","id":"gebouw/Gebouw.9100311/0","properties":{"source":"Digitaal Vlaanderen Gebouwenregister","source_id":"gebouw/Gebouw.9100311/0","kind":"building","height_m":7.16,"status":null},"geometry":{"type":"Polygon","coordinates":[[[3.96349804,50.96754355],[3.96353394,50.96760558],[3.96349991,50.96761306],[3.96348773,50.96759288],[3.96349102,50.96759198],[3.96346578,50.96755142],[3.96349804,50.96754355]]]}},{"type":"Feature","id":"gebouw/Gebouw.9100428/0","properties":{"source":"Digitaal Vlaanderen Gebouwenregister","source_id":"gebouw/Gebouw.9100428/0","kind":"building","height_m":5.72,"status":null},"geometry":{"type":"Polygon","coordinates":[[[3.97336402,50.96799698],[3.97333129,50.96799005],[3.97325,50.96812605],[3.97320904,50.9681159],[3.97322423,50.96809002],[3.97326109,50.9680272],[3.97334836,50.96787847],[3.97342364,50.96789431],[3.97337339,50.96798085],[3.97336402,50.96799698]]]}},{"type":"Feature","id":"gebouw/Gebouw.9100431/0","properties":{"source":"Digitaal Vlaanderen Gebouwenregister","source_id":"gebouw/Gebouw.9100431/0","kind":"building","height_m":7.88,"status":null},"geometry":{"type":"Polygon","coordinates":[[[3.97263167,50.96953935],[3.97260647,50.96956297],[3.97247451,50.96950915],[3.97249955,50.96948467],[3.97259967,50.9695261],[3.97263167,50.96953935]]]}},{"type":"Feature","id":"gebouw/Gebouw.9100445/0","properties":{"source":"Digitaal Vlaanderen Gebouwenregister","source_id":"gebouw/Gebouw.9100445/0","kind":"building","height_m":7.88,"status":null},"geometry":{"type":"Polygon","coordinates":[[[3.97235255,50.9719244],[3.97249085,50.97197727],[3.97253587,50.97192892],[3.97258783,50.97194799],[3.97253735,50.9720014],[3.97252128,50.97199612],[3.97246051,50.97206068],[3.97232906,50.97200973],[3.97232267,50.97201547],[3.97227949,50.97200018],[3.97235255,50.9719244]]]}},{"type":"Feature","id":"gebouw/Gebouw.9100446/0","properties":{"source":"Digitaal Vlaanderen Gebouwenregister","source_id":"gebouw/Gebouw.9100446/0","kind":"building","height_m":8.6,"status":null},"geometry":{"type":"Polygon","coordinates":[[[3.97286139,50.97166121],[3.97289389,50.97167637],[3.97282691,50.97174698],[3.972789,50.97173437],[3.97286139,50.97166121]]]}},{"type":"Feature","id":"gebouw/Gebouw.9100473/0","properties":{"source":"Digitaal Vlaanderen Gebouwenregister","source_id":"gebouw/Gebouw.9100473/0","kind":"building","height_m":7.88,"status":null},"geometry":{"type":"Polygon","coordinates":[[[3.97235928,50.96831711],[3.97237499,50.96828642],[3.97255354,50.96832287],[3.97253901,50.9683538],[3.97235928,50.96831711]]]}},{"type":"Feature","id":"gebouw/Gebouw.9100474/0","properties":{"source":"Digitaal Vlaanderen Gebouwenregister","source_id":"gebouw/Gebouw.9100474/0","kind":"building","height_m":8.6,"status":null},"geometry":{"type":"Polygon","coordinates":[[[3.9726805,50.96836439],[3.97269008,50.96834958],[3.97272315,50.96835645],[3.97271411,50.96837152],[3.9726805,50.96836439]]]}},{"type":"Feature","id":"gebouw/Gebouw.9100475/0","properties":{"source":"Digitaal Vlaanderen Gebouwenregister","source_id":"gebouw/Gebouw.9100475/0","kind":"building","height_m":9.32,"status":null},"geometry":{"type":"Polygon","coordinates":[[[3.9717878,50.96766075],[3.97176317,50.96769747],[3.97167848,50.96767775],[3.97169103,50.9676559],[3.97171117,50.96762083],[3.97172511,50.96759656],[3.97176691,50.96752379],[3.97185288,50.9675438],[3.9717878,50.96766075]]]}},{"type":"Feature","id":"gebouw/Gebouw.9100497/0","properties":{"source":"Digitaal Vlaanderen Gebouwenregister","source_id":"gebouw/Gebouw.9100497/0","kind":"building","height_m":5.0,"status":null},"geometry":{"type":"Polygon","coordinates":[[[3.97171958,50.96953399],[3.97170651,50.96956587],[3.97156921,50.96954352],[3.97158906,50.96951303],[3.97171958,50.96953399]]]}},{"type":"Feature","id":"gebouw/Gebouw.9100530/0","properties":{"source":"Digitaal Vlaanderen Gebouwenregister","source_id":"gebouw/Gebouw.9100530/0","kind":"building","height_m":8.6,"status":null},"geometry":{"type":"Polygon","coordinates":[[[3.97109302,50.97253257],[3.97106862,50.97256161],[3.97104235,50.97259286],[3.97106643,50.97260175],[3.97100236,50.97267426],[3.9708344,50.97261354],[3.97090314,50.97253431],[3.97094881,50.97248167],[3.97109302,50.97253257]]]}},{"type":"Feature","id":"gebouw/Gebouw.9100534/0","properties":{"source":"Digitaal Vlaanderen Gebouwenregister","source_id":"gebouw/Gebouw.9100534/0","kind":"building","height_m":6.44,"status":null},"geometry":{"type":"Polygon","coordinates":[[[3.97259984,50.97242765],[3.97243636,50.97250787],[3.97241329,50.97248956],[3.97236858,50.97245408],[3.97244185,50.97241332],[3.97246369,50.97240122],[3.97252609,50.97236663],[3.97256261,50.97234639],[3.97260773,50.97237813],[3.97256538,50.97240213],[3.97259984,50.97242765]]]}},{"type":"Feature","id":"gebouw/Gebouw.9100535/0","properties":{"source":"Digitaal Vlaanderen Gebouwenregister","source_id":"gebouw/Gebouw.9100535/0","kind":"building","height_m":7.16,"status":null},"geometry":{"type":"Polygon","coordinates":[[[3.97080352,50.97233648],[3.97056456,50.97234695],[3.97056454,50.97234676],[3.97055614,50.97227854],[3.97070442,50.97227127],[3.97070737,50.97230342],[3.97079927,50.97229924],[3.97080352,50.97233648]]]}},{"type":"Feature","id":"gebouw/Gebouw.9100549/0","properties":{"source":"Digitaal Vlaanderen Gebouwenregister","source_id":"gebouw/Gebouw.9100549/0","kind":"building","height_m":7.16,"status":null},"geometry":{"type":"Polygon","coordinates":[[[3.97249031,50.97010625],[3.97241149,50.97006993],[3.97237596,50.97009893],[3.97235393,50.97011198],[3.97234109,50.97010434],[3.97231392,50.97012089],[3.97227546,50.97009648],[3.97232052,50.97006646],[3.97235272,50.97004552],[3.9724202,50.97000163],[3.97245933,50.97002504],[3.97254213,50.9699545],[3.97262789,50.96999464],[3.97249031,50.97010625]]]}},{"type":"Feature","id":"gebouw/Gebouw.9100550/0","properties":{"source":"Digitaal Vlaanderen Gebouwenregister","source_id":"gebouw/Gebouw.9100550/0","kind":"building","height_m":7.88,"status":null},"geometry":{"type":"Polygon","coordinates":[[[3.9733695,50.96985243],[3.97343865,50.96983017],[3.97346019,50.96982405],[3.97347418,50.96984312],[3.97345653,50.96984836],[3.97347749,50.96987276],[3.97345406,50.96989328],[3.97341702,50.96987539],[3.97340543,50.96986979],[3.9733695,50.96985243]]]}},{"type":"Feature","id":"gebouw/Gebouw.9100690/0","properties":{"source":"Digitaal Vlaanderen Gebouwenregister","source_id":"gebouw/Gebouw.9100690/0","kind":"building","height_m":7.88,"status":null},"geometry":{"type":"Polygon","coordinates":[[[3.97146245,50.97293967],[3.9713298,50.9730778],[3.97084284,50.97289239],[3.9709183,50.97281383],[3.97097624,50.9727535],[3.97146245,50.97293967]]]}},{"type":"Feature","id":"gebouw/Gebouw.9100792/0","properties":{"source":"Digitaal Vlaanderen Gebouwenregister","source_id":"gebouw/Gebouw.9100792/0","kind":"building","height_m":5.72,"status":null},"geometry":{"type":"Polygon","coordinates":[[[3.97315987,50.96767941],[3.97316522,50.96766879],[3.97317831,50.96759458],[3.97311422,50.96758467],[3.97308623,50.96766134],[3.97305178,50.96765353],[3.97301028,50.96772946],[3.97311804,50.96775294],[3.97315987,50.96767941]]]}},{"type":"Feature","id":"gebouw/Gebouw.9100797/0","properties":{"source":"Digitaal Vlaanderen Gebouwenregister","source_id":"gebouw/Gebouw.9100797/0","kind":"building","height_m":9.32,"status":null},"geometry":{"type":"Polygon","coordinates":[[[3.97086936,50.96890964],[3.97087319,50.96890885],[3.97095322,50.9688924],[3.97093279,50.96885277],[3.9709233,50.96885449],[3.97089317,50.96879676],[3.97079219,50.96881752],[3.97076926,50.96882229],[3.97082033,50.96891972],[3.97086936,50.96890964]]]}},{"type":"Feature","id":"gebouw/Gebouw.9100798/0","properties":{"source":"Digitaal Vlaanderen Gebouwenregister","source_id":"gebouw/Gebouw.9100798/0","kind":"building","height_m":5.0,"status":null},"geometry":{"type":"Polygon","coordinates":[[[3.97069917,50.9685676],[3.97066288,50.96857436],[3.97062127,50.96848815],[3.97067748,50.96847737],[3.97073382,50.96846687],[3.97076079,50.96852434],[3.9707744,50.96852181],[3.97078806,50.96855104],[3.97072036,50.96856365],[3.97069917,50.9685676]]]}},{"type":"Feature","id":"gebouw/Gebouw.9100854/0","properties":{"source":"Digitaal Vlaanderen Gebouwenregister","source_id":"gebouw/Gebouw.9100854/0","kind":"building","height_m":5.0,"status":null},"geometry":{"type":"Polygon","coordinates":[[[3.96932164,50.97207517],[3.96931431,50.9720513],[3.96939114,50.97204131],[3.96939936,50.972065],[3.96932164,50.97207517]]]}},{"type":"Feature","id":"gebouw/Gebouw.9100860/0","properties":{"source":"Digitaal Vlaanderen Gebouwenregister","source_id":"gebouw/Gebouw.9100860/0","kind":"building","height_m":9.32,"status":null},"geometry":{"type":"Polygon","coordinates":[[[3.96430799,50.96875891],[3.96429611,50.96871682],[3.9643763,50.96870779],[3.96438818,50.96874988],[3.96430799,50.96875891]]]}},{"type":"Feature","id":"gebouw/Gebouw.9100861/0","properties":{"source":"Digitaal Vlaanderen Gebouwenregister","source_id":"gebouw/Gebouw.9100861/0","kind":"building","height_m":5.0,"status":null},"geometry":{"type":"Polygon","coordinates":[[[3.96497873,50.96858898],[3.9649697,50.96856247],[3.96507657,50.96854926],[3.96508534,50.96857446],[3.96497873,50.96858898]]]}},{"type":"Feature","id":"gebouw/Gebouw.9100862/0","properties":{"source":"Digitaal Vlaanderen Gebouwenregister","source_id":"gebouw/Gebouw.9100862/0","kind":"building","height_m":5.72,"status":null},"geometry":{"type":"Polygon","coordinates":[[[3.96449339,50.96825132],[3.96448545,50.96821789],[3.96453304,50.96821319],[3.96454217,50.96824664],[3.96449339,50.96825132]]]}},{"type":"Feature","id":"gebouw/Gebouw.9100863/0","properties":{"source":"Digitaal Vlaanderen Gebouwenregister","source_id":"gebouw/Gebouw.9100863/0","kind":"building","height_m":6.44,"status":null},"geometry":{"type":"Polygon","coordinates":[[[3.96429218,50.96802651],[3.96430525,50.96802591],[3.96430356,50.96801259],[3.96438054,50.96802789],[3.96438247,50.96804327],[3.96428475,50.96804796],[3.96428286,50.96803108],[3.96429266,50.96803063],[3.96429218,50.96802651]]]}},{"type":"Feature","id":"gebouw/Gebouw.9100866/0","properties":{"source":"Digitaal Vlaanderen Gebouwenregister","source_id":"gebouw/Gebouw.9100866/0","kind":"building","height_m":8.6,"status":null},"geometry":{"type":"Polygon","coordinates":[[[3.96904676,50.97023278],[3.96898538,50.9701736],[3.96913575,50.97011182],[3.96919222,50.97016663],[3.96917331,50.97017447],[3.96917762,50.9701792],[3.96904676,50.97023278]]]}},{"type":"Feature","id":"gebouw/Gebouw.9100869/0","properties":{"source":"Digitaal Vlaanderen Gebouwenregister","source_id":"gebouw/Gebouw.9100869/0","kind":"building","height_m":5.72,"status":null},"geometry":{"type":"Polygon","coordinates":[[[3.9631354,50.96962033],[3.96313562,50.96957332],[3.96320984,50.96957384],[3.963209,50.96962086],[3.9631354,50.96962033]]]}},{"type":"Feature","id":"gebouw/Gebouw.9101103/0","properties":{"source":"Digitaal Vlaanderen Gebouwenregister","source_id":"gebouw/Gebouw.9101103/0","kind":"building","height_m":7.88,"status":null},"geometry":{"type":"Polygon","coordinates":[[[3.97301652,50.96985539],[3.97300438,50.96986584],[3.97300186,50.96986473],[3.97295467,50.96990456],[3.97287507,50.96986668],[3.97297098,50.96978385],[3.97298978,50.96976761],[3.97301531,50.96977929],[3.9730689,50.96980369],[3.97309864,50.96978005],[3.97313669,50.96979809],[3.97311467,50.96981645],[3.97304974,50.9698706],[3.97301652,50.96985539]]]}},{"type":"Feature","id":"gebouw/Gebouw.9101107/0","properties":{"source":"Digitaal Vlaanderen Gebouwenregister","source_id":"gebouw/Gebouw.9101107/0","kind":"building","height_m":5.72,"status":null},"geometry":{"type":"Polygon","coordinates":[[[3.97110133,50.97074299],[3.97101966,50.97080532],[3.97098081,50.97078503],[3.97098905,50.97077874],[3.97091798,50.97074163],[3.97099178,50.97068553],[3.97110133,50.97074299]]]}},{"type":"Feature","id":"gebouw/Gebouw.9101112/0","properties":{"source":"Digitaal Vlaanderen Gebouwenregister","source_id":"gebouw/Gebouw.9101112/0","kind":"building","height_m":9.32,"status":null},"geometry":{"type":"Polygon","coordinates":[[[3.96447762,50.96915236],[3.96452855,50.9691482],[3.96453535,50.9691814],[3.9645237,50.96918235],[3.9645309,50.96921752],[3.96449165,50.96922082],[3.96447762,50.96915236]]]}},{"type":"Feature","id":"gebouw/Gebouw.9101113/0","properties":{"source":"Digitaal Vlaanderen Gebouwenregister","source_id":"gebouw/Gebouw.9101113/0","kind":"building","height_m":5.0,"status":null},"geometry":{"type":"Polygon","coordinates":[[[3.96484692,50.96895516],[3.96490667,50.96896108],[3.9648952,50.96900965],[3.96483484,50.96900409],[3.96484692,50.96895516]]]}},{"type":"Feature","id":"gebouw/Gebouw.9124551/0","properties":{"source":"Digitaal Vlaanderen Gebouwenregister","source_id":"gebouw/Gebouw.9124551/0","kind":"building","height_m":6.44,"status":null},"geometry":{"type":"Polygon","coordinates":[[[3.97209171,50.96768176],[3.97207622,50.96770946],[3.97206789,50.96772436],[3.97199979,50.96770917],[3.97206533,50.9675937],[3.97206581,50.96759286],[3.97213287,50.96760816],[3.97209171,50.96768176]]]}},{"type":"Feature","id":"gebouw/Gebouw.9124552/0","properties":{"source":"Digitaal Vlaanderen Gebouwenregister","source_id":"gebouw/Gebouw.9124552/0","kind":"building","height_m":7.16,"status":null},"geometry":{"type":"Polygon","coordinates":[[[3.97199969,50.96757851],[3.97194237,50.96767956],[3.97193401,50.96769429],[3.97186121,50.96767783],[3.97192688,50.96756205],[3.97192736,50.9675612],[3.97200016,50.96757767],[3.97199969,50.96757851]]]}},{"type":"Feature","id":"gebouw/Gebouw.9124555/0","properties":{"source":"Digitaal Vlaanderen Gebouwenregister","source_id":"gebouw/Gebouw.9124555/0","kind":"building","height_m":9.32,"status":null},"geometry":{"type":"Polygon","coordinates":[[[3.97362555,50.96784771],[3.97361948,50.96785963],[3.97357019,50.96784962],[3.97356975,50.96785046],[3.97347863,50.9678308],[3.97351739,50.96775894],[3.97353634,50.96769878],[3.97358451,50.96770482],[3.97356252,50.96776901],[3.9736094,50.96777909],[3.97359432,50.96780656],[3.97364128,50.96781684],[3.97362555,50.96784771]]]}},{"type":"Feature","id":"gebouw/Gebouw.9124556/0","properties":{"source":"Digitaal Vlaanderen Gebouwenregister","source_id":"gebouw/Gebouw.9124556/0","kind":"building","height_m":5.0,"status":null},"geometry":{"type":"Polygon","coordinates":[[[3.97254732,50.96770256],[3.97247383,50.96768589],[3.97247335,50.96768673],[3.97243404,50.96775753],[3.97250567,50.96777465],[3.97251369,50.96776165],[3.97254732,50.96770256]]]}},{"type":"Feature","id":"gebouw/Gebouw.9124558/0","properties":{"source":"Digitaal Vlaanderen Gebouwenregister","source_id":"gebouw/Gebouw.9124558/0","kind":"building","height_m":6.44,"status":null},"geometry":{"type":"Polygon","coordinates":[[[3.97058586,50.97051045],[3.97063226,50.97053701],[3.97073986,50.9705996],[3.97067182,50.9706503],[3.97054077,50.97057475],[3.97053207,50.97056974],[3.97051689,50.97056099],[3.97049385,50.97054771],[3.97052491,50.97052549],[3.9705471,50.9705381],[3.97058586,50.97051045]]]}},{"type":"Feature","id":"gebouw/Gebouw.9124624/0","properties":{"source":"Digitaal Vlaanderen Gebouwenregister","source_id":"gebouw/Gebouw.9124624/0","kind":"building","height_m":8.6,"status":null},"geometry":{"type":"Polygon","coordinates":[[[3.97271065,50.96894364],[3.97270064,50.96895878],[3.97275506,50.96897449],[3.97270227,50.96904821],[3.97258533,50.96901355],[3.97263738,50.96894035],[3.97264314,50.96894163],[3.97265353,50.96892723],[3.97271065,50.96894364]]]}},{"type":"Feature","id":"gebouw/Gebouw.9124625/0","properties":{"source":"Digitaal Vlaanderen Gebouwenregister","source_id":"gebouw/Gebouw.9124625/0","kind":"building","height_m":9.32,"status":null},"geometry":{"type":"Polygon","coordinates":[[[3.97301534,50.9678074],[3.97290371,50.96800091],[3.9728661,50.96799264],[3.97289206,50.96794555],[3.97284054,50.96793317],[3.9728425,50.96792983],[3.97286001,50.96789996],[3.97288254,50.96790461],[3.97290536,50.96786384],[3.97293376,50.9678131],[3.97294445,50.96779264],[3.97301534,50.9678074]]]}},{"type":"Feature","id":"gebouw/Gebouw.9124660/0","properties":{"source":"Digitaal Vlaanderen Gebouwenregister","source_id":"gebouw/Gebouw.9124660/0","kind":"building","height_m":9.32,"status":null},"geometry":{"type":"Polygon","coordinates":[[[3.97156739,50.97025367],[3.97164954,50.97020063],[3.97175715,50.97026573],[3.97172449,50.97028746],[3.97176735,50.9703136],[3.97171844,50.97034445],[3.9716851,50.97032441],[3.97156739,50.97025367]]]}},{"type":"Feature","id":"gebouw/Gebouw.9124674/0","properties":{"source":"Digitaal Vlaanderen Gebouwenregister","source_id":"gebouw/Gebouw.9124674/0","kind":"building","height_m":9.32,"status":null},"geometry":{"type":"Polygon","coordinates":[[[3.96568928,50.96976368],[3.96566065,50.96979718],[3.96557327,50.96976843],[3.96559728,50.96974111],[3.96568794,50.96963794],[3.96581687,50.96968218],[3.96574763,50.96977315],[3.96570095,50.96975718],[3.96568928,50.96976368]]]}},{"type":"Feature","id":"gebouw/Gebouw.9124705/0","properties":{"source":"Digitaal Vlaanderen Gebouwenregister","source_id":"gebouw/Gebouw.9124705/0","kind":"building","height_m":6.44,"status":null},"geometry":{"type":"Polygon","coordinates":[[[3.97304659,50.96921155],[3.9730243,50.96920268],[3.97300366,50.96922392],[3.97291779,50.96919223],[3.97281163,50.96915305],[3.97284932,50.96911284],[3.97306178,50.96919503],[3.97304659,50.96921155]]]}},{"type":"Feature","id":"gebouw/Gebouw.9124706/0","properties":{"source":"Digitaal Vlaanderen Gebouwenregister","source_id":"gebouw/Gebouw.9124706/0","kind":"building","height_m":7.16,"status":null},"geometry":{"type":"Polygon","coordinates":[[[3.97271835,50.96945924],[3.97273889,50.96943776],[3.97259472,50.96938374],[3.97255852,50.96942225],[3.97274956,50.96949398],[3.97276557,50.96947725],[3.97271835,50.96945924]]]}},{"type":"Feature","id":"gebouw/Gebouw.9124713/0","properties":{"source":"Digitaal Vlaanderen Gebouwenregister","source_id":"gebouw/Gebouw.9124713/0","kind":"building","height_m":7.16,"status":null},"geometry":{"type":"Polygon","coordinates":[[[3.97227647,50.96780213],[3.97235766,50.96766032],[3.97241225,50.96767284],[3.9723545,50.96777258],[3.97233294,50.96776725],[3.97230931,50.96780946],[3.97227647,50.96780213]]]}},{"type":"Feature","id":"gebouw/Gebouw.9124751/0","properties":{"source":"Digitaal Vlaanderen Gebouwenregister","source_id":"gebouw/Gebouw.9124751/0","kind":"building","height_m":9.32,"status":null},"geometry":{"type":"Polygon","coordinates":[[[3.97348065,50.96756055],[3.97346372,50.96763415],[3.97339479,50.96762756],[3.97340993,50.96755431],[3.97348065,50.96756055]]]}},{"type":"Feature","id":"gebouw/Gebouw.9124752/0","properties":{"source":"Digitaal Vlaanderen Gebouwenregister","source_id":"gebouw/Gebouw.9124752/0","kind":"building","height_m":5.0,"status":null},"geometry":{"type":"Polygon","coordinates":[[[3.97290599,50.96817051],[3.97294913,50.96818126],[3.97293563,50.96820714],[3.97289085,50.96819652],[3.97290599,50.96817051]]]}},{"type":"Feature","id":"gebouw/Gebouw.9124755/0","properties":{"source":"Digitaal Vlaanderen Gebouwenregister","source_id":"gebouw/Gebouw.9124755/0","kind":"building","height_m":7.16,"status":null},"geometry":{"type":"Polygon","coordinates":[[[3.97129781,50.96786324],[3.97128139,50.96789186],[3.97116787,50.9678679],[3.97118286,50.96783826],[3.97126747,50.96785665],[3.97129781,50.96786324]]]}},{"type":"Feature","id":"gebouw/Gebouw.9125134/0","properties":{"source":"Digitaal Vlaanderen Gebouwenregister","source_id":"gebouw/Gebouw.9125134/0","kind":"building","height_m":7.88,"status":null},"geometry":{"type":"Polygon","coordinates":[[[3.97359006,50.96814641],[3.97350993,50.96823508],[3.97348546,50.9682621],[3.97340329,50.96823287],[3.97342838,50.96820581],[3.97339515,50.9681955],[3.97337074,50.96824055],[3.97334907,50.9682357],[3.97337676,50.9681895],[3.97342303,50.96811228],[3.97343698,50.96809084],[3.97359006,50.96814641]]]}},{"type":"Feature","id":"gebouw/Gebouw.9125435/0","properties":{"source":"Digitaal Vlaanderen Gebouwenregister","source_id":"gebouw/Gebouw.9125435/0","kind":"building","height_m":7.88,"status":null},"geometry":{"type":"Polygon","coordinates":[[[3.96407402,50.9685319],[3.96387385,50.96855629],[3.96385401,50.96849125],[3.96384453,50.96846018],[3.96407055,50.96843193],[3.96408766,50.96848241],[3.96406191,50.96848644],[3.96407402,50.9685319]]]}},{"type":"Feature","id":"gebouw/Gebouw.9125436/0","properties":{"source":"Digitaal Vlaanderen Gebouwenregister","source_id":"gebouw/Gebouw.9125436/0","kind":"building","height_m":8.6,"status":null},"geometry":{"type":"Polygon","coordinates":[[[3.96366134,50.96885256],[3.96376351,50.9688328],[3.96376566,50.96883238],[3.96376886,50.96883177],[3.9637732,50.96883093],[3.96375573,50.96879587],[3.96364974,50.96881578],[3.96351069,50.96884343],[3.96352809,50.96887832],[3.9635311,50.96887774],[3.96366134,50.96885256]]]}},{"type":"Feature","id":"gebouw/Gebouw.9127281/0","properties":{"source":"Digitaal Vlaanderen Gebouwenregister","source_id":"gebouw/Gebouw.9127281/0","kind":"building","height_m":6.44,"status":null},"geometry":{"type":"Polygon","coordinates":[[[3.97076202,50.9732429],[3.97078526,50.97322378],[3.97077529,50.97321955],[3.97082117,50.97318167],[3.9709353,50.97323654],[3.97086904,50.97329235],[3.97087111,50.97330286],[3.97085227,50.97331876],[3.97083772,50.97331915],[3.970818,50.97333448],[3.97079252,50.97332276],[3.97077855,50.97333422],[3.97069041,50.97329369],[3.97070019,50.97328641],[3.97062191,50.9732493],[3.97067731,50.97320274],[3.97076202,50.9732429]]]}},{"type":"Feature","id":"gebouw/Gebouw.9127282/0","properties":{"source":"Digitaal Vlaanderen Gebouwenregister","source_id":"gebouw/Gebouw.9127282/0","kind":"building","height_m":7.16,"status":null},"geometry":{"type":"Polygon","coordinates":[[[3.97052948,50.97374477],[3.97049422,50.97372123],[3.97054193,50.97369275],[3.97056085,50.97370537],[3.97060886,50.97367661],[3.97062436,50.97368697],[3.97062632,50.9736858],[3.97063534,50.97369158],[3.97063318,50.97369286],[3.97070173,50.97373863],[3.97067913,50.97375171],[3.97072631,50.97378259],[3.97064147,50.97383426],[3.97051716,50.97375137],[3.97052948,50.97374477]]]}},{"type":"Feature","id":"gebouw/Gebouw.9127283/0","properties":{"source":"Digitaal Vlaanderen Gebouwenregister","source_id":"gebouw/Gebouw.9127283/0","kind":"building","height_m":7.88,"status":null},"geometry":{"type":"Polygon","coordinates":[[[3.96988609,50.97324256],[3.96989923,50.97320809],[3.96988697,50.97320625],[3.96990277,50.97316679],[3.96991637,50.97316858],[3.96993458,50.97312142],[3.97008152,50.97314484],[3.9700513,50.97321969],[3.97006362,50.97322181],[3.97004518,50.97326792],[3.96988609,50.97324256]]]}},{"type":"Feature","id":"gebouw/Gebouw.9127349/0","properties":{"source":"Digitaal Vlaanderen Gebouwenregister","source_id":"gebouw/Gebouw.9127349/0","kind":"building","height_m":5.0,"status":null},"geometry":{"type":"Polygon","coordinates":[[[3.96628203,50.96986252],[3.96630433,50.96982981],[3.96633938,50.96983864],[3.96631648,50.96987172],[3.96628203,50.96986252]]]}},{"type":"Feature","id":"gebouw/Gebouw.9127351/0","properties":{"source":"Digitaal Vlaanderen Gebouwenregister","source_id":"gebouw/Gebouw.9127351/0","kind":"building","height_m":6.44,"status":null},"geometry":{"type":"Polygon","coordinates":[[[3.96319091,50.967579],[3.96317164,50.96754843],[3.96320882,50.96753909],[3.96322739,50.96756855],[3.96319091,50.967579]]]}},{"type":"Feature","id":"gebouw/Gebouw.9127355/0","properties":{"source":"Digitaal Vlaanderen Gebouwenregister","source_id":"gebouw/Gebouw.9127355/0","kind":"building","height_m":9.32,"status":null},"geometry":{"type":"Polygon","coordinates":[[[3.96850601,50.9717366],[3.96859147,50.97187075],[3.96845769,50.97190144],[3.96837251,50.97176786],[3.96837969,50.9717657],[3.96836058,50.97173869],[3.96844909,50.97171423],[3.9684693,50.97174424],[3.96850601,50.9717366]]]}},{"type":"Feature","id":"gebouw/Gebouw.9127356/0","properties":{"source":"Digitaal Vlaanderen Gebouwenregister","source_id":"gebouw/Gebouw.9127356/0","kind":"building","height_m":5.0,"status":null},"geometry":{"type":"Polygon","coordinates":[[[3.96891564,50.97145769],[3.96880529,50.97147853],[3.96879541,50.9714713],[3.96878223,50.97144437],[3.96877776,50.97144525],[3.96873584,50.97135487],[3.96872921,50.97133756],[3.96874717,50.97131117],[3.96884561,50.97129206],[3.96886116,50.97132932],[3.96886595,50.97132788],[3.96890723,50.97141975],[3.96891962,50.97144312],[3.96891564,50.97145769]]]}},{"type":"Feature","id":"gebouw/Gebouw.9127357/0","properties":{"source":"Digitaal Vlaanderen Gebouwenregister","source_id":"gebouw/Gebouw.9127357/0","kind":"building","height_m":5.72,"status":null},"geometry":{"type":"Polygon","coordinates":[[[3.97128121,50.97349689],[3.97132973,50.97352254],[3.97129818,50.9735469],[3.97124937,50.97352106],[3.97128121,50.97349689]]]}},{"type":"Feature","id":"gebouw/Gebouw.9127358/0","properties":{"source":"Digitaal Vlaanderen Gebouwenregister","source_id":"gebouw/Gebouw.9127358/0","kind":"building","height_m":6.44,"status":null},"geometry":{"type":"Polygon","coordinates":[[[3.97260996,50.97327897],[3.97264136,50.97324954],[3.97273165,50.97328728],[3.97269847,50.97331706],[3.97260996,50.97327897]]]}},{"type":"Feature","id":"gebouw/Gebouw.9127383/0","properties":{"source":"Digitaal Vlaanderen Gebouwenregister","source_id":"gebouw/Gebouw.9127383/0","kind":"building","height_m":9.32,"status":null},"geometry":{"type":"Polygon","coordinates":[[[3.96469207,50.96949669],[3.96462833,50.96950057],[3.96461387,50.96950145],[3.96456688,50.9695043],[3.96456522,50.96949345],[3.96455126,50.96940189],[3.96456808,50.96940057],[3.9645631,50.96936717],[3.96449524,50.96937253],[3.96448496,50.96927824],[3.96459432,50.96927163],[3.96459506,50.96927669],[3.96462656,50.9692748],[3.96463199,50.96931308],[3.96459928,50.9693157],[3.96460482,50.96936053],[3.96465623,50.96935756],[3.964662,50.96939415],[3.9646763,50.96939327],[3.96468994,50.96948275],[3.9646904,50.96948576],[3.96469192,50.96949572],[3.96469207,50.96949669]]]}},{"type":"Feature","id":"gebouw/Gebouw.9127613/0","properties":{"source":"Digitaal Vlaanderen Gebouwenregister","source_id":"gebouw/Gebouw.9127613/0","kind":"building","height_m":8.6,"status":null},"geometry":{"type":"Polygon","coordinates":[[[3.96478072,50.96925746],[3.96491568,50.96924739],[3.964937,50.96937313],[3.96480263,50.96938321],[3.96479535,50.96933686],[3.96476176,50.96933928],[3.96475212,50.96928223],[3.96478334,50.96927978],[3.96478072,50.96925746]]]}},{"type":"Feature","id":"gebouw/Gebouw.9127614/0","properties":{"source":"Digitaal Vlaanderen Gebouwenregister","source_id":"gebouw/Gebouw.9127614/0","kind":"building","height_m":9.32,"status":null},"geometry":{"type":"Polygon","coordinates":[[[3.96401013,50.96914058],[3.96399659,50.96903329],[3.96413085,50.96902696],[3.96414324,50.96913311],[3.96401013,50.96914058]]]}},{"type":"Feature","id":"gebouw/Gebouw.9127615/0","properties":{"source":"Digitaal Vlaanderen Gebouwenregister","source_id":"gebouw/Gebouw.9127615/0","kind":"building","height_m":5.0,"status":null},"geometry":{"type":"Polygon","coordinates":[[[3.96402614,50.96778722],[3.96406459,50.96778604],[3.96411484,50.9677845],[3.96411155,50.96774419],[3.96401327,50.96774738],[3.96401687,50.9677875],[3.96402614,50.96778722]]]}},{"type":"Feature","id":"gebouw/Gebouw.9127619/0","properties":{"source":"Digitaal Vlaanderen Gebouwenregister","source_id":"gebouw/Gebouw.9127619/0","kind":"building","height_m":7.88,"status":null},"geometry":{"type":"Polygon","coordinates":[[[3.96881591,50.96963227],[3.96867647,50.96949751],[3.9688032,50.96944351],[3.9689453,50.96957811],[3.96881591,50.96963227]]]}},{"type":"Feature","id":"gebouw/Gebouw.9127633/0","properties":{"source":"Digitaal Vlaanderen Gebouwenregister","source_id":"gebouw/Gebouw.9127633/0","kind":"building","height_m":7.88,"status":null},"geometry":{"type":"Polygon","coordinates":[[[3.96399503,50.96794949],[3.96378415,50.96796411],[3.96378397,50.96796308],[3.96378236,50.96795381],[3.96377754,50.96792613],[3.96391193,50.96791715],[3.96399663,50.96793716],[3.96403363,50.96794681],[3.96402527,50.96794739],[3.96399503,50.96794949]]]}},{"type":"Feature","id":"gebouw/Gebouw.9131813/0","properties":{"source":"Digitaal Vlaanderen Gebouwenregister","source_id":"gebouw/Gebouw.9131813/0","kind":"building","height_m":8.6,"status":null},"geometry":{"type":"Polygon","coordinates":[[[3.97192074,50.96862736],[3.9720381,50.96865229],[3.97202593,50.96867332],[3.97191007,50.96864784],[3.97192074,50.96862736]]]}},{"type":"Feature","id":"gebouw/Gebouw.9132090/0","properties":{"source":"Digitaal Vlaanderen Gebouwenregister","source_id":"gebouw/Gebouw.9132090/0","kind":"building","height_m":6.44,"status":null},"geometry":{"type":"Polygon","coordinates":[[[3.97073744,50.97140942],[3.97065184,50.97149822],[3.97055925,50.97146181],[3.97064449,50.97137361],[3.97073744,50.97140942]]]}},{"type":"Feature","id":"gebouw/Gebouw.9132091/0","properties":{"source":"Digitaal Vlaanderen Gebouwenregister","source_id":"gebouw/Gebouw.9132091/0","kind":"building","height_m":7.16,"status":null},"geometry":{"type":"Polygon","coordinates":[[[3.97285301,50.96864822],[3.97307638,50.96869439],[3.97303536,50.96873803],[3.97291677,50.96871359],[3.9729232,50.96870636],[3.97282911,50.9686875],[3.97283658,50.96867522],[3.97280975,50.96866948],[3.97281193,50.96866595],[3.97278597,50.96866078],[3.97279851,50.96863695],[3.97285301,50.96864822]]]}},{"type":"Feature","id":"gebouw/Gebouw.9132092/0","properties":{"source":"Digitaal Vlaanderen Gebouwenregister","source_id":"gebouw/Gebouw.9132092/0","kind":"building","height_m":7.88,"status":null},"geometry":{"type":"Polygon","coordinates":[[[3.97036916,50.97075241],[3.97033602,50.97076197],[3.97030568,50.97071873],[3.97029839,50.97070835],[3.97024279,50.97072345],[3.97027247,50.97076311],[3.97033601,50.97085369],[3.97043542,50.97082589],[3.97038139,50.97074888],[3.97036916,50.97075241]]]}},{"type":"Feature","id":"gebouw/Gebouw.9132093/0","properties":{"source":"Digitaal Vlaanderen Gebouwenregister","source_id":"gebouw/Gebouw.9132093/0","kind":"building","height_m":8.6,"status":null},"geometry":{"type":"Polygon","coordinates":[[[3.97065255,50.97124716],[3.97060842,50.97124441],[3.97061555,50.97120253],[3.97065494,50.97120467],[3.97066564,50.97114403],[3.97048773,50.97113381],[3.97047158,50.97124583],[3.97049599,50.97124723],[3.97049188,50.97127571],[3.97061068,50.97128253],[3.97067968,50.97128649],[3.97069206,50.9712872],[3.97069667,50.97124991],[3.97065255,50.97124716]]]}},{"type":"Feature","id":"gebouw/Gebouw.9132094/0","properties":{"source":"Digitaal Vlaanderen Gebouwenregister","source_id":"gebouw/Gebouw.9132094/0","kind":"building","height_m":9.32,"status":null},"geometry":{"type":"Polygon","coordinates":[[[3.97133045,50.96881979],[3.97137436,50.96890439],[3.97127463,50.96892553],[3.97122976,50.96884113],[3.97133045,50.96881979]]]}},{"type":"Feature","id":"gebouw/Gebouw.9132098/0","properties":{"source":"Digitaal Vlaanderen Gebouwenregister","source_id":"gebouw/Gebouw.9132098/0","kind":"building","height_m":7.16,"status":null},"geometry":{"type":"Polygon","coordinates":[[[3.97081961,50.9676626],[3.97047387,50.96770763],[3.97043968,50.96760228],[3.97078523,50.96755728],[3.97081961,50.9676626]]]}},{"type":"Feature","id":"gebouw/Gebouw.9132103/0","properties":{"source":"Digitaal Vlaanderen Gebouwenregister","source_id":"gebouw/Gebouw.9132103/0","kind":"building","height_m":5.72,"status":null},"geometry":{"type":"Polygon","coordinates":[[[3.96475845,50.96973401],[3.96471848,50.96972555],[3.96472851,50.9697065],[3.96469102,50.96969876],[3.96475461,50.96957562],[3.96483072,50.96959095],[3.96475845,50.96973401]]]}},{"type":"Feature","id":"gebouw/Gebouw.9132136/0","properties":{"source":"Digitaal Vlaanderen Gebouwenregister","source_id":"gebouw/Gebouw.9132136/0","kind":"building","height_m":9.32,"status":null},"geometry":{"type":"Polygon","coordinates":[[[3.96914725,50.97150209],[3.96912032,50.97142686],[3.96916856,50.97142067],[3.96919727,50.97149554],[3.96914725,50.97150209]]]}},{"type":"Feature","id":"gebouw/Gebouw.9132167/0","properties":{"source":"Digitaal Vlaanderen Gebouwenregister","source_id":"gebouw/Gebouw.9132167/0","kind":"building","height_m":6.44,"status":null},"geometry":{"type":"Polygon","coordinates":[[[3.9711854,50.9684797],[3.97120827,50.96852781],[3.97112576,50.96854346],[3.97111529,50.9685221],[3.97107566,50.96852933],[3.97103069,50.968435],[3.9711531,50.96841175],[3.97116816,50.96844343],[3.9711854,50.9684797]]]}},{"type":"Feature","id":"gebouw/Gebouw.9132181/0","properties":{"source":"Digitaal Vlaanderen Gebouwenregister","source_id":"gebouw/Gebouw.9132181/0","kind":"building","height_m":6.44,"status":null},"geometry":{"type":"Polygon","coordinates":[[[3.96509688,50.96961703],[3.96509384,50.96962304],[3.96509223,50.96962268],[3.96508184,50.96964373],[3.96498135,50.96962308],[3.96499731,50.96959085],[3.96499746,50.96959054],[3.96502732,50.96953046],[3.96513003,50.9695514],[3.96509688,50.96961703]]]}},{"type":"Feature","id":"gebouw/Gebouw.9132386/0","properties":{"source":"Digitaal Vlaanderen Gebouwenregister","source_id":"gebouw/Gebouw.9132386/0","kind":"building","height_m":7.88,"status":null},"geometry":{"type":"Polygon","coordinates":[[[3.97101807,50.97143281],[3.97106782,50.9714464],[3.97098058,50.9715682],[3.97089003,50.97154317],[3.97091715,50.97150752],[3.97090507,50.97150495],[3.97092851,50.97147337],[3.97093793,50.9714761],[3.97094102,50.97147164],[3.97098132,50.97148353],[3.97101807,50.97143281]]]}},{"type":"Feature","id":"gebouw/Gebouw.9132713/0","properties":{"source":"Digitaal Vlaanderen Gebouwenregister","source_id":"gebouw/Gebouw.9132713/0","kind":"building","height_m":6.44,"status":null},"geometry":{"type":"Polygon","coordinates":[[[3.97132549,50.96816353],[3.97144507,50.96818806],[3.97142996,50.96821608],[3.97156968,50.96824726],[3.97153764,50.96830552],[3.97148358,50.96829461],[3.97103814,50.96820469],[3.97107499,50.96813975],[3.97131085,50.96819038],[3.97132549,50.96816353]]]}},{"type":"Feature","id":"gebouw/Gebouw.9132714/0","properties":{"source":"Digitaal Vlaanderen Gebouwenregister","source_id":"gebouw/Gebouw.9132714/0","kind":"building","height_m":7.16,"status":null},"geometry":{"type":"Polygon","coordinates":[[[3.97164884,50.96841505],[3.97169213,50.96842622],[3.97164941,50.96849935],[3.97160522,50.96848873],[3.97164884,50.96841505]]]}},{"type":"Feature","id":"gebouw/Gebouw.9132715/0","properties":{"source":"Digitaal Vlaanderen Gebouwenregister","source_id":"gebouw/Gebouw.9132715/0","kind":"building","height_m":7.88,"status":null},"geometry":{"type":"Polygon","coordinates":[[[3.97193027,50.96855311],[3.97194006,50.96853243],[3.97204645,50.96855218],[3.97203432,50.96857822],[3.97200447,50.96857268],[3.97200758,50.96856747],[3.97193027,50.96855311]]]}},{"type":"Feature","id":"gebouw/Gebouw.9132719/0","properties":{"source":"Digitaal Vlaanderen Gebouwenregister","source_id":"gebouw/Gebouw.9132719/0","kind":"building","height_m":5.72,"status":null},"geometry":{"type":"Polygon","coordinates":[[[3.97003927,50.96824908],[3.97004005,50.96825265],[3.97014592,50.96824337],[3.97015412,50.96827811],[3.97001017,50.96829146],[3.9700027,50.96825185],[3.97003927,50.96824908]]]}},{"type":"Feature","id":"gebouw/Gebouw.9132720/0","properties":{"source":"Digitaal Vlaanderen Gebouwenregister","source_id":"gebouw/Gebouw.9132720/0","kind":"building","height_m":6.44,"status":null},"geometry":{"type":"Polygon","coordinates":[[[3.97047012,50.96844185],[3.97045757,50.9684138],[3.97050142,50.96840512],[3.97051546,50.968433],[3.97047012,50.96844185]]]}},{"type":"Feature","id":"gebouw/Gebouw.9134526/0","properties":{"source":"Digitaal Vlaanderen Gebouwenregister","source_id":"gebouw/Gebouw.9134526/0","kind":"building","height_m":6.44,"status":null},"geometry":{"type":"Polygon","coordinates":[[[3.97169974,50.96997936],[3.97164592,50.97001189],[3.97159936,50.97004049],[3.97152156,50.96998726],[3.97156686,50.96995893],[3.97156132,50.96995569],[3.97158094,50.96994373],[3.97148275,50.96992295],[3.97149626,50.9698967],[3.97161101,50.96992123],[3.97169691,50.96997751],[3.97169974,50.96997936]]]}},{"type":"Feature","id":"gebouw/Gebouw.9134527/0","properties":{"source":"Digitaal Vlaanderen Gebouwenregister","source_id":"gebouw/Gebouw.9134527/0","kind":"building","height_m":7.16,"status":null},"geometry":{"type":"Polygon","coordinates":[[[3.96952521,50.97031745],[3.96942526,50.97035894],[3.96942481,50.9703585],[3.96940738,50.97034027],[3.96947578,50.97031333],[3.96944322,50.97027981],[3.96947471,50.97026799],[3.96952521,50.97031745]]]}},{"type":"Feature","id":"gebouw/Gebouw.9134543/0","properties":{"source":"Digitaal Vlaanderen Gebouwenregister","source_id":"gebouw/Gebouw.9134543/0","kind":"building","height_m":8.6,"status":null},"geometry":{"type":"Polygon","coordinates":[[[3.97219667,50.96994649],[3.97215468,50.96997317],[3.97224915,50.97003409],[3.97221069,50.97005828],[3.97216661,50.97003031],[3.97201571,50.96993455],[3.97209424,50.96988367],[3.97219667,50.96994649]]]}},{"type":"Feature","id":"gebouw/Gebouw.9134548/0","properties":{"source":"Digitaal Vlaanderen Gebouwenregister","source_id":"gebouw/Gebouw.9134548/0","kind":"building","height_m":7.16,"status":null},"geometry":{"type":"Polygon","coordinates":[[[3.97172882,50.96930118],[3.97170462,50.96934616],[3.97157903,50.96931826],[3.97159963,50.96927717],[3.97159974,50.96927719],[3.97167917,50.96929195],[3.97171943,50.96929943],[3.97172882,50.96930118]]]}},{"type":"Feature","id":"gebouw/Gebouw.9134553/0","properties":{"source":"Digitaal Vlaanderen Gebouwenregister","source_id":"gebouw/Gebouw.9134553/0","kind":"building","height_m":5.72,"status":null},"geometry":{"type":"Polygon","coordinates":[[[3.97280608,50.96973047],[3.97281106,50.96973258],[3.97272899,50.96980208],[3.97264668,50.96976295],[3.97279756,50.96964674],[3.97283293,50.96966259],[3.972801,50.96969014],[3.97282906,50.96970469],[3.97285763,50.96968067],[3.9728932,50.96965016],[3.97291058,50.96965796],[3.97292275,50.96964877],[3.97292819,50.96965158],[3.97295447,50.96964204],[3.97296199,50.96965132],[3.97294129,50.96965951],[3.97293199,50.96966757],[3.97285111,50.96973763],[3.972817,50.96972197],[3.97280608,50.96973047]]]}},{"type":"Feature","id":"gebouw/Gebouw.9134554/0","properties":{"source":"Digitaal Vlaanderen Gebouwenregister","source_id":"gebouw/Gebouw.9134554/0","kind":"building","height_m":6.44,"status":null},"geometry":{"type":"Polygon","coordinates":[[[3.9735542,50.96873013],[3.97358452,50.96874183],[3.97356399,50.968765],[3.9735038,50.96874244],[3.97338749,50.96869883],[3.97337375,50.96871317],[3.97336386,50.96870947],[3.97328845,50.96868128],[3.97326334,50.96867189],[3.97330022,50.96863257],[3.97341126,50.96867522],[3.9735542,50.96873013]]]}},{"type":"Feature","id":"gebouw/Gebouw.9134556/0","properties":{"source":"Digitaal Vlaanderen Gebouwenregister","source_id":"gebouw/Gebouw.9134556/0","kind":"building","height_m":7.88,"status":null},"geometry":{"type":"Polygon","coordinates":[[[3.97136742,50.96807432],[3.97135065,50.96810542],[3.97125949,50.96808772],[3.97126137,50.96808437],[3.97122361,50.96807682],[3.97119012,50.96813576],[3.97099239,50.9680952],[3.97102381,50.96803382],[3.97117779,50.96806526],[3.97119262,50.96803838],[3.9712752,50.96805536],[3.97136742,50.96807432]]]}},{"type":"Feature","id":"gebouw/Gebouw.9134718/0","properties":{"source":"Digitaal Vlaanderen Gebouwenregister","source_id":"gebouw/Gebouw.9134718/0","kind":"building","height_m":8.6,"status":null},"geometry":{"type":"Polygon","coordinates":[[[3.96325253,50.96878183],[3.96329819,50.96877243],[3.96331222,50.96880031],[3.96326712,50.96881084],[3.96325253,50.96878183]]]}},{"type":"Feature","id":"gebouw/Gebouw.9134796/0","properties":{"source":"Digitaal Vlaanderen Gebouwenregister","source_id":"gebouw/Gebouw.9134796/0","kind":"building","height_m":9.32,"status":null},"geometry":{"type":"Polygon","coordinates":[[[3.9732955,50.96981615],[3.97333295,50.96983347],[3.97330165,50.9698599],[3.9733069,50.96986295],[3.97325039,50.96990989],[3.97328354,50.96992638],[3.97320313,50.96999451],[3.97312353,50.96995705],[3.97329003,50.96981987],[3.9732955,50.96981615]]]}},{"type":"Feature","id":"gebouw/Gebouw.9134929/0","properties":{"source":"Digitaal Vlaanderen Gebouwenregister","source_id":"gebouw/Gebouw.9134929/0","kind":"building","height_m":9.32,"status":null},"geometry":{"type":"Polygon","coordinates":[[[3.97218815,50.96958886],[3.97213743,50.96962968],[3.97203607,50.96957946],[3.97203023,50.96958397],[3.97187468,50.96955654],[3.97189138,50.96951789],[3.97183654,50.96950865],[3.97184544,50.96948759],[3.97190047,50.96949686],[3.97190095,50.96949694],[3.9719239,50.96944266],[3.97200908,50.96946013],[3.97203545,50.96946554],[3.97201945,50.96949375],[3.97198808,50.96948864],[3.97197662,50.96951666],[3.97199525,50.9695197],[3.97198729,50.96953916],[3.97206584,50.96955197],[3.97208399,50.96953725],[3.97218815,50.96958886]]]}},{"type":"Feature","id":"gebouw/Gebouw.9134931/0","properties":{"source":"Digitaal Vlaanderen Gebouwenregister","source_id":"gebouw/Gebouw.9134931/0","kind":"building","height_m":5.72,"status":null},"geometry":{"type":"Polygon","coordinates":[[[3.97330523,50.96897232],[3.97325665,50.96895394],[3.97306613,50.96888183],[3.97303037,50.96892],[3.97303063,50.9689201],[3.97318627,50.96897976],[3.97320531,50.96895995],[3.97324193,50.96897398],[3.97324386,50.96897179],[3.97329025,50.9689888],[3.97330523,50.96897232]]]}},{"type":"Feature","id":"gebouw/Gebouw.9135054/0","properties":{"source":"Digitaal Vlaanderen Gebouwenregister","source_id":"gebouw/Gebouw.9135054/0","kind":"building","height_m":8.6,"status":null},"geometry":{"type":"Polygon","coordinates":[[[3.97197186,50.97040321],[3.97194679,50.97038757],[3.97194437,50.97038941],[3.97184701,50.97032874],[3.97188602,50.97030356],[3.9719277,50.97027665],[3.97202595,50.97033714],[3.97198368,50.97036437],[3.97200878,50.97037999],[3.97197186,50.97040321]]]}},{"type":"Feature","id":"gebouw/Gebouw.9135220/0","properties":{"source":"Digitaal Vlaanderen Gebouwenregister","source_id":"gebouw/Gebouw.9135220/0","kind":"building","height_m":7.16,"status":null},"geometry":{"type":"Polygon","coordinates":[[[3.97318342,50.96903107],[3.97316534,50.96904993],[3.97311959,50.96903245],[3.97310043,50.96905245],[3.97295745,50.96899782],[3.97299389,50.96895894],[3.97318342,50.96903107]]]}},{"type":"Feature","id":"gebouw/Gebouw.9135221/0","properties":{"source":"Digitaal Vlaanderen Gebouwenregister","source_id":"gebouw/Gebouw.9135221/0","kind":"building","height_m":7.88,"status":null},"geometry":{"type":"Polygon","coordinates":[[[3.97351043,50.96840825],[3.97369459,50.96847562],[3.97367595,50.96849626],[3.97379596,50.96854238],[3.97377055,50.9685691],[3.97359826,50.96850431],[3.97358082,50.96849775],[3.97346743,50.96845511],[3.97351043,50.96840825]]]}},{"type":"Feature","id":"gebouw/Gebouw.9135245/0","properties":{"source":"Digitaal Vlaanderen Gebouwenregister","source_id":"gebouw/Gebouw.9135245/0","kind":"building","height_m":5.0,"status":null},"geometry":{"type":"Polygon","coordinates":[[[3.96411335,50.96800442],[3.96400814,50.96801171],[3.96395315,50.96801552],[3.96395574,50.96802866],[3.96379792,50.96804162],[3.96379154,50.9680038],[3.96400316,50.96798809],[3.96410938,50.9679802],[3.96411335,50.96800442]]]}},{"type":"Feature","id":"gebouw/Gebouw.9135246/0","properties":{"source":"Digitaal Vlaanderen Gebouwenregister","source_id":"gebouw/Gebouw.9135246/0","kind":"building","height_m":5.72,"status":null},"geometry":{"type":"Polygon","coordinates":[[[3.96407055,50.96843193],[3.96384453,50.96846018],[3.96383008,50.96841402],[3.96384024,50.96841294],[3.96385614,50.96841125],[3.96385294,50.96839942],[3.96385222,50.96839677],[3.96394124,50.96838635],[3.96394321,50.96839977],[3.9640054,50.96839386],[3.9640037,50.96838036],[3.9640984,50.96837181],[3.96411224,50.9683955],[3.96411851,50.96841473],[3.96412205,50.96842558],[3.96407055,50.96843193]]]}},{"type":"Feature","id":"gebouw/Gebouw.9171949/0","properties":{"source":"Digitaal Vlaanderen Gebouwenregister","source_id":"gebouw/Gebouw.9171949/0","kind":"building","height_m":7.16,"status":null},"geometry":{"type":"Polygon","coordinates":[[[3.97200674,50.96847327],[3.9720085,50.96846971],[3.97198881,50.96846584],[3.97200633,50.96843028],[3.97208255,50.96844526],[3.97206245,50.96848478],[3.97200674,50.96847327]]]}},{"type":"Feature","id":"gebouw/Gebouw.9171950/0","properties":{"source":"Digitaal Vlaanderen Gebouwenregister","source_id":"gebouw/Gebouw.9171950/0","kind":"building","height_m":7.88,"status":null},"geometry":{"type":"Polygon","coordinates":[[[3.97074503,50.96913107],[3.97078174,50.96911276],[3.970809,50.9691348],[3.97077433,50.96915407],[3.97074503,50.96913107]]]}},{"type":"Feature","id":"gebouw/Gebouw.9171986/0","properties":{"source":"Digitaal Vlaanderen Gebouwenregister","source_id":"gebouw/Gebouw.9171986/0","kind":"building","height_m":8.6,"status":null},"geometry":{"type":"Polygon","coordinates":[[[3.96609055,50.96906531],[3.96620631,50.96905706],[3.9662032,50.96904129],[3.96628006,50.96903534],[3.96630645,50.96917642],[3.96625429,50.96918043],[3.96625036,50.96916038],[3.96611029,50.96917083],[3.96609055,50.96906531]]]}},{"type":"Feature","id":"gebouw/Gebouw.9172006/0","properties":{"source":"Digitaal Vlaanderen Gebouwenregister","source_id":"gebouw/Gebouw.9172006/0","kind":"building","height_m":7.88,"status":null},"geometry":{"type":"Polygon","coordinates":[[[3.96938431,50.97033301],[3.96938993,50.97033839],[3.96922486,50.97040544],[3.96916438,50.97034808],[3.96932776,50.97027889],[3.96935457,50.97030455],[3.96938431,50.97033301]]]}},{"type":"Feature","id":"gebouw/Gebouw.9172007/0","properties":{"source":"Digitaal Vlaanderen Gebouwenregister","source_id":"gebouw/Gebouw.9172007/0","kind":"building","height_m":8.6,"status":null},"geometry":{"type":"Polygon","coordinates":[[[3.96333735,50.96814446],[3.96336905,50.96820038],[3.96337283,50.96820705],[3.96339511,50.968206],[3.96351484,50.96817978],[3.96347822,50.96811306],[3.96335729,50.96813851],[3.96333735,50.96814446]]]}},{"type":"Feature","id":"gebouw/Gebouw.9172038/0","properties":{"source":"Digitaal Vlaanderen Gebouwenregister","source_id":"gebouw/Gebouw.9172038/0","kind":"building","height_m":5.72,"status":null},"geometry":{"type":"Polygon","coordinates":[[[3.96329849,50.96875126],[3.96328376,50.96871682],[3.96339442,50.96869579],[3.96340944,50.96873043],[3.96329849,50.96875126]]]}},{"type":"Feature","id":"gebouw/Gebouw.9172039/0","properties":{"source":"Digitaal Vlaanderen Gebouwenregister","source_id":"gebouw/Gebouw.9172039/0","kind":"building","height_m":6.44,"status":null},"geometry":{"type":"Polygon","coordinates":[[[3.96327484,50.96790025],[3.96325339,50.96787133],[3.96317446,50.96789429],[3.96316929,50.96788708],[3.96306311,50.96791848],[3.96306795,50.96792528],[3.96308789,50.96795334],[3.96327484,50.96790025]]]}},{"type":"Feature","id":"gebouw/Gebouw.9172040/0","properties":{"source":"Digitaal Vlaanderen Gebouwenregister","source_id":"gebouw/Gebouw.9172040/0","kind":"building","height_m":7.16,"status":null},"geometry":{"type":"Polygon","coordinates":[[[3.96323237,50.96766414],[3.96321199,50.96761951],[3.96326508,50.96760926],[3.96328663,50.96765427],[3.96323237,50.96766414]]]}},{"type":"Feature","id":"gebouw/Gebouw.9172042/0","properties":{"source":"Digitaal Vlaanderen Gebouwenregister","source_id":"gebouw/Gebouw.9172042/0","kind":"building","height_m":8.6,"status":null},"geometry":{"type":"Polygon","coordinates":[[[3.96948623,50.97201413],[3.96949605,50.97204512],[3.96944423,50.97205203],[3.96943531,50.972022],[3.9694334,50.97201557],[3.96948462,50.97200903],[3.96948623,50.97201413]]]}},{"type":"Feature","id":"gebouw/Gebouw.9172046/0","properties":{"source":"Digitaal Vlaanderen Gebouwenregister","source_id":"gebouw/Gebouw.9172046/0","kind":"building","height_m":6.44,"status":null},"geometry":{"type":"Polygon","coordinates":[[[3.965353,50.9691592],[3.96544344,50.96915302],[3.96547024,50.96927357],[3.96540245,50.96927917],[3.96540113,50.96927335],[3.9653033,50.96928178],[3.96528145,50.96916409],[3.965353,50.9691592]]]}},{"type":"Feature","id":"gebouw/Gebouw.9172047/0","properties":{"source":"Digitaal Vlaanderen Gebouwenregister","source_id":"gebouw/Gebouw.9172047/0","kind":"building","height_m":7.16,"status":null},"geometry":{"type":"Polygon","coordinates":[[[3.96436494,50.9690154],[3.96437534,50.96898367],[3.96441997,50.96898924],[3.96440987,50.96902078],[3.96436494,50.9690154]]]}},{"type":"Feature","id":"gebouw/Gebouw.9172048/0","properties":{"source":"Digitaal Vlaanderen Gebouwenregister","source_id":"gebouw/Gebouw.9172048/0","kind":"building","height_m":7.88,"status":null},"geometry":{"type":"Polygon","coordinates":[[[3.96427222,50.96805044],[3.96418857,50.96805524],[3.96418163,50.96800696],[3.9642644,50.96800221],[3.96427222,50.96805044]]]}},{"type":"Feature","id":"gebouw/Gebouw.9172070/0","properties":{"source":"Digitaal Vlaanderen Gebouwenregister","source_id":"gebouw/Gebouw.9172070/0","kind":"building","height_m":8.6,"status":null},"geometry":{"type":"Polygon","coordinates":[[[3.97350459,50.97112104],[3.97348014,50.97115582],[3.97345278,50.97114783],[3.97344844,50.97115415],[3.97324735,50.97110074],[3.97316543,50.97108145],[3.97319332,50.97103642],[3.9734754,50.9711131],[3.97350459,50.97112104]]]}},{"type":"Feature","id":"gebouw/Gebouw.9172110/0","properties":{"source":"Digitaal Vlaanderen Gebouwenregister","source_id":"gebouw/Gebouw.9172110/0","kind":"building","height_m":7.16,"status":null},"geometry":{"type":"Polygon","coordinates":[[[3.97279273,50.97301751],[3.97283348,50.97303464],[3.97277198,50.97309013],[3.97276728,50.97308821],[3.97273466,50.97311912],[3.9726942,50.97310217],[3.97272412,50.97307254],[3.97274847,50.973082],[3.97278207,50.97304829],[3.97276564,50.97304173],[3.97279273,50.97301751]]]}},{"type":"Feature","id":"gebouw/Gebouw.9172115/0","properties":{"source":"Digitaal Vlaanderen Gebouwenregister","source_id":"gebouw/Gebouw.9172115/0","kind":"building","height_m":5.72,"status":null},"geometry":{"type":"Polygon","coordinates":[[[3.97312015,50.97061923],[3.97317725,50.97063487],[3.97316328,50.97065662],[3.97310617,50.97064136],[3.97312015,50.97061923]]]}},{"type":"Feature","id":"gebouw/Gebouw.9172127/0","properties":{"source":"Digitaal Vlaanderen Gebouwenregister","source_id":"gebouw/Gebouw.9172127/0","kind":"building","height_m":9.32,"status":null},"geometry":{"type":"Polygon","coordinates":[[[3.97222239,50.97171371],[3.97218726,50.9716972],[3.97225638,50.97163449],[3.97229326,50.97165214],[3.97222239,50.97171371]]]}},{"type":"Feature","id":"gebouw/Gebouw.9172194/0","properties":{"source":"Digitaal Vlaanderen Gebouwenregister","source_id":"gebouw/Gebouw.9172194/0","kind":"building","height_m":7.16,"status":null},"geometry":{"type":"Polygon","coordinates":[[[3.97206155,50.97195657],[3.97216946,50.97186565],[3.9722488,50.97190075],[3.97222599,50.97192053],[3.97223244,50.97192323],[3.9721485,50.9719957],[3.97206155,50.97195657]]]}},{"type":"Feature","id":"gebouw/Gebouw.9172200/0","properties":{"source":"Digitaal Vlaanderen Gebouwenregister","source_id":"gebouw/Gebouw.9172200/0","kind":"building","height_m":6.44,"status":null},"geometry":{"type":"Polygon","coordinates":[[[3.97332626,50.97021475],[3.97336236,50.97019717],[3.97323079,50.97008864],[3.97318612,50.97011023],[3.97318551,50.97011053],[3.97326901,50.9701794],[3.97330631,50.97021017],[3.97331585,50.97020526],[3.97332626,50.97021475]]]}},{"type":"Feature","id":"gebouw/Gebouw.9172208/0","properties":{"source":"Digitaal Vlaanderen Gebouwenregister","source_id":"gebouw/Gebouw.9172208/0","kind":"building","height_m":7.16,"status":null},"geometry":{"type":"Polygon","coordinates":[[[3.97081968,50.9704247],[3.9708498,50.97040183],[3.97094025,50.97045017],[3.97087564,50.97049837],[3.97076548,50.97044107],[3.97067724,50.97039517],[3.97074165,50.97038354],[3.97081968,50.9704247]]]}},{"type":"Feature","id":"gebouw/Gebouw.9172224/0","properties":{"source":"Digitaal Vlaanderen Gebouwenregister","source_id":"gebouw/Gebouw.9172224/0","kind":"building","height_m":8.6,"status":null},"geometry":{"type":"Polygon","coordinates":[[[3.97117225,50.96957353],[3.9711628,50.96959559],[3.97114889,50.96962584],[3.97110139,50.96961687],[3.9710986,50.96962115],[3.97108602,50.96962512],[3.97105977,50.96962014],[3.97105464,50.96961259],[3.97105652,50.96960924],[3.97096944,50.9695951],[3.97100858,50.96950477],[3.97112973,50.96952569],[3.97113726,50.96950814],[3.97119597,50.96951818],[3.97117738,50.96956157],[3.97117225,50.96957353]]]}},{"type":"Feature","id":"gebouw/Gebouw.9172225/0","properties":{"source":"Digitaal Vlaanderen Gebouwenregister","source_id":"gebouw/Gebouw.9172225/0","kind":"building","height_m":9.32,"status":null},"geometry":{"type":"Polygon","coordinates":[[[3.97245536,50.96788651],[3.9724977,50.96781498],[3.97255189,50.96782855],[3.97257336,50.9677934],[3.97253651,50.9677853],[3.97255299,50.96775531],[3.97258016,50.96771002],[3.97265465,50.96772783],[3.97256752,50.967873],[3.97255927,50.96787153],[3.97254052,50.96790503],[3.97249809,50.96789581],[3.97248408,50.96792149],[3.97244051,50.96791202],[3.97244341,50.9679067],[3.97245536,50.96788651]]]}},{"type":"Feature","id":"gebouw/Gebouw.9172231/0","properties":{"source":"Digitaal Vlaanderen Gebouwenregister","source_id":"gebouw/Gebouw.9172231/0","kind":"building","height_m":8.6,"status":null},"geometry":{"type":"Polygon","coordinates":[[[3.97079524,50.96873769],[3.97075088,50.96874601],[3.97071075,50.96865811],[3.97077205,50.96864629],[3.97082745,50.96863579],[3.97084619,50.96867524],[3.97083949,50.96867651],[3.97086236,50.96872509],[3.97079524,50.96873769]]]}},{"type":"Feature","id":"gebouw/Gebouw.9172239/0","properties":{"source":"Digitaal Vlaanderen Gebouwenregister","source_id":"gebouw/Gebouw.9172239/0","kind":"building","height_m":9.32,"status":null},"geometry":{"type":"Polygon","coordinates":[[[3.96458897,50.96917885],[3.96464844,50.96917391],[3.96465629,50.96922064],[3.96459715,50.96922465],[3.96458897,50.96917885]]]}},{"type":"Feature","id":"gebouw/Gebouw.9172254/0","properties":{"source":"Digitaal Vlaanderen Gebouwenregister","source_id":"gebouw/Gebouw.9172254/0","kind":"building","height_m":5.0,"status":null},"geometry":{"type":"Polygon","coordinates":[[[3.96577059,50.9699672],[3.9657888,50.96994249],[3.96584587,50.96995925],[3.96582765,50.96998433],[3.96577059,50.9699672]]]}},{"type":"Feature","id":"gebouw/Gebouw.9172255/0","properties":{"source":"Digitaal Vlaanderen Gebouwenregister","source_id":"gebouw/Gebouw.9172255/0","kind":"building","height_m":5.72,"status":null},"geometry":{"type":"Polygon","coordinates":[[[3.9647766,50.96990247],[3.96480458,50.96984753],[3.96485708,50.96985787],[3.96483002,50.96991226],[3.9647766,50.96990247]]]}},{"type":"Feature","id":"gebouw/Gebouw.9172351/0","properties":{"source":"Digitaal Vlaanderen Gebouwenregister","source_id":"gebouw/Gebouw.9172351/0","kind":"building","height_m":9.32,"status":null},"geometry":{"type":"Polygon","coordinates":[[[3.96367292,50.96841264],[3.96365106,50.9683636],[3.96347334,50.96839495],[3.9634855,50.96842468],[3.96349456,50.96844498],[3.96367292,50.96841264]]]}},{"type":"Feature","id":"gebouw/Gebouw.9172415/0","properties":{"source":"Digitaal Vlaanderen Gebouwenregister","source_id":"gebouw/Gebouw.9172415/0","kind":"building","height_m":5.0,"status":null},"geometry":{"type":"Polygon","coordinates":[[[3.97301868,50.96950455],[3.97305734,50.96952185],[3.9730269,50.96954568],[3.97298891,50.96953144],[3.97301868,50.96950455]]]}},{"type":"Feature","id":"gebouw/Gebouw.9172518/0","properties":{"source":"Digitaal Vlaanderen Gebouwenregister","source_id":"gebouw/Gebouw.9172518/0","kind":"building","height_m":8.6,"status":null},"geometry":{"type":"Polygon","coordinates":[[[3.97104567,50.96824225],[3.97104021,50.96824333],[3.97098151,50.96825494],[3.97096052,50.96825889],[3.97094916,50.96826102],[3.9709997,50.96836837],[3.97105187,50.96835858],[3.97112283,50.96834502],[3.97108418,50.96826479],[3.97105942,50.96826956],[3.97104567,50.96824225]]]}},{"type":"Feature","id":"gebouw/Gebouw.9172519/0","properties":{"source":"Digitaal Vlaanderen Gebouwenregister","source_id":"gebouw/Gebouw.9172519/0","kind":"building","height_m":9.32,"status":null},"geometry":{"type":"Polygon","coordinates":[[[3.9696963,50.97065261],[3.96977375,50.97066211],[3.96976896,50.97067423],[3.96981149,50.97068011],[3.96978578,50.97076039],[3.96973692,50.97075415],[3.96973408,50.97076301],[3.96965056,50.97075235],[3.96965327,50.97074349],[3.96960767,50.97073768],[3.96958243,50.9707138],[3.96957043,50.97071877],[3.96952295,50.97067415],[3.96965896,50.97061645],[3.9696963,50.97065261]]]}},{"type":"Feature","id":"gebouw/Gebouw.9172536/0","properties":{"source":"Digitaal Vlaanderen Gebouwenregister","source_id":"gebouw/Gebouw.9172536/0","kind":"building","height_m":6.44,"status":null},"geometry":{"type":"Polygon","coordinates":[[[3.97129487,50.97278866],[3.97124806,50.97277595],[3.97128097,50.97273493],[3.97132891,50.97274952],[3.97129487,50.97278866]]]}},{"type":"Feature","id":"gebouw/Gebouw.9172537/0","properties":{"source":"Digitaal Vlaanderen Gebouwenregister","source_id":"gebouw/Gebouw.9172537/0","kind":"building","height_m":7.16,"status":null},"geometry":{"type":"Polygon","coordinates":[[[3.96992191,50.97120613],[3.96993464,50.9711149],[3.96994822,50.97102393],[3.97006247,50.97103055],[3.97005877,50.97105736],[3.97006077,50.97105747],[3.97005922,50.97106891],[3.9700572,50.97106879],[3.97004756,50.97113885],[3.96998331,50.97113533],[3.96998175,50.97119655],[3.96999175,50.971224],[3.96989579,50.97123939],[3.96988568,50.97121194],[3.96992191,50.97120613]]]}},{"type":"Feature","id":"gebouw/Gebouw.9172538/0","properties":{"source":"Digitaal Vlaanderen Gebouwenregister","source_id":"gebouw/Gebouw.9172538/0","kind":"building","height_m":7.88,"status":null},"geometry":{"type":"Polygon","coordinates":[[[3.97070067,50.97219489],[3.97070319,50.97221901],[3.97052604,50.97222662],[3.97052492,50.97221624],[3.97051727,50.97221209],[3.97051575,50.97219984],[3.97052261,50.97219475],[3.97051877,50.97215917],[3.97073322,50.97214998],[3.97073862,50.9721901],[3.970739,50.97219289],[3.97070067,50.97219489]]]}},{"type":"Feature","id":"gebouw/Gebouw.9172614/0","properties":{"source":"Digitaal Vlaanderen Gebouwenregister","source_id":"gebouw/Gebouw.9172614/0","kind":"building","height_m":7.16,"status":null},"geometry":{"type":"Polygon","coordinates":[[[3.97277615,50.96950397],[3.97273816,50.96954516],[3.97268399,50.96952462],[3.97262422,50.96950195],[3.97259967,50.9695261],[3.97249955,50.96948467],[3.9725205,50.96946262],[3.97252125,50.96946183],[3.97255852,50.96942225],[3.97277615,50.96950397]]]}},{"type":"Feature","id":"gebouw/Gebouw.9172859/0","properties":{"source":"Digitaal Vlaanderen Gebouwenregister","source_id":"gebouw/Gebouw.9172859/0","kind":"building","height_m":7.16,"status":null},"geometry":{"type":"Polygon","coordinates":[[[3.96441874,50.96966819],[3.96440243,50.96966781],[3.96433297,50.96974213],[3.96432241,50.96973789],[3.9643096,50.9697501],[3.96426938,50.96973522],[3.96428132,50.96972243],[3.96427573,50.96972068],[3.96433445,50.96965917],[3.96438762,50.96957435],[3.96448892,50.96958189],[3.96448868,50.96958316],[3.96441874,50.96966819]]]}},{"type":"Feature","id":"gebouw/Gebouw.9174988/0","properties":{"source":"Digitaal Vlaanderen Gebouwenregister","source_id":"gebouw/Gebouw.9174988/0","kind":"building","height_m":7.88,"status":null},"geometry":{"type":"Polygon","coordinates":[[[3.972417,50.96991798],[3.97244891,50.96993306],[3.97240212,50.96997186],[3.9723718,50.96995337],[3.972417,50.96991798]]]}},{"type":"Feature","id":"gebouw/Gebouw.9174991/0","properties":{"source":"Digitaal Vlaanderen Gebouwenregister","source_id":"gebouw/Gebouw.9174991/0","kind":"building","height_m":5.0,"status":null},"geometry":{"type":"Polygon","coordinates":[[[3.97341591,50.96927694],[3.97336794,50.96931347],[3.97331002,50.96929107],[3.97335004,50.96925182],[3.97341591,50.96927694]]]}},{"type":"Feature","id":"gebouw/Gebouw.9175005/0","properties":{"source":"Digitaal Vlaanderen Gebouwenregister","source_id":"gebouw/Gebouw.9175005/0","kind":"building","height_m":5.0,"status":null},"geometry":{"type":"Polygon","coordinates":[[[3.9729759,50.96752961],[3.97295732,50.96763621],[3.97291743,50.96770842],[3.97284963,50.96769349],[3.97288085,50.96763698],[3.97289261,50.96761662],[3.97290852,50.96762055],[3.97291612,50.96756182],[3.97293065,50.96756217],[3.97293458,50.96752813],[3.9729759,50.96752961]]]}},{"type":"Feature","id":"gebouw/Gebouw.9175006/0","properties":{"source":"Digitaal Vlaanderen Gebouwenregister","source_id":"gebouw/Gebouw.9175006/0","kind":"building","height_m":5.72,"status":null},"geometry":{"type":"Polygon","coordinates":[[[3.97283017,50.96750166],[3.97281407,50.96761012],[3.9727767,50.9676776],[3.97271802,50.96766454],[3.97275661,50.9675954],[3.97277078,50.96749911],[3.97283017,50.96750166]]]}},{"type":"Feature","id":"gebouw/Gebouw.9175007/0","properties":{"source":"Digitaal Vlaanderen Gebouwenregister","source_id":"gebouw/Gebouw.9175007/0","kind":"building","height_m":6.44,"status":null},"geometry":{"type":"Polygon","coordinates":[[[3.97154204,50.96760117],[3.97157661,50.96760869],[3.97151834,50.96770668],[3.97155633,50.96771528],[3.97167626,50.96750379],[3.97160372,50.96748802],[3.97154204,50.96760117]]]}},{"type":"Feature","id":"gebouw/Gebouw.9175035/0","properties":{"source":"Digitaal Vlaanderen Gebouwenregister","source_id":"gebouw/Gebouw.9175035/0","kind":"building","height_m":6.44,"status":null},"geometry":{"type":"Polygon","coordinates":[[[3.97228584,50.96990094],[3.97224138,50.96992883],[3.97232912,50.96998321],[3.97229224,50.97000714],[3.97219667,50.96994649],[3.97209424,50.96988367],[3.97217443,50.969833],[3.97224597,50.96987663],[3.97228584,50.96990094]]]}},{"type":"Feature","id":"gebouw/Gebouw.9175039/0","properties":{"source":"Digitaal Vlaanderen Gebouwenregister","source_id":"gebouw/Gebouw.9175039/0","kind":"building","height_m":9.32,"status":null},"geometry":{"type":"Polygon","coordinates":[[[3.9722949,50.96950184],[3.97225099,50.96953726],[3.9721559,50.96949026],[3.97203545,50.96946554],[3.97200908,50.96946013],[3.97203367,50.96941434],[3.97220284,50.96944903],[3.9721969,50.9694534],[3.9722949,50.96950184]]]}},{"type":"Feature","id":"gebouw/Gebouw.9175040/0","properties":{"source":"Digitaal Vlaanderen Gebouwenregister","source_id":"gebouw/Gebouw.9175040/0","kind":"building","height_m":5.0,"status":null},"geometry":{"type":"Polygon","coordinates":[[[3.97242165,50.96938662],[3.97236413,50.96944451],[3.97226376,50.96940475],[3.97208219,50.96936748],[3.97206903,50.96936478],[3.97208078,50.96934269],[3.97216769,50.96936114],[3.97218847,50.96931867],[3.97221679,50.96932424],[3.97231508,50.96934356],[3.97242165,50.96938662]]]}},{"type":"Feature","id":"gebouw/Gebouw.9175041/0","properties":{"source":"Digitaal Vlaanderen Gebouwenregister","source_id":"gebouw/Gebouw.9175041/0","kind":"building","height_m":5.72,"status":null},"geometry":{"type":"Polygon","coordinates":[[[3.97336694,50.96883756],[3.97317669,50.96876496],[3.97313892,50.96880414],[3.97332919,50.96887495],[3.97337599,50.96889237],[3.97341172,50.96885515],[3.97336694,50.96883756]]]}},{"type":"Feature","id":"gebouw/Gebouw.9175042/0","properties":{"source":"Digitaal Vlaanderen Gebouwenregister","source_id":"gebouw/Gebouw.9175042/0","kind":"building","height_m":6.44,"status":null},"geometry":{"type":"Polygon","coordinates":[[[3.97322847,50.96891516],[3.97327628,50.9689332],[3.97325665,50.96895394],[3.97306613,50.96888183],[3.97309958,50.96884102],[3.97310318,50.96884238],[3.97324625,50.96889638],[3.97322847,50.96891516]]]}},{"type":"Feature","id":"gebouw/Gebouw.9175062/0","properties":{"source":"Digitaal Vlaanderen Gebouwenregister","source_id":"gebouw/Gebouw.9175062/0","kind":"building","height_m":5.72,"status":null},"geometry":{"type":"Polygon","coordinates":[[[3.97256579,50.96878865],[3.97263501,50.96880304],[3.97280275,50.96883793],[3.97290502,50.96887588],[3.97286559,50.96891962],[3.97270467,50.96886044],[3.97271305,50.96885135],[3.97262304,50.96883181],[3.97253661,50.96881304],[3.97255009,50.96878538],[3.97256579,50.96878865]]]}},{"type":"Feature","id":"gebouw/Gebouw.9175119/0","properties":{"source":"Digitaal Vlaanderen Gebouwenregister","source_id":"gebouw/Gebouw.9175119/0","kind":"building","height_m":6.44,"status":null},"geometry":{"type":"Polygon","coordinates":[[[3.97263897,50.96756542],[3.97263581,50.96758692],[3.97260662,50.96763978],[3.9725101,50.96761852],[3.97255372,50.96754027],[3.97250189,50.96748934],[3.97254017,50.96747381],[3.97256303,50.96749627],[3.97260815,50.96754059],[3.9725768,50.96755066],[3.97261707,50.96756022],[3.97263897,50.96756542]]]}},{"type":"Feature","id":"gebouw/Gebouw.9175121/0","properties":{"source":"Digitaal Vlaanderen Gebouwenregister","source_id":"gebouw/Gebouw.9175121/0","kind":"building","height_m":7.88,"status":null},"geometry":{"type":"Polygon","coordinates":[[[3.9735195,50.96860977],[3.97360603,50.96864694],[3.97372977,50.96870009],[3.97370593,50.96872492],[3.97368313,50.96871621],[3.97334378,50.96858653],[3.97341725,50.96850946],[3.97356344,50.96856425],[3.97352944,50.96859948],[3.97349626,50.96858731],[3.9734865,50.96859694],[3.9735195,50.96860977]]]}},{"type":"Feature","id":"gebouw/Gebouw.9175125/0","properties":{"source":"Digitaal Vlaanderen Gebouwenregister","source_id":"gebouw/Gebouw.9175125/0","kind":"building","height_m":5.72,"status":null},"geometry":{"type":"Polygon","coordinates":[[[3.97222628,50.96775237],[3.97219298,50.96774469],[3.97217363,50.96777818],[3.97213457,50.96776904],[3.97221975,50.96762803],[3.97228483,50.9676437],[3.97222809,50.96774901],[3.97222628,50.96775237]]]}},{"type":"Feature","id":"gebouw/Gebouw.9175130/0","properties":{"source":"Digitaal Vlaanderen Gebouwenregister","source_id":"gebouw/Gebouw.9175130/0","kind":"building","height_m":9.32,"status":null},"geometry":{"type":"Polygon","coordinates":[[[3.96420465,50.96796309],[3.96414904,50.96784352],[3.96407032,50.96785798],[3.96411017,50.9679371],[3.96397577,50.96790709],[3.9639504,50.96786073],[3.96392594,50.96786515],[3.96379447,50.96786583],[3.96379386,50.96781845],[3.96386256,50.96781863],[3.96386309,50.96780646],[3.96392325,50.96780614],[3.96392274,50.96779073],[3.96402631,50.96778911],[3.96403741,50.96781583],[3.96418414,50.96778829],[3.9641889,50.96779827],[3.96437413,50.96776274],[3.96438985,50.96779363],[3.96440596,50.96779045],[3.96443721,50.96785936],[3.9644666,50.96793124],[3.96441501,50.96794058],[3.96441635,50.96794565],[3.96438773,50.96795057],[3.96437327,50.96794797],[3.96429188,50.96796221],[3.96428663,50.96794886],[3.96420465,50.96796309]]]}},{"type":"Feature","id":"gebouw/Gebouw.9175131/0","properties":{"source":"Digitaal Vlaanderen Gebouwenregister","source_id":"gebouw/Gebouw.9175131/0","kind":"building","height_m":5.0,"status":null},"geometry":{"type":"Polygon","coordinates":[[[3.96405826,50.96806373],[3.96401968,50.96806646],[3.96380473,50.96808164],[3.96379792,50.96804162],[3.96395574,50.96802866],[3.96396489,50.96802791],[3.96396775,50.96804415],[3.96401429,50.96804089],[3.96405514,50.96803803],[3.96405826,50.96806373]]]}},{"type":"Feature","id":"gebouw/Gebouw.9189107/0","properties":{"source":"Digitaal Vlaanderen Gebouwenregister","source_id":"gebouw/Gebouw.9189107/0","kind":"building","height_m":7.88,"status":null},"geometry":{"type":"Polygon","coordinates":[[[3.97391509,50.9683274],[3.97377614,50.96827615],[3.97366999,50.968237],[3.97361929,50.96829112],[3.97372815,50.96833163],[3.9737783,50.96835029],[3.97379939,50.96832716],[3.97384987,50.96834689],[3.9738468,50.9683506],[3.97388204,50.96836298],[3.97391509,50.9683274]]]}},{"type":"Feature","id":"gebouw/Gebouw.9189110/0","properties":{"source":"Digitaal Vlaanderen Gebouwenregister","source_id":"gebouw/Gebouw.9189110/0","kind":"building","height_m":5.0,"status":null},"geometry":{"type":"Polygon","coordinates":[[[3.96404404,50.96860151],[3.9640101,50.96860562],[3.96399582,50.96856158],[3.96402906,50.96855749],[3.96403146,50.96856428],[3.96404785,50.96856166],[3.96405928,50.96859738],[3.9640435,50.96859963],[3.96404404,50.96860151]]]}},{"type":"Feature","id":"gebouw/Gebouw.9189357/0","properties":{"source":"Digitaal Vlaanderen Gebouwenregister","source_id":"gebouw/Gebouw.9189357/0","kind":"building","height_m":6.44,"status":null},"geometry":{"type":"Polygon","coordinates":[[[3.97303226,50.96759816],[3.97302319,50.96764564],[3.97303351,50.96764781],[3.97299062,50.9677247],[3.97291743,50.96770842],[3.97295732,50.96763621],[3.9729759,50.96752961],[3.97301872,50.96753208],[3.97300828,50.96759658],[3.97303226,50.96759816]]]}},{"type":"Feature","id":"gebouw/Gebouw.9189361/0","properties":{"source":"Digitaal Vlaanderen Gebouwenregister","source_id":"gebouw/Gebouw.9189361/0","kind":"building","height_m":9.32,"status":null},"geometry":{"type":"Polygon","coordinates":[[[3.96367057,50.96901876],[3.96351163,50.96901512],[3.96346492,50.96901405],[3.96345115,50.96901403],[3.96344545,50.96901402],[3.96344381,50.96904894],[3.96343599,50.96905241],[3.96343543,50.96907301],[3.96345686,50.96908729],[3.96351411,50.96908758],[3.96351408,50.96908285],[3.96366713,50.96908532],[3.96367057,50.96901876]]]}},{"type":"Feature","id":"gebouw/Gebouw.9189385/0","properties":{"source":"Digitaal Vlaanderen Gebouwenregister","source_id":"gebouw/Gebouw.9189385/0","kind":"building","height_m":6.44,"status":null},"geometry":{"type":"Polygon","coordinates":[[[3.97306472,50.96789791],[3.97300884,50.96788618],[3.97297713,50.96794782],[3.97298481,50.96794903],[3.97294763,50.96801473],[3.97290165,50.96800447],[3.97290371,50.96800091],[3.97301534,50.9678074],[3.97310621,50.96782664],[3.97306472,50.96789791]]]}},{"type":"Feature","id":"gebouw/Gebouw.9189386/0","properties":{"source":"Digitaal Vlaanderen Gebouwenregister","source_id":"gebouw/Gebouw.9189386/0","kind":"building","height_m":7.16,"status":null},"geometry":{"type":"Polygon","coordinates":[[[3.97306999,50.96799739],[3.97309002,50.96796247],[3.97316108,50.9678386],[3.97310621,50.96782664],[3.97306472,50.96789791],[3.97305823,50.96790905],[3.97304621,50.96792971],[3.9730771,50.96793697],[3.97304976,50.96798049],[3.97302052,50.96797382],[3.9729976,50.96801318],[3.97305348,50.96802616],[3.97306999,50.96799739]]]}},{"type":"Feature","id":"gebouw/Gebouw.9189387/0","properties":{"source":"Digitaal Vlaanderen Gebouwenregister","source_id":"gebouw/Gebouw.9189387/0","kind":"building","height_m":7.88,"status":null},"geometry":{"type":"Polygon","coordinates":[[[3.97262855,50.96917251],[3.9726038,50.96919905],[3.97258875,50.96921519],[3.97247685,50.9691736],[3.97235999,50.96915017],[3.97219363,50.96911681],[3.97218274,50.96911463],[3.97219718,50.96908355],[3.97222232,50.96908782],[3.9722329,50.96906447],[3.97226756,50.96907164],[3.97229004,50.96907629],[3.9722768,50.96910258],[3.97234017,50.96911698],[3.97234615,50.96910487],[3.97248919,50.96913403],[3.97249105,50.96913105],[3.97251404,50.96913102],[3.97262855,50.96917251]]]}},{"type":"Feature","id":"gebouw/Gebouw.9189388/0","properties":{"source":"Digitaal Vlaanderen Gebouwenregister","source_id":"gebouw/Gebouw.9189388/0","kind":"building","height_m":8.6,"status":null},"geometry":{"type":"Polygon","coordinates":[[[3.97177068,50.96988245],[3.97172461,50.96991437],[3.97162259,50.96985584],[3.97158663,50.96984827],[3.97158978,50.96984194],[3.97151101,50.96982662],[3.97152333,50.96980035],[3.97162154,50.96982039],[3.97163699,50.96980914],[3.97174435,50.96986801],[3.97177068,50.96988245]]]}},{"type":"Feature","id":"gebouw/Gebouw.9189389/0","properties":{"source":"Digitaal Vlaanderen Gebouwenregister","source_id":"gebouw/Gebouw.9189389/0","kind":"building","height_m":9.32,"status":null},"geometry":{"type":"Polygon","coordinates":[[[3.97180162,50.97062061],[3.9717044,50.97069073],[3.97168248,50.97067919],[3.97136133,50.9705102],[3.97139674,50.97048339],[3.97137486,50.97047159],[3.97130692,50.97043491],[3.97141262,50.97035684],[3.97153602,50.97042346],[3.97154631,50.97042947],[3.97150272,50.97046007],[3.97155179,50.97048685],[3.97180162,50.97062061]]]}},{"type":"Feature","id":"gebouw/Gebouw.9189588/0","properties":{"source":"Digitaal Vlaanderen Gebouwenregister","source_id":"gebouw/Gebouw.9189588/0","kind":"building","height_m":6.44,"status":null},"geometry":{"type":"Polygon","coordinates":[[[3.97087564,50.97049837],[3.97081111,50.97054649],[3.97071809,50.97049676],[3.97071857,50.97049622],[3.97070713,50.97049141],[3.97066774,50.97052056],[3.97058715,50.97047544],[3.97051601,50.97043192],[3.97050773,50.97042686],[3.97051262,50.97042589],[3.97056274,50.97041597],[3.97056611,50.97042275],[3.97058102,50.97041993],[3.97059151,50.97043709],[3.9706026,50.97044321],[3.9706637,50.97047481],[3.9707013,50.97044639],[3.9707379,50.9704631],[3.97076548,50.97044107],[3.97087564,50.97049837]]]}},{"type":"Feature","id":"gebouw/Gebouw.9189752/0","properties":{"source":"Digitaal Vlaanderen Gebouwenregister","source_id":"gebouw/Gebouw.9189752/0","kind":"building","height_m":8.6,"status":null},"geometry":{"type":"Polygon","coordinates":[[[3.97382113,50.97097416],[3.9738189,50.97097752],[3.97378227,50.97103277],[3.97361339,50.97098814],[3.97362045,50.97097748],[3.97341263,50.97092256],[3.97341516,50.97091873],[3.97332356,50.97089452],[3.97335222,50.9708513],[3.97382113,50.97097416]]]}},{"type":"Feature","id":"gebouw/Gebouw.9189970/0","properties":{"source":"Digitaal Vlaanderen Gebouwenregister","source_id":"gebouw/Gebouw.9189970/0","kind":"building","height_m":9.32,"status":null},"geometry":{"type":"Polygon","coordinates":[[[3.97313881,50.96800651],[3.97319108,50.96801805],[3.97316992,50.96805265],[3.97311869,50.9680411],[3.97313881,50.96800651]]]}},{"type":"Feature","id":"gebouw/Gebouw.9189971/0","properties":{"source":"Digitaal Vlaanderen Gebouwenregister","source_id":"gebouw/Gebouw.9189971/0","kind":"building","height_m":5.0,"status":null},"geometry":{"type":"Polygon","coordinates":[[[3.97181615,50.96918058],[3.97183106,50.96918348],[3.97183505,50.96921894],[3.97178788,50.96922155],[3.97178116,50.96917376],[3.97178727,50.96917494],[3.9717946,50.96916004],[3.97182378,50.96916693],[3.97181615,50.96918058]]]}},{"type":"Feature","id":"gebouw/Gebouw.9189972/0","properties":{"source":"Digitaal Vlaanderen Gebouwenregister","source_id":"gebouw/Gebouw.9189972/0","kind":"building","height_m":5.72,"status":null},"geometry":{"type":"Polygon","coordinates":[[[3.97185169,50.96961359],[3.97186222,50.96961896],[3.97189685,50.96959051],[3.97195183,50.9696181],[3.97196277,50.96960886],[3.97203734,50.96964661],[3.97198483,50.96968853],[3.97195853,50.96967437],[3.97193575,50.96969303],[3.97182279,50.9696367],[3.97185169,50.96961359]]]}},{"type":"Feature","id":"gebouw/Gebouw.9189974/0","properties":{"source":"Digitaal Vlaanderen Gebouwenregister","source_id":"gebouw/Gebouw.9189974/0","kind":"building","height_m":7.16,"status":null},"geometry":{"type":"Polygon","coordinates":[[[3.97375503,50.97001246],[3.97371798,50.97001147],[3.97371334,50.97003459],[3.97371107,50.97004585],[3.97374303,50.97004848],[3.97379228,50.97003389],[3.97379237,50.97003386],[3.97375503,50.97001246]]]}},{"type":"Feature","id":"gebouw/Gebouw.9189982/0","properties":{"source":"Digitaal Vlaanderen Gebouwenregister","source_id":"gebouw/Gebouw.9189982/0","kind":"building","height_m":7.88,"status":null},"geometry":{"type":"Polygon","coordinates":[[[3.97275016,50.97069445],[3.9727201,50.97073963],[3.97268477,50.97073023],[3.97271449,50.97068637],[3.97275016,50.97069445]]]}},{"type":"Feature","id":"gebouw/Gebouw.9189991/0","properties":{"source":"Digitaal Vlaanderen Gebouwenregister","source_id":"gebouw/Gebouw.9189991/0","kind":"building","height_m":9.32,"status":null},"geometry":{"type":"Polygon","coordinates":[[[3.96983643,50.97101758],[3.9698135,50.97117824],[3.96975671,50.97117506],[3.96975985,50.9711588],[3.9697222,50.97115781],[3.96972999,50.97110302],[3.9697351,50.97106783],[3.96974316,50.97101226],[3.96983643,50.97101758]]]}},{"type":"Feature","id":"gebouw/Gebouw.9192215/0","properties":{"source":"Digitaal Vlaanderen Gebouwenregister","source_id":"gebouw/Gebouw.9192215/0","kind":"building","height_m":7.88,"status":null},"geometry":{"type":"Polygon","coordinates":[[[3.97100861,50.96978083],[3.97105849,50.96978983],[3.97104553,50.96981759],[3.97099567,50.96980822],[3.97100861,50.96978083]]]}},{"type":"Feature","id":"gebouw/Gebouw.9192217/0","properties":{"source":"Digitaal Vlaanderen Gebouwenregister","source_id":"gebouw/Gebouw.9192217/0","kind":"building","height_m":9.32,"status":null},"geometry":{"type":"Polygon","coordinates":[[[3.97006206,50.96818587],[3.97006725,50.96821437],[3.96997656,50.96822177],[3.96997188,50.96819421],[3.96996971,50.96818142],[3.97006007,50.96817496],[3.97006206,50.96818587]]]}},{"type":"Feature","id":"gebouw/Gebouw.9192218/0","properties":{"source":"Digitaal Vlaanderen Gebouwenregister","source_id":"gebouw/Gebouw.9192218/0","kind":"building","height_m":5.0,"status":null},"geometry":{"type":"Polygon","coordinates":[[[3.96988653,50.97059784],[3.9699474,50.97060639],[3.96991978,50.97069056],[3.96985738,50.97068404],[3.96988653,50.97059784]]]}},{"type":"Feature","id":"gebouw/Gebouw.9192244/0","properties":{"source":"Digitaal Vlaanderen Gebouwenregister","source_id":"gebouw/Gebouw.9192244/0","kind":"building","height_m":8.6,"status":null},"geometry":{"type":"Polygon","coordinates":[[[3.97187193,50.9675485],[3.97185288,50.9675438],[3.9717878,50.96766075],[3.97179681,50.96766285],[3.97185512,50.96767641],[3.97186121,50.96767783],[3.97192688,50.96756205],[3.97187193,50.9675485]]]}},{"type":"Feature","id":"gebouw/Gebouw.9192247/0","properties":{"source":"Digitaal Vlaanderen Gebouwenregister","source_id":"gebouw/Gebouw.9192247/0","kind":"building","height_m":5.72,"status":null},"geometry":{"type":"Polygon","coordinates":[[[3.97289577,50.96748632],[3.97289293,50.96750448],[3.97287577,50.96761437],[3.97286744,50.96762971],[3.97283457,50.96769025],[3.9727767,50.9676776],[3.97281407,50.96761012],[3.97283017,50.96750166],[3.9728331,50.96748196],[3.97289577,50.96748632]]]}},{"type":"Feature","id":"gebouw/Gebouw.9192248/0","properties":{"source":"Digitaal Vlaanderen Gebouwenregister","source_id":"gebouw/Gebouw.9192248/0","kind":"building","height_m":6.44,"status":null},"geometry":{"type":"Polygon","coordinates":[[[3.97235814,50.96765948],[3.97235766,50.96766032],[3.97227647,50.96780213],[3.97222903,50.96779117],[3.97225173,50.96775453],[3.97222809,50.96774901],[3.97228483,50.9676437],[3.97228532,50.96764286],[3.97235814,50.96765948]]]}},{"type":"Feature","id":"gebouw/Gebouw.9192249/0","properties":{"source":"Digitaal Vlaanderen Gebouwenregister","source_id":"gebouw/Gebouw.9192249/0","kind":"building","height_m":7.16,"status":null},"geometry":{"type":"Polygon","coordinates":[[[3.96374881,50.96927403],[3.96374818,50.96927213],[3.96372688,50.96927307],[3.96372362,50.96924348],[3.96370658,50.96924423],[3.96369924,50.96918045],[3.96357467,50.96918578],[3.9635803,50.96923177],[3.96358356,50.96925837],[3.96353574,50.96926064],[3.96353623,50.96926437],[3.96353921,50.96928705],[3.96354012,50.96929403],[3.96374881,50.96927403]]]}},{"type":"Feature","id":"gebouw/Gebouw.9192334/0","properties":{"source":"Digitaal Vlaanderen Gebouwenregister","source_id":"gebouw/Gebouw.9192334/0","kind":"building","height_m":7.88,"status":null},"geometry":{"type":"Polygon","coordinates":[[[3.9636589,50.96793908],[3.96365473,50.96789525],[3.96341896,50.9679225],[3.9634194,50.96792692],[3.96342328,50.96796631],[3.9636589,50.96793908]]]}},{"type":"Feature","id":"gebouw/Gebouw.9192335/0","properties":{"source":"Digitaal Vlaanderen Gebouwenregister","source_id":"gebouw/Gebouw.9192335/0","kind":"building","height_m":8.6,"status":null},"geometry":{"type":"Polygon","coordinates":[[[3.96419383,50.96980457],[3.96414185,50.96985169],[3.96403305,50.96980445],[3.96404007,50.9697976],[3.96400636,50.96978354],[3.96402648,50.96976466],[3.96395906,50.96973655],[3.9639851,50.96970781],[3.96398892,50.96969849],[3.96400922,50.96968892],[3.96404786,50.96967069],[3.96404375,50.96966915],[3.96408144,50.96962706],[3.9641172,50.96959057],[3.96414051,50.96959477],[3.96415956,50.96954601],[3.96428447,50.96956718],[3.96425082,50.96964632],[3.9641791,50.96963529],[3.96418427,50.96962037],[3.96415239,50.96961513],[3.96410576,50.96968952],[3.96416976,50.96971501],[3.96425046,50.96974716],[3.96423141,50.96976712],[3.96428359,50.96978802],[3.96425737,50.96981282],[3.96420736,50.96979231],[3.96419383,50.96980457]]]}},{"type":"Feature","id":"gebouw/Gebouw.9192492/0","properties":{"source":"Digitaal Vlaanderen Gebouwenregister","source_id":"gebouw/Gebouw.9192492/0","kind":"building","height_m":5.72,"status":null},"geometry":{"type":"Polygon","coordinates":[[[3.97351739,50.96775894],[3.97347863,50.9678308],[3.97339786,50.96781342],[3.97341488,50.96778189],[3.97340988,50.9677807],[3.9733768,50.96777285],[3.97342598,50.96768879],[3.97344245,50.96769204],[3.97346432,50.96769634],[3.97344076,50.96774272],[3.97348293,50.96775125],[3.97350087,50.96769432],[3.97353634,50.96769878],[3.97351739,50.96775894]]]}},{"type":"Feature","id":"gebouw/Gebouw.9192820/0","properties":{"source":"Digitaal Vlaanderen Gebouwenregister","source_id":"gebouw/Gebouw.9192820/0","kind":"building","height_m":5.0,"status":null},"geometry":{"type":"Polygon","coordinates":[[[3.97334836,50.96787847],[3.97326109,50.9680272],[3.97320569,50.96801541],[3.97321142,50.96800602],[3.97329617,50.96786714],[3.97334836,50.96787847]]]}},{"type":"Feature","id":"gebouw/Gebouw.9192821/0","properties":{"source":"Digitaal Vlaanderen Gebouwenregister","source_id":"gebouw/Gebouw.9192821/0","kind":"building","height_m":5.72,"status":null},"geometry":{"type":"Polygon","coordinates":[[[3.97246249,50.96934631],[3.97242165,50.96938662],[3.97231508,50.96934356],[3.97221679,50.96932424],[3.97223591,50.9692883],[3.97218658,50.96928118],[3.9721907,50.96927168],[3.97215795,50.9692655],[3.97216555,50.96924873],[3.97219715,50.96925557],[3.97236606,50.96929213],[3.97235569,50.96930317],[3.97246249,50.96934631]]]}},{"type":"Feature","id":"gebouw/Gebouw.9192823/0","properties":{"source":"Digitaal Vlaanderen Gebouwenregister","source_id":"gebouw/Gebouw.9192823/0","kind":"building","height_m":7.16,"status":null},"geometry":{"type":"Polygon","coordinates":[[[3.97068907,50.97104809],[3.97068228,50.97104639],[3.97074803,50.97096051],[3.97065303,50.97093165],[3.97064588,50.97092929],[3.97061671,50.97096774],[3.97058978,50.97095856],[3.97051414,50.9709122],[3.97046451,50.97094448],[3.97043497,50.97096369],[3.97043918,50.97096627],[3.9705841,50.97105511],[3.97066435,50.97108302],[3.97068907,50.97104809]]]}},{"type":"Feature","id":"gebouw/Gebouw.9192824/0","properties":{"source":"Digitaal Vlaanderen Gebouwenregister","source_id":"gebouw/Gebouw.9192824/0","kind":"building","height_m":7.88,"status":null},"geometry":{"type":"Polygon","coordinates":[[[3.97340315,50.96879842],[3.97336694,50.96883756],[3.97317669,50.96876496],[3.97321227,50.96872726],[3.97340315,50.96879842]]]}},{"type":"Feature","id":"gebouw/Gebouw.9192998/0","properties":{"source":"Digitaal Vlaanderen Gebouwenregister","source_id":"gebouw/Gebouw.9192998/0","kind":"building","height_m":7.16,"status":null},"geometry":{"type":"Polygon","coordinates":[[[3.97245425,50.96988487],[3.972417,50.96991798],[3.9723718,50.96995337],[3.97228584,50.96990094],[3.97224597,50.96987663],[3.97217443,50.969833],[3.97219376,50.96981723],[3.9722586,50.96976433],[3.97245425,50.96988487]]]}},{"type":"Feature","id":"gebouw/Gebouw.9193000/0","properties":{"source":"Digitaal Vlaanderen Gebouwenregister","source_id":"gebouw/Gebouw.9193000/0","kind":"building","height_m":8.6,"status":null},"geometry":{"type":"Polygon","coordinates":[[[3.97300366,50.96922392],[3.97296657,50.96926249],[3.97288191,50.96923037],[3.97277643,50.96919036],[3.97281163,50.96915305],[3.97291779,50.96919223],[3.97300366,50.96922392]]]}},{"type":"Feature","id":"gebouw/Gebouw.9193147/0","properties":{"source":"Digitaal Vlaanderen Gebouwenregister","source_id":"gebouw/Gebouw.9193147/0","kind":"building","height_m":8.6,"status":null},"geometry":{"type":"Polygon","coordinates":[[[3.97297189,50.96880626],[3.9727611,50.96876352],[3.97274657,50.96879445],[3.97264354,50.96877363],[3.9726284,50.96880167],[3.97263501,50.96880304],[3.97263694,50.96880345],[3.97280275,50.96883793],[3.97290502,50.96887588],[3.97291837,50.96886198],[3.97297189,50.96880626]]]}},{"type":"Feature","id":"gebouw/Gebouw.9193156/0","properties":{"source":"Digitaal Vlaanderen Gebouwenregister","source_id":"gebouw/Gebouw.9193156/0","kind":"building","height_m":5.0,"status":null},"geometry":{"type":"Polygon","coordinates":[[[3.97301487,50.96821955],[3.97300776,50.96823178],[3.97294551,50.96821437],[3.97296059,50.96818809],[3.97299583,50.96819734],[3.97298679,50.96821278],[3.97301487,50.96821955]]]}},{"type":"Feature","id":"gebouw/Gebouw.9193161/0","properties":{"source":"Digitaal Vlaanderen Gebouwenregister","source_id":"gebouw/Gebouw.9193161/0","kind":"building","height_m":8.6,"status":null},"geometry":{"type":"Polygon","coordinates":[[[3.97067182,50.9706503],[3.9706073,50.97069742],[3.97049655,50.97063694],[3.97047232,50.97062293],[3.97047838,50.97061865],[3.97050198,50.97060203],[3.97054077,50.97057475],[3.97067182,50.9706503]]]}},{"type":"Feature","id":"gebouw/Gebouw.9443946/0","properties":{"source":"Digitaal Vlaanderen Gebouwenregister","source_id":"gebouw/Gebouw.9443946/0","kind":"building","height_m":5.72,"status":null},"geometry":{"type":"Polygon","coordinates":[[[3.96320727,50.96905665],[3.96327801,50.96904154],[3.96328114,50.96904626],[3.96333721,50.96903566],[3.9633493,50.96905884],[3.9632929,50.96907074],[3.96329403,50.96907263],[3.96322991,50.96908445],[3.96321813,50.96906071],[3.96321008,50.9690623],[3.96320727,50.96905665]]]}},{"type":"Feature","id":"gebouw/Gebouw.9443952/0","properties":{"source":"Digitaal Vlaanderen Gebouwenregister","source_id":"gebouw/Gebouw.9443952/0","kind":"building","height_m":5.0,"status":null},"geometry":{"type":"Polygon","coordinates":[[[3.97093036,50.97338895],[3.97091701,50.97339966],[3.97089648,50.97340149],[3.97087656,50.97339264],[3.97087489,50.97337858],[3.97088619,50.97336728],[3.97090995,50.97336605],[3.9709275,50.97337487],[3.97093036,50.97338895]]]}},{"type":"Feature","id":"gebouw/Gebouw.9443953/0","properties":{"source":"Digitaal Vlaanderen Gebouwenregister","source_id":"gebouw/Gebouw.9443953/0","kind":"building","height_m":5.72,"status":null},"geometry":{"type":"Polygon","coordinates":[[[3.97344733,50.9733353],[3.97350147,50.97337187],[3.97343266,50.97341305],[3.97337823,50.97337628],[3.97344733,50.9733353]]]}},{"type":"Feature","id":"gebouw/Gebouw.9443957/0","properties":{"source":"Digitaal Vlaanderen Gebouwenregister","source_id":"gebouw/Gebouw.9443957/0","kind":"building","height_m":8.6,"status":null},"geometry":{"type":"Polygon","coordinates":[[[3.96510042,50.96890785],[3.96509694,50.96888421],[3.96515045,50.96888033],[3.96515512,50.96890361],[3.96510042,50.96890785]]]}},{"type":"Feature","id":"gebouw/Gebouw.9443961/0","properties":{"source":"Digitaal Vlaanderen Gebouwenregister","source_id":"gebouw/Gebouw.9443961/0","kind":"building","height_m":6.44,"status":null},"geometry":{"type":"Polygon","coordinates":[[[3.9690879,50.96951886],[3.96894755,50.96938503],[3.96907577,50.96933086],[3.96921609,50.96946544],[3.9690879,50.96951886]]]}},{"type":"Feature","id":"gebouw/Gebouw.9443962/0","properties":{"source":"Digitaal Vlaanderen Gebouwenregister","source_id":"gebouw/Gebouw.9443962/0","kind":"building","height_m":7.16,"status":null},"geometry":{"type":"Polygon","coordinates":[[[3.96682453,50.96960598],[3.96681558,50.96955587],[3.96687058,50.96955181],[3.96687953,50.96960192],[3.96682453,50.96960598]]]}},{"type":"Feature","id":"gebouw/Gebouw.9443963/0","properties":{"source":"Digitaal Vlaanderen Gebouwenregister","source_id":"gebouw/Gebouw.9443963/0","kind":"building","height_m":7.88,"status":null},"geometry":{"type":"Polygon","coordinates":[[[3.96908109,50.97005879],[3.96913575,50.97011182],[3.96898538,50.9701736],[3.96892233,50.9701128],[3.96903971,50.97006412],[3.96904924,50.97007303],[3.96908109,50.97005879]]]}},{"type":"Feature","id":"gebouw/Gebouw.9443965/0","properties":{"source":"Digitaal Vlaanderen Gebouwenregister","source_id":"gebouw/Gebouw.9443965/0","kind":"building","height_m":9.32,"status":null},"geometry":{"type":"Polygon","coordinates":[[[3.96410704,50.96796595],[3.96410938,50.9679802],[3.96400316,50.96798809],[3.96379154,50.9680038],[3.96378415,50.96796411],[3.96399503,50.96794949],[3.96403363,50.96794681],[3.96410704,50.96796595]]]}},{"type":"Feature","id":"gebouw/Gebouw.9443972/0","properties":{"source":"Digitaal Vlaanderen Gebouwenregister","source_id":"gebouw/Gebouw.9443972/0","kind":"building","height_m":9.32,"status":null},"geometry":{"type":"Polygon","coordinates":[[[3.96570493,50.96907981],[3.96570824,50.96909404],[3.96572584,50.96918415],[3.96573298,50.96918348],[3.96574493,50.96925311],[3.96563731,50.96926124],[3.96562808,50.96921056],[3.96563906,50.9692105],[3.96563605,50.96919136],[3.96556409,50.96919729],[3.96554745,50.96910513],[3.96561967,50.96910015],[3.96562016,50.9691039],[3.96563918,50.96910262],[3.96563839,50.96909905],[3.96563566,50.9690852],[3.96565414,50.96907173],[3.9656815,50.96906942],[3.96570493,50.96907981]]]}},{"type":"Feature","id":"gebouw/Gebouw.9443975/0","properties":{"source":"Digitaal Vlaanderen Gebouwenregister","source_id":"gebouw/Gebouw.9443975/0","kind":"building","height_m":6.44,"status":null},"geometry":{"type":"Polygon","coordinates":[[[3.96423918,50.96864457],[3.9642324,50.9686222],[3.96414904,50.96863287],[3.9641477,50.96862779],[3.96414137,50.96862859],[3.96408282,50.96863593],[3.96408274,50.96863567],[3.96407371,50.96860676],[3.96407206,50.96860149],[3.96401264,50.96860862],[3.9640161,50.96862498],[3.96389742,50.96863957],[3.96391141,50.96868496],[3.96415487,50.96865496],[3.96423918,50.96864457]]]}},{"type":"Feature","id":"gebouw/Gebouw.9443978/0","properties":{"source":"Digitaal Vlaanderen Gebouwenregister","source_id":"gebouw/Gebouw.9443978/0","kind":"building","height_m":8.6,"status":null},"geometry":{"type":"Polygon","coordinates":[[[3.96467259,50.96966041],[3.96463777,50.96965301],[3.96465906,50.9696125],[3.96467356,50.96958492],[3.96470869,50.96959228],[3.96467259,50.96966041]]]}},{"type":"Feature","id":"gebouw/Gebouw.9462253/0","properties":{"source":"Digitaal Vlaanderen Gebouwenregister","source_id":"gebouw/Gebouw.9462253/0","kind":"building","height_m":7.16,"status":null},"geometry":{"type":"Polygon","coordinates":[[[3.97134366,50.97081085],[3.97119338,50.97075961],[3.97117249,50.97078485],[3.97116033,50.97078104],[3.97111665,50.97083176],[3.97120929,50.97086358],[3.97120511,50.97086843],[3.9712878,50.97089683],[3.97135355,50.97082036],[3.97135761,50.97081561],[3.97134366,50.97081085]]]}},{"type":"Feature","id":"gebouw/Gebouw.9462254/0","properties":{"source":"Digitaal Vlaanderen Gebouwenregister","source_id":"gebouw/Gebouw.9462254/0","kind":"building","height_m":7.88,"status":null},"geometry":{"type":"Polygon","coordinates":[[[3.97289513,50.96933882],[3.97270368,50.96926736],[3.97266698,50.9693067],[3.97281219,50.96936173],[3.97285908,50.9693795],[3.97290753,50.96939785],[3.9729475,50.9693588],[3.97289513,50.96933882]]]}},{"type":"Feature","id":"gebouw/Gebouw.9462255/0","properties":{"source":"Digitaal Vlaanderen Gebouwenregister","source_id":"gebouw/Gebouw.9462255/0","kind":"building","height_m":8.6,"status":null},"geometry":{"type":"Polygon","coordinates":[[[3.97279468,50.96938003],[3.97281219,50.96936173],[3.97266698,50.9693067],[3.97263069,50.96934471],[3.9728243,50.96941586],[3.97284149,50.96939788],[3.97279468,50.96938003]]]}},{"type":"Feature","id":"gebouw/Gebouw.9462396/0","properties":{"source":"Digitaal Vlaanderen Gebouwenregister","source_id":"gebouw/Gebouw.9462396/0","kind":"building","height_m":9.32,"status":null},"geometry":{"type":"Polygon","coordinates":[[[3.96327038,50.96846961],[3.96313416,50.96849696],[3.96312649,50.9684807],[3.96326195,50.96845341],[3.96327038,50.96846961]]]}},{"type":"Feature","id":"gebouw/Gebouw.9462405/0","properties":{"source":"Digitaal Vlaanderen Gebouwenregister","source_id":"gebouw/Gebouw.9462405/0","kind":"building","height_m":5.72,"status":null},"geometry":{"type":"Polygon","coordinates":[[[3.97359033,50.97003571],[3.97358544,50.96996745],[3.97350441,50.96996934],[3.97350235,50.96994777],[3.97343168,50.96994997],[3.97343514,50.96997398],[3.97333003,50.9699769],[3.9733343,50.97003804],[3.97333892,50.97010431],[3.97347014,50.97009987],[3.97350574,50.97009953],[3.973503,50.97007065],[3.97359266,50.9700683],[3.97359033,50.97003571]]]}},{"type":"Feature","id":"gebouw/Gebouw.9462407/0","properties":{"source":"Digitaal Vlaanderen Gebouwenregister","source_id":"gebouw/Gebouw.9462407/0","kind":"building","height_m":7.16,"status":null},"geometry":{"type":"Polygon","coordinates":[[[3.96947122,50.96929865],[3.96923975,50.96907312],[3.96964955,50.9689019],[3.96992963,50.96917031],[3.96965017,50.9692857],[3.96977578,50.96940569],[3.97005466,50.96928992],[3.97025131,50.96947815],[3.96997151,50.96959485],[3.97005553,50.96967541],[3.97010297,50.96965572],[3.97011193,50.96966387],[3.97034368,50.96956761],[3.97053885,50.96975564],[3.97025095,50.96987542],[3.97021981,50.96984398],[3.9701865,50.96985765],[3.97019516,50.96986599],[3.97010239,50.96990483],[3.97012549,50.96992682],[3.97010177,50.96993685],[3.96992105,50.96976247],[3.96994358,50.96975243],[3.96978593,50.96960117],[3.96987301,50.96956432],[3.96980743,50.9695027],[3.96972185,50.969539],[3.96954743,50.96937219],[3.96963394,50.96933459],[3.96955858,50.96926237],[3.96947122,50.96929865]],[[3.96961077,50.96899249],[3.96946278,50.96905393],[3.96958142,50.9691686],[3.96973089,50.96910774],[3.96961077,50.96899249]],[[3.97020469,50.96982301],[3.97038421,50.96974826],[3.97031262,50.96967927],[3.97013311,50.96975327],[3.97020469,50.96982301]],[[3.96982955,50.969455],[3.96990115,50.969524],[3.97007467,50.9694518],[3.97000278,50.96938261],[3.96982955,50.969455]]]}},{"type":"Feature","id":"gebouw/Gebouw.9462630/0","properties":{"source":"Digitaal Vlaanderen Gebouwenregister","source_id":"gebouw/Gebouw.9462630/0","kind":"building","height_m":6.44,"status":null},"geometry":{"type":"Polygon","coordinates":[[[3.97105907,50.97129523],[3.97102877,50.97128646],[3.97107238,50.97122383],[3.9710898,50.97122684],[3.97107773,50.9712445],[3.97108863,50.97124706],[3.97110135,50.97122753],[3.97115645,50.97124071],[3.9711428,50.97126153],[3.9710933,50.97124973],[3.97105907,50.97129523]]]}},{"type":"Feature","id":"gebouw/Gebouw.9462765/0","properties":{"source":"Digitaal Vlaanderen Gebouwenregister","source_id":"gebouw/Gebouw.9462765/0","kind":"building","height_m":7.88,"status":null},"geometry":{"type":"Polygon","coordinates":[[[3.96359532,50.9683203],[3.963358,50.96837246],[3.96334775,50.9683563],[3.9633342,50.96835934],[3.96331714,50.96832854],[3.96333087,50.9683257],[3.96330914,50.96828668],[3.96335364,50.96827685],[3.96335193,50.96827387],[3.96343668,50.96825611],[3.96344622,50.96827532],[3.96355607,50.9682511],[3.96359532,50.9683203]]]}},{"type":"Feature","id":"gebouw/Gebouw.9462766/0","properties":{"source":"Digitaal Vlaanderen Gebouwenregister","source_id":"gebouw/Gebouw.9462766/0","kind":"building","height_m":8.6,"status":null},"geometry":{"type":"Polygon","coordinates":[[[3.96559309,50.96965599],[3.96555806,50.96969603],[3.96553062,50.96968687],[3.96556383,50.96964567],[3.96559309,50.96965599]]]}},{"type":"Feature","id":"gebouw/Gebouw.9462767/0","properties":{"source":"Digitaal Vlaanderen Gebouwenregister","source_id":"gebouw/Gebouw.9462767/0","kind":"building","height_m":9.32,"status":null},"geometry":{"type":"Polygon","coordinates":[[[3.96367581,50.96891703],[3.9635181,50.96891373],[3.96351563,50.96895233],[3.96351163,50.96901512],[3.96367057,50.96901876],[3.96367581,50.96891703]]]}},{"type":"Feature","id":"gebouw/Gebouw.9462768/0","properties":{"source":"Digitaal Vlaanderen Gebouwenregister","source_id":"gebouw/Gebouw.9462768/0","kind":"building","height_m":5.0,"status":null},"geometry":{"type":"Polygon","coordinates":[[[3.96365085,50.967748],[3.96360935,50.96766843],[3.96360916,50.96766807],[3.96352843,50.96768402],[3.9634543,50.96770027],[3.96347249,50.96773131],[3.96335695,50.96775715],[3.96337428,50.96779444],[3.96357932,50.96775052],[3.96358488,50.96776172],[3.96365085,50.967748]]]}},{"type":"Feature","id":"gebouw/Gebouw.9462769/0","properties":{"source":"Digitaal Vlaanderen Gebouwenregister","source_id":"gebouw/Gebouw.9462769/0","kind":"building","height_m":5.72,"status":null},"geometry":{"type":"Polygon","coordinates":[[[3.96932776,50.97027889],[3.96916438,50.97034808],[3.96910153,50.97028847],[3.96913697,50.97027314],[3.96913381,50.97026954],[3.96923437,50.97022817],[3.96923928,50.97023291],[3.9692528,50.97022688],[3.9692207,50.97019496],[3.96934772,50.97014405],[3.96935562,50.97014088],[3.96944301,50.97023008],[3.96936539,50.97026295],[3.96936275,50.97026407],[3.96932776,50.97027889]],[[3.96928727,50.97021435],[3.96932594,50.97025225],[3.96934215,50.97024569],[3.9693815,50.97022834],[3.96934193,50.970191],[3.96928727,50.97021435]]]}},{"type":"Feature","id":"gebouw/Gebouw.9462927/0","properties":{"source":"Digitaal Vlaanderen Gebouwenregister","source_id":"gebouw/Gebouw.9462927/0","kind":"building","height_m":8.6,"status":null},"geometry":{"type":"Polygon","coordinates":[[[3.97153316,50.97008142],[3.97148004,50.97011222],[3.97139297,50.97005234],[3.97125547,50.9700268],[3.97127033,50.96999646],[3.97142079,50.97002583],[3.97142021,50.97003575],[3.97144605,50.97002151],[3.97153316,50.97008142]]]}},{"type":"Feature","id":"gebouw/Gebouw.9462928/0","properties":{"source":"Digitaal Vlaanderen Gebouwenregister","source_id":"gebouw/Gebouw.9462928/0","kind":"building","height_m":9.32,"status":null},"geometry":{"type":"Polygon","coordinates":[[[3.97148004,50.97011222],[3.97142628,50.97014394],[3.97133918,50.9700851],[3.97139297,50.97005234],[3.97148004,50.97011222]]]}},{"type":"Feature","id":"gebouw/Gebouw.9475873/0","properties":{"source":"Digitaal Vlaanderen Gebouwenregister","source_id":"gebouw/Gebouw.9475873/0","kind":"building","height_m":5.72,"status":null},"geometry":{"type":"Polygon","coordinates":[[[3.96922049,50.97176328],[3.96920462,50.97175785],[3.96919509,50.97176955],[3.96913249,50.97174879],[3.9691417,50.97173803],[3.96912728,50.97173394],[3.96913679,50.97172299],[3.96911041,50.97171179],[3.96912397,50.971694],[3.96915422,50.97170465],[3.9691456,50.97171579],[3.96923465,50.97174508],[3.96922049,50.97176328]]]}},{"type":"Feature","id":"gebouw/Gebouw.9475874/0","properties":{"source":"Digitaal Vlaanderen Gebouwenregister","source_id":"gebouw/Gebouw.9475874/0","kind":"building","height_m":6.44,"status":null},"geometry":{"type":"Polygon","coordinates":[[[3.9714839,50.97421755],[3.97145475,50.97423647],[3.97137,50.974181],[3.97134025,50.97416305],[3.97137521,50.97414114],[3.9714839,50.97421755]]]}},{"type":"Feature","id":"gebouw/Gebouw.9475916/0","properties":{"source":"Digitaal Vlaanderen Gebouwenregister","source_id":"gebouw/Gebouw.9475916/0","kind":"building","height_m":6.44,"status":null},"geometry":{"type":"Polygon","coordinates":[[[3.97185945,50.96886451],[3.97180661,50.96885319],[3.97179126,50.96888167],[3.97170433,50.96886348],[3.97169327,50.96888596],[3.97162417,50.96887212],[3.97163533,50.96884905],[3.97162824,50.96884756],[3.97166987,50.96876823],[3.97188374,50.96881296],[3.97188392,50.968813],[3.97185945,50.96886451]]]}},{"type":"Feature","id":"gebouw/Gebouw.9475917/0","properties":{"source":"Digitaal Vlaanderen Gebouwenregister","source_id":"gebouw/Gebouw.9475917/0","kind":"building","height_m":7.16,"status":null},"geometry":{"type":"Polygon","coordinates":[[[3.96494038,50.96970579],[3.96493563,50.96970481],[3.96493971,50.9696968],[3.96485305,50.96967745],[3.96489593,50.96957076],[3.96499731,50.96959085],[3.96498139,50.96962309],[3.96496169,50.96966283],[3.96495776,50.96967073],[3.96498421,50.96967595],[3.96496947,50.96970407],[3.96494379,50.96969891],[3.96494038,50.96970579]]]}},{"type":"Feature","id":"gebouw/Gebouw.9475918/0","properties":{"source":"Digitaal Vlaanderen Gebouwenregister","source_id":"gebouw/Gebouw.9475918/0","kind":"building","height_m":7.88,"status":null},"geometry":{"type":"Polygon","coordinates":[[[3.96482543,50.96973438],[3.96481987,50.96973321],[3.96480771,50.96975827],[3.9647521,50.96974657],[3.96475845,50.96973401],[3.96483072,50.96959095],[3.96483484,50.9695828],[3.96484602,50.96956067],[3.96489593,50.96957076],[3.96485305,50.96967745],[3.96482543,50.96973438]]]}},{"type":"Feature","id":"gebouw/Gebouw.9475919/0","properties":{"source":"Digitaal Vlaanderen Gebouwenregister","source_id":"gebouw/Gebouw.9475919/0","kind":"building","height_m":8.6,"status":null},"geometry":{"type":"Polygon","coordinates":[[[3.96342075,50.96885937],[3.96343634,50.96888882],[3.96337876,50.96890034],[3.96336204,50.96887016],[3.96342075,50.96885937]]]}},{"type":"Feature","id":"gebouw/Gebouw.9476046/0","properties":{"source":"Digitaal Vlaanderen Gebouwenregister","source_id":"gebouw/Gebouw.9476046/0","kind":"building","height_m":9.32,"status":null},"geometry":{"type":"Polygon","coordinates":[[[3.9715837,50.96748377],[3.97145273,50.96771905],[3.97140529,50.96770783],[3.97143777,50.96765051],[3.97144663,50.96765174],[3.97148945,50.96757524],[3.97147589,50.96757246],[3.97143907,50.9676361],[3.97139603,50.96762662],[3.97140547,50.96760974],[3.97144414,50.96754055],[3.97146676,50.96750009],[3.97148793,50.96746221],[3.9715837,50.96748377]]]}},{"type":"Feature","id":"gebouw/Gebouw.9476051/0","properties":{"source":"Digitaal Vlaanderen Gebouwenregister","source_id":"gebouw/Gebouw.9476051/0","kind":"building","height_m":7.88,"status":null},"geometry":{"type":"Polygon","coordinates":[[[3.96655673,50.9695413],[3.96663277,50.96956895],[3.96661197,50.96959119],[3.96653743,50.969563],[3.96655673,50.9695413]]]}},{"type":"Feature","id":"gebouw/Gebouw.9476090/0","properties":{"source":"Digitaal Vlaanderen Gebouwenregister","source_id":"gebouw/Gebouw.9476090/0","kind":"building","height_m":5.72,"status":null},"geometry":{"type":"Polygon","coordinates":[[[3.96965614,50.97345861],[3.96964017,50.97350165],[3.96950637,50.97348083],[3.96952297,50.97343737],[3.96965614,50.97345861]]]}},{"type":"Feature","id":"gebouw/Gebouw.9476091/0","properties":{"source":"Digitaal Vlaanderen Gebouwenregister","source_id":"gebouw/Gebouw.9476091/0","kind":"building","height_m":6.44,"status":null},"geometry":{"type":"Polygon","coordinates":[[[3.96895372,50.97181756],[3.96885465,50.97183816],[3.96872361,50.97157538],[3.96869289,50.97158121],[3.96867338,50.97153716],[3.96876401,50.97152133],[3.96878484,50.9715609],[3.96882336,50.97155216],[3.96895372,50.97181756]]]}},{"type":"Feature","id":"gebouw/Gebouw.9476157/0","properties":{"source":"Digitaal Vlaanderen Gebouwenregister","source_id":"gebouw/Gebouw.9476157/0","kind":"building","height_m":8.6,"status":null},"geometry":{"type":"Polygon","coordinates":[[[3.97074943,50.97139698],[3.9707917,50.97141282],[3.97078008,50.97142505],[3.97083555,50.97144609],[3.97074839,50.97153782],[3.97065184,50.97149822],[3.97073744,50.97140942],[3.97074943,50.97139698]]]}},{"type":"Feature","id":"gebouw/Gebouw.9476159/0","properties":{"source":"Digitaal Vlaanderen Gebouwenregister","source_id":"gebouw/Gebouw.9476159/0","kind":"building","height_m":5.0,"status":null},"geometry":{"type":"Polygon","coordinates":[[[3.97358949,50.97384402],[3.97359306,50.97378136],[3.97385792,50.97378738],[3.97385449,50.97384983],[3.97378334,50.97384827],[3.97365467,50.97384545],[3.97359725,50.97384419],[3.97358949,50.97384402]]]}},{"type":"Feature","id":"gebouw/Gebouw.9476326/0","properties":{"source":"Digitaal Vlaanderen Gebouwenregister","source_id":"gebouw/Gebouw.9476326/0","kind":"building","height_m":9.32,"status":null},"geometry":{"type":"Polygon","coordinates":[[[3.97279756,50.96964674],[3.97264668,50.96976295],[3.97255865,50.9697211],[3.97263675,50.9696555],[3.97260026,50.96963886],[3.97261006,50.96962955],[3.97268277,50.96956049],[3.97272647,50.96957803],[3.9726787,50.96962001],[3.97273231,50.96964366],[3.97275412,50.9696278],[3.97278179,50.96960432],[3.97282812,50.9696232],[3.97279756,50.96964674]]]}},{"type":"Feature","id":"gebouw/Gebouw.9476395/0","properties":{"source":"Digitaal Vlaanderen Gebouwenregister","source_id":"gebouw/Gebouw.9476395/0","kind":"building","height_m":8.6,"status":null},"geometry":{"type":"Polygon","coordinates":[[[3.9713437,50.97155246],[3.97135322,50.97154024],[3.971358,50.9715341],[3.97138306,50.97150195],[3.9713744,50.97149924],[3.97141074,50.97144739],[3.97137356,50.97143649],[3.97133502,50.97148758],[3.97128778,50.97147277],[3.97132421,50.97142261],[3.97127361,50.97140758],[3.97122254,50.97147762],[3.97123356,50.97148077],[3.9712666,50.97150812],[3.97122793,50.97155987],[3.97122263,50.97155831],[3.97117025,50.97162665],[3.97126322,50.97165572],[3.97131928,50.97158378],[3.9713437,50.97155246]]]}},{"type":"Feature","id":"gebouw/Gebouw.9476398/0","properties":{"source":"Digitaal Vlaanderen Gebouwenregister","source_id":"gebouw/Gebouw.9476398/0","kind":"building","height_m":5.72,"status":null},"geometry":{"type":"Polygon","coordinates":[[[3.97105037,50.97124681],[3.97099815,50.97130952],[3.97096524,50.97129829],[3.97101597,50.97123574],[3.97105037,50.97124681]]]}},{"type":"Feature","id":"gebouw/Gebouw.9476400/0","properties":{"source":"Digitaal Vlaanderen Gebouwenregister","source_id":"gebouw/Gebouw.9476400/0","kind":"building","height_m":7.16,"status":null},"geometry":{"type":"Polygon","coordinates":[[[3.96938884,50.97136305],[3.96937872,50.97136456],[3.96942099,50.97147336],[3.9693787,50.97147925],[3.96930844,50.97130089],[3.96934784,50.97129428],[3.9693618,50.97129194],[3.96938884,50.97136305]]]}},{"type":"Feature","id":"gebouw/Gebouw.9484611/0","properties":{"source":"Digitaal Vlaanderen Gebouwenregister","source_id":"gebouw/Gebouw.9484611/0","kind":"building","height_m":7.16,"status":null},"geometry":{"type":"Polygon","coordinates":[[[3.97114274,50.97324451],[3.97110839,50.97327353],[3.97099454,50.97321923],[3.97102651,50.97319019],[3.97114274,50.97324451]]]}},{"type":"Feature","id":"gebouw/Gebouw.9487310/0","properties":{"source":"Digitaal Vlaanderen Gebouwenregister","source_id":"gebouw/Gebouw.9487310/0","kind":"building","height_m":5.0,"status":null},"geometry":{"type":"Polygon","coordinates":[[[3.96411851,50.96825355],[3.96382458,50.96828341],[3.96382253,50.96827513],[3.96382024,50.96826588],[3.96381163,50.96823106],[3.9639415,50.96821796],[3.96394662,50.9682432],[3.96411142,50.96822711],[3.96412891,50.9682254],[3.96413538,50.96825184],[3.96411851,50.96825355]]]}},{"type":"Feature","id":"gebouw/Gebouw.9487370/0","properties":{"source":"Digitaal Vlaanderen Gebouwenregister","source_id":"gebouw/Gebouw.9487370/0","kind":"building","height_m":7.88,"status":null},"geometry":{"type":"Polygon","coordinates":[[[3.97103032,50.97109674],[3.97104965,50.97106399],[3.97108561,50.97107189],[3.97106569,50.97110463],[3.97103032,50.97109674]]]}},{"type":"Feature","id":"gebouw/Gebouw.9487371/0","properties":{"source":"Digitaal Vlaanderen Gebouwenregister","source_id":"gebouw/Gebouw.9487371/0","kind":"building","height_m":8.6,"status":null},"geometry":{"type":"Polygon","coordinates":[[[3.97107449,50.97113809],[3.97112511,50.97114395],[3.97111251,50.97117952],[3.97106224,50.97117371],[3.97107449,50.97113809]]]}},{"type":"Feature","id":"gebouw/Gebouw.9487398/0","properties":{"source":"Digitaal Vlaanderen Gebouwenregister","source_id":"gebouw/Gebouw.9487398/0","kind":"building","height_m":7.88,"status":null},"geometry":{"type":"Polygon","coordinates":[[[3.96950727,50.97044892],[3.96935277,50.97051594],[3.96935263,50.9705158],[3.96929052,50.97045572],[3.96941388,50.97040461],[3.96944061,50.97042915],[3.9694728,50.97041721],[3.96950727,50.97044892]]]}},{"type":"Feature","id":"gebouw/Gebouw.9487492/0","properties":{"source":"Digitaal Vlaanderen Gebouwenregister","source_id":"gebouw/Gebouw.9487492/0","kind":"building","height_m":5.0,"status":null},"geometry":{"type":"Polygon","coordinates":[[[3.96404926,50.96831574],[3.9638402,50.96834279],[3.96383912,50.96833865],[3.96385472,50.96833704],[3.96385012,50.96831931],[3.96383649,50.96831326],[3.96383242,50.96831368],[3.96382458,50.96828341],[3.96411851,50.96825355],[3.96412804,50.96828911],[3.96404411,50.96829864],[3.96404926,50.96831574]]]}},{"type":"Feature","id":"gebouw/Gebouw.9487524/0","properties":{"source":"Digitaal Vlaanderen Gebouwenregister","source_id":"gebouw/Gebouw.9487524/0","kind":"building","height_m":7.88,"status":null},"geometry":{"type":"Polygon","coordinates":[[[3.97188309,50.97157556],[3.97186735,50.97159154],[3.97180702,50.9716528],[3.97181179,50.97165478],[3.97176451,50.97169674],[3.97172168,50.97167893],[3.97172634,50.97167323],[3.97171766,50.97167039],[3.97181969,50.97157259],[3.97183322,50.97155588],[3.97188309,50.97157556]]]}},{"type":"Feature","id":"gebouw/Gebouw.9487525/0","properties":{"source":"Digitaal Vlaanderen Gebouwenregister","source_id":"gebouw/Gebouw.9487525/0","kind":"building","height_m":8.6,"status":null},"geometry":{"type":"Polygon","coordinates":[[[3.97231372,50.971944],[3.97228406,50.97193337],[3.97230761,50.97191121],[3.97226239,50.97189247],[3.97232525,50.971831],[3.97237346,50.97184925],[3.97240563,50.97186263],[3.97233976,50.97192557],[3.97233359,50.97192344],[3.97231372,50.971944]]]}},{"type":"Feature","id":"gebouw/Gebouw.9488072/0","properties":{"source":"Digitaal Vlaanderen Gebouwenregister","source_id":"gebouw/Gebouw.9488072/0","kind":"building","height_m":9.32,"status":null},"geometry":{"type":"Polygon","coordinates":[[[3.97315752,50.97269817],[3.97316279,50.97270085],[3.97308001,50.97277409],[3.97303604,50.9727556],[3.97306155,50.97273246],[3.97304137,50.97272439],[3.97308714,50.97267995],[3.97310968,50.9726888],[3.97314719,50.97265478],[3.97307421,50.97262343],[3.97314605,50.97255906],[3.97315719,50.97256406],[3.97322261,50.97250617],[3.97328267,50.9725319],[3.97334073,50.97255677],[3.97327374,50.97261745],[3.97328896,50.97262498],[3.97324029,50.97266972],[3.97321471,50.97265892],[3.97319611,50.97267651],[3.97318615,50.97267227],[3.97315752,50.97269817]]]}},{"type":"Feature","id":"gebouw/Gebouw.9488073/0","properties":{"source":"Digitaal Vlaanderen Gebouwenregister","source_id":"gebouw/Gebouw.9488073/0","kind":"building","height_m":5.0,"status":null},"geometry":{"type":"Polygon","coordinates":[[[3.97178266,50.97207453],[3.97167589,50.97218087],[3.97163219,50.97216333],[3.97164323,50.97215072],[3.97160594,50.97213737],[3.97169704,50.97204251],[3.97178266,50.97207453]]]}},{"type":"Feature","id":"gebouw/Gebouw.9488074/0","properties":{"source":"Digitaal Vlaanderen Gebouwenregister","source_id":"gebouw/Gebouw.9488074/0","kind":"building","height_m":5.72,"status":null},"geometry":{"type":"Polygon","coordinates":[[[3.97178578,50.97207143],[3.9718791,50.97210826],[3.97180143,50.97218979],[3.97179027,50.97218554],[3.97174934,50.97222704],[3.97171767,50.97221394],[3.97166859,50.97219507],[3.97166397,50.97219329],[3.97167589,50.97218087],[3.97178266,50.97207453],[3.97178578,50.97207143]]]}},{"type":"Feature","id":"gebouw/Gebouw.9488075/0","properties":{"source":"Digitaal Vlaanderen Gebouwenregister","source_id":"gebouw/Gebouw.9488075/0","kind":"building","height_m":6.44,"status":null},"geometry":{"type":"Polygon","coordinates":[[[3.96976632,50.97123152],[3.96972689,50.97123821],[3.96971492,50.97120613],[3.96975319,50.97120039],[3.96976632,50.97123152]]]}},{"type":"Feature","id":"gebouw/Gebouw.9488076/0","properties":{"source":"Digitaal Vlaanderen Gebouwenregister","source_id":"gebouw/Gebouw.9488076/0","kind":"building","height_m":7.16,"status":null},"geometry":{"type":"Polygon","coordinates":[[[3.96973748,50.97126662],[3.96977888,50.97126129],[3.96978604,50.97128047],[3.96974517,50.97128722],[3.96973748,50.97126662]]]}},{"type":"Feature","id":"gebouw/Gebouw.9488077/0","properties":{"source":"Digitaal Vlaanderen Gebouwenregister","source_id":"gebouw/Gebouw.9488077/0","kind":"building","height_m":7.88,"status":null},"geometry":{"type":"Polygon","coordinates":[[[3.97024782,50.97201406],[3.97024547,50.97198589],[3.97012117,50.9719908],[3.97012186,50.97199774],[3.97001229,50.97201185],[3.97002387,50.97204488],[3.97013168,50.97203004],[3.9702488,50.97202589],[3.97024782,50.97201406]]]}},{"type":"Feature","id":"gebouw/Gebouw.9494044/0","properties":{"source":"Digitaal Vlaanderen Gebouwenregister","source_id":"gebouw/Gebouw.9494044/0","kind":"building","height_m":5.0,"status":null},"geometry":{"type":"Polygon","coordinates":[[[3.96933483,50.97163403],[3.96927912,50.97149647],[3.96931544,50.97149202],[3.9693616,50.97161073],[3.96935356,50.97161158],[3.96936104,50.9716302],[3.96933483,50.97163403]]]}},{"type":"Feature","id":"gebouw/Gebouw.9494047/0","properties":{"source":"Digitaal Vlaanderen Gebouwenregister","source_id":"gebouw/Gebouw.9494047/0","kind":"building","height_m":7.16,"status":null},"geometry":{"type":"Polygon","coordinates":[[[3.97115536,50.97193783],[3.9711905,50.97190208],[3.97118645,50.97190044],[3.97122586,50.97186034],[3.97133429,50.97190281],[3.97122513,50.9720139],[3.97114402,50.97198191],[3.97117854,50.9719469],[3.97115536,50.97193783]]]}},{"type":"Feature","id":"gebouw/Gebouw.9494048/0","properties":{"source":"Digitaal Vlaanderen Gebouwenregister","source_id":"gebouw/Gebouw.9494048/0","kind":"building","height_m":7.88,"status":null},"geometry":{"type":"Polygon","coordinates":[[[3.97314452,50.9727607],[3.97317617,50.9727746],[3.97316176,50.97278769],[3.97324565,50.97282454],[3.97339131,50.97269236],[3.97327576,50.97264161],[3.97314452,50.9727607]]]}},{"type":"Feature","id":"gebouw/Gebouw.9494069/0","properties":{"source":"Digitaal Vlaanderen Gebouwenregister","source_id":"gebouw/Gebouw.9494069/0","kind":"building","height_m":7.88,"status":null},"geometry":{"type":"Polygon","coordinates":[[[3.9700774,50.97075925],[3.97004189,50.97075675],[3.97004836,50.97072044],[3.97004931,50.97071507],[3.96990835,50.97070442],[3.96988244,50.97084151],[3.96995173,50.97084673],[3.96995304,50.97083992],[3.96999124,50.97084284],[3.96998994,50.97084966],[3.97005903,50.97085495],[3.9700774,50.97075925]]]}},{"type":"Feature","id":"gebouw/Gebouw.9494070/0","properties":{"source":"Digitaal Vlaanderen Gebouwenregister","source_id":"gebouw/Gebouw.9494070/0","kind":"building","height_m":8.6,"status":null},"geometry":{"type":"Polygon","coordinates":[[[3.97120131,50.9678035],[3.97118175,50.96783802],[3.9710806,50.96781603],[3.97110108,50.96778048],[3.97120131,50.9678035]]]}},{"type":"Feature","id":"gebouw/Gebouw.9494076/0","properties":{"source":"Digitaal Vlaanderen Gebouwenregister","source_id":"gebouw/Gebouw.9494076/0","kind":"building","height_m":7.88,"status":null},"geometry":{"type":"Polygon","coordinates":[[[3.97067291,50.96842288],[3.97055128,50.96844593],[3.97053623,50.96841145],[3.97058902,50.96840097],[3.97056609,50.96835267],[3.97054619,50.96831073],[3.97066411,50.9682887],[3.97066525,50.96829113],[3.97066017,50.96829225],[3.97068565,50.96834665],[3.97069114,50.96834563],[3.97070676,50.96837898],[3.97065554,50.96838854],[3.97067291,50.96842288]]]}},{"type":"Feature","id":"gebouw/Gebouw.9494079/0","properties":{"source":"Digitaal Vlaanderen Gebouwenregister","source_id":"gebouw/Gebouw.9494079/0","kind":"building","height_m":5.0,"status":null},"geometry":{"type":"Polygon","coordinates":[[[3.97100511,50.97004038],[3.97097284,50.9700188],[3.97100886,50.96999732],[3.97104113,50.9700189],[3.97100511,50.97004038]]]}},{"type":"Feature","id":"gebouw/Gebouw.9494080/0","properties":{"source":"Digitaal Vlaanderen Gebouwenregister","source_id":"gebouw/Gebouw.9494080/0","kind":"building","height_m":5.72,"status":null},"geometry":{"type":"Polygon","coordinates":[[[3.97119743,50.96877205],[3.97119328,50.96877296],[3.97114057,50.96867413],[3.97121184,50.96865868],[3.97122565,50.9686841],[3.97127778,50.96867279],[3.9712914,50.96869784],[3.97133593,50.96868836],[3.97136138,50.96873603],[3.97135825,50.96873672],[3.97130497,50.96874843],[3.97121737,50.96876767],[3.97119743,50.96877205]]]}},{"type":"Feature","id":"gebouw/Gebouw.9494148/0","properties":{"source":"Digitaal Vlaanderen Gebouwenregister","source_id":"gebouw/Gebouw.9494148/0","kind":"building","height_m":9.32,"status":null},"geometry":{"type":"Polygon","coordinates":[[[3.96643247,50.97027635],[3.96646063,50.97023365],[3.96638709,50.9702136],[3.96635709,50.97025653],[3.96643247,50.97027635]]]}},{"type":"Feature","id":"gebouw/Gebouw.9494149/0","properties":{"source":"Digitaal Vlaanderen Gebouwenregister","source_id":"gebouw/Gebouw.9494149/0","kind":"building","height_m":5.0,"status":null},"geometry":{"type":"Polygon","coordinates":[[[3.96611309,50.96971735],[3.96604494,50.96980306],[3.96612144,50.96982491],[3.9661717,50.96975824],[3.96631464,50.96980108],[3.9663747,50.96972366],[3.96620323,50.96967207],[3.96615525,50.96973072],[3.96611309,50.96971735]]]}},{"type":"Feature","id":"gebouw/Gebouw.9494205/0","properties":{"source":"Digitaal Vlaanderen Gebouwenregister","source_id":"gebouw/Gebouw.9494205/0","kind":"building","height_m":5.0,"status":null},"geometry":{"type":"Polygon","coordinates":[[[3.97102792,50.97303976],[3.97092481,50.97312556],[3.9707181,50.97302863],[3.97081978,50.97294219],[3.97102792,50.97303976]]]}},{"type":"Feature","id":"gebouw/Gebouw.9494206/0","properties":{"source":"Digitaal Vlaanderen Gebouwenregister","source_id":"gebouw/Gebouw.9494206/0","kind":"building","height_m":5.72,"status":null},"geometry":{"type":"Polygon","coordinates":[[[3.97076229,50.97366906],[3.97061787,50.97357431],[3.97070993,50.97351836],[3.97070788,50.97351701],[3.97071092,50.97351516],[3.97073819,50.97353305],[3.97081426,50.97348725],[3.97080823,50.97348326],[3.97081605,50.97347855],[3.97092448,50.97354967],[3.97080563,50.97362241],[3.97082223,50.97363328],[3.97076229,50.97366906]]]}},{"type":"Feature","id":"gebouw/Gebouw.9494366/0","properties":{"source":"Digitaal Vlaanderen Gebouwenregister","source_id":"gebouw/Gebouw.9494366/0","kind":"building","height_m":5.0,"status":null},"geometry":{"type":"Polygon","coordinates":[[[3.96997669,50.97304547],[3.96997527,50.97304881],[3.9699475,50.97304475],[3.96997337,50.97298005],[3.96999494,50.9729831],[3.97002505,50.97290654],[3.97017983,50.97293115],[3.97012484,50.97306902],[3.96997669,50.97304547]]]}},{"type":"Feature","id":"gebouw/Gebouw.9494612/0","properties":{"source":"Digitaal Vlaanderen Gebouwenregister","source_id":"gebouw/Gebouw.9494612/0","kind":"building","height_m":5.72,"status":null},"geometry":{"type":"Polygon","coordinates":[[[3.97318413,50.97414977],[3.97303436,50.97414788],[3.97303451,50.97414264],[3.97297524,50.97414046],[3.97297808,50.97410341],[3.97303739,50.97410408],[3.97303812,50.97405764],[3.97306599,50.97403205],[3.97304241,50.97402077],[3.9730316,50.97401561],[3.97309366,50.97396162],[3.97309871,50.97396398],[3.97312616,50.97397679],[3.97315716,50.97395092],[3.9733564,50.97395505],[3.9733515,50.97406475],[3.97318754,50.97406121],[3.97318413,50.97414977]]]}},{"type":"Feature","id":"gebouw/Gebouw.9494613/0","properties":{"source":"Digitaal Vlaanderen Gebouwenregister","source_id":"gebouw/Gebouw.9494613/0","kind":"building","height_m":6.44,"status":null},"geometry":{"type":"Polygon","coordinates":[[[3.96421427,50.969203],[3.96423257,50.96935974],[3.96416696,50.96936279],[3.96415915,50.96929593],[3.96409691,50.96929882],[3.96408599,50.96920924],[3.96421427,50.969203]]]}},{"type":"Feature","id":"gebouw/Gebouw.9494805/0","properties":{"source":"Digitaal Vlaanderen Gebouwenregister","source_id":"gebouw/Gebouw.9494805/0","kind":"building","height_m":8.6,"status":null},"geometry":{"type":"Polygon","coordinates":[[[3.97138012,50.96833071],[3.97136709,50.96829891],[3.97142635,50.96829078],[3.97143943,50.96832108],[3.97138012,50.96833071]]]}},{"type":"Feature","id":"gebouw/Gebouw.9494806/0","properties":{"source":"Digitaal Vlaanderen Gebouwenregister","source_id":"gebouw/Gebouw.9494806/0","kind":"building","height_m":9.32,"status":null},"geometry":{"type":"Polygon","coordinates":[[[3.97038197,50.96825635],[3.97018505,50.96827546],[3.97018069,50.96825163],[3.97033298,50.96823688],[3.97038197,50.96825635]]]}},{"type":"Feature","id":"gebouw/Gebouw.9504632/0","properties":{"source":"Digitaal Vlaanderen Gebouwenregister","source_id":"gebouw/Gebouw.9504632/0","kind":"building","height_m":7.88,"status":null},"geometry":{"type":"Polygon","coordinates":[[[3.96921334,50.97123406],[3.96922885,50.97127282],[3.96917972,50.97128088],[3.96916414,50.97124094],[3.96910565,50.97109101],[3.96918092,50.97107936],[3.96919524,50.97111627],[3.96920897,50.97111415],[3.9692261,50.97115829],[3.96925537,50.97115437],[3.96927034,50.97119088],[3.9692819,50.97122448],[3.96929609,50.97126572],[3.96926602,50.97126969],[3.96925176,50.97122869],[3.96921334,50.97123406]],[[3.96918753,50.97117177],[3.9691961,50.97119378],[3.96923095,50.97118875],[3.9692236,50.97116562],[3.96918753,50.97117177]]]}},{"type":"Feature","id":"gebouw/Gebouw.9563331/0","properties":{"source":"Digitaal Vlaanderen Gebouwenregister","source_id":"gebouw/Gebouw.9563331/0","kind":"building","height_m":5.72,"status":null},"geometry":{"type":"Polygon","coordinates":[[[3.96893945,50.97127862],[3.96889621,50.97128627],[3.96886803,50.97123425],[3.9687836,50.97125108],[3.96879222,50.97127122],[3.9686643,50.9712943],[3.96876093,50.97148383],[3.96862781,50.97151126],[3.96860817,50.97146655],[3.96862148,50.97146374],[3.96860411,50.97142974],[3.96851804,50.9712613],[3.96859876,50.97122106],[3.96864046,50.97121193],[3.96864782,50.97120277],[3.96866791,50.97119877],[3.96868225,50.97120339],[3.96869672,50.97120063],[3.96888673,50.97116347],[3.96890765,50.97121822],[3.96891583,50.97121652],[3.96893945,50.97127862]]]}},{"type":"Feature","id":"gebouw/Gebouw.9563345/0","properties":{"source":"Digitaal Vlaanderen Gebouwenregister","source_id":"gebouw/Gebouw.9563345/0","kind":"building","height_m":5.72,"status":null},"geometry":{"type":"Polygon","coordinates":[[[3.97197815,50.96878625],[3.97192364,50.96890101],[3.97188079,50.96898795],[3.97189346,50.9689909],[3.97189159,50.96899388],[3.9718061,50.96897679],[3.97185945,50.96886451],[3.97188392,50.968813],[3.97190336,50.96877209],[3.97197815,50.96878625]]]}},{"type":"Feature","id":"gebouw/Gebouw.9563346/0","properties":{"source":"Digitaal Vlaanderen Gebouwenregister","source_id":"gebouw/Gebouw.9563346/0","kind":"building","height_m":6.44,"status":null},"geometry":{"type":"Polygon","coordinates":[[[3.96934772,50.97014405],[3.9692207,50.97019496],[3.96919222,50.97016663],[3.96931832,50.97011374],[3.96934772,50.97014405]]]}},{"type":"Feature","id":"gebouw/Gebouw.9563418/0","properties":{"source":"Digitaal Vlaanderen Gebouwenregister","source_id":"gebouw/Gebouw.9563418/0","kind":"building","height_m":7.88,"status":null},"geometry":{"type":"Polygon","coordinates":[[[3.97277377,50.96783839],[3.97281617,50.96776552],[3.97292383,50.96779047],[3.97288099,50.96786416],[3.97277377,50.96783839]]]}},{"type":"Feature","id":"gebouw/Gebouw.9563623/0","properties":{"source":"Digitaal Vlaanderen Gebouwenregister","source_id":"gebouw/Gebouw.9563623/0","kind":"building","height_m":9.32,"status":null},"geometry":{"type":"Polygon","coordinates":[[[3.97244232,50.97033119],[3.97240759,50.97031113],[3.97246816,50.97026762],[3.97250229,50.97028767],[3.97244232,50.97033119]]]}},{"type":"Feature","id":"gebouw/Gebouw.9563627/0","properties":{"source":"Digitaal Vlaanderen Gebouwenregister","source_id":"gebouw/Gebouw.9563627/0","kind":"building","height_m":7.16,"status":null},"geometry":{"type":"Polygon","coordinates":[[[3.97210801,50.96899859],[3.9720288,50.96898239],[3.9721152,50.96881112],[3.97219105,50.96882637],[3.97225324,50.96883888],[3.97220159,50.96894127],[3.97214142,50.96892929],[3.97210801,50.96899859]]]}},{"type":"Feature","id":"gebouw/Gebouw.9563707/0","properties":{"source":"Digitaal Vlaanderen Gebouwenregister","source_id":"gebouw/Gebouw.9563707/0","kind":"building","height_m":9.32,"status":null},"geometry":{"type":"Polygon","coordinates":[[[3.97270819,50.97003272],[3.97257018,50.9701478],[3.97248845,50.97010776],[3.97249031,50.97010625],[3.97262789,50.96999464],[3.97270819,50.97003272]]]}},{"type":"Feature","id":"gebouw/Gebouw.9563782/0","properties":{"source":"Digitaal Vlaanderen Gebouwenregister","source_id":"gebouw/Gebouw.9563782/0","kind":"building","height_m":7.88,"status":null},"geometry":{"type":"Polygon","coordinates":[[[3.96955975,50.97338797],[3.9696764,50.97340672],[3.96965811,50.97345502],[3.96953996,50.97343682],[3.96954171,50.97343229],[3.96948984,50.9734243],[3.96950403,50.97338761],[3.96955675,50.97339573],[3.96955975,50.97338797]]]}},{"type":"Feature","id":"gebouw/Gebouw.9563824/0","properties":{"source":"Digitaal Vlaanderen Gebouwenregister","source_id":"gebouw/Gebouw.9563824/0","kind":"building","height_m":7.88,"status":null},"geometry":{"type":"Polygon","coordinates":[[[3.96355039,50.97002257],[3.96345716,50.97010804],[3.96322508,50.97000837],[3.96331798,50.96992383],[3.96355039,50.97002257]]]}},{"type":"Feature","id":"gebouw/Gebouw.9563825/0","properties":{"source":"Digitaal Vlaanderen Gebouwenregister","source_id":"gebouw/Gebouw.9563825/0","kind":"building","height_m":8.6,"status":null},"geometry":{"type":"Polygon","coordinates":[[[3.96990775,50.97281578],[3.96990061,50.97284773],[3.96988919,50.97284673],[3.96988718,50.97285581],[3.96975994,50.97284462],[3.96976195,50.97283554],[3.96974643,50.97283418],[3.96975206,50.97280315],[3.96990775,50.97281578]]]}},{"type":"Feature","id":"gebouw/Gebouw.9563907/0","properties":{"source":"Digitaal Vlaanderen Gebouwenregister","source_id":"gebouw/Gebouw.9563907/0","kind":"building","height_m":7.16,"status":null},"geometry":{"type":"Polygon","coordinates":[[[3.97127361,50.97140758],[3.97122254,50.97147762],[3.97117147,50.97146302],[3.9712239,50.97139282],[3.97127361,50.97140758]]]}},{"type":"Feature","id":"gebouw/Gebouw.9564245/0","properties":{"source":"Digitaal Vlaanderen Gebouwenregister","source_id":"gebouw/Gebouw.9564245/0","kind":"building","height_m":8.6,"status":null},"geometry":{"type":"Polygon","coordinates":[[[3.96959189,50.97145883],[3.96962448,50.9714532],[3.96963607,50.97148368],[3.96968135,50.97147708],[3.96969992,50.9715228],[3.96962216,50.97153487],[3.96959189,50.97145883]]]}},{"type":"Feature","id":"gebouw/Gebouw.9564246/0","properties":{"source":"Digitaal Vlaanderen Gebouwenregister","source_id":"gebouw/Gebouw.9564246/0","kind":"building","height_m":9.32,"status":null},"geometry":{"type":"Polygon","coordinates":[[[3.97118352,50.9721676],[3.97115745,50.97215775],[3.97115183,50.97215563],[3.97117207,50.97214252],[3.97111894,50.97212304],[3.97117155,50.97206744],[3.97122495,50.97208747],[3.97127663,50.97210685],[3.97122226,50.97216167],[3.97120024,50.97215337],[3.97118352,50.9721676]]]}},{"type":"Feature","id":"gebouw/Gebouw.9564247/0","properties":{"source":"Digitaal Vlaanderen Gebouwenregister","source_id":"gebouw/Gebouw.9564247/0","kind":"building","height_m":5.0,"status":null},"geometry":{"type":"Polygon","coordinates":[[[3.97098525,50.97226481],[3.97098035,50.97226501],[3.9709009,50.97226834],[3.97089672,50.97223575],[3.97089289,50.97220588],[3.97100807,50.97220019],[3.97101321,50.97219994],[3.97098525,50.97226481]]]}},{"type":"Feature","id":"gebouw/Gebouw.9564271/0","properties":{"source":"Digitaal Vlaanderen Gebouwenregister","source_id":"gebouw/Gebouw.9564271/0","kind":"building","height_m":7.16,"status":null},"geometry":{"type":"Polygon","coordinates":[[[3.96914941,50.96997872],[3.96916111,50.96997392],[3.96912949,50.96994291],[3.96900924,50.96999191],[3.96904151,50.97002297],[3.96913754,50.96998359],[3.96914941,50.96997872]]]}},{"type":"Feature","id":"gebouw/Gebouw.9574936/0","properties":{"source":"Digitaal Vlaanderen Gebouwenregister","source_id":"gebouw/Gebouw.9574936/0","kind":"building","height_m":5.0,"status":null},"geometry":{"type":"Polygon","coordinates":[[[3.96981329,50.97300726],[3.96989509,50.97302036],[3.96988169,50.97305318],[3.96979929,50.97304044],[3.96981329,50.97300726]]]}},{"type":"Feature","id":"gebouw/Gebouw.9575041/0","properties":{"source":"Digitaal Vlaanderen Gebouwenregister","source_id":"gebouw/Gebouw.9575041/0","kind":"building","height_m":5.0,"status":null},"geometry":{"type":"Polygon","coordinates":[[[3.97243304,50.97240749],[3.97240364,50.97238787],[3.97242514,50.97237477],[3.97243334,50.97236978],[3.97248456,50.97233858],[3.97249149,50.97233436],[3.97244171,50.97230101],[3.97241013,50.97232002],[3.97231845,50.97237522],[3.97228536,50.97239514],[3.97223455,50.97242573],[3.97228168,50.97245693],[3.9723237,50.97243164],[3.97235787,50.97245328],[3.97243304,50.97240749]]]}},{"type":"Feature","id":"gebouw/Gebouw.9575042/0","properties":{"source":"Digitaal Vlaanderen Gebouwenregister","source_id":"gebouw/Gebouw.9575042/0","kind":"building","height_m":5.72,"status":null},"geometry":{"type":"Polygon","coordinates":[[[3.96977193,50.97135898],[3.96956548,50.97139195],[3.96950809,50.97124272],[3.9694946,50.97120765],[3.96970359,50.97117577],[3.96972689,50.97123821],[3.96973748,50.97126662],[3.96974517,50.97128722],[3.96975886,50.97132392],[3.96977193,50.97135898]]]}},{"type":"Feature","id":"gebouw/Gebouw.9575191/0","properties":{"source":"Digitaal Vlaanderen Gebouwenregister","source_id":"gebouw/Gebouw.9575191/0","kind":"building","height_m":7.16,"status":null},"geometry":{"type":"Polygon","coordinates":[[[3.97296657,50.96926249],[3.97293105,50.96930044],[3.97274019,50.96922865],[3.97277643,50.96919036],[3.97288191,50.96923037],[3.97296657,50.96926249]]]}},{"type":"Feature","id":"gebouw/Gebouw.9575222/0","properties":{"source":"Digitaal Vlaanderen Gebouwenregister","source_id":"gebouw/Gebouw.9575222/0","kind":"building","height_m":9.32,"status":null},"geometry":{"type":"Polygon","coordinates":[[[3.97320572,50.96914443],[3.97319009,50.96916204],[3.97309523,50.96912856],[3.97307685,50.96914764],[3.97288541,50.96907463],[3.97290427,50.96905459],[3.97292148,50.96903623],[3.97314888,50.96912279],[3.97317837,50.96913402],[3.97320572,50.96914443]]]}},{"type":"Feature","id":"gebouw/Gebouw.9575283/0","properties":{"source":"Digitaal Vlaanderen Gebouwenregister","source_id":"gebouw/Gebouw.9575283/0","kind":"building","height_m":7.88,"status":null},"geometry":{"type":"Polygon","coordinates":[[[3.96899869,50.97132321],[3.96902257,50.97138042],[3.9689806,50.97138681],[3.96895894,50.97132987],[3.96899869,50.97132321]]]}},{"type":"Feature","id":"gebouw/Gebouw.9575329/0","properties":{"source":"Digitaal Vlaanderen Gebouwenregister","source_id":"gebouw/Gebouw.9575329/0","kind":"building","height_m":5.72,"status":null},"geometry":{"type":"Polygon","coordinates":[[[3.97199699,50.97072903],[3.97203055,50.97065486],[3.97206212,50.97066065],[3.97203004,50.97073503],[3.97199699,50.97072903]]]}},{"type":"Feature","id":"gebouw/Gebouw.9575470/0","properties":{"source":"Digitaal Vlaanderen Gebouwenregister","source_id":"gebouw/Gebouw.9575470/0","kind":"building","height_m":6.44,"status":null},"geometry":{"type":"Polygon","coordinates":[[[3.97002196,50.97127891],[3.96991759,50.97129677],[3.96990931,50.97127494],[3.96993342,50.97127203],[3.96992904,50.97125925],[3.97002593,50.97124256],[3.97001586,50.97121833],[3.97008608,50.97120735],[3.9700894,50.97121581],[3.97013917,50.97120803],[3.97015785,50.97125566],[3.97002196,50.97127891]]]}},{"type":"Feature","id":"gebouw/Gebouw.9575471/0","properties":{"source":"Digitaal Vlaanderen Gebouwenregister","source_id":"gebouw/Gebouw.9575471/0","kind":"building","height_m":7.16,"status":null},"geometry":{"type":"Polygon","coordinates":[[[3.9706872,50.9720282],[3.9704941,50.97203551],[3.9704914,50.97200111],[3.97050479,50.97200048],[3.97050071,50.97195103],[3.97060703,50.9719477],[3.97060789,50.97195871],[3.97068157,50.9719564],[3.9706872,50.9720282]]]}},{"type":"Feature","id":"gebouw/Gebouw.9575513/0","properties":{"source":"Digitaal Vlaanderen Gebouwenregister","source_id":"gebouw/Gebouw.9575513/0","kind":"building","height_m":7.16,"status":null},"geometry":{"type":"Polygon","coordinates":[[[3.97078581,50.97175098],[3.97067338,50.97191934],[3.97059958,50.97190094],[3.97063546,50.9718497],[3.97063958,50.97185087],[3.97066788,50.97180777],[3.97065754,50.9718052],[3.97065323,50.97180413],[3.97063731,50.97180019],[3.97066703,50.97175328],[3.97068256,50.97175699],[3.9706861,50.97175133],[3.97069928,50.97173023],[3.97078581,50.97175098]]]}},{"type":"Feature","id":"gebouw/Gebouw.9575514/0","properties":{"source":"Digitaal Vlaanderen Gebouwenregister","source_id":"gebouw/Gebouw.9575514/0","kind":"building","height_m":7.88,"status":null},"geometry":{"type":"Polygon","coordinates":[[[3.97095311,50.97214971],[3.97101003,50.97214765],[3.97101332,50.97218386],[3.9709564,50.97218592],[3.97095311,50.97214971]]]}},{"type":"Feature","id":"gebouw/Gebouw.9575679/0","properties":{"source":"Digitaal Vlaanderen Gebouwenregister","source_id":"gebouw/Gebouw.9575679/0","kind":"building","height_m":5.72,"status":null},"geometry":{"type":"Polygon","coordinates":[[[3.9709714,50.97033708],[3.9709917,50.97037402],[3.97087355,50.97039778],[3.97085531,50.97036142],[3.9709714,50.97033708]]]}},{"type":"Feature","id":"gebouw/Gebouw.9575809/0","properties":{"source":"Digitaal Vlaanderen Gebouwenregister","source_id":"gebouw/Gebouw.9575809/0","kind":"building","height_m":8.6,"status":null},"geometry":{"type":"Polygon","coordinates":[[[3.96372909,50.96932746],[3.96375414,50.96932635],[3.96375148,50.96930019],[3.96374881,50.96927403],[3.96354012,50.96929403],[3.96352077,50.96929738],[3.96346495,50.96930733],[3.96343369,50.96931248],[3.96344779,50.96933989],[3.96356884,50.96931676],[3.96358051,50.96934084],[3.96362641,50.96933198],[3.96370777,50.96932839],[3.96372909,50.96932746]]]}},{"type":"Feature","id":"gebouw/Gebouw.9575835/0","properties":{"source":"Digitaal Vlaanderen Gebouwenregister","source_id":"gebouw/Gebouw.9575835/0","kind":"building","height_m":7.16,"status":null},"geometry":{"type":"Polygon","coordinates":[[[3.96954178,50.97052275],[3.9694164,50.97057442],[3.96935277,50.97051594],[3.96950727,50.97044892],[3.96954652,50.97048552],[3.96951616,50.97049922],[3.96954178,50.97052275]]]}},{"type":"Feature","id":"gebouw/Gebouw.9577998/0","properties":{"source":"Digitaal Vlaanderen Gebouwenregister","source_id":"gebouw/Gebouw.9577998/0","kind":"building","height_m":7.16,"status":null},"geometry":{"type":"Polygon","coordinates":[[[3.97316087,50.97176053],[3.97312284,50.97174174],[3.97311575,50.97175122],[3.97301262,50.97170288],[3.97300504,50.97169933],[3.97301089,50.97169365],[3.97293528,50.97166015],[3.97298665,50.97160721],[3.97318487,50.97168851],[3.97317485,50.97170759],[3.97316386,50.97172854],[3.97317626,50.97173055],[3.97316087,50.97176053]]]}},{"type":"Feature","id":"gebouw/Gebouw.9577999/0","properties":{"source":"Digitaal Vlaanderen Gebouwenregister","source_id":"gebouw/Gebouw.9577999/0","kind":"building","height_m":7.88,"status":null},"geometry":{"type":"Polygon","coordinates":[[[3.97097589,50.97134111],[3.97102914,50.97135689],[3.97097623,50.97142297],[3.97092272,50.97140628],[3.97087713,50.97139206],[3.97092434,50.97133865],[3.97097589,50.97134111]]]}},{"type":"Feature","id":"gebouw/Gebouw.9578001/0","properties":{"source":"Digitaal Vlaanderen Gebouwenregister","source_id":"gebouw/Gebouw.9578001/0","kind":"building","height_m":9.32,"status":null},"geometry":{"type":"Polygon","coordinates":[[[3.97290367,50.97261394],[3.97287676,50.97263926],[3.97285148,50.97266304],[3.9729124,50.97269071],[3.972443,50.97311019],[3.97212339,50.97296776],[3.97259005,50.97255069],[3.97264891,50.97257777],[3.97267287,50.97255582],[3.97267429,50.9725545],[3.97275979,50.97247601],[3.97295786,50.97256292],[3.97290367,50.97261394]]]}},{"type":"Feature","id":"gebouw/Gebouw.9578002/0","properties":{"source":"Digitaal Vlaanderen Gebouwenregister","source_id":"gebouw/Gebouw.9578002/0","kind":"building","height_m":5.0,"status":null},"geometry":{"type":"Polygon","coordinates":[[[3.97017983,50.97131111],[3.97017992,50.97131132],[3.96992194,50.97135211],[3.96990982,50.97131953],[3.96993992,50.97131444],[3.96993741,50.97130898],[3.9700283,50.97129446],[3.97002196,50.97127891],[3.97015785,50.97125566],[3.97017983,50.97131111]]]}},{"type":"Feature","id":"gebouw/Gebouw.9578079/0","properties":{"source":"Digitaal Vlaanderen Gebouwenregister","source_id":"gebouw/Gebouw.9578079/0","kind":"building","height_m":5.0,"status":null},"geometry":{"type":"Polygon","coordinates":[[[3.96918139,50.97128516],[3.96912086,50.97129369],[3.96913962,50.97134336],[3.96908761,50.97135212],[3.96905667,50.97127274],[3.96910745,50.9712647],[3.96908626,50.97120695],[3.96903417,50.971215],[3.96899282,50.97110893],[3.96906828,50.97109694],[3.96910565,50.97109101],[3.96916414,50.97124094],[3.96917972,50.97128088],[3.96918139,50.97128516]]]}},{"type":"Feature","id":"gebouw/Gebouw.9578080/0","properties":{"source":"Digitaal Vlaanderen Gebouwenregister","source_id":"gebouw/Gebouw.9578080/0","kind":"building","height_m":5.72,"status":null},"geometry":{"type":"Polygon","coordinates":[[[3.96909236,50.9713643],[3.96903881,50.97137274],[3.96901617,50.97131367],[3.9690013,50.971315],[3.96897109,50.97123788],[3.96893145,50.9712441],[3.96891688,50.97120707],[3.96894263,50.97120303],[3.96892444,50.97115682],[3.9689301,50.97115593],[3.96891633,50.97112094],[3.96899282,50.97110893],[3.96903417,50.971215],[3.96905667,50.97127274],[3.96908761,50.97135212],[3.96909236,50.9713643]]]}},{"type":"Feature","id":"gebouw/Gebouw.9578093/0","properties":{"source":"Digitaal Vlaanderen Gebouwenregister","source_id":"gebouw/Gebouw.9578093/0","kind":"building","height_m":5.0,"status":null},"geometry":{"type":"Polygon","coordinates":[[[3.9717859,50.97398437],[3.97175643,50.97400125],[3.97173523,50.97401339],[3.97170583,50.97399376],[3.97172521,50.97398195],[3.97175232,50.97396544],[3.9717859,50.97398437]]]}},{"type":"Feature","id":"gebouw/Gebouw.9578320/0","properties":{"source":"Digitaal Vlaanderen Gebouwenregister","source_id":"gebouw/Gebouw.9578320/0","kind":"building","height_m":7.16,"status":null},"geometry":{"type":"Polygon","coordinates":[[[3.97115282,50.97216257],[3.97120977,50.97218363],[3.97118472,50.97220882],[3.97112875,50.97218763],[3.97115282,50.97216257]]]}},{"type":"Feature","id":"gebouw/Gebouw.9578326/0","properties":{"source":"Digitaal Vlaanderen Gebouwenregister","source_id":"gebouw/Gebouw.9578326/0","kind":"building","height_m":6.44,"status":null},"geometry":{"type":"Polygon","coordinates":[[[3.97390226,50.97299859],[3.97390116,50.97301636],[3.97390249,50.97301639],[3.9738995,50.97307726],[3.97364259,50.97307057],[3.97364411,50.97304203],[3.97358523,50.97304078],[3.97359017,50.97294861],[3.97370686,50.97294946],[3.97374458,50.97297828],[3.97385874,50.97298007],[3.97385766,50.97299749],[3.97390226,50.97299859]]]}},{"type":"Feature","id":"gebouw/Gebouw.9578673/0","properties":{"source":"Digitaal Vlaanderen Gebouwenregister","source_id":"gebouw/Gebouw.9578673/0","kind":"building","height_m":9.32,"status":null},"geometry":{"type":"Polygon","coordinates":[[[3.97091726,50.9721421],[3.9709104,50.97214239],[3.97079014,50.97214754],[3.97073322,50.97214998],[3.97051877,50.97215917],[3.97051238,50.972092],[3.97068989,50.97208436],[3.97069165,50.97210544],[3.97078082,50.97210035],[3.97077608,50.97206268],[3.97077135,50.97202501],[3.97089552,50.9720203],[3.97089982,50.97205642],[3.97090748,50.97212082],[3.97091462,50.97212015],[3.97091726,50.9721421]]]}},{"type":"Feature","id":"gebouw/Gebouw.9578674/0","properties":{"source":"Digitaal Vlaanderen Gebouwenregister","source_id":"gebouw/Gebouw.9578674/0","kind":"building","height_m":5.0,"status":null},"geometry":{"type":"Polygon","coordinates":[[[3.97204988,50.97218211],[3.97213226,50.97221392],[3.97209144,50.97225639],[3.97210024,50.97225986],[3.97206119,50.97229763],[3.97202952,50.97228491],[3.97199857,50.97231958],[3.97193855,50.97229751],[3.97204988,50.97218211]]]}},{"type":"Feature","id":"gebouw/Gebouw.9578702/0","properties":{"source":"Digitaal Vlaanderen Gebouwenregister","source_id":"gebouw/Gebouw.9578702/0","kind":"building","height_m":5.0,"status":null},"geometry":{"type":"Polygon","coordinates":[[[3.97066622,50.9742434],[3.97065567,50.97426765],[3.97063677,50.97431108],[3.97061021,50.97430629],[3.9704729,50.97428149],[3.97050034,50.97422092],[3.97060679,50.97424015],[3.97060992,50.97423323],[3.97066622,50.9742434]]]}},{"type":"Feature","id":"gebouw/Gebouw.9610320/0","properties":{"source":"Digitaal Vlaanderen Gebouwenregister","source_id":"gebouw/Gebouw.9610320/0","kind":"building","height_m":9.32,"status":null},"geometry":{"type":"Polygon","coordinates":[[[3.97115967,50.96788504],[3.97120862,50.96789534],[3.97119697,50.96791792],[3.97125729,50.96793106],[3.97120708,50.9680151],[3.97103272,50.96797856],[3.97107847,50.96789384],[3.97108189,50.96789456],[3.97110024,50.96786013],[3.97116565,50.96787366],[3.97115967,50.96788504]]]}},{"type":"Feature","id":"gebouw/Gebouw.9689426/0","properties":{"source":"Digitaal Vlaanderen Gebouwenregister","source_id":"gebouw/Gebouw.9689426/0","kind":"building","height_m":8.6,"status":null},"geometry":{"type":"Polygon","coordinates":[[[3.96399639,50.96885385],[3.96408909,50.96884892],[3.9641069,50.96884837],[3.96411839,50.9689547],[3.96410235,50.96895527],[3.9640085,50.96895944],[3.96399095,50.96896093],[3.96398536,50.96891384],[3.96398386,50.96890119],[3.96397829,50.96885421],[3.96399639,50.96885385]]]}},{"type":"Feature","id":"gebouw/Gebouw.9731490/0","properties":{"source":"Digitaal Vlaanderen Gebouwenregister","source_id":"gebouw/Gebouw.9731490/0","kind":"building","height_m":9.32,"status":null},"geometry":{"type":"Polygon","coordinates":[[[3.97247273,50.96969121],[3.97250046,50.96966854],[3.97246571,50.96965357],[3.97246435,50.96965297],[3.97246348,50.96965377],[3.97234339,50.96960172],[3.97238007,50.9695711],[3.97257072,50.96966205],[3.97250967,50.96970998],[3.97247273,50.96969121]]]}},{"type":"Feature","id":"gebouw/Gebouw.9731498/0","properties":{"source":"Digitaal Vlaanderen Gebouwenregister","source_id":"gebouw/Gebouw.9731498/0","kind":"building","height_m":5.0,"status":null},"geometry":{"type":"Polygon","coordinates":[[[3.97015047,50.970507],[3.97018096,50.97055099],[3.97014658,50.97056015],[3.97011547,50.97051728],[3.97015047,50.970507]]]}},{"type":"Feature","id":"gebouw/Gebouw.9731515/0","properties":{"source":"Digitaal Vlaanderen Gebouwenregister","source_id":"gebouw/Gebouw.9731515/0","kind":"building","height_m":7.16,"status":null},"geometry":{"type":"Polygon","coordinates":[[[3.97122424,50.97114164],[3.97125306,50.97110717],[3.97128398,50.97107133],[3.97138277,50.97110533],[3.97139108,50.97109568],[3.97144249,50.97111337],[3.97137324,50.97119362],[3.9713338,50.97117979],[3.97133012,50.97118424],[3.97129429,50.97117147],[3.97129886,50.97116722],[3.97122424,50.97114164]]]}},{"type":"Feature","id":"gebouw/Gebouw.9731517/0","properties":{"source":"Digitaal Vlaanderen Gebouwenregister","source_id":"gebouw/Gebouw.9731517/0","kind":"building","height_m":8.6,"status":null},"geometry":{"type":"Polygon","coordinates":[[[3.9704892,50.96788708],[3.97052162,50.9679029],[3.97057488,50.96789833],[3.9705853,50.96794684],[3.97058738,50.96794666],[3.97059476,50.96798053],[3.97059259,50.96798072],[3.97060289,50.96802861],[3.97059118,50.96802961],[3.970593,50.96803817],[3.9706352,50.96803458],[3.97064855,50.96809713],[3.97036718,50.96812106],[3.97035722,50.96807345],[3.97048775,50.96806276],[3.97048268,50.96804303],[3.97047524,50.96804388],[3.97045684,50.96795058],[3.97042969,50.9679351],[3.97042418,50.96790975],[3.97044906,50.96789056],[3.9704892,50.96788708]]]}},{"type":"Feature","id":"gebouw/Gebouw.9731519/0","properties":{"source":"Digitaal Vlaanderen Gebouwenregister","source_id":"gebouw/Gebouw.9731519/0","kind":"building","height_m":5.0,"status":null},"geometry":{"type":"Polygon","coordinates":[[[3.97091393,50.96909324],[3.97086148,50.96899302],[3.97098363,50.96896685],[3.9710162,50.96902747],[3.97102426,50.96902596],[3.97104537,50.96906507],[3.97091393,50.96909324]]]}},{"type":"Feature","id":"gebouw/Gebouw.9731565/0","properties":{"source":"Digitaal Vlaanderen Gebouwenregister","source_id":"gebouw/Gebouw.9731565/0","kind":"building","height_m":7.88,"status":null},"geometry":{"type":"Polygon","coordinates":[[[3.97257955,50.96787794],[3.97262728,50.96788935],[3.97260076,50.96793531],[3.97255272,50.96792446],[3.97257955,50.96787794]]]}},{"type":"Feature","id":"gebouw/Gebouw.9731633/0","properties":{"source":"Digitaal Vlaanderen Gebouwenregister","source_id":"gebouw/Gebouw.9731633/0","kind":"building","height_m":6.44,"status":null},"geometry":{"type":"Polygon","coordinates":[[[3.97078221,50.97194646],[3.97079809,50.97190998],[3.9708653,50.97192498],[3.97084993,50.97196334],[3.97078221,50.97194646]]]}},{"type":"Feature","id":"gebouw/Gebouw.9731635/0","properties":{"source":"Digitaal Vlaanderen Gebouwenregister","source_id":"gebouw/Gebouw.9731635/0","kind":"building","height_m":7.88,"status":null},"geometry":{"type":"Polygon","coordinates":[[[3.97172821,50.97241691],[3.97164128,50.97238268],[3.97161995,50.97237428],[3.97164626,50.97234649],[3.97169458,50.97229572],[3.97172229,50.97230665],[3.97180899,50.97234084],[3.97176096,50.97239181],[3.9717548,50.9723893],[3.97172821,50.97241691]]]}},{"type":"Feature","id":"gebouw/Gebouw.9731654/0","properties":{"source":"Digitaal Vlaanderen Gebouwenregister","source_id":"gebouw/Gebouw.9731654/0","kind":"building","height_m":6.44,"status":null},"geometry":{"type":"Polygon","coordinates":[[[3.96366797,50.96874556],[3.96366389,50.96870037],[3.9637456,50.96869703],[3.96375572,50.96879584],[3.96364993,50.96881615],[3.96364599,50.96880862],[3.96344254,50.96884862],[3.96341342,50.96878835],[3.96361456,50.96874843],[3.96366797,50.96874556]]]}},{"type":"Feature","id":"gebouw/Gebouw.9731675/0","properties":{"source":"Digitaal Vlaanderen Gebouwenregister","source_id":"gebouw/Gebouw.9731675/0","kind":"building","height_m":6.44,"status":null},"geometry":{"type":"Polygon","coordinates":[[[3.97083248,50.97391922],[3.97085579,50.97393409],[3.970841,50.97394273],[3.97086751,50.97396007],[3.97082222,50.97398766],[3.97074973,50.97393907],[3.97079472,50.97391167],[3.97081948,50.9739275],[3.97083248,50.97391922]]]}},{"type":"Feature","id":"gebouw/Gebouw.9731683/0","properties":{"source":"Digitaal Vlaanderen Gebouwenregister","source_id":"gebouw/Gebouw.9731683/0","kind":"building","height_m":7.16,"status":null},"geometry":{"type":"Polygon","coordinates":[[[3.97379875,50.97364234],[3.97379843,50.97364447],[3.97386617,50.97364607],[3.97386252,50.97370793],[3.9737947,50.97370633],[3.97379406,50.97371328],[3.97369533,50.97371122],[3.97369475,50.97372114],[3.97361293,50.97371909],[3.97361703,50.97363747],[3.97367187,50.97363903],[3.97367242,50.97363023],[3.97377618,50.97363253],[3.97377503,50.9736417],[3.97379875,50.97364234]]]}},{"type":"Feature","id":"gebouw/Gebouw.9731684/0","properties":{"source":"Digitaal Vlaanderen Gebouwenregister","source_id":"gebouw/Gebouw.9731684/0","kind":"building","height_m":7.88,"status":null},"geometry":{"type":"Polygon","coordinates":[[[3.97367136,50.973963],[3.97384055,50.97396673],[3.97383746,50.97402259],[3.97382382,50.97402261],[3.97381932,50.97409203],[3.97366289,50.97408799],[3.97367136,50.973963]]]}},{"type":"Feature","id":"gebouw/Gebouw.9731686/0","properties":{"source":"Digitaal Vlaanderen Gebouwenregister","source_id":"gebouw/Gebouw.9731686/0","kind":"building","height_m":9.32,"status":null},"geometry":{"type":"Polygon","coordinates":[[[3.9697014,50.9736655],[3.96971607,50.973628],[3.96975386,50.97363443],[3.96978432,50.97355442],[3.96974443,50.97354891],[3.96975983,50.97351131],[3.96994536,50.97354122],[3.96993107,50.97357655],[3.96991007,50.9735733],[3.9698997,50.97359896],[3.96990813,50.97360035],[3.96989555,50.97363149],[3.9698871,50.97363016],[3.9698767,50.97365591],[3.96989756,50.97365932],[3.96988319,50.97369483],[3.9697014,50.9736655]]]}},{"type":"Feature","id":"gebouw/Gebouw.9731786/0","properties":{"source":"Digitaal Vlaanderen Gebouwenregister","source_id":"gebouw/Gebouw.9731786/0","kind":"building","height_m":5.72,"status":null},"geometry":{"type":"Polygon","coordinates":[[[3.96589307,50.9696468],[3.96590945,50.96962395],[3.96603826,50.96966326],[3.96600741,50.96970449],[3.96599565,50.96970098],[3.96597069,50.96973347],[3.96595714,50.96972995],[3.96594633,50.969745],[3.9659431,50.96974402],[3.96593475,50.96975573],[3.96598063,50.96976974],[3.96590979,50.96986108],[3.9659139,50.96986226],[3.96589324,50.96988993],[3.96582055,50.96986943],[3.96583814,50.96984584],[3.96584991,50.96984897],[3.96586777,50.96982633],[3.96582453,50.96981329],[3.9658951,50.969721],[3.96593954,50.96966082],[3.96589307,50.9696468]]]}},{"type":"Feature","id":"gebouw/Gebouw.9731900/0","properties":{"source":"Digitaal Vlaanderen Gebouwenregister","source_id":"gebouw/Gebouw.9731900/0","kind":"building","height_m":7.16,"status":null},"geometry":{"type":"Polygon","coordinates":[[[3.97370485,50.97114039],[3.97370643,50.97113796],[3.9736719,50.97112897],[3.97368374,50.97111084],[3.97377738,50.97113522],[3.97376405,50.97115549],[3.97370485,50.97114039]]]}},{"type":"Feature","id":"gebouw/Gebouw.9731901/0","properties":{"source":"Digitaal Vlaanderen Gebouwenregister","source_id":"gebouw/Gebouw.9731901/0","kind":"building","height_m":7.88,"status":null},"geometry":{"type":"Polygon","coordinates":[[[3.97182931,50.97084625],[3.97188695,50.97087407],[3.97186718,50.97089126],[3.9718089,50.97086494],[3.97182931,50.97084625]]]}},{"type":"Feature","id":"gebouw/Gebouw.9731950/0","properties":{"source":"Digitaal Vlaanderen Gebouwenregister","source_id":"gebouw/Gebouw.9731950/0","kind":"building","height_m":7.88,"status":null},"geometry":{"type":"Polygon","coordinates":[[[3.97343698,50.96809084],[3.97342303,50.96811228],[3.97339714,50.96810487],[3.97346186,50.96799884],[3.97337339,50.96798085],[3.97342364,50.96789431],[3.97347893,50.96790629],[3.97347824,50.96790757],[3.97353126,50.96791908],[3.97353193,50.96791779],[3.97353981,50.96791943],[3.97350544,50.96798557],[3.97346279,50.96805114],[3.97344838,50.9680733],[3.97343698,50.96809084]]]}},{"type":"Feature","id":"gebouw/Gebouw.9731952/0","properties":{"source":"Digitaal Vlaanderen Gebouwenregister","source_id":"gebouw/Gebouw.9731952/0","kind":"building","height_m":9.32,"status":null},"geometry":{"type":"Polygon","coordinates":[[[3.97155401,50.97089838],[3.97149482,50.97096797],[3.9713623,50.9709226],[3.97141766,50.97085813],[3.97142159,50.97085356],[3.97155401,50.97089838]]]}},{"type":"Feature","id":"gebouw/Gebouw.9731956/0","properties":{"source":"Digitaal Vlaanderen Gebouwenregister","source_id":"gebouw/Gebouw.9731956/0","kind":"building","height_m":7.16,"status":null},"geometry":{"type":"Polygon","coordinates":[[[3.97243404,50.96775753],[3.97247335,50.96768673],[3.97241225,50.96767284],[3.9723545,50.96777258],[3.97232847,50.96781965],[3.97231663,50.96784106],[3.9723802,50.96785449],[3.97239147,50.96783421],[3.97243404,50.96775753]]]}},{"type":"Feature","id":"gebouw/Gebouw.9731959/0","properties":{"source":"Digitaal Vlaanderen Gebouwenregister","source_id":"gebouw/Gebouw.9731959/0","kind":"building","height_m":9.32,"status":null},"geometry":{"type":"Polygon","coordinates":[[[3.97327578,50.96841873],[3.97325662,50.96841457],[3.97323093,50.96846261],[3.97299887,50.96841371],[3.97272315,50.96835645],[3.97269008,50.96834958],[3.97269384,50.96834375],[3.9725756,50.968319],[3.9726062,50.96826503],[3.97271973,50.96828898],[3.9727602,50.96821133],[3.9728183,50.96822342],[3.97283967,50.96824352],[3.97280762,50.96830684],[3.9730208,50.96835177],[3.97300574,50.96838082],[3.97310512,50.96840124],[3.97314026,50.96833384],[3.97330301,50.96836902],[3.97327578,50.96841873]]]}},{"type":"Feature","id":"gebouw/Gebouw.9731960/0","properties":{"source":"Digitaal Vlaanderen Gebouwenregister","source_id":"gebouw/Gebouw.9731960/0","kind":"building","height_m":5.0,"status":null},"geometry":{"type":"Polygon","coordinates":[[[3.97060303,50.96879474],[3.97059082,50.96876539],[3.9706528,50.9687556],[3.97066621,50.9687846],[3.97060303,50.96879474]]]}},{"type":"Feature","id":"gebouw/Gebouw.9731961/0","properties":{"source":"Digitaal Vlaanderen Gebouwenregister","source_id":"gebouw/Gebouw.9731961/0","kind":"building","height_m":5.72,"status":null},"geometry":{"type":"Polygon","coordinates":[[[3.96878372,50.96747662],[3.96878424,50.96747924],[3.96896723,50.96745941],[3.96900659,50.96759772],[3.96898694,50.96760012],[3.96899477,50.96762736],[3.96891025,50.96763689],[3.96890366,50.96760816],[3.96889205,50.96760934],[3.96889447,50.96761817],[3.96881144,50.96762753],[3.96880873,50.9676185],[3.96861919,50.96763938],[3.9685801,50.96750202],[3.96870746,50.96748773],[3.96870665,50.96748492],[3.96878372,50.96747662]]]}},{"type":"Feature","id":"gebouw/Gebouw.9731963/0","properties":{"source":"Digitaal Vlaanderen Gebouwenregister","source_id":"gebouw/Gebouw.9731963/0","kind":"building","height_m":7.16,"status":null},"geometry":{"type":"Polygon","coordinates":[[[3.97324495,50.97077873],[3.97333298,50.97080202],[3.97331228,50.97083158],[3.97330701,50.97083907],[3.97317925,50.97080283],[3.97319561,50.97077985],[3.973236,50.9707913],[3.97324495,50.97077873]]]}},{"type":"Feature","id":"gebouw/Gebouw.9732026/0","properties":{"source":"Digitaal Vlaanderen Gebouwenregister","source_id":"gebouw/Gebouw.9732026/0","kind":"building","height_m":7.16,"status":null},"geometry":{"type":"Polygon","coordinates":[[[3.96897983,50.96992727],[3.96899566,50.96994449],[3.96896296,50.96995742],[3.96900457,50.96999804],[3.96886787,50.97005513],[3.96880828,50.96999824],[3.96897983,50.96992727]]]}},{"type":"Feature","id":"gebouw/Gebouw.9732097/0","properties":{"source":"Digitaal Vlaanderen Gebouwenregister","source_id":"gebouw/Gebouw.9732097/0","kind":"building","height_m":7.88,"status":null},"geometry":{"type":"Polygon","coordinates":[[[3.97343266,50.97348591],[3.97343528,50.97344604],[3.97349192,50.97344687],[3.9734899,50.97348637],[3.97343266,50.97348591]]]}},{"type":"Feature","id":"gebouw/Gebouw.9732102/0","properties":{"source":"Digitaal Vlaanderen Gebouwenregister","source_id":"gebouw/Gebouw.9732102/0","kind":"building","height_m":6.44,"status":null},"geometry":{"type":"Polygon","coordinates":[[[3.96547382,50.96895163],[3.96546819,50.96892048],[3.96551695,50.96891654],[3.96552287,50.96894789],[3.96547382,50.96895163]]]}},{"type":"Feature","id":"gebouw/Gebouw.9732103/0","properties":{"source":"Digitaal Vlaanderen Gebouwenregister","source_id":"gebouw/Gebouw.9732103/0","kind":"building","height_m":7.16,"status":null},"geometry":{"type":"Polygon","coordinates":[[[3.9649836,50.96899923],[3.96493812,50.96900227],[3.96492702,50.96893434],[3.96497309,50.96893094],[3.96497479,50.96894425],[3.96498787,50.96894328],[3.96499714,50.96899246],[3.96498228,50.96899341],[3.9649836,50.96899923]]]}},{"type":"Feature","id":"gebouw/Gebouw.9732104/0","properties":{"source":"Digitaal Vlaanderen Gebouwenregister","source_id":"gebouw/Gebouw.9732104/0","kind":"building","height_m":7.88,"status":null},"geometry":{"type":"Polygon","coordinates":[[[3.96445204,50.96873974],[3.96444451,50.96871268],[3.96449215,50.96870648],[3.96450144,50.96873394],[3.96445204,50.96873974]]]}},{"type":"Feature","id":"gebouw/Gebouw.9732115/0","properties":{"source":"Digitaal Vlaanderen Gebouwenregister","source_id":"gebouw/Gebouw.9732115/0","kind":"building","height_m":5.72,"status":null},"geometry":{"type":"Polygon","coordinates":[[[3.96938219,50.97202146],[3.96938469,50.97202982],[3.96938681,50.97203695],[3.96932518,50.97204468],[3.96932363,50.97203926],[3.96932122,50.97203088],[3.96931898,50.97202307],[3.96938031,50.97201515],[3.96938219,50.97202146]]]}},{"type":"Feature","id":"gebouw/Gebouw.9732128/0","properties":{"source":"Digitaal Vlaanderen Gebouwenregister","source_id":"gebouw/Gebouw.9732128/0","kind":"building","height_m":5.0,"status":null},"geometry":{"type":"Polygon","coordinates":[[[3.96411123,50.96872836],[3.96412895,50.96878925],[3.96390708,50.96881589],[3.96389339,50.96877044],[3.96389317,50.9687697],[3.96388744,50.9687507],[3.96388709,50.96874953],[3.96394105,50.96874305],[3.96404278,50.96873084],[3.96405178,50.96872975],[3.96405318,50.96873537],[3.96411123,50.96872836]]]}},{"type":"Feature","id":"gebouw/Gebouw.9732137/0","properties":{"source":"Digitaal Vlaanderen Gebouwenregister","source_id":"gebouw/Gebouw.9732137/0","kind":"building","height_m":6.44,"status":null},"geometry":{"type":"Polygon","coordinates":[[[3.97368347,50.97314608],[3.97385238,50.97314845],[3.97385136,50.97317984],[3.97389356,50.97318083],[3.97389126,50.97323365],[3.97384856,50.97323291],[3.97384848,50.97323471],[3.97380365,50.97323393],[3.97380349,50.97323752],[3.9737496,50.97323674],[3.97374975,50.97323177],[3.9736351,50.97322814],[3.97363719,50.97318683],[3.97367911,50.97318703],[3.97368347,50.97314608]]]}},{"type":"Feature","id":"gebouw/Gebouw.9732170/0","properties":{"source":"Digitaal Vlaanderen Gebouwenregister","source_id":"gebouw/Gebouw.9732170/0","kind":"building","height_m":5.0,"status":null},"geometry":{"type":"Polygon","coordinates":[[[3.97286415,50.97176257],[3.97283248,50.97174948],[3.97289316,50.97169154],[3.9729242,50.97170575],[3.97286415,50.97176257]]]}},{"type":"Feature","id":"gebouw/Gebouw.9732217/0","properties":{"source":"Digitaal Vlaanderen Gebouwenregister","source_id":"gebouw/Gebouw.9732217/0","kind":"building","height_m":8.6,"status":null},"geometry":{"type":"Polygon","coordinates":[[[3.96519204,50.9696388],[3.96524272,50.96964032],[3.96528893,50.96964272],[3.96528287,50.96969903],[3.96523694,50.96969719],[3.96518509,50.96969492],[3.96519204,50.9696388]]]}},{"type":"Feature","id":"gebouw/Gebouw.9732315/0","properties":{"source":"Digitaal Vlaanderen Gebouwenregister","source_id":"gebouw/Gebouw.9732315/0","kind":"building","height_m":8.6,"status":null},"geometry":{"type":"Polygon","coordinates":[[[3.96647788,50.96993312],[3.96639856,50.96990953],[3.96645786,50.96983037],[3.96656952,50.96986372],[3.96660116,50.96982127],[3.96668772,50.96984755],[3.96665369,50.96989297],[3.96662726,50.96988556],[3.96656396,50.96997269],[3.96646836,50.96994444],[3.96647788,50.96993312]]]}},{"type":"Feature","id":"gebouw/Gebouw.9737073/0","properties":{"source":"Digitaal Vlaanderen Gebouwenregister","source_id":"gebouw/Gebouw.9737073/0","kind":"building","height_m":7.16,"status":null},"geometry":{"type":"Polygon","coordinates":[[[3.97009785,50.97164364],[3.97009233,50.97162897],[3.97015368,50.97162068],[3.97015138,50.97160845],[3.97021724,50.97159813],[3.9701953,50.97154231],[3.9700627,50.97156371],[3.97003185,50.97156868],[3.97000312,50.97157332],[3.97002063,50.97162211],[3.96995563,50.97163141],[3.96996676,50.9716624],[3.97009785,50.97164364]]]}},{"type":"Feature","id":"gebouw/Gebouw.9737238/0","properties":{"source":"Digitaal Vlaanderen Gebouwenregister","source_id":"gebouw/Gebouw.9737238/0","kind":"building","height_m":5.0,"status":null},"geometry":{"type":"Polygon","coordinates":[[[3.96972072,50.97320494],[3.96977802,50.97321383],[3.96976356,50.97325281],[3.96970656,50.97324373],[3.96972072,50.97320494]]]}},{"type":"Feature","id":"gebouw/Gebouw.9737391/0","properties":{"source":"Digitaal Vlaanderen Gebouwenregister","source_id":"gebouw/Gebouw.9737391/0","kind":"building","height_m":9.32,"status":null},"geometry":{"type":"Polygon","coordinates":[[[3.97311848,50.96916352],[3.97308025,50.96920218],[3.97306178,50.96919503],[3.97284932,50.96911284],[3.97288541,50.96907463],[3.97307685,50.96914764],[3.97311848,50.96916352]]]}},{"type":"Feature","id":"gebouw/Gebouw.9737464/0","properties":{"source":"Digitaal Vlaanderen Gebouwenregister","source_id":"gebouw/Gebouw.9737464/0","kind":"building","height_m":6.44,"status":null},"geometry":{"type":"Polygon","coordinates":[[[3.97289128,50.9702997],[3.97285616,50.97032016],[3.97284778,50.97026626],[3.97284044,50.97022216],[3.97282691,50.97013853],[3.97294265,50.97013131],[3.97296252,50.97025821],[3.97295156,50.9702646],[3.97293694,50.97027311],[3.97289128,50.9702997]]]}},{"type":"Feature","id":"gebouw/Gebouw.9737468/0","properties":{"source":"Digitaal Vlaanderen Gebouwenregister","source_id":"gebouw/Gebouw.9737468/0","kind":"building","height_m":9.32,"status":null},"geometry":{"type":"Polygon","coordinates":[[[3.96917625,50.96996771],[3.96916111,50.96997392],[3.96914941,50.96997872],[3.96913754,50.96998359],[3.96904151,50.97002297],[3.96902827,50.9700284],[3.96905892,50.9700561],[3.96917692,50.97000631],[3.96920512,50.96999539],[3.96917625,50.96996771]]]}},{"type":"Feature","id":"gebouw/Gebouw.9737469/0","properties":{"source":"Digitaal Vlaanderen Gebouwenregister","source_id":"gebouw/Gebouw.9737469/0","kind":"building","height_m":5.0,"status":null},"geometry":{"type":"Polygon","coordinates":[[[3.96447028,50.96901416],[3.96451756,50.96901002],[3.96452541,50.96904682],[3.9644787,50.96905172],[3.96447028,50.96901416]]]}},{"type":"Feature","id":"gebouw/Gebouw.9737550/0","properties":{"source":"Digitaal Vlaanderen Gebouwenregister","source_id":"gebouw/Gebouw.9737550/0","kind":"building","height_m":7.88,"status":null},"geometry":{"type":"Polygon","coordinates":[[[3.96559728,50.96974111],[3.9655694,50.96973096],[3.96553285,50.96977456],[3.96549879,50.96976378],[3.96551925,50.9697404],[3.9655376,50.96971941],[3.96555806,50.96969603],[3.96559309,50.96965599],[3.96562234,50.96962255],[3.9656151,50.96959421],[3.96560993,50.96957396],[3.96558593,50.96948004],[3.96567599,50.96947022],[3.96567637,50.96947163],[3.96568624,50.96950769],[3.96570307,50.96950585],[3.96571367,50.9695446],[3.96577582,50.96953793],[3.96568794,50.96963794],[3.96559728,50.96974111]]]}},{"type":"Feature","id":"gebouw/Gebouw.9737604/0","properties":{"source":"Digitaal Vlaanderen Gebouwenregister","source_id":"gebouw/Gebouw.9737604/0","kind":"building","height_m":6.44,"status":null},"geometry":{"type":"Polygon","coordinates":[[[3.97000351,50.97211177],[3.96999504,50.97208601],[3.97014326,50.97206824],[3.97025229,50.97206484],[3.9702488,50.97202589],[3.97013168,50.97203004],[3.97002387,50.97204488],[3.97001136,50.9720466],[3.9699779,50.9720512],[3.96993272,50.97205742],[3.96989761,50.97206225],[3.96991524,50.97212312],[3.97000351,50.97211177]]]}},{"type":"Feature","id":"gebouw/Gebouw.9737605/0","properties":{"source":"Digitaal Vlaanderen Gebouwenregister","source_id":"gebouw/Gebouw.9737605/0","kind":"building","height_m":7.16,"status":null},"geometry":{"type":"Polygon","coordinates":[[[3.97313647,50.97276517],[3.97318905,50.972789],[3.97315921,50.972816],[3.97310708,50.97279219],[3.97313647,50.97276517]]]}},{"type":"Feature","id":"gebouw/Gebouw.9737606/0","properties":{"source":"Digitaal Vlaanderen Gebouwenregister","source_id":"gebouw/Gebouw.9737606/0","kind":"building","height_m":7.88,"status":null},"geometry":{"type":"Polygon","coordinates":[[[3.97200534,50.97241534],[3.97194086,50.97248132],[3.97189093,50.97246352],[3.97195898,50.97239705],[3.97200534,50.97241534]]]}},{"type":"Feature","id":"gebouw/Gebouw.9737624/0","properties":{"source":"Digitaal Vlaanderen Gebouwenregister","source_id":"gebouw/Gebouw.9737624/0","kind":"building","height_m":5.72,"status":null},"geometry":{"type":"Polygon","coordinates":[[[3.97369089,50.96900308],[3.97371626,50.96897696],[3.97375736,50.96899204],[3.97373346,50.96901874],[3.97369089,50.96900308]]]}},{"type":"Feature","id":"gebouw/Gebouw.9737650/0","properties":{"source":"Digitaal Vlaanderen Gebouwenregister","source_id":"gebouw/Gebouw.9737650/0","kind":"building","height_m":9.32,"status":null},"geometry":{"type":"Polygon","coordinates":[[[3.97142665,50.97128405],[3.97141408,50.97130221],[3.97140376,50.97131713],[3.97135017,50.9713026],[3.97136175,50.97128701],[3.97137455,50.97126978],[3.97142665,50.97128405]]]}},{"type":"Feature","id":"gebouw/Gebouw.9737681/0","properties":{"source":"Digitaal Vlaanderen Gebouwenregister","source_id":"gebouw/Gebouw.9737681/0","kind":"building","height_m":6.44,"status":null},"geometry":{"type":"Polygon","coordinates":[[[3.97331214,50.97165698],[3.97334743,50.97165757],[3.97334568,50.97167741],[3.9734488,50.97168157],[3.97344603,50.9716954],[3.97347421,50.97169553],[3.97347412,50.97169853],[3.9734925,50.97169911],[3.9734907,50.97171014],[3.97346877,50.97170952],[3.97346837,50.97171307],[3.97344436,50.97171224],[3.97344398,50.97171542],[3.97324331,50.97170958],[3.97324487,50.97167551],[3.97331156,50.97167758],[3.97331214,50.97165698]]]}},{"type":"Feature","id":"gebouw/Gebouw.9737682/0","properties":{"source":"Digitaal Vlaanderen Gebouwenregister","source_id":"gebouw/Gebouw.9737682/0","kind":"building","height_m":7.16,"status":null},"geometry":{"type":"Polygon","coordinates":[[[3.97139142,50.97210019],[3.97137955,50.97211224],[3.97133686,50.97209592],[3.97137997,50.97205089],[3.97134067,50.97203509],[3.97136816,50.9720073],[3.9713663,50.9720066],[3.97143082,50.97194033],[3.97151628,50.97197349],[3.97147867,50.97201166],[3.97139142,50.97210019]]]}},{"type":"Feature","id":"gebouw/Gebouw.9737765/0","properties":{"source":"Digitaal Vlaanderen Gebouwenregister","source_id":"gebouw/Gebouw.9737765/0","kind":"building","height_m":6.44,"status":null},"geometry":{"type":"Polygon","coordinates":[[[3.97170723,50.97051839],[3.97161755,50.97046961],[3.97165936,50.97043899],[3.97185106,50.97054082],[3.9718438,50.97054561],[3.97185023,50.97054905],[3.97182662,50.97056564],[3.97172086,50.97050862],[3.97170723,50.97051839]]]}},{"type":"Feature","id":"gebouw/Gebouw.9737777/0","properties":{"source":"Digitaal Vlaanderen Gebouwenregister","source_id":"gebouw/Gebouw.9737777/0","kind":"building","height_m":5.0,"status":null},"geometry":{"type":"Polygon","coordinates":[[[3.96513805,50.96962473],[3.96514946,50.96962687],[3.96513038,50.96966743],[3.96509661,50.96973923],[3.96504085,50.96972867],[3.96507641,50.96965734],[3.96508184,50.96964373],[3.96509223,50.96962268],[3.96509384,50.96962304],[3.96509688,50.96961703],[3.96513805,50.96962473]]]}},{"type":"Feature","id":"gebouw/Gebouw.9737867/0","properties":{"source":"Digitaal Vlaanderen Gebouwenregister","source_id":"gebouw/Gebouw.9737867/0","kind":"building","height_m":9.32,"status":null},"geometry":{"type":"Polygon","coordinates":[[[3.9733695,50.96985243],[3.97341702,50.96987538],[3.97345406,50.96989328],[3.97338449,50.96995112],[3.97334057,50.96993002],[3.97329025,50.96990585],[3.97335895,50.96984781],[3.9733695,50.96985243]]]}},{"type":"Feature","id":"gebouw/Gebouw.9745936/0","properties":{"source":"Digitaal Vlaanderen Gebouwenregister","source_id":"gebouw/Gebouw.9745936/0","kind":"building","height_m":7.88,"status":null},"geometry":{"type":"Polygon","coordinates":[[[3.96994822,50.97102393],[3.96993464,50.9711149],[3.96992481,50.97118541],[3.9698135,50.97117824],[3.96983643,50.97101758],[3.96994822,50.97102393]]]}},{"type":"Feature","id":"gebouw/Gebouw.9745943/0","properties":{"source":"Digitaal Vlaanderen Gebouwenregister","source_id":"gebouw/Gebouw.9745943/0","kind":"building","height_m":7.88,"status":null},"geometry":{"type":"Polygon","coordinates":[[[3.97060515,50.96823745],[3.9705312,50.96824382],[3.97052754,50.96822766],[3.97036136,50.96824057],[3.97035044,50.9681865],[3.97036827,50.96818521],[3.97036341,50.96815799],[3.97044609,50.96815069],[3.97045109,50.96817887],[3.97056697,50.96816887],[3.97056924,50.9681799],[3.97057116,50.96817988],[3.97057681,50.9681799],[3.97057963,50.96818011],[3.97058234,50.96818064],[3.97058463,50.96818134],[3.97058677,50.96818221],[3.97058872,50.96818323],[3.97059045,50.96818441],[3.97059173,50.96818549],[3.97059283,50.96818664],[3.97059375,50.96818785],[3.97059452,50.9681891],[3.97059515,50.96819058],[3.97059572,50.96819362],[3.970596,50.96819514],[3.97060515,50.96823745]]]}},{"type":"Feature","id":"gebouw/Gebouw.9745945/0","properties":{"source":"Digitaal Vlaanderen Gebouwenregister","source_id":"gebouw/Gebouw.9745945/0","kind":"building","height_m":9.32,"status":null},"geometry":{"type":"Polygon","coordinates":[[[3.97035186,50.9706228],[3.97031139,50.97064317],[3.97026488,50.97066657],[3.9701956,50.97060978],[3.97017326,50.97059211],[3.97021817,50.97056733],[3.97022979,50.97057678],[3.97025416,50.97056381],[3.97028437,50.97058625],[3.97029761,50.97057966],[3.97035186,50.9706228]]]}},{"type":"Feature","id":"gebouw/Gebouw.9745947/0","properties":{"source":"Digitaal Vlaanderen Gebouwenregister","source_id":"gebouw/Gebouw.9745947/0","kind":"building","height_m":5.72,"status":null},"geometry":{"type":"Polygon","coordinates":[[[3.9640763,50.96808623],[3.96402459,50.96808976],[3.96402833,50.96810753],[3.96381144,50.96812193],[3.96380473,50.96808164],[3.96401968,50.96806646],[3.96405826,50.96806373],[3.96407341,50.96806297],[3.9640763,50.96808623]]]}},{"type":"Feature","id":"gebouw/Gebouw.9745981/0","properties":{"source":"Digitaal Vlaanderen Gebouwenregister","source_id":"gebouw/Gebouw.9745981/0","kind":"building","height_m":5.0,"status":null},"geometry":{"type":"Polygon","coordinates":[[[3.96366277,50.96798286],[3.9636589,50.96793908],[3.96342328,50.96796631],[3.96342847,50.96800351],[3.96344497,50.96800205],[3.96349831,50.96799735],[3.96366277,50.96798286]]]}},{"type":"Feature","id":"gebouw/Gebouw.9746019/0","properties":{"source":"Digitaal Vlaanderen Gebouwenregister","source_id":"gebouw/Gebouw.9746019/0","kind":"building","height_m":7.16,"status":null},"geometry":{"type":"Polygon","coordinates":[[[3.97284054,50.96793317],[3.97282179,50.96796517],[3.97277933,50.96795607],[3.97280141,50.96792054],[3.9728425,50.96792983],[3.97284054,50.96793317]]]}},{"type":"Feature","id":"gebouw/Gebouw.9746020/0","properties":{"source":"Digitaal Vlaanderen Gebouwenregister","source_id":"gebouw/Gebouw.9746020/0","kind":"building","height_m":7.88,"status":null},"geometry":{"type":"Polygon","coordinates":[[[3.97236413,50.96944451],[3.97232275,50.9694815],[3.97221763,50.96944075],[3.97221141,50.96945079],[3.97220284,50.96944903],[3.97203367,50.96941434],[3.97202384,50.96941232],[3.97204934,50.96936074],[3.97206903,50.96936478],[3.97208219,50.96936748],[3.97226376,50.96940475],[3.97236413,50.96944451]]]}},{"type":"Feature","id":"gebouw/Gebouw.9746026/0","properties":{"source":"Digitaal Vlaanderen Gebouwenregister","source_id":"gebouw/Gebouw.9746026/0","kind":"building","height_m":7.16,"status":null},"geometry":{"type":"Polygon","coordinates":[[[3.97095922,50.97090703],[3.97095802,50.97090842],[3.97093225,50.97093826],[3.97081949,50.97089973],[3.97084646,50.97086851],[3.97095922,50.97090703]]]}},{"type":"Feature","id":"gebouw/Gebouw.9746040/0","properties":{"source":"Digitaal Vlaanderen Gebouwenregister","source_id":"gebouw/Gebouw.9746040/0","kind":"building","height_m":7.16,"status":null},"geometry":{"type":"Polygon","coordinates":[[[3.97140325,50.97015739],[3.97134924,50.97018898],[3.97126315,50.97013031],[3.97122166,50.97010354],[3.97123187,50.97008247],[3.97131659,50.97009832],[3.97140325,50.97015739]]]}},{"type":"Feature","id":"gebouw/Gebouw.9746056/0","properties":{"source":"Digitaal Vlaanderen Gebouwenregister","source_id":"gebouw/Gebouw.9746056/0","kind":"building","height_m":8.6,"status":null},"geometry":{"type":"Polygon","coordinates":[[[3.96861851,50.96787089],[3.96862414,50.96786046],[3.96863357,50.96785251],[3.96864948,50.96784577],[3.96866323,50.96784218],[3.96866869,50.96785872],[3.96871185,50.9678534],[3.96871757,50.96787127],[3.96880085,50.96786036],[3.96879824,50.9678512],[3.968803,50.96785051],[3.96880586,50.9678597],[3.9691886,50.96780957],[3.96921558,50.96789323],[3.96926233,50.9678872],[3.96928444,50.96795432],[3.96924146,50.96795981],[3.9692437,50.9679681],[3.96923745,50.96796896],[3.96923518,50.96796061],[3.96902453,50.96798752],[3.96903491,50.96801873],[3.96894888,50.96802955],[3.96893879,50.96799853],[3.96885488,50.96800933],[3.96885757,50.96801708],[3.96885132,50.96801795],[3.96884861,50.96801014],[3.96855263,50.96804826],[3.96856271,50.96807966],[3.96847667,50.96809048],[3.96846991,50.96806774],[3.96846454,50.9680688],[3.9684618,50.9680609],[3.96808013,50.96810938],[3.96803218,50.96796048],[3.96841393,50.96791065],[3.96841091,50.96790055],[3.96841716,50.96789969],[3.9684202,50.96790983],[3.96861813,50.96788399],[3.96861827,50.96787931],[3.96861851,50.96787089]]]}},{"type":"Feature","id":"gebouw/Gebouw.9746066/0","properties":{"source":"Digitaal Vlaanderen Gebouwenregister","source_id":"gebouw/Gebouw.9746066/0","kind":"building","height_m":5.72,"status":null},"geometry":{"type":"Polygon","coordinates":[[[3.97221975,50.96762803],[3.97213457,50.96776904],[3.97206932,50.96775377],[3.97211071,50.96768587],[3.97215257,50.9676125],[3.97221975,50.96762803]]]}},{"type":"Feature","id":"gebouw/Gebouw.9746083/0","properties":{"source":"Digitaal Vlaanderen Gebouwenregister","source_id":"gebouw/Gebouw.9746083/0","kind":"building","height_m":7.88,"status":null},"geometry":{"type":"Polygon","coordinates":[[[3.97332919,50.96887495],[3.97329063,50.96891312],[3.97324625,50.96889638],[3.97310318,50.96884238],[3.97309958,50.96884102],[3.97313892,50.96880414],[3.97332919,50.96887495]]]}},{"type":"Feature","id":"gebouw/Gebouw.9746084/0","properties":{"source":"Digitaal Vlaanderen Gebouwenregister","source_id":"gebouw/Gebouw.9746084/0","kind":"building","height_m":8.6,"status":null},"geometry":{"type":"Polygon","coordinates":[[[3.97358082,50.96849775],[3.97356766,50.9685117],[3.97366342,50.96854771],[3.97365366,50.96855806],[3.97370338,50.96857676],[3.97369781,50.96858266],[3.9737436,50.96859967],[3.97372066,50.96862317],[3.97356344,50.96856425],[3.97341725,50.96850946],[3.97346743,50.96845511],[3.97358082,50.96849775]]]}},{"type":"Feature","id":"gebouw/Gebouw.9746096/0","properties":{"source":"Digitaal Vlaanderen Gebouwenregister","source_id":"gebouw/Gebouw.9746096/0","kind":"building","height_m":7.16,"status":null},"geometry":{"type":"Polygon","coordinates":[[[3.97270992,50.96751156],[3.97269845,50.96758539],[3.97266141,50.96765194],[3.97260662,50.96763978],[3.97263581,50.96758692],[3.97263897,50.96756542],[3.97264533,50.96750855],[3.97270992,50.96751156]]]}},{"type":"Feature","id":"gebouw/Gebouw.9746226/0","properties":{"source":"Digitaal Vlaanderen Gebouwenregister","source_id":"gebouw/Gebouw.9746226/0","kind":"building","height_m":5.0,"status":null},"geometry":{"type":"Polygon","coordinates":[[[3.97297098,50.96978385],[3.97287507,50.96986668],[3.97279514,50.96982867],[3.97286909,50.96976789],[3.97288523,50.96975328],[3.97285111,50.96973763],[3.97293199,50.96966757],[3.97294129,50.96965951],[3.97297883,50.96967455],[3.9729703,50.96968269],[3.97297498,50.96968499],[3.97295945,50.96969887],[3.97297056,50.96970461],[3.97298272,50.96969426],[3.97300206,50.96970272],[3.97298591,50.96971771],[3.9729666,50.9697085],[3.97291036,50.969756],[3.97297098,50.96978385]]]}},{"type":"Feature","id":"gebouw/Gebouw.9746355/0","properties":{"source":"Digitaal Vlaanderen Gebouwenregister","source_id":"gebouw/Gebouw.9746355/0","kind":"building","height_m":7.16,"status":null},"geometry":{"type":"Polygon","coordinates":[[[3.96453731,50.96815817],[3.96441362,50.96817148],[3.9644066,50.96812711],[3.96443743,50.9681235],[3.96442816,50.96807605],[3.96451789,50.96806898],[3.96452808,50.96811505],[3.96453446,50.96814484],[3.96453731,50.96815817]]]}},{"type":"Feature","id":"gebouw/Gebouw.9746577/0","properties":{"source":"Digitaal Vlaanderen Gebouwenregister","source_id":"gebouw/Gebouw.9746577/0","kind":"building","height_m":5.72,"status":null},"geometry":{"type":"Polygon","coordinates":[[[3.97206533,50.9675937],[3.97199979,50.96770917],[3.97193401,50.96769429],[3.97194237,50.96767956],[3.97199969,50.96757851],[3.97206533,50.9675937]]]}},{"type":"Feature","id":"gebouw/Gebouw.9746690/0","properties":{"source":"Digitaal Vlaanderen Gebouwenregister","source_id":"gebouw/Gebouw.9746690/0","kind":"building","height_m":6.44,"status":null},"geometry":{"type":"Polygon","coordinates":[[[3.97163475,50.96775389],[3.97157818,50.96774051],[3.97157007,50.96775466],[3.97153824,50.96774718],[3.97155633,50.96771528],[3.97167626,50.96750379],[3.97176691,50.96752379],[3.97172511,50.96759656],[3.97171117,50.96762083],[3.97169103,50.9676559],[3.97167848,50.96767775],[3.97165509,50.96771849],[3.97163475,50.96775389]]]}},{"type":"Feature","id":"gebouw/Gebouw.9746789/0","properties":{"source":"Digitaal Vlaanderen Gebouwenregister","source_id":"gebouw/Gebouw.9746789/0","kind":"building","height_m":7.16,"status":null},"geometry":{"type":"Polygon","coordinates":[[[3.9677049,50.96852292],[3.9677114,50.96854954],[3.96761895,50.96855847],[3.96761345,50.96853138],[3.96761162,50.96852237],[3.96770264,50.96851367],[3.9677049,50.96852292]]]}},{"type":"Feature","id":"gebouw/Gebouw.9776110/0","properties":{"source":"Digitaal Vlaanderen Gebouwenregister","source_id":"gebouw/Gebouw.9776110/0","kind":"building","height_m":5.72,"status":null},"geometry":{"type":"Polygon","coordinates":[[[3.97368313,50.96871621],[3.97367664,50.96872215],[3.97362997,50.96870458],[3.9736104,50.96872534],[3.97342902,50.96865697],[3.97341126,50.96867522],[3.97330022,50.96863257],[3.97334378,50.96858653],[3.97368313,50.96871621]]]}},{"type":"Feature","id":"gebouw/Gebouw.9776112/0","properties":{"source":"Digitaal Vlaanderen Gebouwenregister","source_id":"gebouw/Gebouw.9776112/0","kind":"building","height_m":7.16,"status":null},"geometry":{"type":"Polygon","coordinates":[[[3.96471208,50.96768718],[3.96442523,50.96767716],[3.96443225,50.96760812],[3.96471737,50.96761625],[3.96471201,50.96766026],[3.96474573,50.9676619],[3.96474382,50.96768698],[3.96471242,50.9676855],[3.96471208,50.96768718]]]}},{"type":"Feature","id":"gebouw/Gebouw.9776113/0","properties":{"source":"Digitaal Vlaanderen Gebouwenregister","source_id":"gebouw/Gebouw.9776113/0","kind":"building","height_m":7.88,"status":null},"geometry":{"type":"Polygon","coordinates":[[[3.96391193,50.96791715],[3.96377754,50.96792613],[3.9637773,50.96792471],[3.96377484,50.96791],[3.96377332,50.96790091],[3.9637708,50.96788591],[3.96378254,50.96788829],[3.96383605,50.96789917],[3.96383933,50.96791925],[3.96390646,50.96791364],[3.96391193,50.96791715]]]}},{"type":"Feature","id":"gebouw/Gebouw.9776121/0","properties":{"source":"Digitaal Vlaanderen Gebouwenregister","source_id":"gebouw/Gebouw.9776121/0","kind":"building","height_m":8.6,"status":null},"geometry":{"type":"Polygon","coordinates":[[[3.97209152,50.96822416],[3.97206779,50.96826585],[3.97197579,50.96824645],[3.97199834,50.96820475],[3.97209152,50.96822416]]]}},{"type":"Feature","id":"gebouw/Gebouw.9776126/0","properties":{"source":"Digitaal Vlaanderen Gebouwenregister","source_id":"gebouw/Gebouw.9776126/0","kind":"building","height_m":7.16,"status":null},"geometry":{"type":"Polygon","coordinates":[[[3.9729209,50.96872975],[3.97289983,50.96877727],[3.97271101,50.96874104],[3.97272074,50.96872223],[3.97263465,50.96870365],[3.97265035,50.9686731],[3.97281668,50.96870793],[3.97287417,50.96871996],[3.9729209,50.96872975]]]}},{"type":"Feature","id":"gebouw/Gebouw.9776358/0","properties":{"source":"Digitaal Vlaanderen Gebouwenregister","source_id":"gebouw/Gebouw.9776358/0","kind":"building","height_m":7.88,"status":null},"geometry":{"type":"Polygon","coordinates":[[[3.96409904,50.9683551],[3.964067,50.96835902],[3.96405587,50.96832312],[3.96419546,50.96830692],[3.96420691,50.96834189],[3.96414848,50.96834905],[3.96409904,50.9683551]]]}},{"type":"Feature","id":"gebouw/Gebouw.9776359/0","properties":{"source":"Digitaal Vlaanderen Gebouwenregister","source_id":"gebouw/Gebouw.9776359/0","kind":"building","height_m":8.6,"status":null},"geometry":{"type":"Polygon","coordinates":[[[3.96424583,50.9683399],[3.96423699,50.96830665],[3.96428698,50.96830122],[3.96429703,50.96833374],[3.96424583,50.9683399]]]}},{"type":"Feature","id":"gebouw/Gebouw.9776365/0","properties":{"source":"Digitaal Vlaanderen Gebouwenregister","source_id":"gebouw/Gebouw.9776365/0","kind":"building","height_m":7.88,"status":null},"geometry":{"type":"Polygon","coordinates":[[[3.96449016,50.96937111],[3.96447691,50.96926954],[3.96447399,50.96925355],[3.96437067,50.96926064],[3.96437398,50.9692796],[3.96436774,50.96928009],[3.96438542,50.9693775],[3.96438185,50.96937784],[3.96439045,50.96942963],[3.96446446,50.9694243],[3.96445628,50.9693785],[3.96449016,50.96937111]]]}},{"type":"Feature","id":"gebouw/Gebouw.9776368/0","properties":{"source":"Digitaal Vlaanderen Gebouwenregister","source_id":"gebouw/Gebouw.9776368/0","kind":"building","height_m":5.0,"status":null},"geometry":{"type":"Polygon","coordinates":[[[3.97268687,50.96907302],[3.97266245,50.96911239],[3.97253036,50.96907362],[3.97253191,50.9690712],[3.97248013,50.96905601],[3.97243454,50.96904256],[3.97247692,50.96898142],[3.9725219,50.96899475],[3.97257652,50.96901094],[3.97257905,50.96901169],[3.97258314,50.9690129],[3.97258533,50.96901355],[3.97270227,50.96904821],[3.97270061,50.96905088],[3.97268687,50.96907302]]]}},{"type":"Feature","id":"gebouw/Gebouw.9776386/0","properties":{"source":"Digitaal Vlaanderen Gebouwenregister","source_id":"gebouw/Gebouw.9776386/0","kind":"building","height_m":7.88,"status":null},"geometry":{"type":"Polygon","coordinates":[[[3.96385868,50.96968876],[3.96389355,50.96970358],[3.96386246,50.96973282],[3.96382785,50.96971894],[3.96385868,50.96968876]]]}},{"type":"Feature","id":"gebouw/Gebouw.9776617/0","properties":{"source":"Digitaal Vlaanderen Gebouwenregister","source_id":"gebouw/Gebouw.9776617/0","kind":"building","height_m":7.88,"status":null},"geometry":{"type":"Polygon","coordinates":[[[3.97322101,50.96899307],[3.97318627,50.96897976],[3.97303063,50.9689201],[3.97303037,50.96892],[3.97300852,50.96894333],[3.97299389,50.96895894],[3.97318342,50.96903107],[3.97322101,50.96899307]]]}},{"type":"Feature","id":"gebouw/Gebouw.9776618/0","properties":{"source":"Digitaal Vlaanderen Gebouwenregister","source_id":"gebouw/Gebouw.9776618/0","kind":"building","height_m":8.6,"status":null},"geometry":{"type":"Polygon","coordinates":[[[3.973093,50.96907141],[3.97313233,50.96908609],[3.9731262,50.96909378],[3.97316275,50.96910542],[3.97314888,50.96912279],[3.97292148,50.96903623],[3.97295745,50.96899782],[3.97310043,50.96905245],[3.97310847,50.96905552],[3.973093,50.96907141]]]}},{"type":"Feature","id":"gebouw/Gebouw.9776645/0","properties":{"source":"Digitaal Vlaanderen Gebouwenregister","source_id":"gebouw/Gebouw.9776645/0","kind":"building","height_m":7.88,"status":null},"geometry":{"type":"Polygon","coordinates":[[[3.97216661,50.97003031],[3.97209044,50.97007997],[3.97193679,50.96998599],[3.9720142,50.96993553],[3.97201571,50.96993455],[3.97216661,50.97003031]]]}},{"type":"Feature","id":"gebouw/Gebouw.9776679/0","properties":{"source":"Digitaal Vlaanderen Gebouwenregister","source_id":"gebouw/Gebouw.9776679/0","kind":"building","height_m":7.16,"status":null},"geometry":{"type":"Polygon","coordinates":[[[3.97148275,50.96996453],[3.9714987,50.96996696],[3.97149275,50.96997795],[3.97151164,50.96998153],[3.97152156,50.96998726],[3.97159936,50.97004049],[3.97155357,50.9700683],[3.97147153,50.97001445],[3.97149055,50.97000321],[3.97136486,50.9699793],[3.971375,50.96995726],[3.9713908,50.96996004],[3.97140235,50.96993365],[3.97149003,50.9699487],[3.97148275,50.96996453]]]}},{"type":"Feature","id":"gebouw/Gebouw.9776680/0","properties":{"source":"Digitaal Vlaanderen Gebouwenregister","source_id":"gebouw/Gebouw.9776680/0","kind":"building","height_m":7.88,"status":null},"geometry":{"type":"Polygon","coordinates":[[[3.97323986,50.96979935],[3.97327687,50.96981447],[3.97328745,50.96981881],[3.97329003,50.96981987],[3.97312353,50.96995705],[3.97305168,50.96992276],[3.97309133,50.96988964],[3.97304974,50.9698706],[3.97311467,50.96981645],[3.97316081,50.96983704],[3.97317034,50.96982911],[3.97319272,50.96983959],[3.97323986,50.96979935]]]}},{"type":"Feature","id":"gebouw/Gebouw.9776728/0","properties":{"source":"Digitaal Vlaanderen Gebouwenregister","source_id":"gebouw/Gebouw.9776728/0","kind":"building","height_m":7.16,"status":null},"geometry":{"type":"Polygon","coordinates":[[[3.97209484,50.97013695],[3.97214167,50.97010695],[3.97223027,50.97016265],[3.97222512,50.97016615],[3.97224822,50.97017821],[3.97223373,50.97018704],[3.97227105,50.97020956],[3.97224565,50.97022651],[3.97223873,50.9702224],[3.97218535,50.9701907],[3.97209484,50.97013695]]]}},{"type":"Feature","id":"gebouw/Gebouw.9776858/0","properties":{"source":"Digitaal Vlaanderen Gebouwenregister","source_id":"gebouw/Gebouw.9776858/0","kind":"building","height_m":5.0,"status":null},"geometry":{"type":"Polygon","coordinates":[[[3.97124573,50.97024979],[3.97130275,50.97021535],[3.97121547,50.97015609],[3.97119366,50.97016785],[3.97117249,50.97012278],[3.97116597,50.97010891],[3.9711646,50.97010917],[3.97114965,50.97011215],[3.97112169,50.97011773],[3.97112591,50.97012618],[3.9711582,50.9701907],[3.9712082,50.97022455],[3.97119787,50.97023064],[3.97122683,50.97025025],[3.97123706,50.97024415],[3.97124573,50.97024979]]]}},{"type":"Feature","id":"gebouw/Gebouw.9776859/0","properties":{"source":"Digitaal Vlaanderen Gebouwenregister","source_id":"gebouw/Gebouw.9776859/0","kind":"building","height_m":5.72,"status":null},"geometry":{"type":"Polygon","coordinates":[[[3.9712752,50.96805536],[3.9713092,50.96798826],[3.97139148,50.96800512],[3.97137843,50.96803125],[3.97146136,50.96804783],[3.97144237,50.96808973],[3.9713876,50.96807847],[3.97136742,50.96807432],[3.9712752,50.96805536]]]}},{"type":"Feature","id":"gebouw/Gebouw.9776902/0","properties":{"source":"Digitaal Vlaanderen Gebouwenregister","source_id":"gebouw/Gebouw.9776902/0","kind":"building","height_m":6.44,"status":null},"geometry":{"type":"Polygon","coordinates":[[[3.97005982,50.97283025],[3.97001804,50.97282946],[3.97001772,50.97282318],[3.96998321,50.97282245],[3.96998433,50.97278313],[3.96996328,50.9727827],[3.96996294,50.97277371],[3.97001662,50.9727745],[3.97001987,50.97270187],[3.97002275,50.97270202],[3.97002327,50.97269722],[3.97003484,50.97269717],[3.97003574,50.97268638],[3.97011581,50.97268817],[3.97011495,50.97270685],[3.97016708,50.9727078],[3.97016528,50.97274752],[3.97015784,50.97274739],[3.97015709,50.97276368],[3.97018783,50.97276458],[3.97018376,50.9728372],[3.97005958,50.97283441],[3.97005982,50.97283025]]]}},{"type":"Feature","id":"gebouw/Gebouw.9776910/0","properties":{"source":"Digitaal Vlaanderen Gebouwenregister","source_id":"gebouw/Gebouw.9776910/0","kind":"building","height_m":7.16,"status":null},"geometry":{"type":"Polygon","coordinates":[[[3.97051503,50.9685852],[3.97058052,50.96857515],[3.97059492,50.96861128],[3.97052897,50.9686214],[3.97051503,50.9685852]]]}},{"type":"Feature","id":"gebouw/Gebouw.9776912/0","properties":{"source":"Digitaal Vlaanderen Gebouwenregister","source_id":"gebouw/Gebouw.9776912/0","kind":"building","height_m":8.6,"status":null},"geometry":{"type":"Polygon","coordinates":[[[3.97171844,50.97034445],[3.97166053,50.97038191],[3.97162657,50.97036108],[3.97160543,50.97037432],[3.97148876,50.97030444],[3.97156739,50.97025367],[3.9716851,50.97032441],[3.97171844,50.97034445]]]}},{"type":"Feature","id":"gebouw/Gebouw.9776938/0","properties":{"source":"Digitaal Vlaanderen Gebouwenregister","source_id":"gebouw/Gebouw.9776938/0","kind":"building","height_m":7.16,"status":null},"geometry":{"type":"Polygon","coordinates":[[[3.97160644,50.96973612],[3.97152208,50.96971859],[3.97145958,50.9697056],[3.97147811,50.9696785],[3.97148104,50.96967422],[3.97150023,50.96964614],[3.97160218,50.96966695],[3.97168328,50.96968379],[3.9716661,50.9697166],[3.97162125,50.96970751],[3.97160644,50.96973612]]]}},{"type":"Feature","id":"gebouw/Gebouw.9776980/0","properties":{"source":"Digitaal Vlaanderen Gebouwenregister","source_id":"gebouw/Gebouw.9776980/0","kind":"building","height_m":7.16,"status":null},"geometry":{"type":"Polygon","coordinates":[[[3.97268477,50.97019913],[3.9727431,50.97022747],[3.97263356,50.97031666],[3.972581,50.97028463],[3.9725842,50.97028199],[3.97262382,50.97024934],[3.97267206,50.97020959],[3.97268477,50.97019913]]]}},{"type":"Feature","id":"gebouw/Gebouw.9777020/0","properties":{"source":"Digitaal Vlaanderen Gebouwenregister","source_id":"gebouw/Gebouw.9777020/0","kind":"building","height_m":5.72,"status":null},"geometry":{"type":"Polygon","coordinates":[[[3.97172955,50.96927768],[3.97171943,50.96929943],[3.97167917,50.96929195],[3.97168853,50.96927028],[3.97172955,50.96927768]]]}},{"type":"Feature","id":"gebouw/Gebouw.9841004/0","properties":{"source":"Digitaal Vlaanderen Gebouwenregister","source_id":"gebouw/Gebouw.9841004/0","kind":"building","height_m":8.6,"status":null},"geometry":{"type":"Polygon","coordinates":[[[3.96559554,50.96962599],[3.96559889,50.96963352],[3.96557444,50.96963774],[3.96557053,50.96962945],[3.96553947,50.96963229],[3.96550108,50.96948901],[3.96558593,50.96948004],[3.96560993,50.96957396],[3.96556694,50.96957865],[3.96557317,50.96959914],[3.9656151,50.96959421],[3.96562234,50.96962255],[3.96559554,50.96962599]]]}},{"type":"Feature","id":"gebouw/Gebouw.9841005/0","properties":{"source":"Digitaal Vlaanderen Gebouwenregister","source_id":"gebouw/Gebouw.9841005/0","kind":"building","height_m":9.32,"status":null},"geometry":{"type":"Polygon","coordinates":[[[3.9639415,50.96821796],[3.96381163,50.96823106],[3.963811,50.96822861],[3.96380866,50.96821942],[3.96380022,50.96818627],[3.96381111,50.96818517],[3.96382148,50.96818411],[3.96391062,50.96817505],[3.96391016,50.96817011],[3.96407141,50.9681536],[3.96408421,50.96820357],[3.9639415,50.96821796]]]}},{"type":"Feature","id":"gebouw/Gebouw.9841006/0","properties":{"source":"Digitaal Vlaanderen Gebouwenregister","source_id":"gebouw/Gebouw.9841006/0","kind":"building","height_m":5.0,"status":null},"geometry":{"type":"Polygon","coordinates":[[[3.96349074,50.96942346],[3.96344779,50.96933989],[3.96343369,50.96931248],[3.96334535,50.96932102],[3.96335826,50.96934664],[3.96321658,50.96937368],[3.96327171,50.96946596],[3.96349074,50.96942346]]]}},{"type":"Feature","id":"gebouw/Gebouw.9841220/0","properties":{"source":"Digitaal Vlaanderen Gebouwenregister","source_id":"gebouw/Gebouw.9841220/0","kind":"building","height_m":7.88,"status":null},"geometry":{"type":"Polygon","coordinates":[[[3.96950809,50.97124272],[3.96946563,50.97125004],[3.96946068,50.9712365],[3.96944607,50.97123914],[3.96939457,50.97120391],[3.96938194,50.97116818],[3.96929793,50.9711807],[3.96927063,50.97111858],[3.96928358,50.97111602],[3.96926387,50.97106613],[3.96934808,50.97105287],[3.96936248,50.97108932],[3.96941063,50.97108173],[3.96944052,50.9711574],[3.96943621,50.9711583],[3.96944068,50.97116809],[3.96947732,50.9711627],[3.9694946,50.97120765],[3.96950809,50.97124272]]]}},{"type":"Feature","id":"gebouw/Gebouw.9841226/0","properties":{"source":"Digitaal Vlaanderen Gebouwenregister","source_id":"gebouw/Gebouw.9841226/0","kind":"building","height_m":7.16,"status":null},"geometry":{"type":"Polygon","coordinates":[[[3.97151031,50.97209208],[3.97152493,50.9720982],[3.97148504,50.97214007],[3.97139142,50.97210019],[3.97147867,50.97201166],[3.97151628,50.97197349],[3.97152144,50.9719752],[3.97151485,50.97198313],[3.97154938,50.97199639],[3.97155647,50.97198903],[3.97161314,50.9720108],[3.97157552,50.97204896],[3.97155039,50.97207445],[3.97153185,50.97206678],[3.97151031,50.97209208]]]}},{"type":"Feature","id":"gebouw/Gebouw.9841235/0","properties":{"source":"Digitaal Vlaanderen Gebouwenregister","source_id":"gebouw/Gebouw.9841235/0","kind":"building","height_m":8.6,"status":null},"geometry":{"type":"Polygon","coordinates":[[[3.97348459,50.97353745],[3.97348436,50.97353538],[3.97359258,50.97353755],[3.97359014,50.97359247],[3.97348252,50.97359007],[3.97348262,50.97358612],[3.97347045,50.97358617],[3.97347124,50.97353748],[3.97348459,50.97353745]]]}},{"type":"Feature","id":"gebouw/Gebouw.9841250/0","properties":{"source":"Digitaal Vlaanderen Gebouwenregister","source_id":"gebouw/Gebouw.9841250/0","kind":"building","height_m":9.32,"status":null},"geometry":{"type":"Polygon","coordinates":[[[3.97213938,50.97180548],[3.97215694,50.97181392],[3.97220618,50.97183471],[3.97216946,50.97186565],[3.97206155,50.97195657],[3.97198066,50.97192018],[3.97206431,50.97184752],[3.97206783,50.97184906],[3.97212382,50.97179987],[3.97207667,50.97177817],[3.97214629,50.97171921],[3.97220661,50.97174687],[3.97213938,50.97180548]]]}},{"type":"Feature","id":"gebouw/Gebouw.9841266/0","properties":{"source":"Digitaal Vlaanderen Gebouwenregister","source_id":"gebouw/Gebouw.9841266/0","kind":"building","height_m":5.72,"status":null},"geometry":{"type":"Polygon","coordinates":[[[3.97193855,50.97229751],[3.97191606,50.97232089],[3.97184597,50.97229281],[3.97184235,50.97229081],[3.97183913,50.97228844],[3.97183643,50.97228573],[3.97183437,50.97228276],[3.97183304,50.97227964],[3.97183247,50.97227646],[3.97183264,50.97227333],[3.97183348,50.97227034],[3.97188173,50.97222218],[3.97187916,50.97222114],[3.97195496,50.97214546],[3.97204962,50.97218201],[3.97204988,50.97218211],[3.97193855,50.97229751]]]}},{"type":"Feature","id":"gebouw/Gebouw.9841268/0","properties":{"source":"Digitaal Vlaanderen Gebouwenregister","source_id":"gebouw/Gebouw.9841268/0","kind":"building","height_m":7.16,"status":null},"geometry":{"type":"Polygon","coordinates":[[[3.97077281,50.97192281],[3.97075955,50.97191947],[3.97074718,50.97193773],[3.97067338,50.97191934],[3.97078581,50.97175098],[3.97085723,50.97176682],[3.97091361,50.9717775],[3.97087327,50.971855],[3.97082462,50.97184304],[3.97077281,50.97192281]]]}},{"type":"Feature","id":"gebouw/Gebouw.9841273/0","properties":{"source":"Digitaal Vlaanderen Gebouwenregister","source_id":"gebouw/Gebouw.9841273/0","kind":"building","height_m":5.72,"status":null},"geometry":{"type":"Polygon","coordinates":[[[3.97148456,50.97161111],[3.97143696,50.97159484],[3.97150126,50.97152477],[3.97154593,50.97153951],[3.97155076,50.97153373],[3.97159964,50.97154948],[3.97157384,50.97158028],[3.97152478,50.97156419],[3.97148456,50.97161111]]]}},{"type":"Feature","id":"gebouw/Gebouw.9841407/0","properties":{"source":"Digitaal Vlaanderen Gebouwenregister","source_id":"gebouw/Gebouw.9841407/0","kind":"building","height_m":6.44,"status":null},"geometry":{"type":"Polygon","coordinates":[[[3.96580928,50.97273203],[3.96579137,50.97269436],[3.9658502,50.97268099],[3.96586784,50.97271771],[3.96580928,50.97273203]]]}},{"type":"Feature","id":"gebouw/Gebouw.9841760/0","properties":{"source":"Digitaal Vlaanderen Gebouwenregister","source_id":"gebouw/Gebouw.9841760/0","kind":"building","height_m":8.6,"status":null},"geometry":{"type":"Polygon","coordinates":[[[3.96990144,50.97189715],[3.96989333,50.97189818],[3.96990352,50.97193531],[3.96977787,50.97195149],[3.96976698,50.97191423],[3.96982553,50.97190334],[3.96982017,50.97188305],[3.9697648,50.97188991],[3.96975776,50.97186623],[3.96988758,50.97184935],[3.96990144,50.97189715]]]}},{"type":"Feature","id":"gebouw/Gebouw.9841771/0","properties":{"source":"Digitaal Vlaanderen Gebouwenregister","source_id":"gebouw/Gebouw.9841771/0","kind":"building","height_m":6.44,"status":null},"geometry":{"type":"Polygon","coordinates":[[[3.97184253,50.97116314],[3.97179167,50.97114701],[3.97182908,50.97110398],[3.97187575,50.97112156],[3.97184253,50.97116314]]]}},{"type":"Feature","id":"gebouw/Gebouw.17902328/0","properties":{"source":"Digitaal Vlaanderen Gebouwenregister","source_id":"gebouw/Gebouw.17902328/0","kind":"building","height_m":7.16,"status":null},"geometry":{"type":"Polygon","coordinates":[[[3.9736781,50.96785223],[3.97368998,50.96778798],[3.97356171,50.96776023],[3.97357696,50.96771688],[3.97370088,50.96773294],[3.97371258,50.96768681],[3.97371011,50.96768629],[3.97347342,50.96763629],[3.97345265,50.96770139],[3.97343993,50.96769893],[3.97342523,50.96769578],[3.97337705,50.96777291],[3.97341467,50.96778184],[3.97341488,50.96778189],[3.97339786,50.96781342],[3.97347863,50.9678308],[3.97356989,50.96785045],[3.97358031,50.96783131],[3.9736773,50.96785206],[3.9736781,50.96785223]],[[3.97344892,50.96772095],[3.97345966,50.96770274],[3.97349123,50.96770805],[3.97348982,50.96771254],[3.97347685,50.96775412],[3.97343515,50.96774424],[3.97344892,50.96772095]]]}},{"type":"Feature","id":"gebouw/Gebouw.17913256/0","properties":{"source":"Digitaal Vlaanderen Gebouwenregister","source_id":"gebouw/Gebouw.17913256/0","kind":"building","height_m":7.88,"status":null},"geometry":{"type":"Polygon","coordinates":[[[3.96364102,50.96859205],[3.96364072,50.9685914],[3.96360102,50.96850411],[3.96353265,50.9685166],[3.96342068,50.96853705],[3.96343235,50.96856567],[3.96343706,50.96856502],[3.96345985,50.96862409],[3.96357248,50.96860417],[3.96364102,50.96859205]]]}},{"type":"Feature","id":"gebouw/Gebouw.17913770/0","properties":{"source":"Digitaal Vlaanderen Gebouwenregister","source_id":"gebouw/Gebouw.17913770/0","kind":"building","height_m":5.0,"status":null},"geometry":{"type":"Polygon","coordinates":[[[3.97385449,50.97384983],[3.97385113,50.9739128],[3.97378001,50.97391076],[3.97370678,50.97390866],[3.97370751,50.97388515],[3.97365296,50.97388466],[3.97365467,50.97384545],[3.97378334,50.97384827],[3.97385449,50.97384983]]]}},{"type":"Feature","id":"gebouw/Gebouw.18143117/0","properties":{"source":"Digitaal Vlaanderen Gebouwenregister","source_id":"gebouw/Gebouw.18143117/0","kind":"building","height_m":9.32,"status":null},"geometry":{"type":"Polygon","coordinates":[[[3.96937274,50.97411629],[3.96941815,50.97401096],[3.96939196,50.97400646],[3.96941335,50.97395684],[3.96951245,50.97397387],[3.96950065,50.97400173],[3.96955246,50.97401058],[3.96951227,50.97410437],[3.96950399,50.97410294],[3.96948958,50.97413637],[3.96937274,50.97411629]]]}},{"type":"Feature","id":"gebouw/Gebouw.18362370/0","properties":{"source":"Digitaal Vlaanderen Gebouwenregister","source_id":"gebouw/Gebouw.18362370/0","kind":"building","height_m":8.6,"status":null},"geometry":{"type":"Polygon","coordinates":[[[3.97093195,50.96946872],[3.97088451,50.96947824],[3.97086803,50.96944258],[3.97091625,50.96943306],[3.97093195,50.96946872]]]}},{"type":"Feature","id":"gebouw/Gebouw.18362371/0","properties":{"source":"Digitaal Vlaanderen Gebouwenregister","source_id":"gebouw/Gebouw.18362371/0","kind":"building","height_m":9.32,"status":null},"geometry":{"type":"Polygon","coordinates":[[[3.97326659,50.96951435],[3.97329849,50.96954885],[3.97323495,50.96957178],[3.97320383,50.96953703],[3.97326659,50.96951435]]]}},{"type":"Feature","id":"gebouw/Gebouw.18362372/0","properties":{"source":"Digitaal Vlaanderen Gebouwenregister","source_id":"gebouw/Gebouw.18362372/0","kind":"building","height_m":5.0,"status":null},"geometry":{"type":"Polygon","coordinates":[[[3.96959857,50.97039492],[3.96957742,50.97040263],[3.96952848,50.97035412],[3.96954951,50.97034592],[3.96959857,50.97039492]]]}},{"type":"Feature","id":"gebouw/Gebouw.18362373/0","properties":{"source":"Digitaal Vlaanderen Gebouwenregister","source_id":"gebouw/Gebouw.18362373/0","kind":"building","height_m":5.72,"status":null},"geometry":{"type":"Polygon","coordinates":[[[3.97063009,50.97131885],[3.97062933,50.97132458],[3.97062498,50.97135737],[3.97048148,50.97135157],[3.97048533,50.97131771],[3.97048575,50.971314],[3.97063009,50.97131885]]]}},{"type":"Feature","id":"gebouw/Gebouw.18362527/0","properties":{"source":"Digitaal Vlaanderen Gebouwenregister","source_id":"gebouw/Gebouw.18362527/0","kind":"building","height_m":5.72,"status":null},"geometry":{"type":"Polygon","coordinates":[[[3.97356397,50.97391682],[3.97356341,50.97393151],[3.97339588,50.97392909],[3.97339613,50.97391203],[3.97339617,50.97390984],[3.97342307,50.97391013],[3.97342442,50.97389845],[3.9735646,50.97390003],[3.97356397,50.97391682]]]}},{"type":"Feature","id":"gebouw/Gebouw.18362528/0","properties":{"source":"Digitaal Vlaanderen Gebouwenregister","source_id":"gebouw/Gebouw.18362528/0","kind":"building","height_m":6.44,"status":null},"geometry":{"type":"Polygon","coordinates":[[[3.9732634,50.97360025],[3.97326314,50.97363297],[3.97310768,50.97363058],[3.97310907,50.97360004],[3.9732077,50.97360256],[3.97320743,50.97359937],[3.9732634,50.97360025]]]}},{"type":"Feature","id":"gebouw/Gebouw.18362529/0","properties":{"source":"Digitaal Vlaanderen Gebouwenregister","source_id":"gebouw/Gebouw.18362529/0","kind":"building","height_m":7.16,"status":null},"geometry":{"type":"Polygon","coordinates":[[[3.97108797,50.97231247],[3.97106433,50.9723363],[3.9710108,50.97231608],[3.9710328,50.97229082],[3.97108797,50.97231247]]]}},{"type":"Feature","id":"gebouw/Gebouw.18362530/0","properties":{"source":"Digitaal Vlaanderen Gebouwenregister","source_id":"gebouw/Gebouw.18362530/0","kind":"building","height_m":7.88,"status":null},"geometry":{"type":"Polygon","coordinates":[[[3.97147611,50.97220198],[3.97142152,50.97225778],[3.97140902,50.97227056],[3.9714085,50.97227109],[3.97136347,50.9722517],[3.97142733,50.97218554],[3.97147611,50.97220198]]]}},{"type":"Feature","id":"gebouw/Gebouw.18362531/0","properties":{"source":"Digitaal Vlaanderen Gebouwenregister","source_id":"gebouw/Gebouw.18362531/0","kind":"building","height_m":8.6,"status":null},"geometry":{"type":"Polygon","coordinates":[[[3.97361674,50.97306062],[3.97361589,50.97307321],[3.97373587,50.97307643],[3.97373357,50.97311056],[3.97347023,50.97310349],[3.97347247,50.97305746],[3.97361674,50.97306062]]]}},{"type":"Feature","id":"gebouw/Gebouw.18362765/0","properties":{"source":"Digitaal Vlaanderen Gebouwenregister","source_id":"gebouw/Gebouw.18362765/0","kind":"building","height_m":5.72,"status":null},"geometry":{"type":"Polygon","coordinates":[[[3.97347383,50.9731959],[3.97347306,50.97323083],[3.97337195,50.97322815],[3.97337383,50.97319333],[3.97347383,50.9731959]]]}},{"type":"Feature","id":"gebouw/Gebouw.18362771/0","properties":{"source":"Digitaal Vlaanderen Gebouwenregister","source_id":"gebouw/Gebouw.18362771/0","kind":"building","height_m":5.0,"status":null},"geometry":{"type":"Polygon","coordinates":[[[3.97041298,50.97401303],[3.97035154,50.97404675],[3.97032174,50.97402362],[3.97038311,50.97398871],[3.97041298,50.97401303]]]}},{"type":"Feature","id":"gebouw/Gebouw.18362777/0","properties":{"source":"Digitaal Vlaanderen Gebouwenregister","source_id":"gebouw/Gebouw.18362777/0","kind":"building","height_m":9.32,"status":null},"geometry":{"type":"Polygon","coordinates":[[[3.96443993,50.96850293],[3.96444107,50.96850683],[3.96451469,50.96849797],[3.96452463,50.96853186],[3.96449302,50.96853556],[3.96444886,50.96854072],[3.96445456,50.96855854],[3.96431302,50.96857464],[3.96430559,50.96854928],[3.96422055,50.96855921],[3.96421291,50.96853315],[3.96429795,50.96852322],[3.9642969,50.96851964],[3.96443993,50.96850293]]]}},{"type":"Feature","id":"gebouw/Gebouw.18362778/0","properties":{"source":"Digitaal Vlaanderen Gebouwenregister","source_id":"gebouw/Gebouw.18362778/0","kind":"building","height_m":5.0,"status":null},"geometry":{"type":"Polygon","coordinates":[[[3.96348516,50.96911121],[3.96339556,50.96910872],[3.96339369,50.96913849],[3.96340536,50.96913882],[3.96341482,50.96913908],[3.96348322,50.9691403],[3.96348516,50.96911121]]]}},{"type":"Feature","id":"gebouw/Gebouw.18362780/0","properties":{"source":"Digitaal Vlaanderen Gebouwenregister","source_id":"gebouw/Gebouw.18362780/0","kind":"building","height_m":6.44,"status":null},"geometry":{"type":"Polygon","coordinates":[[[3.96331898,50.96876727],[3.96343569,50.96874651],[3.96344784,50.96877482],[3.96333056,50.96879591],[3.96331898,50.96876727]]]}},{"type":"Feature","id":"gebouw/Gebouw.18362935/0","properties":{"source":"Digitaal Vlaanderen Gebouwenregister","source_id":"gebouw/Gebouw.18362935/0","kind":"building","height_m":7.16,"status":null},"geometry":{"type":"Polygon","coordinates":[[[3.96435398,50.96917078],[3.96430884,50.96917374],[3.96430681,50.96916075],[3.96430274,50.96913455],[3.96430052,50.96912031],[3.9643488,50.96911773],[3.96435398,50.96917078]]]}},{"type":"Feature","id":"gebouw/Gebouw.18374225/0","properties":{"source":"Digitaal Vlaanderen Gebouwenregister","source_id":"gebouw/Gebouw.18374225/0","kind":"building","height_m":6.44,"status":null},"geometry":{"type":"Polygon","coordinates":[[[3.96351037,50.96992033],[3.96347876,50.96995314],[3.96343528,50.96993324],[3.96346414,50.96990086],[3.96351037,50.96992033]]]}},{"type":"Feature","id":"gebouw/Gebouw.18374226/0","properties":{"source":"Digitaal Vlaanderen Gebouwenregister","source_id":"gebouw/Gebouw.18374226/0","kind":"building","height_m":7.16,"status":null},"geometry":{"type":"Polygon","coordinates":[[[3.96348808,50.96987111],[3.96343558,50.96991836],[3.96339744,50.96989985],[3.96344981,50.96985186],[3.96348808,50.96987111]]]}},{"type":"Feature","id":"gebouw/Gebouw.18374427/0","properties":{"source":"Digitaal Vlaanderen Gebouwenregister","source_id":"gebouw/Gebouw.18374427/0","kind":"building","height_m":5.72,"status":null},"geometry":{"type":"Polygon","coordinates":[[[3.97227463,50.96801572],[3.97225208,50.96805919],[3.97221065,50.96805047],[3.97223386,50.96800643],[3.97227463,50.96801572]]]}},{"type":"Feature","id":"gebouw/Gebouw.18374428/0","properties":{"source":"Digitaal Vlaanderen Gebouwenregister","source_id":"gebouw/Gebouw.18374428/0","kind":"building","height_m":6.44,"status":null},"geometry":{"type":"Polygon","coordinates":[[[3.97148168,50.96785905],[3.97154077,50.967872],[3.9715237,50.96790637],[3.97146318,50.967893],[3.97148168,50.96785905]]]}},{"type":"Feature","id":"gebouw/Gebouw.18374452/0","properties":{"source":"Digitaal Vlaanderen Gebouwenregister","source_id":"gebouw/Gebouw.18374452/0","kind":"building","height_m":8.6,"status":null},"geometry":{"type":"Polygon","coordinates":[[[3.96954992,50.97034045],[3.96952521,50.97031745],[3.9694924,50.97033107],[3.96942526,50.97035894],[3.96941191,50.97036448],[3.96943618,50.97038638],[3.96954992,50.97034045]]]}},{"type":"Feature","id":"gebouw/Gebouw.18374488/0","properties":{"source":"Digitaal Vlaanderen Gebouwenregister","source_id":"gebouw/Gebouw.18374488/0","kind":"building","height_m":9.32,"status":null},"geometry":{"type":"Polygon","coordinates":[[[3.97152208,50.96971859],[3.97150789,50.96974384],[3.9714466,50.96973072],[3.97145958,50.9697056],[3.97152208,50.96971859]]]}},{"type":"Feature","id":"gebouw/Gebouw.18447086/0","properties":{"source":"Digitaal Vlaanderen Gebouwenregister","source_id":"gebouw/Gebouw.18447086/0","kind":"building","height_m":5.0,"status":null},"geometry":{"type":"Polygon","coordinates":[[[3.97030507,50.97031493],[3.97020258,50.97017866],[3.9702314,50.97007053],[3.97048732,50.96997575],[3.97066481,50.97020036],[3.97030507,50.97031493]]]}},{"type":"Feature","id":"gebouw/Gebouw.18447087/0","properties":{"source":"Digitaal Vlaanderen Gebouwenregister","source_id":"gebouw/Gebouw.18447087/0","kind":"building","height_m":5.72,"status":null},"geometry":{"type":"Polygon","coordinates":[[[3.96990538,50.97043943],[3.97022511,50.97034235],[3.97011471,50.9701985],[3.9699636,50.9701552],[3.96972363,50.97024752],[3.96990538,50.97043943]]]}},{"type":"Feature","id":"gebouw/Gebouw.18451615/0","properties":{"source":"Digitaal Vlaanderen Gebouwenregister","source_id":"gebouw/Gebouw.18451615/0","kind":"building","height_m":5.0,"status":null},"geometry":{"type":"Polygon","coordinates":[[[3.96356154,50.96753057],[3.96356844,50.96754469],[3.9635099,50.96755363],[3.96352286,50.96758645],[3.96349102,50.96759198],[3.96346665,50.96754615],[3.96356154,50.96753057]]]}},{"type":"Feature","id":"gebouw/Gebouw.18463372/0","properties":{"source":"Digitaal Vlaanderen Gebouwenregister","source_id":"gebouw/Gebouw.18463372/0","kind":"building","height_m":7.88,"status":null},"geometry":{"type":"Polygon","coordinates":[[[3.97058404,50.97387775],[3.97053346,50.97390682],[3.97045712,50.97385527],[3.97040412,50.97388655],[3.97037123,50.97386434],[3.97036479,50.97386815],[3.97034288,50.97385335],[3.97034895,50.97384967],[3.97031576,50.97382742],[3.97041968,50.97376554],[3.97055759,50.97385969],[3.97058404,50.97387775]]]}},{"type":"Feature","id":"gebouw/Gebouw.18616227/0","properties":{"source":"Digitaal Vlaanderen Gebouwenregister","source_id":"gebouw/Gebouw.18616227/0","kind":"building","height_m":5.0,"status":null},"geometry":{"type":"Polygon","coordinates":[[[3.97211714,50.96779789],[3.97210598,50.96781637],[3.97208216,50.9678111],[3.97209547,50.96778378],[3.97212203,50.96778979],[3.97211714,50.96779789]]]}},{"type":"Feature","id":"gebouw/Gebouw.18616431/0","properties":{"source":"Digitaal Vlaanderen Gebouwenregister","source_id":"gebouw/Gebouw.18616431/0","kind":"building","height_m":5.72,"status":null},"geometry":{"type":"Polygon","coordinates":[[[3.97211714,50.96779789],[3.97215193,50.96780683],[3.97213728,50.96783628],[3.97209947,50.96782715],[3.97210598,50.96781637],[3.97211714,50.96779789]]]}},{"type":"Feature","id":"gebouw/Gebouw.18733491/0","properties":{"source":"Digitaal Vlaanderen Gebouwenregister","source_id":"gebouw/Gebouw.18733491/0","kind":"building","height_m":5.0,"status":null},"geometry":{"type":"Polygon","coordinates":[[[3.9716887,50.9689815],[3.97174421,50.96897131],[3.971769,50.96902514],[3.97171349,50.96903534],[3.9716887,50.9689815]]]}},{"type":"Feature","id":"gebouw/Gebouw.18734612/0","properties":{"source":"Digitaal Vlaanderen Gebouwenregister","source_id":"gebouw/Gebouw.18734612/0","kind":"building","height_m":5.72,"status":null},"geometry":{"type":"Polygon","coordinates":[[[3.97327226,50.97378418],[3.97327474,50.9737482],[3.97345919,50.97375331],[3.97345673,50.97378923],[3.97327226,50.97378418]]]}},{"type":"Feature","id":"gebouw/Gebouw.18734613/0","properties":{"source":"Digitaal Vlaanderen Gebouwenregister","source_id":"gebouw/Gebouw.18734613/0","kind":"building","height_m":6.44,"status":null},"geometry":{"type":"Polygon","coordinates":[[[3.97340917,50.97284445],[3.97341845,50.97284832],[3.97339504,50.97287073],[3.97333738,50.97284672],[3.97335168,50.97283304],[3.9733608,50.9728243],[3.97340917,50.97284445]]]}},{"type":"Feature","id":"gebouw/Gebouw.18735278/0","properties":{"source":"Digitaal Vlaanderen Gebouwenregister","source_id":"gebouw/Gebouw.18735278/0","kind":"building","height_m":6.44,"status":null},"geometry":{"type":"Polygon","coordinates":[[[3.96474758,50.96988926],[3.96470401,50.96988021],[3.9647266,50.96983687],[3.96477016,50.96984593],[3.96474758,50.96988926]]]}},{"type":"Feature","id":"gebouw/Gebouw.18735280/0","properties":{"source":"Digitaal Vlaanderen Gebouwenregister","source_id":"gebouw/Gebouw.18735280/0","kind":"building","height_m":7.88,"status":null},"geometry":{"type":"Polygon","coordinates":[[[3.97100479,50.97368424],[3.97097321,50.97366315],[3.97102398,50.97363283],[3.97105557,50.97365392],[3.97100479,50.97368424]]]}},{"type":"Feature","id":"gebouw/Gebouw.18735286/0","properties":{"source":"Digitaal Vlaanderen Gebouwenregister","source_id":"gebouw/Gebouw.18735286/0","kind":"building","height_m":7.16,"status":null},"geometry":{"type":"Polygon","coordinates":[[[3.97173147,50.97136542],[3.97171024,50.97133306],[3.97177209,50.97131688],[3.97179332,50.97134924],[3.97173147,50.97136542]]]}},{"type":"Feature","id":"gebouw/Gebouw.18735287/0","properties":{"source":"Digitaal Vlaanderen Gebouwenregister","source_id":"gebouw/Gebouw.18735287/0","kind":"building","height_m":7.88,"status":null},"geometry":{"type":"Polygon","coordinates":[[[3.97142613,50.97126284],[3.97138192,50.97124711],[3.97142898,50.97119436],[3.9714732,50.97121009],[3.97142613,50.97126284]]]}},{"type":"Feature","id":"gebouw/Gebouw.18735288/0","properties":{"source":"Digitaal Vlaanderen Gebouwenregister","source_id":"gebouw/Gebouw.18735288/0","kind":"building","height_m":8.6,"status":null},"geometry":{"type":"Polygon","coordinates":[[[3.9699931,50.96775469],[3.97006643,50.96774587],[3.97005466,50.96770685],[3.96998133,50.96771568],[3.9699931,50.96775469]]]}},{"type":"Feature","id":"gebouw/Gebouw.18735388/0","properties":{"source":"Digitaal Vlaanderen Gebouwenregister","source_id":"gebouw/Gebouw.18735388/0","kind":"building","height_m":5.0,"status":null},"geometry":{"type":"Polygon","coordinates":[[[3.97200534,50.97241534],[3.97204243,50.97242979],[3.97197795,50.97249577],[3.97194086,50.97248132],[3.97200534,50.97241534]]]}},{"type":"Feature","id":"gebouw/Gebouw.19299527/0","properties":{"source":"Digitaal Vlaanderen Gebouwenregister","source_id":"gebouw/Gebouw.19299527/0","kind":"building","height_m":6.44,"status":null},"geometry":{"type":"Polygon","coordinates":[[[3.97097162,50.97026868],[3.97086394,50.97031366],[3.97054087,50.97000533],[3.97064855,50.96996034],[3.97097162,50.97026868]]]}},{"type":"Feature","id":"gebouw/Gebouw.19299528/0","properties":{"source":"Digitaal Vlaanderen Gebouwenregister","source_id":"gebouw/Gebouw.19299528/0","kind":"building","height_m":7.16,"status":null},"geometry":{"type":"Polygon","coordinates":[[[3.97288023,50.9687084],[3.97271967,50.96867521],[3.97274516,50.96862603],[3.97297499,50.96867354],[3.9729592,50.96870371],[3.97289011,50.96868953],[3.97288023,50.9687084]]]}},{"type":"Feature","id":"gebouw/Gebouw.19335158/0","properties":{"source":"Digitaal Vlaanderen Gebouwenregister","source_id":"gebouw/Gebouw.19335158/0","kind":"building","height_m":7.16,"status":null},"geometry":{"type":"Polygon","coordinates":[[[3.96577664,50.96973504],[3.96577657,50.96973513],[3.96577654,50.96973517],[3.96572647,50.96972016],[3.96569256,50.96971],[3.96573473,50.96965399],[3.96578081,50.9695928],[3.96580203,50.96959849],[3.96582234,50.96957177],[3.96588649,50.96959072],[3.96588741,50.96959099],[3.96577664,50.96973504]]]}},{"type":"Feature","id":"gebouw/Gebouw.19522878/0","properties":{"source":"Digitaal Vlaanderen Gebouwenregister","source_id":"gebouw/Gebouw.19522878/0","kind":"building","height_m":7.88,"status":null},"geometry":{"type":"Polygon","coordinates":[[[3.97180899,50.97234084],[3.97172637,50.97242581],[3.97165479,50.97239806],[3.97166184,50.97239078],[3.97168875,50.97236293],[3.97173738,50.9723126],[3.97180899,50.97234084]]]}},{"type":"Feature","id":"gebouw/Gebouw.19522879/0","properties":{"source":"Digitaal Vlaanderen Gebouwenregister","source_id":"gebouw/Gebouw.19522879/0","kind":"building","height_m":8.6,"status":null},"geometry":{"type":"Polygon","coordinates":[[[3.97173738,50.9723126],[3.97168875,50.97236293],[3.97164734,50.97234534],[3.97169458,50.97229572],[3.97172229,50.97230665],[3.97173738,50.9723126]]]}},{"type":"Feature","id":"gebouw/Gebouw.19522880/0","properties":{"source":"Digitaal Vlaanderen Gebouwenregister","source_id":"gebouw/Gebouw.19522880/0","kind":"building","height_m":9.32,"status":null},"geometry":{"type":"Polygon","coordinates":[[[3.97164477,50.97235033],[3.97168047,50.9723655],[3.97165049,50.97239364],[3.97161479,50.97237847],[3.97164477,50.97235033]]]}},{"type":"Feature","id":"gebouw/Gebouw.19522887/0","properties":{"source":"Digitaal Vlaanderen Gebouwenregister","source_id":"gebouw/Gebouw.19522887/0","kind":"building","height_m":9.32,"status":null},"geometry":{"type":"Polygon","coordinates":[[[3.97368293,50.96804347],[3.97359006,50.96814641],[3.97343698,50.96809084],[3.97344838,50.9680733],[3.97346279,50.96805114],[3.97353614,50.96807016],[3.97358948,50.96800965],[3.97368293,50.96804347]]]}},{"type":"Feature","id":"gebouw/Gebouw.19522888/0","properties":{"source":"Digitaal Vlaanderen Gebouwenregister","source_id":"gebouw/Gebouw.19522888/0","kind":"building","height_m":5.0,"status":null},"geometry":{"type":"Polygon","coordinates":[[[3.97358948,50.96800965],[3.97353614,50.96807016],[3.97346279,50.96805114],[3.97350544,50.96798557],[3.97355878,50.96799854],[3.97358948,50.96800965]]]}},{"type":"Feature","id":"gebouw/Gebouw.19522962/0","properties":{"source":"Digitaal Vlaanderen Gebouwenregister","source_id":"gebouw/Gebouw.19522962/0","kind":"building","height_m":7.88,"status":null},"geometry":{"type":"Polygon","coordinates":[[[3.963646,50.96880862],[3.9636142,50.9687485],[3.96341342,50.96878835],[3.96342604,50.96881447],[3.96344254,50.96884862],[3.963646,50.96880862]]]}},{"type":"Feature","id":"gebouw/Gebouw.19522963/0","properties":{"source":"Digitaal Vlaanderen Gebouwenregister","source_id":"gebouw/Gebouw.19522963/0","kind":"building","height_m":8.6,"status":null},"geometry":{"type":"Polygon","coordinates":[[[3.96375573,50.96879587],[3.9637456,50.96869704],[3.96374141,50.96869758],[3.9636639,50.96870037],[3.96366797,50.96874556],[3.9636142,50.9687485],[3.963646,50.96880862],[3.96364974,50.96881578],[3.96375573,50.96879587]]]}},{"type":"Feature","id":"gebouw/Gebouw.19523157/0","properties":{"source":"Digitaal Vlaanderen Gebouwenregister","source_id":"gebouw/Gebouw.19523157/0","kind":"building","height_m":7.16,"status":null},"geometry":{"type":"Polygon","coordinates":[[[3.96325316,50.96949981],[3.96303784,50.96949297],[3.96303776,50.96950613],[3.96303759,50.96953442],[3.96306838,50.96953494],[3.96306883,50.96951921],[3.96313463,50.96952109],[3.96313031,50.96956863],[3.96313563,50.96956884],[3.96324738,50.96957232],[3.96325316,50.96949981]]]}},{"type":"Feature","id":"gebouw/Gebouw.19523159/0","properties":{"source":"Digitaal Vlaanderen Gebouwenregister","source_id":"gebouw/Gebouw.19523159/0","kind":"building","height_m":8.6,"status":null},"geometry":{"type":"Polygon","coordinates":[[[3.96402833,50.96810753],[3.96381144,50.96812193],[3.96380656,50.96809264],[3.96380505,50.9680836],[3.96380473,50.96808164],[3.96401968,50.96806646],[3.96402459,50.96808976],[3.96402833,50.96810753]]]}},{"type":"Feature","id":"gebouw/Gebouw.19523160/0","properties":{"source":"Digitaal Vlaanderen Gebouwenregister","source_id":"gebouw/Gebouw.19523160/0","kind":"building","height_m":9.32,"status":null},"geometry":{"type":"Polygon","coordinates":[[[3.96405826,50.96806373],[3.96407341,50.96806297],[3.9640763,50.96808623],[3.96402459,50.96808976],[3.96401968,50.96806646],[3.96405826,50.96806373]]]}},{"type":"Feature","id":"gebouw/Gebouw.19523162/0","properties":{"source":"Digitaal Vlaanderen Gebouwenregister","source_id":"gebouw/Gebouw.19523162/0","kind":"building","height_m":5.72,"status":null},"geometry":{"type":"Polygon","coordinates":[[[3.97031139,50.97064317],[3.97026488,50.97066657],[3.9701956,50.97060978],[3.97017326,50.97059211],[3.97021817,50.97056733],[3.97022979,50.97057678],[3.97031139,50.97064317]]]}},{"type":"Feature","id":"gebouw/Gebouw.19523163/0","properties":{"source":"Digitaal Vlaanderen Gebouwenregister","source_id":"gebouw/Gebouw.19523163/0","kind":"building","height_m":6.44,"status":null},"geometry":{"type":"Polygon","coordinates":[[[3.97022979,50.97057678],[3.97025416,50.97056381],[3.97028437,50.97058625],[3.97029761,50.97057966],[3.97035186,50.9706228],[3.97031139,50.97064317],[3.97022979,50.97057678]]]}},{"type":"Feature","id":"gebouw/Gebouw.19523857/0","properties":{"source":"Digitaal Vlaanderen Gebouwenregister","source_id":"gebouw/Gebouw.19523857/0","kind":"building","height_m":7.16,"status":null},"geometry":{"type":"Polygon","coordinates":[[[3.96400316,50.96798809],[3.96379154,50.9680038],[3.96379112,50.96800154],[3.9637894,50.96799234],[3.96378415,50.96796411],[3.96399503,50.96794949],[3.96400316,50.96798809]]]}},{"type":"Feature","id":"gebouw/Gebouw.19523858/0","properties":{"source":"Digitaal Vlaanderen Gebouwenregister","source_id":"gebouw/Gebouw.19523858/0","kind":"building","height_m":7.88,"status":null},"geometry":{"type":"Polygon","coordinates":[[[3.96410938,50.9679802],[3.96400316,50.96798809],[3.96399503,50.96794949],[3.96403363,50.96794681],[3.96410704,50.96796595],[3.96410938,50.9679802]]]}},{"type":"Feature","id":"gebouw/Gebouw.19523933/0","properties":{"source":"Digitaal Vlaanderen Gebouwenregister","source_id":"gebouw/Gebouw.19523933/0","kind":"building","height_m":6.44,"status":null},"geometry":{"type":"Polygon","coordinates":[[[3.97315716,50.97395092],[3.9733564,50.97395505],[3.9733515,50.97406475],[3.97318754,50.97406121],[3.97303812,50.97405764],[3.97306599,50.97403205],[3.97312616,50.97397679],[3.97315716,50.97395092]]]}},{"type":"Feature","id":"gebouw/Gebouw.19523934/0","properties":{"source":"Digitaal Vlaanderen Gebouwenregister","source_id":"gebouw/Gebouw.19523934/0","kind":"building","height_m":7.16,"status":null},"geometry":{"type":"Polygon","coordinates":[[[3.97318754,50.97406121],[3.97318413,50.97414977],[3.97303436,50.97414788],[3.97303451,50.97414264],[3.97297524,50.97414046],[3.97297808,50.97410341],[3.97303739,50.97410408],[3.97303812,50.97405764],[3.97318754,50.97406121]]]}},{"type":"Feature","id":"gebouw/Gebouw.19523935/0","properties":{"source":"Digitaal Vlaanderen Gebouwenregister","source_id":"gebouw/Gebouw.19523935/0","kind":"building","height_m":7.88,"status":null},"geometry":{"type":"Polygon","coordinates":[[[3.97312616,50.97397679],[3.97306599,50.97403205],[3.97304241,50.97402077],[3.9730316,50.97401561],[3.97309366,50.97396162],[3.97309871,50.97396398],[3.97312616,50.97397679]]]}},{"type":"Feature","id":"gebouw/Gebouw.19524462/0","properties":{"source":"Digitaal Vlaanderen Gebouwenregister","source_id":"gebouw/Gebouw.19524462/0","kind":"building","height_m":9.32,"status":null},"geometry":{"type":"Polygon","coordinates":[[[3.97140406,50.96753088],[3.97144414,50.96754055],[3.97140547,50.96760974],[3.97136801,50.96760027],[3.97138738,50.96756603],[3.97137029,50.96756208],[3.97137215,50.96755911],[3.97136816,50.96755344],[3.97137871,50.96753708],[3.97139816,50.96754142],[3.97140406,50.96753088]]]}},{"type":"Feature","id":"gebouw/Gebouw.19524468/0","properties":{"source":"Digitaal Vlaanderen Gebouwenregister","source_id":"gebouw/Gebouw.19524468/0","kind":"building","height_m":8.6,"status":null},"geometry":{"type":"Polygon","coordinates":[[[3.97150023,50.96964614],[3.97168328,50.96968379],[3.9716661,50.9697166],[3.97162125,50.96970751],[3.97147811,50.9696785],[3.97148104,50.96967422],[3.97150023,50.96964614]]]}},{"type":"Feature","id":"gebouw/Gebouw.19524469/0","properties":{"source":"Digitaal Vlaanderen Gebouwenregister","source_id":"gebouw/Gebouw.19524469/0","kind":"building","height_m":9.32,"status":null},"geometry":{"type":"Polygon","coordinates":[[[3.97170102,50.96972368],[3.97168717,50.96975144],[3.97152208,50.96971859],[3.97145958,50.9697056],[3.97147811,50.9696785],[3.97162125,50.96970751],[3.9716661,50.9697166],[3.97170102,50.96972368]]]}},{"type":"Feature","id":"gebouw/Gebouw.19524470/0","properties":{"source":"Digitaal Vlaanderen Gebouwenregister","source_id":"gebouw/Gebouw.19524470/0","kind":"building","height_m":5.0,"status":null},"geometry":{"type":"Polygon","coordinates":[[[3.97267206,50.97020959],[3.97262382,50.97024934],[3.9725842,50.97028199],[3.97255327,50.97026703],[3.9726407,50.97019442],[3.97267206,50.97020959]]]}},{"type":"Feature","id":"gebouw/Gebouw.19524485/0","properties":{"source":"Digitaal Vlaanderen Gebouwenregister","source_id":"gebouw/Gebouw.19524485/0","kind":"building","height_m":5.72,"status":null},"geometry":{"type":"Polygon","coordinates":[[[3.97159936,50.97004049],[3.97155357,50.9700683],[3.97147153,50.97001445],[3.97149055,50.97000321],[3.97136486,50.9699793],[3.971375,50.96995726],[3.9713908,50.96996004],[3.97142816,50.9699666],[3.97149275,50.96997795],[3.97151164,50.96998153],[3.97152156,50.96998726],[3.97159936,50.97004049]]]}},{"type":"Feature","id":"gebouw/Gebouw.19524486/0","properties":{"source":"Digitaal Vlaanderen Gebouwenregister","source_id":"gebouw/Gebouw.19524486/0","kind":"building","height_m":6.44,"status":null},"geometry":{"type":"Polygon","coordinates":[[[3.97142816,50.9699666],[3.97143959,50.96994004],[3.97149003,50.9699487],[3.97148275,50.96996453],[3.9714987,50.96996696],[3.97149275,50.96997795],[3.97142816,50.9699666]]]}},{"type":"Feature","id":"gebouw/Gebouw.19525186/0","properties":{"source":"Digitaal Vlaanderen Gebouwenregister","source_id":"gebouw/Gebouw.19525186/0","kind":"building","height_m":6.44,"status":null},"geometry":{"type":"Polygon","coordinates":[[[3.97063948,50.97082971],[3.97054152,50.9708949],[3.97064588,50.97092929],[3.97065303,50.97093165],[3.97074803,50.97096051],[3.97082201,50.97098298],[3.97084617,50.97099031],[3.97086349,50.97096541],[3.97077761,50.97093934],[3.97076133,50.97095882],[3.97071434,50.97094218],[3.97076607,50.97090771],[3.97063948,50.97082971]]]}},{"type":"Feature","id":"gebouw/Gebouw.19525187/0","properties":{"source":"Digitaal Vlaanderen Gebouwenregister","source_id":"gebouw/Gebouw.19525187/0","kind":"building","height_m":7.16,"status":null},"geometry":{"type":"Polygon","coordinates":[[[3.97082201,50.97098298],[3.97080824,50.97099906],[3.97077826,50.97098935],[3.97076782,50.9710016],[3.97063201,50.9709581],[3.97065303,50.97093165],[3.97082201,50.97098298]]]}},{"type":"Feature","id":"gebouw/Gebouw.19525218/0","properties":{"source":"Digitaal Vlaanderen Gebouwenregister","source_id":"gebouw/Gebouw.19525218/0","kind":"building","height_m":9.32,"status":null},"geometry":{"type":"Polygon","coordinates":[[[3.97340599,50.9702902],[3.97353079,50.97032458],[3.9734957,50.97037109],[3.97337546,50.97033486],[3.97340599,50.9702902]]]}},{"type":"Feature","id":"gebouw/Gebouw.19525219/0","properties":{"source":"Digitaal Vlaanderen Gebouwenregister","source_id":"gebouw/Gebouw.19525219/0","kind":"building","height_m":5.0,"status":null},"geometry":{"type":"Polygon","coordinates":[[[3.9734957,50.97037109],[3.97347838,50.97039403],[3.9733577,50.97036082],[3.97337546,50.97033486],[3.9734957,50.97037109]]]}},{"type":"Feature","id":"gebouw/Gebouw.19525648/0","properties":{"source":"Digitaal Vlaanderen Gebouwenregister","source_id":"gebouw/Gebouw.19525648/0","kind":"building","height_m":6.44,"status":null},"geometry":{"type":"Polygon","coordinates":[[[3.96401968,50.96806646],[3.96380473,50.96808164],[3.96380435,50.9680794],[3.96380291,50.96807096],[3.96379792,50.96804162],[3.96395574,50.96802866],[3.96396489,50.96802791],[3.96396775,50.96804415],[3.96401429,50.96804089],[3.96401968,50.96806646]]]}},{"type":"Feature","id":"gebouw/Gebouw.19525649/0","properties":{"source":"Digitaal Vlaanderen Gebouwenregister","source_id":"gebouw/Gebouw.19525649/0","kind":"building","height_m":7.16,"status":null},"geometry":{"type":"Polygon","coordinates":[[[3.96405826,50.96806373],[3.96401968,50.96806646],[3.96401429,50.96804089],[3.96405514,50.96803803],[3.96405826,50.96806373]]]}},{"type":"Feature","id":"gebouw/Gebouw.19525650/0","properties":{"source":"Digitaal Vlaanderen Gebouwenregister","source_id":"gebouw/Gebouw.19525650/0","kind":"building","height_m":7.88,"status":null},"geometry":{"type":"Polygon","coordinates":[[[3.9644666,50.96793124],[3.96441501,50.96794058],[3.96441635,50.96794565],[3.96438773,50.96795057],[3.96437327,50.96794797],[3.96429188,50.96796221],[3.96428663,50.96794886],[3.96420465,50.96796309],[3.96418748,50.96792604],[3.96424156,50.96791605],[3.96418716,50.9677986],[3.9641889,50.96779827],[3.96437413,50.96776274],[3.96438985,50.96779363],[3.96440596,50.96779045],[3.9644666,50.96793124]]]}},{"type":"Feature","id":"gebouw/Gebouw.19525651/0","properties":{"source":"Digitaal Vlaanderen Gebouwenregister","source_id":"gebouw/Gebouw.19525651/0","kind":"building","height_m":8.6,"status":null},"geometry":{"type":"Polygon","coordinates":[[[3.9639504,50.96786073],[3.96392594,50.96786515],[3.96379447,50.96786583],[3.96379388,50.96781981],[3.96379386,50.96781845],[3.96386256,50.96781863],[3.96386309,50.96780646],[3.96392325,50.96780614],[3.96392274,50.96779073],[3.96402631,50.96778911],[3.96403357,50.96780659],[3.96403741,50.96781583],[3.96404635,50.96783962],[3.9639504,50.96786073]]]}},{"type":"Feature","id":"gebouw/Gebouw.19525652/0","properties":{"source":"Digitaal Vlaanderen Gebouwenregister","source_id":"gebouw/Gebouw.19525652/0","kind":"building","height_m":9.32,"status":null},"geometry":{"type":"Polygon","coordinates":[[[3.96405686,50.96783731],[3.96411017,50.9679371],[3.96397577,50.96790709],[3.9639504,50.96786073],[3.96404635,50.96783962],[3.96405686,50.96783731]]]}},{"type":"Feature","id":"gebouw/Gebouw.19525669/0","properties":{"source":"Digitaal Vlaanderen Gebouwenregister","source_id":"gebouw/Gebouw.19525669/0","kind":"building","height_m":6.44,"status":null},"geometry":{"type":"Polygon","coordinates":[[[3.97290502,50.96887588],[3.97286559,50.96891962],[3.97270467,50.96886044],[3.97271305,50.96885135],[3.97262304,50.96883181],[3.97262697,50.9688238],[3.97263694,50.96880345],[3.97280275,50.96883793],[3.97290502,50.96887588]]]}},{"type":"Feature","id":"gebouw/Gebouw.19525670/0","properties":{"source":"Digitaal Vlaanderen Gebouwenregister","source_id":"gebouw/Gebouw.19525670/0","kind":"building","height_m":7.16,"status":null},"geometry":{"type":"Polygon","coordinates":[[[3.97263694,50.96880345],[3.97263501,50.96880304],[3.9726284,50.96880167],[3.97256579,50.96878865],[3.97255009,50.96878538],[3.97253964,50.96880684],[3.97262697,50.9688238],[3.97263694,50.96880345]]]}},{"type":"Feature","id":"gebouw/Gebouw.19526179/0","properties":{"source":"Digitaal Vlaanderen Gebouwenregister","source_id":"gebouw/Gebouw.19526179/0","kind":"building","height_m":5.72,"status":null},"geometry":{"type":"Polygon","coordinates":[[[3.97345406,50.96989328],[3.97338449,50.96995112],[3.97333566,50.96992767],[3.97340543,50.96986979],[3.97341702,50.96987539],[3.97345406,50.96989328]]]}},{"type":"Feature","id":"gebouw/Gebouw.19526180/0","properties":{"source":"Digitaal Vlaanderen Gebouwenregister","source_id":"gebouw/Gebouw.19526180/0","kind":"building","height_m":6.44,"status":null},"geometry":{"type":"Polygon","coordinates":[[[3.97340543,50.96986979],[3.97333566,50.96992767],[3.97329025,50.96990585],[3.97335895,50.96984781],[3.9733695,50.96985243],[3.97340543,50.96986979]]]}},{"type":"Feature","id":"gebouw/Gebouw.19526616/0","properties":{"source":"Digitaal Vlaanderen Gebouwenregister","source_id":"gebouw/Gebouw.19526616/0","kind":"building","height_m":7.88,"status":null},"geometry":{"type":"Polygon","coordinates":[[[3.96494379,50.96969891],[3.96494038,50.96970579],[3.96493563,50.96970481],[3.96493971,50.9696968],[3.96485305,50.96967745],[3.96489593,50.96957076],[3.96499731,50.96959085],[3.96498135,50.96962308],[3.96495775,50.96967073],[3.96494379,50.96969891]]]}},{"type":"Feature","id":"gebouw/Gebouw.19526617/0","properties":{"source":"Digitaal Vlaanderen Gebouwenregister","source_id":"gebouw/Gebouw.19526617/0","kind":"building","height_m":8.6,"status":null},"geometry":{"type":"Polygon","coordinates":[[[3.96495775,50.96967073],[3.96498421,50.96967595],[3.96496947,50.96970407],[3.96494379,50.96969891],[3.96495775,50.96967073]]]}},{"type":"Feature","id":"gebouw/Gebouw.19526758/0","properties":{"source":"Digitaal Vlaanderen Gebouwenregister","source_id":"gebouw/Gebouw.19526758/0","kind":"building","height_m":9.32,"status":null},"geometry":{"type":"Polygon","coordinates":[[[3.96395574,50.96802866],[3.96379792,50.96804162],[3.96379339,50.96801479],[3.96379186,50.96800571],[3.96379154,50.9680038],[3.96400316,50.96798809],[3.96400814,50.96801171],[3.96395315,50.96801552],[3.96395574,50.96802866]]]}},{"type":"Feature","id":"gebouw/Gebouw.19526759/0","properties":{"source":"Digitaal Vlaanderen Gebouwenregister","source_id":"gebouw/Gebouw.19526759/0","kind":"building","height_m":5.0,"status":null},"geometry":{"type":"Polygon","coordinates":[[[3.96410938,50.9679802],[3.96411335,50.96800442],[3.96400814,50.96801171],[3.96400316,50.96798809],[3.96403245,50.96798591],[3.96410938,50.9679802]]]}},{"type":"Feature","id":"gebouw/Gebouw.19526762/0","properties":{"source":"Digitaal Vlaanderen Gebouwenregister","source_id":"gebouw/Gebouw.19526762/0","kind":"building","height_m":7.16,"status":null},"geometry":{"type":"Polygon","coordinates":[[[3.97285111,50.96973763],[3.972817,50.96972197],[3.97280608,50.96973047],[3.97281106,50.96973258],[3.97272899,50.96980208],[3.97264668,50.96976295],[3.97279756,50.96964674],[3.97282812,50.9696232],[3.97284178,50.96962894],[3.97281449,50.96965485],[3.97283293,50.96966259],[3.972801,50.96969014],[3.97282906,50.96970469],[3.9728932,50.96965016],[3.97291058,50.96965796],[3.97293199,50.96966757],[3.97285111,50.96973763]]]}},{"type":"Feature","id":"gebouw/Gebouw.19526763/0","properties":{"source":"Digitaal Vlaanderen Gebouwenregister","source_id":"gebouw/Gebouw.19526763/0","kind":"building","height_m":7.88,"status":null},"geometry":{"type":"Polygon","coordinates":[[[3.97294129,50.96965951],[3.97293199,50.96966757],[3.97291058,50.96965796],[3.97292819,50.96965158],[3.97295447,50.96964204],[3.97296199,50.96965132],[3.97294129,50.96965951]]]}},{"type":"Feature","id":"gebouw/Gebouw.19526774/0","properties":{"source":"Digitaal Vlaanderen Gebouwenregister","source_id":"gebouw/Gebouw.19526774/0","kind":"building","height_m":5.72,"status":null},"geometry":{"type":"Polygon","coordinates":[[[3.97188602,50.97030356],[3.9719277,50.97027665],[3.97202595,50.97033714],[3.97198368,50.97036437],[3.97188602,50.97030356]]]}},{"type":"Feature","id":"gebouw/Gebouw.19526775/0","properties":{"source":"Digitaal Vlaanderen Gebouwenregister","source_id":"gebouw/Gebouw.19526775/0","kind":"building","height_m":6.44,"status":null},"geometry":{"type":"Polygon","coordinates":[[[3.97198368,50.97036437],[3.97200878,50.97037999],[3.97197186,50.97040321],[3.97194679,50.97038757],[3.97194437,50.97038941],[3.97184701,50.97032874],[3.97188602,50.97030356],[3.97198368,50.97036437]]]}},{"type":"Feature","id":"gebouw/Gebouw.19527166/0","properties":{"source":"Digitaal Vlaanderen Gebouwenregister","source_id":"gebouw/Gebouw.19527166/0","kind":"building","height_m":5.72,"status":null},"geometry":{"type":"Polygon","coordinates":[[[3.96998175,50.97119655],[3.96992191,50.97120613],[3.96992481,50.97118541],[3.96993464,50.9711149],[3.96994822,50.97102393],[3.97006247,50.97103055],[3.97005877,50.97105736],[3.97006077,50.97105747],[3.97005922,50.97106891],[3.9700572,50.97106879],[3.97004756,50.97113885],[3.96998331,50.97113533],[3.96998175,50.97119655]]]}},{"type":"Feature","id":"gebouw/Gebouw.19527167/0","properties":{"source":"Digitaal Vlaanderen Gebouwenregister","source_id":"gebouw/Gebouw.19527167/0","kind":"building","height_m":6.44,"status":null},"geometry":{"type":"Polygon","coordinates":[[[3.96998175,50.97119655],[3.96999175,50.971224],[3.96989579,50.97123939],[3.96988568,50.97121194],[3.96992191,50.97120613],[3.96998175,50.97119655]]]}},{"type":"Feature","id":"gebouw/Gebouw.19527170/0","properties":{"source":"Digitaal Vlaanderen Gebouwenregister","source_id":"gebouw/Gebouw.19527170/0","kind":"building","height_m":8.6,"status":null},"geometry":{"type":"Polygon","coordinates":[[[3.97277615,50.96950397],[3.97273816,50.96954516],[3.97268399,50.96952462],[3.97262422,50.96950195],[3.9725205,50.96946262],[3.97252125,50.96946183],[3.97255852,50.96942225],[3.97274956,50.96949398],[3.97277615,50.96950397]]]}},{"type":"Feature","id":"gebouw/Gebouw.19527171/0","properties":{"source":"Digitaal Vlaanderen Gebouwenregister","source_id":"gebouw/Gebouw.19527171/0","kind":"building","height_m":9.32,"status":null},"geometry":{"type":"Polygon","coordinates":[[[3.97262422,50.96950195],[3.97259967,50.9695261],[3.97249955,50.96948467],[3.9725205,50.96946262],[3.97262422,50.96950195]]]}},{"type":"Feature","id":"gebouw/Gebouw.19527320/0","properties":{"source":"Digitaal Vlaanderen Gebouwenregister","source_id":"gebouw/Gebouw.19527320/0","kind":"building","height_m":5.72,"status":null},"geometry":{"type":"Polygon","coordinates":[[[3.96420736,50.96979231],[3.96423141,50.96976712],[3.96425046,50.96974716],[3.96416976,50.96971501],[3.96410269,50.96977184],[3.96419278,50.9698042],[3.96419383,50.96980457],[3.96420736,50.96979231]]]}},{"type":"Feature","id":"gebouw/Gebouw.19527321/0","properties":{"source":"Digitaal Vlaanderen Gebouwenregister","source_id":"gebouw/Gebouw.19527321/0","kind":"building","height_m":6.44,"status":null},"geometry":{"type":"Polygon","coordinates":[[[3.96423141,50.96976712],[3.96428359,50.96978802],[3.96425737,50.96981282],[3.96420736,50.96979231],[3.96423141,50.96976712]]]}},{"type":"Feature","id":"gebouw/Gebouw.19532719/0","properties":{"source":"Digitaal Vlaanderen Gebouwenregister","source_id":"gebouw/Gebouw.19532719/0","kind":"building","height_m":7.16,"status":null},"geometry":{"type":"Polygon","coordinates":[[[3.97172375,50.97398284],[3.97175232,50.97396544],[3.9717859,50.97398437],[3.97175414,50.97400256],[3.97172375,50.97398284]]]}},{"type":"Feature","id":"gebouw/Gebouw.19532720/0","properties":{"source":"Digitaal Vlaanderen Gebouwenregister","source_id":"gebouw/Gebouw.19532720/0","kind":"building","height_m":7.88,"status":null},"geometry":{"type":"Polygon","coordinates":[[[3.97175414,50.97400256],[3.97173523,50.97401339],[3.97170583,50.97399376],[3.97172375,50.97398284],[3.97175414,50.97400256]]]}},{"type":"Feature","id":"gebouw/Gebouw.19532723/0","properties":{"source":"Digitaal Vlaanderen Gebouwenregister","source_id":"gebouw/Gebouw.19532723/0","kind":"building","height_m":5.0,"status":null},"geometry":{"type":"Polygon","coordinates":[[[3.97097589,50.97134111],[3.97102914,50.97135689],[3.97097623,50.97142297],[3.97092272,50.97140628],[3.97097589,50.97134111]]]}},{"type":"Feature","id":"gebouw/Gebouw.19532724/0","properties":{"source":"Digitaal Vlaanderen Gebouwenregister","source_id":"gebouw/Gebouw.19532724/0","kind":"building","height_m":5.72,"status":null},"geometry":{"type":"Polygon","coordinates":[[[3.97097589,50.97134111],[3.97092272,50.97140628],[3.97087713,50.97139206],[3.97092434,50.97133865],[3.97097589,50.97134111]]]}},{"type":"Feature","id":"gebouw/Gebouw.19532757/0","properties":{"source":"Digitaal Vlaanderen Gebouwenregister","source_id":"gebouw/Gebouw.19532757/0","kind":"building","height_m":9.32,"status":null},"geometry":{"type":"Polygon","coordinates":[[[3.96921334,50.97123406],[3.96925176,50.97122869],[3.96927853,50.97122495],[3.96925096,50.97115496],[3.9692261,50.97115829],[3.96920897,50.97111415],[3.96919524,50.97111627],[3.96918092,50.97107936],[3.96910565,50.97109101],[3.96916414,50.97124094],[3.96921334,50.97123406]]]}},{"type":"Feature","id":"gebouw/Gebouw.19532759/0","properties":{"source":"Digitaal Vlaanderen Gebouwenregister","source_id":"gebouw/Gebouw.19532759/0","kind":"building","height_m":5.72,"status":null},"geometry":{"type":"Polygon","coordinates":[[[3.96921334,50.97123406],[3.96922885,50.97127282],[3.96917972,50.97128088],[3.96916414,50.97124094],[3.96921334,50.97123406]]]}},{"type":"Feature","id":"gebouw/Gebouw.19532760/0","properties":{"source":"Digitaal Vlaanderen Gebouwenregister","source_id":"gebouw/Gebouw.19532760/0","kind":"building","height_m":6.44,"status":null},"geometry":{"type":"Polygon","coordinates":[[[3.96929466,50.97126591],[3.96926602,50.97126969],[3.96925176,50.97122869],[3.96927853,50.97122495],[3.96929466,50.97126591]]]}},{"type":"Feature","id":"gebouw/Gebouw.19533424/0","properties":{"source":"Digitaal Vlaanderen Gebouwenregister","source_id":"gebouw/Gebouw.19533424/0","kind":"building","height_m":5.72,"status":null},"geometry":{"type":"Polygon","coordinates":[[[3.97237346,50.97184925],[3.97230761,50.97191121],[3.97226239,50.97189247],[3.97232525,50.971831],[3.97237346,50.97184925]]]}},{"type":"Feature","id":"gebouw/Gebouw.19533425/0","properties":{"source":"Digitaal Vlaanderen Gebouwenregister","source_id":"gebouw/Gebouw.19533425/0","kind":"building","height_m":6.44,"status":null},"geometry":{"type":"Polygon","coordinates":[[[3.97237346,50.97184925],[3.97240563,50.97186263],[3.97233976,50.97192557],[3.97233359,50.97192344],[3.97231372,50.971944],[3.97228406,50.97193337],[3.97230761,50.97191121],[3.97237346,50.97184925]]]}},{"type":"Feature","id":"gebouw/Gebouw.19533472/0","properties":{"source":"Digitaal Vlaanderen Gebouwenregister","source_id":"gebouw/Gebouw.19533472/0","kind":"building","height_m":5.0,"status":null},"geometry":{"type":"Polygon","coordinates":[[[3.96975195,50.97130541],[3.96954488,50.9713384],[3.96950809,50.97124272],[3.9694946,50.97120765],[3.96970359,50.97117577],[3.96971492,50.97120613],[3.96972689,50.97123821],[3.96973748,50.97126662],[3.96974517,50.97128722],[3.96975195,50.97130541]]]}},{"type":"Feature","id":"gebouw/Gebouw.19533473/0","properties":{"source":"Digitaal Vlaanderen Gebouwenregister","source_id":"gebouw/Gebouw.19533473/0","kind":"building","height_m":5.72,"status":null},"geometry":{"type":"Polygon","coordinates":[[[3.96977193,50.97135898],[3.96955069,50.97139412],[3.96953944,50.97136589],[3.96953386,50.97136678],[3.96952389,50.97134174],[3.96954488,50.9713384],[3.96975195,50.97130541],[3.96975886,50.97132392],[3.96977193,50.97135898]]]}},{"type":"Feature","id":"gebouw/Gebouw.19533474/0","properties":{"source":"Digitaal Vlaanderen Gebouwenregister","source_id":"gebouw/Gebouw.19533474/0","kind":"building","height_m":6.44,"status":null},"geometry":{"type":"Polygon","coordinates":[[[3.97328267,50.9725319],[3.97322261,50.97250617],[3.97315719,50.97256406],[3.97314606,50.97255907],[3.97307728,50.97262068],[3.97307421,50.97262343],[3.97314719,50.97265478],[3.97328267,50.9725319]]]}},{"type":"Feature","id":"gebouw/Gebouw.19533475/0","properties":{"source":"Digitaal Vlaanderen Gebouwenregister","source_id":"gebouw/Gebouw.19533475/0","kind":"building","height_m":7.16,"status":null},"geometry":{"type":"Polygon","coordinates":[[[3.97328896,50.97262498],[3.97319071,50.97271295],[3.97315281,50.97269607],[3.97311865,50.97268086],[3.97314719,50.97265478],[3.97328267,50.9725319],[3.97334073,50.97255677],[3.97327374,50.97261745],[3.97328896,50.97262498]]]}},{"type":"Feature","id":"gebouw/Gebouw.19533476/0","properties":{"source":"Digitaal Vlaanderen Gebouwenregister","source_id":"gebouw/Gebouw.19533476/0","kind":"building","height_m":7.88,"status":null},"geometry":{"type":"Polygon","coordinates":[[[3.97310692,50.97275061],[3.97307942,50.97277445],[3.97303755,50.9727552],[3.97306506,50.97273136],[3.97310692,50.97275061]]]}},{"type":"Feature","id":"gebouw/Gebouw.19534350/0","properties":{"source":"Digitaal Vlaanderen Gebouwenregister","source_id":"gebouw/Gebouw.19534350/0","kind":"building","height_m":7.16,"status":null},"geometry":{"type":"Polygon","coordinates":[[[3.97381819,50.97243551],[3.97381755,50.97245792],[3.97374874,50.97245751],[3.97374887,50.97245286],[3.97372764,50.97245262],[3.97372815,50.9724346],[3.97374938,50.97243481],[3.97381819,50.97243551]]]}},{"type":"Feature","id":"gebouw/Gebouw.19534482/0","properties":{"source":"Digitaal Vlaanderen Gebouwenregister","source_id":"gebouw/Gebouw.19534482/0","kind":"building","height_m":6.44,"status":null},"geometry":{"type":"Polygon","coordinates":[[[3.97098035,50.97226501],[3.97096322,50.97226589],[3.970965,50.97227966],[3.97091492,50.97228225],[3.97091304,50.97226772],[3.9709009,50.97226834],[3.97089672,50.97223575],[3.9709945,50.97223193],[3.97098035,50.97226501]]]}},{"type":"Feature","id":"gebouw/Gebouw.19534483/0","properties":{"source":"Digitaal Vlaanderen Gebouwenregister","source_id":"gebouw/Gebouw.19534483/0","kind":"building","height_m":7.16,"status":null},"geometry":{"type":"Polygon","coordinates":[[[3.9709945,50.97223193],[3.97089672,50.97223575],[3.97089289,50.97220588],[3.97100807,50.97220019],[3.97099491,50.97223097],[3.9709945,50.97223193]]]}},{"type":"Feature","id":"gebouw/Gebouw.19534484/0","properties":{"source":"Digitaal Vlaanderen Gebouwenregister","source_id":"gebouw/Gebouw.19534484/0","kind":"building","height_m":7.88,"status":null},"geometry":{"type":"Polygon","coordinates":[[[3.97122495,50.97208747],[3.97117207,50.97214252],[3.97111894,50.97212304],[3.97117155,50.97206744],[3.97122495,50.97208747]]]}},{"type":"Feature","id":"gebouw/Gebouw.19534485/0","properties":{"source":"Digitaal Vlaanderen Gebouwenregister","source_id":"gebouw/Gebouw.19534485/0","kind":"building","height_m":8.6,"status":null},"geometry":{"type":"Polygon","coordinates":[[[3.97122495,50.97208747],[3.97127663,50.97210685],[3.97122226,50.97216167],[3.97120024,50.97215337],[3.97118352,50.9721676],[3.97115745,50.97215775],[3.97117207,50.97214252],[3.97122495,50.97208747]]]}},{"type":"Feature","id":"gebouw/Gebouw.19534511/0","properties":{"source":"Digitaal Vlaanderen Gebouwenregister","source_id":"gebouw/Gebouw.19534511/0","kind":"building","height_m":7.16,"status":null},"geometry":{"type":"Polygon","coordinates":[[[3.97214142,50.96892929],[3.97210801,50.96899859],[3.9720288,50.96898239],[3.9721152,50.96881112],[3.97219105,50.96882637],[3.97214142,50.96892929]]]}},{"type":"Feature","id":"gebouw/Gebouw.19534512/0","properties":{"source":"Digitaal Vlaanderen Gebouwenregister","source_id":"gebouw/Gebouw.19534512/0","kind":"building","height_m":7.88,"status":null},"geometry":{"type":"Polygon","coordinates":[[[3.97214142,50.96892929],[3.97219105,50.96882637],[3.97225324,50.96883888],[3.97220159,50.96894127],[3.97214142,50.96892929]]]}},{"type":"Feature","id":"gebouw/Gebouw.19535240/0","properties":{"source":"Digitaal Vlaanderen Gebouwenregister","source_id":"gebouw/Gebouw.19535240/0","kind":"building","height_m":7.88,"status":null},"geometry":{"type":"Polygon","coordinates":[[[3.96989333,50.97189818],[3.96982641,50.97190668],[3.96982017,50.97188305],[3.9697648,50.97188991],[3.96975776,50.97186623],[3.96988758,50.97184935],[3.96990144,50.97189715],[3.96989333,50.97189818]]]}},{"type":"Feature","id":"gebouw/Gebouw.19535241/0","properties":{"source":"Digitaal Vlaanderen Gebouwenregister","source_id":"gebouw/Gebouw.19535241/0","kind":"building","height_m":8.6,"status":null},"geometry":{"type":"Polygon","coordinates":[[[3.96989333,50.97189818],[3.96990352,50.97193531],[3.96977787,50.97195149],[3.96976698,50.97191423],[3.96982641,50.97190668],[3.96989333,50.97189818]]]}},{"type":"Feature","id":"gebouw/Gebouw.19535242/0","properties":{"source":"Digitaal Vlaanderen Gebouwenregister","source_id":"gebouw/Gebouw.19535242/0","kind":"building","height_m":9.32,"status":null},"geometry":{"type":"Polygon","coordinates":[[[3.97155799,50.97150989],[3.97151666,50.97149671],[3.97145737,50.9715726],[3.97143696,50.97159484],[3.9714783,50.97160897],[3.97155799,50.97150989]]]}},{"type":"Feature","id":"gebouw/Gebouw.19535243/0","properties":{"source":"Digitaal Vlaanderen Gebouwenregister","source_id":"gebouw/Gebouw.19535243/0","kind":"building","height_m":5.0,"status":null},"geometry":{"type":"Polygon","coordinates":[[[3.97155076,50.97153373],[3.97159964,50.97154948],[3.97157384,50.97158028],[3.97152478,50.97156419],[3.97154593,50.97153951],[3.97155076,50.97153373]]]}},{"type":"Feature","id":"gebouw/Gebouw.20073797/0","properties":{"source":"Digitaal Vlaanderen Gebouwenregister","source_id":"gebouw/Gebouw.20073797/0","kind":"building","height_m":6.44,"status":null},"geometry":{"type":"Polygon","coordinates":[[[3.97196446,50.97009946],[3.97205034,50.97015306],[3.97196921,50.97020391],[3.97192364,50.97017537],[3.97185328,50.97013122],[3.9718532,50.97013117],[3.97180833,50.97010301],[3.97181334,50.97009983],[3.97181915,50.97010357],[3.97183943,50.97009099],[3.9718331,50.97008712],[3.97188821,50.97005187],[3.97196446,50.97009946]]]}},{"type":"Feature","id":"gebouw/Gebouw.20193776/0","properties":{"source":"Digitaal Vlaanderen Gebouwenregister","source_id":"gebouw/Gebouw.20193776/0","kind":"building","height_m":5.72,"status":null},"geometry":{"type":"Polygon","coordinates":[[[3.97324442,50.97170468],[3.97324832,50.97164994],[3.97344106,50.97165542],[3.97343865,50.97168916],[3.97348106,50.97169036],[3.9734799,50.97170663],[3.97343482,50.97170535],[3.97343448,50.97171009],[3.97324442,50.97170468]]]}},{"type":"Feature","id":"gebouw/Gebouw.20193990/0","properties":{"source":"Digitaal Vlaanderen Gebouwenregister","source_id":"gebouw/Gebouw.20193990/0","kind":"building","height_m":8.6,"status":null},"geometry":{"type":"Polygon","coordinates":[[[3.96510054,50.96982938],[3.96511946,50.96980363],[3.9651122,50.9698015],[3.96512853,50.96977926],[3.96516991,50.96979138],[3.96515253,50.96981504],[3.96514766,50.96981361],[3.96512979,50.96983795],[3.96510054,50.96982938]]]}},{"type":"Feature","id":"gebouw/Gebouw.20193993/0","properties":{"source":"Digitaal Vlaanderen Gebouwenregister","source_id":"gebouw/Gebouw.20193993/0","kind":"building","height_m":5.72,"status":null},"geometry":{"type":"Polygon","coordinates":[[[3.97009669,50.97117813],[3.97008598,50.97117817],[3.97005974,50.97117825],[3.97006589,50.97113798],[3.97010248,50.97114021],[3.97009669,50.97117813]]]}},{"type":"Feature","id":"gebouw/Gebouw.20193995/0","properties":{"source":"Digitaal Vlaanderen Gebouwenregister","source_id":"gebouw/Gebouw.20193995/0","kind":"building","height_m":7.16,"status":null},"geometry":{"type":"Polygon","coordinates":[[[3.97096531,50.97229644],[3.97094592,50.97232921],[3.97087827,50.97233297],[3.97087427,50.97229151],[3.97097105,50.97228675],[3.97096531,50.97229644]]]}},{"type":"Feature","id":"gebouw/Gebouw.20193996/0","properties":{"source":"Digitaal Vlaanderen Gebouwenregister","source_id":"gebouw/Gebouw.20193996/0","kind":"building","height_m":7.88,"status":null},"geometry":{"type":"Polygon","coordinates":[[[3.97124163,50.97067045],[3.97121072,50.97069489],[3.97116052,50.97066822],[3.97119241,50.97064429],[3.97124163,50.97067045]]]}},{"type":"Feature","id":"gebouw/Gebouw.20193997/0","properties":{"source":"Digitaal Vlaanderen Gebouwenregister","source_id":"gebouw/Gebouw.20193997/0","kind":"building","height_m":8.6,"status":null},"geometry":{"type":"Polygon","coordinates":[[[3.97252134,50.97331485],[3.97249343,50.97330245],[3.9725409,50.97325984],[3.97256881,50.97327223],[3.97252134,50.97331485]]]}},{"type":"Feature","id":"gebouw/Gebouw.20193998/0","properties":{"source":"Digitaal Vlaanderen Gebouwenregister","source_id":"gebouw/Gebouw.20193998/0","kind":"building","height_m":9.32,"status":null},"geometry":{"type":"Polygon","coordinates":[[[3.97149468,50.97249646],[3.97151922,50.97247178],[3.97155699,50.97248676],[3.97153244,50.97251143],[3.97149468,50.97249646]]]}},{"type":"Feature","id":"gebouw/Gebouw.20193999/0","properties":{"source":"Digitaal Vlaanderen Gebouwenregister","source_id":"gebouw/Gebouw.20193999/0","kind":"building","height_m":5.0,"status":null},"geometry":{"type":"Polygon","coordinates":[[[3.97191788,50.97250773],[3.97194742,50.9725199],[3.97191014,50.97255597],[3.9718806,50.9725438],[3.97191788,50.97250773]]]}},{"type":"Feature","id":"gebouw/Gebouw.20194000/0","properties":{"source":"Digitaal Vlaanderen Gebouwenregister","source_id":"gebouw/Gebouw.20194000/0","kind":"building","height_m":5.72,"status":null},"geometry":{"type":"Polygon","coordinates":[[[3.9717864,50.97124768],[3.97182992,50.97125182],[3.97182085,50.97128987],[3.97177733,50.97128573],[3.9717864,50.97124768]]]}},{"type":"Feature","id":"gebouw/Gebouw.20194001/0","properties":{"source":"Digitaal Vlaanderen Gebouwenregister","source_id":"gebouw/Gebouw.20194001/0","kind":"building","height_m":6.44,"status":null},"geometry":{"type":"Polygon","coordinates":[[[3.97163907,50.97092879],[3.9716005,50.97091603],[3.97162768,50.97088327],[3.97166624,50.97089603],[3.97163907,50.97092879]]]}},{"type":"Feature","id":"gebouw/Gebouw.20194011/0","properties":{"source":"Digitaal Vlaanderen Gebouwenregister","source_id":"gebouw/Gebouw.20194011/0","kind":"building","height_m":8.6,"status":null},"geometry":{"type":"Polygon","coordinates":[[[3.97364955,50.97204458],[3.97360936,50.97205019],[3.97360067,50.97202538],[3.97359876,50.97201991],[3.97364324,50.9720137],[3.9736502,50.97201273],[3.97365254,50.97201941],[3.97368558,50.9720156],[3.97369544,50.97204376],[3.97366267,50.97204833],[3.9736608,50.97204301],[3.97364955,50.97204458]]]}},{"type":"Feature","id":"gebouw/Gebouw.20194012/0","properties":{"source":"Digitaal Vlaanderen Gebouwenregister","source_id":"gebouw/Gebouw.20194012/0","kind":"building","height_m":9.32,"status":null},"geometry":{"type":"Polygon","coordinates":[[[3.97194493,50.9704642],[3.97191404,50.97044578],[3.97194683,50.97042385],[3.97197773,50.97044227],[3.97194493,50.9704642]]]}},{"type":"Feature","id":"gebouw/Gebouw.20194013/0","properties":{"source":"Digitaal Vlaanderen Gebouwenregister","source_id":"gebouw/Gebouw.20194013/0","kind":"building","height_m":5.0,"status":null},"geometry":{"type":"Polygon","coordinates":[[[3.97236977,50.97035761],[3.97239843,50.97033553],[3.97246368,50.9703693],[3.97243502,50.97039137],[3.97236977,50.97035761]]]}},{"type":"Feature","id":"gebouw/Gebouw.20194014/0","properties":{"source":"Digitaal Vlaanderen Gebouwenregister","source_id":"gebouw/Gebouw.20194014/0","kind":"building","height_m":5.72,"status":null},"geometry":{"type":"Polygon","coordinates":[[[3.97259802,50.97034983],[3.97257377,50.97036524],[3.97255524,50.97037702],[3.97252443,50.97035769],[3.97252118,50.97035566],[3.97256396,50.97032847],[3.97259802,50.97034983]]]}},{"type":"Feature","id":"gebouw/Gebouw.20194015/0","properties":{"source":"Digitaal Vlaanderen Gebouwenregister","source_id":"gebouw/Gebouw.20194015/0","kind":"building","height_m":6.44,"status":null},"geometry":{"type":"Polygon","coordinates":[[[3.97143023,50.96969795],[3.97145526,50.96965991],[3.97148402,50.96966745],[3.97145899,50.9697055],[3.97143023,50.96969795]]]}},{"type":"Feature","id":"gebouw/Gebouw.20194016/0","properties":{"source":"Digitaal Vlaanderen Gebouwenregister","source_id":"gebouw/Gebouw.20194016/0","kind":"building","height_m":7.16,"status":null},"geometry":{"type":"Polygon","coordinates":[[[3.97353186,50.97298243],[3.97353234,50.97295256],[3.97358551,50.9729529],[3.97358502,50.97298277],[3.97353186,50.97298243]]]}},{"type":"Feature","id":"gebouw/Gebouw.20194017/0","properties":{"source":"Digitaal Vlaanderen Gebouwenregister","source_id":"gebouw/Gebouw.20194017/0","kind":"building","height_m":7.88,"status":null},"geometry":{"type":"Polygon","coordinates":[[[3.97306934,50.97387218],[3.97302814,50.97387158],[3.9730293,50.97383965],[3.97307051,50.97384025],[3.97306934,50.97387218]]]}},{"type":"Feature","id":"gebouw/Gebouw.20194191/0","properties":{"source":"Digitaal Vlaanderen Gebouwenregister","source_id":"gebouw/Gebouw.20194191/0","kind":"building","height_m":7.16,"status":null},"geometry":{"type":"Polygon","coordinates":[[[3.97377758,50.96881594],[3.9737633,50.96883148],[3.97371146,50.96881248],[3.97372636,50.96879626],[3.97377758,50.96881594]]]}},{"type":"Feature","id":"gebouw/Gebouw.20194288/0","properties":{"source":"Digitaal Vlaanderen Gebouwenregister","source_id":"gebouw/Gebouw.20194288/0","kind":"building","height_m":6.44,"status":null},"geometry":{"type":"Polygon","coordinates":[[[3.97252865,50.96899386],[3.97248726,50.96898365],[3.97250417,50.96895632],[3.97254555,50.96896652],[3.97252865,50.96899386]]]}},{"type":"Feature","id":"gebouw/Gebouw.20194289/0","properties":{"source":"Digitaal Vlaanderen Gebouwenregister","source_id":"gebouw/Gebouw.20194289/0","kind":"building","height_m":7.16,"status":null},"geometry":{"type":"Polygon","coordinates":[[[3.9717553,50.96893079],[3.9717706,50.96890195],[3.97181335,50.96891099],[3.97179805,50.96893983],[3.9717553,50.96893079]]]}},{"type":"Feature","id":"gebouw/Gebouw.20194290/0","properties":{"source":"Digitaal Vlaanderen Gebouwenregister","source_id":"gebouw/Gebouw.20194290/0","kind":"building","height_m":7.88,"status":null},"geometry":{"type":"Polygon","coordinates":[[[3.97212312,50.96808279],[3.97215332,50.96806039],[3.97220974,50.96809074],[3.97217953,50.96811313],[3.97212312,50.96808279]]]}},{"type":"Feature","id":"gebouw/Gebouw.20194291/0","properties":{"source":"Digitaal Vlaanderen Gebouwenregister","source_id":"gebouw/Gebouw.20194291/0","kind":"building","height_m":8.6,"status":null},"geometry":{"type":"Polygon","coordinates":[[[3.9723019,50.96866991],[3.97225085,50.96865973],[3.97226418,50.96863307],[3.97231523,50.96864325],[3.9723019,50.96866991]]]}},{"type":"Feature","id":"gebouw/Gebouw.20194292/0","properties":{"source":"Digitaal Vlaanderen Gebouwenregister","source_id":"gebouw/Gebouw.20194292/0","kind":"building","height_m":9.32,"status":null},"geometry":{"type":"Polygon","coordinates":[[[3.97138314,50.96838057],[3.97135518,50.96835274],[3.97139744,50.96833581],[3.9714254,50.96836364],[3.97138314,50.96838057]]]}},{"type":"Feature","id":"gebouw/Gebouw.20194334/0","properties":{"source":"Digitaal Vlaanderen Gebouwenregister","source_id":"gebouw/Gebouw.20194334/0","kind":"building","height_m":9.32,"status":null},"geometry":{"type":"Polygon","coordinates":[[[3.96339369,50.96913849],[3.96333527,50.96914883],[3.96331844,50.96911089],[3.96337687,50.96910056],[3.96339369,50.96913849]]]}},{"type":"Feature","id":"gebouw/Gebouw.20194357/0","properties":{"source":"Digitaal Vlaanderen Gebouwenregister","source_id":"gebouw/Gebouw.20194357/0","kind":"building","height_m":5.72,"status":null},"geometry":{"type":"Polygon","coordinates":[[[3.96330202,50.96849429],[3.96328872,50.96846926],[3.9633599,50.96845419],[3.96337319,50.96847921],[3.96330202,50.96849429]]]}},{"type":"Feature","id":"gebouw/Gebouw.20194384/0","properties":{"source":"Digitaal Vlaanderen Gebouwenregister","source_id":"gebouw/Gebouw.20194384/0","kind":"building","height_m":5.0,"status":null},"geometry":{"type":"Polygon","coordinates":[[[3.96540927,50.96892419],[3.96545078,50.96892103],[3.96545801,50.96895898],[3.9654165,50.96896213],[3.96540927,50.96892419]]]}},{"type":"Feature","id":"gebouw/Gebouw.20194456/0","properties":{"source":"Digitaal Vlaanderen Gebouwenregister","source_id":"gebouw/Gebouw.20194456/0","kind":"building","height_m":6.44,"status":null},"geometry":{"type":"Polygon","coordinates":[[[3.96308971,50.96817671],[3.96318309,50.96815166],[3.96316289,50.96812352],[3.96307038,50.96814999],[3.96308964,50.96817673],[3.96308971,50.96817671]]]}},{"type":"Feature","id":"gebouw/Gebouw.20194654/0","properties":{"source":"Digitaal Vlaanderen Gebouwenregister","source_id":"gebouw/Gebouw.20194654/0","kind":"building","height_m":7.88,"status":null},"geometry":{"type":"Polygon","coordinates":[[[3.97176983,50.96929203],[3.97175035,50.96926116],[3.97179487,50.96924995],[3.97181435,50.96928083],[3.97176983,50.96929203]]]}},{"type":"Feature","id":"gebouw/Gebouw.20195460/0","properties":{"source":"Digitaal Vlaanderen Gebouwenregister","source_id":"gebouw/Gebouw.20195460/0","kind":"building","height_m":8.6,"status":null},"geometry":{"type":"Polygon","coordinates":[[[3.97080985,50.97229423],[3.97086482,50.97229269],[3.97086732,50.97232847],[3.97081236,50.97233001],[3.97080985,50.97229423]]]}},{"type":"Feature","id":"gebouw/Gebouw.20195469/0","properties":{"source":"Digitaal Vlaanderen Gebouwenregister","source_id":"gebouw/Gebouw.20195469/0","kind":"building","height_m":5.0,"status":null},"geometry":{"type":"Polygon","coordinates":[[[3.97163608,50.97001787],[3.97159936,50.97004049],[3.97152156,50.96998726],[3.97155622,50.969966],[3.97163608,50.97001787]]]}},{"type":"Feature","id":"gebouw/Gebouw.20195470/0","properties":{"source":"Digitaal Vlaanderen Gebouwenregister","source_id":"gebouw/Gebouw.20195470/0","kind":"building","height_m":5.72,"status":null},"geometry":{"type":"Polygon","coordinates":[[[3.97164834,50.97001043],[3.97156132,50.96995569],[3.97158094,50.96994373],[3.97148275,50.96992295],[3.97149626,50.9698967],[3.97161101,50.96992123],[3.97169691,50.96997751],[3.97169974,50.96997936],[3.97164834,50.97001043]]]}},{"type":"Feature","id":"gebouw/Gebouw.20841067/0","properties":{"source":"Digitaal Vlaanderen Gebouwenregister","source_id":"gebouw/Gebouw.20841067/0","kind":"building","height_m":6.44,"status":null},"geometry":{"type":"Polygon","coordinates":[[[3.97081045,50.97233639],[3.97081808,50.97233629],[3.97082408,50.9724116],[3.97057023,50.97241933],[3.97056456,50.97234695],[3.97080352,50.97233648],[3.97081045,50.97233639]]]}},{"type":"Feature","id":"gebouw/Gebouw.20841069/0","properties":{"source":"Digitaal Vlaanderen Gebouwenregister","source_id":"gebouw/Gebouw.20841069/0","kind":"building","height_m":7.88,"status":null},"geometry":{"type":"Polygon","coordinates":[[[3.97090608,50.97253418],[3.97090637,50.97253693],[3.97068489,50.97254634],[3.97068463,50.97254385],[3.9706767,50.97246888],[3.97089818,50.97245954],[3.97090608,50.97253418]]]}},{"type":"Feature","id":"gebouw/Gebouw.20965536/0","properties":{"source":"Digitaal Vlaanderen Gebouwenregister","source_id":"gebouw/Gebouw.20965536/0","kind":"building","height_m":7.88,"status":null},"geometry":{"type":"Polygon","coordinates":[[[3.97068489,50.97254634],[3.97090637,50.97253693],[3.97091454,50.97261304],[3.97069308,50.97262252],[3.97068489,50.97254634]]]}},{"type":"Feature","id":"gebouw/Gebouw.30585056/0","properties":{"source":"Digitaal Vlaanderen Gebouwenregister","source_id":"gebouw/Gebouw.30585056/0","kind":"building","height_m":8.6,"status":null},"geometry":{"type":"Polygon","coordinates":[[[3.97060004,50.97044188],[3.97070247,50.97049486],[3.97066774,50.97052056],[3.97058715,50.97047544],[3.97056938,50.97046457],[3.97060004,50.97044188]]]}},{"type":"Feature","id":"gebouw/Gebouw.30585057/0","properties":{"source":"Digitaal Vlaanderen Gebouwenregister","source_id":"gebouw/Gebouw.30585057/0","kind":"building","height_m":9.32,"status":null},"geometry":{"type":"Polygon","coordinates":[[[3.97070472,50.97048962],[3.97076548,50.97044107],[3.97087564,50.97049837],[3.97081111,50.97054649],[3.97070472,50.97048962]]]}},{"type":"Feature","id":"gebouw/Gebouw.30589729/0","properties":{"source":"Digitaal Vlaanderen Gebouwenregister","source_id":"gebouw/Gebouw.30589729/0","kind":"building","height_m":6.44,"status":null},"geometry":{"type":"Polygon","coordinates":[[[3.97162384,50.96835901],[3.9716821,50.96837243],[3.97165971,50.96841122],[3.97160145,50.9683978],[3.97162384,50.96835901]]]}},{"type":"Feature","id":"gebouw/Gebouw.30589747/0","properties":{"source":"Digitaal Vlaanderen Gebouwenregister","source_id":"gebouw/Gebouw.30589747/0","kind":"building","height_m":9.32,"status":null},"geometry":{"type":"Polygon","coordinates":[[[3.97223873,50.9702224],[3.97220209,50.97024699],[3.97205228,50.97015176],[3.97208396,50.97013049],[3.97209484,50.97013695],[3.97218535,50.9701907],[3.97223873,50.9702224]]]}},{"type":"Feature","id":"gebouw/Gebouw.30589755/0","properties":{"source":"Digitaal Vlaanderen Gebouwenregister","source_id":"gebouw/Gebouw.30589755/0","kind":"building","height_m":5.0,"status":null},"geometry":{"type":"Polygon","coordinates":[[[3.96557888,50.96976663],[3.96561407,50.96977946],[3.96557875,50.96981808],[3.96554356,50.96980525],[3.96557888,50.96976663]]]}},{"type":"Feature","id":"gebouw/Gebouw.30589765/0","properties":{"source":"Digitaal Vlaanderen Gebouwenregister","source_id":"gebouw/Gebouw.30589765/0","kind":"building","height_m":7.16,"status":null},"geometry":{"type":"Polygon","coordinates":[[[3.96767053,50.96809765],[3.96765191,50.96807688],[3.96759307,50.96801125],[3.96766592,50.96798524],[3.96772475,50.96805087],[3.96768416,50.96806536],[3.96770278,50.96808613],[3.96767053,50.96809765]]]}},{"type":"Feature","id":"gebouw/Gebouw.30589766/0","properties":{"source":"Digitaal Vlaanderen Gebouwenregister","source_id":"gebouw/Gebouw.30589766/0","kind":"building","height_m":7.88,"status":null},"geometry":{"type":"Polygon","coordinates":[[[3.96776302,50.96802515],[3.96772607,50.96803755],[3.96767113,50.96797227],[3.96770808,50.96795987],[3.96776302,50.96802515]]]}},{"type":"Feature","id":"gebouw/Gebouw.30796202/0","properties":{"source":"Digitaal Vlaanderen Gebouwenregister","source_id":"gebouw/Gebouw.30796202/0","kind":"building","height_m":7.16,"status":null},"geometry":{"type":"Polygon","coordinates":[[[3.97011402,50.97262171],[3.97020592,50.97261249],[3.97020798,50.97262075],[3.97021541,50.97261974],[3.97020049,50.97256021],[3.97019145,50.97256098],[3.97018304,50.97252628],[3.97018201,50.97252296],[3.97017878,50.97251031],[3.97019176,50.97250899],[3.97019073,50.97250478],[3.97017814,50.97250605],[3.97017296,50.97248556],[3.97013621,50.97248919],[3.97001385,50.97250127],[3.97002329,50.97253877],[3.97001441,50.97253966],[3.96995548,50.97254558],[3.96997453,50.97262124],[3.97003333,50.97261534],[3.97003396,50.97261787],[3.97011111,50.97261013],[3.97011402,50.97262171]]]}},{"type":"Feature","id":"gebouw/Gebouw.30980580/0","properties":{"source":"Digitaal Vlaanderen Gebouwenregister","source_id":"gebouw/Gebouw.30980580/0","kind":"building","height_m":5.72,"status":null},"geometry":{"type":"Polygon","coordinates":[[[3.96878357,50.97125109],[3.96886803,50.97123425],[3.96889621,50.97128627],[3.96893945,50.97127862],[3.96891583,50.97121652],[3.96890765,50.97121822],[3.96888673,50.97116347],[3.96887309,50.97116614],[3.9688325,50.97117408],[3.96879593,50.97118123],[3.96875892,50.97118847],[3.96869672,50.97120063],[3.96868225,50.97120339],[3.96866791,50.97119877],[3.96864782,50.97120277],[3.96864046,50.97121193],[3.96862271,50.97121582],[3.96860188,50.97122037],[3.96859876,50.97122106],[3.96851804,50.9712613],[3.96851949,50.97126413],[3.96860411,50.97142974],[3.96862148,50.97146374],[3.96860817,50.97146655],[3.9686278,50.97151126],[3.96873083,50.97149004],[3.96876093,50.97148383],[3.9686643,50.9712943],[3.96879155,50.97127135],[3.96879222,50.97127122],[3.96878357,50.97125109]]]}},{"type":"Feature","id":"gebouw/Gebouw.30980582/0","properties":{"source":"Digitaal Vlaanderen Gebouwenregister","source_id":"gebouw/Gebouw.30980582/0","kind":"building","height_m":7.16,"status":null},"geometry":{"type":"Polygon","coordinates":[[[3.96881709,50.97114118],[3.96883818,50.9711862],[3.96880083,50.9711925],[3.9687831,50.97115177],[3.96881709,50.97114118]]]}},{"type":"Feature","id":"gebouw/Gebouw.31001661/0","properties":{"source":"Digitaal Vlaanderen Gebouwenregister","source_id":"gebouw/Gebouw.31001661/0","kind":"building","height_m":8.6,"status":null},"geometry":{"type":"Polygon","coordinates":[[[3.97230197,50.96897281],[3.97231988,50.96893935],[3.97238708,50.9689591],[3.97237177,50.96898771],[3.97230197,50.96897281]]]}},{"type":"Feature","id":"gebouw/Gebouw.31001678/0","properties":{"source":"Digitaal Vlaanderen Gebouwenregister","source_id":"gebouw/Gebouw.31001678/0","kind":"building","height_m":5.72,"status":null},"geometry":{"type":"Polygon","coordinates":[[[3.97068489,50.97254634],[3.97085379,50.97253921],[3.97086196,50.97261529],[3.97069308,50.97262252],[3.97068489,50.97254634]]]}},{"type":"Feature","id":"gebouw/Gebouw.31001680/0","properties":{"source":"Digitaal Vlaanderen Gebouwenregister","source_id":"gebouw/Gebouw.31001680/0","kind":"building","height_m":7.16,"status":null},"geometry":{"type":"Polygon","coordinates":[[[3.969847,50.96774658],[3.96993091,50.9677359],[3.9699389,50.96776096],[3.96985499,50.96777163],[3.969847,50.96774658]]]}},{"type":"Feature","id":"gebouw/Gebouw.31001803/0","properties":{"source":"Digitaal Vlaanderen Gebouwenregister","source_id":"gebouw/Gebouw.31001803/0","kind":"building","height_m":5.0,"status":null},"geometry":{"type":"Polygon","coordinates":[[[3.97348059,50.97281051],[3.97341783,50.97278601],[3.97344714,50.97275608],[3.97350991,50.97278058],[3.97348059,50.97281051]]]}},{"type":"Feature","id":"gebouw/Gebouw.31001810/0","properties":{"source":"Digitaal Vlaanderen Gebouwenregister","source_id":"gebouw/Gebouw.31001810/0","kind":"building","height_m":5.0,"status":null},"geometry":{"type":"Polygon","coordinates":[[[3.97165561,50.9710077],[3.97160135,50.9709887],[3.97164314,50.97094114],[3.9716974,50.97096015],[3.97165561,50.9710077]]]}},{"type":"Feature","id":"gebouw/Gebouw.31001856/0","properties":{"source":"Digitaal Vlaanderen Gebouwenregister","source_id":"gebouw/Gebouw.31001856/0","kind":"building","height_m":7.88,"status":null},"geometry":{"type":"Polygon","coordinates":[[[3.97093722,50.97253282],[3.97093752,50.97253568],[3.97085379,50.97253921],[3.97068489,50.97254634],[3.97068463,50.97254385],[3.9706767,50.97246888],[3.97092932,50.97245822],[3.97093722,50.97253282]]]}},{"type":"Feature","id":"gebouw/Gebouw.31126803/0","properties":{"source":"Digitaal Vlaanderen Gebouwenregister","source_id":"gebouw/Gebouw.31126803/0","kind":"building","height_m":5.72,"status":null},"geometry":{"type":"Polygon","coordinates":[[[3.97089982,50.97205642],[3.97090748,50.97212082],[3.97091462,50.97212015],[3.97091726,50.9721421],[3.9709104,50.97214239],[3.97079014,50.97214754],[3.97073322,50.97214998],[3.97051877,50.97215917],[3.97051238,50.972092],[3.97068989,50.97208436],[3.97069165,50.97210544],[3.97078082,50.97210035],[3.97077608,50.97206268],[3.97089982,50.97205642]]]}},{"type":"Feature","id":"gebouw/Gebouw.31126805/0","properties":{"source":"Digitaal Vlaanderen Gebouwenregister","source_id":"gebouw/Gebouw.31126805/0","kind":"building","height_m":7.16,"status":null},"geometry":{"type":"Polygon","coordinates":[[[3.97089982,50.97205642],[3.97077608,50.97206268],[3.97077135,50.97202501],[3.97089552,50.9720203],[3.97089982,50.97205642]]]}},{"type":"Feature","id":"gebouw/Gebouw.31549295/0","properties":{"source":"Digitaal Vlaanderen Gebouwenregister","source_id":"gebouw/Gebouw.31549295/0","kind":"building","height_m":5.72,"status":null},"geometry":{"type":"Polygon","coordinates":[[[3.96891564,50.97145769],[3.96891962,50.97144312],[3.96890723,50.97141975],[3.96886595,50.97132788],[3.96886116,50.97132932],[3.96884561,50.97129206],[3.96880296,50.97130034],[3.96874717,50.97131117],[3.96872921,50.97133756],[3.96873584,50.97135487],[3.96877776,50.97144525],[3.96878223,50.97144437],[3.96879541,50.9714713],[3.96880529,50.97147853],[3.96886841,50.97146661],[3.96891564,50.97145769]]]}},{"type":"Feature","id":"gebouw/Gebouw.31549297/0","properties":{"source":"Digitaal Vlaanderen Gebouwenregister","source_id":"gebouw/Gebouw.31549297/0","kind":"building","height_m":7.16,"status":null},"geometry":{"type":"Polygon","coordinates":[[[3.96854005,50.97179003],[3.96850601,50.9717366],[3.9684693,50.97174424],[3.96844909,50.97171423],[3.96836058,50.97173869],[3.96837969,50.9717657],[3.96837251,50.97176786],[3.96840812,50.9718237],[3.96845769,50.97190144],[3.96858788,50.97187157],[3.96859147,50.97187075],[3.96858126,50.97185473],[3.96854005,50.97179003]]]}},{"type":"Feature","id":"gebouw/Gebouw.31549339/0","properties":{"source":"Digitaal Vlaanderen Gebouwenregister","source_id":"gebouw/Gebouw.31549339/0","kind":"building","height_m":7.16,"status":null},"geometry":{"type":"Polygon","coordinates":[[[3.96887628,50.9716599],[3.96882336,50.97155216],[3.96878484,50.9715609],[3.96876401,50.97152133],[3.96874451,50.97152474],[3.96867338,50.97153716],[3.96869289,50.97158121],[3.96872361,50.97157538],[3.96878678,50.97170206],[3.96885465,50.97183816],[3.96886703,50.97183558],[3.96895372,50.97181756],[3.96887628,50.9716599]]]}},{"type":"Feature","id":"gebouw/Gebouw.31687203/0","properties":{"source":"Digitaal Vlaanderen Gebouwenregister","source_id":"gebouw/Gebouw.31687203/0","kind":"building","height_m":6.44,"status":null},"geometry":{"type":"Polygon","coordinates":[[[3.9680968,50.97147269],[3.96832664,50.97144201],[3.96837049,50.97157298],[3.96814066,50.97160366],[3.9680968,50.97147269]]]}},{"type":"Feature","id":"gebouw/Gebouw.31687206/0","properties":{"source":"Digitaal Vlaanderen Gebouwenregister","source_id":"gebouw/Gebouw.31687206/0","kind":"building","height_m":8.6,"status":null},"geometry":{"type":"Polygon","coordinates":[[[3.96851628,50.97132467],[3.96843073,50.97133899],[3.96848028,50.97145702],[3.96856583,50.9714427],[3.96851628,50.97132467]]]}},{"type":"Feature","id":"gebouw/Gebouw.31687210/0","properties":{"source":"Digitaal Vlaanderen Gebouwenregister","source_id":"gebouw/Gebouw.31687210/0","kind":"building","height_m":6.44,"status":null},"geometry":{"type":"Polygon","coordinates":[[[3.96868258,50.97148586],[3.96862823,50.97134433],[3.96853277,50.97135901],[3.96853157,50.9713592],[3.96858868,50.97150042],[3.96868258,50.97148586]]]}},{"type":"Feature","id":"gebouw/Gebouw.31687213/0","properties":{"source":"Digitaal Vlaanderen Gebouwenregister","source_id":"gebouw/Gebouw.31687213/0","kind":"building","height_m":8.6,"status":null},"geometry":{"type":"Polygon","coordinates":[[[3.96876023,50.97119769],[3.96867555,50.97121426],[3.96871994,50.97133127],[3.96880934,50.97131775],[3.96876023,50.97119769]]]}},{"type":"Feature","id":"gebouw/Gebouw.31687219/0","properties":{"source":"Digitaal Vlaanderen Gebouwenregister","source_id":"gebouw/Gebouw.31687219/0","kind":"building","height_m":7.88,"status":null},"geometry":{"type":"Polygon","coordinates":[[[3.96891396,50.97132394],[3.96889012,50.97126304],[3.96885562,50.97126842],[3.96883842,50.97122448],[3.96877688,50.97123408],[3.96877665,50.97123411],[3.9688176,50.97133899],[3.96881814,50.9713389],[3.96891396,50.97132394]]]}},{"type":"Feature","id":"gebouw/Gebouw.31690064/0","properties":{"source":"Digitaal Vlaanderen Gebouwenregister","source_id":"gebouw/Gebouw.31690064/0","kind":"building","height_m":5.0,"status":null},"geometry":{"type":"Polygon","coordinates":[[[3.97013445,50.97212749],[3.96991889,50.97215373],[3.96993594,50.97220956],[3.9701515,50.97218332],[3.97013445,50.97212749]]]}},{"type":"Feature","id":"gebouw/Gebouw.31690066/0","properties":{"source":"Digitaal Vlaanderen Gebouwenregister","source_id":"gebouw/Gebouw.31690066/0","kind":"building","height_m":6.44,"status":null},"geometry":{"type":"Polygon","coordinates":[[[3.97014985,50.9721833],[3.96993695,50.97220955],[3.96994976,50.97226215],[3.97016573,50.97223467],[3.97014985,50.9721833]]]}},{"type":"Feature","id":"gebouw/Gebouw.31690069/0","properties":{"source":"Digitaal Vlaanderen Gebouwenregister","source_id":"gebouw/Gebouw.31690069/0","kind":"building","height_m":8.6,"status":null},"geometry":{"type":"Polygon","coordinates":[[[3.9701738,50.97227785],[3.9699578,50.97230241],[3.96997351,50.9723575],[3.97018951,50.97233295],[3.9701738,50.97227785]]]}},{"type":"Feature","id":"gebouw/Gebouw.31690071/0","properties":{"source":"Digitaal Vlaanderen Gebouwenregister","source_id":"gebouw/Gebouw.31690071/0","kind":"building","height_m":5.0,"status":null},"geometry":{"type":"Polygon","coordinates":[[[3.97018976,50.97233311],[3.96997399,50.9723571],[3.96998939,50.97241228],[3.97020516,50.97238829],[3.97018976,50.97233311]]]}},{"type":"Feature","id":"gebouw/Gebouw.31692475/0","properties":{"source":"Digitaal Vlaanderen Gebouwenregister","source_id":"gebouw/Gebouw.31692475/0","kind":"building","height_m":7.16,"status":null},"geometry":{"type":"Polygon","coordinates":[[[3.96453701,50.96937137],[3.96460888,50.96936635],[3.96460949,50.96936983],[3.96466787,50.96936549],[3.96464861,50.96926554],[3.96456503,50.96927147],[3.96455303,50.96920408],[3.96446607,50.96921025],[3.96447399,50.96925355],[3.96447691,50.96926954],[3.96449016,50.96937111],[3.96449493,50.96937077],[3.96453636,50.96936779],[3.96453701,50.96937137]]]}},{"type":"Feature","id":"gebouw/Gebouw.31707846/0","properties":{"source":"Digitaal Vlaanderen Gebouwenregister","source_id":"gebouw/Gebouw.31707846/0","kind":"building","height_m":6.44,"status":null},"geometry":{"type":"Polygon","coordinates":[[[3.97125547,50.9700268],[3.97123187,50.97008247],[3.97131659,50.97009832],[3.97140325,50.97015739],[3.97142628,50.97014394],[3.97148004,50.97011222],[3.97139297,50.97005234],[3.97125547,50.9700268]]]}},{"type":"Feature","id":"gebouw/Gebouw.31762038/0","properties":{"source":"Digitaal Vlaanderen Gebouwenregister","source_id":"gebouw/Gebouw.31762038/0","kind":"building","height_m":5.0,"status":null},"geometry":{"type":"Polygon","coordinates":[[[3.97221352,50.97034121],[3.97227756,50.9703802],[3.97233747,50.97034096],[3.97227344,50.97030198],[3.97221352,50.97034121]]]}},{"type":"Feature","id":"gebouw/Gebouw.31762055/0","properties":{"source":"Digitaal Vlaanderen Gebouwenregister","source_id":"gebouw/Gebouw.31762055/0","kind":"building","height_m":7.16,"status":null},"geometry":{"type":"Polygon","coordinates":[[[3.97115012,50.97007078],[3.97109601,50.97006229],[3.97111627,50.97010603],[3.97111845,50.97011154],[3.97112169,50.97011773],[3.97114965,50.97011215],[3.9711483,50.97010937],[3.97114101,50.97009445],[3.97115012,50.97007078]]]}},{"type":"Feature","id":"gebouw/Gebouw.31762080/0","properties":{"source":"Digitaal Vlaanderen Gebouwenregister","source_id":"gebouw/Gebouw.31762080/0","kind":"building","height_m":5.0,"status":null},"geometry":{"type":"Polygon","coordinates":[[[3.97154674,50.97160372],[3.97158908,50.97155062],[3.9715507,50.97153842],[3.97150835,50.97159151],[3.97154674,50.97160372]]]}},{"type":"Feature","id":"gebouw/Gebouw.31762114/0","properties":{"source":"Digitaal Vlaanderen Gebouwenregister","source_id":"gebouw/Gebouw.31762114/0","kind":"building","height_m":9.32,"status":null},"geometry":{"type":"Polygon","coordinates":[[[3.96343575,50.96873035],[3.96343364,50.96872588],[3.96340944,50.96873043],[3.96329849,50.96875126],[3.96326952,50.9687567],[3.96327158,50.96876107],[3.96327436,50.96876698],[3.96329175,50.9688039],[3.96342067,50.96877969],[3.96341459,50.96876676],[3.96344978,50.96876015],[3.96343793,50.96873499],[3.96343575,50.96873035]]]}},{"type":"Feature","id":"gebouw/Gebouw.31762116/0","properties":{"source":"Digitaal Vlaanderen Gebouwenregister","source_id":"gebouw/Gebouw.31762116/0","kind":"building","height_m":5.72,"status":null},"geometry":{"type":"Polygon","coordinates":[[[3.97232715,50.9680745],[3.97235676,50.96801689],[3.97230373,50.96800602],[3.97227412,50.96806363],[3.97232715,50.9680745]]]}},{"type":"Feature","id":"gebouw/Gebouw.31762178/0","properties":{"source":"Digitaal Vlaanderen Gebouwenregister","source_id":"gebouw/Gebouw.31762178/0","kind":"building","height_m":5.0,"status":null},"geometry":{"type":"Polygon","coordinates":[[[3.97116456,50.9727333],[3.97117088,50.97277288],[3.97122447,50.97276947],[3.97121814,50.97272989],[3.97116456,50.9727333]]]}},{"type":"Feature","id":"gebouw/Gebouw.31762201/0","properties":{"source":"Digitaal Vlaanderen Gebouwenregister","source_id":"gebouw/Gebouw.31762201/0","kind":"building","height_m":6.44,"status":null},"geometry":{"type":"Polygon","coordinates":[[[3.97156322,50.97076796],[3.97161771,50.97079715],[3.97162995,50.97078804],[3.97166186,50.97080514],[3.97176905,50.97072536],[3.9717044,50.97069073],[3.97168248,50.97067919],[3.97156322,50.97076796]]]}},{"type":"Feature","id":"gebouw/Gebouw.31762235/0","properties":{"source":"Digitaal Vlaanderen Gebouwenregister","source_id":"gebouw/Gebouw.31762235/0","kind":"building","height_m":5.72,"status":null},"geometry":{"type":"Polygon","coordinates":[[[3.969736,50.97264203],[3.96986332,50.97264458],[3.96985483,50.97261008],[3.96973141,50.97262218],[3.969736,50.97264203]]]}},{"type":"Feature","id":"gebouw/Gebouw.31762258/0","properties":{"source":"Digitaal Vlaanderen Gebouwenregister","source_id":"gebouw/Gebouw.31762258/0","kind":"building","height_m":7.16,"status":null},"geometry":{"type":"Polygon","coordinates":[[[3.9687716,50.9716398],[3.96873914,50.97155901],[3.96869288,50.97156642],[3.96872534,50.97164721],[3.9687716,50.9716398]]]}},{"type":"Feature","id":"gebouw/Gebouw.31762294/0","properties":{"source":"Digitaal Vlaanderen Gebouwenregister","source_id":"gebouw/Gebouw.31762294/0","kind":"building","height_m":7.88,"status":null},"geometry":{"type":"Polygon","coordinates":[[[3.97303766,50.97275105],[3.97308747,50.97270483],[3.9730401,50.97268448],[3.9729903,50.9727307],[3.97303766,50.97275105]]]}},{"type":"Feature","id":"gebouw/Gebouw.31762373/0","properties":{"source":"Digitaal Vlaanderen Gebouwenregister","source_id":"gebouw/Gebouw.31762373/0","kind":"building","height_m":9.32,"status":null},"geometry":{"type":"Polygon","coordinates":[[[3.97125798,50.97280415],[3.97134807,50.9728369],[3.97137693,50.97280526],[3.97128685,50.97277251],[3.97125798,50.97280415]]]}},{"type":"Feature","id":"gebouw/Gebouw.31762432/0","properties":{"source":"Digitaal Vlaanderen Gebouwenregister","source_id":"gebouw/Gebouw.31762432/0","kind":"building","height_m":6.44,"status":null},"geometry":{"type":"Polygon","coordinates":[[[3.9719838,50.97088989],[3.97191592,50.97085395],[3.97180975,50.97093552],[3.97191564,50.97099046],[3.97195723,50.97095851],[3.97199295,50.97093106],[3.97197206,50.97092022],[3.97195694,50.97091237],[3.9719838,50.97088989]]]}},{"type":"Feature","id":"gebouw/Gebouw.31762449/0","properties":{"source":"Digitaal Vlaanderen Gebouwenregister","source_id":"gebouw/Gebouw.31762449/0","kind":"building","height_m":8.6,"status":null},"geometry":{"type":"Polygon","coordinates":[[[3.97114746,50.96977399],[3.97117293,50.96977833],[3.97117137,50.96978198],[3.97126416,50.9697978],[3.97127746,50.96976667],[3.9713679,50.96978209],[3.97137225,50.96977189],[3.97119368,50.96974146],[3.97119068,50.96974846],[3.97118388,50.9697473],[3.97118146,50.96975296],[3.97115941,50.9697492],[3.97114746,50.96977399]]]}},{"type":"Feature","id":"gebouw/Gebouw.31762498/0","properties":{"source":"Digitaal Vlaanderen Gebouwenregister","source_id":"gebouw/Gebouw.31762498/0","kind":"building","height_m":8.6,"status":null},"geometry":{"type":"Polygon","coordinates":[[[3.97255395,50.96845444],[3.97264944,50.96847273],[3.97266567,50.96843894],[3.97257018,50.96842065],[3.97255395,50.96845444]]]}},{"type":"Feature","id":"gebouw/Gebouw.31762539/0","properties":{"source":"Digitaal Vlaanderen Gebouwenregister","source_id":"gebouw/Gebouw.31762539/0","kind":"building","height_m":7.88,"status":null},"geometry":{"type":"Polygon","coordinates":[[[3.9699025,50.96993137],[3.96997108,50.96999697],[3.97002509,50.96997446],[3.96995652,50.96990886],[3.9699025,50.96993137]]]}},{"type":"Feature","id":"gebouw/Gebouw.31833118/0","properties":{"source":"Digitaal Vlaanderen Gebouwenregister","source_id":"gebouw/Gebouw.31833118/0","kind":"building","height_m":6.44,"status":null},"geometry":{"type":"Polygon","coordinates":[[[3.96427148,50.9695935],[3.96419328,50.96958087],[3.96415193,50.96963017],[3.9641021,50.9696135],[3.96403196,50.96969712],[3.96415822,50.9697257],[3.96424848,50.96965026],[3.96427148,50.9695935]]]}},{"type":"Feature","id":"gebouw/Gebouw.31859317/0","properties":{"source":"Digitaal Vlaanderen Gebouwenregister","source_id":"gebouw/Gebouw.31859317/0","kind":"building","height_m":5.0,"status":null},"geometry":{"type":"Polygon","coordinates":[[[3.97097092,50.97178953],[3.97108994,50.97181465],[3.97103286,50.97192247],[3.97091383,50.97189735],[3.97097092,50.97178953]]]}},{"type":"Feature","id":"gebouw/Gebouw.32031904/0","properties":{"source":"Digitaal Vlaanderen Gebouwenregister","source_id":"gebouw/Gebouw.32031904/0","kind":"building","height_m":6.44,"status":null},"geometry":{"type":"Polygon","coordinates":[[[3.96952521,50.97031745],[3.96947601,50.97026717],[3.96944262,50.9702802],[3.9694924,50.97033107],[3.96952521,50.97031745]]]}},{"type":"Feature","id":"gebouw/Gebouw.32032122/0","properties":{"source":"Digitaal Vlaanderen Gebouwenregister","source_id":"gebouw/Gebouw.32032122/0","kind":"building","height_m":7.16,"status":null},"geometry":{"type":"Polygon","coordinates":[[[3.96930064,50.97321726],[3.96940451,50.97323335],[3.96941407,50.97320872],[3.9693102,50.97319264],[3.96930064,50.97321726]]]}},{"type":"Feature","id":"gebouw/Gebouw.32032137/0","properties":{"source":"Digitaal Vlaanderen Gebouwenregister","source_id":"gebouw/Gebouw.32032137/0","kind":"building","height_m":7.88,"status":null},"geometry":{"type":"Polygon","coordinates":[[[3.97093929,50.97374277],[3.97096502,50.97375925],[3.9710287,50.9737198],[3.97100241,50.9737026],[3.97093929,50.97374277]]]}},{"type":"Feature","id":"gebouw/Gebouw.32032263/0","properties":{"source":"Digitaal Vlaanderen Gebouwenregister","source_id":"gebouw/Gebouw.32032263/0","kind":"building","height_m":7.88,"status":null},"geometry":{"type":"Polygon","coordinates":[[[3.97311629,50.96948444],[3.97308335,50.96947271],[3.97304838,50.96950876],[3.97307944,50.96951983],[3.97311629,50.96948444]]]}},{"type":"Feature","id":"gebouw/Gebouw.32032354/0","properties":{"source":"Digitaal Vlaanderen Gebouwenregister","source_id":"gebouw/Gebouw.32032354/0","kind":"building","height_m":7.88,"status":null},"geometry":{"type":"Polygon","coordinates":[[[3.97307421,50.97262343],[3.97307728,50.97262068],[3.97304739,50.97260788],[3.9729999,50.97265118],[3.97302866,50.97266424],[3.97307421,50.97262343]]]}},{"type":"Feature","id":"way/153160639","properties":{"source":"OpenStreetMap","source_id":"way/153160639","kind":"vegetation","name":null,"waterway":null,"landuse":"forest"},"geometry":{"type":"Polygon","coordinates":[[[3.9634888,50.9706034],[3.9643486,50.9712614],[3.9640976,50.9714924],[3.9640424,50.9714325],[3.9639871,50.9714557],[3.9638765,50.9714426],[3.9637429,50.9713875],[3.9636715,50.9712918],[3.9636669,50.9712294],[3.9637245,50.9711844],[3.9637913,50.9711467],[3.9638074,50.971093],[3.9637406,50.9710017],[3.9635955,50.9709204],[3.9634372,50.970899],[3.9634888,50.9706034]]]}},{"type":"Feature","id":"way/153160657","properties":{"source":"OpenStreetMap","source_id":"way/153160657","kind":"vegetation","name":null,"waterway":null,"landuse":"forest"},"geometry":{"type":"Polygon","coordinates":[[[3.9726374,50.97347],[3.97243,50.9733602],[3.9724906,50.9733399],[3.9725688,50.9733358],[3.9726274,50.9733799],[3.9726584,50.9734107],[3.9726909,50.9734374],[3.9727561,50.9734312],[3.9728033,50.9734456],[3.9729352,50.9735348],[3.9730118,50.9735923],[3.9730949,50.9736199],[3.973147,50.9736148],[3.9732121,50.973584],[3.9732578,50.9735666],[3.9732985,50.9735553],[3.9733424,50.9735615],[3.9733571,50.9735656],[3.9733886,50.9735847],[3.973189,50.9737622],[3.9726374,50.97347]]]}},{"type":"Feature","id":"way/153160719","properties":{"source":"OpenStreetMap","source_id":"way/153160719","kind":"water","name":null,"waterway":null,"landuse":null},"geometry":{"type":"Polygon","coordinates":[[[3.9732985,50.9735553],[3.9733408,50.9735256],[3.9733424,50.9735082],[3.973305,50.973502],[3.9732366,50.973502],[3.9731861,50.9734764],[3.973134,50.9734394],[3.9729809,50.9733605],[3.9728962,50.9733543],[3.9728457,50.9733707],[3.9728001,50.9733953],[3.9727561,50.9734312],[3.9728033,50.9734456],[3.9729352,50.9735348],[3.9730118,50.9735923],[3.9730949,50.9736199],[3.973147,50.9736148],[3.9732121,50.973584],[3.9732578,50.9735666],[3.9732985,50.9735553]]]}},{"type":"Feature","id":"way/240933316","properties":{"source":"OpenStreetMap","source_id":"way/240933316","kind":"waterway","name":"Molenbeek","waterway":"stream","landuse":null},"geometry":{"type":"LineString","coordinates":[[3.9592835,50.9679746],[3.9593578,50.9680458],[3.9594965,50.9681874],[3.9597605,50.96844],[3.9598942,50.9685663],[3.9600252,50.9686623],[3.9601703,50.9687517],[3.9603071,50.9688471],[3.9604466,50.9689552],[3.9606072,50.969044],[3.960755,50.9691309],[3.960861,50.969239],[3.960865,50.9693015],[3.9608245,50.9693447],[3.9607805,50.96938],[3.9607657,50.9694307],[3.9608006,50.9694847],[3.9609823,50.969592],[3.9609971,50.9696317],[3.9609716,50.9696587],[3.9608674,50.9697078],[3.9607708,50.9698041],[3.9607789,50.9698463],[3.9608271,50.969946],[3.9608298,50.9700203],[3.9608271,50.9700845],[3.9609318,50.9701014],[3.9610203,50.9700828],[3.961141,50.9700744],[3.9611678,50.9702112],[3.9612348,50.9703108],[3.9613604,50.9704186],[3.9613824,50.9704375],[3.9614092,50.9705084],[3.9614146,50.9706182],[3.9614709,50.9706453],[3.9616211,50.9706267],[3.9616908,50.9706402],[3.9617176,50.9706706],[3.9616935,50.9707229],[3.9615222,50.9709197],[3.9615165,50.9709594],[3.9615835,50.9710067],[3.9616104,50.9710557],[3.961581,50.9712399],[3.961694,50.9712969],[3.9617133,50.9714647],[3.9618843,50.9715759],[3.9619646,50.9717679],[3.9620286,50.9718295],[3.9622112,50.9718478],[3.9623962,50.9719475],[3.9625304,50.9720708],[3.962938,50.9721164],[3.9630614,50.9721519],[3.9631196,50.972194],[3.9632811,50.9724417],[3.9633901,50.972374],[3.9634626,50.9722987],[3.9634742,50.9721512],[3.9637094,50.9720724],[3.9639133,50.9720791],[3.9639464,50.9723085],[3.9644022,50.9724857],[3.96455,50.9725864],[3.9647126,50.9726973],[3.9645632,50.9728876],[3.9644988,50.9731275],[3.9647716,50.9732985],[3.9647831,50.9736443],[3.9652176,50.9737963],[3.9653678,50.9738807],[3.9653303,50.9739787],[3.9650293,50.9740355],[3.9649721,50.9741069],[3.9650076,50.9741498],[3.9651512,50.9742126],[3.9655877,50.9742926],[3.9656481,50.9743386],[3.9655172,50.9744707],[3.9655226,50.9745619],[3.9658774,50.9746745],[3.9660805,50.9748017],[3.9660751,50.9749098],[3.9658828,50.9749886],[3.9658659,50.9751023],[3.9659472,50.9751069],[3.9661395,50.9752003],[3.9661663,50.9754266],[3.9662414,50.9755954],[3.9664077,50.9756799],[3.9665265,50.9756709],[3.9667028,50.9754468],[3.9668154,50.9754164],[3.9669763,50.9755042],[3.967063,50.975725],[3.9670522,50.9760256],[3.9674975,50.9760763],[3.9676155,50.9761134],[3.9677274,50.976352],[3.9676048,50.976387],[3.9671587,50.9762777],[3.9669235,50.9762924],[3.9668629,50.9763911],[3.9668099,50.9766407],[3.9666282,50.9766946],[3.9665123,50.9767639],[3.9665447,50.9769028],[3.9667135,50.9771728],[3.9669718,50.9775118],[3.9671564,50.9780413],[3.9671687,50.9782794],[3.9671581,50.9783845]]}},{"type":"Feature","id":"way/659277192","properties":{"source":"OpenStreetMap","source_id":"way/659277192","kind":"waterway","name":"Beekveldzijp","waterway":"stream","landuse":null},"geometry":{"type":"LineString","coordinates":[[3.9712218,50.9713151],[3.9711517,50.9712832],[3.9704741,50.9711998],[3.9700653,50.9712513],[3.96974,50.9714412],[3.9695707,50.9714794],[3.969228,50.9715652]]}},{"type":"Feature","id":"way/659277193","properties":{"source":"OpenStreetMap","source_id":"way/659277193","kind":"waterway","name":"Beekveldzijp","waterway":"stream","landuse":null},"geometry":{"type":"LineString","coordinates":[[3.969228,50.9715652],[3.9671136,50.972063]]}},{"type":"Feature","id":"way/659277194","properties":{"source":"OpenStreetMap","source_id":"way/659277194","kind":"waterway","name":"Beekveldzijp","waterway":"stream","landuse":null},"geometry":{"type":"LineString","coordinates":[[3.9671136,50.972063],[3.96688,50.9721807]]}},{"type":"Feature","id":"way/659277195","properties":{"source":"OpenStreetMap","source_id":"way/659277195","kind":"waterway","name":"Beekveldzijp","waterway":"stream","landuse":null},"geometry":{"type":"LineString","coordinates":[[3.96688,50.9721807],[3.9647266,50.9725362],[3.96455,50.9725864]]}},{"type":"Feature","id":"way/1008725565","properties":{"source":"OpenStreetMap","source_id":"way/1008725565","kind":"water","name":null,"waterway":null,"landuse":null},"geometry":{"type":"Polygon","coordinates":[[[3.9729996,50.9716186],[3.9730382,50.9716195],[3.9730679,50.971616],[3.9730858,50.9716104],[3.9730968,50.9715982],[3.973123,50.9715413],[3.9731382,50.9714931],[3.9731561,50.9714575],[3.9731568,50.9714384],[3.9731513,50.971415],[3.9731244,50.9713929],[3.973072,50.9713729],[3.9730169,50.9713681],[3.9729789,50.9713772],[3.9729576,50.9713942],[3.972934,50.9714417],[3.9729125,50.9714982],[3.972902,50.9715259],[3.9729011,50.9715641],[3.9729216,50.97159],[3.9729627,50.9716097],[3.9729996,50.9716186]]]}},{"type":"Feature","id":"way/1442091432","properties":{"source":"OpenStreetMap","source_id":"way/1442091432","kind":"water","name":null,"waterway":null,"landuse":null},"geometry":{"type":"Polygon","coordinates":[[[3.9704633,50.9688917],[3.9704284,50.9689066],[3.9703947,50.968894],[3.9703847,50.9688469],[3.9703947,50.9688217],[3.9704172,50.9688131],[3.9704621,50.9688288],[3.9704771,50.968865],[3.9704633,50.9688917]]]}}]}