{"type":"FeatureCollection","features":[{"type":"Feature","id":"gebouw/Gebouw.9043749/0","properties":{"source":"Digitaal Vlaanderen Gebouwenregister","source_id":"gebouw/Gebouw.9043749/0","kind":"building","height_m":5.72,"status":null},"geometry":{"type":"Polygon","coordinates":[[[3.99136851,50.97795611],[3.99137008,50.97795294],[3.99131432,50.97794164],[3.99129871,50.97796956],[3.99123267,50.97795459],[3.9912477,50.97792629],[3.99125729,50.97790733],[3.99125522,50.9779069],[3.99129464,50.97783381],[3.99137574,50.97785125],[3.99137714,50.97784866],[3.9914011,50.97785432],[3.9914,50.97785641],[3.99142798,50.97786225],[3.99143767,50.97784452],[3.99149846,50.97785737],[3.99148892,50.97787536],[3.99149176,50.97787595],[3.99144141,50.97797085],[3.99136851,50.97795611]]]}},{"type":"Feature","id":"gebouw/Gebouw.9043750/0","properties":{"source":"Digitaal Vlaanderen Gebouwenregister","source_id":"gebouw/Gebouw.9043750/0","kind":"building","height_m":6.44,"status":null},"geometry":{"type":"Polygon","coordinates":[[[3.99233507,50.97751438],[3.9922817,50.97750273],[3.99220435,50.97763974],[3.99210428,50.97761741],[3.99212325,50.97758278],[3.99212173,50.97758245],[3.99215754,50.97751851],[3.99215871,50.97751878],[3.99217306,50.97749384],[3.99223114,50.97750704],[3.99224111,50.97748992],[3.9922479,50.9774913],[3.99228234,50.97742688],[3.9923724,50.97744708],[3.99241501,50.97745684],[3.99238156,50.97751771],[3.99233882,50.97750768],[3.99233507,50.97751438]]]}},{"type":"Feature","id":"gebouw/Gebouw.9043755/0","properties":{"source":"Digitaal Vlaanderen Gebouwenregister","source_id":"gebouw/Gebouw.9043755/0","kind":"building","height_m":5.0,"status":null},"geometry":{"type":"Polygon","coordinates":[[[3.9887405,50.97432406],[3.98877119,50.97428769],[3.98895219,50.97435003],[3.98891912,50.97438637],[3.9887405,50.97432406]]]}},{"type":"Feature","id":"gebouw/Gebouw.9043944/0","properties":{"source":"Digitaal Vlaanderen Gebouwenregister","source_id":"gebouw/Gebouw.9043944/0","kind":"building","height_m":5.0,"status":null},"geometry":{"type":"Polygon","coordinates":[[[3.9853417,50.9765265],[3.98532584,50.97652227],[3.98529267,50.97657182],[3.98522731,50.97655408],[3.98511215,50.97652282],[3.98516917,50.97643166],[3.98530389,50.97646761],[3.98536947,50.97648511],[3.9853417,50.9765265]]]}},{"type":"Feature","id":"gebouw/Gebouw.9043991/0","properties":{"source":"Digitaal Vlaanderen Gebouwenregister","source_id":"gebouw/Gebouw.9043991/0","kind":"building","height_m":8.6,"status":null},"geometry":{"type":"Polygon","coordinates":[[[3.98567836,50.97771313],[3.9856862,50.97767707],[3.98582025,50.97768962],[3.98581321,50.9777182],[3.98573357,50.97771225],[3.98573191,50.97771841],[3.98567836,50.97771313]]]}},{"type":"Feature","id":"gebouw/Gebouw.9043992/0","properties":{"source":"Digitaal Vlaanderen Gebouwenregister","source_id":"gebouw/Gebouw.9043992/0","kind":"building","height_m":9.32,"status":null},"geometry":{"type":"Polygon","coordinates":[[[3.98559783,50.97795946],[3.985615,50.97796078],[3.98559713,50.97805179],[3.98552153,50.97804596],[3.98552546,50.97801766],[3.98548542,50.97801212],[3.98548804,50.97798349],[3.98553536,50.97798648],[3.98554297,50.97793731],[3.98560131,50.97794115],[3.98559783,50.97795946]]]}},{"type":"Feature","id":"gebouw/Gebouw.9043993/0","properties":{"source":"Digitaal Vlaanderen Gebouwenregister","source_id":"gebouw/Gebouw.9043993/0","kind":"building","height_m":5.0,"status":null},"geometry":{"type":"Polygon","coordinates":[[[3.98581475,50.97838055],[3.98583171,50.97833764],[3.98594321,50.97835612],[3.98592566,50.9783983],[3.98592061,50.97839746],[3.98590371,50.97843775],[3.98573328,50.97841688],[3.9857449,50.978373],[3.98581475,50.97838055]]]}},{"type":"Feature","id":"gebouw/Gebouw.9044008/0","properties":{"source":"Digitaal Vlaanderen Gebouwenregister","source_id":"gebouw/Gebouw.9044008/0","kind":"building","height_m":5.72,"status":null},"geometry":{"type":"Polygon","coordinates":[[[3.99077205,50.97770661],[3.99081429,50.9777144],[3.99077129,50.97780726],[3.99075564,50.97784218],[3.99071359,50.97793598],[3.9907008,50.97796337],[3.99065744,50.97795537],[3.99071332,50.9778347],[3.99072771,50.97780362],[3.99070187,50.97779885],[3.9907141,50.97777244],[3.99062125,50.9777553],[3.99067347,50.97764252],[3.99069482,50.97764646],[3.99071027,50.97761309],[3.99080708,50.97763096],[3.99077205,50.97770661]]]}},{"type":"Feature","id":"gebouw/Gebouw.9044012/0","properties":{"source":"Digitaal Vlaanderen Gebouwenregister","source_id":"gebouw/Gebouw.9044012/0","kind":"building","height_m":8.6,"status":null},"geometry":{"type":"Polygon","coordinates":[[[3.98928136,50.97715073],[3.98943808,50.97714836],[3.9894404,50.97721546],[3.9894423,50.97727059],[3.98938845,50.97727131],[3.98938563,50.97726491],[3.98934183,50.9772655],[3.9893394,50.97727196],[3.98928591,50.9772726],[3.98928136,50.97715073]]]}},{"type":"Feature","id":"gebouw/Gebouw.9044013/0","properties":{"source":"Digitaal Vlaanderen Gebouwenregister","source_id":"gebouw/Gebouw.9044013/0","kind":"building","height_m":9.32,"status":null},"geometry":{"type":"Polygon","coordinates":[[[3.99293578,50.97770511],[3.99285285,50.97785249],[3.99294048,50.97787168],[3.9929437,50.97786587],[3.99294518,50.9778662],[3.99298698,50.97779015],[3.99298364,50.97778947],[3.99298993,50.97777681],[3.99298243,50.97776923],[3.99294823,50.97776136],[3.99298172,50.97769646],[3.99294475,50.97768886],[3.99293578,50.97770511]]]}},{"type":"Feature","id":"gebouw/Gebouw.9044065/0","properties":{"source":"Digitaal Vlaanderen Gebouwenregister","source_id":"gebouw/Gebouw.9044065/0","kind":"building","height_m":6.44,"status":null},"geometry":{"type":"Polygon","coordinates":[[[3.99364455,50.97801619],[3.99370622,50.9780283],[3.99368003,50.97811066],[3.99367143,50.97810907],[3.99367082,50.97810984],[3.99365028,50.97810791],[3.99363138,50.97810248],[3.99363172,50.97810175],[3.9935444,50.97808607],[3.99361733,50.97793997],[3.99365627,50.97794721],[3.99364145,50.97797832],[3.99366005,50.97798171],[3.99364455,50.97801619]]]}},{"type":"Feature","id":"gebouw/Gebouw.9044066/0","properties":{"source":"Digitaal Vlaanderen Gebouwenregister","source_id":"gebouw/Gebouw.9044066/0","kind":"building","height_m":7.16,"status":null},"geometry":{"type":"Polygon","coordinates":[[[3.98678636,50.97722056],[3.98669053,50.97721194],[3.9866965,50.97718568],[3.98673712,50.977187],[3.986748,50.97712699],[3.98669084,50.97712354],[3.98669426,50.9770968],[3.98658149,50.97709066],[3.98656933,50.97718192],[3.98661145,50.97718416],[3.98660643,50.97723909],[3.98660543,50.97723991],[3.98665679,50.97726254],[3.98672014,50.9772726],[3.98671572,50.97728367],[3.98687669,50.97729936],[3.98688452,50.97730012],[3.98690357,50.97720827],[3.98678963,50.97720607],[3.98678636,50.97722056]]]}},{"type":"Feature","id":"gebouw/Gebouw.9044114/0","properties":{"source":"Digitaal Vlaanderen Gebouwenregister","source_id":"gebouw/Gebouw.9044114/0","kind":"building","height_m":6.44,"status":null},"geometry":{"type":"Polygon","coordinates":[[[3.98665248,50.97495108],[3.98668665,50.9749597],[3.98665909,50.97500079],[3.98658636,50.97498143],[3.98660935,50.9749446],[3.98665,50.9749548],[3.98665248,50.97495108]]]}},{"type":"Feature","id":"gebouw/Gebouw.9044115/0","properties":{"source":"Digitaal Vlaanderen Gebouwenregister","source_id":"gebouw/Gebouw.9044115/0","kind":"building","height_m":7.16,"status":null},"geometry":{"type":"Polygon","coordinates":[[[3.98648703,50.97541111],[3.98650929,50.97537915],[3.98656639,50.97539515],[3.98654411,50.97542786],[3.98648703,50.97541111]]]}},{"type":"Feature","id":"gebouw/Gebouw.9044116/0","properties":{"source":"Digitaal Vlaanderen Gebouwenregister","source_id":"gebouw/Gebouw.9044116/0","kind":"building","height_m":7.88,"status":null},"geometry":{"type":"Polygon","coordinates":[[[3.98471294,50.9760688],[3.98470955,50.97607261],[3.9846975,50.97606834],[3.98467279,50.97609611],[3.98474858,50.97612281],[3.98477714,50.97609156],[3.98471294,50.9760688]]]}},{"type":"Feature","id":"gebouw/Gebouw.9044117/0","properties":{"source":"Digitaal Vlaanderen Gebouwenregister","source_id":"gebouw/Gebouw.9044117/0","kind":"building","height_m":8.6,"status":null},"geometry":{"type":"Polygon","coordinates":[[[3.98490949,50.97680285],[3.98491222,50.97679902],[3.98502226,50.97682769],[3.98494069,50.97695241],[3.98483942,50.97692602],[3.98480678,50.97693093],[3.98479086,50.97692738],[3.98478283,50.97691755],[3.98478373,50.9769067],[3.98485909,50.97679085],[3.98490949,50.97680285]]]}},{"type":"Feature","id":"gebouw/Gebouw.9044354/0","properties":{"source":"Digitaal Vlaanderen Gebouwenregister","source_id":"gebouw/Gebouw.9044354/0","kind":"building","height_m":7.88,"status":null},"geometry":{"type":"Polygon","coordinates":[[[3.99244385,50.97828973],[3.99243192,50.97831377],[3.99234845,50.97829616],[3.99236313,50.97826992],[3.99244607,50.97828527],[3.99244385,50.97828973]]]}},{"type":"Feature","id":"gebouw/Gebouw.9044355/0","properties":{"source":"Digitaal Vlaanderen Gebouwenregister","source_id":"gebouw/Gebouw.9044355/0","kind":"building","height_m":8.6,"status":null},"geometry":{"type":"Polygon","coordinates":[[[3.99309524,50.98078253],[3.99300335,50.9807548],[3.99299541,50.98076658],[3.99289542,50.98073973],[3.99290484,50.98072576],[3.99280396,50.98069462],[3.9926541,50.98089228],[3.99276133,50.98092468],[3.99277326,50.98090894],[3.99295603,50.98096416],[3.99309524,50.98078253]]]}},{"type":"Feature","id":"gebouw/Gebouw.9044471/0","properties":{"source":"Digitaal Vlaanderen Gebouwenregister","source_id":"gebouw/Gebouw.9044471/0","kind":"building","height_m":6.44,"status":null},"geometry":{"type":"Polygon","coordinates":[[[3.98621161,50.97633673],[3.98624358,50.97630768],[3.98629165,50.97632845],[3.98628272,50.97633755],[3.98629818,50.9763436],[3.98627903,50.97636311],[3.98621161,50.97633673]]]}},{"type":"Feature","id":"gebouw/Gebouw.9044472/0","properties":{"source":"Digitaal Vlaanderen Gebouwenregister","source_id":"gebouw/Gebouw.9044472/0","kind":"building","height_m":7.16,"status":null},"geometry":{"type":"Polygon","coordinates":[[[3.98629063,50.97620823],[3.98619301,50.97629651],[3.98608542,50.97624991],[3.98611987,50.9762182],[3.98612565,50.97622074],[3.9861876,50.97616366],[3.98629063,50.97620823]]]}},{"type":"Feature","id":"gebouw/Gebouw.9044473/0","properties":{"source":"Digitaal Vlaanderen Gebouwenregister","source_id":"gebouw/Gebouw.9044473/0","kind":"building","height_m":7.88,"status":null},"geometry":{"type":"Polygon","coordinates":[[[3.98801004,50.97432598],[3.98799878,50.97433616],[3.98801049,50.97434153],[3.98797349,50.97437945],[3.9879662,50.97438692],[3.98790615,50.97436396],[3.987889,50.9743574],[3.9879049,50.97434072],[3.98784856,50.97431874],[3.98786037,50.97430604],[3.98788649,50.97427796],[3.98796338,50.97430766],[3.98797223,50.97429896],[3.98801004,50.97432598]]]}},{"type":"Feature","id":"gebouw/Gebouw.9044474/0","properties":{"source":"Digitaal Vlaanderen Gebouwenregister","source_id":"gebouw/Gebouw.9044474/0","kind":"building","height_m":8.6,"status":null},"geometry":{"type":"Polygon","coordinates":[[[3.99428258,50.97568127],[3.99431173,50.97566792],[3.99435535,50.9757098],[3.99432652,50.97572222],[3.99428258,50.97568127]]]}},{"type":"Feature","id":"gebouw/Gebouw.9044475/0","properties":{"source":"Digitaal Vlaanderen Gebouwenregister","source_id":"gebouw/Gebouw.9044475/0","kind":"building","height_m":9.32,"status":null},"geometry":{"type":"Polygon","coordinates":[[[3.99443234,50.97595884],[3.99443242,50.97595585],[3.99457604,50.97595627],[3.99457343,50.97605162],[3.99460051,50.97605193],[3.99459938,50.97609113],[3.99441298,50.97608898],[3.99441467,50.97603881],[3.99440162,50.97603866],[3.99440475,50.97595872],[3.99443234,50.97595884]]]}},{"type":"Feature","id":"gebouw/Gebouw.9044476/0","properties":{"source":"Digitaal Vlaanderen Gebouwenregister","source_id":"gebouw/Gebouw.9044476/0","kind":"building","height_m":5.0,"status":null},"geometry":{"type":"Polygon","coordinates":[[[3.99435463,50.97751503],[3.99428955,50.97750831],[3.9942958,50.97748646],[3.99435968,50.97749355],[3.99435463,50.97751503]]]}},{"type":"Feature","id":"gebouw/Gebouw.9044477/0","properties":{"source":"Digitaal Vlaanderen Gebouwenregister","source_id":"gebouw/Gebouw.9044477/0","kind":"building","height_m":5.72,"status":null},"geometry":{"type":"Polygon","coordinates":[[[3.9912555,50.97700389],[3.99121931,50.9769722],[3.99126196,50.97695358],[3.99129965,50.97698472],[3.9912555,50.97700389]]]}},{"type":"Feature","id":"gebouw/Gebouw.9044478/0","properties":{"source":"Digitaal Vlaanderen Gebouwenregister","source_id":"gebouw/Gebouw.9044478/0","kind":"building","height_m":6.44,"status":null},"geometry":{"type":"Polygon","coordinates":[[[3.99090786,50.97696947],[3.99095649,50.97698106],[3.9909409,50.97700786],[3.99089194,50.97699757],[3.99090786,50.97696947]]]}},{"type":"Feature","id":"gebouw/Gebouw.9044490/0","properties":{"source":"Digitaal Vlaanderen Gebouwenregister","source_id":"gebouw/Gebouw.9044490/0","kind":"building","height_m":5.0,"status":null},"geometry":{"type":"Polygon","coordinates":[[[3.9861497,50.97557983],[3.98618864,50.97554543],[3.9863203,50.97560288],[3.98625165,50.97566363],[3.98626871,50.97567133],[3.98623059,50.97570489],[3.98606829,50.97563141],[3.98613505,50.9755733],[3.9861497,50.97557983]]]}},{"type":"Feature","id":"gebouw/Gebouw.9044491/0","properties":{"source":"Digitaal Vlaanderen Gebouwenregister","source_id":"gebouw/Gebouw.9044491/0","kind":"building","height_m":5.72,"status":null},"geometry":{"type":"Polygon","coordinates":[[[3.98606921,50.97573008],[3.98607674,50.97572344],[3.98614635,50.9757552],[3.9860713,50.97582075],[3.98600743,50.9757916],[3.98599205,50.9758047],[3.98586078,50.97574628],[3.98589521,50.97571427],[3.98586038,50.97569758],[3.98590083,50.97566226],[3.98593597,50.97567876],[3.98594239,50.9756719],[3.98606921,50.97573008]]]}},{"type":"Feature","id":"gebouw/Gebouw.9044516/0","properties":{"source":"Digitaal Vlaanderen Gebouwenregister","source_id":"gebouw/Gebouw.9044516/0","kind":"building","height_m":8.6,"status":null},"geometry":{"type":"Polygon","coordinates":[[[3.98568625,50.97811723],[3.98570072,50.97806083],[3.9860617,50.97810053],[3.98604667,50.97815497],[3.98568625,50.97811723]]]}},{"type":"Feature","id":"gebouw/Gebouw.9044517/0","properties":{"source":"Digitaal Vlaanderen Gebouwenregister","source_id":"gebouw/Gebouw.9044517/0","kind":"building","height_m":9.32,"status":null},"geometry":{"type":"Polygon","coordinates":[[[3.98588225,50.97825243],[3.98588552,50.97824028],[3.98576767,50.97822763],[3.98578177,50.97817019],[3.98563414,50.97815523],[3.98561993,50.97820623],[3.98560411,50.97826297],[3.98573993,50.97827592],[3.98587207,50.9782902],[3.98588225,50.97825243]]]}},{"type":"Feature","id":"gebouw/Gebouw.9044542/0","properties":{"source":"Digitaal Vlaanderen Gebouwenregister","source_id":"gebouw/Gebouw.9044542/0","kind":"building","height_m":7.16,"status":null},"geometry":{"type":"Polygon","coordinates":[[[3.99054827,50.97770957],[3.99045011,50.97769192],[3.99050311,50.9775758],[3.99060118,50.97759365],[3.99054827,50.97770957]]]}},{"type":"Feature","id":"gebouw/Gebouw.9044543/0","properties":{"source":"Digitaal Vlaanderen Gebouwenregister","source_id":"gebouw/Gebouw.9044543/0","kind":"building","height_m":7.88,"status":null},"geometry":{"type":"Polygon","coordinates":[[[3.98872167,50.97783038],[3.98872233,50.97782814],[3.98866562,50.97781926],[3.98868804,50.97776032],[3.98874447,50.97776901],[3.98878592,50.97766646],[3.98897261,50.97769552],[3.98890766,50.97786356],[3.98884473,50.97785405],[3.98884631,50.97785051],[3.98878711,50.97784572],[3.98878901,50.97784125],[3.98872167,50.97783038]]]}},{"type":"Feature","id":"gebouw/Gebouw.9044551/0","properties":{"source":"Digitaal Vlaanderen Gebouwenregister","source_id":"gebouw/Gebouw.9044551/0","kind":"building","height_m":8.6,"status":null},"geometry":{"type":"Polygon","coordinates":[[[3.99515889,50.97884278],[3.99510521,50.97883132],[3.99509858,50.97884345],[3.99502806,50.97882712],[3.99503379,50.97881728],[3.99498209,50.97880529],[3.99501068,50.97875609],[3.99513196,50.97878418],[3.99514673,50.9787876],[3.9951857,50.97879663],[3.99515889,50.97884278]]]}},{"type":"Feature","id":"gebouw/Gebouw.9044557/0","properties":{"source":"Digitaal Vlaanderen Gebouwenregister","source_id":"gebouw/Gebouw.9044557/0","kind":"building","height_m":7.88,"status":null},"geometry":{"type":"Polygon","coordinates":[[[3.9845639,50.97996642],[3.98459571,50.97994493],[3.98459519,50.97993864],[3.98460548,50.97993826],[3.98464183,50.97991344],[3.98464855,50.97990885],[3.98459453,50.97987699],[3.98459062,50.97987968],[3.984555,50.97985903],[3.98455898,50.97985629],[3.98451308,50.97982954],[3.98441145,50.97989884],[3.98454823,50.97997701],[3.9845639,50.97996642]]]}},{"type":"Feature","id":"gebouw/Gebouw.9044565/0","properties":{"source":"Digitaal Vlaanderen Gebouwenregister","source_id":"gebouw/Gebouw.9044565/0","kind":"building","height_m":8.6,"status":null},"geometry":{"type":"Polygon","coordinates":[[[3.98711412,50.97461622],[3.98701808,50.97476232],[3.98698965,50.97475498],[3.9869876,50.97475828],[3.98693685,50.97474523],[3.98694501,50.97473257],[3.98694349,50.97473218],[3.98694969,50.97472255],[3.98695121,50.97472294],[3.9869595,50.97471008],[3.98694929,50.97470745],[3.9869739,50.97466923],[3.98702257,50.97468172],[3.98705829,50.97462581],[3.9870067,50.9746126],[3.9870307,50.97457754],[3.98712299,50.97460273],[3.98711412,50.97461622]]]}},{"type":"Feature","id":"gebouw/Gebouw.9044621/0","properties":{"source":"Digitaal Vlaanderen Gebouwenregister","source_id":"gebouw/Gebouw.9044621/0","kind":"building","height_m":8.6,"status":null},"geometry":{"type":"Polygon","coordinates":[[[3.98657652,50.97607392],[3.98644903,50.97618914],[3.98635527,50.97614854],[3.98638205,50.97612388],[3.98634706,50.97610859],[3.9863773,50.97608108],[3.98639527,50.97607916],[3.98640844,50.97608493],[3.98642215,50.97607198],[3.98637306,50.97605076],[3.98641208,50.97601502],[3.98645285,50.97603276],[3.98646008,50.97602635],[3.98649341,50.9760226],[3.98650333,50.97602871],[3.9865317,50.97600112],[3.98658946,50.97602555],[3.98655108,50.97606071],[3.98657652,50.97607392]]]}},{"type":"Feature","id":"gebouw/Gebouw.9044622/0","properties":{"source":"Digitaal Vlaanderen Gebouwenregister","source_id":"gebouw/Gebouw.9044622/0","kind":"building","height_m":9.32,"status":null},"geometry":{"type":"Polygon","coordinates":[[[3.98710104,50.97564283],[3.9870387,50.97572815],[3.98685688,50.97567438],[3.98693118,50.97557422],[3.98704915,50.97561003],[3.98703866,50.97562415],[3.98710104,50.97564283]]]}},{"type":"Feature","id":"gebouw/Gebouw.9044626/0","properties":{"source":"Digitaal Vlaanderen Gebouwenregister","source_id":"gebouw/Gebouw.9044626/0","kind":"building","height_m":7.16,"status":null},"geometry":{"type":"Polygon","coordinates":[[[3.99045191,50.9744116],[3.99040478,50.97439946],[3.99044417,50.97433865],[3.99049043,50.97434985],[3.99045191,50.9744116]]]}},{"type":"Feature","id":"gebouw/Gebouw.9044627/0","properties":{"source":"Digitaal Vlaanderen Gebouwenregister","source_id":"gebouw/Gebouw.9044627/0","kind":"building","height_m":7.88,"status":null},"geometry":{"type":"Polygon","coordinates":[[[3.99471163,50.97707765],[3.99462343,50.97708068],[3.9946221,50.97708591],[3.99445562,50.97706588],[3.99446701,50.97703023],[3.99450899,50.97703557],[3.99451267,50.97699946],[3.99451851,50.97698154],[3.99456672,50.97698714],[3.99456603,50.9769905],[3.99462903,50.97699739],[3.99462973,50.97699365],[3.99473746,50.97699308],[3.9947446,50.97699304],[3.99474296,50.97704965],[3.99471245,50.97704929],[3.99471163,50.97707765]]]}},{"type":"Feature","id":"gebouw/Gebouw.9044628/0","properties":{"source":"Digitaal Vlaanderen Gebouwenregister","source_id":"gebouw/Gebouw.9044628/0","kind":"building","height_m":8.6,"status":null},"geometry":{"type":"Polygon","coordinates":[[[3.99439786,50.9772428],[3.99442409,50.97715356],[3.99457001,50.97717063],[3.99455966,50.9772059],[3.99458092,50.97720838],[3.99454055,50.97734576],[3.99445686,50.97733596],[3.99437348,50.9773262],[3.99437422,50.9773242],[3.99436653,50.97732336],[3.99438986,50.97724252],[3.99439786,50.9772428]]]}},{"type":"Feature","id":"gebouw/Gebouw.9048690/0","properties":{"source":"Digitaal Vlaanderen Gebouwenregister","source_id":"gebouw/Gebouw.9048690/0","kind":"building","height_m":5.0,"status":null},"geometry":{"type":"Polygon","coordinates":[[[3.99060768,50.97816268],[3.99065308,50.97817081],[3.99064098,50.97820027],[3.99059383,50.97819233],[3.99060768,50.97816268]]]}},{"type":"Feature","id":"gebouw/Gebouw.9048692/0","properties":{"source":"Digitaal Vlaanderen Gebouwenregister","source_id":"gebouw/Gebouw.9048692/0","kind":"building","height_m":6.44,"status":null},"geometry":{"type":"Polygon","coordinates":[[[3.99484345,50.97830662],[3.99482931,50.97833512],[3.99479831,50.97832971],[3.9947901,50.97834723],[3.99473404,50.97833611],[3.99474619,50.97830747],[3.99475405,50.97828895],[3.99484345,50.97830662]]]}},{"type":"Feature","id":"gebouw/Gebouw.9048696/0","properties":{"source":"Digitaal Vlaanderen Gebouwenregister","source_id":"gebouw/Gebouw.9048696/0","kind":"building","height_m":9.32,"status":null},"geometry":{"type":"Polygon","coordinates":[[[3.99407342,50.97697302],[3.99413578,50.97698177],[3.99410907,50.97704553],[3.99404439,50.97703488],[3.99407342,50.97697302]]]}},{"type":"Feature","id":"gebouw/Gebouw.9048697/0","properties":{"source":"Digitaal Vlaanderen Gebouwenregister","source_id":"gebouw/Gebouw.9048697/0","kind":"building","height_m":5.0,"status":null},"geometry":{"type":"Polygon","coordinates":[[[3.99342186,50.97504775],[3.99347167,50.97508071],[3.99343579,50.9751011],[3.99338779,50.97506741],[3.99342186,50.97504775]]]}},{"type":"Feature","id":"gebouw/Gebouw.9048848/0","properties":{"source":"Digitaal Vlaanderen Gebouwenregister","source_id":"gebouw/Gebouw.9048848/0","kind":"building","height_m":7.88,"status":null},"geometry":{"type":"Polygon","coordinates":[[[3.98568122,50.97971419],[3.98557594,50.97988457],[3.98548477,50.97986219],[3.98548663,50.97985917],[3.9854216,50.97984322],[3.98552489,50.97967545],[3.98568122,50.97971419]]]}},{"type":"Feature","id":"gebouw/Gebouw.9049141/0","properties":{"source":"Digitaal Vlaanderen Gebouwenregister","source_id":"gebouw/Gebouw.9049141/0","kind":"building","height_m":7.16,"status":null},"geometry":{"type":"Polygon","coordinates":[[[3.99293578,50.97770511],[3.99294475,50.97768886],[3.99295431,50.97767152],[3.99290918,50.97766221],[3.99286598,50.97774264],[3.99282057,50.9777324],[3.99281028,50.97775045],[3.99280805,50.97774978],[3.99276601,50.97782736],[3.99276763,50.9778277],[3.99276453,50.9778334],[3.99285285,50.97785249],[3.99293578,50.97770511]]]}},{"type":"Feature","id":"gebouw/Gebouw.9049142/0","properties":{"source":"Digitaal Vlaanderen Gebouwenregister","source_id":"gebouw/Gebouw.9049142/0","kind":"building","height_m":7.88,"status":null},"geometry":{"type":"Polygon","coordinates":[[[3.99399013,50.97854807],[3.99402685,50.97850051],[3.99409094,50.97851995],[3.99404395,50.97858632],[3.9940385,50.97858479],[3.994011,50.97861855],[3.99398424,50.97861019],[3.99392684,50.97868897],[3.99389369,50.97873898],[3.99385424,50.97872805],[3.9939079,50.9786556],[3.99399013,50.97854807]]]}},{"type":"Feature","id":"gebouw/Gebouw.9049265/0","properties":{"source":"Digitaal Vlaanderen Gebouwenregister","source_id":"gebouw/Gebouw.9049265/0","kind":"building","height_m":5.72,"status":null},"geometry":{"type":"Polygon","coordinates":[[[3.98806638,50.97856456],[3.9881067,50.97858674],[3.98807765,50.97860702],[3.9880385,50.97858523],[3.98806638,50.97856456]]]}},{"type":"Feature","id":"gebouw/Gebouw.9100394/0","properties":{"source":"Digitaal Vlaanderen Gebouwenregister","source_id":"gebouw/Gebouw.9100394/0","kind":"building","height_m":6.44,"status":null},"geometry":{"type":"Polygon","coordinates":[[[3.99506668,50.97525675],[3.99507343,50.97525926],[3.99506978,50.97526259],[3.99499739,50.97523008],[3.99498838,50.97522838],[3.99499,50.97522676],[3.99506196,50.97515473],[3.99509783,50.97516906],[3.99511406,50.97515389],[3.99518159,50.97517998],[3.99516543,50.97519606],[3.99521112,50.97521532],[3.99516417,50.97525974],[3.99513078,50.97524567],[3.99512773,50.97524863],[3.99508725,50.97523207],[3.99506668,50.97525675]]]}},{"type":"Feature","id":"gebouw/Gebouw.9100578/0","properties":{"source":"Digitaal Vlaanderen Gebouwenregister","source_id":"gebouw/Gebouw.9100578/0","kind":"building","height_m":7.88,"status":null},"geometry":{"type":"Polygon","coordinates":[[[3.98713192,50.97475685],[3.98711645,50.97475359],[3.98709535,50.97478602],[3.98704445,50.97477283],[3.98704652,50.97476967],[3.98701808,50.97476232],[3.98711412,50.97461622],[3.98715487,50.97462656],[3.98714867,50.97463623],[3.98716134,50.97463918],[3.98719562,50.97458635],[3.98726746,50.97461179],[3.9872343,50.97466632],[3.98719263,50.97465545],[3.98715414,50.97471571],[3.98715944,50.97471726],[3.98713192,50.97475685]]]}},{"type":"Feature","id":"gebouw/Gebouw.9100579/0","properties":{"source":"Digitaal Vlaanderen Gebouwenregister","source_id":"gebouw/Gebouw.9100579/0","kind":"building","height_m":8.6,"status":null},"geometry":{"type":"Polygon","coordinates":[[[3.98720084,50.97477486],[3.98722748,50.9747347],[3.98728018,50.97474896],[3.98731686,50.97468981],[3.98735692,50.9747],[3.98727531,50.97482831],[3.98724635,50.97482076],[3.98724433,50.9748239],[3.98719444,50.97481115],[3.98721504,50.97477904],[3.98720084,50.97477486]]]}},{"type":"Feature","id":"gebouw/Gebouw.9100762/0","properties":{"source":"Digitaal Vlaanderen Gebouwenregister","source_id":"gebouw/Gebouw.9100762/0","kind":"building","height_m":9.32,"status":null},"geometry":{"type":"Polygon","coordinates":[[[3.98812926,50.97514958],[3.9880811,50.97513218],[3.98811331,50.97509452],[3.98816175,50.97511226],[3.98815562,50.97511953],[3.98825746,50.97515907],[3.98823488,50.9751813],[3.98813446,50.97514421],[3.98812926,50.97514958]]]}},{"type":"Feature","id":"gebouw/Gebouw.9100766/0","properties":{"source":"Digitaal Vlaanderen Gebouwenregister","source_id":"gebouw/Gebouw.9100766/0","kind":"building","height_m":7.16,"status":null},"geometry":{"type":"Polygon","coordinates":[[[3.99359385,50.97496866],[3.99366039,50.97491326],[3.99375168,50.97495697],[3.99368645,50.97501127],[3.99372411,50.97502884],[3.99365032,50.97508964],[3.9935349,50.97503703],[3.99354044,50.97503218],[3.99359451,50.97498487],[3.99359128,50.9749708],[3.99359385,50.97496866]]]}},{"type":"Feature","id":"gebouw/Gebouw.9100767/0","properties":{"source":"Digitaal Vlaanderen Gebouwenregister","source_id":"gebouw/Gebouw.9100767/0","kind":"building","height_m":7.88,"status":null},"geometry":{"type":"Polygon","coordinates":[[[3.99420343,50.97630373],[3.99420491,50.97627191],[3.99426842,50.97627149],[3.99426661,50.97630425],[3.99420343,50.97630373]]]}},{"type":"Feature","id":"gebouw/Gebouw.9100768/0","properties":{"source":"Digitaal Vlaanderen Gebouwenregister","source_id":"gebouw/Gebouw.9100768/0","kind":"building","height_m":8.6,"status":null},"geometry":{"type":"Polygon","coordinates":[[[3.9944276,50.97653156],[3.99459052,50.97653327],[3.99458711,50.97666327],[3.99445774,50.97666192],[3.99445804,50.9766514],[3.99439844,50.97665018],[3.99440001,50.97661535],[3.99440835,50.97661535],[3.99440829,50.97657742],[3.99442766,50.97657741],[3.9944276,50.97653156]]]}},{"type":"Feature","id":"gebouw/Gebouw.9100769/0","properties":{"source":"Digitaal Vlaanderen Gebouwenregister","source_id":"gebouw/Gebouw.9100769/0","kind":"building","height_m":9.32,"status":null},"geometry":{"type":"Polygon","coordinates":[[[3.99262158,50.97753894],[3.99259505,50.97753264],[3.99256322,50.97759916],[3.99250983,50.97758826],[3.99256032,50.97749124],[3.992636,50.97751138],[3.99262158,50.97753894]]]}},{"type":"Feature","id":"gebouw/Gebouw.9100770/0","properties":{"source":"Digitaal Vlaanderen Gebouwenregister","source_id":"gebouw/Gebouw.9100770/0","kind":"building","height_m":5.0,"status":null},"geometry":{"type":"Polygon","coordinates":[[[3.99161237,50.9774074],[3.9916834,50.97742011],[3.9916475,50.97751441],[3.99157544,50.97750347],[3.99161237,50.9774074]]]}},{"type":"Feature","id":"gebouw/Gebouw.9100771/0","properties":{"source":"Digitaal Vlaanderen Gebouwenregister","source_id":"gebouw/Gebouw.9100771/0","kind":"building","height_m":5.72,"status":null},"geometry":{"type":"Polygon","coordinates":[[[3.99055346,50.97725332],[3.99052643,50.97730228],[3.99041858,50.97727856],[3.99048679,50.97715496],[3.99059437,50.97717917],[3.99057734,50.97721003],[3.99055346,50.97725332]]]}},{"type":"Feature","id":"gebouw/Gebouw.9100772/0","properties":{"source":"Digitaal Vlaanderen Gebouwenregister","source_id":"gebouw/Gebouw.9100772/0","kind":"building","height_m":6.44,"status":null},"geometry":{"type":"Polygon","coordinates":[[[3.9901325,50.9771434],[3.99030593,50.97714166],[3.99030899,50.97726158],[3.99024373,50.97726225],[3.99024301,50.97724157],[3.99013504,50.97724267],[3.9901325,50.9771434]]]}},{"type":"Feature","id":"gebouw/Gebouw.9100886/0","properties":{"source":"Digitaal Vlaanderen Gebouwenregister","source_id":"gebouw/Gebouw.9100886/0","kind":"building","height_m":7.88,"status":null},"geometry":{"type":"Polygon","coordinates":[[[3.98578118,50.9766505],[3.9858135,50.97666172],[3.9857759,50.9767115],[3.98574562,50.97670161],[3.98577354,50.97666877],[3.98576943,50.97666722],[3.98578118,50.9766505]]]}},{"type":"Feature","id":"gebouw/Gebouw.9100895/0","properties":{"source":"Digitaal Vlaanderen Gebouwenregister","source_id":"gebouw/Gebouw.9100895/0","kind":"building","height_m":9.32,"status":null},"geometry":{"type":"Polygon","coordinates":[[[3.99292015,50.97826547],[3.99280751,50.97824061],[3.99283474,50.97819015],[3.9928427,50.97819193],[3.99285861,50.9781642],[3.99284486,50.97816078],[3.99287494,50.97810632],[3.99288976,50.97810958],[3.99291968,50.97811613],[3.99294334,50.97807374],[3.99303204,50.97809316],[3.99299217,50.97816576],[3.99296343,50.97821809],[3.99294768,50.97821483],[3.99292015,50.97826547]]]}},{"type":"Feature","id":"gebouw/Gebouw.9100907/0","properties":{"source":"Digitaal Vlaanderen Gebouwenregister","source_id":"gebouw/Gebouw.9100907/0","kind":"building","height_m":7.88,"status":null},"geometry":{"type":"Polygon","coordinates":[[[3.98955859,50.97713008],[3.98970378,50.97712779],[3.98970888,50.97720683],[3.989748,50.97720671],[3.98975069,50.97726597],[3.9896555,50.97726795],[3.98965526,50.97726344],[3.98964833,50.97726358],[3.98962534,50.97726403],[3.98962546,50.9772685],[3.98956501,50.97726972],[3.98955859,50.97713008]]]}},{"type":"Feature","id":"gebouw/Gebouw.9100985/0","properties":{"source":"Digitaal Vlaanderen Gebouwenregister","source_id":"gebouw/Gebouw.9100985/0","kind":"building","height_m":8.6,"status":null},"geometry":{"type":"Polygon","coordinates":[[[3.99119959,50.97858319],[3.99124087,50.97850187],[3.99131769,50.97851742],[3.99127597,50.97859959],[3.99119959,50.97858319]]]}},{"type":"Feature","id":"gebouw/Gebouw.9100986/0","properties":{"source":"Digitaal Vlaanderen Gebouwenregister","source_id":"gebouw/Gebouw.9100986/0","kind":"building","height_m":9.32,"status":null},"geometry":{"type":"Polygon","coordinates":[[[3.98872907,50.97764147],[3.98864105,50.97762737],[3.98870533,50.97745671],[3.98878896,50.97746558],[3.98872907,50.97764147]]]}},{"type":"Feature","id":"gebouw/Gebouw.9100987/0","properties":{"source":"Digitaal Vlaanderen Gebouwenregister","source_id":"gebouw/Gebouw.9100987/0","kind":"building","height_m":5.0,"status":null},"geometry":{"type":"Polygon","coordinates":[[[3.98767911,50.9780088],[3.98762658,50.97799884],[3.98764594,50.97795392],[3.98765096,50.97795491],[3.98766241,50.9779277],[3.98770965,50.97793526],[3.98776431,50.97794401],[3.98775044,50.97798338],[3.98769344,50.97797431],[3.98767911,50.9780088]]]}},{"type":"Feature","id":"gebouw/Gebouw.9100993/0","properties":{"source":"Digitaal Vlaanderen Gebouwenregister","source_id":"gebouw/Gebouw.9100993/0","kind":"building","height_m":9.32,"status":null},"geometry":{"type":"Polygon","coordinates":[[[3.98737582,50.97714753],[3.98748185,50.97715223],[3.98746609,50.97728905],[3.98728576,50.97728076],[3.98730433,50.97712593],[3.98737839,50.97712976],[3.98737582,50.97714753]]]}},{"type":"Feature","id":"gebouw/Gebouw.9100997/0","properties":{"source":"Digitaal Vlaanderen Gebouwenregister","source_id":"gebouw/Gebouw.9100997/0","kind":"building","height_m":7.16,"status":null},"geometry":{"type":"Polygon","coordinates":[[[3.98788672,50.97772699],[3.98781933,50.97772867],[3.9878104,50.97760005],[3.98788383,50.97759861],[3.9878854,50.97762366],[3.98792173,50.97762306],[3.98792039,50.97759777],[3.98799356,50.97759653],[3.98799909,50.97772546],[3.98793182,50.97772712],[3.98793041,50.97770332],[3.98788529,50.97770393],[3.98788672,50.97772699]]]}},{"type":"Feature","id":"gebouw/Gebouw.9100999/0","properties":{"source":"Digitaal Vlaanderen Gebouwenregister","source_id":"gebouw/Gebouw.9100999/0","kind":"building","height_m":8.6,"status":null},"geometry":{"type":"Polygon","coordinates":[[[3.98456062,50.974603],[3.98466053,50.97462693],[3.98473542,50.97450308],[3.98464325,50.97448086],[3.98462255,50.97451385],[3.9846095,50.97451086],[3.98456309,50.97459026],[3.98452778,50.97457975],[3.98447827,50.97465544],[3.98451669,50.97466634],[3.98456062,50.974603]]]}},{"type":"Feature","id":"gebouw/Gebouw.9101033/0","properties":{"source":"Digitaal Vlaanderen Gebouwenregister","source_id":"gebouw/Gebouw.9101033/0","kind":"building","height_m":7.88,"status":null},"geometry":{"type":"Polygon","coordinates":[[[3.99497564,50.97536119],[3.99500271,50.97537477],[3.9949394,50.9754302],[3.99488363,50.97540481],[3.99482615,50.97537865],[3.99489273,50.97532053],[3.99496854,50.97535771],[3.99497564,50.97536119]]]}},{"type":"Feature","id":"gebouw/Gebouw.9124510/0","properties":{"source":"Digitaal Vlaanderen Gebouwenregister","source_id":"gebouw/Gebouw.9124510/0","kind":"building","height_m":7.16,"status":null},"geometry":{"type":"Polygon","coordinates":[[[3.98752773,50.97554554],[3.98749373,50.97558134],[3.98746719,50.97560929],[3.98738399,50.97557164],[3.98741301,50.97554528],[3.98740032,50.97553961],[3.98743365,50.97550458],[3.98752773,50.97554554]]]}},{"type":"Feature","id":"gebouw/Gebouw.9127194/0","properties":{"source":"Digitaal Vlaanderen Gebouwenregister","source_id":"gebouw/Gebouw.9127194/0","kind":"building","height_m":9.32,"status":null},"geometry":{"type":"Polygon","coordinates":[[[3.994594,50.9780221],[3.99465895,50.97803733],[3.99464268,50.97807043],[3.99457423,50.97805656],[3.994594,50.9780221]]]}},{"type":"Feature","id":"gebouw/Gebouw.9127196/0","properties":{"source":"Digitaal Vlaanderen Gebouwenregister","source_id":"gebouw/Gebouw.9127196/0","kind":"building","height_m":5.72,"status":null},"geometry":{"type":"Polygon","coordinates":[[[3.99033906,50.97434197],[3.990385,50.9743541],[3.99035584,50.9743991],[3.99031167,50.97438737],[3.99033906,50.97434197]]]}},{"type":"Feature","id":"gebouw/Gebouw.9127234/0","properties":{"source":"Digitaal Vlaanderen Gebouwenregister","source_id":"gebouw/Gebouw.9127234/0","kind":"building","height_m":7.88,"status":null},"geometry":{"type":"Polygon","coordinates":[[[3.99298623,50.97646976],[3.99304208,50.97647769],[3.99301586,50.97653453],[3.99303709,50.97653926],[3.99301805,50.97657295],[3.99293546,50.97655554],[3.99298623,50.97646976]]]}},{"type":"Feature","id":"gebouw/Gebouw.9127235/0","properties":{"source":"Digitaal Vlaanderen Gebouwenregister","source_id":"gebouw/Gebouw.9127235/0","kind":"building","height_m":8.6,"status":null},"geometry":{"type":"Polygon","coordinates":[[[3.99453932,50.9767469],[3.99457774,50.9767522],[3.99456171,50.9767951],[3.99452302,50.97678886],[3.99453932,50.9767469]]]}},{"type":"Feature","id":"gebouw/Gebouw.9127236/0","properties":{"source":"Digitaal Vlaanderen Gebouwenregister","source_id":"gebouw/Gebouw.9127236/0","kind":"building","height_m":9.32,"status":null},"geometry":{"type":"Polygon","coordinates":[[[3.99315739,50.97772998],[3.99312073,50.97772103],[3.99311931,50.977723],[3.9930719,50.97771029],[3.99315031,50.97760141],[3.9931614,50.97760982],[3.9931869,50.97762915],[3.99318254,50.9776352],[3.99321143,50.97764367],[3.99317627,50.97769161],[3.99315739,50.97772998]]]}},{"type":"Feature","id":"gebouw/Gebouw.9127237/0","properties":{"source":"Digitaal Vlaanderen Gebouwenregister","source_id":"gebouw/Gebouw.9127237/0","kind":"building","height_m":5.0,"status":null},"geometry":{"type":"Polygon","coordinates":[[[3.98903739,50.97713301],[3.98909996,50.97713263],[3.9891041,50.97727533],[3.98899746,50.97727657],[3.98899461,50.97719773],[3.98898513,50.97719786],[3.98898062,50.97720055],[3.98892247,50.97720127],[3.98891786,50.97719871],[3.98887676,50.97719928],[3.98887665,50.97720228],[3.98887215,50.97720214],[3.98887204,50.97719935],[3.988854,50.97719961],[3.98885673,50.97727568],[3.9888793,50.97727542],[3.98887939,50.97727821],[3.98877955,50.97727937],[3.98877539,50.97713715],[3.98891122,50.97713553],[3.98890928,50.97710985],[3.98903776,50.97710923],[3.98903739,50.97713301]]]}},{"type":"Feature","id":"gebouw/Gebouw.9127238/0","properties":{"source":"Digitaal Vlaanderen Gebouwenregister","source_id":"gebouw/Gebouw.9127238/0","kind":"building","height_m":5.72,"status":null},"geometry":{"type":"Polygon","coordinates":[[[3.98777956,50.97704398],[3.98778628,50.97700529],[3.98786305,50.97700783],[3.98785661,50.9770471],[3.98777956,50.97704398]]]}},{"type":"Feature","id":"gebouw/Gebouw.9127270/0","properties":{"source":"Digitaal Vlaanderen Gebouwenregister","source_id":"gebouw/Gebouw.9127270/0","kind":"building","height_m":8.6,"status":null},"geometry":{"type":"Polygon","coordinates":[[[3.98543414,50.97717807],[3.98546224,50.97710239],[3.98562864,50.97712826],[3.98559963,50.97720128],[3.98543414,50.97717807]]]}},{"type":"Feature","id":"gebouw/Gebouw.9127271/0","properties":{"source":"Digitaal Vlaanderen Gebouwenregister","source_id":"gebouw/Gebouw.9127271/0","kind":"building","height_m":9.32,"status":null},"geometry":{"type":"Polygon","coordinates":[[[3.99456046,50.9778692],[3.99457499,50.97783849],[3.99461851,50.97784669],[3.99460399,50.97787741],[3.99456046,50.9778692]]]}},{"type":"Feature","id":"gebouw/Gebouw.9127392/0","properties":{"source":"Digitaal Vlaanderen Gebouwenregister","source_id":"gebouw/Gebouw.9127392/0","kind":"building","height_m":5.72,"status":null},"geometry":{"type":"Polygon","coordinates":[[[3.98985542,50.97726591],[3.98985134,50.97726593],[3.98984956,50.97716339],[3.98991685,50.97716216],[3.98994946,50.97714192],[3.98997827,50.97716191],[3.99001934,50.9771604],[3.99002203,50.97726439],[3.98994541,50.97726517],[3.9899413,50.97726454],[3.98993769,50.97726314],[3.98993493,50.97726112],[3.98993228,50.97725873],[3.9899303,50.97725609],[3.98992904,50.97725328],[3.98991332,50.97725376],[3.98991353,50.97726089],[3.98985539,50.97726143],[3.98985542,50.97726591]]]}},{"type":"Feature","id":"gebouw/Gebouw.9127437/0","properties":{"source":"Digitaal Vlaanderen Gebouwenregister","source_id":"gebouw/Gebouw.9127437/0","kind":"building","height_m":7.88,"status":null},"geometry":{"type":"Polygon","coordinates":[[[3.98752282,50.97795385],[3.9875433,50.97789021],[3.98757346,50.97789392],[3.98755269,50.97795737],[3.98752282,50.97795385]]]}},{"type":"Feature","id":"gebouw/Gebouw.9127438/0","properties":{"source":"Digitaal Vlaanderen Gebouwenregister","source_id":"gebouw/Gebouw.9127438/0","kind":"building","height_m":8.6,"status":null},"geometry":{"type":"Polygon","coordinates":[[[3.98752699,50.97768961],[3.98752321,50.97768991],[3.98751988,50.97759212],[3.98757,50.97759144],[3.9875708,50.97760452],[3.98769154,50.97760236],[3.98769545,50.97768952],[3.98768721,50.97768954],[3.98768964,50.97770867],[3.98756461,50.97771307],[3.98756288,50.9777005],[3.98752725,50.9777016],[3.98752699,50.97768961]]]}},{"type":"Feature","id":"gebouw/Gebouw.9127448/0","properties":{"source":"Digitaal Vlaanderen Gebouwenregister","source_id":"gebouw/Gebouw.9127448/0","kind":"building","height_m":5.72,"status":null},"geometry":{"type":"Polygon","coordinates":[[[3.99466613,50.97688979],[3.99464181,50.97697031],[3.99457746,50.97696256],[3.99457817,50.97695955],[3.99441879,50.97694035],[3.9944417,50.97686381],[3.99466613,50.97688979]]]}},{"type":"Feature","id":"gebouw/Gebouw.9127966/0","properties":{"source":"Digitaal Vlaanderen Gebouwenregister","source_id":"gebouw/Gebouw.9127966/0","kind":"building","height_m":5.72,"status":null},"geometry":{"type":"Polygon","coordinates":[[[3.98726666,50.97559786],[3.98723956,50.97562235],[3.98707109,50.975544],[3.9871035,50.97551623],[3.98712536,50.97552641],[3.98717728,50.97548157],[3.98734786,50.97556034],[3.98729096,50.97560956],[3.98726666,50.97559786]]]}},{"type":"Feature","id":"gebouw/Gebouw.9127967/0","properties":{"source":"Digitaal Vlaanderen Gebouwenregister","source_id":"gebouw/Gebouw.9127967/0","kind":"building","height_m":6.44,"status":null},"geometry":{"type":"Polygon","coordinates":[[[3.98771389,50.97553002],[3.98773506,50.97550497],[3.98778294,50.97552218],[3.98776119,50.97554647],[3.98771389,50.97553002]]]}},{"type":"Feature","id":"gebouw/Gebouw.9128125/0","properties":{"source":"Digitaal Vlaanderen Gebouwenregister","source_id":"gebouw/Gebouw.9128125/0","kind":"building","height_m":9.32,"status":null},"geometry":{"type":"Polygon","coordinates":[[[3.98588743,50.97683862],[3.98591099,50.9768342],[3.98590681,50.9768246],[3.98592025,50.97682157],[3.98595168,50.97677997],[3.98594287,50.97677687],[3.98593376,50.97677358],[3.98596146,50.97673831],[3.98597087,50.97674141],[3.98605763,50.97676842],[3.98603267,50.97680129],[3.98603992,50.97680378],[3.98596805,50.97689775],[3.98591143,50.97688049],[3.98589442,50.97690234],[3.98581724,50.97687841],[3.98585579,50.97682884],[3.98588743,50.97683862]]]}},{"type":"Feature","id":"gebouw/Gebouw.9128126/0","properties":{"source":"Digitaal Vlaanderen Gebouwenregister","source_id":"gebouw/Gebouw.9128126/0","kind":"building","height_m":5.0,"status":null},"geometry":{"type":"Polygon","coordinates":[[[3.98507262,50.97675369],[3.98505025,50.97678776],[3.98496708,50.97676295],[3.98498834,50.97673162],[3.98507262,50.97675369]]]}},{"type":"Feature","id":"gebouw/Gebouw.9134702/0","properties":{"source":"Digitaal Vlaanderen Gebouwenregister","source_id":"gebouw/Gebouw.9134702/0","kind":"building","height_m":7.16,"status":null},"geometry":{"type":"Polygon","coordinates":[[[3.98598262,50.97724766],[3.98597686,50.9773016],[3.98597044,50.97736109],[3.98593927,50.97735959],[3.98588219,50.97735684],[3.9859,50.97724252],[3.98598262,50.97724766]]]}},{"type":"Feature","id":"gebouw/Gebouw.9171974/0","properties":{"source":"Digitaal Vlaanderen Gebouwenregister","source_id":"gebouw/Gebouw.9171974/0","kind":"building","height_m":5.0,"status":null},"geometry":{"type":"Polygon","coordinates":[[[3.98670279,50.97597269],[3.98672833,50.9759402],[3.98676102,50.975949],[3.98673604,50.97598262],[3.98670279,50.97597269]]]}},{"type":"Feature","id":"gebouw/Gebouw.9171975/0","properties":{"source":"Digitaal Vlaanderen Gebouwenregister","source_id":"gebouw/Gebouw.9171975/0","kind":"building","height_m":5.72,"status":null},"geometry":{"type":"Polygon","coordinates":[[[3.98774842,50.97479861],[3.9876834,50.97477934],[3.98769202,50.9747682],[3.98775262,50.97478648],[3.98783828,50.97481048],[3.98783206,50.97482053],[3.98774842,50.97479861]]]}},{"type":"Feature","id":"gebouw/Gebouw.9172012/0","properties":{"source":"Digitaal Vlaanderen Gebouwenregister","source_id":"gebouw/Gebouw.9172012/0","kind":"building","height_m":7.16,"status":null},"geometry":{"type":"Polygon","coordinates":[[[3.98554366,50.9777974],[3.98554082,50.97777152],[3.9856543,50.9777668],[3.98565684,50.97779249],[3.98554366,50.9777974]]]}},{"type":"Feature","id":"gebouw/Gebouw.9172013/0","properties":{"source":"Digitaal Vlaanderen Gebouwenregister","source_id":"gebouw/Gebouw.9172013/0","kind":"building","height_m":7.88,"status":null},"geometry":{"type":"Polygon","coordinates":[[[3.98535221,50.9788625],[3.9854615,50.97868804],[3.98559739,50.97872297],[3.98548538,50.97889663],[3.98535221,50.9788625]]]}},{"type":"Feature","id":"gebouw/Gebouw.9172057/0","properties":{"source":"Digitaal Vlaanderen Gebouwenregister","source_id":"gebouw/Gebouw.9172057/0","kind":"building","height_m":9.32,"status":null},"geometry":{"type":"Polygon","coordinates":[[[3.99415974,50.9774398],[3.99421461,50.97745091],[3.99419253,50.97749786],[3.99413705,50.97748713],[3.99415974,50.9774398]]]}},{"type":"Feature","id":"gebouw/Gebouw.9172062/0","properties":{"source":"Digitaal Vlaanderen Gebouwenregister","source_id":"gebouw/Gebouw.9172062/0","kind":"building","height_m":7.88,"status":null},"geometry":{"type":"Polygon","coordinates":[[[3.99448742,50.97617411],[3.99448772,50.97616362],[3.99457153,50.97616351],[3.9945698,50.97623363],[3.99459803,50.97623392],[3.99459692,50.97627792],[3.99439734,50.97627595],[3.99439786,50.97621544],[3.99440971,50.97621594],[3.99440937,50.97617492],[3.99448742,50.97617411]]]}},{"type":"Feature","id":"gebouw/Gebouw.9172063/0","properties":{"source":"Digitaal Vlaanderen Gebouwenregister","source_id":"gebouw/Gebouw.9172063/0","kind":"building","height_m":8.6,"status":null},"geometry":{"type":"Polygon","coordinates":[[[3.99277082,50.97732726],[3.99281024,50.97734962],[3.99278449,50.97736862],[3.99274386,50.97734701],[3.99277082,50.97732726]]]}},{"type":"Feature","id":"gebouw/Gebouw.9172064/0","properties":{"source":"Digitaal Vlaanderen Gebouwenregister","source_id":"gebouw/Gebouw.9172064/0","kind":"building","height_m":9.32,"status":null},"geometry":{"type":"Polygon","coordinates":[[[3.99036209,50.97707012],[3.99033957,50.97702679],[3.99041267,50.97701244],[3.9904349,50.9770552],[3.99036209,50.97707012]]]}},{"type":"Feature","id":"gebouw/Gebouw.9172065/0","properties":{"source":"Digitaal Vlaanderen Gebouwenregister","source_id":"gebouw/Gebouw.9172065/0","kind":"building","height_m":5.0,"status":null},"geometry":{"type":"Polygon","coordinates":[[[3.98704546,50.97716292],[3.98718357,50.97717691],[3.98716039,50.9772633],[3.98710429,50.97725731],[3.98709883,50.97726401],[3.987021,50.97725531],[3.9870235,50.97724534],[3.98697167,50.97723963],[3.98699259,50.97716495],[3.98704291,50.97716926],[3.98704546,50.97716292]]]}},{"type":"Feature","id":"gebouw/Gebouw.9172220/0","properties":{"source":"Digitaal Vlaanderen Gebouwenregister","source_id":"gebouw/Gebouw.9172220/0","kind":"building","height_m":5.72,"status":null},"geometry":{"type":"Polygon","coordinates":[[[3.99261477,50.97809891],[3.99262504,50.97810143],[3.99264913,50.97805734],[3.99276987,50.97808365],[3.99269674,50.9782178],[3.99269001,50.97821633],[3.99268461,50.97822624],[3.99265588,50.97822],[3.99266085,50.97821218],[3.99257384,50.97819379],[3.99258951,50.978164],[3.99256416,50.9781581],[3.99258384,50.97812292],[3.99260037,50.97812572],[3.99261477,50.97809891]]]}},{"type":"Feature","id":"gebouw/Gebouw.9172361/0","properties":{"source":"Digitaal Vlaanderen Gebouwenregister","source_id":"gebouw/Gebouw.9172361/0","kind":"building","height_m":6.44,"status":null},"geometry":{"type":"Polygon","coordinates":[[[3.98666809,50.97521835],[3.9867264,50.97523361],[3.98671187,50.97525462],[3.98665444,50.97523955],[3.98666809,50.97521835]]]}},{"type":"Feature","id":"gebouw/Gebouw.9172362/0","properties":{"source":"Digitaal Vlaanderen Gebouwenregister","source_id":"gebouw/Gebouw.9172362/0","kind":"building","height_m":7.16,"status":null},"geometry":{"type":"Polygon","coordinates":[[[3.98552926,50.97609803],[3.98563843,50.97600091],[3.98577058,50.97606063],[3.98569769,50.97612492],[3.98571522,50.97613288],[3.98567873,50.97616522],[3.98552926,50.97609803]]]}},{"type":"Feature","id":"gebouw/Gebouw.9172566/0","properties":{"source":"Digitaal Vlaanderen Gebouwenregister","source_id":"gebouw/Gebouw.9172566/0","kind":"building","height_m":7.88,"status":null},"geometry":{"type":"Polygon","coordinates":[[[3.99037538,50.97798039],[3.99042206,50.97798766],[3.99039859,50.97804134],[3.99035109,50.97803201],[3.99037538,50.97798039]]]}},{"type":"Feature","id":"gebouw/Gebouw.9172675/0","properties":{"source":"Digitaal Vlaanderen Gebouwenregister","source_id":"gebouw/Gebouw.9172675/0","kind":"building","height_m":5.72,"status":null},"geometry":{"type":"Polygon","coordinates":[[[3.98759563,50.97838172],[3.98754036,50.97836349],[3.98755967,50.97833112],[3.98761652,50.9783458],[3.98759563,50.97838172]]]}},{"type":"Feature","id":"gebouw/Gebouw.9172685/0","properties":{"source":"Digitaal Vlaanderen Gebouwenregister","source_id":"gebouw/Gebouw.9172685/0","kind":"building","height_m":7.88,"status":null},"geometry":{"type":"Polygon","coordinates":[[[3.98751788,50.97436483],[3.98735133,50.9743057],[3.98741595,50.97423608],[3.98768445,50.97434144],[3.98766214,50.9743646],[3.98755492,50.97432492],[3.98751788,50.97436483]]]}},{"type":"Feature","id":"gebouw/Gebouw.9172708/0","properties":{"source":"Digitaal Vlaanderen Gebouwenregister","source_id":"gebouw/Gebouw.9172708/0","kind":"building","height_m":9.32,"status":null},"geometry":{"type":"Polygon","coordinates":[[[3.99515611,50.97634374],[3.9951425,50.97639071],[3.99494402,50.97637035],[3.99495736,50.97632145],[3.99515611,50.97634374]]]}},{"type":"Feature","id":"gebouw/Gebouw.9172719/0","properties":{"source":"Digitaal Vlaanderen Gebouwenregister","source_id":"gebouw/Gebouw.9172719/0","kind":"building","height_m":7.16,"status":null},"geometry":{"type":"Polygon","coordinates":[[[3.98577559,50.97449093],[3.98582241,50.97438934],[3.98580918,50.97438691],[3.98576282,50.97437838],[3.98574426,50.97437497],[3.98570697,50.97445584],[3.98567418,50.97444996],[3.9856405,50.97451876],[3.98566071,50.97452271],[3.98565238,50.9745408],[3.9857448,50.97455778],[3.98577559,50.97449093]]]}},{"type":"Feature","id":"gebouw/Gebouw.9172720/0","properties":{"source":"Digitaal Vlaanderen Gebouwenregister","source_id":"gebouw/Gebouw.9172720/0","kind":"building","height_m":7.88,"status":null},"geometry":{"type":"Polygon","coordinates":[[[3.98608957,50.97646666],[3.98605422,50.97645068],[3.98611812,50.97639075],[3.9861105,50.97638729],[3.98614075,50.97635861],[3.9860219,50.9763089],[3.98591936,50.97640659],[3.98599372,50.97643769],[3.9859681,50.97646035],[3.9860632,50.97650156],[3.98608957,50.97646666]]]}},{"type":"Feature","id":"gebouw/Gebouw.9172734/0","properties":{"source":"Digitaal Vlaanderen Gebouwenregister","source_id":"gebouw/Gebouw.9172734/0","kind":"building","height_m":7.88,"status":null},"geometry":{"type":"Polygon","coordinates":[[[3.99485712,50.9777443],[3.99481663,50.97781371],[3.99479707,50.97779981],[3.99474048,50.97775957],[3.99470636,50.97773531],[3.99480849,50.97768086],[3.99486519,50.97772367],[3.99484543,50.97773415],[3.99485712,50.9777443]]]}},{"type":"Feature","id":"gebouw/Gebouw.9172736/0","properties":{"source":"Digitaal Vlaanderen Gebouwenregister","source_id":"gebouw/Gebouw.9172736/0","kind":"building","height_m":9.32,"status":null},"geometry":{"type":"Polygon","coordinates":[[[3.99411531,50.97531903],[3.99398856,50.97524719],[3.9941128,50.97515247],[3.99417941,50.97518815],[3.99417397,50.97519202],[3.99424139,50.97522814],[3.99411531,50.97531903]]]}},{"type":"Feature","id":"gebouw/Gebouw.9189730/0","properties":{"source":"Digitaal Vlaanderen Gebouwenregister","source_id":"gebouw/Gebouw.9189730/0","kind":"building","height_m":7.88,"status":null},"geometry":{"type":"Polygon","coordinates":[[[3.98568515,50.97731443],[3.98567045,50.97735173],[3.98587751,50.97738421],[3.98586144,50.97742824],[3.98578849,50.97760592],[3.98550855,50.97755894],[3.98553533,50.97749435],[3.98559004,50.97736244],[3.98548549,50.97734553],[3.98549417,50.97732184],[3.98548886,50.97732066],[3.98550487,50.97727888],[3.98556044,50.97728625],[3.98558277,50.97723106],[3.98564136,50.97724007],[3.98564602,50.97722896],[3.98571605,50.9772393],[3.98568515,50.97731443]]]}},{"type":"Feature","id":"gebouw/Gebouw.9192992/0","properties":{"source":"Digitaal Vlaanderen Gebouwenregister","source_id":"gebouw/Gebouw.9192992/0","kind":"building","height_m":7.88,"status":null},"geometry":{"type":"Polygon","coordinates":[[[3.98653101,50.97464635],[3.98649888,50.97470726],[3.98649723,50.97471039],[3.98646694,50.97470392],[3.98645013,50.97470033],[3.98644866,50.97470002],[3.98648365,50.9746352],[3.98653101,50.97464635]]]}},{"type":"Feature","id":"gebouw/Gebouw.9336472/0","properties":{"source":"Digitaal Vlaanderen Gebouwenregister","source_id":"gebouw/Gebouw.9336472/0","kind":"building","height_m":8.6,"status":null},"geometry":{"type":"Polygon","coordinates":[[[3.99399013,50.97854807],[3.9939079,50.9786556],[3.9938729,50.97864454],[3.99389416,50.97861649],[3.99386621,50.97860813],[3.9939247,50.97853236],[3.99385733,50.97851194],[3.99390959,50.97844485],[3.99401866,50.97847879],[3.99400689,50.97849447],[3.99397131,50.97854187],[3.99399013,50.97854807]]]}},{"type":"Feature","id":"gebouw/Gebouw.9337012/0","properties":{"source":"Digitaal Vlaanderen Gebouwenregister","source_id":"gebouw/Gebouw.9337012/0","kind":"building","height_m":9.32,"status":null},"geometry":{"type":"Polygon","coordinates":[[[3.9950968,50.97692578],[3.99509504,50.97696734],[3.99488724,50.97695742],[3.99488725,50.97695516],[3.99488752,50.97685755],[3.99492328,50.97685826],[3.99502162,50.97686631],[3.99501941,50.97692398],[3.9950968,50.97692578]]]}},{"type":"Feature","id":"gebouw/Gebouw.9337014/0","properties":{"source":"Digitaal Vlaanderen Gebouwenregister","source_id":"gebouw/Gebouw.9337014/0","kind":"building","height_m":5.72,"status":null},"geometry":{"type":"Polygon","coordinates":[[[3.9926595,50.9776362],[3.99271494,50.97764805],[3.99270057,50.97767374],[3.9926814,50.97766997],[3.99265512,50.97771837],[3.99270477,50.97772908],[3.9926628,50.97780463],[3.99266146,50.97780433],[3.99265803,50.97781003],[3.99256927,50.97779039],[3.99265637,50.97764153],[3.9926595,50.9776362]]]}},{"type":"Feature","id":"gebouw/Gebouw.9419607/0","properties":{"source":"Digitaal Vlaanderen Gebouwenregister","source_id":"gebouw/Gebouw.9419607/0","kind":"building","height_m":5.72,"status":null},"geometry":{"type":"Polygon","coordinates":[[[3.9952613,50.97662752],[3.99525502,50.97671269],[3.99499788,50.9767044],[3.99500479,50.97661925],[3.9952613,50.97662752]]]}},{"type":"Feature","id":"gebouw/Gebouw.9419630/0","properties":{"source":"Digitaal Vlaanderen Gebouwenregister","source_id":"gebouw/Gebouw.9419630/0","kind":"building","height_m":7.16,"status":null},"geometry":{"type":"Polygon","coordinates":[[[3.99376765,50.97856769],[3.99363617,50.97852379],[3.99373199,50.97841068],[3.99382975,50.9784437],[3.99378588,50.97849548],[3.99381864,50.9785057],[3.99376765,50.97856769]]]}},{"type":"Feature","id":"gebouw/Gebouw.9419631/0","properties":{"source":"Digitaal Vlaanderen Gebouwenregister","source_id":"gebouw/Gebouw.9419631/0","kind":"building","height_m":7.88,"status":null},"geometry":{"type":"Polygon","coordinates":[[[3.99279012,50.97853279],[3.99286832,50.97855839],[3.99284597,50.97858305],[3.99277049,50.97855881],[3.99279012,50.97853279]]]}},{"type":"Feature","id":"gebouw/Gebouw.9419635/0","properties":{"source":"Digitaal Vlaanderen Gebouwenregister","source_id":"gebouw/Gebouw.9419635/0","kind":"building","height_m":5.72,"status":null},"geometry":{"type":"Polygon","coordinates":[[[3.99360013,50.97852105],[3.99363772,50.97853496],[3.99359564,50.978586],[3.9937327,50.97862911],[3.99368186,50.97869616],[3.99353773,50.97865147],[3.99351683,50.97867746],[3.99348685,50.97866738],[3.99360013,50.97852105]]]}},{"type":"Feature","id":"gebouw/Gebouw.9443769/0","properties":{"source":"Digitaal Vlaanderen Gebouwenregister","source_id":"gebouw/Gebouw.9443769/0","kind":"building","height_m":9.32,"status":null},"geometry":{"type":"Polygon","coordinates":[[[3.98471476,50.97476654],[3.98474822,50.97470566],[3.98490055,50.97474278],[3.98488718,50.97476454],[3.98502126,50.97479695],[3.98499558,50.97483431],[3.98471476,50.97476654]]]}},{"type":"Feature","id":"gebouw/Gebouw.9443791/0","properties":{"source":"Digitaal Vlaanderen Gebouwenregister","source_id":"gebouw/Gebouw.9443791/0","kind":"building","height_m":5.0,"status":null},"geometry":{"type":"Polygon","coordinates":[[[3.98514993,50.97759818],[3.9851609,50.97755616],[3.98521231,50.97756385],[3.98519661,50.97760507],[3.98514993,50.97759818]]]}},{"type":"Feature","id":"gebouw/Gebouw.9443792/0","properties":{"source":"Digitaal Vlaanderen Gebouwenregister","source_id":"gebouw/Gebouw.9443792/0","kind":"building","height_m":5.72,"status":null},"geometry":{"type":"Polygon","coordinates":[[[3.99481148,50.97870823],[3.99478084,50.9787586],[3.9946769,50.97873367],[3.99471899,50.97866086],[3.99459246,50.97863172],[3.99463559,50.97855711],[3.994761,50.9785876],[3.99476129,50.97858767],[3.99486889,50.97861383],[3.99481148,50.97870823]]]}},{"type":"Feature","id":"gebouw/Gebouw.9443793/0","properties":{"source":"Digitaal Vlaanderen Gebouwenregister","source_id":"gebouw/Gebouw.9443793/0","kind":"building","height_m":6.44,"status":null},"geometry":{"type":"Polygon","coordinates":[[[3.99443368,50.97837153],[3.99445571,50.97832645],[3.99452506,50.97833977],[3.99450331,50.97838542],[3.99443368,50.97837153]]]}},{"type":"Feature","id":"gebouw/Gebouw.9443794/0","properties":{"source":"Digitaal Vlaanderen Gebouwenregister","source_id":"gebouw/Gebouw.9443794/0","kind":"building","height_m":7.16,"status":null},"geometry":{"type":"Polygon","coordinates":[[[3.99452422,50.97778698],[3.99458275,50.97779763],[3.99454324,50.97788146],[3.99448537,50.97787145],[3.99452422,50.97778698]]]}},{"type":"Feature","id":"gebouw/Gebouw.9443874/0","properties":{"source":"Digitaal Vlaanderen Gebouwenregister","source_id":"gebouw/Gebouw.9443874/0","kind":"building","height_m":9.32,"status":null},"geometry":{"type":"Polygon","coordinates":[[[3.98736972,50.97794333],[3.98733366,50.97793843],[3.98734111,50.97791866],[3.98735506,50.9779201],[3.98737489,50.9778614],[3.98739795,50.97786395],[3.98739418,50.97787805],[3.98752499,50.977892],[3.98752153,50.97790495],[3.98750319,50.97790287],[3.98749326,50.97792879],[3.98749829,50.97792941],[3.98748826,50.97795871],[3.98736874,50.9779465],[3.98736972,50.97794333]]]}},{"type":"Feature","id":"gebouw/Gebouw.9443875/0","properties":{"source":"Digitaal Vlaanderen Gebouwenregister","source_id":"gebouw/Gebouw.9443875/0","kind":"building","height_m":5.0,"status":null},"geometry":{"type":"Polygon","coordinates":[[[3.98715255,50.97770096],[3.98714985,50.97770121],[3.98714445,50.97756426],[3.98721279,50.97756318],[3.98721361,50.97758413],[3.98730686,50.97758263],[3.98730607,50.97756155],[3.98737262,50.97756029],[3.98737636,50.97765283],[3.98736424,50.97765332],[3.98736462,50.97767149],[3.98736076,50.97767164],[3.98736175,50.97768907],[3.98722459,50.9776924],[3.98722435,50.97770064],[3.9872199,50.97770077],[3.98722135,50.97772308],[3.98715309,50.97772381],[3.98715255,50.97770096]]]}},{"type":"Feature","id":"gebouw/Gebouw.9443994/0","properties":{"source":"Digitaal Vlaanderen Gebouwenregister","source_id":"gebouw/Gebouw.9443994/0","kind":"building","height_m":5.0,"status":null},"geometry":{"type":"Polygon","coordinates":[[[3.98933449,50.97510278],[3.98938706,50.97512192],[3.98936502,50.97514602],[3.98931218,50.97512632],[3.98933449,50.97510278]]]}},{"type":"Feature","id":"gebouw/Gebouw.9444048/0","properties":{"source":"Digitaal Vlaanderen Gebouwenregister","source_id":"gebouw/Gebouw.9444048/0","kind":"building","height_m":8.6,"status":null},"geometry":{"type":"Polygon","coordinates":[[[3.99447026,50.97913857],[3.99414925,50.97906014],[3.99420389,50.97897192],[3.99427721,50.97899001],[3.99426967,50.97900251],[3.99443555,50.97904314],[3.99444326,50.97903054],[3.99451757,50.97904869],[3.99451237,50.97905706],[3.99447026,50.97913857]]]}},{"type":"Feature","id":"gebouw/Gebouw.9444066/0","properties":{"source":"Digitaal Vlaanderen Gebouwenregister","source_id":"gebouw/Gebouw.9444066/0","kind":"building","height_m":6.44,"status":null},"geometry":{"type":"Polygon","coordinates":[[[3.98526558,50.97664327],[3.98525634,50.976657],[3.98527171,50.97666113],[3.98525443,50.9766868],[3.98523907,50.97668268],[3.98522885,50.97669786],[3.98519886,50.97668987],[3.98515926,50.976747],[3.98508964,50.97672778],[3.98507262,50.97675369],[3.98498834,50.97673162],[3.98499045,50.97672847],[3.98496119,50.97672065],[3.98496715,50.97671176],[3.98494011,50.97670453],[3.98495881,50.97667664],[3.98504418,50.97669945],[3.98511008,50.97660158],[3.98526558,50.97664327]]]}},{"type":"Feature","id":"gebouw/Gebouw.9444067/0","properties":{"source":"Digitaal Vlaanderen Gebouwenregister","source_id":"gebouw/Gebouw.9444067/0","kind":"building","height_m":7.16,"status":null},"geometry":{"type":"Polygon","coordinates":[[[3.98683249,50.97783522],[3.98690336,50.97785755],[3.98692884,50.97783799],[3.98699721,50.97787546],[3.98698967,50.97792202],[3.9869564,50.97790216],[3.98691109,50.9779632],[3.9866828,50.97789326],[3.98672273,50.97784136],[3.98670724,50.9778366],[3.98673534,50.97780004],[3.98683568,50.97783099],[3.98683249,50.97783522]]]}},{"type":"Feature","id":"gebouw/Gebouw.9444110/0","properties":{"source":"Digitaal Vlaanderen Gebouwenregister","source_id":"gebouw/Gebouw.9444110/0","kind":"building","height_m":7.88,"status":null},"geometry":{"type":"Polygon","coordinates":[[[3.98759388,50.97560903],[3.98762434,50.9755809],[3.9876935,50.97561127],[3.98766214,50.97563995],[3.98759388,50.97560903]]]}},{"type":"Feature","id":"gebouw/Gebouw.9444111/0","properties":{"source":"Digitaal Vlaanderen Gebouwenregister","source_id":"gebouw/Gebouw.9444111/0","kind":"building","height_m":8.6,"status":null},"geometry":{"type":"Polygon","coordinates":[[[3.98756368,50.97538424],[3.98746292,50.97549054],[3.98733087,50.97544078],[3.98735658,50.97541359],[3.98737513,50.97542057],[3.98744978,50.97534142],[3.98756368,50.97538424]]]}},{"type":"Feature","id":"gebouw/Gebouw.9444117/0","properties":{"source":"Digitaal Vlaanderen Gebouwenregister","source_id":"gebouw/Gebouw.9444117/0","kind":"building","height_m":7.88,"status":null},"geometry":{"type":"Polygon","coordinates":[[[3.99414351,50.97664208],[3.99399968,50.97661894],[3.99401765,50.97657044],[3.99416361,50.97659192],[3.99414351,50.97664208]]]}},{"type":"Feature","id":"gebouw/Gebouw.9444118/0","properties":{"source":"Digitaal Vlaanderen Gebouwenregister","source_id":"gebouw/Gebouw.9444118/0","kind":"building","height_m":8.6,"status":null},"geometry":{"type":"Polygon","coordinates":[[[3.9936499,50.97662889],[3.99389639,50.97667341],[3.99379168,50.97689476],[3.99354578,50.97685062],[3.9936499,50.97662889]]]}},{"type":"Feature","id":"gebouw/Gebouw.9444119/0","properties":{"source":"Digitaal Vlaanderen Gebouwenregister","source_id":"gebouw/Gebouw.9444119/0","kind":"building","height_m":9.32,"status":null},"geometry":{"type":"Polygon","coordinates":[[[3.9934745,50.97800717],[3.99344765,50.97800182],[3.99341348,50.9780591],[3.9933051,50.97803448],[3.99332238,50.97800385],[3.99331898,50.97800308],[3.99335229,50.97794463],[3.99346693,50.97797019],[3.99347797,50.9779469],[3.99349982,50.97795052],[3.9934745,50.97800717]]]}},{"type":"Feature","id":"gebouw/Gebouw.9444120/0","properties":{"source":"Digitaal Vlaanderen Gebouwenregister","source_id":"gebouw/Gebouw.9444120/0","kind":"building","height_m":5.0,"status":null},"geometry":{"type":"Polygon","coordinates":[[[3.98808398,50.97695899],[3.98810852,50.97688809],[3.98815933,50.97689615],[3.98813276,50.97696497],[3.98808398,50.97695899]]]}},{"type":"Feature","id":"gebouw/Gebouw.9444365/0","properties":{"source":"Digitaal Vlaanderen Gebouwenregister","source_id":"gebouw/Gebouw.9444365/0","kind":"building","height_m":5.0,"status":null},"geometry":{"type":"Polygon","coordinates":[[[3.99445023,50.97702536],[3.99416254,50.97699012],[3.99417625,50.97694569],[3.99446418,50.976983],[3.99445023,50.97702536]]]}},{"type":"Feature","id":"gebouw/Gebouw.9462143/0","properties":{"source":"Digitaal Vlaanderen Gebouwenregister","source_id":"gebouw/Gebouw.9462143/0","kind":"building","height_m":8.6,"status":null},"geometry":{"type":"Polygon","coordinates":[[[3.99402734,50.97881109],[3.99413696,50.97866609],[3.99415468,50.97867142],[3.99415605,50.97866964],[3.99417473,50.97867542],[3.99417334,50.9786772],[3.99424523,50.97869875],[3.99411654,50.97887015],[3.99405548,50.97885188],[3.99407532,50.97882545],[3.99402734,50.97881109]]]}},{"type":"Feature","id":"gebouw/Gebouw.9462144/0","properties":{"source":"Digitaal Vlaanderen Gebouwenregister","source_id":"gebouw/Gebouw.9462144/0","kind":"building","height_m":9.32,"status":null},"geometry":{"type":"Polygon","coordinates":[[[3.98461442,50.97664032],[3.98466475,50.97665456],[3.98463109,50.9767012],[3.98458159,50.97668903],[3.98461442,50.97664032]]]}},{"type":"Feature","id":"gebouw/Gebouw.9462147/0","properties":{"source":"Digitaal Vlaanderen Gebouwenregister","source_id":"gebouw/Gebouw.9462147/0","kind":"building","height_m":6.44,"status":null},"geometry":{"type":"Polygon","coordinates":[[[3.98655318,50.97450524],[3.98657507,50.97449668],[3.98660921,50.97450643],[3.98666264,50.97443795],[3.98676794,50.97447119],[3.98667156,50.97459289],[3.98664956,50.97458593],[3.98664886,50.97458682],[3.98663137,50.97458128],[3.98663208,50.97458039],[3.98655654,50.97455646],[3.98652121,50.97454459],[3.98655318,50.97450524]]]}},{"type":"Feature","id":"gebouw/Gebouw.9462149/0","properties":{"source":"Digitaal Vlaanderen Gebouwenregister","source_id":"gebouw/Gebouw.9462149/0","kind":"building","height_m":7.88,"status":null},"geometry":{"type":"Polygon","coordinates":[[[3.98559869,50.97622296],[3.98548231,50.97632446],[3.98529297,50.97623969],[3.98527621,50.97625517],[3.98524516,50.97624096],[3.98526225,50.9762243],[3.98523826,50.97621349],[3.98527474,50.97618123],[3.9852552,50.97617243],[3.98529665,50.97613576],[3.98534086,50.97615569],[3.985377,50.97612373],[3.98559869,50.97622296]]]}},{"type":"Feature","id":"gebouw/Gebouw.9462389/0","properties":{"source":"Digitaal Vlaanderen Gebouwenregister","source_id":"gebouw/Gebouw.9462389/0","kind":"building","height_m":9.32,"status":null},"geometry":{"type":"Polygon","coordinates":[[[3.98735263,50.9748518],[3.98730233,50.97483882],[3.98730426,50.97483585],[3.98727531,50.97482831],[3.98735692,50.9747],[3.98738519,50.9746548],[3.98740533,50.97462413],[3.98753462,50.97466866],[3.9875184,50.97468627],[3.98755342,50.97469621],[3.98754393,50.97470678],[3.98756353,50.97471313],[3.98758773,50.97472096],[3.98754723,50.97476844],[3.98751879,50.974759],[3.9875105,50.97475623],[3.9874308,50.97473118],[3.98739888,50.9747797],[3.98741419,50.97478362],[3.98739024,50.97482287],[3.9873735,50.97481956],[3.98735263,50.9748518]],[[3.98740138,50.97471193],[3.98739918,50.97471621],[3.98742567,50.97472363],[3.98744812,50.97469559],[3.98741784,50.9746857],[3.98740138,50.97471193]]]}},{"type":"Feature","id":"gebouw/Gebouw.9462390/0","properties":{"source":"Digitaal Vlaanderen Gebouwenregister","source_id":"gebouw/Gebouw.9462390/0","kind":"building","height_m":5.0,"status":null},"geometry":{"type":"Polygon","coordinates":[[[3.98691801,50.97518276],[3.98688729,50.97521523],[3.98697536,50.97524647],[3.98693425,50.97529265],[3.98693616,50.97529332],[3.98692776,50.97530278],[3.98692584,50.9753021],[3.98690538,50.97532507],[3.98681474,50.97529291],[3.98679295,50.97531453],[3.98678768,50.97531222],[3.98670469,50.97528999],[3.98673034,50.97525183],[3.98676826,50.97526443],[3.98680645,50.97522496],[3.98678355,50.97521646],[3.98676475,50.97520988],[3.98675365,50.97522474],[3.98674776,50.97522318],[3.98675842,50.97520782],[3.98677981,50.97517701],[3.98679844,50.97515017],[3.98691801,50.97518276]]]}},{"type":"Feature","id":"gebouw/Gebouw.9462469/0","properties":{"source":"Digitaal Vlaanderen Gebouwenregister","source_id":"gebouw/Gebouw.9462469/0","kind":"building","height_m":6.44,"status":null},"geometry":{"type":"Polygon","coordinates":[[[3.99440875,50.97568867],[3.99454139,50.97563509],[3.99456023,50.97568589],[3.99458015,50.97568272],[3.99459847,50.9757286],[3.99457693,50.97573203],[3.99461726,50.97582751],[3.99449994,50.97584725],[3.99446094,50.97575331],[3.99445646,50.9757542],[3.99444011,50.975713],[3.99445563,50.9757098],[3.9944551,50.97570755],[3.99445122,50.97570844],[3.99444873,50.97570186],[3.99445559,50.97570062],[3.9944534,50.97569423],[3.9944147,50.97570934],[3.99440875,50.97568867]]]}},{"type":"Feature","id":"gebouw/Gebouw.9462471/0","properties":{"source":"Digitaal Vlaanderen Gebouwenregister","source_id":"gebouw/Gebouw.9462471/0","kind":"building","height_m":7.88,"status":null},"geometry":{"type":"Polygon","coordinates":[[[3.99508724,50.97701295],[3.99519779,50.977017],[3.9951965,50.97704171],[3.9950827,50.97703706],[3.99508724,50.97701295]]]}},{"type":"Feature","id":"gebouw/Gebouw.9468446/0","properties":{"source":"Digitaal Vlaanderen Gebouwenregister","source_id":"gebouw/Gebouw.9468446/0","kind":"building","height_m":5.72,"status":null},"geometry":{"type":"Polygon","coordinates":[[[3.98523627,50.98002613],[3.98521852,50.98005457],[3.98517282,50.9800432],[3.98519055,50.98001476],[3.98523627,50.98002613]]]}},{"type":"Feature","id":"gebouw/Gebouw.9475806/0","properties":{"source":"Digitaal Vlaanderen Gebouwenregister","source_id":"gebouw/Gebouw.9475806/0","kind":"building","height_m":7.88,"status":null},"geometry":{"type":"Polygon","coordinates":[[[3.99255264,50.9786429],[3.99250778,50.97863415],[3.99253611,50.97857641],[3.99259891,50.97859041],[3.99257018,50.97865208],[3.99254982,50.9786483],[3.99255264,50.9786429]]]}},{"type":"Feature","id":"gebouw/Gebouw.9475807/0","properties":{"source":"Digitaal Vlaanderen Gebouwenregister","source_id":"gebouw/Gebouw.9475807/0","kind":"building","height_m":8.6,"status":null},"geometry":{"type":"Polygon","coordinates":[[[3.98674507,50.97422649],[3.98688761,50.97430499],[3.98680086,50.97436779],[3.98674653,50.97433787],[3.98670484,50.97436609],[3.98654327,50.97434086],[3.98663561,50.97427503],[3.98666079,50.97428693],[3.98674507,50.97422649]]]}},{"type":"Feature","id":"gebouw/Gebouw.9475885/0","properties":{"source":"Digitaal Vlaanderen Gebouwenregister","source_id":"gebouw/Gebouw.9475885/0","kind":"building","height_m":9.32,"status":null},"geometry":{"type":"Polygon","coordinates":[[[3.98775118,50.97727707],[3.98763849,50.97727162],[3.9876346,50.97727143],[3.98763261,50.9772789],[3.9875505,50.97727629],[3.98755392,50.97723645],[3.98755586,50.97721386],[3.98753396,50.97721311],[3.98752855,50.97727605],[3.98752706,50.97727603],[3.98752105,50.97733381],[3.98752257,50.97733387],[3.9876245,50.9773381],[3.98762337,50.97735021],[3.98767809,50.97735263],[3.98769521,50.97735339],[3.9877489,50.97735576],[3.98775759,50.97727738],[3.98775118,50.97727707]]]}},{"type":"Feature","id":"gebouw/Gebouw.9476245/0","properties":{"source":"Digitaal Vlaanderen Gebouwenregister","source_id":"gebouw/Gebouw.9476245/0","kind":"building","height_m":6.44,"status":null},"geometry":{"type":"Polygon","coordinates":[[[3.99158034,50.97797592],[3.99165794,50.97799308],[3.99183456,50.97803212],[3.99182451,50.97805187],[3.99188599,50.97806502],[3.99193786,50.97796882],[3.99172721,50.97792354],[3.99173452,50.97790826],[3.99162307,50.97788412],[3.99157393,50.97797451],[3.99158034,50.97797592]]]}},{"type":"Feature","id":"gebouw/Gebouw.9476304/0","properties":{"source":"Digitaal Vlaanderen Gebouwenregister","source_id":"gebouw/Gebouw.9476304/0","kind":"building","height_m":8.6,"status":null},"geometry":{"type":"Polygon","coordinates":[[[3.98649369,50.97461583],[3.98648365,50.9746352],[3.98644866,50.97470002],[3.98634007,50.97467688],[3.98638899,50.97459386],[3.98649369,50.97461583]]]}},{"type":"Feature","id":"gebouw/Gebouw.9482220/0","properties":{"source":"Digitaal Vlaanderen Gebouwenregister","source_id":"gebouw/Gebouw.9482220/0","kind":"building","height_m":9.32,"status":null},"geometry":{"type":"Polygon","coordinates":[[[3.99488449,50.97938178],[3.99489587,50.97936511],[3.99477816,50.97933245],[3.99479697,50.9792967],[3.99472846,50.97926842],[3.9946531,50.97925091],[3.99461594,50.97931462],[3.99470477,50.97933631],[3.99469832,50.9793443],[3.9948491,50.97938456],[3.9948565,50.97937453],[3.99488449,50.97938178]]]}},{"type":"Feature","id":"gebouw/Gebouw.9482263/0","properties":{"source":"Digitaal Vlaanderen Gebouwenregister","source_id":"gebouw/Gebouw.9482263/0","kind":"building","height_m":5.0,"status":null},"geometry":{"type":"Polygon","coordinates":[[[3.99334214,50.9778551],[3.99332499,50.97788624],[3.99327849,50.97787631],[3.9932951,50.97784484],[3.99334214,50.9778551]]]}},{"type":"Feature","id":"gebouw/Gebouw.9482266/0","properties":{"source":"Digitaal Vlaanderen Gebouwenregister","source_id":"gebouw/Gebouw.9482266/0","kind":"building","height_m":7.16,"status":null},"geometry":{"type":"Polygon","coordinates":[[[3.99075475,50.97794469],[3.99071359,50.97793598],[3.99075564,50.97784218],[3.99077129,50.97780726],[3.99082086,50.97781674],[3.99087389,50.97772188],[3.99104234,50.97775939],[3.99097258,50.97788706],[3.99090505,50.97787226],[3.99088934,50.97790355],[3.99084215,50.97789365],[3.99081863,50.97793891],[3.99076395,50.97792735],[3.99075475,50.97794469]]]}},{"type":"Feature","id":"gebouw/Gebouw.9482330/0","properties":{"source":"Digitaal Vlaanderen Gebouwenregister","source_id":"gebouw/Gebouw.9482330/0","kind":"building","height_m":7.88,"status":null},"geometry":{"type":"Polygon","coordinates":[[[3.9913823,50.97747868],[3.99128369,50.97745768],[3.99128091,50.97746074],[3.99127682,50.97746313],[3.99127179,50.97746464],[3.99126627,50.97746513],[3.99126077,50.97746457],[3.99116098,50.97744319],[3.99125492,50.97726779],[3.99130365,50.97727564],[3.99129923,50.97728496],[3.9912757,50.97733059],[3.99134239,50.97734369],[3.99133201,50.97736437],[3.99143605,50.97738529],[3.99146909,50.97732207],[3.99146267,50.97731826],[3.99145693,50.97731107],[3.99145419,50.97730318],[3.99145384,50.97729456],[3.99145763,50.97728636],[3.99146313,50.97728043],[3.99147429,50.97727399],[3.99148298,50.97727091],[3.99149254,50.97726877],[3.99151297,50.9772689],[3.9915269,50.97727065],[3.99159322,50.97728619],[3.99152994,50.97740535],[3.991534,50.97740626],[3.9915145,50.97744217],[3.99150394,50.97743988],[3.99150321,50.97744369],[3.99150121,50.97744733],[3.99149804,50.97745061],[3.99149758,50.97745099],[3.9914971,50.97745135],[3.991496,50.97745213],[3.99149484,50.97745286],[3.9914936,50.97745354],[3.99149231,50.97745418],[3.99149102,50.97745475],[3.99148969,50.97745527],[3.99148831,50.97745574],[3.99148689,50.97745616],[3.99148543,50.97745653],[3.99148394,50.97745685],[3.99148243,50.97745712],[3.99148089,50.97745733],[3.99147919,50.97745751],[3.99147748,50.97745763],[3.99147576,50.97745768],[3.99147404,50.97745765],[3.99147245,50.97745757],[3.99147088,50.97745743],[3.99146932,50.97745723],[3.99146778,50.97745699],[3.99146637,50.97745671],[3.99146499,50.9774564],[3.99146363,50.97745605],[3.99146231,50.97745565],[3.9914611,50.97745523],[3.99145992,50.97745478],[3.99145878,50.97745429],[3.99145767,50.97745378],[3.99145656,50.97745322],[3.99145548,50.97745264],[3.99145445,50.97745202],[3.99145347,50.97745137],[3.99145239,50.97745054],[3.9914514,50.97744966],[3.9914505,50.97744875],[3.99144967,50.97744781],[3.99144911,50.97744711],[3.99144858,50.97744639],[3.99144811,50.97744566],[3.99144768,50.97744492],[3.9914427,50.97744387],[3.99143858,50.97745073],[3.99142001,50.97744677],[3.99140144,50.97744282],[3.9913823,50.97747868]]]}},{"type":"Feature","id":"gebouw/Gebouw.9482336/0","properties":{"source":"Digitaal Vlaanderen Gebouwenregister","source_id":"gebouw/Gebouw.9482336/0","kind":"building","height_m":7.16,"status":null},"geometry":{"type":"Polygon","coordinates":[[[3.99450552,50.97850775],[3.99449795,50.97852378],[3.99459786,50.97854793],[3.99452209,50.97867328],[3.99441006,50.97860199],[3.99440862,50.97860192],[3.99442865,50.97856327],[3.99445531,50.97851347],[3.99446304,50.97849904],[3.99450552,50.97850775]]]}},{"type":"Feature","id":"gebouw/Gebouw.9482337/0","properties":{"source":"Digitaal Vlaanderen Gebouwenregister","source_id":"gebouw/Gebouw.9482337/0","kind":"building","height_m":7.88,"status":null},"geometry":{"type":"Polygon","coordinates":[[[3.99445531,50.97851347],[3.99442865,50.97856327],[3.99433339,50.97854351],[3.99435025,50.97851011],[3.99435227,50.97850576],[3.99436786,50.97850886],[3.99439379,50.978514],[3.99443064,50.9784481],[3.99443377,50.97844252],[3.99448894,50.97845381],[3.99447966,50.97847001],[3.99446304,50.97849904],[3.99445531,50.97851347]]]}},{"type":"Feature","id":"gebouw/Gebouw.9484843/0","properties":{"source":"Digitaal Vlaanderen Gebouwenregister","source_id":"gebouw/Gebouw.9484843/0","kind":"building","height_m":7.88,"status":null},"geometry":{"type":"Polygon","coordinates":[[[3.99356801,50.98006932],[3.9936638,50.9800923],[3.99355134,50.98027273],[3.9934594,50.98024998],[3.99356801,50.98006932]]]}},{"type":"Feature","id":"gebouw/Gebouw.9484844/0","properties":{"source":"Digitaal Vlaanderen Gebouwenregister","source_id":"gebouw/Gebouw.9484844/0","kind":"building","height_m":8.6,"status":null},"geometry":{"type":"Polygon","coordinates":[[[3.98552545,50.9758652],[3.98555594,50.97583595],[3.98562656,50.9758669],[3.985597,50.97589485],[3.98552545,50.9758652]]]}},{"type":"Feature","id":"gebouw/Gebouw.9485129/0","properties":{"source":"Digitaal Vlaanderen Gebouwenregister","source_id":"gebouw/Gebouw.9485129/0","kind":"building","height_m":7.16,"status":null},"geometry":{"type":"Polygon","coordinates":[[[3.9946806,50.97761447],[3.99462843,50.97760451],[3.99466521,50.97751907],[3.99465928,50.977512],[3.99458199,50.9774968],[3.99457076,50.97750049],[3.99455476,50.9775329],[3.99454325,50.97753139],[3.99449315,50.97763591],[3.9945026,50.97763765],[3.99465225,50.97766522],[3.9946806,50.97761447]]]}},{"type":"Feature","id":"gebouw/Gebouw.9485130/0","properties":{"source":"Digitaal Vlaanderen Gebouwenregister","source_id":"gebouw/Gebouw.9485130/0","kind":"building","height_m":7.88,"status":null},"geometry":{"type":"Polygon","coordinates":[[[3.99480849,50.97768086],[3.99470636,50.97773531],[3.99467758,50.9777142],[3.99469789,50.97767752],[3.99465006,50.97766912],[3.99465225,50.97766522],[3.9946806,50.97761447],[3.99473472,50.97762513],[3.99480849,50.97768086]]]}},{"type":"Feature","id":"gebouw/Gebouw.9487655/0","properties":{"source":"Digitaal Vlaanderen Gebouwenregister","source_id":"gebouw/Gebouw.9487655/0","kind":"building","height_m":6.44,"status":null},"geometry":{"type":"Polygon","coordinates":[[[3.98683078,50.97503531],[3.98681931,50.97505297],[3.98673623,50.97503219],[3.98684236,50.97487156],[3.98689997,50.97488748],[3.98691949,50.97489287],[3.98692451,50.97489426],[3.98687151,50.97496927],[3.98683322,50.97495948],[3.98679163,50.97502457],[3.98680445,50.97502808],[3.98683078,50.97503531]]]}},{"type":"Feature","id":"gebouw/Gebouw.9507323/0","properties":{"source":"Digitaal Vlaanderen Gebouwenregister","source_id":"gebouw/Gebouw.9507323/0","kind":"building","height_m":5.0,"status":null},"geometry":{"type":"Polygon","coordinates":[[[3.99400094,50.97924234],[3.99397313,50.97923658],[3.99394021,50.97922976],[3.99397707,50.97915498],[3.99401369,50.97916278],[3.99406517,50.97917376],[3.99405144,50.97919944],[3.99403542,50.97922943],[3.99401096,50.97922372],[3.99400094,50.97924234]]]}},{"type":"Feature","id":"gebouw/Gebouw.9507333/0","properties":{"source":"Digitaal Vlaanderen Gebouwenregister","source_id":"gebouw/Gebouw.9507333/0","kind":"building","height_m":7.16,"status":null},"geometry":{"type":"Polygon","coordinates":[[[3.99491502,50.97997143],[3.99490669,50.97998739],[3.99484685,50.97997342],[3.9948534,50.97996207],[3.99485841,50.97996344],[3.99486148,50.97995785],[3.99486997,50.9799424],[3.99492331,50.97995554],[3.99491502,50.97997143]]]}},{"type":"Feature","id":"gebouw/Gebouw.9507762/0","properties":{"source":"Digitaal Vlaanderen Gebouwenregister","source_id":"gebouw/Gebouw.9507762/0","kind":"building","height_m":8.6,"status":null},"geometry":{"type":"Polygon","coordinates":[[[3.99096969,50.97714491],[3.99102517,50.97715528],[3.99100558,50.97718746],[3.99101,50.97718845],[3.99095882,50.97727815],[3.99109864,50.97730807],[3.99103807,50.97741614],[3.99089437,50.97738404],[3.99090287,50.97736877],[3.9908991,50.97736794],[3.99094548,50.97728524],[3.99089574,50.97727426],[3.99089765,50.97727092],[3.99095122,50.97717722],[3.99096969,50.97714491]]]}},{"type":"Feature","id":"gebouw/Gebouw.9507763/0","properties":{"source":"Digitaal Vlaanderen Gebouwenregister","source_id":"gebouw/Gebouw.9507763/0","kind":"building","height_m":9.32,"status":null},"geometry":{"type":"Polygon","coordinates":[[[3.99265637,50.97764153],[3.99256927,50.97779039],[3.99248284,50.97777139],[3.99248601,50.97776562],[3.99248454,50.97776529],[3.99252628,50.97768959],[3.99257878,50.9777001],[3.99260088,50.97765277],[3.99261215,50.97763192],[3.99265637,50.97764153]]]}},{"type":"Feature","id":"gebouw/Gebouw.9555939/0","properties":{"source":"Digitaal Vlaanderen Gebouwenregister","source_id":"gebouw/Gebouw.9555939/0","kind":"building","height_m":5.72,"status":null},"geometry":{"type":"Polygon","coordinates":[[[3.9951153,50.9781857],[3.99511454,50.97818708],[3.99507909,50.97825129],[3.99486524,50.97820684],[3.99488311,50.97817239],[3.99493742,50.97818273],[3.99495275,50.97815425],[3.9951153,50.9781857]]]}},{"type":"Feature","id":"gebouw/Gebouw.9555940/0","properties":{"source":"Digitaal Vlaanderen Gebouwenregister","source_id":"gebouw/Gebouw.9555940/0","kind":"building","height_m":6.44,"status":null},"geometry":{"type":"Polygon","coordinates":[[[3.99505734,50.97593591],[3.99523277,50.97595682],[3.99521186,50.97602359],[3.99520574,50.97602269],[3.99503872,50.97599813],[3.99505734,50.97593591]]]}},{"type":"Feature","id":"gebouw/Gebouw.9555942/0","properties":{"source":"Digitaal Vlaanderen Gebouwenregister","source_id":"gebouw/Gebouw.9555942/0","kind":"building","height_m":7.88,"status":null},"geometry":{"type":"Polygon","coordinates":[[[3.99505315,50.97539296],[3.99508155,50.97539675],[3.99509446,50.97539848],[3.99507245,50.97545001],[3.99503295,50.97544256],[3.9950146,50.9754391],[3.99498032,50.97543264],[3.99501022,50.97538724],[3.99505315,50.97539296]]]}},{"type":"Feature","id":"gebouw/Gebouw.9563427/0","properties":{"source":"Digitaal Vlaanderen Gebouwenregister","source_id":"gebouw/Gebouw.9563427/0","kind":"building","height_m":9.32,"status":null},"geometry":{"type":"Polygon","coordinates":[[[3.9921012,50.97883883],[3.99212488,50.97880931],[3.99219691,50.97883278],[3.99217321,50.97886304],[3.9921012,50.97883883]]]}},{"type":"Feature","id":"gebouw/Gebouw.9563473/0","properties":{"source":"Digitaal Vlaanderen Gebouwenregister","source_id":"gebouw/Gebouw.9563473/0","kind":"building","height_m":7.16,"status":null},"geometry":{"type":"Polygon","coordinates":[[[3.99435227,50.97850576],[3.99435025,50.97851011],[3.99427523,50.97849585],[3.99431374,50.97841664],[3.99432465,50.97841883],[3.99434451,50.97837728],[3.9943088,50.97837033],[3.99433239,50.97832283],[3.99432684,50.97832169],[3.99433807,50.97829985],[3.99434326,50.97830092],[3.99442392,50.97831748],[3.99442639,50.9783128],[3.99443982,50.97831551],[3.99444783,50.97831712],[3.99444541,50.97832189],[3.99435227,50.97850576]]]}},{"type":"Feature","id":"gebouw/Gebouw.9563481/0","properties":{"source":"Digitaal Vlaanderen Gebouwenregister","source_id":"gebouw/Gebouw.9563481/0","kind":"building","height_m":7.88,"status":null},"geometry":{"type":"Polygon","coordinates":[[[3.99147945,50.97812592],[3.99143964,50.97811743],[3.99143776,50.97812078],[3.99143301,50.97811974],[3.99134753,50.97810104],[3.99137037,50.9780602],[3.9913797,50.97804352],[3.99146411,50.97806076],[3.99150774,50.97806968],[3.99149926,50.97808653],[3.99149873,50.97808759],[3.99147945,50.97812592]]]}},{"type":"Feature","id":"gebouw/Gebouw.9563485/0","properties":{"source":"Digitaal Vlaanderen Gebouwenregister","source_id":"gebouw/Gebouw.9563485/0","kind":"building","height_m":5.72,"status":null},"geometry":{"type":"Polygon","coordinates":[[[3.98548336,50.97437934],[3.98550132,50.97438277],[3.98546794,50.97444272],[3.98538758,50.97442489],[3.9854058,50.97439196],[3.98532489,50.97437408],[3.98537243,50.97428724],[3.98539342,50.97429182],[3.98539778,50.97428431],[3.9854943,50.97430716],[3.98549274,50.97430996],[3.98551927,50.97431587],[3.98551149,50.97432962],[3.98554884,50.9743374],[3.98552811,50.97438004],[3.98548726,50.97437245],[3.98548336,50.97437934]]]}},{"type":"Feature","id":"gebouw/Gebouw.9563671/0","properties":{"source":"Digitaal Vlaanderen Gebouwenregister","source_id":"gebouw/Gebouw.9563671/0","kind":"building","height_m":8.6,"status":null},"geometry":{"type":"Polygon","coordinates":[[[3.99496229,50.97782783],[3.99497226,50.97783821],[3.99486998,50.97794223],[3.99484741,50.97797476],[3.99482332,50.97796625],[3.99482703,50.97796067],[3.99482449,50.97795998],[3.99481202,50.97795657],[3.99482084,50.97794348],[3.99480243,50.97793848],[3.99480894,50.97792863],[3.99479717,50.97792513],[3.99481864,50.97788959],[3.99479537,50.97788352],[3.99482253,50.97783531],[3.99482086,50.97783155],[3.99484669,50.97782171],[3.99483078,50.97780563],[3.99486283,50.97774763],[3.99487353,50.97775913],[3.99488808,50.97777475],[3.99491122,50.97779885],[3.99492824,50.97779235],[3.99496229,50.97782783]]]}},{"type":"Feature","id":"gebouw/Gebouw.9563953/0","properties":{"source":"Digitaal Vlaanderen Gebouwenregister","source_id":"gebouw/Gebouw.9563953/0","kind":"building","height_m":5.0,"status":null},"geometry":{"type":"Polygon","coordinates":[[[3.99491081,50.97933187],[3.99491759,50.97933326],[3.99490505,50.97935163],[3.99487488,50.97934346],[3.99488817,50.97932431],[3.99483051,50.97930681],[3.99479697,50.9792967],[3.99472846,50.97926842],[3.99474046,50.97924868],[3.99465254,50.97922662],[3.99469111,50.97916301],[3.99475341,50.97916754],[3.99481172,50.97918466],[3.99480016,50.97920383],[3.99480959,50.97920618],[3.99480615,50.97921233],[3.99490607,50.97923611],[3.99489331,50.9792575],[3.99498727,50.97928197],[3.99496951,50.9793123],[3.99493188,50.97930241],[3.99491081,50.97933187]]]}},{"type":"Feature","id":"gebouw/Gebouw.9564306/0","properties":{"source":"Digitaal Vlaanderen Gebouwenregister","source_id":"gebouw/Gebouw.9564306/0","kind":"building","height_m":7.16,"status":null},"geometry":{"type":"Polygon","coordinates":[[[3.99341309,50.97773171],[3.9934675,50.97774862],[3.99341722,50.97783852],[3.99335854,50.97782532],[3.99341309,50.97773171]]]}},{"type":"Feature","id":"gebouw/Gebouw.9564308/0","properties":{"source":"Digitaal Vlaanderen Gebouwenregister","source_id":"gebouw/Gebouw.9564308/0","kind":"building","height_m":8.6,"status":null},"geometry":{"type":"Polygon","coordinates":[[[3.99500894,50.97838146],[3.99498173,50.97843233],[3.99486112,50.97840641],[3.99478433,50.9783899],[3.99478319,50.97838966],[3.99473727,50.97837979],[3.99474579,50.97836134],[3.9947806,50.97836847],[3.99478501,50.97835953],[3.99482488,50.97836616],[3.9948353,50.97834442],[3.99500894,50.97838146]]]}},{"type":"Feature","id":"gebouw/Gebouw.9574919/0","properties":{"source":"Digitaal Vlaanderen Gebouwenregister","source_id":"gebouw/Gebouw.9574919/0","kind":"building","height_m":7.88,"status":null},"geometry":{"type":"Polygon","coordinates":[[[3.99111189,50.97797665],[3.99112828,50.97794237],[3.99121619,50.97796021],[3.99119863,50.97799373],[3.99111189,50.97797665]]]}},{"type":"Feature","id":"gebouw/Gebouw.9575129/0","properties":{"source":"Digitaal Vlaanderen Gebouwenregister","source_id":"gebouw/Gebouw.9575129/0","kind":"building","height_m":7.88,"status":null},"geometry":{"type":"Polygon","coordinates":[[[3.98678768,50.97531222],[3.98675657,50.97534222],[3.9868284,50.97538241],[3.98673086,50.9754531],[3.98668038,50.97542521],[3.98664497,50.97546166],[3.98660072,50.97544452],[3.9866369,50.97539894],[3.98665327,50.97540736],[3.98666936,50.97539462],[3.98664345,50.97538101],[3.98664403,50.97538015],[3.98667334,50.97533659],[3.98670469,50.97528999],[3.98678768,50.97531222]]]}},{"type":"Feature","id":"gebouw/Gebouw.9575130/0","properties":{"source":"Digitaal Vlaanderen Gebouwenregister","source_id":"gebouw/Gebouw.9575130/0","kind":"building","height_m":8.6,"status":null},"geometry":{"type":"Polygon","coordinates":[[[3.98590781,50.97660829],[3.98576959,50.97654834],[3.98580618,50.97651473],[3.98581154,50.97651704],[3.98587106,50.97646234],[3.98593467,50.97648992],[3.9859681,50.97646035],[3.9860632,50.97650156],[3.98610657,50.9765163],[3.98607881,50.97655382],[3.98606557,50.97654974],[3.98604813,50.97656846],[3.98601853,50.97655558],[3.98603363,50.97653731],[3.98600224,50.97652318],[3.98590781,50.97660829]]]}},{"type":"Feature","id":"gebouw/Gebouw.9575133/0","properties":{"source":"Digitaal Vlaanderen Gebouwenregister","source_id":"gebouw/Gebouw.9575133/0","kind":"building","height_m":5.72,"status":null},"geometry":{"type":"Polygon","coordinates":[[[3.98801491,50.97450079],[3.98803298,50.97448058],[3.98815744,50.97452743],[3.98811305,50.97457683],[3.98804105,50.97455223],[3.98804322,50.97454906],[3.98800678,50.97453666],[3.98803429,50.97450775],[3.98801491,50.97450079]]]}},{"type":"Feature","id":"gebouw/Gebouw.9575585/0","properties":{"source":"Digitaal Vlaanderen Gebouwenregister","source_id":"gebouw/Gebouw.9575585/0","kind":"building","height_m":8.6,"status":null},"geometry":{"type":"Polygon","coordinates":[[[3.98603559,50.97442788],[3.98602986,50.97444167],[3.98607386,50.97444872],[3.98603328,50.97454117],[3.98599637,50.97453495],[3.98600086,50.97452301],[3.98599631,50.97452212],[3.98596428,50.97451586],[3.98600604,50.97442342],[3.98603559,50.97442788]]]}},{"type":"Feature","id":"gebouw/Gebouw.9575694/0","properties":{"source":"Digitaal Vlaanderen Gebouwenregister","source_id":"gebouw/Gebouw.9575694/0","kind":"building","height_m":6.44,"status":null},"geometry":{"type":"Polygon","coordinates":[[[3.98626987,50.9745678],[3.98638899,50.97459386],[3.98634007,50.97467688],[3.98622462,50.97465231],[3.98626987,50.9745678]]]}},{"type":"Feature","id":"gebouw/Gebouw.9577920/0","properties":{"source":"Digitaal Vlaanderen Gebouwenregister","source_id":"gebouw/Gebouw.9577920/0","kind":"building","height_m":6.44,"status":null},"geometry":{"type":"Polygon","coordinates":[[[3.99391389,50.97881244],[3.99400664,50.97883764],[3.9939312,50.97893648],[3.99385238,50.97891103],[3.99386072,50.97889932],[3.99384863,50.97889638],[3.99391389,50.97881244]]]}},{"type":"Feature","id":"gebouw/Gebouw.9577921/0","properties":{"source":"Digitaal Vlaanderen Gebouwenregister","source_id":"gebouw/Gebouw.9577921/0","kind":"building","height_m":7.16,"status":null},"geometry":{"type":"Polygon","coordinates":[[[3.99507909,50.97825129],[3.99504486,50.97831426],[3.99492789,50.97828893],[3.99494451,50.97825792],[3.99486693,50.97824188],[3.994828,50.97825456],[3.99478814,50.97824756],[3.99479064,50.97824309],[3.99465578,50.97821705],[3.99468327,50.97815723],[3.99481901,50.97818347],[3.99481301,50.9781967],[3.99486524,50.97820684],[3.99507909,50.97825129]]]}},{"type":"Feature","id":"gebouw/Gebouw.9578028/0","properties":{"source":"Digitaal Vlaanderen Gebouwenregister","source_id":"gebouw/Gebouw.9578028/0","kind":"building","height_m":8.6,"status":null},"geometry":{"type":"Polygon","coordinates":[[[3.99089765,50.97727092],[3.99084267,50.97725851],[3.99078635,50.97735994],[3.99063197,50.97732578],[3.99071135,50.97718454],[3.99084522,50.97721376],[3.99087581,50.97715978],[3.99095122,50.97717722],[3.99089765,50.97727092]]]}},{"type":"Feature","id":"gebouw/Gebouw.9578030/0","properties":{"source":"Digitaal Vlaanderen Gebouwenregister","source_id":"gebouw/Gebouw.9578030/0","kind":"building","height_m":5.0,"status":null},"geometry":{"type":"Polygon","coordinates":[[[3.99492572,50.97678471],[3.99514638,50.97678697],[3.99514447,50.97686535],[3.995137,50.97686521],[3.99493315,50.97686135],[3.99492336,50.97686116],[3.99492345,50.97685828],[3.99492572,50.97678471]]]}},{"type":"Feature","id":"gebouw/Gebouw.9578033/0","properties":{"source":"Digitaal Vlaanderen Gebouwenregister","source_id":"gebouw/Gebouw.9578033/0","kind":"building","height_m":7.16,"status":null},"geometry":{"type":"Polygon","coordinates":[[[3.99364185,50.97788822],[3.99368616,50.97789697],[3.99366361,50.97793942],[3.99362155,50.97793106],[3.99364185,50.97788822]]]}},{"type":"Feature","id":"gebouw/Gebouw.9578257/0","properties":{"source":"Digitaal Vlaanderen Gebouwenregister","source_id":"gebouw/Gebouw.9578257/0","kind":"building","height_m":7.16,"status":null},"geometry":{"type":"Polygon","coordinates":[[[3.9950297,50.975359],[3.99499689,50.97534419],[3.99498956,50.97534089],[3.99496854,50.97535771],[3.99489273,50.97532053],[3.99492084,50.97529624],[3.99495681,50.97526515],[3.99499739,50.97523008],[3.99506978,50.97526259],[3.99511374,50.97528163],[3.9950297,50.975359]]]}},{"type":"Feature","id":"gebouw/Gebouw.9578262/0","properties":{"source":"Digitaal Vlaanderen Gebouwenregister","source_id":"gebouw/Gebouw.9578262/0","kind":"building","height_m":5.72,"status":null},"geometry":{"type":"Polygon","coordinates":[[[3.99488833,50.97859877],[3.99487788,50.9785966],[3.99475463,50.97857097],[3.99475826,50.97856246],[3.99471521,50.97855299],[3.99471962,50.97854367],[3.99469985,50.97853989],[3.99470579,50.97852891],[3.99463709,50.97851372],[3.99464086,50.97850627],[3.99479181,50.97854054],[3.99481061,50.97850479],[3.99473388,50.97849007],[3.99473101,50.97849735],[3.99461888,50.97847512],[3.99462513,50.97846395],[3.99463721,50.97846689],[3.99464098,50.97845944],[3.99463123,50.97845802],[3.99463379,50.97845131],[3.99459336,50.97844355],[3.99458433,50.97844832],[3.99456956,50.97844591],[3.99456742,50.97843765],[3.99454648,50.9784331],[3.99454522,50.97843571],[3.99452012,50.9784315],[3.9945129,50.97844546],[3.99449644,50.97844201],[3.99446394,50.97843518],[3.99446835,50.97842624],[3.99440817,50.97841358],[3.99441853,50.97839328],[3.99447989,50.97840595],[3.99447894,50.978408],[3.99451376,50.97841476],[3.99451939,50.97840471],[3.99465716,50.97843265],[3.99474952,50.97845073],[3.99475079,50.97844775],[3.9949457,50.97848839],[3.99494975,50.97848923],[3.99490934,50.97856642],[3.99490563,50.97856565],[3.99488833,50.97859877]]]}},{"type":"Feature","id":"gebouw/Gebouw.9578369/0","properties":{"source":"Digitaal Vlaanderen Gebouwenregister","source_id":"gebouw/Gebouw.9578369/0","kind":"building","height_m":7.16,"status":null},"geometry":{"type":"Polygon","coordinates":[[[3.99038694,50.97793876],[3.99047025,50.9779513],[3.99045807,50.97798376],[3.99042607,50.97797848],[3.9903739,50.97796989],[3.99038694,50.97793876]]]}},{"type":"Feature","id":"gebouw/Gebouw.9578370/0","properties":{"source":"Digitaal Vlaanderen Gebouwenregister","source_id":"gebouw/Gebouw.9578370/0","kind":"building","height_m":7.88,"status":null},"geometry":{"type":"Polygon","coordinates":[[[3.99514663,50.97812048],[3.995126,50.97816568],[3.99489212,50.97812311],[3.99490847,50.97808537],[3.99501599,50.97810393],[3.9950176,50.9781004],[3.99504825,50.97803292],[3.99517669,50.97805467],[3.99514663,50.97812048]]]}},{"type":"Feature","id":"gebouw/Gebouw.9578690/0","properties":{"source":"Digitaal Vlaanderen Gebouwenregister","source_id":"gebouw/Gebouw.9578690/0","kind":"building","height_m":6.44,"status":null},"geometry":{"type":"Polygon","coordinates":[[[3.9952135,50.97722939],[3.99520668,50.97722912],[3.9952101,50.97732974],[3.99516646,50.97740493],[3.99511132,50.97739251],[3.99511007,50.97739475],[3.99502371,50.97737449],[3.99504129,50.97734664],[3.99494591,50.97732584],[3.99497172,50.97727867],[3.9951282,50.97731278],[3.99512176,50.97716824],[3.99520962,50.9771666],[3.9952135,50.97722939]]]}},{"type":"Feature","id":"gebouw/Gebouw.9578694/0","properties":{"source":"Digitaal Vlaanderen Gebouwenregister","source_id":"gebouw/Gebouw.9578694/0","kind":"building","height_m":9.32,"status":null},"geometry":{"type":"Polygon","coordinates":[[[3.99421114,50.9775005],[3.99422135,50.97747514],[3.99428337,50.9774852],[3.99427283,50.97751187],[3.99421114,50.9775005]]]}},{"type":"Feature","id":"gebouw/Gebouw.9578881/0","properties":{"source":"Digitaal Vlaanderen Gebouwenregister","source_id":"gebouw/Gebouw.9578881/0","kind":"building","height_m":7.88,"status":null},"geometry":{"type":"Polygon","coordinates":[[[3.99447707,50.97825429],[3.9945099,50.97818888],[3.99454583,50.9781173],[3.99443748,50.9780983],[3.99443933,50.9780957],[3.99440864,50.97808974],[3.99442248,50.9780618],[3.99434899,50.97804805],[3.99433589,50.97807637],[3.99430432,50.97814468],[3.9943035,50.97814644],[3.99440413,50.97816611],[3.9943692,50.97823745],[3.9944745,50.97825942],[3.99447707,50.97825429]]]}},{"type":"Feature","id":"gebouw/Gebouw.9578882/0","properties":{"source":"Digitaal Vlaanderen Gebouwenregister","source_id":"gebouw/Gebouw.9578882/0","kind":"building","height_m":8.6,"status":null},"geometry":{"type":"Polygon","coordinates":[[[3.99510002,50.97921804],[3.995114,50.9792005],[3.99514738,50.97915863],[3.99515446,50.97916021],[3.99516448,50.97914516],[3.99517056,50.97913604],[3.99508939,50.97911041],[3.99511291,50.97907583],[3.99509053,50.97906959],[3.99512409,50.97902797],[3.9951308,50.97901966],[3.99508534,50.97899785],[3.99508681,50.97899602],[3.99508973,50.97899241],[3.99506349,50.9789835],[3.99503574,50.97897407],[3.99495621,50.97894703],[3.99493164,50.97897549],[3.99479586,50.97893133],[3.99478132,50.97894883],[3.99473087,50.97900954],[3.99482654,50.97904604],[3.99493208,50.97908075],[3.99493502,50.97907718],[3.99503202,50.97910378],[3.99502536,50.979113],[3.99501257,50.97913072],[3.99501756,50.97913246],[3.99499068,50.97917199],[3.9949761,50.97919343],[3.9950698,50.97921658],[3.99507347,50.97921288],[3.99510002,50.97921804]]]}},{"type":"Feature","id":"gebouw/Gebouw.9610119/0","properties":{"source":"Digitaal Vlaanderen Gebouwenregister","source_id":"gebouw/Gebouw.9610119/0","kind":"building","height_m":5.72,"status":null},"geometry":{"type":"Polygon","coordinates":[[[3.98571362,50.97672111],[3.98579762,50.97674799],[3.98572439,50.97684176],[3.98563424,50.97681371],[3.98571362,50.97672111]]]}},{"type":"Feature","id":"gebouw/Gebouw.9610121/0","properties":{"source":"Digitaal Vlaanderen Gebouwenregister","source_id":"gebouw/Gebouw.9610121/0","kind":"building","height_m":7.16,"status":null},"geometry":{"type":"Polygon","coordinates":[[[3.99431558,50.97536079],[3.99430224,50.97534742],[3.99435991,50.97532412],[3.99440614,50.97536974],[3.9944183,50.97536488],[3.99445015,50.97539654],[3.9942569,50.97547403],[3.99422226,50.97544085],[3.99424566,50.97543175],[3.99421506,50.97540143],[3.99431558,50.97536079]]]}},{"type":"Feature","id":"gebouw/Gebouw.9610122/0","properties":{"source":"Digitaal Vlaanderen Gebouwenregister","source_id":"gebouw/Gebouw.9610122/0","kind":"building","height_m":7.88,"status":null},"geometry":{"type":"Polygon","coordinates":[[[3.99409185,50.97553173],[3.99414439,50.97558364],[3.99407118,50.97561279],[3.99401625,50.97556161],[3.99409185,50.97553173]]]}},{"type":"Feature","id":"gebouw/Gebouw.9610123/0","properties":{"source":"Digitaal Vlaanderen Gebouwenregister","source_id":"gebouw/Gebouw.9610123/0","kind":"building","height_m":8.6,"status":null},"geometry":{"type":"Polygon","coordinates":[[[3.9941848,50.97797484],[3.99430513,50.9780112],[3.99411737,50.97840534],[3.9939313,50.97830033],[3.99400414,50.97817511],[3.99403569,50.97818201],[3.99406468,50.97813233],[3.99410893,50.97814144],[3.9941848,50.97797484]]]}},{"type":"Feature","id":"gebouw/Gebouw.9610124/0","properties":{"source":"Digitaal Vlaanderen Gebouwenregister","source_id":"gebouw/Gebouw.9610124/0","kind":"building","height_m":9.32,"status":null},"geometry":{"type":"Polygon","coordinates":[[[3.99404804,50.97779425],[3.99401456,50.97778764],[3.99401705,50.97778261],[3.99398782,50.97777684],[3.99402512,50.97770146],[3.99408741,50.97771283],[3.99404804,50.97779425]]]}},{"type":"Feature","id":"gebouw/Gebouw.9610125/0","properties":{"source":"Digitaal Vlaanderen Gebouwenregister","source_id":"gebouw/Gebouw.9610125/0","kind":"building","height_m":5.0,"status":null},"geometry":{"type":"Polygon","coordinates":[[[3.99181462,50.9769614],[3.99177731,50.97704851],[3.99165952,50.97702751],[3.99169647,50.97694124],[3.99181462,50.9769614]]]}},{"type":"Feature","id":"gebouw/Gebouw.9610197/0","properties":{"source":"Digitaal Vlaanderen Gebouwenregister","source_id":"gebouw/Gebouw.9610197/0","kind":"building","height_m":6.44,"status":null},"geometry":{"type":"Polygon","coordinates":[[[3.98706431,50.97573551],[3.9871617,50.97576413],[3.98720582,50.97577774],[3.98718151,50.97580875],[3.98713825,50.97579609],[3.98713638,50.97579944],[3.98703868,50.97577099],[3.98706431,50.97573551]]]}},{"type":"Feature","id":"gebouw/Gebouw.9610247/0","properties":{"source":"Digitaal Vlaanderen Gebouwenregister","source_id":"gebouw/Gebouw.9610247/0","kind":"building","height_m":7.16,"status":null},"geometry":{"type":"Polygon","coordinates":[[[3.99526824,50.97635491],[3.99515611,50.97634374],[3.99495736,50.97632145],[3.99496647,50.97628609],[3.99507401,50.97629843],[3.99507099,50.97631095],[3.99515232,50.97632028],[3.99515987,50.97629433],[3.99528026,50.9763071],[3.99526824,50.97635491]]]}},{"type":"Feature","id":"gebouw/Gebouw.9610380/0","properties":{"source":"Digitaal Vlaanderen Gebouwenregister","source_id":"gebouw/Gebouw.9610380/0","kind":"building","height_m":7.16,"status":null},"geometry":{"type":"Polygon","coordinates":[[[3.98594757,50.97521456],[3.9860164,50.97524205],[3.98599147,50.97526507],[3.98592319,50.97523752],[3.98594757,50.97521456]]]}},{"type":"Feature","id":"gebouw/Gebouw.9610381/0","properties":{"source":"Digitaal Vlaanderen Gebouwenregister","source_id":"gebouw/Gebouw.9610381/0","kind":"building","height_m":7.88,"status":null},"geometry":{"type":"Polygon","coordinates":[[[3.98567188,50.97572225],[3.98561825,50.97569898],[3.98564535,50.97567437],[3.98569898,50.97569764],[3.98567188,50.97572225]]]}},{"type":"Feature","id":"gebouw/Gebouw.9610382/0","properties":{"source":"Digitaal Vlaanderen Gebouwenregister","source_id":"gebouw/Gebouw.9610382/0","kind":"building","height_m":8.6,"status":null},"geometry":{"type":"Polygon","coordinates":[[[3.98579763,50.97592389],[3.98584795,50.97587853],[3.98598363,50.97593926],[3.98592269,50.97599353],[3.9859702,50.97601479],[3.98593636,50.97604494],[3.98577595,50.97597318],[3.98582079,50.9759337],[3.98579763,50.97592389]]]}},{"type":"Feature","id":"gebouw/Gebouw.9610454/0","properties":{"source":"Digitaal Vlaanderen Gebouwenregister","source_id":"gebouw/Gebouw.9610454/0","kind":"building","height_m":5.0,"status":null},"geometry":{"type":"Polygon","coordinates":[[[3.9857309,50.97800308],[3.98574386,50.97793221],[3.98589481,50.97794381],[3.98587861,50.97801542],[3.9857309,50.97800308]]]}},{"type":"Feature","id":"gebouw/Gebouw.9610455/0","properties":{"source":"Digitaal Vlaanderen Gebouwenregister","source_id":"gebouw/Gebouw.9610455/0","kind":"building","height_m":5.72,"status":null},"geometry":{"type":"Polygon","coordinates":[[[3.98536164,50.9784335],[3.98537988,50.97837601],[3.98543044,50.97838239],[3.98542461,50.97839955],[3.985432,50.97840057],[3.98541871,50.97844032],[3.98536164,50.9784335]]]}},{"type":"Feature","id":"gebouw/Gebouw.9610457/0","properties":{"source":"Digitaal Vlaanderen Gebouwenregister","source_id":"gebouw/Gebouw.9610457/0","kind":"building","height_m":7.16,"status":null},"geometry":{"type":"Polygon","coordinates":[[[3.99017593,50.97820499],[3.99011398,50.9781923],[3.99015709,50.97810457],[3.9902179,50.97811536],[3.99017593,50.97820499]]]}},{"type":"Feature","id":"gebouw/Gebouw.9610458/0","properties":{"source":"Digitaal Vlaanderen Gebouwenregister","source_id":"gebouw/Gebouw.9610458/0","kind":"building","height_m":7.88,"status":null},"geometry":{"type":"Polygon","coordinates":[[[3.98900445,50.9775657],[3.98896435,50.97756149],[3.98898108,50.97749797],[3.98901724,50.97750057],[3.98900445,50.9775657]]]}},{"type":"Feature","id":"gebouw/Gebouw.9610522/0","properties":{"source":"Digitaal Vlaanderen Gebouwenregister","source_id":"gebouw/Gebouw.9610522/0","kind":"building","height_m":8.6,"status":null},"geometry":{"type":"Polygon","coordinates":[[[3.99071103,50.97706916],[3.99069361,50.97706544],[3.99068007,50.97709073],[3.9906231,50.97707858],[3.99063639,50.97705376],[3.99058235,50.97704223],[3.99060119,50.97700799],[3.99061654,50.97701121],[3.99062525,50.97699466],[3.99067214,50.97700297],[3.99067758,50.97699236],[3.99074397,50.97700528],[3.99071103,50.97706916]]]}},{"type":"Feature","id":"gebouw/Gebouw.9610641/0","properties":{"source":"Digitaal Vlaanderen Gebouwenregister","source_id":"gebouw/Gebouw.9610641/0","kind":"building","height_m":8.6,"status":null},"geometry":{"type":"Polygon","coordinates":[[[3.98556848,50.97439539],[3.98555759,50.97441556],[3.98553474,50.97445788],[3.98548908,50.97444767],[3.98552399,50.97438544],[3.98556848,50.97439539]]]}},{"type":"Feature","id":"gebouw/Gebouw.9610775/0","properties":{"source":"Digitaal Vlaanderen Gebouwenregister","source_id":"gebouw/Gebouw.9610775/0","kind":"building","height_m":9.32,"status":null},"geometry":{"type":"Polygon","coordinates":[[[3.98571362,50.97672111],[3.98563424,50.97681371],[3.98554637,50.97678665],[3.9855733,50.97675272],[3.98556892,50.97675133],[3.9855959,50.97671735],[3.98560027,50.97671873],[3.98562049,50.97669326],[3.98562577,50.97669493],[3.9856446,50.97667122],[3.98573201,50.97669889],[3.98571362,50.97672111]]]}},{"type":"Feature","id":"gebouw/Gebouw.9610869/0","properties":{"source":"Digitaal Vlaanderen Gebouwenregister","source_id":"gebouw/Gebouw.9610869/0","kind":"building","height_m":6.44,"status":null},"geometry":{"type":"Polygon","coordinates":[[[3.98672502,50.97504804],[3.98671151,50.97506712],[3.98666968,50.97505654],[3.98668214,50.9750357],[3.98667654,50.97503433],[3.98669763,50.97500197],[3.98669557,50.97500139],[3.98674166,50.97493429],[3.98670956,50.97492587],[3.98676021,50.97484886],[3.98684236,50.97487156],[3.98673623,50.97503219],[3.98672502,50.97504804]]]}},{"type":"Feature","id":"gebouw/Gebouw.9689160/0","properties":{"source":"Digitaal Vlaanderen Gebouwenregister","source_id":"gebouw/Gebouw.9689160/0","kind":"building","height_m":8.6,"status":null},"geometry":{"type":"Polygon","coordinates":[[[3.98691801,50.97518276],[3.98679844,50.97515017],[3.98682763,50.97510532],[3.98689417,50.9751233],[3.98695667,50.97503185],[3.98692662,50.9750244],[3.98695787,50.97497665],[3.98711834,50.97501961],[3.98708537,50.97506889],[3.98708815,50.97506969],[3.9870841,50.97507542],[3.98707348,50.97507242],[3.9870149,50.97515898],[3.9869626,50.97514488],[3.98693207,50.97518891],[3.98691801,50.97518276]]]}},{"type":"Feature","id":"gebouw/Gebouw.9689209/0","properties":{"source":"Digitaal Vlaanderen Gebouwenregister","source_id":"gebouw/Gebouw.9689209/0","kind":"building","height_m":8.6,"status":null},"geometry":{"type":"Polygon","coordinates":[[[3.99247015,50.97810385],[3.99254945,50.97812178],[3.99252448,50.97816571],[3.99244545,50.97814872],[3.99247015,50.97810385]]]}},{"type":"Feature","id":"gebouw/Gebouw.9689430/0","properties":{"source":"Digitaal Vlaanderen Gebouwenregister","source_id":"gebouw/Gebouw.9689430/0","kind":"building","height_m":6.44,"status":null},"geometry":{"type":"Polygon","coordinates":[[[3.99058235,50.97704223],[3.9905421,50.9771154],[3.99044018,50.97709179],[3.99045367,50.97706561],[3.99047964,50.9770152],[3.99052386,50.97702529],[3.99054048,50.97699345],[3.99060119,50.97700799],[3.99058235,50.97704223]]]}},{"type":"Feature","id":"gebouw/Gebouw.9689431/0","properties":{"source":"Digitaal Vlaanderen Gebouwenregister","source_id":"gebouw/Gebouw.9689431/0","kind":"building","height_m":7.16,"status":null},"geometry":{"type":"Polygon","coordinates":[[[3.99062733,50.97674287],[3.99066776,50.97675063],[3.99064379,50.97680777],[3.99060297,50.97680095],[3.99062733,50.97674287]]]}},{"type":"Feature","id":"gebouw/Gebouw.9689814/0","properties":{"source":"Digitaal Vlaanderen Gebouwenregister","source_id":"gebouw/Gebouw.9689814/0","kind":"building","height_m":5.72,"status":null},"geometry":{"type":"Polygon","coordinates":[[[3.98538344,50.97644799],[3.98539256,50.97645041],[3.98536947,50.97648511],[3.98530389,50.97646761],[3.98516917,50.97643166],[3.98516356,50.97642904],[3.9851885,50.97639148],[3.98524967,50.97640631],[3.98528543,50.97635507],[3.98542121,50.97639175],[3.98538344,50.97644799]]]}},{"type":"Feature","id":"gebouw/Gebouw.9731564/0","properties":{"source":"Digitaal Vlaanderen Gebouwenregister","source_id":"gebouw/Gebouw.9731564/0","kind":"building","height_m":7.16,"status":null},"geometry":{"type":"Polygon","coordinates":[[[3.98800679,50.97724526],[3.98794983,50.97724537],[3.98794884,50.97729824],[3.98785456,50.97729821],[3.98785465,50.97719144],[3.98787867,50.97719082],[3.98787844,50.97713575],[3.98804402,50.97713498],[3.98800679,50.97724526]]]}},{"type":"Feature","id":"gebouw/Gebouw.9731694/0","properties":{"source":"Digitaal Vlaanderen Gebouwenregister","source_id":"gebouw/Gebouw.9731694/0","kind":"building","height_m":5.0,"status":null},"geometry":{"type":"Polygon","coordinates":[[[3.98518885,50.97505039],[3.98526257,50.9750662],[3.98523959,50.97510265],[3.98516705,50.97508686],[3.98518885,50.97505039]]]}},{"type":"Feature","id":"gebouw/Gebouw.9731695/0","properties":{"source":"Digitaal Vlaanderen Gebouwenregister","source_id":"gebouw/Gebouw.9731695/0","kind":"building","height_m":5.72,"status":null},"geometry":{"type":"Polygon","coordinates":[[[3.98481476,50.97673211],[3.98483579,50.976702],[3.98489493,50.97671933],[3.98487632,50.97674797],[3.98481476,50.97673211]]]}},{"type":"Feature","id":"gebouw/Gebouw.9731705/0","properties":{"source":"Digitaal Vlaanderen Gebouwenregister","source_id":"gebouw/Gebouw.9731705/0","kind":"building","height_m":7.88,"status":null},"geometry":{"type":"Polygon","coordinates":[[[3.99433499,50.97739006],[3.99435108,50.97744063],[3.99428704,50.97744947],[3.99426826,50.97739981],[3.99433499,50.97739006]]]}},{"type":"Feature","id":"gebouw/Gebouw.9731706/0","properties":{"source":"Digitaal Vlaanderen Gebouwenregister","source_id":"gebouw/Gebouw.9731706/0","kind":"building","height_m":8.6,"status":null},"geometry":{"type":"Polygon","coordinates":[[[3.99356831,50.97793086],[3.99361733,50.97793997],[3.9935444,50.97808607],[3.99347482,50.97807223],[3.99351123,50.97799926],[3.99353569,50.97800449],[3.99356831,50.97793086]]]}},{"type":"Feature","id":"gebouw/Gebouw.9731707/0","properties":{"source":"Digitaal Vlaanderen Gebouwenregister","source_id":"gebouw/Gebouw.9731707/0","kind":"building","height_m":9.32,"status":null},"geometry":{"type":"Polygon","coordinates":[[[3.9928355,50.97759791],[3.99289048,50.97760956],[3.99285985,50.97766503],[3.99280495,50.97765324],[3.99276695,50.97764508],[3.99279905,50.97759018],[3.9928355,50.97759791]]]}},{"type":"Feature","id":"gebouw/Gebouw.9731708/0","properties":{"source":"Digitaal Vlaanderen Gebouwenregister","source_id":"gebouw/Gebouw.9731708/0","kind":"building","height_m":5.0,"status":null},"geometry":{"type":"Polygon","coordinates":[[[3.99005068,50.97705558],[3.98998596,50.97705711],[3.98998376,50.97701631],[3.99004849,50.97701492],[3.99005068,50.97705558]]]}},{"type":"Feature","id":"gebouw/Gebouw.9731715/0","properties":{"source":"Digitaal Vlaanderen Gebouwenregister","source_id":"gebouw/Gebouw.9731715/0","kind":"building","height_m":5.0,"status":null},"geometry":{"type":"Polygon","coordinates":[[[3.98619443,50.97752975],[3.98607158,50.97751994],[3.98607551,50.9774962],[3.98597603,50.97748909],[3.9859739,50.97750142],[3.98588669,50.97749533],[3.98585575,50.97749317],[3.98588201,50.97742453],[3.98591311,50.97742713],[3.98597022,50.97743189],[3.98597361,50.97742725],[3.98618536,50.97744105],[3.98618774,50.9774304],[3.98623598,50.9774345],[3.98623451,50.9774446],[3.98624278,50.97744582],[3.9862307,50.97750618],[3.9862005,50.97750397],[3.98619443,50.97752975]]]}},{"type":"Feature","id":"gebouw/Gebouw.9731716/0","properties":{"source":"Digitaal Vlaanderen Gebouwenregister","source_id":"gebouw/Gebouw.9731716/0","kind":"building","height_m":5.72,"status":null},"geometry":{"type":"Polygon","coordinates":[[[3.99442639,50.9783128],[3.99442392,50.97831748],[3.99434326,50.97830092],[3.99433807,50.97829985],[3.99436666,50.97824342],[3.994454,50.9782605],[3.99442639,50.9783128]]]}},{"type":"Feature","id":"gebouw/Gebouw.9731771/0","properties":{"source":"Digitaal Vlaanderen Gebouwenregister","source_id":"gebouw/Gebouw.9731771/0","kind":"building","height_m":5.0,"status":null},"geometry":{"type":"Polygon","coordinates":[[[3.98672108,50.97627146],[3.98675609,50.97622915],[3.98681457,50.9762491],[3.98677982,50.9762919],[3.98672108,50.97627146]]]}},{"type":"Feature","id":"gebouw/Gebouw.9731776/0","properties":{"source":"Digitaal Vlaanderen Gebouwenregister","source_id":"gebouw/Gebouw.9731776/0","kind":"building","height_m":8.6,"status":null},"geometry":{"type":"Polygon","coordinates":[[[3.98723659,50.97798248],[3.98725277,50.97792441],[3.98730127,50.97792982],[3.98728839,50.97798699],[3.98723659,50.97798248]]]}},{"type":"Feature","id":"gebouw/Gebouw.9731789/0","properties":{"source":"Digitaal Vlaanderen Gebouwenregister","source_id":"gebouw/Gebouw.9731789/0","kind":"building","height_m":7.88,"status":null},"geometry":{"type":"Polygon","coordinates":[[[3.99048967,50.97783052],[3.99054167,50.97783822],[3.99050514,50.97792416],[3.99045139,50.97791532],[3.99048967,50.97783052]]]}},{"type":"Feature","id":"gebouw/Gebouw.9731790/0","properties":{"source":"Digitaal Vlaanderen Gebouwenregister","source_id":"gebouw/Gebouw.9731790/0","kind":"building","height_m":8.6,"status":null},"geometry":{"type":"Polygon","coordinates":[[[3.99504547,50.98057313],[3.9951109,50.98058885],[3.99509033,50.98062421],[3.99502252,50.98060847],[3.99504547,50.98057313]]]}},{"type":"Feature","id":"gebouw/Gebouw.9731918/0","properties":{"source":"Digitaal Vlaanderen Gebouwenregister","source_id":"gebouw/Gebouw.9731918/0","kind":"building","height_m":5.0,"status":null},"geometry":{"type":"Polygon","coordinates":[[[3.99092983,50.9784056],[3.99091859,50.97840435],[3.99092935,50.97836982],[3.99099349,50.97837859],[3.99098324,50.97841612],[3.99099062,50.97841752],[3.99095605,50.97853907],[3.99089362,50.97853294],[3.99092983,50.9784056]]]}},{"type":"Feature","id":"gebouw/Gebouw.9732045/0","properties":{"source":"Digitaal Vlaanderen Gebouwenregister","source_id":"gebouw/Gebouw.9732045/0","kind":"building","height_m":5.72,"status":null},"geometry":{"type":"Polygon","coordinates":[[[3.98860308,50.97769802],[3.98859249,50.9777188],[3.98853227,50.97770801],[3.98852001,50.97773241],[3.98845597,50.97772026],[3.98846738,50.97769417],[3.98838947,50.97767943],[3.98842956,50.97759476],[3.98863522,50.97763472],[3.98862692,50.97765173],[3.98867674,50.97766141],[3.98865464,50.97770675],[3.98860308,50.97769802]]]}},{"type":"Feature","id":"gebouw/Gebouw.9732055/0","properties":{"source":"Digitaal Vlaanderen Gebouwenregister","source_id":"gebouw/Gebouw.9732055/0","kind":"building","height_m":7.88,"status":null},"geometry":{"type":"Polygon","coordinates":[[[3.99503147,50.97798508],[3.99499512,50.97806389],[3.99486693,50.97804394],[3.99490768,50.97796088],[3.99503147,50.97798508]]]}},{"type":"Feature","id":"gebouw/Gebouw.9732058/0","properties":{"source":"Digitaal Vlaanderen Gebouwenregister","source_id":"gebouw/Gebouw.9732058/0","kind":"building","height_m":5.0,"status":null},"geometry":{"type":"Polygon","coordinates":[[[3.99328112,50.97596209],[3.99334174,50.97598],[3.99323349,50.97612657],[3.99319318,50.9761147],[3.99320431,50.97609871],[3.99318635,50.97609383],[3.99328112,50.97596209]]]}},{"type":"Feature","id":"gebouw/Gebouw.9732119/0","properties":{"source":"Digitaal Vlaanderen Gebouwenregister","source_id":"gebouw/Gebouw.9732119/0","kind":"building","height_m":8.6,"status":null},"geometry":{"type":"Polygon","coordinates":[[[3.99210571,50.97813146],[3.99205907,50.97812366],[3.99205344,50.97813551],[3.99195986,50.97811297],[3.99201906,50.97801312],[3.99203661,50.9780169],[3.9920598,50.9780219],[3.99208076,50.97798273],[3.99217521,50.97800289],[3.99210571,50.97813146]]]}},{"type":"Feature","id":"gebouw/Gebouw.9732151/0","properties":{"source":"Digitaal Vlaanderen Gebouwenregister","source_id":"gebouw/Gebouw.9732151/0","kind":"building","height_m":6.44,"status":null},"geometry":{"type":"Polygon","coordinates":[[[3.99039155,50.97460666],[3.99042197,50.97456935],[3.99045462,50.97457927],[3.9904242,50.97461658],[3.99039155,50.97460666]]]}},{"type":"Feature","id":"gebouw/Gebouw.9732153/0","properties":{"source":"Digitaal Vlaanderen Gebouwenregister","source_id":"gebouw/Gebouw.9732153/0","kind":"building","height_m":7.88,"status":null},"geometry":{"type":"Polygon","coordinates":[[[3.99422694,50.97612026],[3.99422777,50.97608762],[3.99433916,50.97608874],[3.99433834,50.97612138],[3.99422694,50.97612026]]]}},{"type":"Feature","id":"gebouw/Gebouw.9732207/0","properties":{"source":"Digitaal Vlaanderen Gebouwenregister","source_id":"gebouw/Gebouw.9732207/0","kind":"building","height_m":6.44,"status":null},"geometry":{"type":"Polygon","coordinates":[[[3.98638175,50.97542005],[3.98638388,50.97541838],[3.98653918,50.97548624],[3.98653406,50.97549063],[3.98654441,50.97549518],[3.98650969,50.9755256],[3.9864992,50.97552093],[3.9864868,50.97553198],[3.98649708,50.97553665],[3.98646231,50.97556722],[3.98645188,50.97556263],[3.98644676,50.97556703],[3.9862959,50.97549775],[3.9863003,50.97549386],[3.98625972,50.97547556],[3.98629416,50.97544511],[3.9863206,50.97544221],[3.98635654,50.97540927],[3.98638175,50.97542005]]]}},{"type":"Feature","id":"gebouw/Gebouw.9732261/0","properties":{"source":"Digitaal Vlaanderen Gebouwenregister","source_id":"gebouw/Gebouw.9732261/0","kind":"building","height_m":5.0,"status":null},"geometry":{"type":"Polygon","coordinates":[[[3.98608629,50.97772445],[3.98607405,50.97778005],[3.98615658,50.97778734],[3.98615641,50.97778814],[3.98617715,50.97778986],[3.98616717,50.97783486],[3.98593324,50.9778142],[3.98592462,50.97786012],[3.98564431,50.97784723],[3.98564729,50.97781523],[3.98583902,50.97782357],[3.98584042,50.97781609],[3.98586974,50.97781773],[3.98589288,50.97771273],[3.98594173,50.97771646],[3.98594277,50.97771104],[3.98608629,50.97772445]]]}},{"type":"Feature","id":"gebouw/Gebouw.9732346/0","properties":{"source":"Digitaal Vlaanderen Gebouwenregister","source_id":"gebouw/Gebouw.9732346/0","kind":"building","height_m":5.72,"status":null},"geometry":{"type":"Polygon","coordinates":[[[3.98854706,50.97453542],[3.98858191,50.97449872],[3.9886512,50.97452689],[3.98863243,50.9745453],[3.98861794,50.97453941],[3.98860004,50.97455695],[3.98854706,50.97453542]]]}},{"type":"Feature","id":"gebouw/Gebouw.9736977/0","properties":{"source":"Digitaal Vlaanderen Gebouwenregister","source_id":"gebouw/Gebouw.9736977/0","kind":"building","height_m":8.6,"status":null},"geometry":{"type":"Polygon","coordinates":[[[3.99440875,50.97568867],[3.99439404,50.97569507],[3.99434866,50.97565204],[3.99440177,50.97563072],[3.99430638,50.97554125],[3.99445074,50.97548198],[3.99446023,50.97549277],[3.9945484,50.97546107],[3.99463143,50.97554197],[3.99450548,50.97559292],[3.99454699,50.9756327],[3.99454139,50.97563509],[3.99440875,50.97568867]]]}},{"type":"Feature","id":"gebouw/Gebouw.9737127/0","properties":{"source":"Digitaal Vlaanderen Gebouwenregister","source_id":"gebouw/Gebouw.9737127/0","kind":"building","height_m":5.72,"status":null},"geometry":{"type":"Polygon","coordinates":[[[3.98727597,50.97467718],[3.9872343,50.97466632],[3.98726746,50.97461179],[3.98729576,50.97462213],[3.98732199,50.97459172],[3.98740837,50.97462154],[3.98740533,50.97462413],[3.98738519,50.9746548],[3.98730753,50.97462644],[3.98727597,50.97467718]]]}},{"type":"Feature","id":"gebouw/Gebouw.9737129/0","properties":{"source":"Digitaal Vlaanderen Gebouwenregister","source_id":"gebouw/Gebouw.9737129/0","kind":"building","height_m":7.16,"status":null},"geometry":{"type":"Polygon","coordinates":[[[3.98623035,50.97455943],[3.98626987,50.9745678],[3.98622462,50.97465231],[3.98616269,50.97463908],[3.98615306,50.97463702],[3.98606986,50.97461924],[3.98611209,50.97453438],[3.98623035,50.97455943]]]}},{"type":"Feature","id":"gebouw/Gebouw.9737297/0","properties":{"source":"Digitaal Vlaanderen Gebouwenregister","source_id":"gebouw/Gebouw.9737297/0","kind":"building","height_m":7.16,"status":null},"geometry":{"type":"Polygon","coordinates":[[[3.98524511,50.98002808],[3.98531911,50.98004484],[3.98530071,50.98007666],[3.98522646,50.98005822],[3.98524511,50.98002808]]]}},{"type":"Feature","id":"gebouw/Gebouw.9737609/0","properties":{"source":"Digitaal Vlaanderen Gebouwenregister","source_id":"gebouw/Gebouw.9737609/0","kind":"building","height_m":5.0,"status":null},"geometry":{"type":"Polygon","coordinates":[[[3.9922784,50.97850853],[3.99231174,50.97845178],[3.9924412,50.97848001],[3.99240785,50.97853714],[3.9922784,50.97850853]]]}},{"type":"Feature","id":"gebouw/Gebouw.9737799/0","properties":{"source":"Digitaal Vlaanderen Gebouwenregister","source_id":"gebouw/Gebouw.9737799/0","kind":"building","height_m":5.72,"status":null},"geometry":{"type":"Polygon","coordinates":[[[3.99507634,50.9788945],[3.99505871,50.97892408],[3.99520781,50.97896058],[3.99519127,50.97898805],[3.99508949,50.97896446],[3.99501139,50.97894635],[3.99495111,50.97893238],[3.99491756,50.9789246],[3.99492151,50.9789178],[3.99492716,50.9789081],[3.99492331,50.97890721],[3.99492496,50.97890436],[3.99494316,50.97887307],[3.99500088,50.97888645],[3.99500571,50.97887813],[3.99507634,50.9788945]]]}},{"type":"Feature","id":"gebouw/Gebouw.9737800/0","properties":{"source":"Digitaal Vlaanderen Gebouwenregister","source_id":"gebouw/Gebouw.9737800/0","kind":"building","height_m":6.44,"status":null},"geometry":{"type":"Polygon","coordinates":[[[3.99400428,50.97862559],[3.99404812,50.97863863],[3.99392952,50.97879445],[3.99388424,50.97877971],[3.99400428,50.97862559]]]}},{"type":"Feature","id":"gebouw/Gebouw.9746270/0","properties":{"source":"Digitaal Vlaanderen Gebouwenregister","source_id":"gebouw/Gebouw.9746270/0","kind":"building","height_m":6.44,"status":null},"geometry":{"type":"Polygon","coordinates":[[[3.98592415,50.97673564],[3.98588563,50.97672341],[3.98588414,50.97672529],[3.98582644,50.97670757],[3.98585508,50.97667062],[3.98577219,50.9766431],[3.98579216,50.97661879],[3.9857646,50.97660723],[3.98577682,50.97659463],[3.9858023,50.97660645],[3.98588819,50.97664308],[3.98589403,50.97663585],[3.98593989,50.97665489],[3.9859738,50.97666896],[3.98597102,50.97667286],[3.98598805,50.97667904],[3.98596374,50.97671005],[3.98594814,50.97670557],[3.98592415,50.97673564]]]}},{"type":"Feature","id":"gebouw/Gebouw.9776966/0","properties":{"source":"Digitaal Vlaanderen Gebouwenregister","source_id":"gebouw/Gebouw.9776966/0","kind":"building","height_m":7.16,"status":null},"geometry":{"type":"Polygon","coordinates":[[[3.98598262,50.97724766],[3.98604157,50.97725042],[3.98603557,50.97730151],[3.98597686,50.9773016],[3.98598262,50.97724766]]]}},{"type":"Feature","id":"gebouw/Gebouw.9840908/0","properties":{"source":"Digitaal Vlaanderen Gebouwenregister","source_id":"gebouw/Gebouw.9840908/0","kind":"building","height_m":5.0,"status":null},"geometry":{"type":"Polygon","coordinates":[[[3.98599199,50.97453246],[3.98596104,50.97459817],[3.9857973,50.97456624],[3.98583029,50.97450143],[3.98595958,50.97452624],[3.98599199,50.97453246]]]}},{"type":"Feature","id":"gebouw/Gebouw.9840972/0","properties":{"source":"Digitaal Vlaanderen Gebouwenregister","source_id":"gebouw/Gebouw.9840972/0","kind":"building","height_m":5.72,"status":null},"geometry":{"type":"Polygon","coordinates":[[[3.98542422,50.97813995],[3.98543186,50.97814265],[3.98540944,50.97817986],[3.98539963,50.97817788],[3.98539361,50.97818974],[3.98536189,50.97818332],[3.98539101,50.97812592],[3.98542914,50.97813363],[3.98542422,50.97813995]]]}},{"type":"Feature","id":"gebouw/Gebouw.9840995/0","properties":{"source":"Digitaal Vlaanderen Gebouwenregister","source_id":"gebouw/Gebouw.9840995/0","kind":"building","height_m":7.16,"status":null},"geometry":{"type":"Polygon","coordinates":[[[3.99452717,50.97695823],[3.9945236,50.97696924],[3.99440055,50.97695588],[3.99440473,50.9769445],[3.99452717,50.97695823]]]}},{"type":"Feature","id":"gebouw/Gebouw.9840996/0","properties":{"source":"Digitaal Vlaanderen Gebouwenregister","source_id":"gebouw/Gebouw.9840996/0","kind":"building","height_m":7.88,"status":null},"geometry":{"type":"Polygon","coordinates":[[[3.99372696,50.97811395],[3.99390486,50.97818149],[3.99384995,50.97824136],[3.99384402,50.97823888],[3.99384607,50.97823675],[3.99375271,50.97820188],[3.99375931,50.97819493],[3.9936494,50.97815245],[3.99367899,50.97812109],[3.99368003,50.97811066],[3.99370622,50.9780283],[3.99372425,50.97798824],[3.99380339,50.97800148],[3.99381611,50.97797128],[3.99375254,50.97794229],[3.99382025,50.97785539],[3.99409217,50.97794514],[3.99401845,50.97810896],[3.99400187,50.97810629],[3.99382824,50.97807837],[3.99381831,50.97810429],[3.9937607,50.97809559],[3.99372696,50.97811395]]]}},{"type":"Feature","id":"gebouw/Gebouw.9840997/0","properties":{"source":"Digitaal Vlaanderen Gebouwenregister","source_id":"gebouw/Gebouw.9840997/0","kind":"building","height_m":8.6,"status":null},"geometry":{"type":"Polygon","coordinates":[[[3.99358134,50.97779447],[3.99365595,50.97781047],[3.99363936,50.97784119],[3.99356472,50.97782631],[3.99358134,50.97779447]]]}},{"type":"Feature","id":"gebouw/Gebouw.9841141/0","properties":{"source":"Digitaal Vlaanderen Gebouwenregister","source_id":"gebouw/Gebouw.9841141/0","kind":"building","height_m":6.44,"status":null},"geometry":{"type":"Polygon","coordinates":[[[3.99498658,50.97792466],[3.99491317,50.97795271],[3.99486998,50.97794223],[3.99497226,50.97783821],[3.99501456,50.97788235],[3.99498708,50.97789285],[3.99500926,50.977916],[3.99498658,50.97792466]]]}},{"type":"Feature","id":"gebouw/Gebouw.9841208/0","properties":{"source":"Digitaal Vlaanderen Gebouwenregister","source_id":"gebouw/Gebouw.9841208/0","kind":"building","height_m":9.32,"status":null},"geometry":{"type":"Polygon","coordinates":[[[3.98740756,50.97450773],[3.98734759,50.97455698],[3.98729872,50.97453302],[3.98728822,50.97454116],[3.9872203,50.97450675],[3.98723102,50.97449832],[3.98719015,50.97447763],[3.98722851,50.97444742],[3.98724869,50.97445764],[3.98727162,50.97443944],[3.98740756,50.97450773]]]}},{"type":"Feature","id":"gebouw/Gebouw.9841344/0","properties":{"source":"Digitaal Vlaanderen Gebouwenregister","source_id":"gebouw/Gebouw.9841344/0","kind":"building","height_m":6.44,"status":null},"geometry":{"type":"Polygon","coordinates":[[[3.99339641,50.9783901],[3.99344259,50.97840953],[3.9935137,50.97833422],[3.99359111,50.97836335],[3.99359554,50.97835881],[3.99364507,50.9783775],[3.99356728,50.97845973],[3.99349142,50.97843012],[3.99347311,50.97844827],[3.99344053,50.97843573],[3.99339408,50.97848391],[3.99332922,50.97845865],[3.99339641,50.9783901]]]}},{"type":"Feature","id":"gebouw/Gebouw.9841345/0","properties":{"source":"Digitaal Vlaanderen Gebouwenregister","source_id":"gebouw/Gebouw.9841345/0","kind":"building","height_m":7.16,"status":null},"geometry":{"type":"Polygon","coordinates":[[[3.99115564,50.978056],[3.99107676,50.97803891],[3.99109004,50.97801449],[3.99116909,50.97803161],[3.99115564,50.978056]]]}},{"type":"Feature","id":"gebouw/Gebouw.9841466/0","properties":{"source":"Digitaal Vlaanderen Gebouwenregister","source_id":"gebouw/Gebouw.9841466/0","kind":"building","height_m":8.6,"status":null},"geometry":{"type":"Polygon","coordinates":[[[3.99475341,50.97916754],[3.99477206,50.97912145],[3.99478879,50.97908009],[3.99475987,50.97907452],[3.99476558,50.97906147],[3.99471144,50.97905164],[3.99470845,50.97905742],[3.99469882,50.97907599],[3.99468999,50.97909768],[3.99468775,50.97909732],[3.99468661,50.97910033],[3.99468877,50.97910068],[3.99467758,50.97912819],[3.99467544,50.97912785],[3.99467398,50.97913083],[3.99467635,50.97913121],[3.99467138,50.97914344],[3.99466795,50.97915188],[3.99466514,50.9791588],[3.99469111,50.97916301],[3.99475341,50.97916754]]]}},{"type":"Feature","id":"gebouw/Gebouw.9841557/0","properties":{"source":"Digitaal Vlaanderen Gebouwenregister","source_id":"gebouw/Gebouw.9841557/0","kind":"building","height_m":8.6,"status":null},"geometry":{"type":"Polygon","coordinates":[[[3.99520574,50.97602269],[3.99518496,50.97608711],[3.99501796,50.97606718],[3.99503872,50.97599813],[3.99520574,50.97602269]]]}},{"type":"Feature","id":"gebouw/Gebouw.9841649/0","properties":{"source":"Digitaal Vlaanderen Gebouwenregister","source_id":"gebouw/Gebouw.9841649/0","kind":"building","height_m":9.32,"status":null},"geometry":{"type":"Polygon","coordinates":[[[3.9850784,50.97469589],[3.98503273,50.9746847],[3.98503179,50.97468638],[3.98491833,50.97465944],[3.98492798,50.97464363],[3.98488464,50.97463396],[3.984934,50.97455019],[3.98513917,50.9745995],[3.98512658,50.97462037],[3.98519023,50.97463567],[3.98513305,50.97473056],[3.98506657,50.97471561],[3.9850784,50.97469589]]]}},{"type":"Feature","id":"gebouw/Gebouw.15206396/0","properties":{"source":"Digitaal Vlaanderen Gebouwenregister","source_id":"gebouw/Gebouw.15206396/0","kind":"building","height_m":6.44,"status":null},"geometry":{"type":"Polygon","coordinates":[[[3.99435472,50.97646417],[3.99435551,50.97641971],[3.99441524,50.9764181],[3.99441582,50.97637973],[3.99442154,50.97637954],[3.9944212,50.97633868],[3.99455558,50.97633954],[3.99455506,50.97637168],[3.99455066,50.97637164],[3.9945501,50.97640579],[3.99459422,50.97640623],[3.99459308,50.97646561],[3.99435472,50.97646417]]]}},{"type":"Feature","id":"gebouw/Gebouw.18361966/0","properties":{"source":"Digitaal Vlaanderen Gebouwenregister","source_id":"gebouw/Gebouw.18361966/0","kind":"building","height_m":5.0,"status":null},"geometry":{"type":"Polygon","coordinates":[[[3.99346991,50.97867958],[3.99343195,50.97873058],[3.99335404,50.97870726],[3.99339031,50.97865668],[3.99346991,50.97867958]]]}},{"type":"Feature","id":"gebouw/Gebouw.18361997/0","properties":{"source":"Digitaal Vlaanderen Gebouwenregister","source_id":"gebouw/Gebouw.18361997/0","kind":"building","height_m":7.16,"status":null},"geometry":{"type":"Polygon","coordinates":[[[3.99277776,50.97847156],[3.99280417,50.97847471],[3.99280264,50.97848128],[3.99279149,50.97852923],[3.99279657,50.97852984],[3.99278695,50.97856166],[3.9927711,50.97855794],[3.99276311,50.97855607],[3.99270187,50.97854171],[3.99270345,50.97853649],[3.99270866,50.97851925],[3.99270262,50.97851852],[3.99272103,50.9784648],[3.99277776,50.97847156]]]}},{"type":"Feature","id":"gebouw/Gebouw.18361998/0","properties":{"source":"Digitaal Vlaanderen Gebouwenregister","source_id":"gebouw/Gebouw.18361998/0","kind":"building","height_m":7.88,"status":null},"geometry":{"type":"Polygon","coordinates":[[[3.99281948,50.97839371],[3.9928127,50.9784225],[3.99275366,50.9784144],[3.99276161,50.97838503],[3.99281948,50.97839371]]]}},{"type":"Feature","id":"gebouw/Gebouw.18362028/0","properties":{"source":"Digitaal Vlaanderen Gebouwenregister","source_id":"gebouw/Gebouw.18362028/0","kind":"building","height_m":9.32,"status":null},"geometry":{"type":"Polygon","coordinates":[[[3.99188893,50.97815724],[3.99189601,50.97815881],[3.99188606,50.97817706],[3.99185972,50.97822538],[3.99185378,50.97822403],[3.99181527,50.9782153],[3.99184213,50.97816691],[3.99185206,50.97814902],[3.99188893,50.97815724]]]}},{"type":"Feature","id":"gebouw/Gebouw.18362029/0","properties":{"source":"Digitaal Vlaanderen Gebouwenregister","source_id":"gebouw/Gebouw.18362029/0","kind":"building","height_m":5.0,"status":null},"geometry":{"type":"Polygon","coordinates":[[[3.99189601,50.97815881],[3.99190103,50.97815993],[3.9919547,50.97817193],[3.99187786,50.97831928],[3.99182508,50.97830756],[3.9918114,50.97830452],[3.99184259,50.97824525],[3.99184821,50.97824649],[3.99185972,50.97822538],[3.99188606,50.97817706],[3.99189601,50.97815881]]]}},{"type":"Feature","id":"gebouw/Gebouw.18362059/0","properties":{"source":"Digitaal Vlaanderen Gebouwenregister","source_id":"gebouw/Gebouw.18362059/0","kind":"building","height_m":6.44,"status":null},"geometry":{"type":"Polygon","coordinates":[[[3.98717692,50.97694349],[3.98718054,50.97691012],[3.98723798,50.97691444],[3.98723239,50.97694676],[3.98717692,50.97694349]]]}},{"type":"Feature","id":"gebouw/Gebouw.18362060/0","properties":{"source":"Digitaal Vlaanderen Gebouwenregister","source_id":"gebouw/Gebouw.18362060/0","kind":"building","height_m":7.16,"status":null},"geometry":{"type":"Polygon","coordinates":[[[3.98726242,50.97697083],[3.98731983,50.97697358],[3.98731186,50.97706244],[3.9872518,50.97705941],[3.98726242,50.97697083]]]}},{"type":"Feature","id":"gebouw/Gebouw.18362123/0","properties":{"source":"Digitaal Vlaanderen Gebouwenregister","source_id":"gebouw/Gebouw.18362123/0","kind":"building","height_m":7.16,"status":null},"geometry":{"type":"Polygon","coordinates":[[[3.99312138,50.97823227],[3.99311752,50.97823689],[3.99320455,50.97826182],[3.99318851,50.97828874],[3.99309874,50.97826341],[3.99308487,50.97828532],[3.99300619,50.97826316],[3.99304309,50.9782097],[3.99312138,50.97823227]]]}},{"type":"Feature","id":"gebouw/Gebouw.18362192/0","properties":{"source":"Digitaal Vlaanderen Gebouwenregister","source_id":"gebouw/Gebouw.18362192/0","kind":"building","height_m":6.44,"status":null},"geometry":{"type":"Polygon","coordinates":[[[3.99172139,50.97868525],[3.99168467,50.97875331],[3.99164796,50.97874542],[3.99164095,50.97875849],[3.9915987,50.97875068],[3.9915786,50.97874697],[3.9916523,50.97861035],[3.99171135,50.97862304],[3.99169865,50.97864659],[3.99170193,50.97864729],[3.9916856,50.97867756],[3.99172139,50.97868525]]]}},{"type":"Feature","id":"gebouw/Gebouw.18362285/0","properties":{"source":"Digitaal Vlaanderen Gebouwenregister","source_id":"gebouw/Gebouw.18362285/0","kind":"building","height_m":7.88,"status":null},"geometry":{"type":"Polygon","coordinates":[[[3.99105845,50.97698965],[3.99110301,50.9770019],[3.99107194,50.97705279],[3.99102967,50.97704094],[3.99103569,50.97703021],[3.99105845,50.97698965]]]}},{"type":"Feature","id":"gebouw/Gebouw.18362316/0","properties":{"source":"Digitaal Vlaanderen Gebouwenregister","source_id":"gebouw/Gebouw.18362316/0","kind":"building","height_m":5.0,"status":null},"geometry":{"type":"Polygon","coordinates":[[[3.99124972,50.9769438],[3.99127773,50.97693105],[3.99131495,50.97696116],[3.99129965,50.97698472],[3.99126196,50.97695358],[3.99124972,50.9769438]]]}},{"type":"Feature","id":"gebouw/Gebouw.18362393/0","properties":{"source":"Digitaal Vlaanderen Gebouwenregister","source_id":"gebouw/Gebouw.18362393/0","kind":"building","height_m":5.0,"status":null},"geometry":{"type":"Polygon","coordinates":[[[3.9891891,50.97680553],[3.98911868,50.97675942],[3.98912399,50.97675636],[3.98910031,50.97674173],[3.98915613,50.97670941],[3.98918022,50.97672527],[3.98918708,50.97672057],[3.98925681,50.97676265],[3.98924944,50.97676851],[3.98926463,50.97677832],[3.98921517,50.97680938],[3.98920076,50.97679891],[3.9891891,50.97680553]]]}},{"type":"Feature","id":"gebouw/Gebouw.18362424/0","properties":{"source":"Digitaal Vlaanderen Gebouwenregister","source_id":"gebouw/Gebouw.18362424/0","kind":"building","height_m":7.16,"status":null},"geometry":{"type":"Polygon","coordinates":[[[3.98519449,50.97629177],[3.98516817,50.97632827],[3.98499693,50.97627477],[3.98502498,50.97623701],[3.98519449,50.97629177]]]}},{"type":"Feature","id":"gebouw/Gebouw.18362459/0","properties":{"source":"Digitaal Vlaanderen Gebouwenregister","source_id":"gebouw/Gebouw.18362459/0","kind":"building","height_m":7.16,"status":null},"geometry":{"type":"Polygon","coordinates":[[[3.99413629,50.9764327],[3.9941363,50.97647864],[3.99402786,50.97647646],[3.99403006,50.97642995],[3.99413629,50.9764327]]]}},{"type":"Feature","id":"gebouw/Gebouw.18362460/0","properties":{"source":"Digitaal Vlaanderen Gebouwenregister","source_id":"gebouw/Gebouw.18362460/0","kind":"building","height_m":7.88,"status":null},"geometry":{"type":"Polygon","coordinates":[[[3.9947643,50.97805734],[3.99471723,50.9780474],[3.99472692,50.97802452],[3.99476864,50.97803276],[3.99477968,50.9779996],[3.99476077,50.97799499],[3.99478217,50.97794068],[3.99481016,50.97794554],[3.99479422,50.9779929],[3.99479499,50.97799306],[3.99480255,50.9779946],[3.99478112,50.97804578],[3.99477105,50.97804436],[3.99476827,50.97804397],[3.9947643,50.97805734]]]}},{"type":"Feature","id":"gebouw/Gebouw.18362461/0","properties":{"source":"Digitaal Vlaanderen Gebouwenregister","source_id":"gebouw/Gebouw.18362461/0","kind":"building","height_m":8.6,"status":null},"geometry":{"type":"Polygon","coordinates":[[[3.99469394,50.97734062],[3.9946985,50.97738662],[3.9946013,50.97738967],[3.99459699,50.97734366],[3.99469394,50.97734062]]]}},{"type":"Feature","id":"gebouw/Gebouw.18362462/0","properties":{"source":"Digitaal Vlaanderen Gebouwenregister","source_id":"gebouw/Gebouw.18362462/0","kind":"building","height_m":9.32,"status":null},"geometry":{"type":"Polygon","coordinates":[[[3.99459353,50.97713881],[3.99458989,50.97715387],[3.99459484,50.97715467],[3.99458917,50.97717119],[3.99443461,50.97715075],[3.99444615,50.97711968],[3.99459353,50.97713881]]]}},{"type":"Feature","id":"gebouw/Gebouw.18362536/0","properties":{"source":"Digitaal Vlaanderen Gebouwenregister","source_id":"gebouw/Gebouw.18362536/0","kind":"building","height_m":7.16,"status":null},"geometry":{"type":"Polygon","coordinates":[[[3.98640776,50.97428289],[3.98639604,50.97431317],[3.98630714,50.97429868],[3.98631899,50.97426864],[3.98640776,50.97428289]]]}},{"type":"Feature","id":"gebouw/Gebouw.18362711/0","properties":{"source":"Digitaal Vlaanderen Gebouwenregister","source_id":"gebouw/Gebouw.18362711/0","kind":"building","height_m":7.16,"status":null},"geometry":{"type":"Polygon","coordinates":[[[3.98456348,50.97670982],[3.98454301,50.97675263],[3.98448459,50.97674033],[3.9845057,50.97669646],[3.98456348,50.97670982]]]}},{"type":"Feature","id":"gebouw/Gebouw.18609358/0","properties":{"source":"Digitaal Vlaanderen Gebouwenregister","source_id":"gebouw/Gebouw.18609358/0","kind":"building","height_m":8.6,"status":null},"geometry":{"type":"Polygon","coordinates":[[[3.98604307,50.97441529],[3.98604294,50.97441526],[3.98597844,50.97440383],[3.98596634,50.97443102],[3.98594908,50.97442796],[3.98593694,50.97445523],[3.9858552,50.97444074],[3.98584944,50.97443971],[3.98580927,50.97452998],[3.98589404,50.97454493],[3.98588855,50.9745578],[3.98597631,50.97457298],[3.98598197,50.97456005],[3.98605121,50.97457232],[3.9860911,50.97448211],[3.9861046,50.9744844],[3.98612674,50.97443452],[3.98604122,50.97441947],[3.98604307,50.97441529]]]}},{"type":"Feature","id":"gebouw/Gebouw.18732964/0","properties":{"source":"Digitaal Vlaanderen Gebouwenregister","source_id":"gebouw/Gebouw.18732964/0","kind":"building","height_m":8.6,"status":null},"geometry":{"type":"Polygon","coordinates":[[[3.99064764,50.97820221],[3.99060089,50.9781951],[3.99062604,50.9781292],[3.99067279,50.97813632],[3.99064764,50.97820221]]]}},{"type":"Feature","id":"gebouw/Gebouw.18734614/0","properties":{"source":"Digitaal Vlaanderen Gebouwenregister","source_id":"gebouw/Gebouw.18734614/0","kind":"building","height_m":7.16,"status":null},"geometry":{"type":"Polygon","coordinates":[[[3.98684516,50.97586523],[3.98667218,50.97578936],[3.98671884,50.97574734],[3.986734,50.97575405],[3.98675772,50.97573269],[3.98677096,50.97572077],[3.98685133,50.97575698],[3.98686351,50.97574785],[3.98693876,50.97578174],[3.98684516,50.97586523]]]}},{"type":"Feature","id":"gebouw/Gebouw.18734615/0","properties":{"source":"Digitaal Vlaanderen Gebouwenregister","source_id":"gebouw/Gebouw.18734615/0","kind":"building","height_m":7.88,"status":null},"geometry":{"type":"Polygon","coordinates":[[[3.98771582,50.97496052],[3.98766647,50.97494801],[3.98769444,50.97490402],[3.98774379,50.97491653],[3.98771582,50.97496052]]]}},{"type":"Feature","id":"gebouw/Gebouw.18734616/0","properties":{"source":"Digitaal Vlaanderen Gebouwenregister","source_id":"gebouw/Gebouw.18734616/0","kind":"building","height_m":8.6,"status":null},"geometry":{"type":"Polygon","coordinates":[[[3.98701884,50.97456549],[3.98698142,50.97455499],[3.98698539,50.97454959],[3.98696822,50.97454483],[3.98698388,50.97452342],[3.98703683,50.97453934],[3.98701884,50.97456549]]]}},{"type":"Feature","id":"gebouw/Gebouw.18734617/0","properties":{"source":"Digitaal Vlaanderen Gebouwenregister","source_id":"gebouw/Gebouw.18734617/0","kind":"building","height_m":9.32,"status":null},"geometry":{"type":"Polygon","coordinates":[[[3.9879296,50.9743409],[3.98798582,50.97436318],[3.9879633,50.97438582],[3.98790615,50.97436397],[3.98788809,50.97435706],[3.98791135,50.97433367],[3.9879296,50.9743409]]]}},{"type":"Feature","id":"gebouw/Gebouw.18734618/0","properties":{"source":"Digitaal Vlaanderen Gebouwenregister","source_id":"gebouw/Gebouw.18734618/0","kind":"building","height_m":5.0,"status":null},"geometry":{"type":"Polygon","coordinates":[[[3.98602873,50.97430225],[3.98607788,50.97431021],[3.98606362,50.97434529],[3.98601447,50.97433733],[3.98602873,50.97430225]]]}},{"type":"Feature","id":"gebouw/Gebouw.18735295/0","properties":{"source":"Digitaal Vlaanderen Gebouwenregister","source_id":"gebouw/Gebouw.18735295/0","kind":"building","height_m":8.6,"status":null},"geometry":{"type":"Polygon","coordinates":[[[3.98473807,50.97641304],[3.98471529,50.97644662],[3.98466243,50.97643233],[3.9846852,50.97639875],[3.98473807,50.97641304]]]}},{"type":"Feature","id":"gebouw/Gebouw.18735304/0","properties":{"source":"Digitaal Vlaanderen Gebouwenregister","source_id":"gebouw/Gebouw.18735304/0","kind":"building","height_m":5.0,"status":null},"geometry":{"type":"Polygon","coordinates":[[[3.99312848,50.97829774],[3.99317063,50.97830954],[3.99314093,50.97835182],[3.99309879,50.97834003],[3.99312848,50.97829774]]]}},{"type":"Feature","id":"gebouw/Gebouw.18735305/0","properties":{"source":"Digitaal Vlaanderen Gebouwenregister","source_id":"gebouw/Gebouw.18735305/0","kind":"building","height_m":5.72,"status":null},"geometry":{"type":"Polygon","coordinates":[[[3.99053577,50.97697726],[3.99054985,50.97695047],[3.99061929,50.97696501],[3.99060521,50.9769918],[3.99053577,50.97697726]]]}},{"type":"Feature","id":"gebouw/Gebouw.18735306/0","properties":{"source":"Digitaal Vlaanderen Gebouwenregister","source_id":"gebouw/Gebouw.18735306/0","kind":"building","height_m":6.44,"status":null},"geometry":{"type":"Polygon","coordinates":[[[3.9911614,50.97685899],[3.99120142,50.97686782],[3.99119165,50.97688546],[3.9911973,50.97688671],[3.99115025,50.97697163],[3.99110458,50.97696155],[3.9911614,50.97685899]]]}},{"type":"Feature","id":"gebouw/Gebouw.18735307/0","properties":{"source":"Digitaal Vlaanderen Gebouwenregister","source_id":"gebouw/Gebouw.18735307/0","kind":"building","height_m":7.16,"status":null},"geometry":{"type":"Polygon","coordinates":[[[3.99460056,50.97739008],[3.99459592,50.97734321],[3.99469576,50.97733927],[3.9947004,50.97738614],[3.99460056,50.97739008]]]}},{"type":"Feature","id":"gebouw/Gebouw.18857285/0","properties":{"source":"Digitaal Vlaanderen Gebouwenregister","source_id":"gebouw/Gebouw.18857285/0","kind":"building","height_m":9.32,"status":null},"geometry":{"type":"Polygon","coordinates":[[[3.99461173,50.97682706],[3.99445958,50.97680398],[3.99448437,50.97673887],[3.99463651,50.97676194],[3.99461173,50.97682706]]]}},{"type":"Feature","id":"gebouw/Gebouw.19296893/0","properties":{"source":"Digitaal Vlaanderen Gebouwenregister","source_id":"gebouw/Gebouw.19296893/0","kind":"building","height_m":5.0,"status":null},"geometry":{"type":"Polygon","coordinates":[[[3.99143598,50.98094311],[3.99145761,50.98099164],[3.99145941,50.9809957],[3.99145334,50.98099678],[3.99140001,50.98100624],[3.99137298,50.98094912],[3.99138705,50.98094663],[3.99143385,50.98093832],[3.99143598,50.98094311]]]}},{"type":"Feature","id":"gebouw/Gebouw.19297114/0","properties":{"source":"Digitaal Vlaanderen Gebouwenregister","source_id":"gebouw/Gebouw.19297114/0","kind":"building","height_m":7.88,"status":null},"geometry":{"type":"Polygon","coordinates":[[[3.99157958,50.98091309],[3.99158979,50.98089395],[3.99167896,50.98091291],[3.99166875,50.98093205],[3.99157958,50.98091309]]]}},{"type":"Feature","id":"gebouw/Gebouw.19316009/0","properties":{"source":"Digitaal Vlaanderen Gebouwenregister","source_id":"gebouw/Gebouw.19316009/0","kind":"building","height_m":9.32,"status":null},"geometry":{"type":"Polygon","coordinates":[[[3.99350445,50.9783346],[3.99358579,50.97835985],[3.99359515,50.97834807],[3.99365815,50.97836756],[3.99353514,50.97852606],[3.99339044,50.97848113],[3.99350445,50.9783346]]]}},{"type":"Feature","id":"gebouw/Gebouw.19522946/0","properties":{"source":"Digitaal Vlaanderen Gebouwenregister","source_id":"gebouw/Gebouw.19522946/0","kind":"building","height_m":6.44,"status":null},"geometry":{"type":"Polygon","coordinates":[[[3.99286255,50.97757124],[3.99281275,50.97765492],[3.99276695,50.97764508],[3.99281373,50.9775601],[3.99286255,50.97757124]]]}},{"type":"Feature","id":"gebouw/Gebouw.19522947/0","properties":{"source":"Digitaal Vlaanderen Gebouwenregister","source_id":"gebouw/Gebouw.19522947/0","kind":"building","height_m":7.16,"status":null},"geometry":{"type":"Polygon","coordinates":[[[3.99286255,50.97757124],[3.99289785,50.97757928],[3.99288257,50.97760788],[3.99289048,50.97760956],[3.99285985,50.97766503],[3.99281275,50.97765492],[3.99286255,50.97757124]]]}},{"type":"Feature","id":"gebouw/Gebouw.19523363/0","properties":{"source":"Digitaal Vlaanderen Gebouwenregister","source_id":"gebouw/Gebouw.19523363/0","kind":"building","height_m":9.32,"status":null},"geometry":{"type":"Polygon","coordinates":[[[3.98588563,50.97672341],[3.98588414,50.97672529],[3.98582644,50.97670757],[3.98585508,50.97667062],[3.98577219,50.9766431],[3.98579216,50.97661879],[3.9858023,50.97660645],[3.98588819,50.97664308],[3.98593038,50.97666107],[3.98593383,50.97666254],[3.98588563,50.97672341]]]}},{"type":"Feature","id":"gebouw/Gebouw.19523364/0","properties":{"source":"Digitaal Vlaanderen Gebouwenregister","source_id":"gebouw/Gebouw.19523364/0","kind":"building","height_m":5.0,"status":null},"geometry":{"type":"Polygon","coordinates":[[[3.98593989,50.97665489],[3.9859738,50.97666896],[3.98597102,50.97667286],[3.98598805,50.97667904],[3.98596374,50.97671005],[3.98594814,50.97670557],[3.98592415,50.97673564],[3.98588563,50.97672341],[3.98593383,50.97666254],[3.98593989,50.97665489]]]}},{"type":"Feature","id":"gebouw/Gebouw.19523365/0","properties":{"source":"Digitaal Vlaanderen Gebouwenregister","source_id":"gebouw/Gebouw.19523365/0","kind":"building","height_m":5.72,"status":null},"geometry":{"type":"Polygon","coordinates":[[[3.9858023,50.97660645],[3.98579216,50.97661879],[3.9857646,50.97660723],[3.98577682,50.97659463],[3.9858023,50.97660645]]]}},{"type":"Feature","id":"gebouw/Gebouw.19523812/0","properties":{"source":"Digitaal Vlaanderen Gebouwenregister","source_id":"gebouw/Gebouw.19523812/0","kind":"building","height_m":5.0,"status":null},"geometry":{"type":"Polygon","coordinates":[[[3.99407978,50.9769736],[3.99409077,50.97694352],[3.99409406,50.97693453],[3.99446418,50.976983],[3.99445023,50.97702536],[3.99416962,50.97699178],[3.99413661,50.97708096],[3.99402982,50.97706788],[3.9940251,50.9770673],[3.99403779,50.97703131],[3.99404548,50.97703257],[3.99406622,50.97697162],[3.99407359,50.9769727],[3.99407978,50.9769736]]]}},{"type":"Feature","id":"gebouw/Gebouw.19524732/0","properties":{"source":"Digitaal Vlaanderen Gebouwenregister","source_id":"gebouw/Gebouw.19524732/0","kind":"building","height_m":7.16,"status":null},"geometry":{"type":"Polygon","coordinates":[[[3.99233507,50.97751438],[3.9922817,50.97750273],[3.99220435,50.97763974],[3.99210428,50.97761741],[3.99212325,50.97758278],[3.99212173,50.97758245],[3.99215754,50.97751851],[3.99215871,50.97751878],[3.99217306,50.97749384],[3.99223114,50.97750704],[3.99224111,50.97748992],[3.9922479,50.9774913],[3.99228234,50.97742688],[3.9923724,50.97744708],[3.99233882,50.97750768],[3.99233507,50.97751438]]]}},{"type":"Feature","id":"gebouw/Gebouw.19524733/0","properties":{"source":"Digitaal Vlaanderen Gebouwenregister","source_id":"gebouw/Gebouw.19524733/0","kind":"building","height_m":7.88,"status":null},"geometry":{"type":"Polygon","coordinates":[[[3.9923724,50.97744708],[3.99241501,50.97745684],[3.99238156,50.97751771],[3.99233882,50.97750768],[3.9923724,50.97744708]]]}},{"type":"Feature","id":"gebouw/Gebouw.19525838/0","properties":{"source":"Digitaal Vlaanderen Gebouwenregister","source_id":"gebouw/Gebouw.19525838/0","kind":"building","height_m":7.16,"status":null},"geometry":{"type":"Polygon","coordinates":[[[3.98564602,50.97722896],[3.98571605,50.9772393],[3.98568515,50.97731443],[3.98567045,50.97735173],[3.98587751,50.97738421],[3.98586144,50.97742824],[3.98578849,50.97760592],[3.98550855,50.97755894],[3.98553533,50.97749435],[3.98559004,50.97736244],[3.98564136,50.97724007],[3.98564602,50.97722896]]]}},{"type":"Feature","id":"gebouw/Gebouw.19525839/0","properties":{"source":"Digitaal Vlaanderen Gebouwenregister","source_id":"gebouw/Gebouw.19525839/0","kind":"building","height_m":7.88,"status":null},"geometry":{"type":"Polygon","coordinates":[[[3.98564136,50.97724007],[3.98559004,50.97736244],[3.98548549,50.97734553],[3.98549417,50.97732184],[3.98548886,50.97732066],[3.98550487,50.97727888],[3.98556044,50.97728625],[3.98558277,50.97723106],[3.98564136,50.97724007]]]}},{"type":"Feature","id":"gebouw/Gebouw.19526247/0","properties":{"source":"Digitaal Vlaanderen Gebouwenregister","source_id":"gebouw/Gebouw.19526247/0","kind":"building","height_m":9.32,"status":null},"geometry":{"type":"Polygon","coordinates":[[[3.98770965,50.97793526],[3.98776431,50.97794401],[3.98775044,50.97798338],[3.98769344,50.97797431],[3.98770965,50.97793526]]]}},{"type":"Feature","id":"gebouw/Gebouw.19526248/0","properties":{"source":"Digitaal Vlaanderen Gebouwenregister","source_id":"gebouw/Gebouw.19526248/0","kind":"building","height_m":5.0,"status":null},"geometry":{"type":"Polygon","coordinates":[[[3.98769344,50.97797431],[3.98767911,50.9780088],[3.98762658,50.97799884],[3.98764594,50.97795392],[3.98765096,50.97795491],[3.98766241,50.9779277],[3.98770965,50.97793526],[3.98769344,50.97797431]]]}},{"type":"Feature","id":"gebouw/Gebouw.19526496/0","properties":{"source":"Digitaal Vlaanderen Gebouwenregister","source_id":"gebouw/Gebouw.19526496/0","kind":"building","height_m":7.16,"status":null},"geometry":{"type":"Polygon","coordinates":[[[3.98752773,50.97554554],[3.98749373,50.97558134],[3.98741301,50.97554528],[3.98740032,50.97553961],[3.98743365,50.97550458],[3.98752773,50.97554554]]]}},{"type":"Feature","id":"gebouw/Gebouw.19526497/0","properties":{"source":"Digitaal Vlaanderen Gebouwenregister","source_id":"gebouw/Gebouw.19526497/0","kind":"building","height_m":7.88,"status":null},"geometry":{"type":"Polygon","coordinates":[[[3.98749373,50.97558134],[3.98746719,50.97560929],[3.98738399,50.97557164],[3.98741301,50.97554528],[3.98749373,50.97558134]]]}},{"type":"Feature","id":"gebouw/Gebouw.19526539/0","properties":{"source":"Digitaal Vlaanderen Gebouwenregister","source_id":"gebouw/Gebouw.19526539/0","kind":"building","height_m":7.88,"status":null},"geometry":{"type":"Polygon","coordinates":[[[3.99312073,50.97772103],[3.99311931,50.977723],[3.9930719,50.97771029],[3.99315031,50.97760141],[3.9931614,50.97760982],[3.9931869,50.97762915],[3.99318254,50.9776352],[3.99312073,50.97772103]]]}},{"type":"Feature","id":"gebouw/Gebouw.19526540/0","properties":{"source":"Digitaal Vlaanderen Gebouwenregister","source_id":"gebouw/Gebouw.19526540/0","kind":"building","height_m":8.6,"status":null},"geometry":{"type":"Polygon","coordinates":[[[3.99318254,50.9776352],[3.99321143,50.97764367],[3.99317627,50.97769161],[3.99315739,50.97772998],[3.99312073,50.97772103],[3.99318254,50.9776352]]]}},{"type":"Feature","id":"gebouw/Gebouw.19530347/0","properties":{"source":"Digitaal Vlaanderen Gebouwenregister","source_id":"gebouw/Gebouw.19530347/0","kind":"building","height_m":7.88,"status":null},"geometry":{"type":"Polygon","coordinates":[[[3.99449795,50.97852378],[3.99450742,50.97852607],[3.99445031,50.97862814],[3.99445025,50.97862825],[3.99444389,50.9786241],[3.99441006,50.97860199],[3.99440862,50.97860192],[3.99442865,50.97856327],[3.99445531,50.97851347],[3.99449795,50.97852378]]]}},{"type":"Feature","id":"gebouw/Gebouw.19530348/0","properties":{"source":"Digitaal Vlaanderen Gebouwenregister","source_id":"gebouw/Gebouw.19530348/0","kind":"building","height_m":8.6,"status":null},"geometry":{"type":"Polygon","coordinates":[[[3.99446304,50.97849904],[3.99450552,50.97850775],[3.99449795,50.97852378],[3.99445531,50.97851347],[3.99446304,50.97849904]]]}},{"type":"Feature","id":"gebouw/Gebouw.19531575/0","properties":{"source":"Digitaal Vlaanderen Gebouwenregister","source_id":"gebouw/Gebouw.19531575/0","kind":"building","height_m":5.0,"status":null},"geometry":{"type":"Polygon","coordinates":[[[3.995137,50.97686521],[3.99513448,50.97695074],[3.99509577,50.97695013],[3.99492011,50.97694737],[3.99492204,50.97689612],[3.99493161,50.97689619],[3.99493315,50.97686135],[3.995137,50.97686521]]]}},{"type":"Feature","id":"gebouw/Gebouw.19531633/0","properties":{"source":"Digitaal Vlaanderen Gebouwenregister","source_id":"gebouw/Gebouw.19531633/0","kind":"building","height_m":6.44,"status":null},"geometry":{"type":"Polygon","coordinates":[[[3.98740533,50.97462413],[3.98740837,50.97462154],[3.98732199,50.97459172],[3.98729576,50.97462213],[3.98730753,50.97462644],[3.9873383,50.97463767],[3.98738519,50.9746548],[3.98740533,50.97462413]]]}},{"type":"Feature","id":"gebouw/Gebouw.19531634/0","properties":{"source":"Digitaal Vlaanderen Gebouwenregister","source_id":"gebouw/Gebouw.19531634/0","kind":"building","height_m":7.16,"status":null},"geometry":{"type":"Polygon","coordinates":[[[3.98730753,50.97462644],[3.98727597,50.97467718],[3.9872343,50.97466632],[3.98726746,50.97461179],[3.98729576,50.97462213],[3.98730753,50.97462644]]]}},{"type":"Feature","id":"gebouw/Gebouw.19532714/0","properties":{"source":"Digitaal Vlaanderen Gebouwenregister","source_id":"gebouw/Gebouw.19532714/0","kind":"building","height_m":8.6,"status":null},"geometry":{"type":"Polygon","coordinates":[[[3.98750971,50.97475598],[3.9874308,50.97473118],[3.98739888,50.9747797],[3.98741419,50.97478362],[3.98739024,50.97482287],[3.9873735,50.97481956],[3.98735263,50.9748518],[3.98730233,50.97483882],[3.98730426,50.97483585],[3.98727531,50.97482831],[3.98735692,50.9747],[3.98738519,50.9746548],[3.9875098,50.97469561],[3.98754393,50.97470678],[3.98755003,50.97470876],[3.98750971,50.97475598]],[[3.98740138,50.97471193],[3.98739918,50.97471621],[3.98742567,50.97472363],[3.98744812,50.97469559],[3.98741784,50.9746857],[3.98740138,50.97471193]]]}},{"type":"Feature","id":"gebouw/Gebouw.19532715/0","properties":{"source":"Digitaal Vlaanderen Gebouwenregister","source_id":"gebouw/Gebouw.19532715/0","kind":"building","height_m":9.32,"status":null},"geometry":{"type":"Polygon","coordinates":[[[3.98740533,50.97462413],[3.98753462,50.97466866],[3.9875098,50.97469561],[3.98738519,50.9746548],[3.98740533,50.97462413]]]}},{"type":"Feature","id":"gebouw/Gebouw.19532716/0","properties":{"source":"Digitaal Vlaanderen Gebouwenregister","source_id":"gebouw/Gebouw.19532716/0","kind":"building","height_m":5.0,"status":null},"geometry":{"type":"Polygon","coordinates":[[[3.98758774,50.97472096],[3.98754723,50.97476844],[3.98751879,50.974759],[3.98750971,50.97475598],[3.98755003,50.97470876],[3.98756353,50.97471313],[3.98758774,50.97472096]]]}},{"type":"Feature","id":"gebouw/Gebouw.19532748/0","properties":{"source":"Digitaal Vlaanderen Gebouwenregister","source_id":"gebouw/Gebouw.19532748/0","kind":"building","height_m":7.88,"status":null},"geometry":{"type":"Polygon","coordinates":[[[3.99507909,50.97825129],[3.99504486,50.97831426],[3.99492789,50.97828893],[3.99494451,50.97825792],[3.99486693,50.97824188],[3.994828,50.97825456],[3.99478814,50.97824756],[3.99479064,50.97824309],[3.99481301,50.9781967],[3.99486524,50.97820684],[3.99507909,50.97825129]]]}},{"type":"Feature","id":"gebouw/Gebouw.19532749/0","properties":{"source":"Digitaal Vlaanderen Gebouwenregister","source_id":"gebouw/Gebouw.19532749/0","kind":"building","height_m":8.6,"status":null},"geometry":{"type":"Polygon","coordinates":[[[3.99479064,50.97824309],[3.99465578,50.97821705],[3.99468327,50.97815723],[3.99481901,50.97818347],[3.99481301,50.9781967],[3.99479064,50.97824309]]]}},{"type":"Feature","id":"gebouw/Gebouw.19532874/0","properties":{"source":"Digitaal Vlaanderen Gebouwenregister","source_id":"gebouw/Gebouw.19532874/0","kind":"building","height_m":7.88,"status":null},"geometry":{"type":"Polygon","coordinates":[[[3.99490934,50.97856642],[3.99494975,50.97848923],[3.9949457,50.97848839],[3.99486613,50.9784718],[3.99475079,50.97844775],[3.99474952,50.97845073],[3.99468772,50.97843837],[3.99451939,50.97840471],[3.99451376,50.97841476],[3.99447894,50.978408],[3.99447989,50.97840595],[3.99441853,50.97839328],[3.99440817,50.97841358],[3.99446835,50.97842624],[3.99446394,50.97843518],[3.99449644,50.97844201],[3.9945129,50.97844546],[3.99452226,50.978428],[3.9945465,50.97843318],[3.99454187,50.97844176],[3.99458309,50.97845062],[3.99458433,50.97844832],[3.99459336,50.97844355],[3.99460679,50.97844617],[3.99458971,50.97848084],[3.99464628,50.97849195],[3.99465128,50.9784818],[3.99468125,50.97848765],[3.99473101,50.97849735],[3.99473388,50.97849007],[3.99481061,50.97850479],[3.99479181,50.97854054],[3.99490563,50.97856565],[3.99490934,50.97856642]]]}},{"type":"Feature","id":"gebouw/Gebouw.19532875/0","properties":{"source":"Digitaal Vlaanderen Gebouwenregister","source_id":"gebouw/Gebouw.19532875/0","kind":"building","height_m":8.6,"status":null},"geometry":{"type":"Polygon","coordinates":[[[3.99490563,50.97856565],[3.99488833,50.97859877],[3.99487788,50.9785966],[3.99475463,50.97857097],[3.99475826,50.97856246],[3.99471521,50.97855299],[3.99471962,50.97854367],[3.99469985,50.97853989],[3.99470579,50.97852891],[3.99463709,50.97851372],[3.99464086,50.97850627],[3.99479181,50.97854054],[3.99490563,50.97856565]]]}},{"type":"Feature","id":"gebouw/Gebouw.19534308/0","properties":{"source":"Digitaal Vlaanderen Gebouwenregister","source_id":"gebouw/Gebouw.19534308/0","kind":"building","height_m":7.16,"status":null},"geometry":{"type":"Polygon","coordinates":[[[3.98603363,50.97653731],[3.98600224,50.97652318],[3.98590781,50.97660829],[3.98576959,50.97654834],[3.98580618,50.97651473],[3.98581154,50.97651704],[3.98587106,50.97646234],[3.98593467,50.97648992],[3.9859681,50.97646035],[3.9860632,50.97650156],[3.98603363,50.97653731]]]}},{"type":"Feature","id":"gebouw/Gebouw.19534309/0","properties":{"source":"Digitaal Vlaanderen Gebouwenregister","source_id":"gebouw/Gebouw.19534309/0","kind":"building","height_m":7.88,"status":null},"geometry":{"type":"Polygon","coordinates":[[[3.9860632,50.97650156],[3.98610657,50.9765163],[3.98607881,50.97655382],[3.98606557,50.97654974],[3.98604813,50.97656846],[3.98601853,50.97655558],[3.98603363,50.97653731],[3.9860632,50.97650156]]]}},{"type":"Feature","id":"gebouw/Gebouw.19534409/0","properties":{"source":"Digitaal Vlaanderen Gebouwenregister","source_id":"gebouw/Gebouw.19534409/0","kind":"building","height_m":9.32,"status":null},"geometry":{"type":"Polygon","coordinates":[[[3.99146296,50.97806053],[3.99143301,50.97811974],[3.99134753,50.97810104],[3.99137037,50.9780602],[3.9913797,50.97804352],[3.99146296,50.97806053]]]}},{"type":"Feature","id":"gebouw/Gebouw.19534410/0","properties":{"source":"Digitaal Vlaanderen Gebouwenregister","source_id":"gebouw/Gebouw.19534410/0","kind":"building","height_m":5.0,"status":null},"geometry":{"type":"Polygon","coordinates":[[[3.99146296,50.97806053],[3.99150774,50.97806968],[3.99149926,50.97808653],[3.99149873,50.97808759],[3.99147945,50.97812592],[3.99143964,50.97811743],[3.99143776,50.97812078],[3.99143301,50.97811974],[3.99146296,50.97806053]]]}},{"type":"Feature","id":"gebouw/Gebouw.19534593/0","properties":{"source":"Digitaal Vlaanderen Gebouwenregister","source_id":"gebouw/Gebouw.19534593/0","kind":"building","height_m":5.72,"status":null},"geometry":{"type":"Polygon","coordinates":[[[3.99475341,50.97916754],[3.99469111,50.97916301],[3.99468753,50.97916891],[3.99465254,50.97922662],[3.99474046,50.97924868],[3.99493188,50.97930241],[3.99493623,50.97930356],[3.99496951,50.9793123],[3.99498727,50.97928197],[3.99489331,50.9792575],[3.99490607,50.97923611],[3.99480615,50.97921233],[3.99480959,50.97920618],[3.99480016,50.97920383],[3.99480486,50.97919604],[3.99481172,50.97918466],[3.99475341,50.97916754]]]}},{"type":"Feature","id":"gebouw/Gebouw.19534594/0","properties":{"source":"Digitaal Vlaanderen Gebouwenregister","source_id":"gebouw/Gebouw.19534594/0","kind":"building","height_m":6.44,"status":null},"geometry":{"type":"Polygon","coordinates":[[[3.99491081,50.97933187],[3.99482825,50.97930834],[3.99482986,50.97930608],[3.99479697,50.9792967],[3.99472846,50.97926842],[3.99474046,50.97924868],[3.99493188,50.97930241],[3.99491081,50.97933187]]]}},{"type":"Feature","id":"gebouw/Gebouw.19682109/0","properties":{"source":"Digitaal Vlaanderen Gebouwenregister","source_id":"gebouw/Gebouw.19682109/0","kind":"building","height_m":9.32,"status":null},"geometry":{"type":"Polygon","coordinates":[[[3.99199034,50.97438183],[3.99189298,50.97448563],[3.99184504,50.97446576],[3.99185896,50.97445268],[3.99180401,50.97443292],[3.99179404,50.97444144],[3.99172894,50.97441114],[3.9918052,50.97431889],[3.99199034,50.97438183]]]}},{"type":"Feature","id":"gebouw/Gebouw.20193785/0","properties":{"source":"Digitaal Vlaanderen Gebouwenregister","source_id":"gebouw/Gebouw.20193785/0","kind":"building","height_m":7.16,"status":null},"geometry":{"type":"Polygon","coordinates":[[[3.98548412,50.97572445],[3.98552195,50.97569042],[3.98558183,50.97571695],[3.985544,50.97575098],[3.98548412,50.97572445]]]}},{"type":"Feature","id":"gebouw/Gebouw.20194119/0","properties":{"source":"Digitaal Vlaanderen Gebouwenregister","source_id":"gebouw/Gebouw.20194119/0","kind":"building","height_m":5.72,"status":null},"geometry":{"type":"Polygon","coordinates":[[[3.985242,50.97600778],[3.98520363,50.97599113],[3.98523164,50.9759654],[3.98527002,50.97598206],[3.985242,50.97600778]]]}},{"type":"Feature","id":"gebouw/Gebouw.20194120/0","properties":{"source":"Digitaal Vlaanderen Gebouwenregister","source_id":"gebouw/Gebouw.20194120/0","kind":"building","height_m":6.44,"status":null},"geometry":{"type":"Polygon","coordinates":[[[3.98533761,50.97604396],[3.98530323,50.97602928],[3.9853312,50.97600317],[3.98536559,50.97601785],[3.98533761,50.97604396]]]}},{"type":"Feature","id":"gebouw/Gebouw.20194121/0","properties":{"source":"Digitaal Vlaanderen Gebouwenregister","source_id":"gebouw/Gebouw.20194121/0","kind":"building","height_m":7.16,"status":null},"geometry":{"type":"Polygon","coordinates":[[[3.98577597,50.97686183],[3.98582002,50.97687356],[3.98579162,50.97691606],[3.9857465,50.97690404],[3.98576877,50.97687215],[3.98577597,50.97686183]]]}},{"type":"Feature","id":"gebouw/Gebouw.20194122/0","properties":{"source":"Digitaal Vlaanderen Gebouwenregister","source_id":"gebouw/Gebouw.20194122/0","kind":"building","height_m":7.88,"status":null},"geometry":{"type":"Polygon","coordinates":[[[3.98566056,50.97659955],[3.98569736,50.97661292],[3.98567326,50.97663935],[3.98563647,50.97662599],[3.98566056,50.97659955]]]}},{"type":"Feature","id":"gebouw/Gebouw.20194233/0","properties":{"source":"Digitaal Vlaanderen Gebouwenregister","source_id":"gebouw/Gebouw.20194233/0","kind":"building","height_m":7.16,"status":null},"geometry":{"type":"Polygon","coordinates":[[[3.98778026,50.97782562],[3.98777699,50.9777809],[3.9878628,50.9777784],[3.98786607,50.97782312],[3.98778026,50.97782562]]]}},{"type":"Feature","id":"gebouw/Gebouw.20194234/0","properties":{"source":"Digitaal Vlaanderen Gebouwenregister","source_id":"gebouw/Gebouw.20194234/0","kind":"building","height_m":7.88,"status":null},"geometry":{"type":"Polygon","coordinates":[[[3.98695782,50.97799923],[3.98697521,50.97802166],[3.9869287,50.97803603],[3.98691097,50.97801315],[3.98695689,50.9779995],[3.98695782,50.97799923]]]}},{"type":"Feature","id":"gebouw/Gebouw.20194235/0","properties":{"source":"Digitaal Vlaanderen Gebouwenregister","source_id":"gebouw/Gebouw.20194235/0","kind":"building","height_m":8.6,"status":null},"geometry":{"type":"Polygon","coordinates":[[[3.98646562,50.97632232],[3.98640732,50.97629964],[3.98644614,50.97625988],[3.98650444,50.97628256],[3.98646562,50.97632232]]]}},{"type":"Feature","id":"gebouw/Gebouw.20194241/0","properties":{"source":"Digitaal Vlaanderen Gebouwenregister","source_id":"gebouw/Gebouw.20194241/0","kind":"building","height_m":7.88,"status":null},"geometry":{"type":"Polygon","coordinates":[[[3.99321298,50.97844689],[3.99313322,50.97842255],[3.99317008,50.9783744],[3.99324985,50.97839873],[3.99321298,50.97844689]]]}},{"type":"Feature","id":"gebouw/Gebouw.20194242/0","properties":{"source":"Digitaal Vlaanderen Gebouwenregister","source_id":"gebouw/Gebouw.20194242/0","kind":"building","height_m":8.6,"status":null},"geometry":{"type":"Polygon","coordinates":[[[3.99450553,50.97831298],[3.99446748,50.97830499],[3.9944838,50.97827403],[3.99452185,50.97828202],[3.99450553,50.97831298]]]}},{"type":"Feature","id":"gebouw/Gebouw.20194243/0","properties":{"source":"Digitaal Vlaanderen Gebouwenregister","source_id":"gebouw/Gebouw.20194243/0","kind":"building","height_m":9.32,"status":null},"geometry":{"type":"Polygon","coordinates":[[[3.99460361,50.97738911],[3.99459883,50.97734286],[3.99469419,50.97733893],[3.99469897,50.97738518],[3.99460361,50.97738911]]]}},{"type":"Feature","id":"gebouw/Gebouw.20194244/0","properties":{"source":"Digitaal Vlaanderen Gebouwenregister","source_id":"gebouw/Gebouw.20194244/0","kind":"building","height_m":5.0,"status":null},"geometry":{"type":"Polygon","coordinates":[[[3.99406085,50.97540803],[3.99402325,50.97538994],[3.99405697,50.97536201],[3.99409457,50.97538011],[3.99406085,50.97540803]]]}},{"type":"Feature","id":"gebouw/Gebouw.20195705/0","properties":{"source":"Digitaal Vlaanderen Gebouwenregister","source_id":"gebouw/Gebouw.20195705/0","kind":"building","height_m":8.6,"status":null},"geometry":{"type":"Polygon","coordinates":[[[3.99310341,50.97826432],[3.99312223,50.9782382],[3.99320455,50.97826182],[3.99318851,50.97828874],[3.99310341,50.97826432]]]}},{"type":"Feature","id":"gebouw/Gebouw.20195706/0","properties":{"source":"Digitaal Vlaanderen Gebouwenregister","source_id":"gebouw/Gebouw.20195706/0","kind":"building","height_m":9.32,"status":null},"geometry":{"type":"Polygon","coordinates":[[[3.99312138,50.97823227],[3.99308487,50.97828532],[3.99300619,50.97826316],[3.99304309,50.9782097],[3.99312138,50.97823227]]]}},{"type":"Feature","id":"gebouw/Gebouw.20733686/0","properties":{"source":"Digitaal Vlaanderen Gebouwenregister","source_id":"gebouw/Gebouw.20733686/0","kind":"building","height_m":5.72,"status":null},"geometry":{"type":"Polygon","coordinates":[[[3.99292886,50.97472434],[3.9928674,50.97469552],[3.99289636,50.97467091],[3.99283924,50.97464412],[3.9929572,50.97454593],[3.99302854,50.97457943],[3.99298852,50.9746134],[3.99305707,50.97464559],[3.99304007,50.97466002],[3.99301742,50.97464908],[3.99292886,50.97472434]]]}},{"type":"Feature","id":"gebouw/Gebouw.20841080/0","properties":{"source":"Digitaal Vlaanderen Gebouwenregister","source_id":"gebouw/Gebouw.20841080/0","kind":"building","height_m":5.72,"status":null},"geometry":{"type":"Polygon","coordinates":[[[3.99490563,50.97856565],[3.99488833,50.97859877],[3.99487788,50.9785966],[3.99486889,50.97861383],[3.99476129,50.97858767],[3.994761,50.9785876],[3.99463559,50.97855711],[3.99465881,50.97851144],[3.99479181,50.97854054],[3.99490563,50.97856565]]]}},{"type":"Feature","id":"gebouw/Gebouw.30589814/0","properties":{"source":"Digitaal Vlaanderen Gebouwenregister","source_id":"gebouw/Gebouw.30589814/0","kind":"building","height_m":7.16,"status":null},"geometry":{"type":"Polygon","coordinates":[[[3.98684715,50.97606925],[3.98676405,50.97603615],[3.98679844,50.97600173],[3.98688243,50.97603518],[3.98688787,50.97602992],[3.98695746,50.97605864],[3.98690561,50.97610872],[3.98683602,50.97608],[3.98684715,50.97606925]]]}},{"type":"Feature","id":"gebouw/Gebouw.30589845/0","properties":{"source":"Digitaal Vlaanderen Gebouwenregister","source_id":"gebouw/Gebouw.30589845/0","kind":"building","height_m":9.32,"status":null},"geometry":{"type":"Polygon","coordinates":[[[3.99486112,50.97840641],[3.99484791,50.978435],[3.99476998,50.97841825],[3.99478319,50.97838966],[3.99478433,50.9783899],[3.99486112,50.97840641]]]}},{"type":"Feature","id":"gebouw/Gebouw.30589862/0","properties":{"source":"Digitaal Vlaanderen Gebouwenregister","source_id":"gebouw/Gebouw.30589862/0","kind":"building","height_m":6.44,"status":null},"geometry":{"type":"Polygon","coordinates":[[[3.98681831,50.97500632],[3.9868752,50.97502181],[3.98686033,50.97504341],[3.98683078,50.97503531],[3.98680445,50.97502808],[3.98681831,50.97500632]]]}},{"type":"Feature","id":"gebouw/Gebouw.30956165/0","properties":{"source":"Digitaal Vlaanderen Gebouwenregister","source_id":"gebouw/Gebouw.30956165/0","kind":"building","height_m":6.44,"status":null},"geometry":{"type":"Polygon","coordinates":[[[3.99486613,50.9784718],[3.99475079,50.97844775],[3.99474952,50.97845073],[3.99468772,50.97843837],[3.99468944,50.97843495],[3.99470338,50.97840717],[3.99488022,50.97844441],[3.99486613,50.9784718]]]}},{"type":"Feature","id":"gebouw/Gebouw.31001698/0","properties":{"source":"Digitaal Vlaanderen Gebouwenregister","source_id":"gebouw/Gebouw.31001698/0","kind":"building","height_m":5.0,"status":null},"geometry":{"type":"Polygon","coordinates":[[[3.99039887,50.97803578],[3.99034994,50.97802708],[3.99036974,50.97798268],[3.99041867,50.97799137],[3.99039887,50.97803578]]]}},{"type":"Feature","id":"gebouw/Gebouw.31001699/0","properties":{"source":"Digitaal Vlaanderen Gebouwenregister","source_id":"gebouw/Gebouw.31001699/0","kind":"building","height_m":5.72,"status":null},"geometry":{"type":"Polygon","coordinates":[[[3.9897164,50.97698999],[3.9897144,50.97696386],[3.98976584,50.97696229],[3.98976785,50.97698842],[3.9897164,50.97698999]]]}},{"type":"Feature","id":"gebouw/Gebouw.31001838/0","properties":{"source":"Digitaal Vlaanderen Gebouwenregister","source_id":"gebouw/Gebouw.31001838/0","kind":"building","height_m":5.0,"status":null},"geometry":{"type":"Polygon","coordinates":[[[3.98518992,50.97719407],[3.98527532,50.97720645],[3.98529374,50.97715582],[3.98533114,50.97716124],[3.98535137,50.97708491],[3.98526892,50.97707131],[3.98524769,50.97712263],[3.98515143,50.97710662],[3.9851153,50.97719437],[3.98518608,50.97720464],[3.98518992,50.97719407]]]}},{"type":"Feature","id":"gebouw/Gebouw.31001839/0","properties":{"source":"Digitaal Vlaanderen Gebouwenregister","source_id":"gebouw/Gebouw.31001839/0","kind":"building","height_m":5.72,"status":null},"geometry":{"type":"Polygon","coordinates":[[[3.98622463,50.97750587],[3.98623738,50.97745148],[3.98597072,50.97742657],[3.98596881,50.97743472],[3.98591221,50.97742943],[3.9858774,50.97742618],[3.98585677,50.97749348],[3.98588634,50.97749624],[3.98595692,50.97750283],[3.98596196,50.97748132],[3.98622463,50.97750587]]]}},{"type":"Feature","id":"gebouw/Gebouw.31001840/0","properties":{"source":"Digitaal Vlaanderen Gebouwenregister","source_id":"gebouw/Gebouw.31001840/0","kind":"building","height_m":6.44,"status":null},"geometry":{"type":"Polygon","coordinates":[[[3.98802647,50.97786571],[3.9879726,50.97785574],[3.98799846,50.97780002],[3.98805234,50.97780998],[3.98802647,50.97786571]]]}},{"type":"Feature","id":"gebouw/Gebouw.31001841/0","properties":{"source":"Digitaal Vlaanderen Gebouwenregister","source_id":"gebouw/Gebouw.31001841/0","kind":"building","height_m":7.16,"status":null},"geometry":{"type":"Polygon","coordinates":[[[3.99005885,50.97500996],[3.98998206,50.97497808],[3.99001627,50.97494523],[3.99009306,50.9749771],[3.99005885,50.97500996]]]}},{"type":"Feature","id":"gebouw/Gebouw.31001845/0","properties":{"source":"Digitaal Vlaanderen Gebouwenregister","source_id":"gebouw/Gebouw.31001845/0","kind":"building","height_m":5.0,"status":null},"geometry":{"type":"Polygon","coordinates":[[[3.99419745,50.97609617],[3.99419733,50.97611927],[3.99411601,50.9761191],[3.99411612,50.97609601],[3.99419745,50.97609617]]]}},{"type":"Feature","id":"gebouw/Gebouw.31001855/0","properties":{"source":"Digitaal Vlaanderen Gebouwenregister","source_id":"gebouw/Gebouw.31001855/0","kind":"building","height_m":7.16,"status":null},"geometry":{"type":"Polygon","coordinates":[[[3.99043014,50.97431784],[3.99038598,50.97430406],[3.9904281,50.97425025],[3.99047226,50.97426402],[3.99043014,50.97431784]]]}},{"type":"Feature","id":"gebouw/Gebouw.31002014/0","properties":{"source":"Digitaal Vlaanderen Gebouwenregister","source_id":"gebouw/Gebouw.31002014/0","kind":"building","height_m":5.72,"status":null},"geometry":{"type":"Polygon","coordinates":[[[3.99415932,50.97627092],[3.99426549,50.97627253],[3.99426442,50.97630047],[3.99415825,50.97629885],[3.99415932,50.97627092]]]}},{"type":"Feature","id":"gebouw/Gebouw.31002288/0","properties":{"source":"Digitaal Vlaanderen Gebouwenregister","source_id":"gebouw/Gebouw.31002288/0","kind":"building","height_m":6.44,"status":null},"geometry":{"type":"Polygon","coordinates":[[[3.99460606,50.97858737],[3.99455806,50.97857555],[3.99457548,50.97854736],[3.99462348,50.97855917],[3.99460606,50.97858737]]]}},{"type":"Feature","id":"gebouw/Gebouw.31126793/0","properties":{"source":"Digitaal Vlaanderen Gebouwenregister","source_id":"gebouw/Gebouw.31126793/0","kind":"building","height_m":8.6,"status":null},"geometry":{"type":"Polygon","coordinates":[[[3.98784751,50.97430112],[3.98783694,50.9743113],[3.98775425,50.97427965],[3.98776424,50.97426925],[3.98784751,50.97430112]]]}},{"type":"Feature","id":"gebouw/Gebouw.31254859/0","properties":{"source":"Digitaal Vlaanderen Gebouwenregister","source_id":"gebouw/Gebouw.31254859/0","kind":"building","height_m":9.32,"status":null},"geometry":{"type":"Polygon","coordinates":[[[3.99398427,50.97512758],[3.9940538,50.97506958],[3.99405991,50.97506447],[3.99400075,50.97503646],[3.99399188,50.97504336],[3.99389317,50.97499648],[3.99381596,50.97506089],[3.99387626,50.9750897],[3.99388191,50.97508497],[3.99392638,50.97510611],[3.99389634,50.97513129],[3.99394951,50.97515658],[3.99398427,50.97512758]]]}},{"type":"Feature","id":"gebouw/Gebouw.31254864/0","properties":{"source":"Digitaal Vlaanderen Gebouwenregister","source_id":"gebouw/Gebouw.31254864/0","kind":"building","height_m":7.88,"status":null},"geometry":{"type":"Polygon","coordinates":[[[3.99359141,50.97482495],[3.99360273,50.97483004],[3.99347754,50.97493657],[3.99344281,50.9749203],[3.99342704,50.97493372],[3.99329009,50.97486957],[3.9933692,50.97480225],[3.99342619,50.97475376],[3.99351019,50.97479317],[3.99346876,50.97482848],[3.99351654,50.97485181],[3.99355063,50.97486845],[3.99359599,50.97483032],[3.99358893,50.97482715],[3.99359141,50.97482495]]]}},{"type":"Feature","id":"gebouw/Gebouw.31391439/0","properties":{"source":"Digitaal Vlaanderen Gebouwenregister","source_id":"gebouw/Gebouw.31391439/0","kind":"building","height_m":6.44,"status":null},"geometry":{"type":"Polygon","coordinates":[[[3.99323855,50.97480808],[3.99334531,50.97471699],[3.9932843,50.97468849],[3.99327419,50.97469712],[3.99323711,50.97467961],[3.99324385,50.97467379],[3.99318157,50.97464466],[3.99307749,50.97473333],[3.99317842,50.97478044],[3.99315821,50.9747977],[3.99321391,50.9748237],[3.99323444,50.97480616],[3.99323855,50.97480808]]]}},{"type":"Feature","id":"gebouw/Gebouw.31661420/0","properties":{"source":"Digitaal Vlaanderen Gebouwenregister","source_id":"gebouw/Gebouw.31661420/0","kind":"building","height_m":5.0,"status":null},"geometry":{"type":"Polygon","coordinates":[[[3.98618942,50.97460072],[3.98607567,50.97458181],[3.98612891,50.97445412],[3.98624267,50.97447303],[3.98618942,50.97460072]]]}},{"type":"Feature","id":"gebouw/Gebouw.31661421/0","properties":{"source":"Digitaal Vlaanderen Gebouwenregister","source_id":"gebouw/Gebouw.31661421/0","kind":"building","height_m":5.72,"status":null},"geometry":{"type":"Polygon","coordinates":[[[3.98638405,50.97461394],[3.98642301,50.97452326],[3.98632744,50.97450743],[3.98628287,50.97460835],[3.9863666,50.9746227],[3.9863713,50.97461176],[3.98638405,50.97461394]]]}},{"type":"Feature","id":"gebouw/Gebouw.31762009/0","properties":{"source":"Digitaal Vlaanderen Gebouwenregister","source_id":"gebouw/Gebouw.31762009/0","kind":"building","height_m":9.32,"status":null},"geometry":{"type":"Polygon","coordinates":[[[3.99495142,50.97916291],[3.99494267,50.97916089],[3.9947799,50.97912326],[3.99474777,50.97918284],[3.99480486,50.97919604],[3.99487932,50.97921325],[3.9949199,50.97922145],[3.99495142,50.97916291]]]}},{"type":"Feature","id":"gebouw/Gebouw.31762070/0","properties":{"source":"Digitaal Vlaanderen Gebouwenregister","source_id":"gebouw/Gebouw.31762070/0","kind":"building","height_m":7.88,"status":null},"geometry":{"type":"Polygon","coordinates":[[[3.99347722,50.97867009],[3.99352917,50.97859783],[3.99345792,50.97857668],[3.99340297,50.9786475],[3.99347722,50.97867009]]]}},{"type":"Feature","id":"gebouw/Gebouw.31762094/0","properties":{"source":"Digitaal Vlaanderen Gebouwenregister","source_id":"gebouw/Gebouw.31762094/0","kind":"building","height_m":5.0,"status":null},"geometry":{"type":"Polygon","coordinates":[[[3.99095784,50.97665491],[3.99094993,50.97665342],[3.9909391,50.97668572],[3.99098893,50.97669509],[3.99100381,50.97666355],[3.99095784,50.97665491]]]}},{"type":"Feature","id":"gebouw/Gebouw.31762115/0","properties":{"source":"Digitaal Vlaanderen Gebouwenregister","source_id":"gebouw/Gebouw.31762115/0","kind":"building","height_m":5.0,"status":null},"geometry":{"type":"Polygon","coordinates":[[[3.98745807,50.97549172],[3.9875626,50.97538189],[3.98744481,50.97533721],[3.98737126,50.97541448],[3.98735482,50.97540825],[3.98732384,50.9754408],[3.98745807,50.97549172]]]}},{"type":"Feature","id":"gebouw/Gebouw.31762251/0","properties":{"source":"Digitaal Vlaanderen Gebouwenregister","source_id":"gebouw/Gebouw.31762251/0","kind":"building","height_m":7.16,"status":null},"geometry":{"type":"Polygon","coordinates":[[[3.99497482,50.97910131],[3.99493567,50.97909226],[3.99480105,50.97906114],[3.9947689,50.97912072],[3.99477206,50.97912145],[3.9947799,50.97912326],[3.99494267,50.97916089],[3.99497482,50.97910131]]]}},{"type":"Feature","id":"gebouw/Gebouw.31762333/0","properties":{"source":"Digitaal Vlaanderen Gebouwenregister","source_id":"gebouw/Gebouw.31762333/0","kind":"building","height_m":5.72,"status":null},"geometry":{"type":"Polygon","coordinates":[[[3.98609473,50.97434169],[3.98622411,50.974366],[3.98623694,50.97433879],[3.98610756,50.97431448],[3.98609473,50.97434169]]]}},{"type":"Feature","id":"gebouw/Gebouw.31762335/0","properties":{"source":"Digitaal Vlaanderen Gebouwenregister","source_id":"gebouw/Gebouw.31762335/0","kind":"building","height_m":7.16,"status":null},"geometry":{"type":"Polygon","coordinates":[[[3.99487932,50.97921325],[3.99480486,50.97919604],[3.99474777,50.97918284],[3.99471608,50.97924151],[3.99484776,50.97927244],[3.99487932,50.97921325]]]}},{"type":"Feature","id":"gebouw/Gebouw.31762364/0","properties":{"source":"Digitaal Vlaanderen Gebouwenregister","source_id":"gebouw/Gebouw.31762364/0","kind":"building","height_m":7.88,"status":null},"geometry":{"type":"Polygon","coordinates":[[[3.98560411,50.97826297],[3.98561993,50.97820623],[3.98557926,50.97820235],[3.98556564,50.9782593],[3.98560411,50.97826297]]]}},{"type":"Feature","id":"gebouw/Gebouw.31762435/0","properties":{"source":"Digitaal Vlaanderen Gebouwenregister","source_id":"gebouw/Gebouw.31762435/0","kind":"building","height_m":8.6,"status":null},"geometry":{"type":"Polygon","coordinates":[[[3.99267081,50.9782583],[3.99275694,50.97810113],[3.99270129,50.97808898],[3.99269675,50.97809728],[3.99265104,50.97808729],[3.99263067,50.97812381],[3.99257225,50.97811113],[3.99257572,50.97810431],[3.99250672,50.97808924],[3.99245778,50.97817997],[3.99252806,50.97819442],[3.99252628,50.97819786],[3.9925919,50.97821134],[3.99257756,50.97823914],[3.99267081,50.9782583]]]}},{"type":"Feature","id":"gebouw/Gebouw.31762446/0","properties":{"source":"Digitaal Vlaanderen Gebouwenregister","source_id":"gebouw/Gebouw.31762446/0","kind":"building","height_m":6.44,"status":null},"geometry":{"type":"Polygon","coordinates":[[[3.9858632,50.97475554],[3.98576609,50.97473491],[3.98571119,50.97483636],[3.98580514,50.97485712],[3.9858632,50.97475554]]]}},{"type":"Feature","id":"gebouw/Gebouw.31762448/0","properties":{"source":"Digitaal Vlaanderen Gebouwenregister","source_id":"gebouw/Gebouw.31762448/0","kind":"building","height_m":7.88,"status":null},"geometry":{"type":"Polygon","coordinates":[[[3.98740032,50.97553961],[3.98741301,50.97554528],[3.98749373,50.97558134],[3.98752468,50.97554494],[3.98743098,50.97550525],[3.98740032,50.97553961]]]}},{"type":"Feature","id":"gebouw/Gebouw.31762474/0","properties":{"source":"Digitaal Vlaanderen Gebouwenregister","source_id":"gebouw/Gebouw.31762474/0","kind":"building","height_m":6.44,"status":null},"geometry":{"type":"Polygon","coordinates":[[[3.99433589,50.97807637],[3.99428724,50.97806741],[3.99425566,50.97813571],[3.99430432,50.97814468],[3.99433589,50.97807637]]]}},{"type":"Feature","id":"gebouw/Gebouw.31762481/0","properties":{"source":"Digitaal Vlaanderen Gebouwenregister","source_id":"gebouw/Gebouw.31762481/0","kind":"building","height_m":6.44,"status":null},"geometry":{"type":"Polygon","coordinates":[[[3.9873383,50.97463767],[3.98731018,50.97468812],[3.98731686,50.97468981],[3.98735692,50.9747],[3.98738519,50.9746548],[3.9873383,50.97463767]]]}},{"type":"Feature","id":"gebouw/Gebouw.31762491/0","properties":{"source":"Digitaal Vlaanderen Gebouwenregister","source_id":"gebouw/Gebouw.31762491/0","kind":"building","height_m":8.6,"status":null},"geometry":{"type":"Polygon","coordinates":[[[3.99480105,50.97906114],[3.99493567,50.97909226],[3.99496803,50.97903219],[3.99483228,50.97900302],[3.99480105,50.97906114]]]}},{"type":"Feature","id":"gebouw/Gebouw.31762526/0","properties":{"source":"Digitaal Vlaanderen Gebouwenregister","source_id":"gebouw/Gebouw.31762526/0","kind":"building","height_m":8.6,"status":null},"geometry":{"type":"Polygon","coordinates":[[[3.98632744,50.97450743],[3.98623136,50.97449148],[3.98618549,50.9745949],[3.98623761,50.97460412],[3.98623923,50.97460047],[3.98628287,50.97460835],[3.98632744,50.97450743]]]}},{"type":"Feature","id":"gebouw/Gebouw.31762541/0","properties":{"source":"Digitaal Vlaanderen Gebouwenregister","source_id":"gebouw/Gebouw.31762541/0","kind":"building","height_m":9.32,"status":null},"geometry":{"type":"Polygon","coordinates":[[[3.98626667,50.97434567],[3.98625271,50.97437567],[3.98630733,50.9743858],[3.98632129,50.97435581],[3.98626667,50.97434567]]]}},{"type":"Feature","id":"gebouw/Gebouw.31762543/0","properties":{"source":"Digitaal Vlaanderen Gebouwenregister","source_id":"gebouw/Gebouw.31762543/0","kind":"building","height_m":5.72,"status":null},"geometry":{"type":"Polygon","coordinates":[[[3.99389772,50.97696939],[3.99394368,50.97687264],[3.99388084,50.97686074],[3.99383488,50.9769575],[3.99389772,50.97696939]]]}},{"type":"Feature","id":"gebouw/Gebouw.31897185/0","properties":{"source":"Digitaal Vlaanderen Gebouwenregister","source_id":"gebouw/Gebouw.31897185/0","kind":"building","height_m":8.6,"status":null},"geometry":{"type":"Polygon","coordinates":[[[3.98571676,50.97850944],[3.9856802,50.97862731],[3.9855109,50.97860638],[3.98554746,50.97848852],[3.98571676,50.97850944]]]}},{"type":"Feature","id":"gebouw/Gebouw.31932063/0","properties":{"source":"Digitaal Vlaanderen Gebouwenregister","source_id":"gebouw/Gebouw.31932063/0","kind":"building","height_m":6.44,"status":null},"geometry":{"type":"Polygon","coordinates":[[[3.98576609,50.97473491],[3.98566907,50.9747142],[3.98561406,50.97481604],[3.98571119,50.97483636],[3.98576609,50.97473491]]]}},{"type":"Feature","id":"way/153025837","properties":{"source":"OpenStreetMap","source_id":"way/153025837","kind":"vegetation","name":null,"waterway":null,"landuse":"forest"},"geometry":{"type":"Polygon","coordinates":[[[3.9933858,50.9789575],[3.9932627,50.9792093],[3.9935669,50.9793255],[3.9933208,50.9802833],[3.9923534,50.9800745],[3.9923979,50.979997],[3.992938,50.9801111],[3.9931738,50.9792481],[3.9930029,50.9791534],[3.9931567,50.9788994],[3.9933858,50.9789575]]]}},{"type":"Feature","id":"way/153025937","properties":{"source":"OpenStreetMap","source_id":"way/153025937","kind":"vegetation","name":null,"waterway":null,"landuse":"forest"},"geometry":{"type":"Polygon","coordinates":[[[3.9954223,50.978955],[3.9951699,50.9793278],[3.9951379,50.9795177],[3.9952104,50.9795573],[3.9951742,50.9796136],[3.9951862,50.9796943],[3.9952201,50.9797582],[3.9952249,50.9797901],[3.9951862,50.9798191],[3.9950871,50.9798343],[3.994976,50.979816],[3.9949421,50.979784],[3.9950001,50.9796836],[3.9950678,50.9795771],[3.9949784,50.9795406],[3.9951282,50.9792666],[3.9951467,50.979254],[3.9953651,50.9789257],[3.9954223,50.978955]]]}},{"type":"Feature","id":"way/153025989","properties":{"source":"OpenStreetMap","source_id":"way/153025989","kind":"vegetation","name":null,"waterway":null,"landuse":"forest"},"geometry":{"type":"Polygon","coordinates":[[[3.9952104,50.9795573],[3.9953965,50.9794995],[3.9954763,50.9795101],[3.9955585,50.9795421],[3.9950896,50.9806621],[3.9947028,50.9805708],[3.9947391,50.980478],[3.9946376,50.9804521],[3.9947149,50.9803152],[3.9945965,50.9802847],[3.9949784,50.9795406],[3.9950678,50.9795771],[3.9950001,50.9796836],[3.9949421,50.979784],[3.994976,50.979816],[3.9950871,50.9798343],[3.9951862,50.9798191],[3.9952249,50.9797901],[3.9952201,50.9797582],[3.9951862,50.9796943],[3.9951742,50.9796136],[3.9952104,50.9795573]]]}},{"type":"Feature","id":"way/153026038","properties":{"source":"OpenStreetMap","source_id":"way/153026038","kind":"vegetation","name":null,"waterway":null,"landuse":"forest"},"geometry":{"type":"Polygon","coordinates":[[[3.9909101,50.981791],[3.9911711,50.9811076],[3.9911126,50.9808851],[3.9913339,50.9798476],[3.9907581,50.9796006],[3.9907874,50.9795524],[3.9913754,50.9797935],[3.9914233,50.9798516],[3.9913891,50.9801529],[3.992941,50.9804542],[3.9928761,50.9805188],[3.9913822,50.9802433],[3.991307,50.9808373],[3.991307,50.9810073],[3.9913173,50.981046],[3.991372,50.9810654],[3.9917788,50.9810955],[3.9920317,50.9811321],[3.9923052,50.9811386],[3.9924659,50.9811235],[3.9925855,50.9810869],[3.9927359,50.9810891],[3.9931188,50.9812053],[3.9930777,50.981266],[3.992825,50.9812202],[3.9926831,50.9811707],[3.9925772,50.9811632],[3.9925225,50.9811826],[3.9924336,50.9812213],[3.9923003,50.9812191],[3.9917479,50.9811574],[3.9912787,50.9811486],[3.9910035,50.9818233],[3.9909101,50.981791]]]}},{"type":"Feature","id":"way/153096236","properties":{"source":"OpenStreetMap","source_id":"way/153096236","kind":"vegetation","name":null,"waterway":null,"landuse":"forest"},"geometry":{"type":"Polygon","coordinates":[[[3.9855022,50.9782423],[3.9860972,50.9783067],[3.9864281,50.9783424],[3.9862504,50.9786408],[3.9866214,50.9787075],[3.986316,50.9791695],[3.9852798,50.9790525],[3.9855022,50.9782423]]]}},{"type":"Feature","id":"way/153167884","properties":{"source":"OpenStreetMap","source_id":"way/153167884","kind":"vegetation","name":null,"waterway":null,"landuse":"forest"},"geometry":{"type":"Polygon","coordinates":[[[3.9914166,50.9742681],[3.9916479,50.9743399],[3.9915599,50.9744999],[3.9916935,50.9745389],[3.9915567,50.9747604],[3.9913319,50.9746845],[3.9906283,50.9754742],[3.9902992,50.9753573],[3.9910159,50.9745594],[3.9911821,50.974621],[3.9914166,50.9742681]]]}},{"type":"Feature","id":"way/153167923","properties":{"source":"OpenStreetMap","source_id":"way/153167923","kind":"vegetation","name":null,"waterway":null,"landuse":"forest"},"geometry":{"type":"Polygon","coordinates":[[[3.9892522,50.9755846],[3.9909337,50.9762169],[3.9913806,50.9763533],[3.9917261,50.9764055],[3.9918827,50.9764606],[3.992044,50.9768232],[3.9920062,50.9770197],[3.9918759,50.9770115],[3.9918629,50.9768433],[3.9916642,50.9768392],[3.9915762,50.9767244],[3.9914647,50.9766289],[3.9914492,50.9766157],[3.9912863,50.976509],[3.9905957,50.9762629],[3.9902599,50.9761176],[3.9890125,50.9755779],[3.9886379,50.9754158],[3.9887877,50.9752558],[3.9890288,50.9753378],[3.9891232,50.9752353],[3.9886672,50.9750527],[3.9887942,50.9749112],[3.9889441,50.9747635],[3.9892764,50.974905],[3.9894099,50.9747758],[3.9895663,50.9746178],[3.9898823,50.9747266],[3.9899246,50.9748312],[3.9901038,50.974864],[3.9901689,50.9749522],[3.9901331,50.9750219],[3.9899246,50.9751245],[3.9897813,50.9751758],[3.989651,50.9752476],[3.9892522,50.9755846]]]}},{"type":"Feature","id":"way/398065491","properties":{"source":"OpenStreetMap","source_id":"way/398065491","kind":"waterway","name":"Leedschebeek","waterway":"stream","landuse":null},"geometry":{"type":"LineString","coordinates":[[3.985914,50.9803361],[3.9861954,50.9803361]]}},{"type":"Feature","id":"way/398065512","properties":{"source":"OpenStreetMap","source_id":"way/398065512","kind":"waterway","name":null,"waterway":"stream","landuse":null},"geometry":{"type":"LineString","coordinates":[[3.9883163,50.9783944],[3.9883624,50.9785053],[3.9883969,50.9785519],[3.9885731,50.9786266],[3.9888776,50.9787634],[3.9893722,50.9790142],[3.9899755,50.9792437],[3.9905821,50.9794852],[3.990727,50.9795474],[3.9909698,50.97965],[3.9913624,50.9798122],[3.9913904,50.9798511],[3.9913266,50.9802041],[3.9911846,50.9807918],[3.9911753,50.9808856],[3.9912056,50.9810351],[3.9912581,50.9811196]]}},{"type":"Feature","id":"way/657707286","properties":{"source":"OpenStreetMap","source_id":"way/657707286","kind":"water","name":null,"waterway":null,"landuse":null},"geometry":{"type":"Polygon","coordinates":[[[3.9875324,50.977571],[3.9874524,50.9775805],[3.987368,50.9775859],[3.9873443,50.9775574],[3.9873291,50.9775097],[3.9873248,50.9774825],[3.9873464,50.9774484],[3.9873853,50.9774335],[3.9874243,50.9774375],[3.9874632,50.9774512],[3.9875302,50.977507],[3.9875324,50.977571]]]}},{"type":"Feature","id":"way/1043785433","properties":{"source":"OpenStreetMap","source_id":"way/1043785433","kind":"waterway","name":"Grootebeek","waterway":"stream","landuse":null},"geometry":{"type":"LineString","coordinates":[[3.9941334,50.9804576],[3.993963,50.9806866],[3.9935622,50.9812214],[3.9935285,50.9812665],[3.9934803,50.9813357]]}}]}