{"type":"FeatureCollection","features":[{"type":"Feature","id":"gebouw/Gebouw.12866124/0","properties":{"source":"Digitaal Vlaanderen Gebouwenregister","source_id":"gebouw/Gebouw.12866124/0","kind":"building","building":"official","height_m":5.1,"status":null},"geometry":{"type":"Polygon","coordinates":[[[3.94738795,50.9437504],[3.9473471,50.94376675],[3.94735757,50.94377828],[3.94726869,50.94381197],[3.94721517,50.94375416],[3.94718488,50.94376654],[3.9471534,50.94373542],[3.94713994,50.94374087],[3.94708123,50.94368031],[3.94716214,50.94364954],[3.94718519,50.94367354],[3.94723402,50.94365518],[3.94726523,50.94368781],[3.94726817,50.94368655],[3.94730917,50.94366895],[3.94738795,50.9437504]]]}},{"type":"Feature","id":"gebouw/Gebouw.12866482/0","properties":{"source":"Digitaal Vlaanderen Gebouwenregister","source_id":"gebouw/Gebouw.12866482/0","kind":"building","building":"official","height_m":8.1,"status":null},"geometry":{"type":"Polygon","coordinates":[[[3.95016943,50.94222609],[3.95026747,50.94227878],[3.95022729,50.94230881],[3.95028082,50.94233653],[3.95023646,50.942372],[3.95014218,50.94232503],[3.95011606,50.94234433],[3.95005495,50.94231223],[3.95016943,50.94222609]]]}},{"type":"Feature","id":"gebouw/Gebouw.12866727/0","properties":{"source":"Digitaal Vlaanderen Gebouwenregister","source_id":"gebouw/Gebouw.12866727/0","kind":"building","building":"official","height_m":7.35,"status":null},"geometry":{"type":"Polygon","coordinates":[[[3.94541734,50.94263082],[3.94526803,50.94275559],[3.94521443,50.94272975],[3.94527707,50.94267549],[3.94521476,50.94264374],[3.94530224,50.9425743],[3.94541734,50.94263082]]]}},{"type":"Feature","id":"gebouw/Gebouw.12866736/0","properties":{"source":"Digitaal Vlaanderen Gebouwenregister","source_id":"gebouw/Gebouw.12866736/0","kind":"building","building":"official","height_m":5.1,"status":null},"geometry":{"type":"Polygon","coordinates":[[[3.94947817,50.94685725],[3.9495406,50.94684494],[3.94954369,50.94685118],[3.9495878,50.94684252],[3.9495941,50.94685534],[3.94967321,50.94683983],[3.94971592,50.94692586],[3.94962264,50.94694384],[3.94963019,50.94695947],[3.94953688,50.94697745],[3.94950899,50.94692034],[3.94948328,50.94686771],[3.94947817,50.94685725]]]}},{"type":"Feature","id":"gebouw/Gebouw.12893913/0","properties":{"source":"Digitaal Vlaanderen Gebouwenregister","source_id":"gebouw/Gebouw.12893913/0","kind":"building","building":"official","height_m":7.35,"status":null},"geometry":{"type":"Polygon","coordinates":[[[3.94588841,50.94615546],[3.94580553,50.94614265],[3.94581016,50.94613041],[3.94570479,50.94611369],[3.94573585,50.94603522],[3.94592368,50.94606289],[3.94588841,50.94615546]]]}},{"type":"Feature","id":"gebouw/Gebouw.12910023/0","properties":{"source":"Digitaal Vlaanderen Gebouwenregister","source_id":"gebouw/Gebouw.12910023/0","kind":"building","building":"official","height_m":7.35,"status":null},"geometry":{"type":"Polygon","coordinates":[[[3.94708618,50.9453064],[3.94712754,50.94532717],[3.94707538,50.94537036],[3.94703271,50.94534968],[3.94708618,50.9453064]]]}},{"type":"Feature","id":"gebouw/Gebouw.12910089/0","properties":{"source":"Digitaal Vlaanderen Gebouwenregister","source_id":"gebouw/Gebouw.12910089/0","kind":"building","building":"official","height_m":7.35,"status":null},"geometry":{"type":"Polygon","coordinates":[[[3.94914093,50.94758843],[3.94908284,50.94748519],[3.94914754,50.94747362],[3.94920461,50.94757439],[3.94914093,50.94758843]]]}},{"type":"Feature","id":"gebouw/Gebouw.12910166/0","properties":{"source":"Digitaal Vlaanderen Gebouwenregister","source_id":"gebouw/Gebouw.12910166/0","kind":"building","building":"official","height_m":6.6,"status":null},"geometry":{"type":"Polygon","coordinates":[[[3.94977953,50.94771724],[3.949716,50.94768918],[3.94976882,50.94764082],[3.94983259,50.94766797],[3.94977953,50.94771724]]]}},{"type":"Feature","id":"gebouw/Gebouw.12910309/0","properties":{"source":"Digitaal Vlaanderen Gebouwenregister","source_id":"gebouw/Gebouw.12910309/0","kind":"building","building":"official","height_m":5.85,"status":null},"geometry":{"type":"Polygon","coordinates":[[[3.94730881,50.94360228],[3.9474397,50.94355264],[3.94751866,50.94363535],[3.94738825,50.94368454],[3.94730881,50.94360228]]]}},{"type":"Feature","id":"gebouw/Gebouw.12910399/0","properties":{"source":"Digitaal Vlaanderen Gebouwenregister","source_id":"gebouw/Gebouw.12910399/0","kind":"building","building":"official","height_m":5.85,"status":null},"geometry":{"type":"Polygon","coordinates":[[[3.94358503,50.94436287],[3.94352887,50.9443228],[3.94348187,50.94434732],[3.94344466,50.94436674],[3.94350104,50.94440726],[3.94355059,50.94438108],[3.94358503,50.94436287]]]}},{"type":"Feature","id":"gebouw/Gebouw.12914549/0","properties":{"source":"Digitaal Vlaanderen Gebouwenregister","source_id":"gebouw/Gebouw.12914549/0","kind":"building","building":"official","height_m":8.85,"status":null},"geometry":{"type":"Polygon","coordinates":[[[3.94398669,50.94244984],[3.94397883,50.94245604],[3.94392602,50.94243066],[3.94397054,50.94239311],[3.94398469,50.94239972],[3.94404082,50.94235504],[3.94408226,50.94237448],[3.9440317,50.94241435],[3.94398669,50.94244984]]]}},{"type":"Feature","id":"gebouw/Gebouw.12917911/0","properties":{"source":"Digitaal Vlaanderen Gebouwenregister","source_id":"gebouw/Gebouw.12917911/0","kind":"building","building":"official","height_m":5.85,"status":null},"geometry":{"type":"Polygon","coordinates":[[[3.94148103,50.94436097],[3.94136514,50.94431623],[3.94140618,50.94426597],[3.94152971,50.94430986],[3.94148103,50.94436097]]]}},{"type":"Feature","id":"gebouw/Gebouw.12933876/0","properties":{"source":"Digitaal Vlaanderen Gebouwenregister","source_id":"gebouw/Gebouw.12933876/0","kind":"building","building":"official","height_m":5.1,"status":null},"geometry":{"type":"Polygon","coordinates":[[[3.94692992,50.94303081],[3.94676437,50.94294325],[3.94686416,50.94286767],[3.94702684,50.94295577],[3.9469701,50.94299969],[3.94693291,50.94302855],[3.94692992,50.94303081]]]}},{"type":"Feature","id":"gebouw/Gebouw.12933909/0","properties":{"source":"Digitaal Vlaanderen Gebouwenregister","source_id":"gebouw/Gebouw.12933909/0","kind":"building","building":"official","height_m":7.35,"status":null},"geometry":{"type":"Polygon","coordinates":[[[3.94874502,50.94654936],[3.94870475,50.94654733],[3.94871567,50.94649784],[3.94875405,50.94650043],[3.94874502,50.94654936]]]}},{"type":"Feature","id":"gebouw/Gebouw.12935363/0","properties":{"source":"Digitaal Vlaanderen Gebouwenregister","source_id":"gebouw/Gebouw.12935363/0","kind":"building","building":"official","height_m":8.85,"status":null},"geometry":{"type":"Polygon","coordinates":[[[3.94219902,50.94467562],[3.94218375,50.94474687],[3.94194987,50.94472567],[3.94197008,50.94461955],[3.94207014,50.94462765],[3.9420639,50.94466493],[3.94219902,50.94467562]]]}},{"type":"Feature","id":"gebouw/Gebouw.12935376/0","properties":{"source":"Digitaal Vlaanderen Gebouwenregister","source_id":"gebouw/Gebouw.12935376/0","kind":"building","building":"official","height_m":5.1,"status":null},"geometry":{"type":"Polygon","coordinates":[[[3.94806708,50.94593392],[3.94792859,50.94587222],[3.94792524,50.94587514],[3.94789224,50.94586002],[3.94783247,50.94591207],[3.94786546,50.94592719],[3.9478041,50.94598062],[3.94794352,50.94604369],[3.94797882,50.94601232],[3.94795809,50.94600301],[3.94801099,50.94595598],[3.94803187,50.94596532],[3.94806708,50.94593392]]]}},{"type":"Feature","id":"gebouw/Gebouw.12935902/0","properties":{"source":"Digitaal Vlaanderen Gebouwenregister","source_id":"gebouw/Gebouw.12935902/0","kind":"building","building":"official","height_m":8.1,"status":null},"geometry":{"type":"Polygon","coordinates":[[[3.94664786,50.94620526],[3.94669829,50.94608814],[3.94663744,50.94607773],[3.94663144,50.94609144],[3.94661474,50.94608852],[3.9466024,50.94611671],[3.9466191,50.94611963],[3.94659432,50.94617623],[3.94653639,50.94616745],[3.94653914,50.94616116],[3.94648264,50.94615224],[3.94643884,50.94625991],[3.94655914,50.94628038],[3.94659551,50.94619672],[3.94664786,50.94620526]]]}},{"type":"Feature","id":"gebouw/Gebouw.12935911/0","properties":{"source":"Digitaal Vlaanderen Gebouwenregister","source_id":"gebouw/Gebouw.12935911/0","kind":"building","building":"official","height_m":5.85,"status":null},"geometry":{"type":"Polygon","coordinates":[[[3.94341259,50.94635736],[3.94336726,50.94633597],[3.94340676,50.94630274],[3.94345184,50.94632443],[3.94341259,50.94635736]]]}},{"type":"Feature","id":"gebouw/Gebouw.12936302/0","properties":{"source":"Digitaal Vlaanderen Gebouwenregister","source_id":"gebouw/Gebouw.12936302/0","kind":"building","building":"official","height_m":6.6,"status":null},"geometry":{"type":"Polygon","coordinates":[[[3.94669413,50.94749645],[3.94665548,50.947477],[3.94670613,50.94743756],[3.94672782,50.94744813],[3.94673292,50.94744351],[3.9467513,50.9474527],[3.94669413,50.94749645]]]}},{"type":"Feature","id":"gebouw/Gebouw.12936330/0","properties":{"source":"Digitaal Vlaanderen Gebouwenregister","source_id":"gebouw/Gebouw.12936330/0","kind":"building","building":"official","height_m":5.1,"status":null},"geometry":{"type":"Polygon","coordinates":[[[3.94387031,50.94636675],[3.94380333,50.94633437],[3.9435947,50.94650534],[3.94366279,50.94653822],[3.94376127,50.94645684],[3.94387031,50.94636675]]]}},{"type":"Feature","id":"gebouw/Gebouw.12952041/0","properties":{"source":"Digitaal Vlaanderen Gebouwenregister","source_id":"gebouw/Gebouw.12952041/0","kind":"building","building":"official","height_m":7.35,"status":null},"geometry":{"type":"Polygon","coordinates":[[[3.94864206,50.94767908],[3.94856316,50.94769323],[3.9485852,50.94774719],[3.9485427,50.9477549],[3.94844328,50.94753929],[3.94853413,50.9475174],[3.94857519,50.94759366],[3.94852023,50.94760251],[3.94854153,50.94765032],[3.94856163,50.94764748],[3.94855887,50.94763989],[3.94862045,50.94762872],[3.94864206,50.94767908]]]}},{"type":"Feature","id":"gebouw/Gebouw.12952050/0","properties":{"source":"Digitaal Vlaanderen Gebouwenregister","source_id":"gebouw/Gebouw.12952050/0","kind":"building","building":"official","height_m":5.1,"status":null},"geometry":{"type":"Polygon","coordinates":[[[3.94853597,50.94690255],[3.94855519,50.94690907],[3.94853223,50.94693536],[3.94854948,50.94694153],[3.94852705,50.94696527],[3.94849019,50.94695314],[3.94851771,50.94692273],[3.94853597,50.94690255]]]}},{"type":"Feature","id":"gebouw/Gebouw.12952293/0","properties":{"source":"Digitaal Vlaanderen Gebouwenregister","source_id":"gebouw/Gebouw.12952293/0","kind":"building","building":"official","height_m":7.35,"status":null},"geometry":{"type":"Polygon","coordinates":[[[3.94743674,50.94696309],[3.94736321,50.94694241],[3.94734567,50.94693747],[3.94740605,50.94685181],[3.94743385,50.94685996],[3.94752678,50.94688718],[3.94747933,50.94695449],[3.94744885,50.94694591],[3.94743674,50.94696309]]]}},{"type":"Feature","id":"gebouw/Gebouw.12952323/0","properties":{"source":"Digitaal Vlaanderen Gebouwenregister","source_id":"gebouw/Gebouw.12952323/0","kind":"building","building":"official","height_m":7.35,"status":null},"geometry":{"type":"Polygon","coordinates":[[[3.94842835,50.94780824],[3.94836022,50.94766543],[3.94842577,50.94765305],[3.94849288,50.94779871],[3.94842835,50.94780824]]]}},{"type":"Feature","id":"gebouw/Gebouw.12954812/0","properties":{"source":"Digitaal Vlaanderen Gebouwenregister","source_id":"gebouw/Gebouw.12954812/0","kind":"building","building":"official","height_m":6.6,"status":null},"geometry":{"type":"Polygon","coordinates":[[[3.94919324,50.94606783],[3.94920264,50.94608632],[3.94910001,50.9461062],[3.94909089,50.9460873],[3.94919324,50.94606783]]]}},{"type":"Feature","id":"gebouw/Gebouw.12960713/0","properties":{"source":"Digitaal Vlaanderen Gebouwenregister","source_id":"gebouw/Gebouw.12960713/0","kind":"building","building":"official","height_m":8.85,"status":null},"geometry":{"type":"Polygon","coordinates":[[[3.94919446,50.94505889],[3.94910653,50.94507436],[3.9490879,50.94503416],[3.94913385,50.94500927],[3.94905535,50.94496153],[3.94904524,50.94496761],[3.94894187,50.94490048],[3.94904287,50.94483821],[3.94922985,50.94495513],[3.9491506,50.94500724],[3.94920491,50.94504146],[3.94919446,50.94505889]]]}},{"type":"Feature","id":"gebouw/Gebouw.12960812/0","properties":{"source":"Digitaal Vlaanderen Gebouwenregister","source_id":"gebouw/Gebouw.12960812/0","kind":"building","building":"official","height_m":6.6,"status":null},"geometry":{"type":"Polygon","coordinates":[[[3.95036578,50.94627879],[3.9503235,50.94628678],[3.95030717,50.94624842],[3.95043876,50.94622278],[3.95045745,50.94626147],[3.95045317,50.94626228],[3.95036578,50.94627879]]]}},{"type":"Feature","id":"gebouw/Gebouw.12961121/0","properties":{"source":"Digitaal Vlaanderen Gebouwenregister","source_id":"gebouw/Gebouw.12961121/0","kind":"building","building":"official","height_m":8.85,"status":null},"geometry":{"type":"Polygon","coordinates":[[[3.94396304,50.94623034],[3.94385647,50.94631557],[3.94381477,50.94629414],[3.94379838,50.94630628],[3.94378287,50.94629929],[3.94377553,50.94630492],[3.94370514,50.94626978],[3.94381722,50.94617664],[3.94389842,50.94621607],[3.94391144,50.94620534],[3.94396304,50.94623034]]]}},{"type":"Feature","id":"gebouw/Gebouw.12961409/0","properties":{"source":"Digitaal Vlaanderen Gebouwenregister","source_id":"gebouw/Gebouw.12961409/0","kind":"building","building":"official","height_m":8.85,"status":null},"geometry":{"type":"Polygon","coordinates":[[[3.94944284,50.94675515],[3.94947983,50.94677032],[3.94944785,50.94680434],[3.94941108,50.94679067],[3.94944284,50.94675515]]]}},{"type":"Feature","id":"gebouw/Gebouw.12968173/0","properties":{"source":"Digitaal Vlaanderen Gebouwenregister","source_id":"gebouw/Gebouw.12968173/0","kind":"building","building":"official","height_m":5.85,"status":null},"geometry":{"type":"Polygon","coordinates":[[[3.94519443,50.94844197],[3.94508949,50.94846319],[3.94507055,50.94842262],[3.94511091,50.94841626],[3.94507189,50.94833405],[3.94513808,50.94832102],[3.94519462,50.94830988],[3.94523146,50.94838765],[3.94525156,50.9483838],[3.94527199,50.94842628],[3.94519443,50.94844197]]]}},{"type":"Feature","id":"gebouw/Gebouw.12968792/0","properties":{"source":"Digitaal Vlaanderen Gebouwenregister","source_id":"gebouw/Gebouw.12968792/0","kind":"building","building":"official","height_m":6.6,"status":null},"geometry":{"type":"Polygon","coordinates":[[[3.94929132,50.94471061],[3.9492914,50.94471064],[3.94929184,50.94471083],[3.94924641,50.94475646],[3.94911955,50.9447075],[3.94910926,50.94471542],[3.94887412,50.94460987],[3.94887028,50.94460815],[3.94887513,50.94460413],[3.94865976,50.94450624],[3.94869664,50.94447541],[3.94878843,50.94451563],[3.94880575,50.94450111],[3.94881027,50.94449731],[3.94929132,50.94471061]]]}},{"type":"Feature","id":"gebouw/Gebouw.12979928/0","properties":{"source":"Digitaal Vlaanderen Gebouwenregister","source_id":"gebouw/Gebouw.12979928/0","kind":"building","building":"official","height_m":6.6,"status":null},"geometry":{"type":"Polygon","coordinates":[[[3.95001783,50.94395708],[3.94996936,50.94392942],[3.9500081,50.94390056],[3.95005655,50.94392912],[3.95001783,50.94395708]]]}},{"type":"Feature","id":"gebouw/Gebouw.12996487/0","properties":{"source":"Digitaal Vlaanderen Gebouwenregister","source_id":"gebouw/Gebouw.12996487/0","kind":"building","building":"official","height_m":5.85,"status":null},"geometry":{"type":"Polygon","coordinates":[[[3.94886247,50.94705019],[3.94885659,50.94705636],[3.94881977,50.94704281],[3.94883269,50.94702908],[3.94883861,50.94703079],[3.94884864,50.94701853],[3.94879351,50.94699944],[3.9488635,50.94692166],[3.94886365,50.9469215],[3.94893778,50.94694776],[3.94894587,50.94693896],[3.94896289,50.94694547],[3.94886247,50.94705019]]]}},{"type":"Feature","id":"gebouw/Gebouw.12996747/0","properties":{"source":"Digitaal Vlaanderen Gebouwenregister","source_id":"gebouw/Gebouw.12996747/0","kind":"building","building":"official","height_m":7.35,"status":null},"geometry":{"type":"Polygon","coordinates":[[[3.94792577,50.9450866],[3.94788408,50.94506487],[3.94792362,50.9450324],[3.94796649,50.94505459],[3.94792577,50.9450866]]]}},{"type":"Feature","id":"gebouw/Gebouw.13003046/0","properties":{"source":"Digitaal Vlaanderen Gebouwenregister","source_id":"gebouw/Gebouw.13003046/0","kind":"building","building":"official","height_m":6.6,"status":null},"geometry":{"type":"Polygon","coordinates":[[[3.94634493,50.94622995],[3.94629132,50.94622097],[3.94628581,50.94623395],[3.94607935,50.94619896],[3.94608586,50.9461834],[3.94612317,50.94619004],[3.94614698,50.94612784],[3.94637186,50.94616281],[3.94634493,50.94622995]]]}},{"type":"Feature","id":"gebouw/Gebouw.13003095/0","properties":{"source":"Digitaal Vlaanderen Gebouwenregister","source_id":"gebouw/Gebouw.13003095/0","kind":"building","building":"official","height_m":7.35,"status":null},"geometry":{"type":"Polygon","coordinates":[[[3.94473026,50.94723535],[3.94462608,50.947331],[3.94458921,50.94731498],[3.94457456,50.94732843],[3.94442821,50.94726459],[3.94446011,50.94723387],[3.94450154,50.9472507],[3.94458532,50.94717214],[3.94468348,50.94721495],[3.94473026,50.94723535]]]}},{"type":"Feature","id":"gebouw/Gebouw.13003372/0","properties":{"source":"Digitaal Vlaanderen Gebouwenregister","source_id":"gebouw/Gebouw.13003372/0","kind":"building","building":"official","height_m":8.1,"status":null},"geometry":{"type":"Polygon","coordinates":[[[3.94561494,50.94262341],[3.945805,50.9427182],[3.94566152,50.94283073],[3.94555906,50.94278216],[3.94561511,50.94273569],[3.94560896,50.94273229],[3.94557431,50.94275734],[3.94549888,50.94271617],[3.94553108,50.94269213],[3.94552472,50.94268862],[3.94561494,50.94262341]]]}},{"type":"Feature","id":"gebouw/Gebouw.13023271/0","properties":{"source":"Digitaal Vlaanderen Gebouwenregister","source_id":"gebouw/Gebouw.13023271/0","kind":"building","building":"official","height_m":5.85,"status":null},"geometry":{"type":"Polygon","coordinates":[[[3.94625212,50.94287492],[3.94620832,50.94291034],[3.94611734,50.94298391],[3.94607726,50.94296471],[3.9460955,50.94294912],[3.94604247,50.94292569],[3.94606631,50.94290802],[3.94606278,50.94290652],[3.9461597,50.94282919],[3.94625212,50.94287492]]]}},{"type":"Feature","id":"gebouw/Gebouw.13029446/0","properties":{"source":"Digitaal Vlaanderen Gebouwenregister","source_id":"gebouw/Gebouw.13029446/0","kind":"building","building":"official","height_m":6.6,"status":null},"geometry":{"type":"Polygon","coordinates":[[[3.94776685,50.94575355],[3.94777386,50.9457567],[3.94782192,50.94577833],[3.94785233,50.94575165],[3.94784604,50.94574877],[3.94787525,50.94572326],[3.94782962,50.94570242],[3.94780042,50.94572792],[3.94779735,50.94572652],[3.94776685,50.94575355]]]}},{"type":"Feature","id":"gebouw/Gebouw.13029733/0","properties":{"source":"Digitaal Vlaanderen Gebouwenregister","source_id":"gebouw/Gebouw.13029733/0","kind":"building","building":"official","height_m":5.85,"status":null},"geometry":{"type":"Polygon","coordinates":[[[3.94327477,50.94446229],[3.94322169,50.94447481],[3.94326233,50.94454063],[3.94331789,50.94452692],[3.94327477,50.94446229]]]}},{"type":"Feature","id":"gebouw/Gebouw.13032493/0","properties":{"source":"Digitaal Vlaanderen Gebouwenregister","source_id":"gebouw/Gebouw.13032493/0","kind":"building","building":"official","height_m":5.85,"status":null},"geometry":{"type":"Polygon","coordinates":[[[3.9497678,50.94435059],[3.94986681,50.94427435],[3.94999698,50.94434637],[3.94994027,50.94439087],[3.94991691,50.94438029],[3.94988017,50.94440906],[3.9497678,50.94435059]]]}},{"type":"Feature","id":"gebouw/Gebouw.13034538/0","properties":{"source":"Digitaal Vlaanderen Gebouwenregister","source_id":"gebouw/Gebouw.13034538/0","kind":"building","building":"official","height_m":5.1,"status":null},"geometry":{"type":"Polygon","coordinates":[[[3.94886152,50.94758124],[3.94885195,50.94758327],[3.94885811,50.94759581],[3.94881984,50.9476027],[3.94883594,50.94764047],[3.9487705,50.94765051],[3.94870984,50.94752139],[3.94879603,50.94750512],[3.94881445,50.94754412],[3.94884148,50.94753893],[3.94886152,50.94758124]]]}},{"type":"Feature","id":"gebouw/Gebouw.13036594/0","properties":{"source":"Digitaal Vlaanderen Gebouwenregister","source_id":"gebouw/Gebouw.13036594/0","kind":"building","building":"official","height_m":8.1,"status":null},"geometry":{"type":"Polygon","coordinates":[[[3.94808417,50.94305025],[3.94796442,50.94290636],[3.94808063,50.94286745],[3.94819811,50.94301182],[3.94808417,50.94305025]]]}},{"type":"Feature","id":"gebouw/Gebouw.13036614/0","properties":{"source":"Digitaal Vlaanderen Gebouwenregister","source_id":"gebouw/Gebouw.13036614/0","kind":"building","building":"official","height_m":5.1,"status":null},"geometry":{"type":"Polygon","coordinates":[[[3.94612594,50.94605226],[3.94615467,50.94601617],[3.94625615,50.94604926],[3.94622801,50.94608333],[3.94612594,50.94605226]]]}},{"type":"Feature","id":"gebouw/Gebouw.13043691/0","properties":{"source":"Digitaal Vlaanderen Gebouwenregister","source_id":"gebouw/Gebouw.13043691/0","kind":"building","building":"official","height_m":7.35,"status":null},"geometry":{"type":"Polygon","coordinates":[[[3.94580497,50.9473265],[3.94584388,50.94729419],[3.94590662,50.94732435],[3.9458677,50.94735666],[3.94580497,50.9473265]]]}},{"type":"Feature","id":"gebouw/Gebouw.13044006/0","properties":{"source":"Digitaal Vlaanderen Gebouwenregister","source_id":"gebouw/Gebouw.13044006/0","kind":"building","building":"official","height_m":5.1,"status":null},"geometry":{"type":"Polygon","coordinates":[[[3.94153944,50.944972],[3.94158719,50.94493158],[3.94166394,50.94496712],[3.94161499,50.94500798],[3.94153944,50.944972]]]}},{"type":"Feature","id":"gebouw/Gebouw.13044283/0","properties":{"source":"Digitaal Vlaanderen Gebouwenregister","source_id":"gebouw/Gebouw.13044283/0","kind":"building","building":"official","height_m":5.85,"status":null},"geometry":{"type":"Polygon","coordinates":[[[3.94461527,50.94678343],[3.94473026,50.94683577],[3.94487502,50.94690165],[3.94494957,50.94681686],[3.94480078,50.94676315],[3.94477679,50.94676735],[3.94474151,50.94680275],[3.94464064,50.94675877],[3.94461527,50.94678343]]]}},{"type":"Feature","id":"gebouw/Gebouw.13047987/0","properties":{"source":"Digitaal Vlaanderen Gebouwenregister","source_id":"gebouw/Gebouw.13047987/0","kind":"building","building":"official","height_m":7.35,"status":null},"geometry":{"type":"Polygon","coordinates":[[[3.95007595,50.94338289],[3.94999642,50.94344676],[3.94990899,50.94340311],[3.94998401,50.94333814],[3.95007595,50.94338289]]]}},{"type":"Feature","id":"gebouw/Gebouw.13048608/0","properties":{"source":"Digitaal Vlaanderen Gebouwenregister","source_id":"gebouw/Gebouw.13048608/0","kind":"building","building":"official","height_m":5.1,"status":null},"geometry":{"type":"Polygon","coordinates":[[[3.94410285,50.943009],[3.94449756,50.94268631],[3.94466773,50.94276941],[3.94471057,50.94273633],[3.94485992,50.94281189],[3.94449286,50.94310393],[3.94444212,50.94307839],[3.94436368,50.9431404],[3.94436851,50.94314293],[3.94427316,50.94321575],[3.94414667,50.94314964],[3.9442382,50.94307973],[3.94410285,50.943009]]]}},{"type":"Feature","id":"gebouw/Gebouw.13056134/0","properties":{"source":"Digitaal Vlaanderen Gebouwenregister","source_id":"gebouw/Gebouw.13056134/0","kind":"building","building":"official","height_m":6.6,"status":null},"geometry":{"type":"Polygon","coordinates":[[[3.94585704,50.94538541],[3.94573461,50.94546935],[3.94571894,50.9454602],[3.94570641,50.94545287],[3.9456876,50.94544189],[3.94567402,50.94543395],[3.94561993,50.94540235],[3.9456401,50.94538857],[3.94575815,50.94530792],[3.94578031,50.94532108],[3.94576435,50.94533208],[3.94579543,50.94534996],[3.94585704,50.94538541]]]}},{"type":"Feature","id":"gebouw/Gebouw.13057639/0","properties":{"source":"Digitaal Vlaanderen Gebouwenregister","source_id":"gebouw/Gebouw.13057639/0","kind":"building","building":"official","height_m":5.85,"status":null},"geometry":{"type":"Polygon","coordinates":[[[3.94605428,50.94828474],[3.94601254,50.94829346],[3.94598113,50.94823323],[3.94602282,50.94822474],[3.94605428,50.94828474]]]}},{"type":"Feature","id":"gebouw/Gebouw.13058286/0","properties":{"source":"Digitaal Vlaanderen Gebouwenregister","source_id":"gebouw/Gebouw.13058286/0","kind":"building","building":"official","height_m":5.1,"status":null},"geometry":{"type":"Polygon","coordinates":[[[3.94706545,50.94385799],[3.94714595,50.94379169],[3.94724302,50.94383775],[3.94716165,50.94390622],[3.94706545,50.94385799]]]}},{"type":"Feature","id":"gebouw/Gebouw.13058361/0","properties":{"source":"Digitaal Vlaanderen Gebouwenregister","source_id":"gebouw/Gebouw.13058361/0","kind":"building","building":"official","height_m":7.35,"status":null},"geometry":{"type":"Polygon","coordinates":[[[3.94590093,50.94297027],[3.94586416,50.94295234],[3.94591899,50.94290692],[3.94595554,50.94292409],[3.94590093,50.94297027]]]}},{"type":"Feature","id":"gebouw/Gebouw.13067987/0","properties":{"source":"Digitaal Vlaanderen Gebouwenregister","source_id":"gebouw/Gebouw.13067987/0","kind":"building","building":"official","height_m":8.85,"status":null},"geometry":{"type":"Polygon","coordinates":[[[3.94777386,50.9457567],[3.94776685,50.94575355],[3.94769643,50.94572185],[3.94767524,50.94573927],[3.94775214,50.9457743],[3.94777386,50.9457567]]]}},{"type":"Feature","id":"gebouw/Gebouw.13072089/0","properties":{"source":"Digitaal Vlaanderen Gebouwenregister","source_id":"gebouw/Gebouw.13072089/0","kind":"building","building":"official","height_m":7.35,"status":null},"geometry":{"type":"Polygon","coordinates":[[[3.94917246,50.94314669],[3.94913027,50.94316588],[3.94906221,50.9431078],[3.9490266,50.9431239],[3.94890753,50.94302384],[3.94898803,50.94298623],[3.9491655,50.94314064],[3.94917246,50.94314669]]]}},{"type":"Feature","id":"gebouw/Gebouw.13073928/0","properties":{"source":"Digitaal Vlaanderen Gebouwenregister","source_id":"gebouw/Gebouw.13073928/0","kind":"building","building":"official","height_m":5.1,"status":null},"geometry":{"type":"Polygon","coordinates":[[[3.94863307,50.94633336],[3.94846213,50.94635674],[3.9484889,50.94632395],[3.94833643,50.94626919],[3.94841254,50.94618403],[3.94860924,50.94625316],[3.94856853,50.94629585],[3.9485972,50.94630302],[3.94860628,50.9463019],[3.94860898,50.94630914],[3.94862188,50.9463073],[3.94863307,50.94633336]]]}},{"type":"Feature","id":"gebouw/Gebouw.13074497/0","properties":{"source":"Digitaal Vlaanderen Gebouwenregister","source_id":"gebouw/Gebouw.13074497/0","kind":"building","building":"official","height_m":8.85,"status":null},"geometry":{"type":"Polygon","coordinates":[[[3.94975737,50.94742978],[3.9497699,50.94745608],[3.94970867,50.94748941],[3.94967495,50.94749514],[3.9497111,50.94757476],[3.94947623,50.94761834],[3.94939135,50.94743],[3.9494927,50.94741187],[3.94948,50.94738532],[3.94947865,50.94738348],[3.94947783,50.94738152],[3.94947756,50.94737951],[3.94947783,50.94737749],[3.94947958,50.94737422],[3.94948276,50.94737142],[3.94948709,50.94736932],[3.9494922,50.94736811],[3.94949766,50.94736791],[3.94950296,50.94736872],[3.94951277,50.94736677],[3.94963465,50.94734367],[3.94964556,50.94736665],[3.94977807,50.94734155],[3.94980511,50.94735024],[3.94981553,50.94737102],[3.94982032,50.94737093],[3.94982507,50.94737127],[3.94982972,50.94737205],[3.94983413,50.94737321],[3.94983989,50.94737553],[3.94984479,50.94737854],[3.94984863,50.9473821],[3.94985127,50.94738607],[3.94985185,50.94738749],[3.94985227,50.94738892],[3.94985254,50.94739037],[3.94985264,50.94739183],[3.94985259,50.94739329],[3.94985237,50.94739474],[3.94985199,50.94739618],[3.94985145,50.9473976],[3.94985076,50.94739899],[3.94984992,50.94740035],[3.94984893,50.94740166],[3.94984779,50.94740293],[3.94984652,50.94740415],[3.94984512,50.94740531],[3.94984359,50.9474064],[3.94984194,50.94740743],[3.94984019,50.94740838],[3.94983834,50.94740925],[3.94983639,50.94741003],[3.94983436,50.94741073],[3.94983226,50.94741134],[3.94983166,50.94741149],[3.94983438,50.94741905],[3.94980848,50.9474299],[3.94980168,50.94742056],[3.94975737,50.94742978]]]}},{"type":"Feature","id":"gebouw/Gebouw.13077981/0","properties":{"source":"Digitaal Vlaanderen Gebouwenregister","source_id":"gebouw/Gebouw.13077981/0","kind":"building","building":"official","height_m":7.35,"status":null},"geometry":{"type":"Polygon","coordinates":[[[3.94998802,50.94384891],[3.9499575,50.94387228],[3.94991698,50.94385146],[3.94994776,50.94382689],[3.94998802,50.94384891]]]}},{"type":"Feature","id":"gebouw/Gebouw.13078204/0","properties":{"source":"Digitaal Vlaanderen Gebouwenregister","source_id":"gebouw/Gebouw.13078204/0","kind":"building","building":"official","height_m":8.1,"status":null},"geometry":{"type":"Polygon","coordinates":[[[3.94986581,50.94532189],[3.94987768,50.94534801],[3.94982604,50.94535629],[3.94981537,50.94533003],[3.94986581,50.94532189]]]}},{"type":"Feature","id":"gebouw/Gebouw.13078428/0","properties":{"source":"Digitaal Vlaanderen Gebouwenregister","source_id":"gebouw/Gebouw.13078428/0","kind":"building","building":"official","height_m":5.1,"status":null},"geometry":{"type":"Polygon","coordinates":[[[3.94767612,50.9473371],[3.94759135,50.9473022],[3.94768086,50.94722848],[3.94771321,50.947242],[3.94769958,50.94725498],[3.94770714,50.9472579],[3.94771441,50.9472524],[3.94774675,50.94726607],[3.94767612,50.9473371]]]}},{"type":"Feature","id":"gebouw/Gebouw.13078501/0","properties":{"source":"Digitaal Vlaanderen Gebouwenregister","source_id":"gebouw/Gebouw.13078501/0","kind":"building","building":"official","height_m":5.85,"status":null},"geometry":{"type":"Polygon","coordinates":[[[3.94513505,50.94719246],[3.9450264,50.94720621],[3.94502482,50.94720137],[3.94501228,50.94720301],[3.945004,50.94717761],[3.94501628,50.94717596],[3.94501485,50.94717108],[3.94502245,50.94717006],[3.94501501,50.94714762],[3.94502435,50.94714637],[3.94505919,50.94714171],[3.94505304,50.94712229],[3.94519967,50.94710436],[3.945214,50.94714792],[3.94512509,50.94716054],[3.94513505,50.94719246]]]}},{"type":"Feature","id":"gebouw/Gebouw.13090943/0","properties":{"source":"Digitaal Vlaanderen Gebouwenregister","source_id":"gebouw/Gebouw.13090943/0","kind":"building","building":"official","height_m":8.85,"status":null},"geometry":{"type":"Polygon","coordinates":[[[3.94293726,50.94579941],[3.94288493,50.94583839],[3.94280374,50.94579564],[3.94285262,50.94576003],[3.94288169,50.94577655],[3.94288818,50.94577166],[3.94293726,50.94579941]]]}},{"type":"Feature","id":"gebouw/Gebouw.13099663/0","properties":{"source":"Digitaal Vlaanderen Gebouwenregister","source_id":"gebouw/Gebouw.13099663/0","kind":"building","building":"official","height_m":5.85,"status":null},"geometry":{"type":"Polygon","coordinates":[[[3.94570446,50.94641481],[3.94567851,50.94646434],[3.94546113,50.94642204],[3.94549559,50.94635287],[3.94564054,50.94638169],[3.94571415,50.94639633],[3.94570446,50.94641481]]]}},{"type":"Feature","id":"gebouw/Gebouw.13104565/0","properties":{"source":"Digitaal Vlaanderen Gebouwenregister","source_id":"gebouw/Gebouw.13104565/0","kind":"building","building":"official","height_m":5.85,"status":null},"geometry":{"type":"Polygon","coordinates":[[[3.94550389,50.94664741],[3.94558792,50.94668607],[3.94554387,50.94677367],[3.94545301,50.94673327],[3.9452833,50.94669771],[3.94530928,50.94664344],[3.94536717,50.94665451],[3.94537149,50.94664547],[3.94543779,50.94665818],[3.94543563,50.94666245],[3.94544254,50.94666384],[3.94545548,50.9466381],[3.94546565,50.94664006],[3.94550389,50.94664741]]]}},{"type":"Feature","id":"gebouw/Gebouw.13104593/0","properties":{"source":"Digitaal Vlaanderen Gebouwenregister","source_id":"gebouw/Gebouw.13104593/0","kind":"building","building":"official","height_m":8.85,"status":null},"geometry":{"type":"Polygon","coordinates":[[[3.94451817,50.94833647],[3.94455998,50.94832779],[3.94455514,50.94831732],[3.94456013,50.94831628],[3.94456207,50.94832],[3.9445721,50.94831792],[3.94464999,50.94830266],[3.94468724,50.94837765],[3.94455342,50.94840479],[3.94451817,50.94833647]]]}},{"type":"Feature","id":"gebouw/Gebouw.13104752/0","properties":{"source":"Digitaal Vlaanderen Gebouwenregister","source_id":"gebouw/Gebouw.13104752/0","kind":"building","building":"official","height_m":6.6,"status":null},"geometry":{"type":"Polygon","coordinates":[[[3.94890638,50.94582344],[3.9488766,50.9458593],[3.9489104,50.94587134],[3.94883,50.94596455],[3.94886286,50.94597597],[3.94881836,50.94602548],[3.94864408,50.94595534],[3.94867223,50.94592416],[3.94870291,50.9459352],[3.94882868,50.94579508],[3.94890638,50.94582344]]]}},{"type":"Feature","id":"gebouw/Gebouw.13104948/0","properties":{"source":"Digitaal Vlaanderen Gebouwenregister","source_id":"gebouw/Gebouw.13104948/0","kind":"building","building":"official","height_m":5.1,"status":null},"geometry":{"type":"Polygon","coordinates":[[[3.94455734,50.94416496],[3.94452044,50.94415097],[3.94457467,50.94409629],[3.94461205,50.94410999],[3.94455734,50.94416496]]]}},{"type":"Feature","id":"gebouw/Gebouw.13110722/0","properties":{"source":"Digitaal Vlaanderen Gebouwenregister","source_id":"gebouw/Gebouw.13110722/0","kind":"building","building":"official","height_m":6.6,"status":null},"geometry":{"type":"Polygon","coordinates":[[[3.94913807,50.94684352],[3.94912579,50.94685594],[3.9490908,50.94684167],[3.94912006,50.94681032],[3.9491567,50.94682467],[3.94913807,50.94684352]]]}},{"type":"Feature","id":"gebouw/Gebouw.13110738/0","properties":{"source":"Digitaal Vlaanderen Gebouwenregister","source_id":"gebouw/Gebouw.13110738/0","kind":"building","building":"official","height_m":5.1,"status":null},"geometry":{"type":"Polygon","coordinates":[[[3.94681109,50.94339039],[3.94690335,50.94344372],[3.94691705,50.94343363],[3.94695487,50.94345591],[3.9468561,50.94352254],[3.94672693,50.94344873],[3.94681109,50.94339039]]]}},{"type":"Feature","id":"gebouw/Gebouw.13111253/0","properties":{"source":"Digitaal Vlaanderen Gebouwenregister","source_id":"gebouw/Gebouw.13111253/0","kind":"building","building":"official","height_m":8.85,"status":null},"geometry":{"type":"Polygon","coordinates":[[[3.95126905,50.94674641],[3.9511799,50.94676314],[3.95115846,50.9467217],[3.9511113,50.94673144],[3.95106846,50.94664865],[3.95111562,50.94663891],[3.95117984,50.94662564],[3.95120456,50.94667342],[3.95123214,50.94666772],[3.95126905,50.94674641]]]}},{"type":"Feature","id":"gebouw/Gebouw.13111278/0","properties":{"source":"Digitaal Vlaanderen Gebouwenregister","source_id":"gebouw/Gebouw.13111278/0","kind":"building","building":"official","height_m":5.1,"status":null},"geometry":{"type":"Polygon","coordinates":[[[3.94580207,50.9475905],[3.94599598,50.94742147],[3.9461073,50.94747246],[3.94597708,50.94758631],[3.94596259,50.9475799],[3.94592917,50.94756521],[3.94586897,50.94761989],[3.94580207,50.9475905]]]}},{"type":"Feature","id":"gebouw/Gebouw.13111455/0","properties":{"source":"Digitaal Vlaanderen Gebouwenregister","source_id":"gebouw/Gebouw.13111455/0","kind":"building","building":"official","height_m":7.35,"status":null},"geometry":{"type":"Polygon","coordinates":[[[3.94911209,50.94412395],[3.94913178,50.94410576],[3.94918247,50.94412983],[3.94916213,50.9441476],[3.94911209,50.94412395]]]}},{"type":"Feature","id":"gebouw/Gebouw.13117172/0","properties":{"source":"Digitaal Vlaanderen Gebouwenregister","source_id":"gebouw/Gebouw.13117172/0","kind":"building","building":"official","height_m":6.6,"status":null},"geometry":{"type":"Polygon","coordinates":[[[3.94825307,50.94711574],[3.94813285,50.94725406],[3.94804826,50.9472245],[3.94820206,50.94704848],[3.94821833,50.94705417],[3.9482637,50.94707002],[3.94835542,50.94710207],[3.94831253,50.94714947],[3.94826176,50.94713222],[3.94827152,50.94712177],[3.94825307,50.94711574]]]}},{"type":"Feature","id":"gebouw/Gebouw.13126186/0","properties":{"source":"Digitaal Vlaanderen Gebouwenregister","source_id":"gebouw/Gebouw.13126186/0","kind":"building","building":"official","height_m":8.1,"status":null},"geometry":{"type":"Polygon","coordinates":[[[3.95077721,50.94726301],[3.95071657,50.94727437],[3.95067505,50.94718325],[3.95073479,50.94717158],[3.95077721,50.94726301]]]}},{"type":"Feature","id":"gebouw/Gebouw.13130121/0","properties":{"source":"Digitaal Vlaanderen Gebouwenregister","source_id":"gebouw/Gebouw.13130121/0","kind":"building","building":"official","height_m":7.35,"status":null},"geometry":{"type":"Polygon","coordinates":[[[3.94370837,50.94696237],[3.94364507,50.94693371],[3.94367343,50.94690939],[3.94373604,50.94693699],[3.94370837,50.94696237]]]}},{"type":"Feature","id":"gebouw/Gebouw.13130664/0","properties":{"source":"Digitaal Vlaanderen Gebouwenregister","source_id":"gebouw/Gebouw.13130664/0","kind":"building","building":"official","height_m":5.1,"status":null},"geometry":{"type":"Polygon","coordinates":[[[3.94920352,50.94457946],[3.94932269,50.9446312],[3.94926541,50.94468494],[3.9490362,50.94458844],[3.94906401,50.9445644],[3.94910884,50.9445845],[3.94911347,50.94457973],[3.94912442,50.94458471],[3.94917386,50.94460719],[3.94920352,50.94457946]]]}},{"type":"Feature","id":"gebouw/Gebouw.13130673/0","properties":{"source":"Digitaal Vlaanderen Gebouwenregister","source_id":"gebouw/Gebouw.13130673/0","kind":"building","building":"official","height_m":7.35,"status":null},"geometry":{"type":"Polygon","coordinates":[[[3.94801858,50.94703777],[3.94795475,50.94701524],[3.94797289,50.94699177],[3.94799158,50.94699795],[3.94799523,50.94699437],[3.94804184,50.94700938],[3.94801858,50.94703777]]]}},{"type":"Feature","id":"gebouw/Gebouw.13135786/0","properties":{"source":"Digitaal Vlaanderen Gebouwenregister","source_id":"gebouw/Gebouw.13135786/0","kind":"building","building":"official","height_m":8.1,"status":null},"geometry":{"type":"Polygon","coordinates":[[[3.94447456,50.94437753],[3.94447648,50.94437603],[3.94453237,50.94433225],[3.94459399,50.94428398],[3.94455094,50.94426407],[3.94449373,50.94431286],[3.9444836,50.94430705],[3.94448771,50.94430362],[3.94436278,50.94424566],[3.94431607,50.9442814],[3.9442223,50.94423823],[3.94415926,50.94428868],[3.94411677,50.94432473],[3.94418205,50.94435544],[3.9441853,50.94435267],[3.94425887,50.94438723],[3.94426542,50.94438153],[3.94428457,50.94439054],[3.94427186,50.94440129],[3.94432328,50.9444255],[3.94435236,50.94440192],[3.94440113,50.94436237],[3.94440983,50.94436757],[3.94442607,50.94435462],[3.94447456,50.94437753]]]}},{"type":"Feature","id":"gebouw/Gebouw.13135798/0","properties":{"source":"Digitaal Vlaanderen Gebouwenregister","source_id":"gebouw/Gebouw.13135798/0","kind":"building","building":"official","height_m":8.1,"status":null},"geometry":{"type":"Polygon","coordinates":[[[3.9485335,50.94645111],[3.9485048,50.94656118],[3.94835254,50.94654495],[3.94838092,50.94643745],[3.9485335,50.94645111]]]}},{"type":"Feature","id":"gebouw/Gebouw.13137997/0","properties":{"source":"Digitaal Vlaanderen Gebouwenregister","source_id":"gebouw/Gebouw.13137997/0","kind":"building","building":"official","height_m":5.85,"status":null},"geometry":{"type":"Polygon","coordinates":[[[3.94762271,50.94788388],[3.94755647,50.94789639],[3.94750926,50.94790531],[3.94748072,50.947845],[3.9474772,50.94784567],[3.94747469,50.94784036],[3.94745624,50.94780137],[3.94747322,50.94779747],[3.94745612,50.94776225],[3.94755756,50.9477431],[3.94762271,50.94788388]]]}},{"type":"Feature","id":"gebouw/Gebouw.13139953/0","properties":{"source":"Digitaal Vlaanderen Gebouwenregister","source_id":"gebouw/Gebouw.13139953/0","kind":"building","building":"official","height_m":5.85,"status":null},"geometry":{"type":"Polygon","coordinates":[[[3.94442118,50.94595793],[3.94444373,50.94596733],[3.94429754,50.94608956],[3.94429071,50.94608637],[3.94429663,50.94608131],[3.94423936,50.94605454],[3.94423339,50.94605966],[3.94418407,50.9460367],[3.94432556,50.94591245],[3.94434871,50.94592257],[3.94435355,50.94592249],[3.9443584,50.94592262],[3.94436321,50.94592296],[3.94436798,50.94592351],[3.94437267,50.94592427],[3.94437726,50.94592524],[3.94438174,50.94592641],[3.94438608,50.94592777],[3.94439026,50.94592932],[3.94439426,50.94593105],[3.94439805,50.94593295],[3.94440163,50.94593501],[3.94440497,50.94593723],[3.94440806,50.94593959],[3.94441088,50.94594208],[3.94441341,50.94594468],[3.94441566,50.9459474],[3.9444176,50.9459502],[3.94441922,50.94595309],[3.94442052,50.94595603],[3.94442118,50.94595793]]]}},{"type":"Feature","id":"gebouw/Gebouw.13143778/0","properties":{"source":"Digitaal Vlaanderen Gebouwenregister","source_id":"gebouw/Gebouw.13143778/0","kind":"building","building":"official","height_m":8.1,"status":null},"geometry":{"type":"Polygon","coordinates":[[[3.94188512,50.94447183],[3.94183058,50.9444464],[3.94185772,50.94442358],[3.94191106,50.94444975],[3.94188512,50.94447183]]]}},{"type":"Feature","id":"gebouw/Gebouw.13144286/0","properties":{"source":"Digitaal Vlaanderen Gebouwenregister","source_id":"gebouw/Gebouw.13144286/0","kind":"building","building":"official","height_m":6.6,"status":null},"geometry":{"type":"Polygon","coordinates":[[[3.94615961,50.94578126],[3.9462601,50.94582668],[3.9462227,50.9458553],[3.94617919,50.94583514],[3.9461231,50.94580913],[3.94598033,50.94574296],[3.94593583,50.94572232],[3.94589847,50.945705],[3.94587927,50.94569611],[3.94586805,50.9456909],[3.94576266,50.94564206],[3.94577942,50.94562764],[3.94569711,50.94558944],[3.94575288,50.94554148],[3.94579568,50.94556115],[3.94580857,50.94554877],[3.94587369,50.94557778],[3.94586859,50.9455821],[3.94588393,50.945589],[3.94585205,50.94561988],[3.94590983,50.94564657],[3.94597222,50.94559293],[3.94604414,50.94562682],[3.94607693,50.9455979],[3.94596538,50.94554607],[3.94600535,50.94551026],[3.94601149,50.94550476],[3.94616443,50.94557301],[3.94617267,50.94557668],[3.94633543,50.9456493],[3.94628631,50.94569507],[3.94626838,50.94568724],[3.94615961,50.94578126]]]}},{"type":"Feature","id":"gebouw/Gebouw.13150265/0","properties":{"source":"Digitaal Vlaanderen Gebouwenregister","source_id":"gebouw/Gebouw.13150265/0","kind":"building","building":"official","height_m":8.85,"status":null},"geometry":{"type":"Polygon","coordinates":[[[3.94253014,50.94866723],[3.94255154,50.94872374],[3.94258075,50.94874178],[3.9425734,50.94875642],[3.94242022,50.94868979],[3.94253014,50.94866723]]]}},{"type":"Feature","id":"gebouw/Gebouw.13167150/0","properties":{"source":"Digitaal Vlaanderen Gebouwenregister","source_id":"gebouw/Gebouw.13167150/0","kind":"building","building":"official","height_m":5.1,"status":null},"geometry":{"type":"Polygon","coordinates":[[[3.94743513,50.94338647],[3.94737187,50.94338687],[3.94734428,50.94338704],[3.94726222,50.94335601],[3.94726061,50.9433566],[3.94710634,50.94332798],[3.9472109,50.94313096],[3.94724219,50.94313863],[3.94718525,50.94324875],[3.94730292,50.94327054],[3.94734053,50.94324995],[3.94733349,50.94324507],[3.94738818,50.9432165],[3.94739828,50.94322262],[3.94743592,50.94320136],[3.94730895,50.94310936],[3.9473669,50.9430773],[3.9476507,50.94328098],[3.94743513,50.94338647]]]}},{"type":"Feature","id":"gebouw/Gebouw.13168266/0","properties":{"source":"Digitaal Vlaanderen Gebouwenregister","source_id":"gebouw/Gebouw.13168266/0","kind":"building","building":"official","height_m":5.1,"status":null},"geometry":{"type":"Polygon","coordinates":[[[3.94914019,50.94328276],[3.94908736,50.94330177],[3.94903696,50.94324764],[3.94908777,50.94322858],[3.94914019,50.94328276]]]}},{"type":"Feature","id":"gebouw/Gebouw.13168826/0","properties":{"source":"Digitaal Vlaanderen Gebouwenregister","source_id":"gebouw/Gebouw.13168826/0","kind":"building","building":"official","height_m":6.6,"status":null},"geometry":{"type":"Polygon","coordinates":[[[3.94762567,50.94664977],[3.9477056,50.94667247],[3.94759374,50.94682974],[3.94751406,50.94680712],[3.94762567,50.94664977]]]}},{"type":"Feature","id":"gebouw/Gebouw.13168858/0","properties":{"source":"Digitaal Vlaanderen Gebouwenregister","source_id":"gebouw/Gebouw.13168858/0","kind":"building","building":"official","height_m":8.1,"status":null},"geometry":{"type":"Polygon","coordinates":[[[3.9445436,50.94483043],[3.94448714,50.94487173],[3.94432223,50.94478477],[3.94438067,50.94474139],[3.94438569,50.94474414],[3.9445436,50.94483043]]]}},{"type":"Feature","id":"gebouw/Gebouw.13168914/0","properties":{"source":"Digitaal Vlaanderen Gebouwenregister","source_id":"gebouw/Gebouw.13168914/0","kind":"building","building":"official","height_m":5.1,"status":null},"geometry":{"type":"Polygon","coordinates":[[[3.94803086,50.94682587],[3.94802285,50.9468392],[3.94796813,50.94682696],[3.94799089,50.94678787],[3.94798425,50.94678661],[3.94798624,50.94678272],[3.94795352,50.94677581],[3.94793936,50.94680248],[3.94787449,50.9467899],[3.94792567,50.94668779],[3.9480921,50.94672389],[3.94803086,50.94682587]]]}},{"type":"Feature","id":"gebouw/Gebouw.13182703/0","properties":{"source":"Digitaal Vlaanderen Gebouwenregister","source_id":"gebouw/Gebouw.13182703/0","kind":"building","building":"official","height_m":5.85,"status":null},"geometry":{"type":"Polygon","coordinates":[[[3.94942873,50.94564609],[3.94949733,50.94579309],[3.9493404,50.94582319],[3.94927182,50.94567543],[3.94942873,50.94564609]]]}},{"type":"Feature","id":"gebouw/Gebouw.13184348/0","properties":{"source":"Digitaal Vlaanderen Gebouwenregister","source_id":"gebouw/Gebouw.13184348/0","kind":"building","building":"official","height_m":6.6,"status":null},"geometry":{"type":"Polygon","coordinates":[[[3.94615063,50.94272758],[3.94599538,50.94285566],[3.94593346,50.94282637],[3.94602008,50.94275398],[3.94600311,50.94274555],[3.94604197,50.94271158],[3.94607153,50.94272556],[3.94609867,50.942703],[3.94615063,50.94272758]]]}},{"type":"Feature","id":"gebouw/Gebouw.13184935/0","properties":{"source":"Digitaal Vlaanderen Gebouwenregister","source_id":"gebouw/Gebouw.13184935/0","kind":"building","building":"official","height_m":5.85,"status":null},"geometry":{"type":"Polygon","coordinates":[[[3.94878015,50.94316526],[3.94886518,50.94313441],[3.94886642,50.94313396],[3.9489895,50.94326912],[3.94890399,50.94330012],[3.94878015,50.94316526]]]}},{"type":"Feature","id":"gebouw/Gebouw.13193705/0","properties":{"source":"Digitaal Vlaanderen Gebouwenregister","source_id":"gebouw/Gebouw.13193705/0","kind":"building","building":"official","height_m":8.85,"status":null},"geometry":{"type":"Polygon","coordinates":[[[3.94677391,50.94386008],[3.94685371,50.94379724],[3.94701837,50.94388265],[3.94693801,50.9439434],[3.94677391,50.94386008]]]}},{"type":"Feature","id":"gebouw/Gebouw.13195846/0","properties":{"source":"Digitaal Vlaanderen Gebouwenregister","source_id":"gebouw/Gebouw.13195846/0","kind":"building","building":"official","height_m":8.1,"status":null},"geometry":{"type":"Polygon","coordinates":[[[3.94583832,50.94632825],[3.94579505,50.94641463],[3.94577452,50.94641009],[3.94573896,50.94640222],[3.94576757,50.94634741],[3.94567099,50.94632717],[3.94564054,50.94638169],[3.94549559,50.94635287],[3.94549649,50.94635108],[3.94552628,50.94629167],[3.94559949,50.94630622],[3.94561095,50.94628311],[3.94583832,50.94632825]]]}},{"type":"Feature","id":"gebouw/Gebouw.13201743/0","properties":{"source":"Digitaal Vlaanderen Gebouwenregister","source_id":"gebouw/Gebouw.13201743/0","kind":"building","building":"official","height_m":7.35,"status":null},"geometry":{"type":"Polygon","coordinates":[[[3.94630752,50.94745781],[3.94627955,50.94748344],[3.94620517,50.94745285],[3.94637735,50.94729166],[3.94645311,50.94732437],[3.94638623,50.94738567],[3.94634773,50.94742096],[3.9463342,50.94743336],[3.94630752,50.94745781]]]}},{"type":"Feature","id":"gebouw/Gebouw.13201749/0","properties":{"source":"Digitaal Vlaanderen Gebouwenregister","source_id":"gebouw/Gebouw.13201749/0","kind":"building","building":"official","height_m":7.35,"status":null},"geometry":{"type":"Polygon","coordinates":[[[3.94677966,50.94760993],[3.94674884,50.94753728],[3.94664969,50.94755729],[3.94662898,50.94751302],[3.9465965,50.9475205],[3.9465845,50.94749509],[3.94651484,50.94750822],[3.94652698,50.94753392],[3.94650862,50.9475374],[3.94655009,50.94763498],[3.94660825,50.94762533],[3.94661568,50.94764087],[3.94677966,50.94760993]]]}},{"type":"Feature","id":"gebouw/Gebouw.13201773/0","properties":{"source":"Digitaal Vlaanderen Gebouwenregister","source_id":"gebouw/Gebouw.13201773/0","kind":"building","building":"official","height_m":7.35,"status":null},"geometry":{"type":"Polygon","coordinates":[[[3.94864433,50.94605107],[3.94872446,50.94608006],[3.94869459,50.94611425],[3.94870592,50.94611871],[3.94867073,50.94615934],[3.94865584,50.9461541],[3.94863897,50.94617397],[3.94869737,50.94619419],[3.94867659,50.94621869],[3.94849509,50.94615165],[3.94853572,50.94610604],[3.94858093,50.94612211],[3.94864433,50.94605107]]]}},{"type":"Feature","id":"gebouw/Gebouw.13202111/0","properties":{"source":"Digitaal Vlaanderen Gebouwenregister","source_id":"gebouw/Gebouw.13202111/0","kind":"building","building":"official","height_m":8.85,"status":null},"geometry":{"type":"Polygon","coordinates":[[[3.94713833,50.94245042],[3.94707745,50.94241559],[3.94704611,50.94244031],[3.94700372,50.94241886],[3.9469902,50.94242953],[3.94704994,50.94246149],[3.94709376,50.94248495],[3.94713833,50.94245042]]]}},{"type":"Feature","id":"gebouw/Gebouw.13205046/0","properties":{"source":"Digitaal Vlaanderen Gebouwenregister","source_id":"gebouw/Gebouw.13205046/0","kind":"building","building":"official","height_m":5.1,"status":null},"geometry":{"type":"Polygon","coordinates":[[[3.9472091,50.94746752],[3.94717226,50.9474526],[3.94722415,50.94739992],[3.9472055,50.94739239],[3.94724196,50.94735363],[3.94725597,50.947359],[3.94727401,50.94734196],[3.94730375,50.94735486],[3.94724967,50.94740948],[3.94726099,50.94741499],[3.9472091,50.94746752]]]}},{"type":"Feature","id":"gebouw/Gebouw.13207176/0","properties":{"source":"Digitaal Vlaanderen Gebouwenregister","source_id":"gebouw/Gebouw.13207176/0","kind":"building","building":"official","height_m":5.1,"status":null},"geometry":{"type":"Polygon","coordinates":[[[3.94353354,50.9458696],[3.94343312,50.94594068],[3.94329051,50.94586149],[3.94339109,50.94578941],[3.94353354,50.9458696]]]}},{"type":"Feature","id":"gebouw/Gebouw.13208856/0","properties":{"source":"Digitaal Vlaanderen Gebouwenregister","source_id":"gebouw/Gebouw.13208856/0","kind":"building","building":"official","height_m":5.1,"status":null},"geometry":{"type":"Polygon","coordinates":[[[3.94930884,50.94450931],[3.94927228,50.94454395],[3.94935719,50.94458261],[3.9493126,50.94462176],[3.94905548,50.94450485],[3.94908502,50.94447902],[3.9491513,50.94450955],[3.9492071,50.94446353],[3.94930884,50.94450931]]]}},{"type":"Feature","id":"gebouw/Gebouw.13208966/0","properties":{"source":"Digitaal Vlaanderen Gebouwenregister","source_id":"gebouw/Gebouw.13208966/0","kind":"building","building":"official","height_m":6.6,"status":null},"geometry":{"type":"Polygon","coordinates":[[[3.94918597,50.94586908],[3.94913385,50.94584348],[3.94915616,50.94582492],[3.94920706,50.94585292],[3.94918597,50.94586908]]]}},{"type":"Feature","id":"gebouw/Gebouw.13212598/0","properties":{"source":"Digitaal Vlaanderen Gebouwenregister","source_id":"gebouw/Gebouw.13212598/0","kind":"building","building":"official","height_m":8.1,"status":null},"geometry":{"type":"Polygon","coordinates":[[[3.94623207,50.94514061],[3.94616431,50.9451856],[3.94616167,50.94518407],[3.94612539,50.94516309],[3.94605257,50.94512097],[3.94611699,50.94507775],[3.94623207,50.94514061]]]}},{"type":"Feature","id":"gebouw/Gebouw.13218041/0","properties":{"source":"Digitaal Vlaanderen Gebouwenregister","source_id":"gebouw/Gebouw.13218041/0","kind":"building","building":"official","height_m":8.85,"status":null},"geometry":{"type":"Polygon","coordinates":[[[3.9495231,50.94584415],[3.94954485,50.94588874],[3.94951788,50.94589415],[3.94953283,50.94592474],[3.94955984,50.94591947],[3.94958167,50.94596414],[3.94941833,50.94599583],[3.94938383,50.94592301],[3.94935664,50.94592823],[3.94935038,50.94592944],[3.94932635,50.94588073],[3.94949989,50.94584867],[3.9495231,50.94584415]]]}},{"type":"Feature","id":"gebouw/Gebouw.13226005/0","properties":{"source":"Digitaal Vlaanderen Gebouwenregister","source_id":"gebouw/Gebouw.13226005/0","kind":"building","building":"official","height_m":5.85,"status":null},"geometry":{"type":"Polygon","coordinates":[[[3.94628683,50.94348012],[3.94631081,50.94346182],[3.94639807,50.94350246],[3.94637598,50.94352108],[3.94628683,50.94348012]]]}},{"type":"Feature","id":"gebouw/Gebouw.13226747/0","properties":{"source":"Digitaal Vlaanderen Gebouwenregister","source_id":"gebouw/Gebouw.13226747/0","kind":"building","building":"official","height_m":8.85,"status":null},"geometry":{"type":"Polygon","coordinates":[[[3.94709485,50.94800462],[3.94712807,50.94797812],[3.94717124,50.94799761],[3.94713894,50.94802592],[3.94709485,50.94800462]]]}},{"type":"Feature","id":"gebouw/Gebouw.13228669/0","properties":{"source":"Digitaal Vlaanderen Gebouwenregister","source_id":"gebouw/Gebouw.13228669/0","kind":"building","building":"official","height_m":5.85,"status":null},"geometry":{"type":"Polygon","coordinates":[[[3.94818551,50.94323174],[3.94818542,50.94323162],[3.94812324,50.94325333],[3.94817012,50.9433079],[3.94823231,50.9432862],[3.94818551,50.94323174]]]}},{"type":"Feature","id":"gebouw/Gebouw.13235234/0","properties":{"source":"Digitaal Vlaanderen Gebouwenregister","source_id":"gebouw/Gebouw.13235234/0","kind":"building","building":"official","height_m":6.6,"status":null},"geometry":{"type":"Polygon","coordinates":[[[3.95092793,50.94681142],[3.95086077,50.94682495],[3.95075621,50.94684601],[3.95075281,50.9468467],[3.95075278,50.94684665],[3.95071066,50.94678268],[3.95068281,50.94674039],[3.95066315,50.94671052],[3.9507103,50.94669733],[3.95072923,50.94672583],[3.95073394,50.94672395],[3.95076394,50.9467715],[3.95086694,50.94674885],[3.95085779,50.94673287],[3.95086983,50.94672847],[3.95092793,50.94681142]]]}},{"type":"Feature","id":"gebouw/Gebouw.13235375/0","properties":{"source":"Digitaal Vlaanderen Gebouwenregister","source_id":"gebouw/Gebouw.13235375/0","kind":"building","building":"official","height_m":8.85,"status":null},"geometry":{"type":"Polygon","coordinates":[[[3.94409148,50.94779502],[3.94405788,50.94776446],[3.94403326,50.94777513],[3.94402375,50.94777925],[3.94405687,50.94781021],[3.94407218,50.94780349],[3.94409148,50.94779502]]]}},{"type":"Feature","id":"gebouw/Gebouw.13235480/0","properties":{"source":"Digitaal Vlaanderen Gebouwenregister","source_id":"gebouw/Gebouw.13235480/0","kind":"building","building":"official","height_m":6.6,"status":null},"geometry":{"type":"Polygon","coordinates":[[[3.94401819,50.94740807],[3.94406873,50.94743105],[3.94403379,50.9474624],[3.94398584,50.94744063],[3.94401819,50.94740807]]]}},{"type":"Feature","id":"gebouw/Gebouw.13240101/0","properties":{"source":"Digitaal Vlaanderen Gebouwenregister","source_id":"gebouw/Gebouw.13240101/0","kind":"building","building":"official","height_m":7.35,"status":null},"geometry":{"type":"Polygon","coordinates":[[[3.9441648,50.94667284],[3.94410578,50.94665641],[3.94413653,50.94660802],[3.94419629,50.94662325],[3.9441648,50.94667284]]]}},{"type":"Feature","id":"gebouw/Gebouw.13240773/0","properties":{"source":"Digitaal Vlaanderen Gebouwenregister","source_id":"gebouw/Gebouw.13240773/0","kind":"building","building":"official","height_m":7.35,"status":null},"geometry":{"type":"Polygon","coordinates":[[[3.94848415,50.94338743],[3.94851606,50.94342284],[3.9484611,50.94344163],[3.94841726,50.94342018],[3.94839097,50.9433912],[3.94846599,50.94336728],[3.94848415,50.94338743]]]}},{"type":"Feature","id":"gebouw/Gebouw.13244723/0","properties":{"source":"Digitaal Vlaanderen Gebouwenregister","source_id":"gebouw/Gebouw.13244723/0","kind":"building","building":"official","height_m":8.85,"status":null},"geometry":{"type":"Polygon","coordinates":[[[3.95117727,50.94723202],[3.95112888,50.9472419],[3.9511074,50.94724628],[3.95105207,50.94725757],[3.95098083,50.94711281],[3.95103938,50.94710083],[3.95106086,50.94709643],[3.95110167,50.94708808],[3.95117727,50.94723202]]]}},{"type":"Feature","id":"gebouw/Gebouw.13245131/0","properties":{"source":"Digitaal Vlaanderen Gebouwenregister","source_id":"gebouw/Gebouw.13245131/0","kind":"building","building":"official","height_m":8.85,"status":null},"geometry":{"type":"Polygon","coordinates":[[[3.94928338,50.94342688],[3.94926405,50.9434067],[3.94931232,50.9433889],[3.94933118,50.94340908],[3.94928338,50.94342688]]]}},{"type":"Feature","id":"gebouw/Gebouw.13247153/0","properties":{"source":"Digitaal Vlaanderen Gebouwenregister","source_id":"gebouw/Gebouw.13247153/0","kind":"building","building":"official","height_m":8.85,"status":null},"geometry":{"type":"Polygon","coordinates":[[[3.94746,50.94623531],[3.94749869,50.94616551],[3.94755966,50.94617643],[3.94763027,50.94600848],[3.94754767,50.94597161],[3.94754913,50.94596868],[3.94755073,50.94596545],[3.94749272,50.94594409],[3.94745456,50.94593004],[3.94742033,50.9459912],[3.94736242,50.94609467],[3.94742029,50.94610596],[3.94740845,50.9461282],[3.94741119,50.94612882],[3.94737006,50.94620176],[3.94739843,50.94620801],[3.94739168,50.94622027],[3.94746,50.94623531]]]}},{"type":"Feature","id":"gebouw/Gebouw.13249001/0","properties":{"source":"Digitaal Vlaanderen Gebouwenregister","source_id":"gebouw/Gebouw.13249001/0","kind":"building","building":"official","height_m":8.85,"status":null},"geometry":{"type":"Polygon","coordinates":[[[3.94971473,50.94754529],[3.9496909,50.9475228],[3.94976359,50.94748638],[3.94978908,50.94750933],[3.94971473,50.94754529]]]}},{"type":"Feature","id":"gebouw/Gebouw.13249065/0","properties":{"source":"Digitaal Vlaanderen Gebouwenregister","source_id":"gebouw/Gebouw.13249065/0","kind":"building","building":"official","height_m":7.35,"status":null},"geometry":{"type":"Polygon","coordinates":[[[3.94885331,50.94781491],[3.94886992,50.94784638],[3.94882231,50.9478559],[3.94880202,50.94781359],[3.94884783,50.94780453],[3.94885331,50.94781491]]]}},{"type":"Feature","id":"gebouw/Gebouw.13249487/0","properties":{"source":"Digitaal Vlaanderen Gebouwenregister","source_id":"gebouw/Gebouw.13249487/0","kind":"building","building":"official","height_m":8.85,"status":null},"geometry":{"type":"Polygon","coordinates":[[[3.94831253,50.94714947],[3.94835499,50.94716474],[3.94831053,50.94721537],[3.94826666,50.94720016],[3.94831253,50.94714947]]]}},{"type":"Feature","id":"gebouw/Gebouw.13252090/0","properties":{"source":"Digitaal Vlaanderen Gebouwenregister","source_id":"gebouw/Gebouw.13252090/0","kind":"building","building":"official","height_m":8.1,"status":null},"geometry":{"type":"Polygon","coordinates":[[[3.94527201,50.94311055],[3.94519903,50.943077],[3.94523345,50.94304776],[3.94530501,50.94308054],[3.94527201,50.94311055]]]}},{"type":"Feature","id":"gebouw/Gebouw.13252387/0","properties":{"source":"Digitaal Vlaanderen Gebouwenregister","source_id":"gebouw/Gebouw.13252387/0","kind":"building","building":"official","height_m":5.85,"status":null},"geometry":{"type":"Polygon","coordinates":[[[3.94954929,50.94420116],[3.94955081,50.94420194],[3.94954836,50.94420394],[3.94949194,50.94425006],[3.94932351,50.94417381],[3.94928972,50.94420209],[3.94918293,50.9441506],[3.94921983,50.94411886],[3.9492552,50.94413527],[3.94930184,50.94409414],[3.94939235,50.94413842],[3.94942406,50.94413688],[3.94954929,50.94420116]]]}},{"type":"Feature","id":"gebouw/Gebouw.13254485/0","properties":{"source":"Digitaal Vlaanderen Gebouwenregister","source_id":"gebouw/Gebouw.13254485/0","kind":"building","building":"official","height_m":8.85,"status":null},"geometry":{"type":"Polygon","coordinates":[[[3.94795486,50.94695241],[3.94792074,50.94700921],[3.9477873,50.94696757],[3.94781208,50.94693423],[3.94784403,50.94694485],[3.9478631,50.94692195],[3.94787621,50.94690622],[3.94786397,50.94690214],[3.94785085,50.94691788],[3.94785031,50.9469177],[3.9478295,50.94691079],[3.94780798,50.94690364],[3.94781961,50.94688799],[3.94780433,50.94688329],[3.9478204,50.94686245],[3.94798393,50.94690402],[3.94795486,50.94695241]]]}},{"type":"Feature","id":"gebouw/Gebouw.13254643/0","properties":{"source":"Digitaal Vlaanderen Gebouwenregister","source_id":"gebouw/Gebouw.13254643/0","kind":"building","building":"official","height_m":5.85,"status":null},"geometry":{"type":"Polygon","coordinates":[[[3.94750463,50.94225551],[3.9474492,50.94222787],[3.9475275,50.94216223],[3.94758226,50.94218866],[3.94750463,50.94225551]]]}},{"type":"Feature","id":"gebouw/Gebouw.13254714/0","properties":{"source":"Digitaal Vlaanderen Gebouwenregister","source_id":"gebouw/Gebouw.13254714/0","kind":"building","building":"official","height_m":5.1,"status":null},"geometry":{"type":"Polygon","coordinates":[[[3.94718437,50.94666925],[3.9471467,50.94665959],[3.94717792,50.94661532],[3.94721322,50.9466242],[3.94718437,50.94666925]]]}},{"type":"Feature","id":"gebouw/Gebouw.13254992/0","properties":{"source":"Digitaal Vlaanderen Gebouwenregister","source_id":"gebouw/Gebouw.13254992/0","kind":"building","building":"official","height_m":6.6,"status":null},"geometry":{"type":"Polygon","coordinates":[[[3.94930199,50.9465139],[3.94924462,50.94651204],[3.94925302,50.94642122],[3.94925437,50.94642094],[3.94925252,50.94641698],[3.9492453,50.94640159],[3.94930106,50.94639116],[3.94930978,50.94640976],[3.94931014,50.94641053],[3.9493145,50.94640971],[3.94930199,50.9465139]]]}},{"type":"Feature","id":"gebouw/Gebouw.13257149/0","properties":{"source":"Digitaal Vlaanderen Gebouwenregister","source_id":"gebouw/Gebouw.13257149/0","kind":"building","building":"official","height_m":8.85,"status":null},"geometry":{"type":"Polygon","coordinates":[[[3.94345783,50.94631623],[3.9434154,50.94629381],[3.94345511,50.94626164],[3.94350018,50.94628349],[3.94345783,50.94631623]]]}},{"type":"Feature","id":"gebouw/Gebouw.13260408/0","properties":{"source":"Digitaal Vlaanderen Gebouwenregister","source_id":"gebouw/Gebouw.13260408/0","kind":"building","building":"official","height_m":5.1,"status":null},"geometry":{"type":"Polygon","coordinates":[[[3.95085204,50.94790417],[3.95084223,50.94791236],[3.95081366,50.9479362],[3.95077314,50.94791681],[3.95080147,50.94789217],[3.95081033,50.94788447],[3.95085204,50.94790417]]]}},{"type":"Feature","id":"gebouw/Gebouw.13265943/0","properties":{"source":"Digitaal Vlaanderen Gebouwenregister","source_id":"gebouw/Gebouw.13265943/0","kind":"building","building":"official","height_m":7.35,"status":null},"geometry":{"type":"Polygon","coordinates":[[[3.94562102,50.94531188],[3.94556985,50.94534801],[3.94548791,50.94530205],[3.94550607,50.94528934],[3.94553983,50.94526571],[3.94562102,50.94531188]]]}},{"type":"Feature","id":"gebouw/Gebouw.13270064/0","properties":{"source":"Digitaal Vlaanderen Gebouwenregister","source_id":"gebouw/Gebouw.13270064/0","kind":"building","building":"official","height_m":6.6,"status":null},"geometry":{"type":"Polygon","coordinates":[[[3.94664835,50.94314299],[3.9465093,50.94324021],[3.94647777,50.94322248],[3.94639094,50.94328223],[3.946237,50.94319766],[3.94631081,50.94314705],[3.94633107,50.94313316],[3.94643931,50.94319445],[3.94657287,50.94309945],[3.94664835,50.94314299]]]}},{"type":"Feature","id":"gebouw/Gebouw.13270310/0","properties":{"source":"Digitaal Vlaanderen Gebouwenregister","source_id":"gebouw/Gebouw.13270310/0","kind":"building","building":"official","height_m":6.6,"status":null},"geometry":{"type":"Polygon","coordinates":[[[3.94361647,50.94595499],[3.94362742,50.94596367],[3.94363394,50.94596036],[3.94366115,50.94598177],[3.94365448,50.94598516],[3.94369282,50.94601539],[3.94369943,50.94601205],[3.94374272,50.94604622],[3.94357764,50.9461263],[3.94353876,50.94609396],[3.94352371,50.94610131],[3.94344319,50.94603641],[3.94349136,50.94601119],[3.94350512,50.94602599],[3.94356503,50.94599604],[3.94357012,50.94597909],[3.94361647,50.94595499]]]}},{"type":"Feature","id":"gebouw/Gebouw.13270611/0","properties":{"source":"Digitaal Vlaanderen Gebouwenregister","source_id":"gebouw/Gebouw.13270611/0","kind":"building","building":"official","height_m":7.35,"status":null},"geometry":{"type":"Polygon","coordinates":[[[3.94508118,50.94523323],[3.9451361,50.94526009],[3.94515611,50.94525779],[3.94516249,50.94527998],[3.94514247,50.94528227],[3.94500307,50.94540431],[3.94492561,50.94536536],[3.94497192,50.94532603],[3.94508118,50.94523323]]]}},{"type":"Feature","id":"gebouw/Gebouw.13272868/0","properties":{"source":"Digitaal Vlaanderen Gebouwenregister","source_id":"gebouw/Gebouw.13272868/0","kind":"building","building":"official","height_m":8.1,"status":null},"geometry":{"type":"Polygon","coordinates":[[[3.94559105,50.94510813],[3.94542497,50.94522782],[3.94532932,50.94517276],[3.9454116,50.94511562],[3.94538681,50.94510155],[3.94538609,50.94510211],[3.94538309,50.94510052],[3.9453944,50.94509253],[3.94545378,50.94505056],[3.94550919,50.94508078],[3.94552633,50.94507024],[3.94559105,50.94510813]]]}},{"type":"Feature","id":"gebouw/Gebouw.13278577/0","properties":{"source":"Digitaal Vlaanderen Gebouwenregister","source_id":"gebouw/Gebouw.13278577/0","kind":"building","building":"official","height_m":5.85,"status":null},"geometry":{"type":"Polygon","coordinates":[[[3.94547515,50.94684674],[3.94544738,50.94690986],[3.94548011,50.94691631],[3.94546545,50.94694926],[3.94537023,50.94690306],[3.94519637,50.94686844],[3.94522384,50.9468149],[3.94527673,50.94682575],[3.94528395,50.94681152],[3.94534608,50.94682455],[3.9453403,50.94683834],[3.94539796,50.94684908],[3.94541672,50.94681915],[3.94547515,50.94684674]]]}},{"type":"Feature","id":"gebouw/Gebouw.13278649/0","properties":{"source":"Digitaal Vlaanderen Gebouwenregister","source_id":"gebouw/Gebouw.13278649/0","kind":"building","building":"official","height_m":5.85,"status":null},"geometry":{"type":"Polygon","coordinates":[[[3.94722409,50.94310612],[3.9472109,50.94313096],[3.94716018,50.94311986],[3.94717668,50.94309502],[3.94722409,50.94310612]]]}},{"type":"Feature","id":"gebouw/Gebouw.13278822/0","properties":{"source":"Digitaal Vlaanderen Gebouwenregister","source_id":"gebouw/Gebouw.13278822/0","kind":"building","building":"official","height_m":5.1,"status":null},"geometry":{"type":"Polygon","coordinates":[[[3.94816457,50.94537485],[3.94812347,50.94540958],[3.94797685,50.94534158],[3.94801815,50.94530565],[3.94816457,50.94537485]]]}},{"type":"Feature","id":"gebouw/Gebouw.13279338/0","properties":{"source":"Digitaal Vlaanderen Gebouwenregister","source_id":"gebouw/Gebouw.13279338/0","kind":"building","building":"official","height_m":5.1,"status":null},"geometry":{"type":"Polygon","coordinates":[[[3.94501972,50.94485698],[3.94499065,50.94483847],[3.94491629,50.94488473],[3.94471497,50.94475562],[3.94478309,50.9447142],[3.94494259,50.94481717],[3.94499071,50.94478822],[3.94506395,50.94482601],[3.94502974,50.94484996],[3.94501972,50.94485698]]]}},{"type":"Feature","id":"gebouw/Gebouw.13279405/0","properties":{"source":"Digitaal Vlaanderen Gebouwenregister","source_id":"gebouw/Gebouw.13279405/0","kind":"building","building":"official","height_m":5.85,"status":null},"geometry":{"type":"Polygon","coordinates":[[[3.94959424,50.94538194],[3.94957642,50.94534514],[3.9495927,50.94534198],[3.94957641,50.94530853],[3.94958333,50.94530718],[3.94955079,50.94524008],[3.9497005,50.94521115],[3.94974526,50.94530392],[3.94970581,50.94531152],[3.94972765,50.94535657],[3.94959424,50.94538194]]]}},{"type":"Feature","id":"gebouw/Gebouw.13281872/0","properties":{"source":"Digitaal Vlaanderen Gebouwenregister","source_id":"gebouw/Gebouw.13281872/0","kind":"building","building":"official","height_m":6.6,"status":null},"geometry":{"type":"Polygon","coordinates":[[[3.94922499,50.94296208],[3.94934506,50.94290592],[3.94941263,50.94296337],[3.94940724,50.94296622],[3.94943204,50.94298725],[3.94932158,50.94303897],[3.94929713,50.94301869],[3.94929304,50.94302047],[3.94922499,50.94296208]]]}},{"type":"Feature","id":"gebouw/Gebouw.13283025/0","properties":{"source":"Digitaal Vlaanderen Gebouwenregister","source_id":"gebouw/Gebouw.13283025/0","kind":"building","building":"official","height_m":7.35,"status":null},"geometry":{"type":"Polygon","coordinates":[[[3.94421079,50.9479541],[3.94415642,50.94797831],[3.94414112,50.94798497],[3.94414427,50.94798827],[3.9441326,50.94799808],[3.94410803,50.94800892],[3.94408871,50.94801146],[3.94401528,50.94794539],[3.94408614,50.94791508],[3.94401665,50.94785019],[3.9439433,50.94788063],[3.94388734,50.94790385],[3.94393354,50.94795676],[3.94390011,50.94797213],[3.94381721,50.94793291],[3.94373716,50.94785756],[3.94381363,50.94782452],[3.94376641,50.94778095],[3.94386722,50.94773487],[3.94388653,50.94772604],[3.94391898,50.94774018],[3.94395997,50.94771963],[3.94398598,50.94774394],[3.94401965,50.94777542],[3.94402375,50.94777925],[3.94407442,50.94782662],[3.94421079,50.9479541]]]}},{"type":"Feature","id":"gebouw/Gebouw.13283026/0","properties":{"source":"Digitaal Vlaanderen Gebouwenregister","source_id":"gebouw/Gebouw.13283026/0","kind":"building","building":"official","height_m":8.1,"status":null},"geometry":{"type":"Polygon","coordinates":[[[3.94983769,50.94371635],[3.94983608,50.94372769],[3.94982429,50.94372662],[3.94977141,50.94372186],[3.94977545,50.94370361],[3.94977379,50.94370346],[3.94979866,50.94358545],[3.94999298,50.94368316],[3.94997417,50.94369788],[3.9499433,50.94368211],[3.94989117,50.9437247],[3.94986572,50.94371184],[3.94984542,50.94371043],[3.9498386,50.94370995],[3.94983769,50.94371635]]]}},{"type":"Feature","id":"gebouw/Gebouw.13285542/0","properties":{"source":"Digitaal Vlaanderen Gebouwenregister","source_id":"gebouw/Gebouw.13285542/0","kind":"building","building":"official","height_m":5.1,"status":null},"geometry":{"type":"Polygon","coordinates":[[[3.94267593,50.94625371],[3.94264195,50.94627768],[3.94259245,50.94625028],[3.94262726,50.94622542],[3.94267593,50.94625371]]]}},{"type":"Feature","id":"gebouw/Gebouw.13285791/0","properties":{"source":"Digitaal Vlaanderen Gebouwenregister","source_id":"gebouw/Gebouw.13285791/0","kind":"building","building":"official","height_m":7.35,"status":null},"geometry":{"type":"Polygon","coordinates":[[[3.95045317,50.94626228],[3.95046933,50.94629603],[3.95038129,50.94631288],[3.95036578,50.94627879],[3.95045317,50.94626228]]]}},{"type":"Feature","id":"gebouw/Gebouw.13285874/0","properties":{"source":"Digitaal Vlaanderen Gebouwenregister","source_id":"gebouw/Gebouw.13285874/0","kind":"building","building":"official","height_m":6.6,"status":null},"geometry":{"type":"Polygon","coordinates":[[[3.9425082,50.94531038],[3.94265891,50.94538955],[3.94251908,50.94549242],[3.94242847,50.94544537],[3.94244656,50.9454322],[3.9424025,50.94540856],[3.94242159,50.9453939],[3.94240848,50.94538649],[3.9425082,50.94531038]]]}},{"type":"Feature","id":"gebouw/Gebouw.13286149/0","properties":{"source":"Digitaal Vlaanderen Gebouwenregister","source_id":"gebouw/Gebouw.13286149/0","kind":"building","building":"official","height_m":5.85,"status":null},"geometry":{"type":"Polygon","coordinates":[[[3.94618377,50.94463054],[3.94615384,50.94461568],[3.94619269,50.94458185],[3.94622404,50.94459703],[3.94618377,50.94463054]]]}},{"type":"Feature","id":"gebouw/Gebouw.13288464/0","properties":{"source":"Digitaal Vlaanderen Gebouwenregister","source_id":"gebouw/Gebouw.13288464/0","kind":"building","building":"official","height_m":5.1,"status":null},"geometry":{"type":"Polygon","coordinates":[[[3.94979645,50.94553399],[3.94973716,50.94554497],[3.94972465,50.94551872],[3.94972324,50.94551577],[3.94972521,50.94551539],[3.94971412,50.94549219],[3.94971224,50.94549255],[3.9496982,50.94546337],[3.94985468,50.94543207],[3.94989407,50.94551593],[3.94979645,50.94553399]]]}},{"type":"Feature","id":"gebouw/Gebouw.13288802/0","properties":{"source":"Digitaal Vlaanderen Gebouwenregister","source_id":"gebouw/Gebouw.13288802/0","kind":"building","building":"official","height_m":6.6,"status":null},"geometry":{"type":"Polygon","coordinates":[[[3.94375682,50.94497199],[3.94371887,50.94499965],[3.9436775,50.9449795],[3.94371145,50.94494995],[3.94375682,50.94497199]]]}},{"type":"Feature","id":"gebouw/Gebouw.13289014/0","properties":{"source":"Digitaal Vlaanderen Gebouwenregister","source_id":"gebouw/Gebouw.13289014/0","kind":"building","building":"official","height_m":8.1,"status":null},"geometry":{"type":"Polygon","coordinates":[[[3.95138387,50.94648766],[3.95146852,50.94646715],[3.95152374,50.94655244],[3.95143749,50.94657171],[3.951403,50.94651765],[3.95138387,50.94648766]]]}},{"type":"Feature","id":"gebouw/Gebouw.13289995/0","properties":{"source":"Digitaal Vlaanderen Gebouwenregister","source_id":"gebouw/Gebouw.13289995/0","kind":"building","building":"official","height_m":5.85,"status":null},"geometry":{"type":"Polygon","coordinates":[[[3.94566759,50.94650902],[3.94569647,50.94648249],[3.94584618,50.94654463],[3.94581709,50.94657281],[3.94573044,50.94653583],[3.94566759,50.94650902]]]}},{"type":"Feature","id":"gebouw/Gebouw.13290044/0","properties":{"source":"Digitaal Vlaanderen Gebouwenregister","source_id":"gebouw/Gebouw.13290044/0","kind":"building","building":"official","height_m":6.6,"status":null},"geometry":{"type":"Polygon","coordinates":[[[3.94708403,50.94791601],[3.94702904,50.94792502],[3.94702374,50.94791207],[3.94702112,50.94790568],[3.94698349,50.94791095],[3.94692559,50.9477905],[3.94702782,50.94777047],[3.94704424,50.94780369],[3.94706033,50.94780068],[3.94707716,50.9478377],[3.94705491,50.94784172],[3.94706796,50.94787501],[3.94708403,50.94791601]]]}},{"type":"Feature","id":"gebouw/Gebouw.13290891/0","properties":{"source":"Digitaal Vlaanderen Gebouwenregister","source_id":"gebouw/Gebouw.13290891/0","kind":"building","building":"official","height_m":7.35,"status":null},"geometry":{"type":"Polygon","coordinates":[[[3.94555679,50.94472159],[3.94552668,50.94474205],[3.94550803,50.94473302],[3.94549908,50.94474002],[3.94542341,50.94469887],[3.94542173,50.94469795],[3.94541962,50.94469679],[3.94545982,50.94466776],[3.94555679,50.94472159]]]}},{"type":"Feature","id":"gebouw/Gebouw.13292997/0","properties":{"source":"Digitaal Vlaanderen Gebouwenregister","source_id":"gebouw/Gebouw.13292997/0","kind":"building","building":"official","height_m":7.35,"status":null},"geometry":{"type":"Polygon","coordinates":[[[3.94685777,50.94281664],[3.94679944,50.94277795],[3.94666988,50.94285327],[3.94659265,50.94280263],[3.94672815,50.94272094],[3.9468051,50.94276993],[3.94685243,50.94274054],[3.94690901,50.94277772],[3.94686178,50.9428136],[3.94685777,50.94281664]]]}},{"type":"Feature","id":"gebouw/Gebouw.13293375/0","properties":{"source":"Digitaal Vlaanderen Gebouwenregister","source_id":"gebouw/Gebouw.13293375/0","kind":"building","building":"official","height_m":7.35,"status":null},"geometry":{"type":"Polygon","coordinates":[[[3.94624038,50.94413183],[3.9463544,50.94419143],[3.94623861,50.94427986],[3.94621979,50.94427002],[3.94619568,50.94428843],[3.9461012,50.94423968],[3.9460993,50.94423871],[3.94624038,50.94413183]]]}},{"type":"Feature","id":"gebouw/Gebouw.13295034/0","properties":{"source":"Digitaal Vlaanderen Gebouwenregister","source_id":"gebouw/Gebouw.13295034/0","kind":"building","building":"official","height_m":5.1,"status":null},"geometry":{"type":"Polygon","coordinates":[[[3.94776828,50.94389717],[3.94769948,50.94388393],[3.94771498,50.94385065],[3.9477814,50.94386342],[3.94776828,50.94389717]]]}},{"type":"Feature","id":"gebouw/Gebouw.13295056/0","properties":{"source":"Digitaal Vlaanderen Gebouwenregister","source_id":"gebouw/Gebouw.13295056/0","kind":"building","building":"official","height_m":8.1,"status":null},"geometry":{"type":"Polygon","coordinates":[[[3.94611717,50.94383025],[3.94617787,50.94386348],[3.94616401,50.94387357],[3.94619337,50.94389045],[3.94609684,50.94395629],[3.94593543,50.94386443],[3.94598067,50.94383247],[3.94600422,50.94384517],[3.94606558,50.94380201],[3.94609002,50.94381539],[3.94611717,50.94383025]]]}},{"type":"Feature","id":"gebouw/Gebouw.13295883/0","properties":{"source":"Digitaal Vlaanderen Gebouwenregister","source_id":"gebouw/Gebouw.13295883/0","kind":"building","building":"official","height_m":7.35,"status":null},"geometry":{"type":"Polygon","coordinates":[[[3.947605,50.94360181],[3.94759657,50.94360497],[3.94759403,50.94360233],[3.9475176,50.94352316],[3.94764666,50.94347439],[3.94774168,50.94357623],[3.94768075,50.94359892],[3.94766312,50.94358003],[3.947605,50.94360181]]]}},{"type":"Feature","id":"gebouw/Gebouw.13297989/0","properties":{"source":"Digitaal Vlaanderen Gebouwenregister","source_id":"gebouw/Gebouw.13297989/0","kind":"building","building":"official","height_m":7.35,"status":null},"geometry":{"type":"Polygon","coordinates":[[[3.94475694,50.94827817],[3.94482798,50.94841768],[3.94484626,50.94841411],[3.94486061,50.94844341],[3.94492101,50.94843161],[3.94490666,50.9484023],[3.9449324,50.94839727],[3.94491923,50.94836864],[3.94494885,50.94836373],[3.94489248,50.94825153],[3.94475694,50.94827817]]]}},{"type":"Feature","id":"gebouw/Gebouw.13298153/0","properties":{"source":"Digitaal Vlaanderen Gebouwenregister","source_id":"gebouw/Gebouw.13298153/0","kind":"building","building":"official","height_m":8.85,"status":null},"geometry":{"type":"Polygon","coordinates":[[[3.95043021,50.94736649],[3.95035075,50.94743804],[3.9503704,50.94744669],[3.95032718,50.94748409],[3.95030637,50.9474753],[3.95026775,50.94751176],[3.95000602,50.94740114],[3.95004464,50.94736468],[3.95003163,50.94735918],[3.95007079,50.94732189],[3.95008471,50.94732833],[3.9501652,50.94725303],[3.95043021,50.94736649]]]}},{"type":"Feature","id":"gebouw/Gebouw.13302807/0","properties":{"source":"Digitaal Vlaanderen Gebouwenregister","source_id":"gebouw/Gebouw.13302807/0","kind":"building","building":"official","height_m":7.35,"status":null},"geometry":{"type":"Polygon","coordinates":[[[3.94847415,50.9432283],[3.94856797,50.9431962],[3.94864629,50.94328658],[3.94861149,50.94329817],[3.94861683,50.94330483],[3.94859621,50.94331098],[3.9486078,50.94332583],[3.94856844,50.94333989],[3.94856373,50.94333431],[3.94847415,50.9432283]]]}},{"type":"Feature","id":"gebouw/Gebouw.13302997/0","properties":{"source":"Digitaal Vlaanderen Gebouwenregister","source_id":"gebouw/Gebouw.13302997/0","kind":"building","building":"official","height_m":5.85,"status":null},"geometry":{"type":"Polygon","coordinates":[[[3.95090884,50.94714784],[3.95080371,50.94716959],[3.95083698,50.94725181],[3.95077721,50.94726301],[3.95073479,50.94717158],[3.95070223,50.94710141],[3.95087232,50.94706841],[3.95090884,50.94714784]]]}},{"type":"Feature","id":"gebouw/Gebouw.13303356/0","properties":{"source":"Digitaal Vlaanderen Gebouwenregister","source_id":"gebouw/Gebouw.13303356/0","kind":"building","building":"official","height_m":5.1,"status":null},"geometry":{"type":"Polygon","coordinates":[[[3.94953938,50.94619522],[3.94949907,50.94620414],[3.94947059,50.94621045],[3.94946304,50.94619377],[3.94946057,50.94618832],[3.94945615,50.94617854],[3.9494368,50.94618093],[3.94938713,50.94607666],[3.94948018,50.9460591],[3.94949566,50.94609144],[3.94952725,50.94610249],[3.94957906,50.94609251],[3.94960592,50.94614824],[3.94952458,50.94616379],[3.94952953,50.9461743],[3.94953938,50.94619522]]]}},{"type":"Feature","id":"gebouw/Gebouw.13303446/0","properties":{"source":"Digitaal Vlaanderen Gebouwenregister","source_id":"gebouw/Gebouw.13303446/0","kind":"building","building":"official","height_m":5.1,"status":null},"geometry":{"type":"Polygon","coordinates":[[[3.94886963,50.94491556],[3.94878913,50.9448798],[3.94882337,50.94484876],[3.94871693,50.94480038],[3.94867837,50.94483508],[3.94864459,50.94481974],[3.94868241,50.94478468],[3.94867694,50.94478219],[3.94881613,50.94466055],[3.94893083,50.94471238],[3.94889028,50.94474951],[3.94893243,50.94476788],[3.94895194,50.94474925],[3.94896612,50.9447553],[3.94901565,50.94471101],[3.94911372,50.94475606],[3.94906727,50.94479521],[3.9490854,50.9448039],[3.94904287,50.94483821],[3.94894187,50.94490048],[3.94890577,50.94488441],[3.94886963,50.94491556]]]}},{"type":"Feature","id":"gebouw/Gebouw.13303578/0","properties":{"source":"Digitaal Vlaanderen Gebouwenregister","source_id":"gebouw/Gebouw.13303578/0","kind":"building","building":"official","height_m":5.1,"status":null},"geometry":{"type":"Polygon","coordinates":[[[3.9514596,50.94718622],[3.95139117,50.94719546],[3.951377,50.94715751],[3.95133672,50.94716368],[3.95133089,50.94715148],[3.95131571,50.94714601],[3.95123418,50.94715924],[3.95119761,50.94707415],[3.95128922,50.94705789],[3.95129863,50.94704826],[3.95135024,50.94704004],[3.95138209,50.94712181],[3.95142838,50.94711419],[3.9514596,50.94718622]]]}},{"type":"Feature","id":"gebouw/Gebouw.13303625/0","properties":{"source":"Digitaal Vlaanderen Gebouwenregister","source_id":"gebouw/Gebouw.13303625/0","kind":"building","building":"official","height_m":8.85,"status":null},"geometry":{"type":"Polygon","coordinates":[[[3.94539072,50.94460593],[3.94528206,50.94468611],[3.94527804,50.94468396],[3.94526225,50.94467555],[3.94520786,50.94464658],[3.94519318,50.94463877],[3.94518139,50.94464746],[3.94510213,50.94461413],[3.94506204,50.94459727],[3.94509872,50.94456463],[3.94522343,50.94461403],[3.94530282,50.9445574],[3.94537024,50.94459462],[3.94539072,50.94460593]]]}},{"type":"Feature","id":"gebouw/Gebouw.13306339/0","properties":{"source":"Digitaal Vlaanderen Gebouwenregister","source_id":"gebouw/Gebouw.13306339/0","kind":"building","building":"official","height_m":5.85,"status":null},"geometry":{"type":"Polygon","coordinates":[[[3.9437665,50.94431427],[3.94388092,50.9443725],[3.94364084,50.94450674],[3.94354893,50.94443666],[3.9437665,50.94431427]]]}},{"type":"Feature","id":"gebouw/Gebouw.13306439/0","properties":{"source":"Digitaal Vlaanderen Gebouwenregister","source_id":"gebouw/Gebouw.13306439/0","kind":"building","building":"official","height_m":8.85,"status":null},"geometry":{"type":"Polygon","coordinates":[[[3.94694626,50.94394759],[3.94691318,50.94397326],[3.94691362,50.94398621],[3.94688477,50.94400913],[3.94686537,50.94400968],[3.9466931,50.9439236],[3.94677391,50.94386008],[3.94693801,50.9439434],[3.94694626,50.94394759]]]}},{"type":"Feature","id":"gebouw/Gebouw.13306640/0","properties":{"source":"Digitaal Vlaanderen Gebouwenregister","source_id":"gebouw/Gebouw.13306640/0","kind":"building","building":"official","height_m":6.6,"status":null},"geometry":{"type":"Polygon","coordinates":[[[3.94573836,50.94590176],[3.94579133,50.94583236],[3.94586721,50.94585545],[3.94587637,50.9458437],[3.94601532,50.945886],[3.94601069,50.94589207],[3.94605194,50.94590462],[3.94599286,50.94598209],[3.94592333,50.94596093],[3.94592164,50.94596314],[3.94577848,50.94591915],[3.94578119,50.94591478],[3.94573836,50.94590176]]]}},{"type":"Feature","id":"gebouw/Gebouw.13310803/0","properties":{"source":"Digitaal Vlaanderen Gebouwenregister","source_id":"gebouw/Gebouw.13310803/0","kind":"building","building":"official","height_m":5.85,"status":null},"geometry":{"type":"Polygon","coordinates":[[[3.9435059,50.94465325],[3.94346731,50.94456504],[3.9434545,50.94456696],[3.94334392,50.94458359],[3.94338019,50.94465549],[3.9434341,50.94464653],[3.943442,50.94466448],[3.94350408,50.94465357],[3.9435059,50.94465325]]]}},{"type":"Feature","id":"gebouw/Gebouw.13311329/0","properties":{"source":"Digitaal Vlaanderen Gebouwenregister","source_id":"gebouw/Gebouw.13311329/0","kind":"building","building":"official","height_m":8.85,"status":null},"geometry":{"type":"Polygon","coordinates":[[[3.94701661,50.94543225],[3.94694689,50.94540085],[3.94691211,50.9453852],[3.94689728,50.94539906],[3.94691921,50.94540919],[3.94689861,50.94542526],[3.94698094,50.9454627],[3.94701661,50.94543225]]]}},{"type":"Feature","id":"gebouw/Gebouw.13312496/0","properties":{"source":"Digitaal Vlaanderen Gebouwenregister","source_id":"gebouw/Gebouw.13312496/0","kind":"building","building":"official","height_m":6.6,"status":null},"geometry":{"type":"Polygon","coordinates":[[[3.94971471,50.94618581],[3.94963694,50.94620096],[3.94962158,50.9461704],[3.94969981,50.94615528],[3.94971471,50.94618581]]]}},{"type":"Feature","id":"gebouw/Gebouw.13312748/0","properties":{"source":"Digitaal Vlaanderen Gebouwenregister","source_id":"gebouw/Gebouw.13312748/0","kind":"building","building":"official","height_m":6.6,"status":null},"geometry":{"type":"Polygon","coordinates":[[[3.94755756,50.9477431],[3.94766273,50.94772208],[3.94767988,50.94775549],[3.94769636,50.94775337],[3.94771801,50.9477984],[3.94765772,50.94780978],[3.94768619,50.94787022],[3.94781465,50.9478456],[3.94783976,50.94790722],[3.94764804,50.94793865],[3.94762629,50.94789163],[3.94762271,50.94788388],[3.94755756,50.9477431]]]}},{"type":"Feature","id":"gebouw/Gebouw.13313209/0","properties":{"source":"Digitaal Vlaanderen Gebouwenregister","source_id":"gebouw/Gebouw.13313209/0","kind":"building","building":"official","height_m":5.85,"status":null},"geometry":{"type":"Polygon","coordinates":[[[3.94284183,50.94452268],[3.94279755,50.94449509],[3.94278687,50.94450311],[3.94278244,50.94450019],[3.94272313,50.94454114],[3.94277056,50.94457085],[3.94284183,50.94452268]]]}},{"type":"Feature","id":"gebouw/Gebouw.13316016/0","properties":{"source":"Digitaal Vlaanderen Gebouwenregister","source_id":"gebouw/Gebouw.13316016/0","kind":"building","building":"official","height_m":5.1,"status":null},"geometry":{"type":"Polygon","coordinates":[[[3.94526225,50.94467555],[3.94517312,50.94474056],[3.945148,50.94472731],[3.94512147,50.94471331],[3.94509995,50.94470196],[3.94503826,50.94466941],[3.94503264,50.94466644],[3.9450664,50.94463767],[3.94502782,50.94461712],[3.9450555,50.94459388],[3.94506204,50.94459727],[3.94510213,50.94461413],[3.94518139,50.94464746],[3.94519318,50.94463877],[3.94520786,50.94464658],[3.94526225,50.94467555]]]}},{"type":"Feature","id":"gebouw/Gebouw.13316706/0","properties":{"source":"Digitaal Vlaanderen Gebouwenregister","source_id":"gebouw/Gebouw.13316706/0","kind":"building","building":"official","height_m":5.1,"status":null},"geometry":{"type":"Polygon","coordinates":[[[3.94601596,50.94804118],[3.9460721,50.94802969],[3.94607933,50.94804376],[3.94609431,50.94804069],[3.94610362,50.94803893],[3.94617163,50.94817503],[3.94609459,50.94819039],[3.94608136,50.94816528],[3.94601596,50.94804118]]]}},{"type":"Feature","id":"gebouw/Gebouw.13318675/0","properties":{"source":"Digitaal Vlaanderen Gebouwenregister","source_id":"gebouw/Gebouw.13318675/0","kind":"building","building":"official","height_m":5.85,"status":null},"geometry":{"type":"Polygon","coordinates":[[[3.94684566,50.942431],[3.94681186,50.94241342],[3.94686562,50.94237083],[3.94690015,50.94238797],[3.94684566,50.942431]]]}},{"type":"Feature","id":"gebouw/Gebouw.13319086/0","properties":{"source":"Digitaal Vlaanderen Gebouwenregister","source_id":"gebouw/Gebouw.13319086/0","kind":"building","building":"official","height_m":8.1,"status":null},"geometry":{"type":"Polygon","coordinates":[[[3.94239896,50.94523547],[3.94229496,50.94532187],[3.94218491,50.94526832],[3.94220461,50.94524959],[3.94214943,50.94522325],[3.94223239,50.94515547],[3.94239896,50.94523547]]]}},{"type":"Feature","id":"gebouw/Gebouw.13319223/0","properties":{"source":"Digitaal Vlaanderen Gebouwenregister","source_id":"gebouw/Gebouw.13319223/0","kind":"building","building":"official","height_m":7.35,"status":null},"geometry":{"type":"Polygon","coordinates":[[[3.95111111,50.94639749],[3.951166,50.94638361],[3.95123876,50.94649424],[3.95118094,50.94650624],[3.95111111,50.94639749]]]}},{"type":"Feature","id":"gebouw/Gebouw.13319254/0","properties":{"source":"Digitaal Vlaanderen Gebouwenregister","source_id":"gebouw/Gebouw.13319254/0","kind":"building","building":"official","height_m":8.1,"status":null},"geometry":{"type":"Polygon","coordinates":[[[3.94277156,50.94544968],[3.94287794,50.94550891],[3.9427328,50.94561336],[3.94262197,50.94555211],[3.94277156,50.94544968]]]}},{"type":"Feature","id":"gebouw/Gebouw.13319300/0","properties":{"source":"Digitaal Vlaanderen Gebouwenregister","source_id":"gebouw/Gebouw.13319300/0","kind":"building","building":"official","height_m":6.6,"status":null},"geometry":{"type":"Polygon","coordinates":[[[3.94649398,50.94348478],[3.94645208,50.94346154],[3.94648333,50.94343744],[3.94652499,50.94346082],[3.94649398,50.94348478]]]}},{"type":"Feature","id":"gebouw/Gebouw.13319403/0","properties":{"source":"Digitaal Vlaanderen Gebouwenregister","source_id":"gebouw/Gebouw.13319403/0","kind":"building","building":"official","height_m":7.35,"status":null},"geometry":{"type":"Polygon","coordinates":[[[3.94397058,50.94464114],[3.94397384,50.94464723],[3.94406967,50.9446327],[3.94405457,50.94459447],[3.94404785,50.94459543],[3.9440382,50.94457722],[3.94395207,50.94459251],[3.9438814,50.94452225],[3.94378291,50.94456525],[3.94381833,50.94459781],[3.94379942,50.94460584],[3.94385319,50.94465312],[3.9438725,50.94464444],[3.94388316,50.94465517],[3.94397058,50.94464114]]]}},{"type":"Feature","id":"gebouw/Gebouw.13321109/0","properties":{"source":"Digitaal Vlaanderen Gebouwenregister","source_id":"gebouw/Gebouw.13321109/0","kind":"building","building":"official","height_m":8.85,"status":null},"geometry":{"type":"Polygon","coordinates":[[[3.95096746,50.94658054],[3.95101497,50.94665754],[3.95092596,50.94668179],[3.95089735,50.94663471],[3.95090667,50.94663198],[3.95088567,50.94660434],[3.95096746,50.94658054]]]}},{"type":"Feature","id":"gebouw/Gebouw.13321327/0","properties":{"source":"Digitaal Vlaanderen Gebouwenregister","source_id":"gebouw/Gebouw.13321327/0","kind":"building","building":"official","height_m":5.85,"status":null},"geometry":{"type":"Polygon","coordinates":[[[3.9492128,50.94360581],[3.94917596,50.94359059],[3.94921434,50.94355646],[3.94922141,50.94356013],[3.94928267,50.9435115],[3.94930461,50.94349408],[3.94933118,50.94350696],[3.94930151,50.94353173],[3.9492128,50.94360581]]]}},{"type":"Feature","id":"gebouw/Gebouw.13321430/0","properties":{"source":"Digitaal Vlaanderen Gebouwenregister","source_id":"gebouw/Gebouw.13321430/0","kind":"building","building":"official","height_m":6.6,"status":null},"geometry":{"type":"Polygon","coordinates":[[[3.94458579,50.9475418],[3.94451677,50.9476018],[3.94433045,50.94751782],[3.9444659,50.94739986],[3.94462744,50.94747535],[3.94458471,50.94751236],[3.94456287,50.94753128],[3.94458579,50.9475418]]]}},{"type":"Feature","id":"gebouw/Gebouw.13324075/0","properties":{"source":"Digitaal Vlaanderen Gebouwenregister","source_id":"gebouw/Gebouw.13324075/0","kind":"building","building":"official","height_m":5.85,"status":null},"geometry":{"type":"Polygon","coordinates":[[[3.94685064,50.94555224],[3.94691118,50.94549307],[3.94695837,50.94551234],[3.94693342,50.94553673],[3.94696508,50.94554965],[3.94694884,50.94556552],[3.94698103,50.94557867],[3.94695622,50.94560292],[3.94689074,50.94557618],[3.94689557,50.94557146],[3.94685064,50.94555224]]]}},{"type":"Feature","id":"gebouw/Gebouw.13324076/0","properties":{"source":"Digitaal Vlaanderen Gebouwenregister","source_id":"gebouw/Gebouw.13324076/0","kind":"building","building":"official","height_m":6.6,"status":null},"geometry":{"type":"Polygon","coordinates":[[[3.94639087,50.9424546],[3.94626008,50.94256781],[3.94615874,50.94252107],[3.94629288,50.9424076],[3.94635089,50.94243542],[3.94639087,50.9424546]]]}},{"type":"Feature","id":"gebouw/Gebouw.13325908/0","properties":{"source":"Digitaal Vlaanderen Gebouwenregister","source_id":"gebouw/Gebouw.13325908/0","kind":"building","building":"official","height_m":8.1,"status":null},"geometry":{"type":"Polygon","coordinates":[[[3.94496827,50.94276803],[3.94489371,50.9427301],[3.9449627,50.94267459],[3.9450371,50.9427135],[3.94496827,50.94276803]]]}},{"type":"Feature","id":"gebouw/Gebouw.13326081/0","properties":{"source":"Digitaal Vlaanderen Gebouwenregister","source_id":"gebouw/Gebouw.13326081/0","kind":"building","building":"official","height_m":7.35,"status":null},"geometry":{"type":"Polygon","coordinates":[[[3.94353513,50.94784647],[3.94366658,50.94790722],[3.94368705,50.9478889],[3.94361686,50.94785893],[3.94362305,50.94785314],[3.94358925,50.94783871],[3.94358332,50.94784424],[3.94357376,50.94784016],[3.9435805,50.94783386],[3.94355862,50.94782452],[3.94353513,50.94784647]]]}},{"type":"Feature","id":"gebouw/Gebouw.13326127/0","properties":{"source":"Digitaal Vlaanderen Gebouwenregister","source_id":"gebouw/Gebouw.13326127/0","kind":"building","building":"official","height_m":5.85,"status":null},"geometry":{"type":"Polygon","coordinates":[[[3.94585008,50.94453201],[3.94600965,50.94462114],[3.94595063,50.94466304],[3.94600405,50.94469315],[3.94592948,50.94474803],[3.94585038,50.94470475],[3.94590802,50.94466176],[3.94577266,50.94458759],[3.94585008,50.94453201]]]}},{"type":"Feature","id":"gebouw/Gebouw.13326340/0","properties":{"source":"Digitaal Vlaanderen Gebouwenregister","source_id":"gebouw/Gebouw.13326340/0","kind":"building","building":"official","height_m":8.1,"status":null},"geometry":{"type":"Polygon","coordinates":[[[3.94368457,50.947802],[3.94364082,50.9477607],[3.94369871,50.94773782],[3.94374034,50.94777759],[3.94368457,50.947802]]]}},{"type":"Feature","id":"gebouw/Gebouw.13326583/0","properties":{"source":"Digitaal Vlaanderen Gebouwenregister","source_id":"gebouw/Gebouw.13326583/0","kind":"building","building":"official","height_m":5.85,"status":null},"geometry":{"type":"Polygon","coordinates":[[[3.94710461,50.94312923],[3.94708195,50.9431197],[3.94701945,50.943102],[3.94706478,50.94305499],[3.94714554,50.94308729],[3.94710461,50.94312923]]]}},{"type":"Feature","id":"gebouw/Gebouw.13329202/0","properties":{"source":"Digitaal Vlaanderen Gebouwenregister","source_id":"gebouw/Gebouw.13329202/0","kind":"building","building":"official","height_m":8.1,"status":null},"geometry":{"type":"Polygon","coordinates":[[[3.9500623,50.94691906],[3.95000816,50.94692897],[3.94998068,50.94686854],[3.94982324,50.94689999],[3.94979102,50.9468368],[3.95000111,50.94679427],[3.95006073,50.94691586],[3.9500623,50.94691906]]]}},{"type":"Feature","id":"gebouw/Gebouw.13329429/0","properties":{"source":"Digitaal Vlaanderen Gebouwenregister","source_id":"gebouw/Gebouw.13329429/0","kind":"building","building":"official","height_m":7.35,"status":null},"geometry":{"type":"Polygon","coordinates":[[[3.94577487,50.94723923],[3.94574083,50.94726955],[3.94561851,50.94721702],[3.94565682,50.94718708],[3.94577487,50.94723923]]]}},{"type":"Feature","id":"gebouw/Gebouw.13329611/0","properties":{"source":"Digitaal Vlaanderen Gebouwenregister","source_id":"gebouw/Gebouw.13329611/0","kind":"building","building":"official","height_m":8.85,"status":null},"geometry":{"type":"Polygon","coordinates":[[[3.94723259,50.94525333],[3.94721081,50.94527189],[3.94715783,50.94524649],[3.94720452,50.94520849],[3.94725652,50.94523295],[3.94723259,50.94525333]]]}},{"type":"Feature","id":"gebouw/Gebouw.13331825/0","properties":{"source":"Digitaal Vlaanderen Gebouwenregister","source_id":"gebouw/Gebouw.13331825/0","kind":"building","building":"official","height_m":8.85,"status":null},"geometry":{"type":"Polygon","coordinates":[[[3.94511796,50.9458608],[3.94499955,50.9458068],[3.94501075,50.94579591],[3.94496428,50.94577474],[3.9450056,50.94573717],[3.94505209,50.94575714],[3.94515229,50.94566789],[3.9452716,50.94572401],[3.94511796,50.9458608]]]}},{"type":"Feature","id":"gebouw/Gebouw.13341801/0","properties":{"source":"Digitaal Vlaanderen Gebouwenregister","source_id":"gebouw/Gebouw.13341801/0","kind":"building","building":"official","height_m":7.35,"status":null},"geometry":{"type":"Polygon","coordinates":[[[3.94617919,50.94583513],[3.94615396,50.94585724],[3.9460981,50.94582952],[3.9461231,50.94580913],[3.94617919,50.94583513]]]}},{"type":"Feature","id":"gebouw/Gebouw.13342021/0","properties":{"source":"Digitaal Vlaanderen Gebouwenregister","source_id":"gebouw/Gebouw.13342021/0","kind":"building","building":"official","height_m":5.85,"status":null},"geometry":{"type":"Polygon","coordinates":[[[3.94603935,50.9465715],[3.94601211,50.9465623],[3.94604282,50.94652357],[3.9460712,50.94653254],[3.94603935,50.9465715]]]}},{"type":"Feature","id":"gebouw/Gebouw.13342085/0","properties":{"source":"Digitaal Vlaanderen Gebouwenregister","source_id":"gebouw/Gebouw.13342085/0","kind":"building","building":"official","height_m":8.85,"status":null},"geometry":{"type":"Polygon","coordinates":[[[3.94624854,50.94859097],[3.94618198,50.94856077],[3.94598397,50.94847091],[3.9460292,50.94843009],[3.94612602,50.94847309],[3.94610968,50.94848666],[3.94621372,50.94853328],[3.94631,50.94844986],[3.94637327,50.94847793],[3.94624854,50.94859097]]]}},{"type":"Feature","id":"gebouw/Gebouw.13342548/0","properties":{"source":"Digitaal Vlaanderen Gebouwenregister","source_id":"gebouw/Gebouw.13342548/0","kind":"building","building":"official","height_m":5.1,"status":null},"geometry":{"type":"Polygon","coordinates":[[[3.94544376,50.94439197],[3.9454223,50.94441014],[3.94537563,50.94438751],[3.94539596,50.94436963],[3.94544376,50.94439197]]]}},{"type":"Feature","id":"gebouw/Gebouw.13347884/0","properties":{"source":"Digitaal Vlaanderen Gebouwenregister","source_id":"gebouw/Gebouw.13347884/0","kind":"building","building":"official","height_m":6.6,"status":null},"geometry":{"type":"Polygon","coordinates":[[[3.94796594,50.94302086],[3.94763858,50.94317266],[3.94757562,50.94312065],[3.94761277,50.94310456],[3.94751135,50.94302586],[3.94752339,50.9430198],[3.94746997,50.94297885],[3.94754492,50.94293902],[3.94770818,50.94305571],[3.94785829,50.94298811],[3.94777261,50.94291917],[3.94783621,50.94288616],[3.94787948,50.94292296],[3.94786455,50.94293035],[3.94796594,50.94302086]]]}},{"type":"Feature","id":"gebouw/Gebouw.13350433/0","properties":{"source":"Digitaal Vlaanderen Gebouwenregister","source_id":"gebouw/Gebouw.13350433/0","kind":"building","building":"official","height_m":5.85,"status":null},"geometry":{"type":"Polygon","coordinates":[[[3.94933875,50.94604015],[3.94934474,50.94605591],[3.94923521,50.94607558],[3.9492288,50.94606107],[3.94933875,50.94604015]]]}},{"type":"Feature","id":"gebouw/Gebouw.13350570/0","properties":{"source":"Digitaal Vlaanderen Gebouwenregister","source_id":"gebouw/Gebouw.13350570/0","kind":"building","building":"official","height_m":5.1,"status":null},"geometry":{"type":"Polygon","coordinates":[[[3.94633497,50.945036],[3.94632106,50.94504526],[3.94626894,50.94507991],[3.94627202,50.94508176],[3.94623516,50.94510639],[3.94613101,50.94504333],[3.94623574,50.9449763],[3.94633497,50.945036]]]}},{"type":"Feature","id":"gebouw/Gebouw.13351077/0","properties":{"source":"Digitaal Vlaanderen Gebouwenregister","source_id":"gebouw/Gebouw.13351077/0","kind":"building","building":"official","height_m":7.35,"status":null},"geometry":{"type":"Polygon","coordinates":[[[3.94317272,50.94901707],[3.9429367,50.94891442],[3.94300604,50.94885204],[3.94298496,50.94884101],[3.94324637,50.94862389],[3.9432581,50.94862801],[3.94328863,50.94859981],[3.94330594,50.94859639],[3.94331396,50.94859481],[3.94329492,50.9485561],[3.94341877,50.94853173],[3.9434346,50.94856448],[3.94345946,50.94855968],[3.94347763,50.94859687],[3.94353472,50.94862499],[3.94356103,50.94860298],[3.94362915,50.94863436],[3.9435547,50.94869679],[3.94317272,50.94901707]],[[3.94308777,50.94888444],[3.94312012,50.94889874],[3.94325012,50.94879001],[3.94323572,50.94878305],[3.94324328,50.94877599],[3.9432268,50.94876793],[3.94308777,50.94888444]],[[3.94325433,50.94874534],[3.94328487,50.94876201],[3.94337487,50.94868975],[3.94334092,50.94867421],[3.94325433,50.94874534]]]}},{"type":"Feature","id":"gebouw/Gebouw.13351251/0","properties":{"source":"Digitaal Vlaanderen Gebouwenregister","source_id":"gebouw/Gebouw.13351251/0","kind":"building","building":"official","height_m":7.35,"status":null},"geometry":{"type":"Polygon","coordinates":[[[3.94409139,50.9444887],[3.94403796,50.94452264],[3.9439219,50.94445396],[3.94391069,50.94445366],[3.9437424,50.94453039],[3.94370153,50.94449685],[3.94391427,50.94438877],[3.94396738,50.9444164],[3.94409139,50.9444887]]]}},{"type":"Feature","id":"gebouw/Gebouw.13351265/0","properties":{"source":"Digitaal Vlaanderen Gebouwenregister","source_id":"gebouw/Gebouw.13351265/0","kind":"building","building":"official","height_m":8.85,"status":null},"geometry":{"type":"Polygon","coordinates":[[[3.94459399,50.94428398],[3.94453237,50.94433225],[3.94458122,50.94435577],[3.94463828,50.9443063],[3.94459399,50.94428398]]]}},{"type":"Feature","id":"gebouw/Gebouw.13354884/0","properties":{"source":"Digitaal Vlaanderen Gebouwenregister","source_id":"gebouw/Gebouw.13354884/0","kind":"building","building":"official","height_m":5.1,"status":null},"geometry":{"type":"Polygon","coordinates":[[[3.94944086,50.94380135],[3.9494218,50.94379255],[3.94949102,50.94373408],[3.94950634,50.94374174],[3.94955029,50.94370359],[3.94957102,50.943714],[3.9495754,50.94370983],[3.94961504,50.94372748],[3.94956202,50.94377399],[3.949592,50.94378758],[3.94957987,50.94379826],[3.94958135,50.94379963],[3.94958249,50.94380113],[3.94958326,50.94380271],[3.94958365,50.94380435],[3.94958368,50.94380582],[3.94958338,50.94380726],[3.9495828,50.94380868],[3.94958192,50.94381004],[3.94956992,50.94382042],[3.94956544,50.94381851],[3.94953501,50.94384485],[3.94944086,50.94380135]]]}},{"type":"Feature","id":"gebouw/Gebouw.13354897/0","properties":{"source":"Digitaal Vlaanderen Gebouwenregister","source_id":"gebouw/Gebouw.13354897/0","kind":"building","building":"official","height_m":5.85,"status":null},"geometry":{"type":"Polygon","coordinates":[[[3.94586902,50.9485102],[3.94582243,50.94849429],[3.94585059,50.94845947],[3.94589814,50.94847494],[3.94586902,50.9485102]]]}},{"type":"Feature","id":"gebouw/Gebouw.13355525/0","properties":{"source":"Digitaal Vlaanderen Gebouwenregister","source_id":"gebouw/Gebouw.13355525/0","kind":"building","building":"official","height_m":8.85,"status":null},"geometry":{"type":"Polygon","coordinates":[[[3.94675468,50.94332707],[3.94667151,50.94338354],[3.94661188,50.94334885],[3.9465853,50.94336637],[3.94649359,50.94331125],[3.94652089,50.94329403],[3.94651548,50.94329052],[3.94659866,50.9432342],[3.94675468,50.94332707]]]}},{"type":"Feature","id":"gebouw/Gebouw.13360958/0","properties":{"source":"Digitaal Vlaanderen Gebouwenregister","source_id":"gebouw/Gebouw.13360958/0","kind":"building","building":"official","height_m":6.6,"status":null},"geometry":{"type":"Polygon","coordinates":[[[3.94679554,50.94464081],[3.94676388,50.94466475],[3.94677261,50.94466936],[3.94673923,50.94469459],[3.94673562,50.94469269],[3.94672793,50.94468864],[3.94663981,50.94464223],[3.9465726,50.94460683],[3.94663682,50.94455666],[3.94679554,50.94464081]]]}},{"type":"Feature","id":"gebouw/Gebouw.13363243/0","properties":{"source":"Digitaal Vlaanderen Gebouwenregister","source_id":"gebouw/Gebouw.13363243/0","kind":"building","building":"official","height_m":5.85,"status":null},"geometry":{"type":"Polygon","coordinates":[[[3.94184917,50.94557824],[3.94179986,50.94555315],[3.94183183,50.94552736],[3.94188235,50.9455517],[3.94184917,50.94557824]]]}},{"type":"Feature","id":"gebouw/Gebouw.13365273/0","properties":{"source":"Digitaal Vlaanderen Gebouwenregister","source_id":"gebouw/Gebouw.13365273/0","kind":"building","building":"official","height_m":7.35,"status":null},"geometry":{"type":"Polygon","coordinates":[[[3.94531976,50.94742802],[3.94535527,50.94746717],[3.94532331,50.94747761],[3.94535635,50.9475168],[3.94532133,50.94752866],[3.94533521,50.94754669],[3.94525906,50.94757494],[3.94517121,50.94747749],[3.94531976,50.94742802]]]}},{"type":"Feature","id":"gebouw/Gebouw.13365868/0","properties":{"source":"Digitaal Vlaanderen Gebouwenregister","source_id":"gebouw/Gebouw.13365868/0","kind":"building","building":"official","height_m":8.1,"status":null},"geometry":{"type":"Polygon","coordinates":[[[3.94674948,50.94504291],[3.94670058,50.94507845],[3.94675787,50.94510604],[3.946754,50.94510902],[3.94680327,50.94513217],[3.94677628,50.94515199],[3.94677229,50.94515493],[3.9465134,50.94502652],[3.94660259,50.94496172],[3.94674948,50.94504291]]]}},{"type":"Feature","id":"gebouw/Gebouw.13372530/0","properties":{"source":"Digitaal Vlaanderen Gebouwenregister","source_id":"gebouw/Gebouw.13372530/0","kind":"building","building":"official","height_m":5.1,"status":null},"geometry":{"type":"Polygon","coordinates":[[[3.95043509,50.94252274],[3.95039937,50.94255028],[3.95046124,50.94258361],[3.95051376,50.9426119],[3.95042485,50.94267788],[3.95037258,50.9426504],[3.95003283,50.94247178],[3.95006277,50.94244883],[3.9501113,50.94241164],[3.95015562,50.94237766],[3.95043509,50.94252274]]]}},{"type":"Feature","id":"gebouw/Gebouw.13372731/0","properties":{"source":"Digitaal Vlaanderen Gebouwenregister","source_id":"gebouw/Gebouw.13372731/0","kind":"building","building":"official","height_m":7.35,"status":null},"geometry":{"type":"Polygon","coordinates":[[[3.94656544,50.94481427],[3.94643363,50.94490469],[3.94642006,50.94489679],[3.94635497,50.94494142],[3.94636839,50.94494934],[3.94636587,50.94495113],[3.94627795,50.94490072],[3.94627152,50.94489703],[3.94634852,50.94484263],[3.94633347,50.94483347],[3.94637866,50.94480391],[3.94642947,50.9448337],[3.94644762,50.94482077],[3.94644385,50.94481863],[3.94650358,50.94477791],[3.94656544,50.94481427]]]}},{"type":"Feature","id":"gebouw/Gebouw.13373311/0","properties":{"source":"Digitaal Vlaanderen Gebouwenregister","source_id":"gebouw/Gebouw.13373311/0","kind":"building","building":"official","height_m":5.85,"status":null},"geometry":{"type":"Polygon","coordinates":[[[3.94808805,50.94282252],[3.9480407,50.94284083],[3.9479653,50.94276517],[3.94797132,50.94276273],[3.94793709,50.94272807],[3.94797841,50.94271114],[3.94798501,50.94270844],[3.94808805,50.94282252]]]}},{"type":"Feature","id":"gebouw/Gebouw.13381538/0","properties":{"source":"Digitaal Vlaanderen Gebouwenregister","source_id":"gebouw/Gebouw.13381538/0","kind":"building","building":"official","height_m":6.6,"status":null},"geometry":{"type":"Polygon","coordinates":[[[3.94620352,50.94525633],[3.94627184,50.94521188],[3.94635894,50.94526526],[3.94638807,50.94524629],[3.94643003,50.94526652],[3.94650392,50.94529757],[3.94642567,50.94537052],[3.94629491,50.94531461],[3.94620352,50.94525633]]]}},{"type":"Feature","id":"gebouw/Gebouw.13381583/0","properties":{"source":"Digitaal Vlaanderen Gebouwenregister","source_id":"gebouw/Gebouw.13381583/0","kind":"building","building":"official","height_m":8.85,"status":null},"geometry":{"type":"Polygon","coordinates":[[[3.94882796,50.94440337],[3.94881926,50.94441038],[3.94883229,50.94441683],[3.94878573,50.94445466],[3.94873788,50.94443152],[3.9487243,50.94442495],[3.94877028,50.94438612],[3.94878375,50.94439279],[3.94879245,50.94438578],[3.94882796,50.94440337]]]}},{"type":"Feature","id":"gebouw/Gebouw.13381757/0","properties":{"source":"Digitaal Vlaanderen Gebouwenregister","source_id":"gebouw/Gebouw.13381757/0","kind":"building","building":"official","height_m":8.85,"status":null},"geometry":{"type":"Polygon","coordinates":[[[3.94896603,50.94768058],[3.94884836,50.94770153],[3.94885402,50.94771543],[3.94880554,50.94772512],[3.94878897,50.94768985],[3.94882207,50.94768355],[3.9488136,50.94765668],[3.94894465,50.94763374],[3.94896603,50.94768058]]]}},{"type":"Feature","id":"gebouw/Gebouw.13382039/0","properties":{"source":"Digitaal Vlaanderen Gebouwenregister","source_id":"gebouw/Gebouw.13382039/0","kind":"building","building":"official","height_m":8.85,"status":null},"geometry":{"type":"Polygon","coordinates":[[[3.9461226,50.94773808],[3.94601635,50.94775804],[3.94601409,50.94775391],[3.94587144,50.94778074],[3.94582301,50.9476855],[3.94588231,50.9476648],[3.94589445,50.94768688],[3.94602718,50.94766411],[3.94603827,50.94768782],[3.94609306,50.94767701],[3.9461226,50.94773808]]]}},{"type":"Feature","id":"gebouw/Gebouw.13384742/0","properties":{"source":"Digitaal Vlaanderen Gebouwenregister","source_id":"gebouw/Gebouw.13384742/0","kind":"building","building":"official","height_m":6.6,"status":null},"geometry":{"type":"Polygon","coordinates":[[[3.94804826,50.9472245],[3.94800422,50.9472749],[3.94788371,50.94723288],[3.94796268,50.94714026],[3.94800783,50.94715615],[3.94809525,50.94705819],[3.94808651,50.9470551],[3.94810506,50.94703464],[3.94811973,50.94703928],[3.94813433,50.94702481],[3.94816473,50.94703544],[3.94820206,50.94704848],[3.94804826,50.9472245]]]}},{"type":"Feature","id":"gebouw/Gebouw.13385173/0","properties":{"source":"Digitaal Vlaanderen Gebouwenregister","source_id":"gebouw/Gebouw.13385173/0","kind":"building","building":"official","height_m":5.85,"status":null},"geometry":{"type":"Polygon","coordinates":[[[3.94539144,50.94436752],[3.94536829,50.94438595],[3.9453287,50.94436619],[3.94535016,50.94434823],[3.94539144,50.94436752]]]}},{"type":"Feature","id":"gebouw/Gebouw.13385567/0","properties":{"source":"Digitaal Vlaanderen Gebouwenregister","source_id":"gebouw/Gebouw.13385567/0","kind":"building","building":"official","height_m":8.85,"status":null},"geometry":{"type":"Polygon","coordinates":[[[3.94844216,50.94534575],[3.94839023,50.9453873],[3.94842453,50.94540441],[3.94836971,50.94544827],[3.94830245,50.94541472],[3.94832954,50.94539304],[3.94826748,50.94536208],[3.94825669,50.94537071],[3.94818048,50.94533269],[3.94823115,50.94529215],[3.94829007,50.94532154],[3.94832967,50.94528986],[3.94844216,50.94534575]]]}},{"type":"Feature","id":"gebouw/Gebouw.13387378/0","properties":{"source":"Digitaal Vlaanderen Gebouwenregister","source_id":"gebouw/Gebouw.13387378/0","kind":"building","building":"official","height_m":8.1,"status":null},"geometry":{"type":"Polygon","coordinates":[[[3.94809687,50.94587316],[3.94785948,50.94576788],[3.94794219,50.94569298],[3.94794713,50.94569529],[3.94797668,50.94566801],[3.94800597,50.94568181],[3.94801019,50.94567813],[3.94808866,50.94571386],[3.94805131,50.94574955],[3.94817424,50.94580359],[3.94809687,50.94587316]]]}},{"type":"Feature","id":"gebouw/Gebouw.13387399/0","properties":{"source":"Digitaal Vlaanderen Gebouwenregister","source_id":"gebouw/Gebouw.13387399/0","kind":"building","building":"official","height_m":5.85,"status":null},"geometry":{"type":"Polygon","coordinates":[[[3.94197571,50.94448649],[3.94202259,50.94449092],[3.942029,50.94446386],[3.94198212,50.94445943],[3.94197571,50.94448649]]]}},{"type":"Feature","id":"gebouw/Gebouw.13387904/0","properties":{"source":"Digitaal Vlaanderen Gebouwenregister","source_id":"gebouw/Gebouw.13387904/0","kind":"building","building":"official","height_m":6.6,"status":null},"geometry":{"type":"Polygon","coordinates":[[[3.94650753,50.94554181],[3.94657364,50.94548234],[3.94675427,50.94556249],[3.94668816,50.94562196],[3.94650753,50.94554181]]]}},{"type":"Feature","id":"gebouw/Gebouw.13389504/0","properties":{"source":"Digitaal Vlaanderen Gebouwenregister","source_id":"gebouw/Gebouw.13389504/0","kind":"building","building":"official","height_m":5.1,"status":null},"geometry":{"type":"Polygon","coordinates":[[[3.94672815,50.94272094],[3.94659265,50.94280263],[3.94651909,50.94275348],[3.94667981,50.94265811],[3.94669185,50.94265571],[3.94670658,50.94265734],[3.94676362,50.94269533],[3.94675615,50.94270406],[3.94672815,50.94272094]]]}},{"type":"Feature","id":"gebouw/Gebouw.13389890/0","properties":{"source":"Digitaal Vlaanderen Gebouwenregister","source_id":"gebouw/Gebouw.13389890/0","kind":"building","building":"official","height_m":6.6,"status":null},"geometry":{"type":"Polygon","coordinates":[[[3.94899681,50.94556822],[3.9490179,50.94554451],[3.94907992,50.94556654],[3.94909949,50.94554433],[3.94913138,50.94555554],[3.94911472,50.94557677],[3.94910431,50.94557307],[3.94908262,50.94559861],[3.94899681,50.94556822]]]}},{"type":"Feature","id":"gebouw/Gebouw.13390148/0","properties":{"source":"Digitaal Vlaanderen Gebouwenregister","source_id":"gebouw/Gebouw.13390148/0","kind":"building","building":"official","height_m":6.6,"status":null},"geometry":{"type":"Polygon","coordinates":[[[3.94311712,50.94466261],[3.9431692,50.94464785],[3.94317166,50.94465103],[3.94317525,50.94465005],[3.94312551,50.94457465],[3.94302153,50.94460326],[3.9430106,50.94458744],[3.94296618,50.94460014],[3.94303307,50.94469053],[3.94311944,50.94466585],[3.94311712,50.94466261]]]}},{"type":"Feature","id":"gebouw/Gebouw.13397310/0","properties":{"source":"Digitaal Vlaanderen Gebouwenregister","source_id":"gebouw/Gebouw.13397310/0","kind":"building","building":"official","height_m":5.1,"status":null},"geometry":{"type":"Polygon","coordinates":[[[3.94598033,50.94574296],[3.94595438,50.94576571],[3.94587302,50.94572783],[3.94589847,50.945705],[3.94592968,50.94571947],[3.94593583,50.94572232],[3.94598033,50.94574296]]]}},{"type":"Feature","id":"gebouw/Gebouw.13397334/0","properties":{"source":"Digitaal Vlaanderen Gebouwenregister","source_id":"gebouw/Gebouw.13397334/0","kind":"building","building":"official","height_m":5.1,"status":null},"geometry":{"type":"Polygon","coordinates":[[[3.94922775,50.94606127],[3.9492288,50.94606107],[3.94932258,50.94604323],[3.94933875,50.94604015],[3.94932131,50.9460031],[3.94919692,50.9460267],[3.94921262,50.94606414],[3.94922775,50.94606127]]]}},{"type":"Feature","id":"gebouw/Gebouw.13397400/0","properties":{"source":"Digitaal Vlaanderen Gebouwenregister","source_id":"gebouw/Gebouw.13397400/0","kind":"building","building":"official","height_m":5.1,"status":null},"geometry":{"type":"Polygon","coordinates":[[[3.95002301,50.94579208],[3.95005335,50.9458579],[3.95009712,50.94584985],[3.95011454,50.94589274],[3.94986238,50.94594202],[3.94986123,50.94593969],[3.94986548,50.94593887],[3.94984802,50.94590226],[3.94984394,50.94590306],[3.94984281,50.94590075],[3.94985889,50.94589756],[3.94984903,50.94587605],[3.94983665,50.94587836],[3.94983558,50.94587608],[3.94983967,50.94587531],[3.94981871,50.9458311],[3.94981466,50.94583189],[3.94981352,50.94582955],[3.94993267,50.94580824],[3.95002301,50.94579208]]]}},{"type":"Feature","id":"gebouw/Gebouw.13397439/0","properties":{"source":"Digitaal Vlaanderen Gebouwenregister","source_id":"gebouw/Gebouw.13397439/0","kind":"building","building":"official","height_m":7.35,"status":null},"geometry":{"type":"Polygon","coordinates":[[[3.94820252,50.94470276],[3.94768132,50.94444375],[3.94799252,50.94419889],[3.94859133,50.94449771],[3.94854938,50.94453165],[3.9485904,50.94455127],[3.94859509,50.94456576],[3.94833789,50.94477046],[3.94820252,50.94470276]]]}},{"type":"Feature","id":"gebouw/Gebouw.13398087/0","properties":{"source":"Digitaal Vlaanderen Gebouwenregister","source_id":"gebouw/Gebouw.13398087/0","kind":"building","building":"official","height_m":7.35,"status":null},"geometry":{"type":"Polygon","coordinates":[[[3.94553983,50.94526571],[3.94550607,50.94528934],[3.945465,50.94526554],[3.94547656,50.94525758],[3.94542497,50.94522782],[3.94559105,50.94510813],[3.94564088,50.94513731],[3.94556084,50.94519214],[3.94560756,50.9452183],[3.94560523,50.94521993],[3.94565176,50.94524474],[3.94562032,50.94526747],[3.94557492,50.94524115],[3.94553983,50.94526571]]]}},{"type":"Feature","id":"gebouw/Gebouw.13401423/0","properties":{"source":"Digitaal Vlaanderen Gebouwenregister","source_id":"gebouw/Gebouw.13401423/0","kind":"building","building":"official","height_m":7.35,"status":null},"geometry":{"type":"Polygon","coordinates":[[[3.94718248,50.94288619],[3.94722726,50.94291336],[3.94717965,50.94294291],[3.94714337,50.94291687],[3.94718248,50.94288619]]]}},{"type":"Feature","id":"gebouw/Gebouw.13403402/0","properties":{"source":"Digitaal Vlaanderen Gebouwenregister","source_id":"gebouw/Gebouw.13403402/0","kind":"building","building":"official","height_m":6.6,"status":null},"geometry":{"type":"Polygon","coordinates":[[[3.94681491,50.94517043],[3.94677628,50.94515199],[3.94672808,50.94512898],[3.9465134,50.94502651],[3.9464325,50.94508561],[3.9465707,50.94516056],[3.94658982,50.94514658],[3.94667458,50.94519261],[3.94663916,50.94522196],[3.94670408,50.94525547],[3.94670195,50.94525712],[3.94674811,50.94528096],[3.94680057,50.9452426],[3.94675245,50.94521587],[3.94681491,50.94517043]]]}},{"type":"Feature","id":"gebouw/Gebouw.13403666/0","properties":{"source":"Digitaal Vlaanderen Gebouwenregister","source_id":"gebouw/Gebouw.13403666/0","kind":"building","building":"official","height_m":6.6,"status":null},"geometry":{"type":"Polygon","coordinates":[[[3.94940347,50.94679918],[3.94939669,50.94680677],[3.94932082,50.94677903],[3.94936109,50.94673468],[3.94945383,50.94674286],[3.94944284,50.94675515],[3.94941108,50.94679067],[3.94940347,50.94679918]]]}},{"type":"Feature","id":"gebouw/Gebouw.13404052/0","properties":{"source":"Digitaal Vlaanderen Gebouwenregister","source_id":"gebouw/Gebouw.13404052/0","kind":"building","building":"official","height_m":8.1,"status":null},"geometry":{"type":"Polygon","coordinates":[[[3.94545378,50.94505056],[3.9453944,50.94509253],[3.94535205,50.94506815],[3.94528696,50.94507281],[3.94526543,50.94496383],[3.94538169,50.94495456],[3.94539646,50.94503114],[3.94538739,50.94503197],[3.94539083,50.945049],[3.94546871,50.9449952],[3.94547412,50.94499811],[3.94551864,50.94496659],[3.94554845,50.94498365],[3.94545378,50.94505056]]]}},{"type":"Feature","id":"gebouw/Gebouw.13406163/0","properties":{"source":"Digitaal Vlaanderen Gebouwenregister","source_id":"gebouw/Gebouw.13406163/0","kind":"building","building":"official","height_m":7.35,"status":null},"geometry":{"type":"Polygon","coordinates":[[[3.94927135,50.94305897],[3.94926628,50.94306179],[3.94929158,50.94308187],[3.94928772,50.9430841],[3.94934177,50.94312896],[3.94930641,50.94314476],[3.94925524,50.94309871],[3.9491655,50.94314064],[3.94898803,50.94298623],[3.94906803,50.94294871],[3.94914508,50.94301239],[3.94915334,50.94300843],[3.94917817,50.94302791],[3.94921426,50.94301107],[3.94927135,50.94305897]]]}},{"type":"Feature","id":"gebouw/Gebouw.13408026/0","properties":{"source":"Digitaal Vlaanderen Gebouwenregister","source_id":"gebouw/Gebouw.13408026/0","kind":"building","building":"official","height_m":5.1,"status":null},"geometry":{"type":"Polygon","coordinates":[[[3.95148378,50.94526397],[3.95146713,50.94523685],[3.95152511,50.94522083],[3.9515408,50.94524885],[3.95148378,50.94526397]]]}},{"type":"Feature","id":"gebouw/Gebouw.13408063/0","properties":{"source":"Digitaal Vlaanderen Gebouwenregister","source_id":"gebouw/Gebouw.13408063/0","kind":"building","building":"official","height_m":5.85,"status":null},"geometry":{"type":"Polygon","coordinates":[[[3.94622599,50.94442348],[3.94620922,50.94443722],[3.94614686,50.94440539],[3.94612494,50.94442244],[3.94607948,50.94439902],[3.94600267,50.94445798],[3.94595691,50.94443344],[3.94588965,50.94439736],[3.94600752,50.94430917],[3.94600608,50.94430807],[3.94600697,50.94430726],[3.94616512,50.94439119],[3.94622599,50.94442348]]]}},{"type":"Feature","id":"gebouw/Gebouw.13408108/0","properties":{"source":"Digitaal Vlaanderen Gebouwenregister","source_id":"gebouw/Gebouw.13408108/0","kind":"building","building":"official","height_m":8.1,"status":null},"geometry":{"type":"Polygon","coordinates":[[[3.94964454,50.94470001],[3.94976688,50.94472886],[3.94976178,50.94473723],[3.94983358,50.94475471],[3.94977386,50.94485005],[3.94970042,50.94483151],[3.9496728,50.94487446],[3.94969625,50.94488068],[3.94965392,50.94494307],[3.94965033,50.94494208],[3.94965493,50.94493544],[3.94957145,50.94491391],[3.94960692,50.94485926],[3.94962394,50.94483304],[3.94961329,50.94483026],[3.94958502,50.94482289],[3.94956759,50.94481835],[3.94964454,50.94470001]]]}},{"type":"Feature","id":"gebouw/Gebouw.13410847/0","properties":{"source":"Digitaal Vlaanderen Gebouwenregister","source_id":"gebouw/Gebouw.13410847/0","kind":"building","building":"official","height_m":5.85,"status":null},"geometry":{"type":"Polygon","coordinates":[[[3.94989642,50.94754502],[3.94988984,50.94751056],[3.94994153,50.94750669],[3.94994979,50.9475398],[3.94989642,50.94754502]]]}},{"type":"Feature","id":"gebouw/Gebouw.13410860/0","properties":{"source":"Digitaal Vlaanderen Gebouwenregister","source_id":"gebouw/Gebouw.13410860/0","kind":"building","building":"official","height_m":6.6,"status":null},"geometry":{"type":"Polygon","coordinates":[[[3.94298496,50.94884101],[3.94300604,50.94885204],[3.9429367,50.94891442],[3.94276398,50.94883931],[3.94264056,50.94878563],[3.94261552,50.94873753],[3.94258432,50.94874251],[3.94254579,50.94866477],[3.94268497,50.94863798],[3.94327206,50.94852494],[3.94330594,50.94859639],[3.94328863,50.94859981],[3.9432177,50.94861381],[3.94324637,50.94862389],[3.94298496,50.94884101]],[[3.94281276,50.94876501],[3.94292188,50.94880968],[3.94312183,50.94864557],[3.94309529,50.94863799],[3.94283423,50.94868953],[3.94284983,50.94872139],[3.94279629,50.94873163],[3.94281276,50.94876501]]]}},{"type":"Feature","id":"gebouw/Gebouw.13411124/0","properties":{"source":"Digitaal Vlaanderen Gebouwenregister","source_id":"gebouw/Gebouw.13411124/0","kind":"building","building":"official","height_m":6.6,"status":null},"geometry":{"type":"Polygon","coordinates":[[[3.94559325,50.94446183],[3.94548864,50.94453575],[3.94546831,50.94452461],[3.94540125,50.94448787],[3.9453258,50.94445481],[3.94532146,50.9444529],[3.94534065,50.94443606],[3.94538479,50.9444548],[3.94546143,50.94440022],[3.94557613,50.94445388],[3.94558134,50.94445626],[3.94559325,50.94446183]]]}},{"type":"Feature","id":"gebouw/Gebouw.13411393/0","properties":{"source":"Digitaal Vlaanderen Gebouwenregister","source_id":"gebouw/Gebouw.13411393/0","kind":"building","building":"official","height_m":5.85,"status":null},"geometry":{"type":"Polygon","coordinates":[[[3.94872059,50.94767407],[3.94869452,50.94767883],[3.94862752,50.94753693],[3.94870984,50.94752139],[3.9487705,50.94765051],[3.94877445,50.94765893],[3.94874869,50.9476635],[3.94875049,50.94766863],[3.94872059,50.94767407]]]}},{"type":"Feature","id":"gebouw/Gebouw.13413169/0","properties":{"source":"Digitaal Vlaanderen Gebouwenregister","source_id":"gebouw/Gebouw.13413169/0","kind":"building","building":"official","height_m":5.85,"status":null},"geometry":{"type":"Polygon","coordinates":[[[3.95064748,50.94724288],[3.95062885,50.94720055],[3.95066323,50.94719368],[3.95062502,50.94711592],[3.9505345,50.94713314],[3.95058748,50.9472456],[3.95065307,50.94738483],[3.9506874,50.94737939],[3.95065066,50.94728678],[3.95066544,50.94728368],[3.95064748,50.94724288]]]}},{"type":"Feature","id":"gebouw/Gebouw.13413620/0","properties":{"source":"Digitaal Vlaanderen Gebouwenregister","source_id":"gebouw/Gebouw.13413620/0","kind":"building","building":"official","height_m":6.6,"status":null},"geometry":{"type":"Polygon","coordinates":[[[3.94501376,50.94327487],[3.94496988,50.94325224],[3.94506069,50.94317964],[3.9451048,50.94320227],[3.94501376,50.94327487]]]}},{"type":"Feature","id":"gebouw/Gebouw.13413716/0","properties":{"source":"Digitaal Vlaanderen Gebouwenregister","source_id":"gebouw/Gebouw.13413716/0","kind":"building","building":"official","height_m":6.6,"status":null},"geometry":{"type":"Polygon","coordinates":[[[3.9458908,50.9482854],[3.9458636,50.9482269],[3.94592615,50.94821581],[3.94595158,50.94827548],[3.9458908,50.9482854]]]}},{"type":"Feature","id":"gebouw/Gebouw.13415133/0","properties":{"source":"Digitaal Vlaanderen Gebouwenregister","source_id":"gebouw/Gebouw.13415133/0","kind":"building","building":"official","height_m":7.35,"status":null},"geometry":{"type":"Polygon","coordinates":[[[3.94894117,50.94562222],[3.94905665,50.94566344],[3.94893552,50.94580118],[3.94881838,50.94576056],[3.94884252,50.94573336],[3.94894117,50.94562222]]]}},{"type":"Feature","id":"gebouw/Gebouw.13415254/0","properties":{"source":"Digitaal Vlaanderen Gebouwenregister","source_id":"gebouw/Gebouw.13415254/0","kind":"building","building":"official","height_m":8.1,"status":null},"geometry":{"type":"Polygon","coordinates":[[[3.94497192,50.94532603],[3.94489439,50.94528743],[3.9448772,50.94530099],[3.94478488,50.94525735],[3.94480235,50.94524153],[3.94476011,50.94522027],[3.94464172,50.94531343],[3.94465022,50.94531786],[3.94463449,50.94532979],[3.94458377,50.94530349],[3.94479239,50.94514253],[3.94485519,50.9451728],[3.94496395,50.94522524],[3.9449668,50.94522302],[3.94499661,50.94523826],[3.94506288,50.94518199],[3.94511332,50.94520593],[3.94508118,50.94523323],[3.94497192,50.94532603]]]}},{"type":"Feature","id":"gebouw/Gebouw.13415437/0","properties":{"source":"Digitaal Vlaanderen Gebouwenregister","source_id":"gebouw/Gebouw.13415437/0","kind":"building","building":"official","height_m":5.85,"status":null},"geometry":{"type":"Polygon","coordinates":[[[3.94252008,50.94360375],[3.94245188,50.94356994],[3.94252264,50.94351087],[3.94259441,50.94354517],[3.94252008,50.94360375]]]}},{"type":"Feature","id":"gebouw/Gebouw.13418006/0","properties":{"source":"Digitaal Vlaanderen Gebouwenregister","source_id":"gebouw/Gebouw.13418006/0","kind":"building","building":"official","height_m":6.6,"status":null},"geometry":{"type":"Polygon","coordinates":[[[3.94714131,50.94752467],[3.94711478,50.94753],[3.94712188,50.94754485],[3.94688095,50.94759092],[3.94685754,50.94753931],[3.94687367,50.94752468],[3.94694819,50.94745712],[3.94697739,50.94745075],[3.94698903,50.94747433],[3.94696151,50.94747981],[3.94696852,50.94749687],[3.94699555,50.94749214],[3.94699971,50.9474979],[3.94709018,50.94747867],[3.94709451,50.94748818],[3.94712148,50.94748371],[3.94714131,50.94752467]]]}},{"type":"Feature","id":"gebouw/Gebouw.13418356/0","properties":{"source":"Digitaal Vlaanderen Gebouwenregister","source_id":"gebouw/Gebouw.13418356/0","kind":"building","building":"official","height_m":8.1,"status":null},"geometry":{"type":"Polygon","coordinates":[[[3.94660085,50.94467393],[3.94658422,50.94468746],[3.94655194,50.94467107],[3.94656167,50.94466168],[3.94652564,50.94464285],[3.9465726,50.94460683],[3.94663981,50.94464223],[3.94660085,50.94467393]]]}},{"type":"Feature","id":"gebouw/Gebouw.13419533/0","properties":{"source":"Digitaal Vlaanderen Gebouwenregister","source_id":"gebouw/Gebouw.13419533/0","kind":"building","building":"official","height_m":8.85,"status":null},"geometry":{"type":"Polygon","coordinates":[[[3.95119527,50.94739182],[3.95117708,50.94739528],[3.95115024,50.9474004],[3.95103504,50.94742235],[3.95100777,50.94736015],[3.95114794,50.94733298],[3.95116681,50.94732932],[3.95119527,50.94739182]]]}},{"type":"Feature","id":"gebouw/Gebouw.13420439/0","properties":{"source":"Digitaal Vlaanderen Gebouwenregister","source_id":"gebouw/Gebouw.13420439/0","kind":"building","building":"official","height_m":8.85,"status":null},"geometry":{"type":"Polygon","coordinates":[[[3.95046486,50.94640935],[3.9504941,50.94639929],[3.95054365,50.94647209],[3.9505117,50.94648049],[3.95046486,50.94640935]]]}},{"type":"Feature","id":"gebouw/Gebouw.13425120/0","properties":{"source":"Digitaal Vlaanderen Gebouwenregister","source_id":"gebouw/Gebouw.13425120/0","kind":"building","building":"official","height_m":5.1,"status":null},"geometry":{"type":"Polygon","coordinates":[[[3.94798144,50.94353762],[3.94792845,50.94355342],[3.9478752,50.94347184],[3.94781698,50.94348713],[3.94781232,50.94348228],[3.94778807,50.94349125],[3.94775494,50.94347034],[3.94770399,50.94341406],[3.94774248,50.94340077],[3.94773132,50.94338785],[3.94781899,50.94335758],[3.94784711,50.94339122],[3.94784836,50.9433908],[3.94785967,50.94338709],[3.94788959,50.94342365],[3.94791142,50.94341677],[3.94798144,50.94353762]]]}},{"type":"Feature","id":"gebouw/Gebouw.13427657/0","properties":{"source":"Digitaal Vlaanderen Gebouwenregister","source_id":"gebouw/Gebouw.13427657/0","kind":"building","building":"official","height_m":8.85,"status":null},"geometry":{"type":"Polygon","coordinates":[[[3.94182372,50.94495887],[3.94169321,50.94506096],[3.94164776,50.94503609],[3.94167375,50.94501474],[3.94167916,50.94501722],[3.94173557,50.94497036],[3.94174332,50.94497378],[3.94175682,50.9449622],[3.94172185,50.94494501],[3.94174536,50.94492649],[3.94171206,50.94490932],[3.94178242,50.94484965],[3.94187862,50.94489708],[3.94181172,50.94495173],[3.94182372,50.94495887]]]}},{"type":"Feature","id":"gebouw/Gebouw.13432392/0","properties":{"source":"Digitaal Vlaanderen Gebouwenregister","source_id":"gebouw/Gebouw.13432392/0","kind":"building","building":"official","height_m":5.1,"status":null},"geometry":{"type":"Polygon","coordinates":[[[3.94553337,50.94833642],[3.94551749,50.94830751],[3.94559486,50.94828945],[3.94561075,50.94831821],[3.94553337,50.94833642]]]}},{"type":"Feature","id":"gebouw/Gebouw.13432406/0","properties":{"source":"Digitaal Vlaanderen Gebouwenregister","source_id":"gebouw/Gebouw.13432406/0","kind":"building","building":"official","height_m":6.6,"status":null},"geometry":{"type":"Polygon","coordinates":[[[3.94960943,50.9465531],[3.94958813,50.94655759],[3.94960807,50.94660922],[3.94962173,50.94664456],[3.94960208,50.946643],[3.94943315,50.94662954],[3.94945907,50.94636086],[3.94946402,50.94636057],[3.94946671,50.94634022],[3.94946179,50.94633264],[3.94949735,50.94631735],[3.94960943,50.9465531]]]}},{"type":"Feature","id":"gebouw/Gebouw.13432898/0","properties":{"source":"Digitaal Vlaanderen Gebouwenregister","source_id":"gebouw/Gebouw.13432898/0","kind":"building","building":"official","height_m":6.6,"status":null},"geometry":{"type":"Polygon","coordinates":[[[3.94758906,50.94292109],[3.94752855,50.94287997],[3.94760817,50.94283364],[3.94766773,50.94287459],[3.94758906,50.94292109]]]}},{"type":"Feature","id":"gebouw/Gebouw.13433363/0","properties":{"source":"Digitaal Vlaanderen Gebouwenregister","source_id":"gebouw/Gebouw.13433363/0","kind":"building","building":"official","height_m":8.85,"status":null},"geometry":{"type":"Polygon","coordinates":[[[3.95004512,50.94554357],[3.95002923,50.94551269],[3.95014701,50.94549012],[3.95016077,50.9455207],[3.95004512,50.94554357]]]}},{"type":"Feature","id":"gebouw/Gebouw.13435159/0","properties":{"source":"Digitaal Vlaanderen Gebouwenregister","source_id":"gebouw/Gebouw.13435159/0","kind":"building","building":"official","height_m":5.85,"status":null},"geometry":{"type":"Polygon","coordinates":[[[3.94836437,50.94403095],[3.94832527,50.94406538],[3.94823494,50.94402351],[3.94827166,50.94398891],[3.94836437,50.94403095]]]}},{"type":"Feature","id":"gebouw/Gebouw.13435329/0","properties":{"source":"Digitaal Vlaanderen Gebouwenregister","source_id":"gebouw/Gebouw.13435329/0","kind":"building","building":"official","height_m":7.35,"status":null},"geometry":{"type":"Polygon","coordinates":[[[3.94395079,50.94580971],[3.94409993,50.94573529],[3.94425845,50.94585867],[3.94411017,50.94593581],[3.94410121,50.94592869],[3.94407894,50.94593993],[3.94402603,50.9458981],[3.94405355,50.94588421],[3.94401767,50.94585597],[3.94399027,50.94586968],[3.94393744,50.94582796],[3.94395967,50.94581673],[3.94395079,50.94580971]]]}},{"type":"Feature","id":"gebouw/Gebouw.13435824/0","properties":{"source":"Digitaal Vlaanderen Gebouwenregister","source_id":"gebouw/Gebouw.13435824/0","kind":"building","building":"official","height_m":5.1,"status":null},"geometry":{"type":"Polygon","coordinates":[[[3.94943056,50.94697039],[3.94936886,50.94698239],[3.94938145,50.94700823],[3.94928009,50.94702796],[3.94920996,50.94690078],[3.94922061,50.94689854],[3.94926888,50.94688839],[3.9492814,50.94688575],[3.94928373,50.94688978],[3.94938366,50.9468702],[3.94939699,50.94689859],[3.94943783,50.94689162],[3.94945467,50.94692898],[3.94941461,50.94693646],[3.94943056,50.94697039]]]}},{"type":"Feature","id":"gebouw/Gebouw.13435837/0","properties":{"source":"Digitaal Vlaanderen Gebouwenregister","source_id":"gebouw/Gebouw.13435837/0","kind":"building","building":"official","height_m":5.85,"status":null},"geometry":{"type":"Polygon","coordinates":[[[3.94492528,50.94692453],[3.94487502,50.94690165],[3.94473026,50.94683577],[3.94472734,50.94683834],[3.94470407,50.94685879],[3.94479268,50.94689854],[3.94476889,50.94691841],[3.94468167,50.94687989],[3.94465274,50.94690742],[3.94484668,50.94699541],[3.94492528,50.94692453]]]}},{"type":"Feature","id":"gebouw/Gebouw.13438844/0","properties":{"source":"Digitaal Vlaanderen Gebouwenregister","source_id":"gebouw/Gebouw.13438844/0","kind":"building","building":"official","height_m":6.6,"status":null},"geometry":{"type":"Polygon","coordinates":[[[3.94653647,50.94345862],[3.94653526,50.94345956],[3.94643248,50.94340975],[3.94649625,50.94335854],[3.94659875,50.94341],[3.94656893,50.94343328],[3.94653647,50.94345862]]]}},{"type":"Feature","id":"gebouw/Gebouw.13439077/0","properties":{"source":"Digitaal Vlaanderen Gebouwenregister","source_id":"gebouw/Gebouw.13439077/0","kind":"building","building":"official","height_m":5.85,"status":null},"geometry":{"type":"Polygon","coordinates":[[[3.95104296,50.94678935],[3.95092963,50.9468111],[3.95092793,50.94681142],[3.95086983,50.94672847],[3.95085921,50.94671329],[3.95090654,50.94670449],[3.95091398,50.94672117],[3.95094344,50.946716],[3.95094959,50.94672849],[3.95101212,50.94671625],[3.95104296,50.94678935]]]}},{"type":"Feature","id":"gebouw/Gebouw.13443787/0","properties":{"source":"Digitaal Vlaanderen Gebouwenregister","source_id":"gebouw/Gebouw.13443787/0","kind":"building","building":"official","height_m":5.85,"status":null},"geometry":{"type":"Polygon","coordinates":[[[3.94894153,50.94630211],[3.94893107,50.9462759],[3.94899638,50.94626517],[3.94900471,50.94629046],[3.94894153,50.94630211]]]}},{"type":"Feature","id":"gebouw/Gebouw.13450633/0","properties":{"source":"Digitaal Vlaanderen Gebouwenregister","source_id":"gebouw/Gebouw.13450633/0","kind":"building","building":"official","height_m":5.85,"status":null},"geometry":{"type":"Polygon","coordinates":[[[3.95193646,50.94658261],[3.9519518,50.94663476],[3.95194997,50.94663502],[3.95183235,50.94665147],[3.95165321,50.94637504],[3.95177379,50.94635931],[3.95178306,50.9463581],[3.95174644,50.94626525],[3.95207184,50.94621592],[3.9520781,50.94623265],[3.95208298,50.946232],[3.95213657,50.94638094],[3.95213891,50.94638744],[3.95221475,50.94659817],[3.952006,50.94662729],[3.95198741,50.94657537],[3.95193646,50.94658261]]]}},{"type":"Feature","id":"gebouw/Gebouw.13450712/0","properties":{"source":"Digitaal Vlaanderen Gebouwenregister","source_id":"gebouw/Gebouw.13450712/0","kind":"building","building":"official","height_m":6.6,"status":null},"geometry":{"type":"Polygon","coordinates":[[[3.94135519,50.94465168],[3.94136972,50.94458015],[3.94141742,50.9445838],[3.94142119,50.94455643],[3.94155584,50.94456695],[3.94152693,50.94469827],[3.9414347,50.94469098],[3.94144119,50.94465824],[3.94141377,50.94465615],[3.94135519,50.94465168]]]}},{"type":"Feature","id":"gebouw/Gebouw.13452658/0","properties":{"source":"Digitaal Vlaanderen Gebouwenregister","source_id":"gebouw/Gebouw.13452658/0","kind":"building","building":"official","height_m":8.1,"status":null},"geometry":{"type":"Polygon","coordinates":[[[3.94180136,50.94506758],[3.941748,50.94504246],[3.94179576,50.94500189],[3.94184889,50.9450264],[3.94180136,50.94506758]]]}},{"type":"Feature","id":"gebouw/Gebouw.13452854/0","properties":{"source":"Digitaal Vlaanderen Gebouwenregister","source_id":"gebouw/Gebouw.13452854/0","kind":"building","building":"official","height_m":6.6,"status":null},"geometry":{"type":"Polygon","coordinates":[[[3.94558393,50.9466829],[3.94550505,50.94664763],[3.94546565,50.94664006],[3.94547648,50.94661615],[3.94551897,50.94662314],[3.94552219,50.9466179],[3.94554591,50.94662262],[3.94555124,50.94661815],[3.94563927,50.94665654],[3.94560201,50.94669098],[3.94558393,50.9466829]]]}},{"type":"Feature","id":"gebouw/Gebouw.13453296/0","properties":{"source":"Digitaal Vlaanderen Gebouwenregister","source_id":"gebouw/Gebouw.13453296/0","kind":"building","building":"official","height_m":5.1,"status":null},"geometry":{"type":"Polygon","coordinates":[[[3.94822101,50.94548813],[3.94815208,50.94554239],[3.94811303,50.94552263],[3.94803868,50.94558335],[3.94822004,50.94566814],[3.94829933,50.94560358],[3.94831389,50.94561068],[3.94837219,50.94556479],[3.94822101,50.94548813]]]}},{"type":"Feature","id":"gebouw/Gebouw.13456134/0","properties":{"source":"Digitaal Vlaanderen Gebouwenregister","source_id":"gebouw/Gebouw.13456134/0","kind":"building","building":"official","height_m":5.1,"status":null},"geometry":{"type":"Polygon","coordinates":[[[3.94975858,50.94460389],[3.94952821,50.9444836],[3.94958241,50.94444183],[3.94963463,50.94446913],[3.94964479,50.94446147],[3.94968459,50.94448259],[3.94967756,50.94448824],[3.94977015,50.9445358],[3.94977627,50.94453123],[3.94981293,50.94450389],[3.94989428,50.94454893],[3.94982404,50.94459877],[3.94978774,50.9445813],[3.94975858,50.94460389]]]}},{"type":"Feature","id":"gebouw/Gebouw.13456140/0","properties":{"source":"Digitaal Vlaanderen Gebouwenregister","source_id":"gebouw/Gebouw.13456140/0","kind":"building","building":"official","height_m":5.1,"status":null},"geometry":{"type":"Polygon","coordinates":[[[3.9475693,50.94258292],[3.94751602,50.94254732],[3.94756413,50.94251778],[3.94761742,50.94255338],[3.9475693,50.94258292]]]}},{"type":"Feature","id":"gebouw/Gebouw.13457831/0","properties":{"source":"Digitaal Vlaanderen Gebouwenregister","source_id":"gebouw/Gebouw.13457831/0","kind":"building","building":"official","height_m":8.85,"status":null},"geometry":{"type":"Polygon","coordinates":[[[3.94766002,50.9436604],[3.94768322,50.94365162],[3.94771675,50.94368698],[3.94765573,50.94370984],[3.94762082,50.94367524],[3.94766002,50.9436604]]]}},{"type":"Feature","id":"gebouw/Gebouw.13459919/0","properties":{"source":"Digitaal Vlaanderen Gebouwenregister","source_id":"gebouw/Gebouw.13459919/0","kind":"building","building":"official","height_m":8.85,"status":null},"geometry":{"type":"Polygon","coordinates":[[[3.94994158,50.94468614],[3.94988862,50.94465694],[3.9499092,50.94464146],[3.94993607,50.94465494],[3.94993098,50.94465881],[3.94995781,50.94467364],[3.94994158,50.94468614]]]}},{"type":"Feature","id":"gebouw/Gebouw.13460497/0","properties":{"source":"Digitaal Vlaanderen Gebouwenregister","source_id":"gebouw/Gebouw.13460497/0","kind":"building","building":"official","height_m":5.85,"status":null},"geometry":{"type":"Polygon","coordinates":[[[3.95066909,50.94201194],[3.950802,50.94208076],[3.95070788,50.9421495],[3.95079019,50.94219467],[3.95072446,50.94224355],[3.95051203,50.9421278],[3.95056808,50.94208641],[3.95057875,50.94209218],[3.95059561,50.94207974],[3.95062337,50.94205906],[3.95061298,50.9420533],[3.9506552,50.94202218],[3.95066909,50.94201194]]]}},{"type":"Feature","id":"gebouw/Gebouw.13461667/0","properties":{"source":"Digitaal Vlaanderen Gebouwenregister","source_id":"gebouw/Gebouw.13461667/0","kind":"building","building":"official","height_m":5.85,"status":null},"geometry":{"type":"Polygon","coordinates":[[[3.94619568,50.94428843],[3.94616719,50.94431169],[3.94616302,50.94430958],[3.94614838,50.94432219],[3.94621078,50.94435569],[3.94619915,50.94436462],[3.94626556,50.94439981],[3.94623107,50.94442618],[3.94622599,50.94442348],[3.94616512,50.94439119],[3.94600697,50.94430726],[3.9461012,50.94423968],[3.94619568,50.94428843]]]}},{"type":"Feature","id":"gebouw/Gebouw.13461826/0","properties":{"source":"Digitaal Vlaanderen Gebouwenregister","source_id":"gebouw/Gebouw.13461826/0","kind":"building","building":"official","height_m":8.1,"status":null},"geometry":{"type":"Polygon","coordinates":[[[3.94608212,50.94757865],[3.94616372,50.94749628],[3.94622419,50.94752013],[3.94620417,50.94754254],[3.94621078,50.94754515],[3.94619518,50.94756127],[3.94618666,50.94755894],[3.9461584,50.94758729],[3.94614636,50.94758252],[3.94613341,50.947597],[3.94608212,50.94757865]]]}},{"type":"Feature","id":"gebouw/Gebouw.13466343/0","properties":{"source":"Digitaal Vlaanderen Gebouwenregister","source_id":"gebouw/Gebouw.13466343/0","kind":"building","building":"official","height_m":7.35,"status":null},"geometry":{"type":"Polygon","coordinates":[[[3.95028475,50.9459012],[3.95029921,50.94593064],[3.95019651,50.94595046],[3.95018,50.94592079],[3.95021976,50.94591336],[3.95027935,50.94590222],[3.95028475,50.9459012]]]}},{"type":"Feature","id":"gebouw/Gebouw.13467286/0","properties":{"source":"Digitaal Vlaanderen Gebouwenregister","source_id":"gebouw/Gebouw.13467286/0","kind":"building","building":"official","height_m":8.1,"status":null},"geometry":{"type":"Polygon","coordinates":[[[3.94220549,50.94501368],[3.94211101,50.94509179],[3.94204778,50.94506051],[3.94203802,50.94506731],[3.94193609,50.94501939],[3.94201905,50.9449509],[3.94208772,50.94498405],[3.94208478,50.94498648],[3.9421111,50.94499919],[3.94213486,50.94497956],[3.94220549,50.94501368]]]}},{"type":"Feature","id":"gebouw/Gebouw.13467518/0","properties":{"source":"Digitaal Vlaanderen Gebouwenregister","source_id":"gebouw/Gebouw.13467518/0","kind":"building","building":"official","height_m":6.6,"status":null},"geometry":{"type":"Polygon","coordinates":[[[3.94676183,50.94245146],[3.94682365,50.9424806],[3.9466914,50.94259485],[3.94662461,50.9425617],[3.94667501,50.9425212],[3.94672707,50.94247939],[3.94676183,50.94245146]]]}},{"type":"Feature","id":"gebouw/Gebouw.13467791/0","properties":{"source":"Digitaal Vlaanderen Gebouwenregister","source_id":"gebouw/Gebouw.13467791/0","kind":"building","building":"official","height_m":8.85,"status":null},"geometry":{"type":"Polygon","coordinates":[[[3.94440459,50.94628569],[3.94447652,50.94621979],[3.94453692,50.94624835],[3.94445586,50.94631686],[3.9444436,50.94630941],[3.94440788,50.9462877],[3.94440459,50.94628569]]]}},{"type":"Feature","id":"gebouw/Gebouw.13467967/0","properties":{"source":"Digitaal Vlaanderen Gebouwenregister","source_id":"gebouw/Gebouw.13467967/0","kind":"building","building":"official","height_m":5.85,"status":null},"geometry":{"type":"Polygon","coordinates":[[[3.94521395,50.94735196],[3.94512824,50.94738337],[3.94505335,50.9472959],[3.94501876,50.94725549],[3.94514207,50.94721494],[3.94517545,50.94725702],[3.9451256,50.94727289],[3.94513761,50.947289],[3.94518176,50.9472743],[3.94520354,50.94729883],[3.94516575,50.94732362],[3.94517139,50.94733011],[3.94518851,50.94732538],[3.94521395,50.94735196]]]}},{"type":"Feature","id":"gebouw/Gebouw.13468052/0","properties":{"source":"Digitaal Vlaanderen Gebouwenregister","source_id":"gebouw/Gebouw.13468052/0","kind":"building","building":"official","height_m":6.6,"status":null},"geometry":{"type":"Polygon","coordinates":[[[3.94643307,50.94264671],[3.94641964,50.94265847],[3.94632744,50.94261584],[3.94645236,50.94250738],[3.94654508,50.94254866],[3.94646392,50.94261971],[3.9464874,50.94263042],[3.94645655,50.94265742],[3.94643307,50.94264671]]]}},{"type":"Feature","id":"gebouw/Gebouw.13472498/0","properties":{"source":"Digitaal Vlaanderen Gebouwenregister","source_id":"gebouw/Gebouw.13472498/0","kind":"building","building":"official","height_m":6.6,"status":null},"geometry":{"type":"Polygon","coordinates":[[[3.94405461,50.94667359],[3.94400527,50.94664971],[3.94402442,50.94663345],[3.94407425,50.94665628],[3.94405461,50.94667359]]]}},{"type":"Feature","id":"gebouw/Gebouw.13472556/0","properties":{"source":"Digitaal Vlaanderen Gebouwenregister","source_id":"gebouw/Gebouw.13472556/0","kind":"building","building":"official","height_m":5.1,"status":null},"geometry":{"type":"Polygon","coordinates":[[[3.94445573,50.94845453],[3.94441565,50.94846282],[3.94442539,50.94848459],[3.9443825,50.9484927],[3.94433423,50.94850182],[3.94433214,50.94850508],[3.94432968,50.94851045],[3.9443247,50.94851411],[3.94430357,50.94851664],[3.9442921,50.94851277],[3.94428704,50.94850934],[3.9442289,50.94838624],[3.94432264,50.9483681],[3.94440747,50.94835168],[3.94445573,50.94845453]]]}},{"type":"Feature","id":"gebouw/Gebouw.13472912/0","properties":{"source":"Digitaal Vlaanderen Gebouwenregister","source_id":"gebouw/Gebouw.13472912/0","kind":"building","building":"official","height_m":6.6,"status":null},"geometry":{"type":"Polygon","coordinates":[[[3.95000677,50.94732716],[3.94993218,50.94738862],[3.94989875,50.94737028],[3.94989015,50.9473711],[3.94986098,50.94729952],[3.94998501,50.94727667],[3.95000677,50.94732716]]]}},{"type":"Feature","id":"gebouw/Gebouw.13475192/0","properties":{"source":"Digitaal Vlaanderen Gebouwenregister","source_id":"gebouw/Gebouw.13475192/0","kind":"building","building":"official","height_m":6.6,"status":null},"geometry":{"type":"Polygon","coordinates":[[[3.94566746,50.94220487],[3.94562648,50.94218825],[3.94567151,50.94214255],[3.94571176,50.94215976],[3.94566746,50.94220487]]]}},{"type":"Feature","id":"gebouw/Gebouw.13476963/0","properties":{"source":"Digitaal Vlaanderen Gebouwenregister","source_id":"gebouw/Gebouw.13476963/0","kind":"building","building":"official","height_m":7.35,"status":null},"geometry":{"type":"Polygon","coordinates":[[[3.94697895,50.94451481],[3.94680013,50.9444174],[3.94669004,50.94450146],[3.94676707,50.94454276],[3.94677684,50.94453534],[3.94681258,50.94454628],[3.94683666,50.94455868],[3.94685125,50.94454779],[3.9468468,50.94454542],[3.94686151,50.94453448],[3.94691516,50.94456274],[3.94697895,50.94451481]]]}},{"type":"Feature","id":"gebouw/Gebouw.13479174/0","properties":{"source":"Digitaal Vlaanderen Gebouwenregister","source_id":"gebouw/Gebouw.13479174/0","kind":"building","building":"official","height_m":5.1,"status":null},"geometry":{"type":"Polygon","coordinates":[[[3.9422527,50.94503623],[3.94226223,50.94504078],[3.94211701,50.94516046],[3.94206084,50.94513326],[3.94206951,50.9451261],[3.94211101,50.94509179],[3.94220549,50.94501368],[3.94221201,50.9450168],[3.9422527,50.94503623]]]}},{"type":"Feature","id":"gebouw/Gebouw.13479435/0","properties":{"source":"Digitaal Vlaanderen Gebouwenregister","source_id":"gebouw/Gebouw.13479435/0","kind":"building","building":"official","height_m":7.35,"status":null},"geometry":{"type":"Polygon","coordinates":[[[3.95148253,50.94664231],[3.95143354,50.9466559],[3.95143059,50.9466518],[3.95136134,50.94667014],[3.95129097,50.94656166],[3.95135923,50.94654464],[3.951351,50.94653119],[3.951403,50.94651765],[3.95143749,50.94657171],[3.95148253,50.94664231]]]}},{"type":"Feature","id":"gebouw/Gebouw.13479683/0","properties":{"source":"Digitaal Vlaanderen Gebouwenregister","source_id":"gebouw/Gebouw.13479683/0","kind":"building","building":"official","height_m":8.85,"status":null},"geometry":{"type":"Polygon","coordinates":[[[3.94260517,50.94471512],[3.94239517,50.94475433],[3.94234228,50.94464427],[3.94234157,50.9446298],[3.94235317,50.94461805],[3.94237273,50.94461062],[3.94239516,50.94461047],[3.94241448,50.94461751],[3.94242044,50.94462482],[3.94247297,50.94461602],[3.94247287,50.94460442],[3.94248399,50.94459281],[3.94250185,50.94458642],[3.94252473,50.94458687],[3.94254991,50.94459731],[3.94260517,50.94471512]]]}},{"type":"Feature","id":"gebouw/Gebouw.13483004/0","properties":{"source":"Digitaal Vlaanderen Gebouwenregister","source_id":"gebouw/Gebouw.13483004/0","kind":"building","building":"official","height_m":6.6,"status":null},"geometry":{"type":"Polygon","coordinates":[[[3.94399344,50.94852319],[3.94403489,50.94849244],[3.94412192,50.948541],[3.94408266,50.94857089],[3.94399344,50.94852319]]]}},{"type":"Feature","id":"gebouw/Gebouw.13483564/0","properties":{"source":"Digitaal Vlaanderen Gebouwenregister","source_id":"gebouw/Gebouw.13483564/0","kind":"building","building":"official","height_m":8.1,"status":null},"geometry":{"type":"Polygon","coordinates":[[[3.95121339,50.94655232],[3.95111791,50.94657666],[3.95108805,50.94652992],[3.95118094,50.94650624],[3.95121339,50.94655232]]]}},{"type":"Feature","id":"gebouw/Gebouw.13487067/0","properties":{"source":"Digitaal Vlaanderen Gebouwenregister","source_id":"gebouw/Gebouw.13487067/0","kind":"building","building":"official","height_m":7.35,"status":null},"geometry":{"type":"Polygon","coordinates":[[[3.94575815,50.94530792],[3.9456401,50.94538857],[3.94556985,50.94534801],[3.94562102,50.94531188],[3.94563638,50.94530104],[3.94566157,50.9453148],[3.94577622,50.94523574],[3.94581748,50.94526219],[3.94579536,50.94528251],[3.94575815,50.94530792]]]}},{"type":"Feature","id":"gebouw/Gebouw.13487515/0","properties":{"source":"Digitaal Vlaanderen Gebouwenregister","source_id":"gebouw/Gebouw.13487515/0","kind":"building","building":"official","height_m":5.85,"status":null},"geometry":{"type":"Polygon","coordinates":[[[3.94944222,50.9433396],[3.94936991,50.9433663],[3.94927144,50.94325577],[3.94947316,50.94318274],[3.94954202,50.94325797],[3.9494609,50.94328745],[3.94949094,50.94332162],[3.94944222,50.9433396]]]}},{"type":"Feature","id":"gebouw/Gebouw.13489516/0","properties":{"source":"Digitaal Vlaanderen Gebouwenregister","source_id":"gebouw/Gebouw.13489516/0","kind":"building","building":"official","height_m":8.1,"status":null},"geometry":{"type":"Polygon","coordinates":[[[3.95012431,50.94498998],[3.95004632,50.94506046],[3.94999938,50.94510288],[3.94992328,50.94517165],[3.94992397,50.94517194],[3.95001315,50.94521048],[3.95004085,50.94518529],[3.95005973,50.94519388],[3.95011046,50.94515068],[3.95007131,50.94513227],[3.95019381,50.94502031],[3.95012431,50.94498998]]]}},{"type":"Feature","id":"gebouw/Gebouw.13489998/0","properties":{"source":"Digitaal Vlaanderen Gebouwenregister","source_id":"gebouw/Gebouw.13489998/0","kind":"building","building":"official","height_m":5.1,"status":null},"geometry":{"type":"Polygon","coordinates":[[[3.9503517,50.94659569],[3.95033006,50.9465499],[3.95040568,50.9465346],[3.95042753,50.94658115],[3.9503517,50.94659569]]]}},{"type":"Feature","id":"gebouw/Gebouw.13490271/0","properties":{"source":"Digitaal Vlaanderen Gebouwenregister","source_id":"gebouw/Gebouw.13490271/0","kind":"building","building":"official","height_m":7.35,"status":null},"geometry":{"type":"Polygon","coordinates":[[[3.95028475,50.9459012],[3.95027935,50.94590222],[3.95021976,50.94591336],[3.95018,50.94592079],[3.9501591,50.94587709],[3.95026774,50.94585455],[3.95026506,50.94585092],[3.95034612,50.94583622],[3.95036471,50.94587088],[3.95028377,50.94588845],[3.95028938,50.94590034],[3.95028475,50.9459012]]]}},{"type":"Feature","id":"gebouw/Gebouw.13497894/0","properties":{"source":"Digitaal Vlaanderen Gebouwenregister","source_id":"gebouw/Gebouw.13497894/0","kind":"building","building":"official","height_m":5.1,"status":null},"geometry":{"type":"Polygon","coordinates":[[[3.94616303,50.94636291],[3.94611682,50.94643778],[3.94615454,50.94645068],[3.94608701,50.94653314],[3.94602724,50.94651279],[3.94603225,50.94650466],[3.94595053,50.94647752],[3.94597011,50.9464517],[3.94598526,50.94645535],[3.94600653,50.9464106],[3.94602394,50.94641521],[3.94607205,50.94634011],[3.94616303,50.94636291]]]}},{"type":"Feature","id":"gebouw/Gebouw.13497937/0","properties":{"source":"Digitaal Vlaanderen Gebouwenregister","source_id":"gebouw/Gebouw.13497937/0","kind":"building","building":"official","height_m":5.85,"status":null},"geometry":{"type":"Polygon","coordinates":[[[3.94609459,50.94819039],[3.9459836,50.9482151],[3.9459454,50.94814045],[3.94597539,50.94813407],[3.94595101,50.94809036],[3.94597429,50.94808517],[3.9459589,50.94805426],[3.94601596,50.94804118],[3.94608136,50.94816528],[3.94609459,50.94819039]]]}},{"type":"Feature","id":"gebouw/Gebouw.13498522/0","properties":{"source":"Digitaal Vlaanderen Gebouwenregister","source_id":"gebouw/Gebouw.13498522/0","kind":"building","building":"official","height_m":8.1,"status":null},"geometry":{"type":"Polygon","coordinates":[[[3.94830775,50.94766079],[3.94826588,50.94766751],[3.94826337,50.94766791],[3.94823972,50.9476717],[3.9482284,50.94764353],[3.94821594,50.94761407],[3.94808546,50.94763639],[3.94809422,50.94765896],[3.94808995,50.94765992],[3.94813807,50.94778058],[3.94821138,50.9477689],[3.94822217,50.94779833],[3.9482781,50.94779009],[3.94828978,50.94777891],[3.94830269,50.94777676],[3.94829407,50.94775667],[3.94833998,50.94774924],[3.94830487,50.94766556],[3.94831706,50.94766371],[3.948315,50.94765963],[3.94830775,50.94766079]]]}},{"type":"Feature","id":"gebouw/Gebouw.13500583/0","properties":{"source":"Digitaal Vlaanderen Gebouwenregister","source_id":"gebouw/Gebouw.13500583/0","kind":"building","building":"official","height_m":5.85,"status":null},"geometry":{"type":"Polygon","coordinates":[[[3.94663028,50.94363967],[3.9465456,50.94371159],[3.94644732,50.94366483],[3.94648209,50.94363567],[3.94643481,50.94361317],[3.94645572,50.94359364],[3.94640927,50.94357202],[3.94642207,50.94356093],[3.9463818,50.94354236],[3.94639571,50.94353032],[3.94642644,50.94354449],[3.94643524,50.94354855],[3.94648267,50.94357042],[3.94651186,50.94358388],[3.94659871,50.94362393],[3.94663028,50.94363967]]]}},{"type":"Feature","id":"gebouw/Gebouw.13502756/0","properties":{"source":"Digitaal Vlaanderen Gebouwenregister","source_id":"gebouw/Gebouw.13502756/0","kind":"building","building":"official","height_m":6.6,"status":null},"geometry":{"type":"Polygon","coordinates":[[[3.94678751,50.94401818],[3.94672544,50.94406935],[3.94674666,50.94407946],[3.94673671,50.9440881],[3.94677253,50.94410603],[3.94675221,50.94412424],[3.94672949,50.94411273],[3.94664173,50.94406827],[3.94667995,50.94403614],[3.94670893,50.94401179],[3.94665592,50.94398469],[3.946682,50.94396407],[3.94678751,50.94401818]]]}},{"type":"Feature","id":"gebouw/Gebouw.13503095/0","properties":{"source":"Digitaal Vlaanderen Gebouwenregister","source_id":"gebouw/Gebouw.13503095/0","kind":"building","building":"official","height_m":8.85,"status":null},"geometry":{"type":"Polygon","coordinates":[[[3.94296444,50.94557591],[3.94301285,50.94560304],[3.94303278,50.94558888],[3.94309018,50.94562086],[3.94288618,50.94576733],[3.94277854,50.94570875],[3.94287643,50.94564074],[3.94287293,50.94563843],[3.94296444,50.94557591]]]}},{"type":"Feature","id":"gebouw/Gebouw.13503197/0","properties":{"source":"Digitaal Vlaanderen Gebouwenregister","source_id":"gebouw/Gebouw.13503197/0","kind":"building","building":"official","height_m":8.85,"status":null},"geometry":{"type":"Polygon","coordinates":[[[3.94937754,50.94313435],[3.94941892,50.94311559],[3.94938956,50.94308974],[3.94934818,50.94310849],[3.94937754,50.94313435]]]}},{"type":"Feature","id":"gebouw/Gebouw.13503238/0","properties":{"source":"Digitaal Vlaanderen Gebouwenregister","source_id":"gebouw/Gebouw.13503238/0","kind":"building","building":"official","height_m":8.1,"status":null},"geometry":{"type":"Polygon","coordinates":[[[3.94964441,50.94359129],[3.94960739,50.94357366],[3.94963989,50.94354685],[3.94967602,50.94356462],[3.94964441,50.94359129]]]}},{"type":"Feature","id":"gebouw/Gebouw.13504748/0","properties":{"source":"Digitaal Vlaanderen Gebouwenregister","source_id":"gebouw/Gebouw.13504748/0","kind":"building","building":"official","height_m":6.6,"status":null},"geometry":{"type":"Polygon","coordinates":[[[3.94672949,50.94411273],[3.94669827,50.94413958],[3.94666058,50.94411999],[3.94664968,50.94412847],[3.94653634,50.94407165],[3.94649657,50.94410381],[3.94638152,50.94404656],[3.9464657,50.94397908],[3.94660683,50.94405059],[3.94664173,50.94406827],[3.94672949,50.94411273]]]}},{"type":"Feature","id":"gebouw/Gebouw.13505594/0","properties":{"source":"Digitaal Vlaanderen Gebouwenregister","source_id":"gebouw/Gebouw.13505594/0","kind":"building","building":"official","height_m":6.6,"status":null},"geometry":{"type":"Polygon","coordinates":[[[3.94826221,50.94682577],[3.94822596,50.9468715],[3.94818644,50.94685912],[3.94803086,50.94682587],[3.9480921,50.94672389],[3.9481922,50.94674613],[3.94816579,50.94680517],[3.94826221,50.94682577]]]}},{"type":"Feature","id":"gebouw/Gebouw.13512082/0","properties":{"source":"Digitaal Vlaanderen Gebouwenregister","source_id":"gebouw/Gebouw.13512082/0","kind":"building","building":"official","height_m":8.1,"status":null},"geometry":{"type":"Polygon","coordinates":[[[3.94945234,50.94403431],[3.94924438,50.94393589],[3.94928522,50.94390081],[3.94928218,50.94389877],[3.94931499,50.94387257],[3.94952593,50.943972],[3.94945234,50.94403431]]]}},{"type":"Feature","id":"gebouw/Gebouw.13512393/0","properties":{"source":"Digitaal Vlaanderen Gebouwenregister","source_id":"gebouw/Gebouw.13512393/0","kind":"building","building":"official","height_m":7.35,"status":null},"geometry":{"type":"Polygon","coordinates":[[[3.94784089,50.94554605],[3.94772851,50.9456371],[3.94773684,50.9456406],[3.94774472,50.94567072],[3.94769078,50.94571931],[3.94747484,50.9456163],[3.94754458,50.94555975],[3.94760347,50.945512],[3.94754907,50.945484],[3.94761079,50.94543532],[3.94784089,50.94554605]]]}},{"type":"Feature","id":"gebouw/Gebouw.13512774/0","properties":{"source":"Digitaal Vlaanderen Gebouwenregister","source_id":"gebouw/Gebouw.13512774/0","kind":"building","building":"official","height_m":5.1,"status":null},"geometry":{"type":"Polygon","coordinates":[[[3.94551616,50.94344175],[3.94544041,50.94340366],[3.94561667,50.94326368],[3.94569246,50.94329966],[3.94551616,50.94344175]]]}},{"type":"Feature","id":"gebouw/Gebouw.13512776/0","properties":{"source":"Digitaal Vlaanderen Gebouwenregister","source_id":"gebouw/Gebouw.13512776/0","kind":"building","building":"official","height_m":6.6,"status":null},"geometry":{"type":"Polygon","coordinates":[[[3.94270916,50.94567872],[3.94266538,50.94565328],[3.9427091,50.94562275],[3.94275365,50.94564784],[3.94270916,50.94567872]]]}},{"type":"Feature","id":"gebouw/Gebouw.13518725/0","properties":{"source":"Digitaal Vlaanderen Gebouwenregister","source_id":"gebouw/Gebouw.13518725/0","kind":"building","building":"official","height_m":8.85,"status":null},"geometry":{"type":"Polygon","coordinates":[[[3.94438919,50.94775201],[3.94439428,50.94774813],[3.94449967,50.9477917],[3.94455584,50.94774007],[3.94450894,50.94771971],[3.94451539,50.94771378],[3.94445595,50.94768777],[3.94444312,50.94770075],[3.94433018,50.94765098],[3.94427545,50.947699],[3.94438254,50.94774891],[3.94438919,50.94775201]]]}},{"type":"Feature","id":"gebouw/Gebouw.13519312/0","properties":{"source":"Digitaal Vlaanderen Gebouwenregister","source_id":"gebouw/Gebouw.13519312/0","kind":"building","building":"official","height_m":8.1,"status":null},"geometry":{"type":"Polygon","coordinates":[[[3.9466066,50.94302712],[3.94652977,50.94306604],[3.94644342,50.94300292],[3.94627487,50.94312938],[3.94621005,50.94309751],[3.94639258,50.94295282],[3.94646388,50.94291656],[3.9466066,50.94302712]]]}},{"type":"Feature","id":"gebouw/Gebouw.13519369/0","properties":{"source":"Digitaal Vlaanderen Gebouwenregister","source_id":"gebouw/Gebouw.13519369/0","kind":"building","building":"official","height_m":5.85,"status":null},"geometry":{"type":"Polygon","coordinates":[[[3.94403548,50.94656368],[3.94403237,50.94656619],[3.94397108,50.94653786],[3.94404068,50.94648137],[3.94390107,50.94641141],[3.94399565,50.94633552],[3.94404061,50.94635795],[3.94404717,50.94635271],[3.94415016,50.94640418],[3.94409012,50.94645212],[3.94414215,50.94647754],[3.94403548,50.94656368]]]}},{"type":"Feature","id":"gebouw/Gebouw.13519462/0","properties":{"source":"Digitaal Vlaanderen Gebouwenregister","source_id":"gebouw/Gebouw.13519462/0","kind":"building","building":"official","height_m":8.1,"status":null},"geometry":{"type":"Polygon","coordinates":[[[3.94484668,50.94699541],[3.94465274,50.94690742],[3.94459978,50.94688339],[3.94455754,50.9469197],[3.94461089,50.94694447],[3.94460719,50.94694764],[3.94461012,50.946949],[3.94468102,50.94698192],[3.94468132,50.94698205],[3.94469403,50.94698796],[3.94466998,50.94700843],[3.94473393,50.9470367],[3.94474665,50.94702693],[3.94479061,50.94704605],[3.94484668,50.94699541]]]}},{"type":"Feature","id":"gebouw/Gebouw.13527209/0","properties":{"source":"Digitaal Vlaanderen Gebouwenregister","source_id":"gebouw/Gebouw.13527209/0","kind":"building","building":"official","height_m":8.85,"status":null},"geometry":{"type":"Polygon","coordinates":[[[3.94599942,50.94601376],[3.94598689,50.94604683],[3.94589583,50.94601831],[3.94591848,50.94598913],[3.94599942,50.94601376]]]}},{"type":"Feature","id":"gebouw/Gebouw.13532779/0","properties":{"source":"Digitaal Vlaanderen Gebouwenregister","source_id":"gebouw/Gebouw.13532779/0","kind":"building","building":"official","height_m":5.85,"status":null},"geometry":{"type":"Polygon","coordinates":[[[3.94951338,50.94631434],[3.94949735,50.94631735],[3.94946179,50.94633264],[3.94945645,50.94632731],[3.94945326,50.9463221],[3.94942577,50.94627737],[3.94948008,50.94626324],[3.94948553,50.9462716],[3.94952152,50.94626224],[3.9495327,50.94627941],[3.94957616,50.9462681],[3.94956576,50.94624797],[3.94960596,50.94623956],[3.94959319,50.94621295],[3.94971554,50.94618362],[3.94975321,50.94626919],[3.94951338,50.94631434]]]}},{"type":"Feature","id":"gebouw/Gebouw.13536068/0","properties":{"source":"Digitaal Vlaanderen Gebouwenregister","source_id":"gebouw/Gebouw.13536068/0","kind":"building","building":"official","height_m":6.6,"status":null},"geometry":{"type":"Polygon","coordinates":[[[3.94884661,50.94276792],[3.94837855,50.94242929],[3.94830241,50.94247085],[3.94790952,50.9421854],[3.94786521,50.94220761],[3.94740795,50.94187565],[3.94704632,50.94161311],[3.94758592,50.94131625],[3.94787124,50.94152386],[3.94795813,50.94145787],[3.9481831,50.94157208],[3.94828135,50.94168191],[3.94832106,50.9416619],[3.9483887,50.94171153],[3.94834649,50.94173527],[3.94855132,50.94188435],[3.94857987,50.94187194],[3.94866004,50.94193035],[3.94870132,50.94190773],[3.94871958,50.94192099],[3.94880608,50.9419838],[3.94896298,50.94209774],[3.94900091,50.94207689],[3.94905161,50.94211377],[3.94912724,50.94216861],[3.94914836,50.94215698],[3.94919469,50.94219074],[3.94952566,50.94243039],[3.94936239,50.94252099],[3.94938133,50.94253499],[3.9491873,50.94264072],[3.94915729,50.94265707],[3.94919347,50.94268369],[3.94912771,50.94271936],[3.94909177,50.94269372],[3.94899291,50.94274795],[3.94898937,50.9427499],[3.94894163,50.94271577],[3.94884661,50.94276792]]]}},{"type":"Feature","id":"gebouw/Gebouw.13536097/0","properties":{"source":"Digitaal Vlaanderen Gebouwenregister","source_id":"gebouw/Gebouw.13536097/0","kind":"building","building":"official","height_m":5.85,"status":null},"geometry":{"type":"Polygon","coordinates":[[[3.94864994,50.94769744],[3.94870375,50.94768767],[3.94873876,50.94776473],[3.94873436,50.94776548],[3.94874165,50.94778246],[3.94869021,50.94779127],[3.94868281,50.94777403],[3.94864994,50.94769744]]]}},{"type":"Feature","id":"gebouw/Gebouw.13536276/0","properties":{"source":"Digitaal Vlaanderen Gebouwenregister","source_id":"gebouw/Gebouw.13536276/0","kind":"building","building":"official","height_m":5.1,"status":null},"geometry":{"type":"Polygon","coordinates":[[[3.94691299,50.94557891],[3.94693089,50.94556295],[3.9470173,50.94559876],[3.94699882,50.94561561],[3.94691299,50.94557891]]]}},{"type":"Feature","id":"gebouw/Gebouw.13538568/0","properties":{"source":"Digitaal Vlaanderen Gebouwenregister","source_id":"gebouw/Gebouw.13538568/0","kind":"building","building":"official","height_m":5.1,"status":null},"geometry":{"type":"Polygon","coordinates":[[[3.94401249,50.94222679],[3.94404752,50.94224483],[3.94407377,50.94222454],[3.94409259,50.94223411],[3.94413246,50.94220246],[3.9442132,50.94224306],[3.94413159,50.94230634],[3.9441016,50.94229211],[3.94407367,50.9423137],[3.94401217,50.94228179],[3.94391837,50.94235685],[3.943876,50.94233517],[3.94401249,50.94222679]]]}},{"type":"Feature","id":"gebouw/Gebouw.13538774/0","properties":{"source":"Digitaal Vlaanderen Gebouwenregister","source_id":"gebouw/Gebouw.13538774/0","kind":"building","building":"official","height_m":6.6,"status":null},"geometry":{"type":"Polygon","coordinates":[[[3.94991671,50.94661362],[3.94992423,50.94663514],[3.94984268,50.94664646],[3.94977681,50.9466556],[3.94962173,50.94664456],[3.94960807,50.94660922],[3.94958813,50.94655759],[3.94960943,50.9465531],[3.94949735,50.94631735],[3.94951338,50.94631434],[3.94975321,50.94626919],[3.94984892,50.94646345],[3.9498602,50.94648636],[3.94989648,50.94656],[3.94989788,50.94655981],[3.94991671,50.94661362]]]}},{"type":"Feature","id":"gebouw/Gebouw.13539014/0","properties":{"source":"Digitaal Vlaanderen Gebouwenregister","source_id":"gebouw/Gebouw.13539014/0","kind":"building","building":"official","height_m":6.6,"status":null},"geometry":{"type":"Polygon","coordinates":[[[3.94584893,50.94507649],[3.94593641,50.94512385],[3.94589485,50.94515273],[3.94581094,50.94510524],[3.94584893,50.94507649]]]}},{"type":"Feature","id":"gebouw/Gebouw.13546410/0","properties":{"source":"Digitaal Vlaanderen Gebouwenregister","source_id":"gebouw/Gebouw.13546410/0","kind":"building","building":"official","height_m":5.1,"status":null},"geometry":{"type":"Polygon","coordinates":[[[3.94943315,50.94662954],[3.94934557,50.94662549],[3.94934593,50.94662256],[3.94934643,50.94661831],[3.94935927,50.94651078],[3.94934117,50.94651015],[3.94934548,50.94646534],[3.94939834,50.94646655],[3.94940818,50.94636186],[3.94940856,50.94635782],[3.94941666,50.94635831],[3.94945907,50.94636086],[3.94943315,50.94662954]]]}},{"type":"Feature","id":"gebouw/Gebouw.13552407/0","properties":{"source":"Digitaal Vlaanderen Gebouwenregister","source_id":"gebouw/Gebouw.13552407/0","kind":"building","building":"official","height_m":7.35,"status":null},"geometry":{"type":"Polygon","coordinates":[[[3.94467401,50.94633205],[3.94470823,50.94634604],[3.94473082,50.94632335],[3.94472326,50.94631996],[3.94477495,50.94626813],[3.9448139,50.94628337],[3.94482232,50.94627477],[3.94486959,50.94629388],[3.9448604,50.94630296],[3.94494662,50.94633563],[3.94486299,50.94642445],[3.94483394,50.94641354],[3.94483541,50.94641199],[3.9448196,50.94640605],[3.94482105,50.9464045],[3.94480227,50.94639745],[3.94477677,50.94642453],[3.94463684,50.94637195],[3.94467401,50.94633205]]]}},{"type":"Feature","id":"gebouw/Gebouw.13554548/0","properties":{"source":"Digitaal Vlaanderen Gebouwenregister","source_id":"gebouw/Gebouw.13554548/0","kind":"building","building":"official","height_m":6.6,"status":null},"geometry":{"type":"Polygon","coordinates":[[[3.94338528,50.94648373],[3.94333309,50.94646043],[3.94340479,50.9463984],[3.94344402,50.9464167],[3.9434369,50.94642293],[3.94344812,50.94642971],[3.94338528,50.94648373]]]}},{"type":"Feature","id":"gebouw/Gebouw.13554901/0","properties":{"source":"Digitaal Vlaanderen Gebouwenregister","source_id":"gebouw/Gebouw.13554901/0","kind":"building","building":"official","height_m":5.85,"status":null},"geometry":{"type":"Polygon","coordinates":[[[3.94906236,50.94610883],[3.94910066,50.94610991],[3.9490931,50.94615544],[3.94905289,50.94615288],[3.94905944,50.94612243],[3.94906236,50.94610883]]]}},{"type":"Feature","id":"gebouw/Gebouw.13563531/0","properties":{"source":"Digitaal Vlaanderen Gebouwenregister","source_id":"gebouw/Gebouw.13563531/0","kind":"building","building":"official","height_m":7.35,"status":null},"geometry":{"type":"Polygon","coordinates":[[[3.9434875,50.94490864],[3.94343011,50.94495521],[3.94336783,50.94492386],[3.94342174,50.9448816],[3.94343907,50.94489042],[3.94356857,50.94478559],[3.94356979,50.94478494],[3.9435711,50.94478439],[3.9435728,50.94478389],[3.9435746,50.94478355],[3.94358635,50.94478154],[3.94361112,50.94477729],[3.94363097,50.94477137],[3.94364639,50.94477969],[3.94355723,50.94485204],[3.9434875,50.94490864]]]}},{"type":"Feature","id":"gebouw/Gebouw.13564110/0","properties":{"source":"Digitaal Vlaanderen Gebouwenregister","source_id":"gebouw/Gebouw.13564110/0","kind":"building","building":"official","height_m":5.1,"status":null},"geometry":{"type":"Polygon","coordinates":[[[3.94482057,50.94582222],[3.9447476,50.94578806],[3.94477818,50.9457606],[3.94485572,50.94579223],[3.94482057,50.94582222]]]}},{"type":"Feature","id":"gebouw/Gebouw.13564112/0","properties":{"source":"Digitaal Vlaanderen Gebouwenregister","source_id":"gebouw/Gebouw.13564112/0","kind":"building","building":"official","height_m":6.6,"status":null},"geometry":{"type":"Polygon","coordinates":[[[3.94204247,50.94532562],[3.94200304,50.94530679],[3.94203191,50.94528142],[3.94207181,50.94530041],[3.94204247,50.94532562]]]}},{"type":"Feature","id":"gebouw/Gebouw.13571471/0","properties":{"source":"Digitaal Vlaanderen Gebouwenregister","source_id":"gebouw/Gebouw.13571471/0","kind":"building","building":"official","height_m":8.85,"status":null},"geometry":{"type":"Polygon","coordinates":[[[3.94944633,50.94442043],[3.94942274,50.94444281],[3.94934854,50.94441158],[3.94933416,50.94442521],[3.94931607,50.94444165],[3.94940169,50.94448037],[3.94934864,50.94452721],[3.94930884,50.94450931],[3.9492071,50.94446353],[3.9493129,50.9443669],[3.94944633,50.94442043]]]}},{"type":"Feature","id":"gebouw/Gebouw.13571724/0","properties":{"source":"Digitaal Vlaanderen Gebouwenregister","source_id":"gebouw/Gebouw.13571724/0","kind":"building","building":"official","height_m":5.1,"status":null},"geometry":{"type":"Polygon","coordinates":[[[3.95007549,50.94637026],[3.9502133,50.94634301],[3.95021146,50.94633913],[3.95026119,50.94633083],[3.95029194,50.94639566],[3.95025463,50.94640241],[3.95028661,50.94647658],[3.95013208,50.94650594],[3.95007549,50.94637026]]]}},{"type":"Feature","id":"gebouw/Gebouw.13572180/0","properties":{"source":"Digitaal Vlaanderen Gebouwenregister","source_id":"gebouw/Gebouw.13572180/0","kind":"building","building":"official","height_m":5.1,"status":null},"geometry":{"type":"Polygon","coordinates":[[[3.94427222,50.94230907],[3.94435378,50.94234989],[3.94433949,50.94236113],[3.94437523,50.9423791],[3.94438523,50.94237115],[3.94441278,50.94238532],[3.94444064,50.9423993],[3.94433881,50.94248123],[3.94416674,50.94239398],[3.94427222,50.94230907]]]}},{"type":"Feature","id":"gebouw/Gebouw.13574708/0","properties":{"source":"Digitaal Vlaanderen Gebouwenregister","source_id":"gebouw/Gebouw.13574708/0","kind":"building","building":"official","height_m":6.6,"status":null},"geometry":{"type":"Polygon","coordinates":[[[3.94911186,50.94332807],[3.94907579,50.94334165],[3.94905086,50.94331585],[3.94904366,50.94331804],[3.94899483,50.94326344],[3.94903696,50.94324764],[3.94908736,50.94330177],[3.94909379,50.94330867],[3.94911186,50.94332807]]]}},{"type":"Feature","id":"gebouw/Gebouw.13576818/0","properties":{"source":"Digitaal Vlaanderen Gebouwenregister","source_id":"gebouw/Gebouw.13576818/0","kind":"building","building":"official","height_m":5.1,"status":null},"geometry":{"type":"Polygon","coordinates":[[[3.95003551,50.94630234],[3.95001244,50.94625365],[3.95005984,50.94624469],[3.95002989,50.94618206],[3.95017581,50.94615428],[3.9502276,50.94626563],[3.95003551,50.94630234]]]}},{"type":"Feature","id":"gebouw/Gebouw.13576888/0","properties":{"source":"Digitaal Vlaanderen Gebouwenregister","source_id":"gebouw/Gebouw.13576888/0","kind":"building","building":"official","height_m":8.1,"status":null},"geometry":{"type":"Polygon","coordinates":[[[3.95005091,50.94366087],[3.95008121,50.94367776],[3.95004205,50.94370901],[3.94999298,50.94368316],[3.94993595,50.94365448],[3.94979866,50.94358545],[3.94987609,50.94352518],[3.94992353,50.94354861],[3.94995639,50.94356483],[3.94997204,50.94356033],[3.95006485,50.94360839],[3.95001255,50.94364752],[3.95003799,50.94366053],[3.95004308,50.94365651],[3.95005091,50.94366087]]]}},{"type":"Feature","id":"gebouw/Gebouw.13579144/0","properties":{"source":"Digitaal Vlaanderen Gebouwenregister","source_id":"gebouw/Gebouw.13579144/0","kind":"building","building":"official","height_m":8.1,"status":null},"geometry":{"type":"Polygon","coordinates":[[[3.94456097,50.94638093],[3.94460846,50.94633196],[3.9446491,50.94634924],[3.94460162,50.94639725],[3.9445651,50.94638259],[3.94456097,50.94638093]]]}},{"type":"Feature","id":"gebouw/Gebouw.13579261/0","properties":{"source":"Digitaal Vlaanderen Gebouwenregister","source_id":"gebouw/Gebouw.13579261/0","kind":"building","building":"official","height_m":5.85,"status":null},"geometry":{"type":"Polygon","coordinates":[[[3.94629294,50.94722589],[3.94626911,50.94724955],[3.94617503,50.94721102],[3.94619871,50.94718631],[3.94629294,50.94722589]]]}},{"type":"Feature","id":"gebouw/Gebouw.13579616/0","properties":{"source":"Digitaal Vlaanderen Gebouwenregister","source_id":"gebouw/Gebouw.13579616/0","kind":"building","building":"official","height_m":6.6,"status":null},"geometry":{"type":"Polygon","coordinates":[[[3.95040591,50.94691423],[3.9502123,50.94695217],[3.950184,50.94689501],[3.95015163,50.94682963],[3.95023053,50.94681496],[3.95025233,50.94685999],[3.95031427,50.94684954],[3.95027717,50.94677546],[3.95033362,50.94676547],[3.95033618,50.94677074],[3.95035045,50.94680011],[3.95036345,50.94682687],[3.95040591,50.94691423]]]}},{"type":"Feature","id":"gebouw/Gebouw.13584841/0","properties":{"source":"Digitaal Vlaanderen Gebouwenregister","source_id":"gebouw/Gebouw.13584841/0","kind":"building","building":"official","height_m":5.85,"status":null},"geometry":{"type":"Polygon","coordinates":[[[3.94625212,50.94287492],[3.94635053,50.94292383],[3.94621831,50.94302306],[3.94614157,50.94302897],[3.94613166,50.94303585],[3.94608288,50.94301177],[3.94608503,50.94301003],[3.94611734,50.94298391],[3.94620832,50.94291034],[3.94625212,50.94287492]]]}},{"type":"Feature","id":"gebouw/Gebouw.13588608/0","properties":{"source":"Digitaal Vlaanderen Gebouwenregister","source_id":"gebouw/Gebouw.13588608/0","kind":"building","building":"official","height_m":5.1,"status":null},"geometry":{"type":"Polygon","coordinates":[[[3.94598242,50.9452604],[3.94592995,50.94529592],[3.94596311,50.94531448],[3.9459136,50.94534787],[3.9458487,50.94530908],[3.94589293,50.94527828],[3.94585389,50.94525537],[3.94590834,50.94521656],[3.94598242,50.9452604]]]}},{"type":"Feature","id":"gebouw/Gebouw.13588966/0","properties":{"source":"Digitaal Vlaanderen Gebouwenregister","source_id":"gebouw/Gebouw.13588966/0","kind":"building","building":"official","height_m":8.1,"status":null},"geometry":{"type":"Polygon","coordinates":[[[3.94722011,50.94624903],[3.94721179,50.94624726],[3.94710814,50.9462252],[3.94709194,50.94622175],[3.94704787,50.94630054],[3.94702417,50.94634291],[3.9470787,50.9463551],[3.94708154,50.94635001],[3.94713429,50.94636185],[3.94715034,50.94633335],[3.94717065,50.9463379],[3.94722011,50.94624903]]]}},{"type":"Feature","id":"gebouw/Gebouw.13589265/0","properties":{"source":"Digitaal Vlaanderen Gebouwenregister","source_id":"gebouw/Gebouw.13589265/0","kind":"building","building":"official","height_m":7.35,"status":null},"geometry":{"type":"Polygon","coordinates":[[[3.95075281,50.9468467],[3.95057732,50.94688058],[3.95052334,50.94677154],[3.95050053,50.94672545],[3.95058283,50.94670896],[3.95062815,50.9467971],[3.95071066,50.94678268],[3.95075278,50.94684665],[3.95075281,50.9468467]]]}},{"type":"Feature","id":"gebouw/Gebouw.13589425/0","properties":{"source":"Digitaal Vlaanderen Gebouwenregister","source_id":"gebouw/Gebouw.13589425/0","kind":"building","building":"official","height_m":5.85,"status":null},"geometry":{"type":"Polygon","coordinates":[[[3.94685754,50.94753931],[3.94684938,50.94754671],[3.94681342,50.94753044],[3.94689709,50.94746031],[3.94690402,50.94746361],[3.94691979,50.94745039],[3.94694327,50.94746157],[3.94687367,50.94752468],[3.94685754,50.94753931]]]}},{"type":"Feature","id":"gebouw/Gebouw.13604017/0","properties":{"source":"Digitaal Vlaanderen Gebouwenregister","source_id":"gebouw/Gebouw.13604017/0","kind":"building","building":"official","height_m":5.85,"status":null},"geometry":{"type":"Polygon","coordinates":[[[3.94442744,50.9471033],[3.94437507,50.94715003],[3.94417501,50.94706134],[3.94422569,50.94701532],[3.94431871,50.94705589],[3.94442744,50.9471033]]]}},{"type":"Feature","id":"gebouw/Gebouw.13604067/0","properties":{"source":"Digitaal Vlaanderen Gebouwenregister","source_id":"gebouw/Gebouw.13604067/0","kind":"building","building":"official","height_m":7.35,"status":null},"geometry":{"type":"Polygon","coordinates":[[[3.95064539,50.94640797],[3.95066065,50.94643148],[3.95065062,50.94643475],[3.9506725,50.9464622],[3.95064339,50.94647051],[3.95062486,50.94644127],[3.95060842,50.946417],[3.95064539,50.94640797]]]}},{"type":"Feature","id":"gebouw/Gebouw.13604309/0","properties":{"source":"Digitaal Vlaanderen Gebouwenregister","source_id":"gebouw/Gebouw.13604309/0","kind":"building","building":"official","height_m":8.85,"status":null},"geometry":{"type":"Polygon","coordinates":[[[3.94504528,50.94442661],[3.94500166,50.94440308],[3.94503218,50.94437848],[3.94507816,50.94440308],[3.94504528,50.94442661]]]}},{"type":"Feature","id":"gebouw/Gebouw.13604467/0","properties":{"source":"Digitaal Vlaanderen Gebouwenregister","source_id":"gebouw/Gebouw.13604467/0","kind":"building","building":"official","height_m":5.85,"status":null},"geometry":{"type":"Polygon","coordinates":[[[3.94720519,50.94392805],[3.94716165,50.94390622],[3.94706545,50.94385799],[3.94702917,50.94388762],[3.94702744,50.94388904],[3.94712568,50.94393664],[3.9471357,50.94392816],[3.94718025,50.94394919],[3.94720519,50.94392805]]]}},{"type":"Feature","id":"gebouw/Gebouw.13604502/0","properties":{"source":"Digitaal Vlaanderen Gebouwenregister","source_id":"gebouw/Gebouw.13604502/0","kind":"building","building":"official","height_m":5.1,"status":null},"geometry":{"type":"Polygon","coordinates":[[[3.94570083,50.94818712],[3.94572551,50.94823739],[3.94563282,50.94826102],[3.94557156,50.94813871],[3.94576023,50.9481006],[3.94577974,50.94813892],[3.94572711,50.94815058],[3.94568724,50.94815942],[3.94570083,50.94818712]]]}},{"type":"Feature","id":"gebouw/Gebouw.13606813/0","properties":{"source":"Digitaal Vlaanderen Gebouwenregister","source_id":"gebouw/Gebouw.13606813/0","kind":"building","building":"official","height_m":5.85,"status":null},"geometry":{"type":"Polygon","coordinates":[[[3.94992328,50.94517165],[3.94983398,50.94513302],[3.94986694,50.94510261],[3.94984933,50.94509499],[3.94990757,50.94504453],[3.94985975,50.94502404],[3.9499071,50.94498216],[3.94995287,50.94500257],[3.94991469,50.94503836],[3.94996404,50.94505896],[3.9500306,50.94499948],[3.95004428,50.94500577],[3.95008266,50.9449718],[3.95012431,50.94498998],[3.94992328,50.94517165]]]}},{"type":"Feature","id":"gebouw/Gebouw.13626399/0","properties":{"source":"Digitaal Vlaanderen Gebouwenregister","source_id":"gebouw/Gebouw.13626399/0","kind":"building","building":"official","height_m":7.35,"status":null},"geometry":{"type":"Polygon","coordinates":[[[3.94414675,50.94698089],[3.94419769,50.94693387],[3.94424768,50.94695547],[3.94437087,50.94700985],[3.94431871,50.94705589],[3.94422569,50.94701532],[3.94419708,50.94700284],[3.94414675,50.94698089]]]}},{"type":"Feature","id":"gebouw/Gebouw.13626865/0","properties":{"source":"Digitaal Vlaanderen Gebouwenregister","source_id":"gebouw/Gebouw.13626865/0","kind":"building","building":"official","height_m":5.85,"status":null},"geometry":{"type":"Polygon","coordinates":[[[3.94554698,50.94684781],[3.94547501,50.94683341],[3.94548622,50.94681068],[3.94555971,50.9468246],[3.94554698,50.94684781]]]}},{"type":"Feature","id":"gebouw/Gebouw.13626876/0","properties":{"source":"Digitaal Vlaanderen Gebouwenregister","source_id":"gebouw/Gebouw.13626876/0","kind":"building","building":"official","height_m":5.1,"status":null},"geometry":{"type":"Polygon","coordinates":[[[3.94603427,50.94319983],[3.94607707,50.94316855],[3.94609124,50.94317513],[3.94616051,50.94311877],[3.94614776,50.9431128],[3.94615309,50.94310832],[3.94608016,50.94307266],[3.94600992,50.94312992],[3.9460052,50.94312725],[3.94596049,50.9431637],[3.94603427,50.94319983]]]}},{"type":"Feature","id":"gebouw/Gebouw.13627012/0","properties":{"source":"Digitaal Vlaanderen Gebouwenregister","source_id":"gebouw/Gebouw.13627012/0","kind":"building","building":"official","height_m":8.1,"status":null},"geometry":{"type":"Polygon","coordinates":[[[3.94448118,50.94438066],[3.94451754,50.94435029],[3.94455668,50.94437102],[3.94451915,50.94440113],[3.94448118,50.94438066]]]}},{"type":"Feature","id":"gebouw/Gebouw.13634777/0","properties":{"source":"Digitaal Vlaanderen Gebouwenregister","source_id":"gebouw/Gebouw.13634777/0","kind":"building","building":"official","height_m":8.85,"status":null},"geometry":{"type":"Polygon","coordinates":[[[3.94440862,50.94785167],[3.94428534,50.94792001],[3.94409678,50.94778657],[3.94416591,50.94774719],[3.94424681,50.94780645],[3.94426363,50.94781877],[3.94432045,50.94778742],[3.94440862,50.94785167]]]}},{"type":"Feature","id":"gebouw/Gebouw.13649767/0","properties":{"source":"Digitaal Vlaanderen Gebouwenregister","source_id":"gebouw/Gebouw.13649767/0","kind":"building","building":"official","height_m":5.85,"status":null},"geometry":{"type":"Polygon","coordinates":[[[3.94554612,50.94481069],[3.94572837,50.94491044],[3.94569042,50.94493724],[3.94566448,50.94492319],[3.94561703,50.94495661],[3.94546166,50.94487167],[3.94554612,50.94481069]]]}},{"type":"Feature","id":"gebouw/Gebouw.13650054/0","properties":{"source":"Digitaal Vlaanderen Gebouwenregister","source_id":"gebouw/Gebouw.13650054/0","kind":"building","building":"official","height_m":5.1,"status":null},"geometry":{"type":"Polygon","coordinates":[[[3.95010175,50.94573311],[3.95009008,50.94570841],[3.9501411,50.94569898],[3.95015325,50.94572293],[3.95010175,50.94573311]]]}},{"type":"Feature","id":"gebouw/Gebouw.13650401/0","properties":{"source":"Digitaal Vlaanderen Gebouwenregister","source_id":"gebouw/Gebouw.13650401/0","kind":"building","building":"official","height_m":8.85,"status":null},"geometry":{"type":"Polygon","coordinates":[[[3.94798501,50.94270844],[3.94798253,50.9427059],[3.94803146,50.94268653],[3.94814884,50.94279902],[3.94808805,50.94282252],[3.94798501,50.94270844]]]}},{"type":"Feature","id":"gebouw/Gebouw.13655501/0","properties":{"source":"Digitaal Vlaanderen Gebouwenregister","source_id":"gebouw/Gebouw.13655501/0","kind":"building","building":"official","height_m":8.85,"status":null},"geometry":{"type":"Polygon","coordinates":[[[3.94378886,50.94494835],[3.94378447,50.94495183],[3.94373148,50.94492431],[3.94382392,50.94485547],[3.94380984,50.94484762],[3.94387134,50.94480356],[3.94386951,50.94480262],[3.94389985,50.9447793],[3.94390265,50.94478075],[3.94395133,50.94474459],[3.94395349,50.94474576],[3.94395534,50.94474439],[3.94400832,50.94477452],[3.94378886,50.94494835]]]}},{"type":"Feature","id":"gebouw/Gebouw.13659833/0","properties":{"source":"Digitaal Vlaanderen Gebouwenregister","source_id":"gebouw/Gebouw.13659833/0","kind":"building","building":"official","height_m":8.85,"status":null},"geometry":{"type":"Polygon","coordinates":[[[3.94700043,50.9457273],[3.94701963,50.94571045],[3.94717142,50.94577423],[3.9471515,50.94579181],[3.94700043,50.9457273]]]}},{"type":"Feature","id":"gebouw/Gebouw.13659955/0","properties":{"source":"Digitaal Vlaanderen Gebouwenregister","source_id":"gebouw/Gebouw.13659955/0","kind":"building","building":"official","height_m":5.85,"status":null},"geometry":{"type":"Polygon","coordinates":[[[3.94823883,50.94664192],[3.94829676,50.94668396],[3.94826455,50.946703],[3.94820828,50.94666128],[3.94823883,50.94664192]]]}},{"type":"Feature","id":"gebouw/Gebouw.13660005/0","properties":{"source":"Digitaal Vlaanderen Gebouwenregister","source_id":"gebouw/Gebouw.13660005/0","kind":"building","building":"official","height_m":7.35,"status":null},"geometry":{"type":"Polygon","coordinates":[[[3.94554387,50.94677367],[3.9455062,50.94680734],[3.94542667,50.94679281],[3.94543422,50.94677764],[3.94538984,50.94676882],[3.94538256,50.94678344],[3.94525327,50.94675776],[3.9452833,50.94669771],[3.94545301,50.94673327],[3.94554387,50.94677367]]]}},{"type":"Feature","id":"gebouw/Gebouw.13660369/0","properties":{"source":"Digitaal Vlaanderen Gebouwenregister","source_id":"gebouw/Gebouw.13660369/0","kind":"building","building":"official","height_m":5.85,"status":null},"geometry":{"type":"Polygon","coordinates":[[[3.94856373,50.94333431],[3.94846599,50.94336728],[3.94837417,50.94326279],[3.94847415,50.9432283],[3.94856373,50.94333431]]]}},{"type":"Feature","id":"gebouw/Gebouw.13705673/0","properties":{"source":"Digitaal Vlaanderen Gebouwenregister","source_id":"gebouw/Gebouw.13705673/0","kind":"building","building":"official","height_m":8.85,"status":null},"geometry":{"type":"Polygon","coordinates":[[[3.94711869,50.9441637],[3.94709094,50.94413622],[3.94712482,50.94412297],[3.94715162,50.94415044],[3.94711869,50.9441637]]]}},{"type":"Feature","id":"gebouw/Gebouw.13705674/0","properties":{"source":"Digitaal Vlaanderen Gebouwenregister","source_id":"gebouw/Gebouw.13705674/0","kind":"building","building":"official","height_m":5.1,"status":null},"geometry":{"type":"Polygon","coordinates":[[[3.95047051,50.94348734],[3.95041125,50.94353175],[3.95037885,50.94351481],[3.95043473,50.94346961],[3.95047051,50.94348734]]]}},{"type":"Feature","id":"gebouw/Gebouw.13705698/0","properties":{"source":"Digitaal Vlaanderen Gebouwenregister","source_id":"gebouw/Gebouw.13705698/0","kind":"building","building":"official","height_m":5.1,"status":null},"geometry":{"type":"Polygon","coordinates":[[[3.94655146,50.94442563],[3.94649497,50.94442694],[3.9464829,50.94443661],[3.94645242,50.94442089],[3.94643904,50.94441399],[3.94643486,50.94441183],[3.94646627,50.94438526],[3.94647638,50.94438601],[3.94649227,50.94438719],[3.9465483,50.94438466],[3.94655146,50.94442563]]]}},{"type":"Feature","id":"gebouw/Gebouw.13705789/0","properties":{"source":"Digitaal Vlaanderen Gebouwenregister","source_id":"gebouw/Gebouw.13705789/0","kind":"building","building":"official","height_m":5.85,"status":null},"geometry":{"type":"Polygon","coordinates":[[[3.94492161,50.9425368],[3.94481837,50.9426178],[3.94459558,50.94250687],[3.94469765,50.9424251],[3.94492161,50.9425368]]]}},{"type":"Feature","id":"gebouw/Gebouw.13705819/0","properties":{"source":"Digitaal Vlaanderen Gebouwenregister","source_id":"gebouw/Gebouw.13705819/0","kind":"building","building":"official","height_m":5.85,"status":null},"geometry":{"type":"Polygon","coordinates":[[[3.94580183,50.94846276],[3.94569505,50.94848758],[3.94563598,50.94838648],[3.94574292,50.94836155],[3.94576749,50.94840376],[3.94580183,50.94846276]]]}},{"type":"Feature","id":"gebouw/Gebouw.13706145/0","properties":{"source":"Digitaal Vlaanderen Gebouwenregister","source_id":"gebouw/Gebouw.13706145/0","kind":"building","building":"official","height_m":7.35,"status":null},"geometry":{"type":"Polygon","coordinates":[[[3.94376876,50.94483864],[3.94367717,50.94491096],[3.94355723,50.94485204],[3.94364639,50.94477969],[3.943648,50.94477852],[3.94376876,50.94483864]]]}},{"type":"Feature","id":"gebouw/Gebouw.13706160/0","properties":{"source":"Digitaal Vlaanderen Gebouwenregister","source_id":"gebouw/Gebouw.13706160/0","kind":"building","building":"official","height_m":5.1,"status":null},"geometry":{"type":"Polygon","coordinates":[[[3.94919438,50.94546132],[3.94922994,50.94545487],[3.9492274,50.94544932],[3.9492541,50.94544445],[3.94925664,50.94544998],[3.94929221,50.94544346],[3.94932366,50.94550968],[3.94933885,50.94550685],[3.94936321,50.94555901],[3.9492252,50.9455846],[3.94920084,50.94553277],[3.94922318,50.94552855],[3.94919438,50.94546132]]]}},{"type":"Feature","id":"gebouw/Gebouw.13706162/0","properties":{"source":"Digitaal Vlaanderen Gebouwenregister","source_id":"gebouw/Gebouw.13706162/0","kind":"building","building":"official","height_m":6.6,"status":null},"geometry":{"type":"Polygon","coordinates":[[[3.94870137,50.94696752],[3.94867302,50.9469981],[3.94865706,50.94699237],[3.94868834,50.94695637],[3.94857438,50.94691625],[3.9485998,50.94688668],[3.94856209,50.94687368],[3.94860004,50.94683175],[3.94863799,50.94684477],[3.94863885,50.94684377],[3.9487733,50.94688996],[3.94870137,50.94696752]]]}},{"type":"Feature","id":"gebouw/Gebouw.13762678/0","properties":{"source":"Digitaal Vlaanderen Gebouwenregister","source_id":"gebouw/Gebouw.13762678/0","kind":"building","building":"official","height_m":8.1,"status":null},"geometry":{"type":"Polygon","coordinates":[[[3.94412293,50.94696743],[3.9440301,50.9469253],[3.94405142,50.94690785],[3.9441438,50.94694863],[3.94412293,50.94696743]]]}},{"type":"Feature","id":"gebouw/Gebouw.13763165/0","properties":{"source":"Digitaal Vlaanderen Gebouwenregister","source_id":"gebouw/Gebouw.13763165/0","kind":"building","building":"official","height_m":8.85,"status":null},"geometry":{"type":"Polygon","coordinates":[[[3.94759144,50.94745431],[3.94751048,50.94747068],[3.94745613,50.94736033],[3.94749878,50.94735127],[3.94749127,50.94733588],[3.94752337,50.94732983],[3.94752702,50.94733754],[3.94758205,50.94732658],[3.94758656,50.94733836],[3.94763201,50.94732987],[3.94764336,50.9473554],[3.94761225,50.94736191],[3.94763175,50.94740077],[3.94765116,50.94743947],[3.94765119,50.94743954],[3.9476513,50.94743975],[3.94759684,50.94745032],[3.94759011,50.94745168],[3.94759144,50.94745431]]]}},{"type":"Feature","id":"gebouw/Gebouw.13763318/0","properties":{"source":"Digitaal Vlaanderen Gebouwenregister","source_id":"gebouw/Gebouw.13763318/0","kind":"building","building":"official","height_m":6.6,"status":null},"geometry":{"type":"Polygon","coordinates":[[[3.94165321,50.94469397],[3.94166688,50.94458355],[3.94173435,50.94458885],[3.94174016,50.94456482],[3.94185388,50.94457356],[3.94182105,50.94471507],[3.94175665,50.94471048],[3.94175824,50.94470158],[3.94165321,50.94469397]]]}},{"type":"Feature","id":"gebouw/Gebouw.13763386/0","properties":{"source":"Digitaal Vlaanderen Gebouwenregister","source_id":"gebouw/Gebouw.13763386/0","kind":"building","building":"official","height_m":8.1,"status":null},"geometry":{"type":"Polygon","coordinates":[[[3.94531976,50.94742802],[3.94517121,50.94747749],[3.94515937,50.94746312],[3.94510105,50.94739232],[3.94512781,50.94738352],[3.94512824,50.94738337],[3.94521395,50.94735196],[3.94527043,50.94731173],[3.94532583,50.94735436],[3.94544075,50.94727662],[3.94549811,50.94731111],[3.94536989,50.94741133],[3.94531976,50.94742802]]]}},{"type":"Feature","id":"gebouw/Gebouw.13772679/0","properties":{"source":"Digitaal Vlaanderen Gebouwenregister","source_id":"gebouw/Gebouw.13772679/0","kind":"building","building":"official","height_m":7.35,"status":null},"geometry":{"type":"Polygon","coordinates":[[[3.95040831,50.94691382],[3.95040591,50.94691423],[3.95036345,50.94682687],[3.95042804,50.94681435],[3.95044536,50.94678696],[3.95052334,50.94677154],[3.95057732,50.94688058],[3.95056791,50.94688227],[3.95056036,50.94688303],[3.95053722,50.94688623],[3.95052788,50.94688723],[3.95051893,50.94688751],[3.95050915,50.94688758],[3.95049965,50.94688736],[3.95049083,50.94688682],[3.95049184,50.94688068],[3.95046939,50.94687882],[3.95046092,50.94687769],[3.95045296,50.94687633],[3.95045108,50.946876],[3.95044513,50.94687489],[3.95043708,50.9468764],[3.95043828,50.94687894],[3.95043397,50.94687975],[3.95039654,50.9468861],[3.95040831,50.94691382]]]}},{"type":"Feature","id":"gebouw/Gebouw.13772714/0","properties":{"source":"Digitaal Vlaanderen Gebouwenregister","source_id":"gebouw/Gebouw.13772714/0","kind":"building","building":"official","height_m":6.6,"status":null},"geometry":{"type":"Polygon","coordinates":[[[3.94312404,50.94733802],[3.94306544,50.94731211],[3.94300345,50.94737096],[3.94299722,50.94737687],[3.94305532,50.94740191],[3.94306322,50.94739457],[3.94312404,50.94733802]]]}},{"type":"Feature","id":"gebouw/Gebouw.13772802/0","properties":{"source":"Digitaal Vlaanderen Gebouwenregister","source_id":"gebouw/Gebouw.13772802/0","kind":"building","building":"official","height_m":5.1,"status":null},"geometry":{"type":"Polygon","coordinates":[[[3.94546831,50.94452461],[3.94537024,50.94459462],[3.94530282,50.9445574],[3.94526982,50.94453918],[3.94518872,50.94450616],[3.94521543,50.94448401],[3.94526176,50.94450052],[3.9453258,50.94445481],[3.94540125,50.94448787],[3.94546831,50.94452461]]]}},{"type":"Feature","id":"gebouw/Gebouw.13773081/0","properties":{"source":"Digitaal Vlaanderen Gebouwenregister","source_id":"gebouw/Gebouw.13773081/0","kind":"building","building":"official","height_m":7.35,"status":null},"geometry":{"type":"Polygon","coordinates":[[[3.94421248,50.94487677],[3.94427948,50.94490749],[3.94427102,50.94491485],[3.94436946,50.94496016],[3.94427329,50.94504362],[3.94412817,50.9449742],[3.94414683,50.94495817],[3.94412994,50.94494966],[3.94421248,50.94487677]]]}},{"type":"Feature","id":"gebouw/Gebouw.13773372/0","properties":{"source":"Digitaal Vlaanderen Gebouwenregister","source_id":"gebouw/Gebouw.13773372/0","kind":"building","building":"official","height_m":5.1,"status":null},"geometry":{"type":"Polygon","coordinates":[[[3.94990438,50.94600925],[3.95002329,50.9459856],[3.95003429,50.94600571],[3.9500704,50.9459994],[3.95010517,50.94601099],[3.95011423,50.94603244],[3.95015918,50.946025],[3.95018192,50.9460792],[3.94995851,50.94612106],[3.94990438,50.94600925]]]}},{"type":"Feature","id":"gebouw/Gebouw.13804885/0","properties":{"source":"Digitaal Vlaanderen Gebouwenregister","source_id":"gebouw/Gebouw.13804885/0","kind":"building","building":"official","height_m":5.85,"status":null},"geometry":{"type":"Polygon","coordinates":[[[3.9485452,50.94524301],[3.94863581,50.94517321],[3.94859624,50.9451524],[3.94863746,50.94511935],[3.94867322,50.94512914],[3.9487079,50.94512267],[3.94872731,50.94510628],[3.94872826,50.94508462],[3.94871197,50.94506672],[3.94869948,50.94506074],[3.94868979,50.94506803],[3.94867729,50.9450625],[3.94868189,50.94505878],[3.94855064,50.94499278],[3.94846945,50.94505634],[3.94850055,50.94507241],[3.94843582,50.9451236],[3.94840373,50.9451074],[3.94835818,50.94514342],[3.94839028,50.94515962],[3.94838178,50.94516634],[3.9485452,50.94524301]]]}},{"type":"Feature","id":"gebouw/Gebouw.13805531/0","properties":{"source":"Digitaal Vlaanderen Gebouwenregister","source_id":"gebouw/Gebouw.13805531/0","kind":"building","building":"official","height_m":8.85,"status":null},"geometry":{"type":"Polygon","coordinates":[[[3.9435032,50.94627871],[3.94345247,50.94625483],[3.94353487,50.94618646],[3.94358703,50.94621035],[3.9435032,50.94627871]]]}},{"type":"Feature","id":"gebouw/Gebouw.13811289/0","properties":{"source":"Digitaal Vlaanderen Gebouwenregister","source_id":"gebouw/Gebouw.13811289/0","kind":"building","building":"official","height_m":7.35,"status":null},"geometry":{"type":"Polygon","coordinates":[[[3.94559361,50.94658241],[3.94555781,50.94661375],[3.94546863,50.94659582],[3.94545696,50.94661724],[3.94539181,50.9466043],[3.94539626,50.94659529],[3.94533853,50.94658391],[3.94536697,50.9465263],[3.94554651,50.94656218],[3.94559361,50.94658241]]]}},{"type":"Feature","id":"gebouw/Gebouw.13839548/0","properties":{"source":"Digitaal Vlaanderen Gebouwenregister","source_id":"gebouw/Gebouw.13839548/0","kind":"building","building":"official","height_m":6.6,"status":null},"geometry":{"type":"Polygon","coordinates":[[[3.94645242,50.94442089],[3.94641222,50.94445316],[3.94629671,50.94438891],[3.94631482,50.94437526],[3.94625994,50.94434634],[3.9462792,50.94433152],[3.94643216,50.94441044],[3.94643486,50.94441183],[3.94643904,50.94441399],[3.94645242,50.94442089]]]}},{"type":"Feature","id":"gebouw/Gebouw.13839615/0","properties":{"source":"Digitaal Vlaanderen Gebouwenregister","source_id":"gebouw/Gebouw.13839615/0","kind":"building","building":"official","height_m":7.35,"status":null},"geometry":{"type":"Polygon","coordinates":[[[3.9491087,50.94589337],[3.94910791,50.94589701],[3.94894432,50.94583729],[3.94895872,50.9458216],[3.94896215,50.94581785],[3.94907677,50.94586023],[3.94908684,50.94585746],[3.94909396,50.94582577],[3.94912299,50.94582692],[3.9491087,50.94589337]]]}},{"type":"Feature","id":"gebouw/Gebouw.13839650/0","properties":{"source":"Digitaal Vlaanderen Gebouwenregister","source_id":"gebouw/Gebouw.13839650/0","kind":"building","building":"official","height_m":6.6,"status":null},"geometry":{"type":"Polygon","coordinates":[[[3.94622042,50.94711846],[3.94617878,50.94710501],[3.94619961,50.9470784],[3.94624102,50.94709125],[3.94622042,50.94711846]]]}},{"type":"Feature","id":"gebouw/Gebouw.13839770/0","properties":{"source":"Digitaal Vlaanderen Gebouwenregister","source_id":"gebouw/Gebouw.13839770/0","kind":"building","building":"official","height_m":6.6,"status":null},"geometry":{"type":"Polygon","coordinates":[[[3.94637849,50.94339373],[3.94632338,50.94343918],[3.94629735,50.9434247],[3.9463533,50.94338064],[3.94637849,50.94339373]]]}},{"type":"Feature","id":"gebouw/Gebouw.13839821/0","properties":{"source":"Digitaal Vlaanderen Gebouwenregister","source_id":"gebouw/Gebouw.13839821/0","kind":"building","building":"official","height_m":8.85,"status":null},"geometry":{"type":"Polygon","coordinates":[[[3.94703649,50.9454161],[3.94696911,50.94538223],[3.94694689,50.94540085],[3.94701661,50.94543225],[3.94703649,50.9454161]]]}},{"type":"Feature","id":"gebouw/Gebouw.13852469/0","properties":{"source":"Digitaal Vlaanderen Gebouwenregister","source_id":"gebouw/Gebouw.13852469/0","kind":"building","building":"official","height_m":8.85,"status":null},"geometry":{"type":"Polygon","coordinates":[[[3.95172957,50.94667305],[3.95172846,50.94667319],[3.9517229,50.9466739],[3.951607,50.94668872],[3.95160156,50.94668942],[3.95157848,50.94661754],[3.95161951,50.9466123],[3.95159887,50.94656416],[3.95158311,50.9465659],[3.95149726,50.94642596],[3.95155263,50.94641066],[3.95168478,50.94660662],[3.95170668,50.946605],[3.95172957,50.94667305]]]}},{"type":"Feature","id":"gebouw/Gebouw.13852714/0","properties":{"source":"Digitaal Vlaanderen Gebouwenregister","source_id":"gebouw/Gebouw.13852714/0","kind":"building","building":"official","height_m":8.1,"status":null},"geometry":{"type":"Polygon","coordinates":[[[3.94864291,50.94657554],[3.94855633,50.94656654],[3.9485048,50.94656118],[3.9485335,50.94645111],[3.94853537,50.94645127],[3.94858945,50.94645611],[3.94860511,50.94640388],[3.94868408,50.94640983],[3.94866461,50.94649439],[3.94871567,50.94649784],[3.94870475,50.94654733],[3.94869884,50.94656499],[3.94864713,50.94655936],[3.94864291,50.94657554]]]}},{"type":"Feature","id":"gebouw/Gebouw.13852821/0","properties":{"source":"Digitaal Vlaanderen Gebouwenregister","source_id":"gebouw/Gebouw.13852821/0","kind":"building","building":"official","height_m":7.35,"status":null},"geometry":{"type":"Polygon","coordinates":[[[3.94424229,50.94480924],[3.94417538,50.94486978],[3.94410087,50.94483451],[3.94413813,50.94480835],[3.94410794,50.94479424],[3.94414743,50.94476403],[3.94424229,50.94480924]]]}},{"type":"Feature","id":"gebouw/Gebouw.14880367/0","properties":{"source":"Digitaal Vlaanderen Gebouwenregister","source_id":"gebouw/Gebouw.14880367/0","kind":"building","building":"official","height_m":5.85,"status":null},"geometry":{"type":"Polygon","coordinates":[[[3.94727052,50.9447702],[3.94719907,50.94481803],[3.94720787,50.94482405],[3.94716448,50.94485442],[3.94705237,50.94478983],[3.94712843,50.94473653],[3.94715482,50.94475156],[3.94719287,50.94472495],[3.94727052,50.9447702]]]}},{"type":"Feature","id":"gebouw/Gebouw.16646531/0","properties":{"source":"Digitaal Vlaanderen Gebouwenregister","source_id":"gebouw/Gebouw.16646531/0","kind":"building","building":"official","height_m":8.85,"status":null},"geometry":{"type":"Polygon","coordinates":[[[3.94460759,50.94456286],[3.94460209,50.9445675],[3.94454378,50.9445399],[3.94455211,50.94453288],[3.94445032,50.94448519],[3.94452497,50.94442255],[3.94457885,50.94444805],[3.94459511,50.94443328],[3.94466329,50.94446695],[3.94469567,50.94443881],[3.94474635,50.94446156],[3.944681,50.94451447],[3.9447152,50.94453088],[3.9446975,50.94454595],[3.94465277,50.94452477],[3.94460759,50.94456286]]]}},{"type":"Feature","id":"gebouw/Gebouw.16653685/0","properties":{"source":"Digitaal Vlaanderen Gebouwenregister","source_id":"gebouw/Gebouw.16653685/0","kind":"building","building":"official","height_m":5.85,"status":null},"geometry":{"type":"Polygon","coordinates":[[[3.94685426,50.94792637],[3.94687532,50.94797008],[3.94691231,50.94800546],[3.94690583,50.94801089],[3.94684297,50.94806357],[3.94674181,50.94814835],[3.94657427,50.94828876],[3.94645043,50.94822905],[3.94639994,50.9482047],[3.94634029,50.94817594],[3.94654957,50.94800198],[3.94655367,50.94799857],[3.94652901,50.94794953],[3.94683702,50.94789058],[3.94685426,50.94792637]]]}},{"type":"Feature","id":"gebouw/Gebouw.16654029/0","properties":{"source":"Digitaal Vlaanderen Gebouwenregister","source_id":"gebouw/Gebouw.16654029/0","kind":"building","building":"official","height_m":7.35,"status":null},"geometry":{"type":"Polygon","coordinates":[[[3.94879641,50.94337859],[3.94875058,50.94339453],[3.94868564,50.94332489],[3.94873146,50.94330768],[3.94879641,50.94337859]]]}},{"type":"Feature","id":"gebouw/Gebouw.16654267/0","properties":{"source":"Digitaal Vlaanderen Gebouwenregister","source_id":"gebouw/Gebouw.16654267/0","kind":"building","building":"official","height_m":5.85,"status":null},"geometry":{"type":"Polygon","coordinates":[[[3.94537359,50.94858239],[3.9451927,50.94861653],[3.94515018,50.94852943],[3.94532122,50.94849677],[3.94534731,50.94855185],[3.94535814,50.94854981],[3.94537359,50.94858239]]]}},{"type":"Feature","id":"gebouw/Gebouw.16662779/0","properties":{"source":"Digitaal Vlaanderen Gebouwenregister","source_id":"gebouw/Gebouw.16662779/0","kind":"building","building":"official","height_m":8.85,"status":null},"geometry":{"type":"Polygon","coordinates":[[[3.95178485,50.94666572],[3.95172957,50.94667305],[3.95170668,50.946605],[3.95168478,50.94660662],[3.95155263,50.94641066],[3.95152807,50.94637425],[3.95153341,50.94637323],[3.95156817,50.94636663],[3.95156462,50.94636063],[3.95157945,50.94635744],[3.951583,50.94636273],[3.95160733,50.94635754],[3.95161706,50.94637352],[3.95164367,50.94636786],[3.95171462,50.94647574],[3.95170625,50.94647823],[3.95173275,50.94652866],[3.95171525,50.94653316],[3.95175129,50.94659945],[3.95176172,50.946599],[3.95178485,50.94666572]]]}},{"type":"Feature","id":"gebouw/Gebouw.16662783/0","properties":{"source":"Digitaal Vlaanderen Gebouwenregister","source_id":"gebouw/Gebouw.16662783/0","kind":"building","building":"official","height_m":7.35,"status":null},"geometry":{"type":"Polygon","coordinates":[[[3.95128852,50.94734586],[3.95127707,50.94732311],[3.95133955,50.94731041],[3.95135195,50.94733271],[3.95128852,50.94734586]]]}},{"type":"Feature","id":"gebouw/Gebouw.16663312/0","properties":{"source":"Digitaal Vlaanderen Gebouwenregister","source_id":"gebouw/Gebouw.16663312/0","kind":"building","building":"official","height_m":8.1,"status":null},"geometry":{"type":"Polygon","coordinates":[[[3.94539656,50.9476074],[3.94553535,50.94749068],[3.94556221,50.94748302],[3.94559024,50.9474884],[3.94560378,50.94750259],[3.94560096,50.94752056],[3.9455872,50.94753129],[3.94568999,50.94757913],[3.94561275,50.94764477],[3.94553068,50.94760725],[3.94552331,50.94761115],[3.94551902,50.94761273],[3.94551434,50.94761381],[3.94550945,50.94761436],[3.94550457,50.94761438],[3.94549977,50.94761387],[3.94549518,50.94761287],[3.94549091,50.94761138],[3.94548996,50.94761096],[3.94546077,50.94763606],[3.94539656,50.9476074]]]}},{"type":"Feature","id":"gebouw/Gebouw.16663491/0","properties":{"source":"Digitaal Vlaanderen Gebouwenregister","source_id":"gebouw/Gebouw.16663491/0","kind":"building","building":"official","height_m":7.35,"status":null},"geometry":{"type":"Polygon","coordinates":[[[3.94890399,50.94330012],[3.94882093,50.94333025],[3.9489,50.94341838],[3.94884906,50.94343608],[3.94879641,50.94337859],[3.94873146,50.94330768],[3.9487745,50.9432915],[3.94869103,50.94319761],[3.94878015,50.94316526],[3.94890399,50.94330012]]]}},{"type":"Feature","id":"gebouw/Gebouw.16665875/0","properties":{"source":"Digitaal Vlaanderen Gebouwenregister","source_id":"gebouw/Gebouw.16665875/0","kind":"building","building":"official","height_m":8.85,"status":null},"geometry":{"type":"Polygon","coordinates":[[[3.94667501,50.9425212],[3.94662461,50.9425617],[3.94658686,50.94254296],[3.94663445,50.94250227],[3.94667501,50.9425212]]]}},{"type":"Feature","id":"gebouw/Gebouw.16670985/0","properties":{"source":"Digitaal Vlaanderen Gebouwenregister","source_id":"gebouw/Gebouw.16670985/0","kind":"building","building":"official","height_m":7.35,"status":null},"geometry":{"type":"Polygon","coordinates":[[[3.94400389,50.94731543],[3.94371758,50.94718777],[3.94375794,50.94715019],[3.94368601,50.94711804],[3.94376906,50.94704471],[3.94412561,50.94720464],[3.94400389,50.94731543]]]}},{"type":"Feature","id":"gebouw/Gebouw.16671205/0","properties":{"source":"Digitaal Vlaanderen Gebouwenregister","source_id":"gebouw/Gebouw.16671205/0","kind":"building","building":"official","height_m":5.85,"status":null},"geometry":{"type":"Polygon","coordinates":[[[3.94899718,50.94659327],[3.94901201,50.94651379],[3.94921988,50.94652941],[3.94920458,50.94660874],[3.94899718,50.94659327]]]}},{"type":"Feature","id":"gebouw/Gebouw.16676822/0","properties":{"source":"Digitaal Vlaanderen Gebouwenregister","source_id":"gebouw/Gebouw.16676822/0","kind":"building","building":"official","height_m":6.6,"status":null},"geometry":{"type":"Polygon","coordinates":[[[3.94692905,50.9427625],[3.94697832,50.94279755],[3.94695759,50.94281213],[3.94696462,50.94281716],[3.94691691,50.94285331],[3.94686178,50.9428136],[3.94690901,50.94277772],[3.94692905,50.9427625]]]}},{"type":"Feature","id":"gebouw/Gebouw.16676967/0","properties":{"source":"Digitaal Vlaanderen Gebouwenregister","source_id":"gebouw/Gebouw.16676967/0","kind":"building","building":"official","height_m":7.35,"status":null},"geometry":{"type":"Polygon","coordinates":[[[3.94206902,50.94356026],[3.94201403,50.94360514],[3.94197229,50.94358238],[3.94202444,50.94353687],[3.94206902,50.94356026]]]}},{"type":"Feature","id":"gebouw/Gebouw.16676980/0","properties":{"source":"Digitaal Vlaanderen Gebouwenregister","source_id":"gebouw/Gebouw.16676980/0","kind":"building","building":"official","height_m":8.1,"status":null},"geometry":{"type":"Polygon","coordinates":[[[3.94371864,50.94548798],[3.94354493,50.94539564],[3.94356591,50.94538145],[3.94356092,50.945352],[3.94357145,50.94535093],[3.94356668,50.94531456],[3.94362713,50.94531159],[3.94362707,50.94532063],[3.9436381,50.94532605],[3.94366831,50.94530671],[3.94377118,50.94536232],[3.94375354,50.94537671],[3.94381984,50.94541398],[3.94371864,50.94548798]]]}},{"type":"Feature","id":"gebouw/Gebouw.16677500/0","properties":{"source":"Digitaal Vlaanderen Gebouwenregister","source_id":"gebouw/Gebouw.16677500/0","kind":"building","building":"official","height_m":6.6,"status":null},"geometry":{"type":"Polygon","coordinates":[[[3.94586805,50.9456909],[3.94579736,50.94575446],[3.94575654,50.94573665],[3.9457481,50.94573701],[3.94573901,50.945737],[3.94572995,50.9457366],[3.94572095,50.9457358],[3.94571206,50.94573461],[3.94570333,50.94573302],[3.94570195,50.9457327],[3.94569479,50.94573106],[3.94568649,50.94572872],[3.94567847,50.94572602],[3.94567077,50.94572298],[3.94566342,50.9457196],[3.94565646,50.94571591],[3.9456613,50.94571174],[3.94566464,50.94571313],[3.94568166,50.94569852],[3.94566085,50.9456889],[3.9457037,50.94565191],[3.94573494,50.94566609],[3.9457535,50.94565],[3.94576266,50.94564206],[3.94586805,50.9456909]]]}},{"type":"Feature","id":"gebouw/Gebouw.16677611/0","properties":{"source":"Digitaal Vlaanderen Gebouwenregister","source_id":"gebouw/Gebouw.16677611/0","kind":"building","building":"official","height_m":8.85,"status":null},"geometry":{"type":"Polygon","coordinates":[[[3.94818481,50.94284883],[3.94819256,50.94284561],[3.94820243,50.94284205],[3.94821267,50.94283894],[3.94822323,50.94283628],[3.94823406,50.94283409],[3.9482451,50.94283239],[3.94829199,50.94281228],[3.94841878,50.94292685],[3.9483131,50.94297441],[3.94822332,50.94289494],[3.94822817,50.9428924],[3.94818481,50.94284883]]]}},{"type":"Feature","id":"gebouw/Gebouw.16683688/0","properties":{"source":"Digitaal Vlaanderen Gebouwenregister","source_id":"gebouw/Gebouw.16683688/0","kind":"building","building":"official","height_m":8.1,"status":null},"geometry":{"type":"Polygon","coordinates":[[[3.95058748,50.9472456],[3.95055438,50.94725128],[3.95054576,50.94723141],[3.95050284,50.94723982],[3.95054274,50.94730011],[3.95050977,50.94731337],[3.9504296,50.94722964],[3.95047181,50.94722044],[3.95044151,50.94715071],[3.9505345,50.94713314],[3.95058748,50.9472456]]]}},{"type":"Feature","id":"gebouw/Gebouw.16683794/0","properties":{"source":"Digitaal Vlaanderen Gebouwenregister","source_id":"gebouw/Gebouw.16683794/0","kind":"building","building":"official","height_m":6.6,"status":null},"geometry":{"type":"Polygon","coordinates":[[[3.94655642,50.94420589],[3.946436,50.9441457],[3.94647819,50.94411191],[3.94659982,50.94417121],[3.94655642,50.94420589]]]}},{"type":"Feature","id":"gebouw/Gebouw.16686356/0","properties":{"source":"Digitaal Vlaanderen Gebouwenregister","source_id":"gebouw/Gebouw.16686356/0","kind":"building","building":"official","height_m":6.6,"status":null},"geometry":{"type":"Polygon","coordinates":[[[3.94915132,50.94356284],[3.94910877,50.94351476],[3.9491916,50.94348523],[3.94923201,50.94353268],[3.94915132,50.94356284]]]}},{"type":"Feature","id":"gebouw/Gebouw.16686545/0","properties":{"source":"Digitaal Vlaanderen Gebouwenregister","source_id":"gebouw/Gebouw.16686545/0","kind":"building","building":"official","height_m":8.85,"status":null},"geometry":{"type":"Polygon","coordinates":[[[3.94319067,50.94568083],[3.94331504,50.94574623],[3.94314834,50.94586818],[3.94318724,50.94589297],[3.94309299,50.94595947],[3.943048,50.94593465],[3.9430871,50.94590623],[3.94301737,50.94586538],[3.94314621,50.94577743],[3.94309636,50.94574874],[3.94319067,50.94568083]]]}},{"type":"Feature","id":"gebouw/Gebouw.16686622/0","properties":{"source":"Digitaal Vlaanderen Gebouwenregister","source_id":"gebouw/Gebouw.16686622/0","kind":"building","building":"official","height_m":8.1,"status":null},"geometry":{"type":"Polygon","coordinates":[[[3.94431022,50.94867248],[3.94434811,50.94870643],[3.94432462,50.94871812],[3.94431126,50.94872477],[3.94426943,50.94868753],[3.94431022,50.94867248]]]}},{"type":"Feature","id":"gebouw/Gebouw.16690668/0","properties":{"source":"Digitaal Vlaanderen Gebouwenregister","source_id":"gebouw/Gebouw.16690668/0","kind":"building","building":"official","height_m":5.1,"status":null},"geometry":{"type":"Polygon","coordinates":[[[3.94709194,50.94622175],[3.9471281,50.94615711],[3.94708121,50.94614794],[3.94705728,50.9461912],[3.94698987,50.94617548],[3.94696314,50.94622534],[3.94694845,50.94622186],[3.94690677,50.94629766],[3.94694448,50.94630598],[3.94693655,50.94632032],[3.94701289,50.94633717],[3.94701128,50.94634004],[3.94702417,50.94634291],[3.94704787,50.94630054],[3.94709194,50.94622175]]]}},{"type":"Feature","id":"gebouw/Gebouw.16693316/0","properties":{"source":"Digitaal Vlaanderen Gebouwenregister","source_id":"gebouw/Gebouw.16693316/0","kind":"building","building":"official","height_m":6.6,"status":null},"geometry":{"type":"Polygon","coordinates":[[[3.9471952,50.94287621],[3.94713808,50.9429174],[3.94709905,50.94289418],[3.94715497,50.94285283],[3.9471952,50.94287621]]]}},{"type":"Feature","id":"gebouw/Gebouw.16694516/0","properties":{"source":"Digitaal Vlaanderen Gebouwenregister","source_id":"gebouw/Gebouw.16694516/0","kind":"building","building":"official","height_m":6.6,"status":null},"geometry":{"type":"Polygon","coordinates":[[[3.94488576,50.94543325],[3.94496652,50.94547078],[3.94487827,50.94554641],[3.94482515,50.94552085],[3.94476458,50.94556993],[3.94473804,50.94555685],[3.94470933,50.94558012],[3.9446831,50.9455672],[3.94481313,50.94545898],[3.94484115,50.94547114],[3.94488576,50.94543325]]]}},{"type":"Feature","id":"gebouw/Gebouw.16694562/0","properties":{"source":"Digitaal Vlaanderen Gebouwenregister","source_id":"gebouw/Gebouw.16694562/0","kind":"building","building":"official","height_m":5.1,"status":null},"geometry":{"type":"Polygon","coordinates":[[[3.94589238,50.94675364],[3.94582054,50.9467251],[3.9458378,50.9467043],[3.94591307,50.9467319],[3.94589238,50.94675364]]]}},{"type":"Feature","id":"gebouw/Gebouw.16702395/0","properties":{"source":"Digitaal Vlaanderen Gebouwenregister","source_id":"gebouw/Gebouw.16702395/0","kind":"building","building":"official","height_m":7.35,"status":null},"geometry":{"type":"Polygon","coordinates":[[[3.9464829,50.94651387],[3.94655533,50.94653282],[3.9465507,50.94653988],[3.94661244,50.94655561],[3.94658715,50.94659588],[3.94660111,50.94659917],[3.9465355,50.94670184],[3.9463673,50.94665869],[3.9464404,50.94655112],[3.94645651,50.94655517],[3.9464829,50.94651387]]]}},{"type":"Feature","id":"gebouw/Gebouw.16710432/0","properties":{"source":"Digitaal Vlaanderen Gebouwenregister","source_id":"gebouw/Gebouw.16710432/0","kind":"building","building":"official","height_m":5.1,"status":null},"geometry":{"type":"Polygon","coordinates":[[[3.94629491,50.94531461],[3.94628943,50.94531758],[3.946327,50.94534274],[3.94622722,50.94540659],[3.94610534,50.9453369],[3.94618355,50.94528604],[3.94617022,50.94527777],[3.94620352,50.94525633],[3.94629491,50.94531461]]]}},{"type":"Feature","id":"gebouw/Gebouw.16710547/0","properties":{"source":"Digitaal Vlaanderen Gebouwenregister","source_id":"gebouw/Gebouw.16710547/0","kind":"building","building":"official","height_m":5.85,"status":null},"geometry":{"type":"Polygon","coordinates":[[[3.94670022,50.94608364],[3.94676264,50.94609427],[3.94674471,50.94614106],[3.94675444,50.94614296],[3.94674264,50.94617069],[3.94685108,50.94619015],[3.94679227,50.94631997],[3.94666896,50.94629901],[3.94670605,50.94621476],[3.94664786,50.94620526],[3.94669829,50.94608814],[3.94670022,50.94608364]]]}},{"type":"Feature","id":"gebouw/Gebouw.16711238/0","properties":{"source":"Digitaal Vlaanderen Gebouwenregister","source_id":"gebouw/Gebouw.16711238/0","kind":"building","building":"official","height_m":6.6,"status":null},"geometry":{"type":"Polygon","coordinates":[[[3.9496638,50.94460488],[3.94961951,50.94458156],[3.94964565,50.9445603],[3.94969112,50.94458498],[3.9496638,50.94460488]]]}},{"type":"Feature","id":"gebouw/Gebouw.16715770/0","properties":{"source":"Digitaal Vlaanderen Gebouwenregister","source_id":"gebouw/Gebouw.16715770/0","kind":"building","building":"official","height_m":8.1,"status":null},"geometry":{"type":"Polygon","coordinates":[[[3.94573044,50.94653583],[3.94566759,50.94650902],[3.94558991,50.94647587],[3.94553318,50.94646446],[3.94551573,50.94649646],[3.9453949,50.94647157],[3.94536697,50.9465263],[3.94554651,50.94656218],[3.94559361,50.94658241],[3.94570393,50.94662774],[3.94572613,50.94660618],[3.94571823,50.94660293],[3.94573362,50.94658799],[3.94567793,50.94656511],[3.94566119,50.94658137],[3.94556987,50.94653949],[3.94558265,50.94651054],[3.94560914,50.94651806],[3.94570744,50.94655845],[3.94573044,50.94653583]]]}},{"type":"Feature","id":"gebouw/Gebouw.16715856/0","properties":{"source":"Digitaal Vlaanderen Gebouwenregister","source_id":"gebouw/Gebouw.16715856/0","kind":"building","building":"official","height_m":5.1,"status":null},"geometry":{"type":"Polygon","coordinates":[[[3.94749574,50.94462294],[3.94738843,50.9447121],[3.94728376,50.94466137],[3.94739034,50.94457361],[3.94749574,50.94462294]]]}},{"type":"Feature","id":"gebouw/Gebouw.16716268/0","properties":{"source":"Digitaal Vlaanderen Gebouwenregister","source_id":"gebouw/Gebouw.16716268/0","kind":"building","building":"official","height_m":8.1,"status":null},"geometry":{"type":"Polygon","coordinates":[[[3.9454602,50.94695543],[3.94542229,50.94698661],[3.94533609,50.94694478],[3.94530493,50.94693816],[3.94529998,50.94694778],[3.94517001,50.94692106],[3.94519637,50.94686844],[3.94537023,50.94690306],[3.94546545,50.94694926],[3.94546686,50.94694995],[3.9454602,50.94695543]]]}},{"type":"Feature","id":"gebouw/Gebouw.16716553/0","properties":{"source":"Digitaal Vlaanderen Gebouwenregister","source_id":"gebouw/Gebouw.16716553/0","kind":"building","building":"official","height_m":5.85,"status":null},"geometry":{"type":"Polygon","coordinates":[[[3.94578864,50.94752334],[3.94570627,50.94748373],[3.94576896,50.94743218],[3.94584982,50.94747059],[3.94578864,50.94752334]]]}},{"type":"Feature","id":"gebouw/Gebouw.16718225/0","properties":{"source":"Digitaal Vlaanderen Gebouwenregister","source_id":"gebouw/Gebouw.16718225/0","kind":"building","building":"official","height_m":8.85,"status":null},"geometry":{"type":"Polygon","coordinates":[[[3.94898519,50.94348538],[3.94895376,50.94345186],[3.94900851,50.94343137],[3.94904042,50.94346539],[3.94898519,50.94348538]]]}},{"type":"Feature","id":"gebouw/Gebouw.16718334/0","properties":{"source":"Digitaal Vlaanderen Gebouwenregister","source_id":"gebouw/Gebouw.16718334/0","kind":"building","building":"official","height_m":5.1,"status":null},"geometry":{"type":"Polygon","coordinates":[[[3.94742947,50.94784745],[3.94728223,50.94787527],[3.94724759,50.94780303],[3.94739438,50.94777416],[3.94742947,50.94784745]]]}},{"type":"Feature","id":"gebouw/Gebouw.16718739/0","properties":{"source":"Digitaal Vlaanderen Gebouwenregister","source_id":"gebouw/Gebouw.16718739/0","kind":"building","building":"official","height_m":7.35,"status":null},"geometry":{"type":"Polygon","coordinates":[[[3.95159821,50.94718451],[3.95153469,50.94719325],[3.9515219,50.94716042],[3.95150975,50.94716233],[3.95152684,50.94721863],[3.95147686,50.94722606],[3.9514596,50.94718622],[3.95142838,50.94711419],[3.95147652,50.94710628],[3.95145835,50.94706396],[3.9514691,50.94706225],[3.95145457,50.94702572],[3.95153253,50.94701336],[3.95159821,50.94718451]]]}},{"type":"Feature","id":"gebouw/Gebouw.16720822/0","properties":{"source":"Digitaal Vlaanderen Gebouwenregister","source_id":"gebouw/Gebouw.16720822/0","kind":"building","building":"official","height_m":8.1,"status":null},"geometry":{"type":"Polygon","coordinates":[[[3.94740043,50.94664935],[3.94745921,50.94666607],[3.94746676,50.94665545],[3.94753753,50.94667552],[3.9474291,50.94683035],[3.94729796,50.94679309],[3.94740043,50.94664935]]]}},{"type":"Feature","id":"gebouw/Gebouw.16721295/0","properties":{"source":"Digitaal Vlaanderen Gebouwenregister","source_id":"gebouw/Gebouw.16721295/0","kind":"building","building":"official","height_m":7.35,"status":null},"geometry":{"type":"Polygon","coordinates":[[[3.95175223,50.94714329],[3.95167999,50.94717757],[3.95160856,50.94721147],[3.95159821,50.94718451],[3.95153253,50.94701336],[3.951607,50.94700147],[3.95162162,50.94703807],[3.95164233,50.94703478],[3.95165929,50.9470795],[3.95163949,50.94708378],[3.95164995,50.94711119],[3.95173307,50.94709796],[3.95172289,50.94707387],[3.95169619,50.94707767],[3.95168249,50.94704169],[3.9518467,50.94701794],[3.95186834,50.9470711],[3.9518113,50.94710657],[3.95175223,50.94714329]]]}},{"type":"Feature","id":"gebouw/Gebouw.16728044/0","properties":{"source":"Digitaal Vlaanderen Gebouwenregister","source_id":"gebouw/Gebouw.16728044/0","kind":"building","building":"official","height_m":6.6,"status":null},"geometry":{"type":"Polygon","coordinates":[[[3.9457269,50.94467629],[3.94568808,50.9447066],[3.94562982,50.94467618],[3.94556189,50.94472443],[3.94555679,50.94472159],[3.94545982,50.94466776],[3.94549317,50.94464366],[3.94556527,50.94459154],[3.94560342,50.94461154],[3.9457269,50.94467629]]]}},{"type":"Feature","id":"gebouw/Gebouw.16728260/0","properties":{"source":"Digitaal Vlaanderen Gebouwenregister","source_id":"gebouw/Gebouw.16728260/0","kind":"building","building":"official","height_m":6.6,"status":null},"geometry":{"type":"Polygon","coordinates":[[[3.94690315,50.94801313],[3.94697903,50.94804994],[3.94675497,50.94823526],[3.94668041,50.94819981],[3.94674181,50.94814835],[3.94684297,50.94806357],[3.94690315,50.94801313]]]}},{"type":"Feature","id":"gebouw/Gebouw.16728320/0","properties":{"source":"Digitaal Vlaanderen Gebouwenregister","source_id":"gebouw/Gebouw.16728320/0","kind":"building","building":"official","height_m":6.6,"status":null},"geometry":{"type":"Polygon","coordinates":[[[3.94894572,50.94703502],[3.94898188,50.9470305],[3.94909871,50.94706848],[3.94914279,50.94702102],[3.94907914,50.94699702],[3.94903408,50.94698002],[3.9490628,50.94694938],[3.94906447,50.9469476],[3.94898857,50.94692057],[3.9489814,50.94691782],[3.94893791,50.9469643],[3.94892197,50.94698134],[3.94891669,50.94698926],[3.94889609,50.94700899],[3.94886435,50.94704291],[3.94885889,50.94704874],[3.94886255,50.94705022],[3.94891077,50.94706961],[3.94894572,50.94703502]]]}},{"type":"Feature","id":"gebouw/Gebouw.16728333/0","properties":{"source":"Digitaal Vlaanderen Gebouwenregister","source_id":"gebouw/Gebouw.16728333/0","kind":"building","building":"official","height_m":7.35,"status":null},"geometry":{"type":"Polygon","coordinates":[[[3.94526146,50.94284309],[3.94518319,50.9428447],[3.94518258,50.94281787],[3.94526015,50.94281565],[3.94526146,50.94284309]]]}},{"type":"Feature","id":"gebouw/Gebouw.16728400/0","properties":{"source":"Digitaal Vlaanderen Gebouwenregister","source_id":"gebouw/Gebouw.16728400/0","kind":"building","building":"official","height_m":8.1,"status":null},"geometry":{"type":"Polygon","coordinates":[[[3.94664692,50.9440186],[3.94660683,50.94405059],[3.9464657,50.94397908],[3.94652529,50.9439313],[3.94657786,50.94395743],[3.94658683,50.94395018],[3.9466441,50.94397879],[3.9466143,50.94400159],[3.94664692,50.9440186]]]}},{"type":"Feature","id":"gebouw/Gebouw.16728565/0","properties":{"source":"Digitaal Vlaanderen Gebouwenregister","source_id":"gebouw/Gebouw.16728565/0","kind":"building","building":"official","height_m":5.85,"status":null},"geometry":{"type":"Polygon","coordinates":[[[3.94483053,50.9471767],[3.94481726,50.94719477],[3.94481595,50.94719481],[3.94479952,50.9472194],[3.94479813,50.94721949],[3.94477687,50.94725035],[3.94473026,50.94723535],[3.94468348,50.94721495],[3.94458532,50.94717214],[3.94451,50.9471393],[3.94453004,50.94712251],[3.9445958,50.94715073],[3.9446254,50.94710986],[3.94473449,50.94714218],[3.94473043,50.94714745],[3.94483053,50.9471767]]]}},{"type":"Feature","id":"gebouw/Gebouw.16728742/0","properties":{"source":"Digitaal Vlaanderen Gebouwenregister","source_id":"gebouw/Gebouw.16728742/0","kind":"building","building":"official","height_m":8.1,"status":null},"geometry":{"type":"Polygon","coordinates":[[[3.94471287,50.94519319],[3.94466452,50.94522838],[3.9445964,50.94518926],[3.94468123,50.94512689],[3.94467775,50.94512499],[3.94471188,50.94509863],[3.94469303,50.94508779],[3.944765,50.94504003],[3.94473111,50.94501838],[3.94481634,50.94496244],[3.94492262,50.94502541],[3.94492135,50.94502626],[3.94484242,50.94507927],[3.94485205,50.94508468],[3.94475399,50.94516325],[3.94474643,50.94515898],[3.94470438,50.94518875],[3.94471287,50.94519319]]]}},{"type":"Feature","id":"gebouw/Gebouw.16739310/0","properties":{"source":"Digitaal Vlaanderen Gebouwenregister","source_id":"gebouw/Gebouw.16739310/0","kind":"building","building":"official","height_m":5.1,"status":null},"geometry":{"type":"Polygon","coordinates":[[[3.94773152,50.94636107],[3.9477486,50.94632043],[3.94759667,50.94629579],[3.94759921,50.94628858],[3.94757808,50.94628554],[3.94759149,50.94624954],[3.94776575,50.94627679],[3.94775695,50.94629793],[3.94780562,50.94630573],[3.94780132,50.94631743],[3.9478336,50.94632268],[3.94784597,50.94629058],[3.9478004,50.94628296],[3.94780218,50.94627801],[3.94776254,50.94627119],[3.94777673,50.94623203],[3.94782018,50.94623858],[3.9478143,50.94625704],[3.94786652,50.94626577],[3.94785684,50.94628794],[3.94797765,50.94630856],[3.94795074,50.94637126],[3.94790986,50.9463644],[3.94789837,50.9463903],[3.94777369,50.94637],[3.94777428,50.94636855],[3.94773152,50.94636107]]]}},{"type":"Feature","id":"gebouw/Gebouw.16739337/0","properties":{"source":"Digitaal Vlaanderen Gebouwenregister","source_id":"gebouw/Gebouw.16739337/0","kind":"building","building":"official","height_m":7.35,"status":null},"geometry":{"type":"Polygon","coordinates":[[[3.94462131,50.94706078],[3.94447796,50.9469956],[3.94450963,50.94696844],[3.94465202,50.94703362],[3.94462131,50.94706078]]]}},{"type":"Feature","id":"gebouw/Gebouw.16739705/0","properties":{"source":"Digitaal Vlaanderen Gebouwenregister","source_id":"gebouw/Gebouw.16739705/0","kind":"building","building":"official","height_m":8.85,"status":null},"geometry":{"type":"Polygon","coordinates":[[[3.94733088,50.94664617],[3.94726303,50.9467422],[3.94723866,50.94676712],[3.94708319,50.94670813],[3.94707859,50.9467117],[3.94706629,50.94670738],[3.94709171,50.94667781],[3.94713027,50.94669048],[3.9471464,50.94667181],[3.94721093,50.94669525],[3.94723772,50.94665725],[3.94725099,50.94666023],[3.94727139,50.94663151],[3.94722646,50.94661855],[3.94726871,50.94654909],[3.94737505,50.94657552],[3.94733088,50.94664617]]]}},{"type":"Feature","id":"gebouw/Gebouw.16763479/0","properties":{"source":"Digitaal Vlaanderen Gebouwenregister","source_id":"gebouw/Gebouw.16763479/0","kind":"building","building":"official","height_m":5.85,"status":null},"geometry":{"type":"Polygon","coordinates":[[[3.94977327,50.94575682],[3.94974589,50.9456989],[3.94983153,50.94568264],[3.94980688,50.94563306],[3.94997987,50.94559845],[3.95002816,50.9457003],[3.94989783,50.9457231],[3.94990147,50.9457334],[3.94977327,50.94575682]]]}},{"type":"Feature","id":"gebouw/Gebouw.16763823/0","properties":{"source":"Digitaal Vlaanderen Gebouwenregister","source_id":"gebouw/Gebouw.16763823/0","kind":"building","building":"official","height_m":7.35,"status":null},"geometry":{"type":"Polygon","coordinates":[[[3.94416496,50.94839008],[3.94419886,50.94846108],[3.94421775,50.94845787],[3.94424746,50.94852008],[3.94418873,50.94853144],[3.94416443,50.94847359],[3.94411914,50.94848347],[3.94408386,50.94840582],[3.94416496,50.94839008]]]}},{"type":"Feature","id":"gebouw/Gebouw.16763889/0","properties":{"source":"Digitaal Vlaanderen Gebouwenregister","source_id":"gebouw/Gebouw.16763889/0","kind":"building","building":"official","height_m":7.35,"status":null},"geometry":{"type":"Polygon","coordinates":[[[3.94680723,50.94744416],[3.94677401,50.94742746],[3.9467694,50.94743134],[3.94673117,50.9474143],[3.94674453,50.94740253],[3.94671415,50.94738776],[3.94674129,50.94736548],[3.94670659,50.94735058],[3.94669955,50.94735668],[3.94668612,50.94734995],[3.94669462,50.94734234],[3.94669934,50.94734464],[3.9467355,50.94731441],[3.9467855,50.94733742],[3.94680126,50.94732461],[3.94689751,50.94736834],[3.94687881,50.94738443],[3.94686821,50.94737922],[3.94683257,50.94740766],[3.94683751,50.94741026],[3.94682782,50.9474177],[3.9468356,50.94742153],[3.94680723,50.94744416]]]}},{"type":"Feature","id":"gebouw/Gebouw.16764228/0","properties":{"source":"Digitaal Vlaanderen Gebouwenregister","source_id":"gebouw/Gebouw.16764228/0","kind":"building","building":"official","height_m":5.1,"status":null},"geometry":{"type":"Polygon","coordinates":[[[3.9460632,50.94474343],[3.94600424,50.94478732],[3.94594008,50.94475455],[3.94599736,50.9447098],[3.9460632,50.94474343]]]}},{"type":"Feature","id":"gebouw/Gebouw.16787512/0","properties":{"source":"Digitaal Vlaanderen Gebouwenregister","source_id":"gebouw/Gebouw.16787512/0","kind":"building","building":"official","height_m":8.1,"status":null},"geometry":{"type":"Polygon","coordinates":[[[3.94673138,50.94351046],[3.94666867,50.9435639],[3.94667662,50.94357389],[3.94666088,50.94358695],[3.9466428,50.94358582],[3.94662809,50.94359853],[3.94659871,50.94362393],[3.94651186,50.94358388],[3.94664439,50.94346913],[3.94664944,50.94347154],[3.94673138,50.94351046]]]}},{"type":"Feature","id":"gebouw/Gebouw.16787605/0","properties":{"source":"Digitaal Vlaanderen Gebouwenregister","source_id":"gebouw/Gebouw.16787605/0","kind":"building","building":"official","height_m":5.85,"status":null},"geometry":{"type":"Polygon","coordinates":[[[3.9440317,50.94241435],[3.94407869,50.94243916],[3.94403373,50.94247521],[3.94398669,50.94244984],[3.9440317,50.94241435]]]}},{"type":"Feature","id":"gebouw/Gebouw.16787898/0","properties":{"source":"Digitaal Vlaanderen Gebouwenregister","source_id":"gebouw/Gebouw.16787898/0","kind":"building","building":"official","height_m":5.1,"status":null},"geometry":{"type":"Polygon","coordinates":[[[3.94332525,50.94614821],[3.94325596,50.94620548],[3.94321874,50.94618805],[3.94328915,50.94613231],[3.94332525,50.94614821]]]}},{"type":"Feature","id":"gebouw/Gebouw.18195792/0","properties":{"source":"Digitaal Vlaanderen Gebouwenregister","source_id":"gebouw/Gebouw.18195792/0","kind":"building","building":"official","height_m":5.1,"status":null},"geometry":{"type":"Polygon","coordinates":[[[3.94608246,50.9452078],[3.94600319,50.94526081],[3.94592073,50.94521143],[3.9459226,50.94521018],[3.94587565,50.94518206],[3.94595329,50.94513032],[3.94608246,50.9452078]]]}},{"type":"Feature","id":"gebouw/Gebouw.18210963/0","properties":{"source":"Digitaal Vlaanderen Gebouwenregister","source_id":"gebouw/Gebouw.18210963/0","kind":"building","building":"official","height_m":7.35,"status":null},"geometry":{"type":"Polygon","coordinates":[[[3.9484598,50.94678604],[3.94851418,50.94680559],[3.94851189,50.94680872],[3.9485561,50.94682478],[3.94846191,50.94692817],[3.94841375,50.94691159],[3.94840478,50.94692125],[3.94835432,50.94690389],[3.94836835,50.94688759],[3.94840039,50.94685201],[3.94842462,50.94682511],[3.9484598,50.94678604]]]}},{"type":"Feature","id":"gebouw/Gebouw.18211026/0","properties":{"source":"Digitaal Vlaanderen Gebouwenregister","source_id":"gebouw/Gebouw.18211026/0","kind":"building","building":"official","height_m":5.1,"status":null},"geometry":{"type":"Polygon","coordinates":[[[3.94921444,50.94676627],[3.94922454,50.94677008],[3.94916573,50.94683223],[3.94916071,50.94683034],[3.94917571,50.94681455],[3.94916916,50.94681207],[3.94912393,50.94679492],[3.94916786,50.94674868],[3.94921444,50.94676627]]]}},{"type":"Feature","id":"gebouw/Gebouw.18241763/0","properties":{"source":"Digitaal Vlaanderen Gebouwenregister","source_id":"gebouw/Gebouw.18241763/0","kind":"building","building":"official","height_m":8.85,"status":null},"geometry":{"type":"Polygon","coordinates":[[[3.94739034,50.94457361],[3.94739138,50.94457275],[3.94742155,50.94454764],[3.94742719,50.94455034],[3.94748615,50.94450208],[3.94758992,50.9445521],[3.94749574,50.94462294],[3.94739034,50.94457361]]]}},{"type":"Feature","id":"gebouw/Gebouw.18242101/0","properties":{"source":"Digitaal Vlaanderen Gebouwenregister","source_id":"gebouw/Gebouw.18242101/0","kind":"building","building":"official","height_m":5.85,"status":null},"geometry":{"type":"Polygon","coordinates":[[[3.94556527,50.94459159],[3.94545986,50.94466781],[3.94555685,50.94472164],[3.94566399,50.94464346],[3.94560337,50.9446116],[3.94556527,50.94459159]]]}},{"type":"Feature","id":"gebouw/Gebouw.18242251/0","properties":{"source":"Digitaal Vlaanderen Gebouwenregister","source_id":"gebouw/Gebouw.18242251/0","kind":"building","building":"official","height_m":5.85,"status":null},"geometry":{"type":"Polygon","coordinates":[[[3.94870123,50.94711206],[3.94867293,50.94714207],[3.94857391,50.94710497],[3.9485696,50.94710335],[3.94863246,50.947036],[3.94863652,50.94703746],[3.94873717,50.94707395],[3.94870123,50.94711206]]]}},{"type":"Feature","id":"gebouw/Gebouw.18242593/0","properties":{"source":"Digitaal Vlaanderen Gebouwenregister","source_id":"gebouw/Gebouw.18242593/0","kind":"building","building":"official","height_m":5.85,"status":null},"geometry":{"type":"Polygon","coordinates":[[[3.94554875,50.94476737],[3.9455159,50.94474945],[3.94555685,50.94472164],[3.94545986,50.94466781],[3.94541962,50.94469679],[3.94538851,50.94472185],[3.94551437,50.94479277],[3.94554875,50.94476737]]]}},{"type":"Feature","id":"gebouw/Gebouw.18453388/0","properties":{"source":"Digitaal Vlaanderen Gebouwenregister","source_id":"gebouw/Gebouw.18453388/0","kind":"building","building":"official","height_m":8.1,"status":null},"geometry":{"type":"Polygon","coordinates":[[[3.94635067,50.94660545],[3.94631855,50.94665406],[3.94630041,50.94668152],[3.94624275,50.94666609],[3.94628349,50.94660673],[3.9461364,50.94656765],[3.94616927,50.94651395],[3.94618202,50.94651693],[3.946226,50.94644763],[3.94636787,50.94648406],[3.94629914,50.94659315],[3.94635067,50.94660545]]]}},{"type":"Feature","id":"gebouw/Gebouw.18475892/0","properties":{"source":"Digitaal Vlaanderen Gebouwenregister","source_id":"gebouw/Gebouw.18475892/0","kind":"building","building":"official","height_m":6.6,"status":null},"geometry":{"type":"Polygon","coordinates":[[[3.94697187,50.94561195],[3.94700141,50.94558395],[3.94705753,50.9456037],[3.94702821,50.94563597],[3.94697187,50.94561195]]]}},{"type":"Feature","id":"gebouw/Gebouw.18480482/0","properties":{"source":"Digitaal Vlaanderen Gebouwenregister","source_id":"gebouw/Gebouw.18480482/0","kind":"building","building":"official","height_m":6.6,"status":null},"geometry":{"type":"Polygon","coordinates":[[[3.94577997,50.94474746],[3.94569025,50.9448134],[3.94568633,50.94481628],[3.9455687,50.94475246],[3.94555681,50.94474601],[3.94560673,50.94470929],[3.94561332,50.94471276],[3.94565706,50.94468072],[3.94577997,50.94474746]]]}},{"type":"Feature","id":"gebouw/Gebouw.18485684/0","properties":{"source":"Digitaal Vlaanderen Gebouwenregister","source_id":"gebouw/Gebouw.18485684/0","kind":"building","building":"official","height_m":6.6,"status":null},"geometry":{"type":"Polygon","coordinates":[[[3.94595329,50.94513032],[3.94602423,50.94508304],[3.94606628,50.9451099],[3.94607613,50.94510342],[3.94616196,50.94515489],[3.94608246,50.9452078],[3.94595329,50.94513032]]]}},{"type":"Feature","id":"gebouw/Gebouw.18493728/0","properties":{"source":"Digitaal Vlaanderen Gebouwenregister","source_id":"gebouw/Gebouw.18493728/0","kind":"building","building":"official","height_m":5.1,"status":null},"geometry":{"type":"Polygon","coordinates":[[[3.94590607,50.94672697],[3.94585987,50.94677209],[3.94580827,50.94675052],[3.9458552,50.94670635],[3.94590607,50.94672697]]]}},{"type":"Feature","id":"gebouw/Gebouw.18493729/0","properties":{"source":"Digitaal Vlaanderen Gebouwenregister","source_id":"gebouw/Gebouw.18493729/0","kind":"building","building":"official","height_m":5.85,"status":null},"geometry":{"type":"Polygon","coordinates":[[[3.94724618,50.94289823],[3.94721519,50.94291916],[3.94726079,50.94294744],[3.9472261,50.94296893],[3.94715796,50.94292415],[3.94721191,50.94288071],[3.94724618,50.94289823]]]}},{"type":"Feature","id":"gebouw/Gebouw.18493730/0","properties":{"source":"Digitaal Vlaanderen Gebouwenregister","source_id":"gebouw/Gebouw.18493730/0","kind":"building","building":"official","height_m":6.6,"status":null},"geometry":{"type":"Polygon","coordinates":[[[3.94510321,50.94436946],[3.94503377,50.94441949],[3.94499502,50.94439884],[3.94506687,50.94434927],[3.94510321,50.94436946]]]}},{"type":"Feature","id":"gebouw/Gebouw.18778820/0","properties":{"source":"Digitaal Vlaanderen Gebouwenregister","source_id":"gebouw/Gebouw.18778820/0","kind":"building","building":"official","height_m":6.6,"status":null},"geometry":{"type":"Polygon","coordinates":[[[3.945148,50.94472731],[3.94511994,50.94474853],[3.94509253,50.94473407],[3.94501222,50.94468954],[3.94503826,50.94466941],[3.94509995,50.94470196],[3.94512147,50.94471331],[3.945148,50.94472731]]]}},{"type":"Feature","id":"gebouw/Gebouw.18784800/0","properties":{"source":"Digitaal Vlaanderen Gebouwenregister","source_id":"gebouw/Gebouw.18784800/0","kind":"building","building":"official","height_m":5.1,"status":null},"geometry":{"type":"Polygon","coordinates":[[[3.9484598,50.94678604],[3.94842462,50.94682511],[3.94840039,50.94685201],[3.94833324,50.94682705],[3.94828176,50.94680793],[3.94828378,50.94680576],[3.94834147,50.9467438],[3.94834267,50.94674251],[3.9484598,50.94678604]]]}},{"type":"Feature","id":"gebouw/Gebouw.18861777/0","properties":{"source":"Digitaal Vlaanderen Gebouwenregister","source_id":"gebouw/Gebouw.18861777/0","kind":"building","building":"official","height_m":7.35,"status":null},"geometry":{"type":"Polygon","coordinates":[[[3.95066327,50.944678],[3.95059539,50.94473792],[3.95053407,50.94470928],[3.95060112,50.9446501],[3.95066327,50.944678]]]}},{"type":"Feature","id":"gebouw/Gebouw.18861778/0","properties":{"source":"Digitaal Vlaanderen Gebouwenregister","source_id":"gebouw/Gebouw.18861778/0","kind":"building","building":"official","height_m":8.1,"status":null},"geometry":{"type":"Polygon","coordinates":[[[3.94654089,50.94475592],[3.94651683,50.9447742],[3.94647468,50.94474995],[3.94649852,50.94473269],[3.94654089,50.94475592]]]}},{"type":"Feature","id":"gebouw/Gebouw.18861779/0","properties":{"source":"Digitaal Vlaanderen Gebouwenregister","source_id":"gebouw/Gebouw.18861779/0","kind":"building","building":"official","height_m":8.85,"status":null},"geometry":{"type":"Polygon","coordinates":[[[3.94619505,50.94694946],[3.94617193,50.94697827],[3.94611896,50.94696005],[3.94614174,50.94693341],[3.94619505,50.94694946]]]}},{"type":"Feature","id":"gebouw/Gebouw.18861825/0","properties":{"source":"Digitaal Vlaanderen Gebouwenregister","source_id":"gebouw/Gebouw.18861825/0","kind":"building","building":"official","height_m":7.35,"status":null},"geometry":{"type":"Polygon","coordinates":[[[3.94788321,50.94514425],[3.94784543,50.9451767],[3.94780133,50.9451557],[3.94783776,50.94512457],[3.94788321,50.94514425]]]}},{"type":"Feature","id":"gebouw/Gebouw.18861826/0","properties":{"source":"Digitaal Vlaanderen Gebouwenregister","source_id":"gebouw/Gebouw.18861826/0","kind":"building","building":"official","height_m":8.1,"status":null},"geometry":{"type":"Polygon","coordinates":[[[3.94690854,50.9450788],[3.94686975,50.94510939],[3.94679946,50.94507401],[3.946783,50.94506573],[3.94678604,50.94506312],[3.94681955,50.94503432],[3.94690854,50.9450788]]]}},{"type":"Feature","id":"gebouw/Gebouw.18861827/0","properties":{"source":"Digitaal Vlaanderen Gebouwenregister","source_id":"gebouw/Gebouw.18861827/0","kind":"building","building":"official","height_m":8.85,"status":null},"geometry":{"type":"Polygon","coordinates":[[[3.94573302,50.94508058],[3.94565668,50.9451341],[3.94561308,50.94511036],[3.94569098,50.94505613],[3.94573302,50.94508058]]]}},{"type":"Feature","id":"gebouw/Gebouw.18861828/0","properties":{"source":"Digitaal Vlaanderen Gebouwenregister","source_id":"gebouw/Gebouw.18861828/0","kind":"building","building":"official","height_m":5.1,"status":null},"geometry":{"type":"Polygon","coordinates":[[[3.94651243,50.94453979],[3.94651985,50.94451445],[3.94645088,50.9445064],[3.94644347,50.94453173],[3.94651243,50.94453979]]]}},{"type":"Feature","id":"gebouw/Gebouw.18861829/0","properties":{"source":"Digitaal Vlaanderen Gebouwenregister","source_id":"gebouw/Gebouw.18861829/0","kind":"building","building":"official","height_m":5.85,"status":null},"geometry":{"type":"Polygon","coordinates":[[[3.94658798,50.94427155],[3.94656558,50.94426019],[3.94655521,50.9442678],[3.94644237,50.94420641],[3.94641203,50.94422759],[3.94655039,50.94429912],[3.94658798,50.94427155]]]}},{"type":"Feature","id":"gebouw/Gebouw.18861830/0","properties":{"source":"Digitaal Vlaanderen Gebouwenregister","source_id":"gebouw/Gebouw.18861830/0","kind":"building","building":"official","height_m":6.6,"status":null},"geometry":{"type":"Polygon","coordinates":[[[3.94751043,50.94425468],[3.94747858,50.94428031],[3.94744342,50.94426249],[3.94747466,50.9442379],[3.94751043,50.94425468]]]}},{"type":"Feature","id":"gebouw/Gebouw.18861831/0","properties":{"source":"Digitaal Vlaanderen Gebouwenregister","source_id":"gebouw/Gebouw.18861831/0","kind":"building","building":"official","height_m":7.35,"status":null},"geometry":{"type":"Polygon","coordinates":[[[3.94761936,50.9436844],[3.94764996,50.94371672],[3.94759684,50.94373755],[3.94756596,50.94370484],[3.94761936,50.9436844]]]}},{"type":"Feature","id":"gebouw/Gebouw.18861832/0","properties":{"source":"Digitaal Vlaanderen Gebouwenregister","source_id":"gebouw/Gebouw.18861832/0","kind":"building","building":"official","height_m":8.1,"status":null},"geometry":{"type":"Polygon","coordinates":[[[3.94759673,50.94249088],[3.9475654,50.94250819],[3.94751637,50.94247328],[3.9475463,50.94245706],[3.94759673,50.94249088]]]}},{"type":"Feature","id":"gebouw/Gebouw.18861833/0","properties":{"source":"Digitaal Vlaanderen Gebouwenregister","source_id":"gebouw/Gebouw.18861833/0","kind":"building","building":"official","height_m":8.85,"status":null},"geometry":{"type":"Polygon","coordinates":[[[3.94459704,50.94200523],[3.94450141,50.94208687],[3.94433627,50.94201468],[3.9444273,50.94193364],[3.94459704,50.94200523]]]}},{"type":"Feature","id":"gebouw/Gebouw.18861834/0","properties":{"source":"Digitaal Vlaanderen Gebouwenregister","source_id":"gebouw/Gebouw.18861834/0","kind":"building","building":"official","height_m":5.1,"status":null},"geometry":{"type":"Polygon","coordinates":[[[3.94489887,50.9445163],[3.94486581,50.94454023],[3.94482334,50.94451765],[3.94485505,50.94449473],[3.94489887,50.9445163]]]}},{"type":"Feature","id":"gebouw/Gebouw.18861835/0","properties":{"source":"Digitaal Vlaanderen Gebouwenregister","source_id":"gebouw/Gebouw.18861835/0","kind":"building","building":"official","height_m":5.85,"status":null},"geometry":{"type":"Polygon","coordinates":[[[3.94466933,50.94404582],[3.94464795,50.9440658],[3.94457544,50.94403557],[3.94459793,50.94401434],[3.94466933,50.94404582]]]}},{"type":"Feature","id":"gebouw/Gebouw.18861836/0","properties":{"source":"Digitaal Vlaanderen Gebouwenregister","source_id":"gebouw/Gebouw.18861836/0","kind":"building","building":"official","height_m":6.6,"status":null},"geometry":{"type":"Polygon","coordinates":[[[3.94370983,50.94493312],[3.94364626,50.94498597],[3.94360779,50.94496723],[3.9436717,50.94491409],[3.94370983,50.94493312]]]}},{"type":"Feature","id":"gebouw/Gebouw.18861837/0","properties":{"source":"Digitaal Vlaanderen Gebouwenregister","source_id":"gebouw/Gebouw.18861837/0","kind":"building","building":"official","height_m":7.35,"status":null},"geometry":{"type":"Polygon","coordinates":[[[3.94383281,50.9451711],[3.94379467,50.94519757],[3.94375481,50.94517517],[3.94379328,50.94514977],[3.94383281,50.9451711]]]}},{"type":"Feature","id":"gebouw/Gebouw.18862296/0","properties":{"source":"Digitaal Vlaanderen Gebouwenregister","source_id":"gebouw/Gebouw.18862296/0","kind":"building","building":"official","height_m":5.1,"status":null},"geometry":{"type":"Polygon","coordinates":[[[3.94174763,50.94539216],[3.94171064,50.94542252],[3.94170712,50.94542541],[3.94166878,50.94540727],[3.9417114,50.94537396],[3.94174763,50.94539216]]]}},{"type":"Feature","id":"gebouw/Gebouw.18862297/0","properties":{"source":"Digitaal Vlaanderen Gebouwenregister","source_id":"gebouw/Gebouw.18862297/0","kind":"building","building":"official","height_m":5.85,"status":null},"geometry":{"type":"Polygon","coordinates":[[[3.94326394,50.94611425],[3.94322445,50.94614574],[3.94318516,50.94612598],[3.94322524,50.94609424],[3.94326394,50.94611425]]]}},{"type":"Feature","id":"gebouw/Gebouw.18862298/0","properties":{"source":"Digitaal Vlaanderen Gebouwenregister","source_id":"gebouw/Gebouw.18862298/0","kind":"building","building":"official","height_m":6.6,"status":null},"geometry":{"type":"Polygon","coordinates":[[[3.94361592,50.94644906],[3.94359898,50.94646242],[3.94356041,50.94644373],[3.94365877,50.94637034],[3.94370026,50.94638941],[3.94362128,50.94645166],[3.94361592,50.94644906]]]}},{"type":"Feature","id":"gebouw/Gebouw.18862299/0","properties":{"source":"Digitaal Vlaanderen Gebouwenregister","source_id":"gebouw/Gebouw.18862299/0","kind":"building","building":"official","height_m":7.35,"status":null},"geometry":{"type":"Polygon","coordinates":[[[3.94746279,50.94477898],[3.9475117,50.94475844],[3.94753779,50.94478316],[3.9474904,50.94480315],[3.94746279,50.94477898]]]}},{"type":"Feature","id":"gebouw/Gebouw.18862389/0","properties":{"source":"Digitaal Vlaanderen Gebouwenregister","source_id":"gebouw/Gebouw.18862389/0","kind":"building","building":"official","height_m":7.35,"status":null},"geometry":{"type":"Polygon","coordinates":[[[3.948933,50.9479628],[3.94889519,50.94797163],[3.94886917,50.94792828],[3.94890923,50.94791862],[3.948933,50.9479628]]]}},{"type":"Feature","id":"gebouw/Gebouw.18862390/0","properties":{"source":"Digitaal Vlaanderen Gebouwenregister","source_id":"gebouw/Gebouw.18862390/0","kind":"building","building":"official","height_m":8.1,"status":null},"geometry":{"type":"Polygon","coordinates":[[[3.95137417,50.94741209],[3.95139918,50.94742812],[3.95135072,50.94745546],[3.95132678,50.94743842],[3.95137417,50.94741209]]]}},{"type":"Feature","id":"gebouw/Gebouw.18862391/0","properties":{"source":"Digitaal Vlaanderen Gebouwenregister","source_id":"gebouw/Gebouw.18862391/0","kind":"building","building":"official","height_m":8.85,"status":null},"geometry":{"type":"Polygon","coordinates":[[[3.95152161,50.9459675],[3.95154431,50.9460118],[3.95151467,50.94601766],[3.95149246,50.94597367],[3.95152161,50.9459675]]]}},{"type":"Feature","id":"gebouw/Gebouw.18862393/0","properties":{"source":"Digitaal Vlaanderen Gebouwenregister","source_id":"gebouw/Gebouw.18862393/0","kind":"building","building":"official","height_m":5.85,"status":null},"geometry":{"type":"Polygon","coordinates":[[[3.95077282,50.9466074],[3.95080294,50.94664718],[3.95077592,50.94665553],[3.95074654,50.94661514],[3.95077282,50.9466074]]]}},{"type":"Feature","id":"gebouw/Gebouw.18862394/0","properties":{"source":"Digitaal Vlaanderen Gebouwenregister","source_id":"gebouw/Gebouw.18862394/0","kind":"building","building":"official","height_m":6.6,"status":null},"geometry":{"type":"Polygon","coordinates":[[[3.95061325,50.94655335],[3.95059805,50.94652984],[3.950552,50.94654169],[3.95054442,50.94654367],[3.95055961,50.94656718],[3.95056745,50.94656516],[3.95061325,50.94655335]]]}},{"type":"Feature","id":"gebouw/Gebouw.18862395/0","properties":{"source":"Digitaal Vlaanderen Gebouwenregister","source_id":"gebouw/Gebouw.18862395/0","kind":"building","building":"official","height_m":7.35,"status":null},"geometry":{"type":"Polygon","coordinates":[[[3.94687312,50.94722872],[3.94690628,50.94719733],[3.94704433,50.94725453],[3.94700802,50.94728963],[3.94687312,50.94722872]]]}},{"type":"Feature","id":"gebouw/Gebouw.18862396/0","properties":{"source":"Digitaal Vlaanderen Gebouwenregister","source_id":"gebouw/Gebouw.18862396/0","kind":"building","building":"official","height_m":8.1,"status":null},"geometry":{"type":"Polygon","coordinates":[[[3.9441618,50.94658443],[3.94411925,50.94656537],[3.94404162,50.94663015],[3.94408349,50.94664914],[3.9441618,50.94658443]]]}},{"type":"Feature","id":"gebouw/Gebouw.18862482/0","properties":{"source":"Digitaal Vlaanderen Gebouwenregister","source_id":"gebouw/Gebouw.18862482/0","kind":"building","building":"official","height_m":5.1,"status":null},"geometry":{"type":"Polygon","coordinates":[[[3.94596052,50.94664171],[3.94594095,50.9466685],[3.94589987,50.94665821],[3.94591968,50.94662864],[3.94596052,50.94664171]]]}},{"type":"Feature","id":"gebouw/Gebouw.18862483/0","properties":{"source":"Digitaal Vlaanderen Gebouwenregister","source_id":"gebouw/Gebouw.18862483/0","kind":"building","building":"official","height_m":5.85,"status":null},"geometry":{"type":"Polygon","coordinates":[[[3.94690994,50.94558724],[3.94687028,50.94562693],[3.94684056,50.94561593],[3.94688049,50.94557641],[3.94690994,50.94558724]]]}},{"type":"Feature","id":"gebouw/Gebouw.18862484/0","properties":{"source":"Digitaal Vlaanderen Gebouwenregister","source_id":"gebouw/Gebouw.18862484/0","kind":"building","building":"official","height_m":6.6,"status":null},"geometry":{"type":"Polygon","coordinates":[[[3.94630852,50.94605824],[3.94627957,50.94609293],[3.94624176,50.94608153],[3.94627063,50.94604448],[3.94630852,50.94605824]]]}},{"type":"Feature","id":"gebouw/Gebouw.18862485/0","properties":{"source":"Digitaal Vlaanderen Gebouwenregister","source_id":"gebouw/Gebouw.18862485/0","kind":"building","building":"official","height_m":7.35,"status":null},"geometry":{"type":"Polygon","coordinates":[[[3.94661084,50.94601151],[3.94659049,50.9460555],[3.94652357,50.94604472],[3.94654227,50.94599934],[3.94661084,50.94601151]]]}},{"type":"Feature","id":"gebouw/Gebouw.18862486/0","properties":{"source":"Digitaal Vlaanderen Gebouwenregister","source_id":"gebouw/Gebouw.18862486/0","kind":"building","building":"official","height_m":8.1,"status":null},"geometry":{"type":"Polygon","coordinates":[[[3.94704103,50.94574776],[3.9469893,50.9457285],[3.94694487,50.94578137],[3.94693859,50.94578884],[3.94692966,50.94579946],[3.94698178,50.94581662],[3.94704103,50.94574776]]]}},{"type":"Feature","id":"gebouw/Gebouw.18862487/0","properties":{"source":"Digitaal Vlaanderen Gebouwenregister","source_id":"gebouw/Gebouw.18862487/0","kind":"building","building":"official","height_m":8.85,"status":null},"geometry":{"type":"Polygon","coordinates":[[[3.94790775,50.9460475],[3.94787802,50.94608577],[3.94778798,50.94605764],[3.94781583,50.94602028],[3.94790775,50.9460475]]]}},{"type":"Feature","id":"gebouw/Gebouw.18862488/0","properties":{"source":"Digitaal Vlaanderen Gebouwenregister","source_id":"gebouw/Gebouw.18862488/0","kind":"building","building":"official","height_m":5.1,"status":null},"geometry":{"type":"Polygon","coordinates":[[[3.94778847,50.94612902],[3.94777047,50.94616137],[3.94765151,50.94613691],[3.94766661,50.94610584],[3.94778847,50.94612902]]]}},{"type":"Feature","id":"gebouw/Gebouw.18862489/0","properties":{"source":"Digitaal Vlaanderen Gebouwenregister","source_id":"gebouw/Gebouw.18862489/0","kind":"building","building":"official","height_m":5.85,"status":null},"geometry":{"type":"Polygon","coordinates":[[[3.94844648,50.94528646],[3.94850931,50.94531785],[3.94847843,50.94534497],[3.94841453,50.94531263],[3.94844648,50.94528646]]]}},{"type":"Feature","id":"gebouw/Gebouw.18862616/0","properties":{"source":"Digitaal Vlaanderen Gebouwenregister","source_id":"gebouw/Gebouw.18862616/0","kind":"building","building":"official","height_m":6.6,"status":null},"geometry":{"type":"Polygon","coordinates":[[[3.94571285,50.94859881],[3.94568115,50.94860765],[3.94564036,50.94854758],[3.94567603,50.94853862],[3.94571285,50.94859881]]]}},{"type":"Feature","id":"gebouw/Gebouw.18862617/0","properties":{"source":"Digitaal Vlaanderen Gebouwenregister","source_id":"gebouw/Gebouw.18862617/0","kind":"building","building":"official","height_m":7.35,"status":null},"geometry":{"type":"Polygon","coordinates":[[[3.94747296,50.94802059],[3.94742367,50.94807021],[3.94736958,50.94805039],[3.94741867,50.94799942],[3.94747296,50.94802059]]]}},{"type":"Feature","id":"gebouw/Gebouw.18867222/0","properties":{"source":"Digitaal Vlaanderen Gebouwenregister","source_id":"gebouw/Gebouw.18867222/0","kind":"building","building":"official","height_m":5.1,"status":null},"geometry":{"type":"Polygon","coordinates":[[[3.94983936,50.94739958],[3.94977243,50.94730539],[3.94967623,50.94732646],[3.94972947,50.94747886],[3.94975595,50.94746469],[3.94983936,50.94739958]]]}},{"type":"Feature","id":"gebouw/Gebouw.18889917/0","properties":{"source":"Digitaal Vlaanderen Gebouwenregister","source_id":"gebouw/Gebouw.18889917/0","kind":"building","building":"official","height_m":7.35,"status":null},"geometry":{"type":"Polygon","coordinates":[[[3.94913401,50.94758033],[3.94905536,50.94745486],[3.94905413,50.94745519],[3.94900161,50.94746916],[3.94900315,50.94747209],[3.94893911,50.94748923],[3.94900274,50.9475874],[3.94906651,50.94757091],[3.94908143,50.94759393],[3.94913401,50.94758033]]]}},{"type":"Feature","id":"gebouw/Gebouw.19051731/0","properties":{"source":"Digitaal Vlaanderen Gebouwenregister","source_id":"gebouw/Gebouw.19051731/0","kind":"building","building":"official","height_m":7.35,"status":null},"geometry":{"type":"Polygon","coordinates":[[[3.94966848,50.94745135],[3.94957352,50.94746968],[3.94952452,50.94736658],[3.94961906,50.94734834],[3.94963255,50.94737646],[3.94966848,50.94745135]]]}},{"type":"Feature","id":"gebouw/Gebouw.19053951/0","properties":{"source":"Digitaal Vlaanderen Gebouwenregister","source_id":"gebouw/Gebouw.19053951/0","kind":"building","building":"official","height_m":7.35,"status":null},"geometry":{"type":"Polygon","coordinates":[[[3.94960398,50.94740766],[3.94956716,50.94731358],[3.94948792,50.94733352],[3.9495285,50.94742761],[3.94960398,50.94740766]]]}},{"type":"Feature","id":"gebouw/Gebouw.19232679/0","properties":{"source":"Digitaal Vlaanderen Gebouwenregister","source_id":"gebouw/Gebouw.19232679/0","kind":"building","building":"official","height_m":7.35,"status":null},"geometry":{"type":"Polygon","coordinates":[[[3.94890828,50.94674439],[3.9488759,50.94677985],[3.94882491,50.94683579],[3.94890487,50.9468649],[3.9489262,50.94684151],[3.94896864,50.94685695],[3.94903067,50.94678894],[3.94890828,50.94674439]]]}},{"type":"Feature","id":"gebouw/Gebouw.19232741/0","properties":{"source":"Digitaal Vlaanderen Gebouwenregister","source_id":"gebouw/Gebouw.19232741/0","kind":"building","building":"official","height_m":8.85,"status":null},"geometry":{"type":"Polygon","coordinates":[[[3.94543221,50.94703784],[3.94532212,50.94698535],[3.94528761,50.94701414],[3.9452869,50.94701472],[3.94543973,50.9470876],[3.9454436,50.94708437],[3.9454586,50.94707181],[3.94541594,50.94705146],[3.94543221,50.94703784]]]}},{"type":"Feature","id":"gebouw/Gebouw.19298581/0","properties":{"source":"Digitaal Vlaanderen Gebouwenregister","source_id":"gebouw/Gebouw.19298581/0","kind":"building","building":"official","height_m":5.85,"status":null},"geometry":{"type":"Polygon","coordinates":[[[3.9459775,50.94231556],[3.94590377,50.94242355],[3.9457706,50.94238726],[3.9458568,50.94226101],[3.94593719,50.94228292],[3.94596071,50.94224847],[3.94605698,50.94227471],[3.946021,50.94232742],[3.9459775,50.94231556]]]}},{"type":"Feature","id":"gebouw/Gebouw.19691997/0","properties":{"source":"Digitaal Vlaanderen Gebouwenregister","source_id":"gebouw/Gebouw.19691997/0","kind":"building","building":"official","height_m":7.35,"status":null},"geometry":{"type":"Polygon","coordinates":[[[3.94894187,50.94490048],[3.94890577,50.94488441],[3.94886963,50.94491556],[3.94878913,50.9448798],[3.94879452,50.94487491],[3.948737,50.94484959],[3.94876645,50.94482289],[3.94876698,50.94482241],[3.94871693,50.94480038],[3.9486824,50.94478468],[3.94867694,50.94478219],[3.94881613,50.94466055],[3.94886498,50.94461786],[3.94891012,50.94463847],[3.94887287,50.94467103],[3.94893061,50.9446974],[3.94891943,50.94470717],[3.94893083,50.94471238],[3.94889028,50.94474951],[3.94893243,50.94476788],[3.94895194,50.94474925],[3.94896612,50.9447553],[3.94901565,50.94471101],[3.94911372,50.94475606],[3.94906727,50.94479521],[3.9490854,50.9448039],[3.94904287,50.94483821],[3.94894187,50.94490048]]]}},{"type":"Feature","id":"gebouw/Gebouw.19691998/0","properties":{"source":"Digitaal Vlaanderen Gebouwenregister","source_id":"gebouw/Gebouw.19691998/0","kind":"building","building":"official","height_m":8.1,"status":null},"geometry":{"type":"Polygon","coordinates":[[[3.94871693,50.94480038],[3.94867837,50.94483508],[3.94864459,50.94481974],[3.9486824,50.94478468],[3.94871693,50.94480038]]]}},{"type":"Feature","id":"gebouw/Gebouw.19693595/0","properties":{"source":"Digitaal Vlaanderen Gebouwenregister","source_id":"gebouw/Gebouw.19693595/0","kind":"building","building":"official","height_m":8.85,"status":null},"geometry":{"type":"Polygon","coordinates":[[[3.9489814,50.94691782],[3.94893791,50.9469643],[3.94892197,50.94698134],[3.94886457,50.94695757],[3.94892852,50.94689593],[3.9489814,50.94691782]]]}},{"type":"Feature","id":"gebouw/Gebouw.19695435/0","properties":{"source":"Digitaal Vlaanderen Gebouwenregister","source_id":"gebouw/Gebouw.19695435/0","kind":"building","building":"official","height_m":7.35,"status":null},"geometry":{"type":"Polygon","coordinates":[[[3.94929184,50.94471083],[3.94924641,50.94475646],[3.94911955,50.9447075],[3.94910926,50.94471542],[3.94887412,50.94460987],[3.94887879,50.94460579],[3.94893611,50.94455569],[3.94929184,50.94471083]]]}},{"type":"Feature","id":"gebouw/Gebouw.19695436/0","properties":{"source":"Digitaal Vlaanderen Gebouwenregister","source_id":"gebouw/Gebouw.19695436/0","kind":"building","building":"official","height_m":8.1,"status":null},"geometry":{"type":"Polygon","coordinates":[[[3.94893611,50.94455569],[3.94887879,50.94460579],[3.94865976,50.94450624],[3.94870754,50.9444663],[3.9487993,50.94450651],[3.94880753,50.94449962],[3.94893611,50.94455569]]]}},{"type":"Feature","id":"gebouw/Gebouw.19701483/0","properties":{"source":"Digitaal Vlaanderen Gebouwenregister","source_id":"gebouw/Gebouw.19701483/0","kind":"building","building":"official","height_m":7.35,"status":null},"geometry":{"type":"Polygon","coordinates":[[[3.94553983,50.94526571],[3.94550607,50.94528934],[3.945465,50.94526554],[3.94547656,50.94525758],[3.94542497,50.94522782],[3.94559105,50.94510813],[3.94564088,50.94513731],[3.94556084,50.94519214],[3.94560756,50.9452183],[3.94560523,50.94521993],[3.94557492,50.94524115],[3.94557465,50.94524133],[3.94553983,50.94526571]]]}},{"type":"Feature","id":"gebouw/Gebouw.19701484/0","properties":{"source":"Digitaal Vlaanderen Gebouwenregister","source_id":"gebouw/Gebouw.19701484/0","kind":"building","building":"official","height_m":8.1,"status":null},"geometry":{"type":"Polygon","coordinates":[[[3.94560523,50.94521993],[3.94565176,50.94524474],[3.94562031,50.94526747],[3.94557492,50.94524115],[3.94560523,50.94521993]]]}},{"type":"Feature","id":"gebouw/Gebouw.19706946/0","properties":{"source":"Digitaal Vlaanderen Gebouwenregister","source_id":"gebouw/Gebouw.19706946/0","kind":"building","building":"official","height_m":5.1,"status":null},"geometry":{"type":"Polygon","coordinates":[[[3.9462601,50.94582668],[3.9462227,50.9458553],[3.94617919,50.94583513],[3.9461231,50.94580913],[3.94598033,50.94574296],[3.94593583,50.94572232],[3.94604414,50.94562682],[3.94607693,50.9455979],[3.94611667,50.94561637],[3.94616623,50.94557381],[3.94624152,50.9456074],[3.94619727,50.94564551],[3.94624575,50.94566937],[3.94629117,50.94562955],[3.94633543,50.9456493],[3.94628631,50.94569507],[3.94626838,50.94568724],[3.94615961,50.94578126],[3.9462601,50.94582668]]]}},{"type":"Feature","id":"gebouw/Gebouw.19706947/0","properties":{"source":"Digitaal Vlaanderen Gebouwenregister","source_id":"gebouw/Gebouw.19706947/0","kind":"building","building":"official","height_m":5.85,"status":null},"geometry":{"type":"Polygon","coordinates":[[[3.94596171,50.94564984],[3.94582172,50.94558556],[3.94578299,50.94561954],[3.94578607,50.94562091],[3.94576266,50.94564206],[3.94586805,50.9456909],[3.94587927,50.94569611],[3.94589847,50.945705],[3.94592968,50.94571947],[3.94596507,50.94568855],[3.94593377,50.94567425],[3.94596171,50.94564984]]]}},{"type":"Feature","id":"gebouw/Gebouw.19706948/0","properties":{"source":"Digitaal Vlaanderen Gebouwenregister","source_id":"gebouw/Gebouw.19706948/0","kind":"building","building":"official","height_m":6.6,"status":null},"geometry":{"type":"Polygon","coordinates":[[[3.94607693,50.9455979],[3.94596538,50.94554607],[3.94600535,50.94551026],[3.94601149,50.94550476],[3.94616443,50.94557301],[3.94616623,50.94557381],[3.94611667,50.94561637],[3.94607693,50.9455979]]]}},{"type":"Feature","id":"gebouw/Gebouw.19708221/0","properties":{"source":"Digitaal Vlaanderen Gebouwenregister","source_id":"gebouw/Gebouw.19708221/0","kind":"building","building":"official","height_m":7.35,"status":null},"geometry":{"type":"Polygon","coordinates":[[[3.9466415,50.94808138],[3.94645699,50.94823222],[3.94639994,50.9482047],[3.94634029,50.94817594],[3.94654957,50.94800198],[3.94655367,50.94799857],[3.9466415,50.94808138]]]}},{"type":"Feature","id":"gebouw/Gebouw.19708222/0","properties":{"source":"Digitaal Vlaanderen Gebouwenregister","source_id":"gebouw/Gebouw.19708222/0","kind":"building","building":"official","height_m":8.1,"status":null},"geometry":{"type":"Polygon","coordinates":[[[3.94684297,50.94806357],[3.94674181,50.94814835],[3.94668041,50.94819981],[3.94657427,50.94828876],[3.94645699,50.94823222],[3.9466415,50.94808138],[3.94671155,50.94802412],[3.94676296,50.94805111],[3.94683888,50.94799636],[3.94685181,50.94798703],[3.94687532,50.94797008],[3.94691231,50.94800546],[3.94690583,50.94801089],[3.94690315,50.94801313],[3.94684297,50.94806357]]]}},{"type":"Feature","id":"gebouw/Gebouw.19708223/0","properties":{"source":"Digitaal Vlaanderen Gebouwenregister","source_id":"gebouw/Gebouw.19708223/0","kind":"building","building":"official","height_m":8.85,"status":null},"geometry":{"type":"Polygon","coordinates":[[[3.9466415,50.94808138],[3.94655367,50.94799857],[3.94652901,50.94794953],[3.94683702,50.94789058],[3.94685426,50.94792637],[3.94687532,50.94797008],[3.94685181,50.94798703],[3.94683888,50.94799636],[3.94676296,50.94805111],[3.94671155,50.94802412],[3.9466415,50.94808138]]]}},{"type":"Feature","id":"gebouw/Gebouw.19708715/0","properties":{"source":"Digitaal Vlaanderen Gebouwenregister","source_id":"gebouw/Gebouw.19708715/0","kind":"building","building":"official","height_m":8.85,"status":null},"geometry":{"type":"Polygon","coordinates":[[[3.9518113,50.94710657],[3.95175223,50.94714329],[3.95173307,50.94709796],[3.95172289,50.94707387],[3.95169619,50.94707767],[3.95168249,50.94704169],[3.9518467,50.94701794],[3.95186834,50.9470711],[3.9518113,50.94710657]]]}},{"type":"Feature","id":"gebouw/Gebouw.19708716/0","properties":{"source":"Digitaal Vlaanderen Gebouwenregister","source_id":"gebouw/Gebouw.19708716/0","kind":"building","building":"official","height_m":5.1,"status":null},"geometry":{"type":"Polygon","coordinates":[[[3.95167999,50.94717757],[3.95160856,50.94721147],[3.95159821,50.94718451],[3.95153253,50.94701336],[3.951607,50.94700147],[3.95162162,50.94703807],[3.95164233,50.94703478],[3.95165929,50.9470795],[3.95163949,50.94708378],[3.95164995,50.94711119],[3.95173307,50.94709796],[3.95175223,50.94714329],[3.95167999,50.94717757]]]}},{"type":"Feature","id":"gebouw/Gebouw.19711254/0","properties":{"source":"Digitaal Vlaanderen Gebouwenregister","source_id":"gebouw/Gebouw.19711254/0","kind":"building","building":"official","height_m":5.1,"status":null},"geometry":{"type":"Polygon","coordinates":[[[3.94398598,50.94774394],[3.94397804,50.94773652],[3.94395997,50.94771963],[3.94391898,50.94774018],[3.9438857,50.94772641],[3.94386681,50.94773468],[3.94368321,50.94781512],[3.94381721,50.94793291],[3.94390011,50.94797213],[3.94393354,50.94795676],[3.94388676,50.94790319],[3.94394291,50.94788028],[3.94401665,50.94785019],[3.94407442,50.94782662],[3.94405687,50.94781021],[3.94402375,50.94777925],[3.94401965,50.94777542],[3.94398598,50.94774394]]]}},{"type":"Feature","id":"gebouw/Gebouw.19711255/0","properties":{"source":"Digitaal Vlaanderen Gebouwenregister","source_id":"gebouw/Gebouw.19711255/0","kind":"building","building":"official","height_m":5.85,"status":null},"geometry":{"type":"Polygon","coordinates":[[[3.94407442,50.94782662],[3.94401665,50.94785019],[3.94408614,50.94791508],[3.94401528,50.94794539],[3.94408871,50.94801145],[3.94410803,50.94800892],[3.9441326,50.94799808],[3.94414427,50.94798827],[3.94414112,50.94798497],[3.94415642,50.94797831],[3.94421079,50.9479541],[3.94407442,50.94782662]]]}},{"type":"Feature","id":"gebouw/Gebouw.19712005/0","properties":{"source":"Digitaal Vlaanderen Gebouwenregister","source_id":"gebouw/Gebouw.19712005/0","kind":"building","building":"official","height_m":5.85,"status":null},"geometry":{"type":"Polygon","coordinates":[[[3.94324637,50.94862389],[3.94298496,50.94884101],[3.94300604,50.94885204],[3.9429367,50.94891442],[3.94276398,50.94883931],[3.94270358,50.94881304],[3.94262711,50.94864911],[3.94327206,50.94852494],[3.94330594,50.94859639],[3.94328863,50.94859981],[3.9432177,50.94861381],[3.94324637,50.94862389]],[[3.94284983,50.94872139],[3.94279629,50.94873163],[3.94281276,50.94876501],[3.94292188,50.94880968],[3.94312183,50.94864557],[3.94309529,50.94863799],[3.94283423,50.94868953],[3.94284983,50.94872139]]]}},{"type":"Feature","id":"gebouw/Gebouw.19712006/0","properties":{"source":"Digitaal Vlaanderen Gebouwenregister","source_id":"gebouw/Gebouw.19712006/0","kind":"building","building":"official","height_m":6.6,"status":null},"geometry":{"type":"Polygon","coordinates":[[[3.94262711,50.94864911],[3.94270358,50.94881304],[3.94264056,50.94878563],[3.94261552,50.94873753],[3.94258432,50.94874251],[3.94254579,50.94866477],[3.94262711,50.94864911]]]}},{"type":"Feature","id":"gebouw/Gebouw.19713513/0","properties":{"source":"Digitaal Vlaanderen Gebouwenregister","source_id":"gebouw/Gebouw.19713513/0","kind":"building","building":"official","height_m":7.35,"status":null},"geometry":{"type":"Polygon","coordinates":[[[3.94986572,50.94371184],[3.94984542,50.94371043],[3.9498386,50.94370995],[3.94983769,50.94371635],[3.94983608,50.94372769],[3.94982429,50.94372662],[3.94977141,50.94372186],[3.94977545,50.94370361],[3.94977379,50.94370346],[3.94979866,50.94358545],[3.94993595,50.94365448],[3.94991796,50.94366917],[3.94986572,50.94371184]]]}},{"type":"Feature","id":"gebouw/Gebouw.19713605/0","properties":{"source":"Digitaal Vlaanderen Gebouwenregister","source_id":"gebouw/Gebouw.19713605/0","kind":"building","building":"official","height_m":8.85,"status":null},"geometry":{"type":"Polygon","coordinates":[[[3.94989117,50.9437247],[3.94986572,50.94371184],[3.94991796,50.94366917],[3.94993595,50.94365448],[3.94999298,50.94368316],[3.94997417,50.94369788],[3.9499433,50.94368211],[3.94989117,50.9437247]]]}},{"type":"Feature","id":"gebouw/Gebouw.19714284/0","properties":{"source":"Digitaal Vlaanderen Gebouwenregister","source_id":"gebouw/Gebouw.19714284/0","kind":"building","building":"official","height_m":5.1,"status":null},"geometry":{"type":"Polygon","coordinates":[[[3.94736242,50.94609467],[3.94742033,50.9459912],[3.94735035,50.9459756],[3.94731677,50.94603415],[3.94728849,50.94602704],[3.94719168,50.94619505],[3.94729263,50.94621938],[3.94736242,50.94609467]]]}},{"type":"Feature","id":"gebouw/Gebouw.19714505/0","properties":{"source":"Digitaal Vlaanderen Gebouwenregister","source_id":"gebouw/Gebouw.19714505/0","kind":"building","building":"official","height_m":8.85,"status":null},"geometry":{"type":"Polygon","coordinates":[[[3.94945615,50.94617854],[3.9494368,50.94618093],[3.94938713,50.94607666],[3.94948018,50.9460591],[3.94949566,50.94609144],[3.94952725,50.94610249],[3.94957906,50.94609251],[3.94960592,50.94614824],[3.94952497,50.94616461],[3.94945615,50.94617854]]]}},{"type":"Feature","id":"gebouw/Gebouw.19714506/0","properties":{"source":"Digitaal Vlaanderen Gebouwenregister","source_id":"gebouw/Gebouw.19714506/0","kind":"building","building":"official","height_m":5.1,"status":null},"geometry":{"type":"Polygon","coordinates":[[[3.94949907,50.94620415],[3.94947059,50.94621045],[3.94946304,50.94619377],[3.94946057,50.94618832],[3.94945921,50.9461853],[3.94945615,50.94617854],[3.94952497,50.94616461],[3.94952953,50.9461743],[3.94953938,50.94619522],[3.94949907,50.94620415]]]}},{"type":"Feature","id":"gebouw/Gebouw.19714974/0","properties":{"source":"Digitaal Vlaanderen Gebouwenregister","source_id":"gebouw/Gebouw.19714974/0","kind":"building","building":"official","height_m":5.1,"status":null},"geometry":{"type":"Polygon","coordinates":[[[3.94999938,50.94510288],[3.94989387,50.9450564],[3.94984933,50.94509499],[3.94986694,50.94510261],[3.94983398,50.94513302],[3.94992328,50.94517165],[3.94999938,50.94510288]]]}},{"type":"Feature","id":"gebouw/Gebouw.19714975/0","properties":{"source":"Digitaal Vlaanderen Gebouwenregister","source_id":"gebouw/Gebouw.19714975/0","kind":"building","building":"official","height_m":5.85,"status":null},"geometry":{"type":"Polygon","coordinates":[[[3.94991469,50.94503836],[3.94990757,50.94504453],[3.94985975,50.94502404],[3.9499071,50.94498216],[3.94995287,50.94500257],[3.94991469,50.94503836]]]}},{"type":"Feature","id":"gebouw/Gebouw.19715463/0","properties":{"source":"Digitaal Vlaanderen Gebouwenregister","source_id":"gebouw/Gebouw.19715463/0","kind":"building","building":"official","height_m":7.35,"status":null},"geometry":{"type":"Polygon","coordinates":[[[3.946754,50.94510902],[3.94672808,50.94512898],[3.9465134,50.94502651],[3.94660259,50.94496172],[3.94674652,50.94504506],[3.94670058,50.94507845],[3.94675787,50.94510604],[3.946754,50.94510902]]]}},{"type":"Feature","id":"gebouw/Gebouw.19715464/0","properties":{"source":"Digitaal Vlaanderen Gebouwenregister","source_id":"gebouw/Gebouw.19715464/0","kind":"building","building":"official","height_m":8.1,"status":null},"geometry":{"type":"Polygon","coordinates":[[[3.946754,50.94510902],[3.94680327,50.94513217],[3.94677628,50.94515199],[3.94672808,50.94512898],[3.946754,50.94510902]]]}},{"type":"Feature","id":"gebouw/Gebouw.19717500/0","properties":{"source":"Digitaal Vlaanderen Gebouwenregister","source_id":"gebouw/Gebouw.19717500/0","kind":"building","building":"official","height_m":5.1,"status":null},"geometry":{"type":"Polygon","coordinates":[[[3.94712188,50.94754485],[3.94688095,50.94759092],[3.94685754,50.94753931],[3.94687367,50.94752468],[3.94699971,50.9474979],[3.94709018,50.94747867],[3.94709451,50.94748818],[3.94712148,50.94748371],[3.94714131,50.94752467],[3.94711478,50.94753],[3.94712188,50.94754485]]]}},{"type":"Feature","id":"gebouw/Gebouw.19717501/0","properties":{"source":"Digitaal Vlaanderen Gebouwenregister","source_id":"gebouw/Gebouw.19717501/0","kind":"building","building":"official","height_m":5.85,"status":null},"geometry":{"type":"Polygon","coordinates":[[[3.94699971,50.9474979],[3.94687367,50.94752468],[3.94694327,50.94746157],[3.94694818,50.94745711],[3.94697739,50.94745075],[3.94698903,50.94747433],[3.94696151,50.94747981],[3.94696852,50.94749687],[3.94699555,50.94749214],[3.94699971,50.9474979]]]}},{"type":"Feature","id":"gebouw/Gebouw.19718160/0","properties":{"source":"Digitaal Vlaanderen Gebouwenregister","source_id":"gebouw/Gebouw.19718160/0","kind":"building","building":"official","height_m":5.1,"status":null},"geometry":{"type":"Polygon","coordinates":[[[3.95036282,50.94264527],[3.95003283,50.94247178],[3.95006278,50.94244883],[3.9501113,50.94241164],[3.95015562,50.94237766],[3.95043509,50.94252274],[3.95039937,50.94255028],[3.95045235,50.94257883],[3.95036282,50.94264527]]]}},{"type":"Feature","id":"gebouw/Gebouw.19718161/0","properties":{"source":"Digitaal Vlaanderen Gebouwenregister","source_id":"gebouw/Gebouw.19718161/0","kind":"building","building":"official","height_m":5.85,"status":null},"geometry":{"type":"Polygon","coordinates":[[[3.95045235,50.94257883],[3.95051376,50.9426119],[3.95042485,50.94267788],[3.95037258,50.9426504],[3.95036282,50.94264527],[3.95045235,50.94257883]]]}},{"type":"Feature","id":"gebouw/Gebouw.19718698/0","properties":{"source":"Digitaal Vlaanderen Gebouwenregister","source_id":"gebouw/Gebouw.19718698/0","kind":"building","building":"official","height_m":8.1,"status":null},"geometry":{"type":"Polygon","coordinates":[[[3.94637328,50.94847793],[3.94631,50.94844986],[3.94621372,50.94853328],[3.94618198,50.94856077],[3.94624854,50.94859097],[3.94637328,50.94847793]]]}},{"type":"Feature","id":"gebouw/Gebouw.19718699/0","properties":{"source":"Digitaal Vlaanderen Gebouwenregister","source_id":"gebouw/Gebouw.19718699/0","kind":"building","building":"official","height_m":8.85,"status":null},"geometry":{"type":"Polygon","coordinates":[[[3.94621372,50.94853328],[3.94618198,50.94856077],[3.94598397,50.94847091],[3.9460292,50.94843009],[3.94612602,50.94847309],[3.94610968,50.94848666],[3.94621372,50.94853328]]]}},{"type":"Feature","id":"gebouw/Gebouw.19720550/0","properties":{"source":"Digitaal Vlaanderen Gebouwenregister","source_id":"gebouw/Gebouw.19720550/0","kind":"building","building":"official","height_m":6.6,"status":null},"geometry":{"type":"Polygon","coordinates":[[[3.94784089,50.94554605],[3.94772891,50.94563678],[3.94755376,50.9455523],[3.94760347,50.945512],[3.94749482,50.94545972],[3.94755602,50.94540897],[3.94761079,50.94543532],[3.94784089,50.94554605]]]}},{"type":"Feature","id":"gebouw/Gebouw.19720551/0","properties":{"source":"Digitaal Vlaanderen Gebouwenregister","source_id":"gebouw/Gebouw.19720551/0","kind":"building","building":"official","height_m":7.35,"status":null},"geometry":{"type":"Polygon","coordinates":[[[3.94774472,50.94567072],[3.94773684,50.9456406],[3.94772891,50.94563678],[3.94755376,50.9455523],[3.94747485,50.9456163],[3.94769078,50.94571931],[3.94774472,50.94567072]]]}},{"type":"Feature","id":"gebouw/Gebouw.19954807/0","properties":{"source":"Digitaal Vlaanderen Gebouwenregister","source_id":"gebouw/Gebouw.19954807/0","kind":"building","building":"official","height_m":5.85,"status":null},"geometry":{"type":"Polygon","coordinates":[[[3.94889609,50.94700899],[3.94886435,50.94704291],[3.94882242,50.94702664],[3.94885504,50.94699307],[3.94889609,50.94700899]]]}},{"type":"Feature","id":"gebouw/Gebouw.19954808/0","properties":{"source":"Digitaal Vlaanderen Gebouwenregister","source_id":"gebouw/Gebouw.19954808/0","kind":"building","building":"official","height_m":6.6,"status":null},"geometry":{"type":"Polygon","coordinates":[[[3.94606942,50.94607163],[3.94609307,50.94604379],[3.94616428,50.94606752],[3.94616218,50.94607089],[3.94618575,50.94609574],[3.946142,50.94611057],[3.94611897,50.94608448],[3.94606942,50.94607163]]]}},{"type":"Feature","id":"gebouw/Gebouw.19954809/0","properties":{"source":"Digitaal Vlaanderen Gebouwenregister","source_id":"gebouw/Gebouw.19954809/0","kind":"building","building":"official","height_m":7.35,"status":null},"geometry":{"type":"Polygon","coordinates":[[[3.94472888,50.94299693],[3.94477518,50.94296148],[3.94492206,50.94303804],[3.94487576,50.9430735],[3.94472888,50.94299693]]]}},{"type":"Feature","id":"gebouw/Gebouw.19954812/0","properties":{"source":"Digitaal Vlaanderen Gebouwenregister","source_id":"gebouw/Gebouw.19954812/0","kind":"building","building":"official","height_m":5.1,"status":null},"geometry":{"type":"Polygon","coordinates":[[[3.94669496,50.94225078],[3.94665739,50.94227983],[3.94664124,50.9422923],[3.94660416,50.94232097],[3.94656206,50.94229923],[3.94659584,50.94227312],[3.94661185,50.94226074],[3.94665286,50.94222904],[3.94669496,50.94225078]]]}},{"type":"Feature","id":"gebouw/Gebouw.19954813/0","properties":{"source":"Digitaal Vlaanderen Gebouwenregister","source_id":"gebouw/Gebouw.19954813/0","kind":"building","building":"official","height_m":5.85,"status":null},"geometry":{"type":"Polygon","coordinates":[[[3.94577421,50.94686466],[3.94573503,50.94684758],[3.9457916,50.94679581],[3.94583078,50.94681289],[3.94577421,50.94686466]]]}},{"type":"Feature","id":"gebouw/Gebouw.19954814/0","properties":{"source":"Digitaal Vlaanderen Gebouwenregister","source_id":"gebouw/Gebouw.19954814/0","kind":"building","building":"official","height_m":6.6,"status":null},"geometry":{"type":"Polygon","coordinates":[[[3.9497277,50.94770259],[3.9496026,50.94772763],[3.94958084,50.94771924],[3.94985466,50.94747735],[3.95008821,50.94757906],[3.95009673,50.94758278],[3.95015866,50.94760974],[3.95003763,50.94763568],[3.94988061,50.94756764],[3.9497277,50.94770259]]]}},{"type":"Feature","id":"gebouw/Gebouw.19954815/0","properties":{"source":"Digitaal Vlaanderen Gebouwenregister","source_id":"gebouw/Gebouw.19954815/0","kind":"building","building":"official","height_m":7.35,"status":null},"geometry":{"type":"Polygon","coordinates":[[[3.94588555,50.94482806],[3.94592057,50.9448018],[3.94601769,50.94485327],[3.94598267,50.94487953],[3.94588555,50.94482806]]]}},{"type":"Feature","id":"gebouw/Gebouw.19954816/0","properties":{"source":"Digitaal Vlaanderen Gebouwenregister","source_id":"gebouw/Gebouw.19954816/0","kind":"building","building":"official","height_m":8.1,"status":null},"geometry":{"type":"Polygon","coordinates":[[[3.94996246,50.94456339],[3.9499181,50.94454177],[3.94996731,50.94450147],[3.95001167,50.9445231],[3.94996246,50.94456339]]]}},{"type":"Feature","id":"gebouw/Gebouw.19954903/0","properties":{"source":"Digitaal Vlaanderen Gebouwenregister","source_id":"gebouw/Gebouw.19954903/0","kind":"building","building":"official","height_m":5.85,"status":null},"geometry":{"type":"Polygon","coordinates":[[[3.94622686,50.94213902],[3.94615892,50.94219858],[3.94620627,50.94222014],[3.94627421,50.94216058],[3.94622686,50.94213902]]]}},{"type":"Feature","id":"gebouw/Gebouw.19954904/0","properties":{"source":"Digitaal Vlaanderen Gebouwenregister","source_id":"gebouw/Gebouw.19954904/0","kind":"building","building":"official","height_m":6.6,"status":null},"geometry":{"type":"Polygon","coordinates":[[[3.94580723,50.94338028],[3.94576631,50.94335937],[3.94580428,50.94332971],[3.9458452,50.94335063],[3.94580723,50.94338028]]]}},{"type":"Feature","id":"gebouw/Gebouw.19954905/0","properties":{"source":"Digitaal Vlaanderen Gebouwenregister","source_id":"gebouw/Gebouw.19954905/0","kind":"building","building":"official","height_m":7.35,"status":null},"geometry":{"type":"Polygon","coordinates":[[[3.94317973,50.94455218],[3.9431535,50.94451493],[3.94319339,50.94450372],[3.94321961,50.94454097],[3.94317973,50.94455218]]]}},{"type":"Feature","id":"gebouw/Gebouw.19954908/0","properties":{"source":"Digitaal Vlaanderen Gebouwenregister","source_id":"gebouw/Gebouw.19954908/0","kind":"building","building":"official","height_m":5.1,"status":null},"geometry":{"type":"Polygon","coordinates":[[[3.94789818,50.94262485],[3.94786796,50.94260228],[3.94790723,50.94258129],[3.94793746,50.94260386],[3.94789818,50.94262485]]]}},{"type":"Feature","id":"gebouw/Gebouw.19954909/0","properties":{"source":"Digitaal Vlaanderen Gebouwenregister","source_id":"gebouw/Gebouw.19954909/0","kind":"building","building":"official","height_m":5.85,"status":null},"geometry":{"type":"Polygon","coordinates":[[[3.94667866,50.94342885],[3.9467006,50.94344742],[3.94664944,50.94347154],[3.94664439,50.94346913],[3.94662388,50.94345212],[3.94664036,50.94344512],[3.94667866,50.94342885]]]}},{"type":"Feature","id":"gebouw/Gebouw.19954959/0","properties":{"source":"Digitaal Vlaanderen Gebouwenregister","source_id":"gebouw/Gebouw.19954959/0","kind":"building","building":"official","height_m":7.35,"status":null},"geometry":{"type":"Polygon","coordinates":[[[3.95083102,50.9423769],[3.95077709,50.94234632],[3.95081906,50.94231678],[3.95087299,50.94234736],[3.95083102,50.9423769]]]}},{"type":"Feature","id":"gebouw/Gebouw.19954960/0","properties":{"source":"Digitaal Vlaanderen Gebouwenregister","source_id":"gebouw/Gebouw.19954960/0","kind":"building","building":"official","height_m":8.1,"status":null},"geometry":{"type":"Polygon","coordinates":[[[3.9509286,50.94244146],[3.95086697,50.94240435],[3.95090741,50.94237754],[3.95096904,50.94241465],[3.9509286,50.94244146]]]}},{"type":"Feature","id":"gebouw/Gebouw.19954985/0","properties":{"source":"Digitaal Vlaanderen Gebouwenregister","source_id":"gebouw/Gebouw.19954985/0","kind":"building","building":"official","height_m":8.85,"status":null},"geometry":{"type":"Polygon","coordinates":[[[3.95191977,50.94719164],[3.9518993,50.94716734],[3.9519658,50.947145],[3.95198626,50.9471693],[3.95191977,50.94719164]]]}},{"type":"Feature","id":"gebouw/Gebouw.19954987/0","properties":{"source":"Digitaal Vlaanderen Gebouwenregister","source_id":"gebouw/Gebouw.19954987/0","kind":"building","building":"official","height_m":5.85,"status":null},"geometry":{"type":"Polygon","coordinates":[[[3.95143517,50.94727784],[3.95141813,50.9472393],[3.95146653,50.94723076],[3.95148357,50.9472693],[3.95143517,50.94727784]]]}},{"type":"Feature","id":"gebouw/Gebouw.19954988/0","properties":{"source":"Digitaal Vlaanderen Gebouwenregister","source_id":"gebouw/Gebouw.19954988/0","kind":"building","building":"official","height_m":6.6,"status":null},"geometry":{"type":"Polygon","coordinates":[[[3.9512743,50.94761717],[3.95129356,50.94759916],[3.95135397,50.94762495],[3.95133471,50.94764296],[3.9512743,50.94761717]]]}},{"type":"Feature","id":"gebouw/Gebouw.19954994/0","properties":{"source":"Digitaal Vlaanderen Gebouwenregister","source_id":"gebouw/Gebouw.19954994/0","kind":"building","building":"official","height_m":6.6,"status":null},"geometry":{"type":"Polygon","coordinates":[[[3.94423939,50.94756804],[3.94424998,50.94757265],[3.94421684,50.94760301],[3.94420813,50.94759922],[3.94401281,50.94751412],[3.94404595,50.94748376],[3.94423939,50.94756804]]]}},{"type":"Feature","id":"gebouw/Gebouw.19954995/0","properties":{"source":"Digitaal Vlaanderen Gebouwenregister","source_id":"gebouw/Gebouw.19954995/0","kind":"building","building":"official","height_m":7.35,"status":null},"geometry":{"type":"Polygon","coordinates":[[[3.94483527,50.94851364],[3.94480675,50.94845516],[3.94484766,50.94844719],[3.94487618,50.94850568],[3.94483527,50.94851364]]]}},{"type":"Feature","id":"gebouw/Gebouw.19954996/0","properties":{"source":"Digitaal Vlaanderen Gebouwenregister","source_id":"gebouw/Gebouw.19954996/0","kind":"building","building":"official","height_m":8.1,"status":null},"geometry":{"type":"Polygon","coordinates":[[[3.94838808,50.94706597],[3.94835542,50.94710207],[3.9482637,50.94707002],[3.9482971,50.94703312],[3.94838808,50.94706597]]]}},{"type":"Feature","id":"gebouw/Gebouw.19954998/0","properties":{"source":"Digitaal Vlaanderen Gebouwenregister","source_id":"gebouw/Gebouw.19954998/0","kind":"building","building":"official","height_m":5.1,"status":null},"geometry":{"type":"Polygon","coordinates":[[[3.94721773,50.94518849],[3.94726777,50.94514813],[3.94730638,50.94516724],[3.94725634,50.9452076],[3.94721773,50.94518849]]]}},{"type":"Feature","id":"gebouw/Gebouw.19955002/0","properties":{"source":"Digitaal Vlaanderen Gebouwenregister","source_id":"gebouw/Gebouw.19955002/0","kind":"building","building":"official","height_m":8.1,"status":null},"geometry":{"type":"Polygon","coordinates":[[[3.94597915,50.94211733],[3.9460166,50.94213201],[3.94596877,50.9421807],[3.94592975,50.94216541],[3.94597915,50.94211733]]]}},{"type":"Feature","id":"gebouw/Gebouw.19955066/0","properties":{"source":"Digitaal Vlaanderen Gebouwenregister","source_id":"gebouw/Gebouw.19955066/0","kind":"building","building":"official","height_m":6.6,"status":null},"geometry":{"type":"Polygon","coordinates":[[[3.9488736,50.94497059],[3.94885738,50.94498418],[3.9488541,50.94498692],[3.94876423,50.94494411],[3.94876879,50.94494029],[3.94878373,50.94492777],[3.9488736,50.94497059]]]}},{"type":"Feature","id":"gebouw/Gebouw.19956089/0","properties":{"source":"Digitaal Vlaanderen Gebouwenregister","source_id":"gebouw/Gebouw.19956089/0","kind":"building","building":"official","height_m":8.85,"status":null},"geometry":{"type":"Polygon","coordinates":[[[3.94340382,50.94630609],[3.94344126,50.94632358],[3.94333992,50.94641018],[3.94330247,50.94639269],[3.94340382,50.94630609]]]}},{"type":"Feature","id":"gebouw/Gebouw.19956090/0","properties":{"source":"Digitaal Vlaanderen Gebouwenregister","source_id":"gebouw/Gebouw.19956090/0","kind":"building","building":"official","height_m":5.1,"status":null},"geometry":{"type":"Polygon","coordinates":[[[3.94709973,50.94809759],[3.94717491,50.9481334],[3.94711403,50.94818484],[3.94696521,50.9482165],[3.94659505,50.94829523],[3.94658837,50.94829016],[3.94691667,50.94801038],[3.94709973,50.94809759]]]}},{"type":"Feature","id":"gebouw/Gebouw.19956091/0","properties":{"source":"Digitaal Vlaanderen Gebouwenregister","source_id":"gebouw/Gebouw.19956091/0","kind":"building","building":"official","height_m":5.85,"status":null},"geometry":{"type":"Polygon","coordinates":[[[3.94616348,50.94708587],[3.94620236,50.94703474],[3.94626143,50.94705267],[3.94622255,50.94710379],[3.94616348,50.94708587]]]}},{"type":"Feature","id":"gebouw/Gebouw.19956104/0","properties":{"source":"Digitaal Vlaanderen Gebouwenregister","source_id":"gebouw/Gebouw.19956104/0","kind":"building","building":"official","height_m":6.6,"status":null},"geometry":{"type":"Polygon","coordinates":[[[3.95129572,50.94734204],[3.95128241,50.9473174],[3.95133123,50.94730668],[3.95134453,50.94733132],[3.95129572,50.94734204]]]}},{"type":"Feature","id":"gebouw/Gebouw.19956211/0","properties":{"source":"Digitaal Vlaanderen Gebouwenregister","source_id":"gebouw/Gebouw.19956211/0","kind":"building","building":"official","height_m":5.85,"status":null},"geometry":{"type":"Polygon","coordinates":[[[3.94898982,50.94772734],[3.94893717,50.9477363],[3.94892195,50.9477006],[3.94880349,50.94772075],[3.94880245,50.94771854],[3.94878897,50.94768985],[3.94877445,50.94765893],[3.9487705,50.94765051],[3.94870984,50.94752139],[3.94879603,50.94750512],[3.94881445,50.94754412],[3.94884148,50.94753893],[3.94886152,50.94758124],[3.94881453,50.94758971],[3.94884,50.94764948],[3.94894798,50.94763111],[3.94895881,50.94765603],[3.94898982,50.94772734]]]}},{"type":"Feature","id":"gebouw/Gebouw.19956260/0","properties":{"source":"Digitaal Vlaanderen Gebouwenregister","source_id":"gebouw/Gebouw.19956260/0","kind":"building","building":"official","height_m":6.6,"status":null},"geometry":{"type":"Polygon","coordinates":[[[3.94813207,50.94698995],[3.94818757,50.94700934],[3.94816473,50.94703544],[3.94813433,50.94702481],[3.94811092,50.94701663],[3.94810308,50.94701389],[3.94812593,50.9469878],[3.94813207,50.94698995]]]}},{"type":"Feature","id":"gebouw/Gebouw.19956273/0","properties":{"source":"Digitaal Vlaanderen Gebouwenregister","source_id":"gebouw/Gebouw.19956273/0","kind":"building","building":"official","height_m":7.35,"status":null},"geometry":{"type":"Polygon","coordinates":[[[3.94651178,50.94354523],[3.94648267,50.94357042],[3.94643524,50.94354855],[3.94642644,50.94354449],[3.94639571,50.94353032],[3.94639003,50.94352771],[3.94640855,50.94351168],[3.94644622,50.94352905],[3.94645577,50.94353345],[3.94646636,50.94352429],[3.94651178,50.94354523]]]}},{"type":"Feature","id":"gebouw/Gebouw.19956349/0","properties":{"source":"Digitaal Vlaanderen Gebouwenregister","source_id":"gebouw/Gebouw.19956349/0","kind":"building","building":"official","height_m":5.85,"status":null},"geometry":{"type":"Polygon","coordinates":[[[3.94796594,50.94302086],[3.947857,50.94293301],[3.94787948,50.94292296],[3.94783621,50.94288616],[3.94782273,50.9428928],[3.94771971,50.94282119],[3.94764757,50.94286072],[3.94760817,50.94283364],[3.94752855,50.94287997],[3.94758906,50.94292109],[3.94766773,50.94287459],[3.9476744,50.94287909],[3.94772419,50.94284966],[3.94778762,50.9428925],[3.94777084,50.94290242],[3.94778489,50.94291191],[3.94777261,50.94291917],[3.94785829,50.94298811],[3.94770818,50.94305571],[3.94754492,50.94293902],[3.94746997,50.94297885],[3.94751937,50.94301671],[3.94747034,50.94304193],[3.94752831,50.94308692],[3.94756543,50.94306782],[3.94761277,50.94310456],[3.94757562,50.94312065],[3.94763858,50.94317266],[3.94796594,50.94302086]]]}},{"type":"Feature","id":"gebouw/Gebouw.20723777/0","properties":{"source":"Digitaal Vlaanderen Gebouwenregister","source_id":"gebouw/Gebouw.20723777/0","kind":"building","building":"official","height_m":8.85,"status":null},"geometry":{"type":"Polygon","coordinates":[[[3.94925346,50.94742057],[3.94944489,50.94738405],[3.94948204,50.94746176],[3.94929061,50.94749828],[3.94925346,50.94742057]]]}},{"type":"Feature","id":"gebouw/Gebouw.20723786/0","properties":{"source":"Digitaal Vlaanderen Gebouwenregister","source_id":"gebouw/Gebouw.20723786/0","kind":"building","building":"official","height_m":6.6,"status":null},"geometry":{"type":"Polygon","coordinates":[[[3.94408198,50.94491002],[3.94398107,50.94485547],[3.94408123,50.94478152],[3.94411362,50.944799],[3.94417945,50.9447508],[3.94424099,50.94478403],[3.94424907,50.9447884],[3.94408198,50.94491002]]]}},{"type":"Feature","id":"gebouw/Gebouw.20723787/0","properties":{"source":"Digitaal Vlaanderen Gebouwenregister","source_id":"gebouw/Gebouw.20723787/0","kind":"building","building":"official","height_m":7.35,"status":null},"geometry":{"type":"Polygon","coordinates":[[[3.94427571,50.94489926],[3.94418543,50.94496593],[3.94408198,50.94491002],[3.94424907,50.9447884],[3.94424976,50.94478877],[3.94425909,50.94479381],[3.94425802,50.9447946],[3.94429248,50.9448131],[3.94428583,50.94481804],[3.94434365,50.9448491],[3.94427571,50.94489926]]]}},{"type":"Feature","id":"gebouw/Gebouw.20723833/0","properties":{"source":"Digitaal Vlaanderen Gebouwenregister","source_id":"gebouw/Gebouw.20723833/0","kind":"building","building":"official","height_m":5.85,"status":null},"geometry":{"type":"Polygon","coordinates":[[[3.9431162,50.94524064],[3.94302262,50.94531163],[3.94301039,50.9453052],[3.94291833,50.94525677],[3.94301191,50.94518578],[3.9431162,50.94524064]]]}},{"type":"Feature","id":"gebouw/Gebouw.20723834/0","properties":{"source":"Digitaal Vlaanderen Gebouwenregister","source_id":"gebouw/Gebouw.20723834/0","kind":"building","building":"official","height_m":6.6,"status":null},"geometry":{"type":"Polygon","coordinates":[[[3.94324053,50.94530604],[3.94314685,50.94537711],[3.94302262,50.94531163],[3.9431162,50.94524064],[3.94324053,50.94530604]]]}},{"type":"Feature","id":"gebouw/Gebouw.20723849/0","properties":{"source":"Digitaal Vlaanderen Gebouwenregister","source_id":"gebouw/Gebouw.20723849/0","kind":"building","building":"official","height_m":8.85,"status":null},"geometry":{"type":"Polygon","coordinates":[[[3.94605622,50.94560889],[3.94589571,50.94553588],[3.94588427,50.94553068],[3.94582172,50.94558556],[3.94596171,50.94564984],[3.94597702,50.94565686],[3.94603444,50.94560648],[3.94605055,50.94561384],[3.94605622,50.94560889]]]}},{"type":"Feature","id":"gebouw/Gebouw.20723865/0","properties":{"source":"Digitaal Vlaanderen Gebouwenregister","source_id":"gebouw/Gebouw.20723865/0","kind":"building","building":"official","height_m":7.35,"status":null},"geometry":{"type":"Polygon","coordinates":[[[3.94608824,50.94558091],[3.9461134,50.94555892],[3.94600578,50.94550988],[3.9459841,50.9455],[3.94594707,50.94548312],[3.94591526,50.94551103],[3.94592103,50.94551366],[3.94589571,50.94553588],[3.94605622,50.94560889],[3.94608824,50.94558091]]]}},{"type":"Feature","id":"gebouw/Gebouw.20723866/0","properties":{"source":"Digitaal Vlaanderen Gebouwenregister","source_id":"gebouw/Gebouw.20723866/0","kind":"building","building":"official","height_m":8.1,"status":null},"geometry":{"type":"Polygon","coordinates":[[[3.94613723,50.94554832],[3.94612954,50.94554481],[3.94611998,50.94555317],[3.9461134,50.94555892],[3.94600578,50.94550988],[3.9459841,50.9455],[3.94594707,50.94548312],[3.94594781,50.94548246],[3.94597659,50.94545721],[3.9459825,50.9454599],[3.94601011,50.94543568],[3.94617825,50.94551246],[3.94614381,50.94554256],[3.94613723,50.94554832]]]}},{"type":"Feature","id":"gebouw/Gebouw.20801991/0","properties":{"source":"Digitaal Vlaanderen Gebouwenregister","source_id":"gebouw/Gebouw.20801991/0","kind":"building","building":"official","height_m":7.35,"status":null},"geometry":{"type":"Polygon","coordinates":[[[3.94382212,50.94669533],[3.9438229,50.94665947],[3.94392004,50.9466603],[3.94391926,50.94669616],[3.94382212,50.94669533]]]}},{"type":"Feature","id":"gebouw/Gebouw.20801993/0","properties":{"source":"Digitaal Vlaanderen Gebouwenregister","source_id":"gebouw/Gebouw.20801993/0","kind":"building","building":"official","height_m":8.85,"status":null},"geometry":{"type":"Polygon","coordinates":[[[3.94652484,50.94569987],[3.9466411,50.9457527],[3.94659962,50.94578912],[3.94658953,50.94578453],[3.94652782,50.94583872],[3.94641446,50.9457872],[3.94645477,50.94575181],[3.94646196,50.94575508],[3.94652484,50.94569987]]]}},{"type":"Feature","id":"gebouw/Gebouw.20802221/0","properties":{"source":"Digitaal Vlaanderen Gebouwenregister","source_id":"gebouw/Gebouw.20802221/0","kind":"building","building":"official","height_m":8.85,"status":null},"geometry":{"type":"Polygon","coordinates":[[[3.9496119,50.94760045],[3.94968817,50.94753267],[3.94970831,50.94757284],[3.94965539,50.94762141],[3.9496119,50.94760045]]]}},{"type":"Feature","id":"gebouw/Gebouw.20802222/0","properties":{"source":"Digitaal Vlaanderen Gebouwenregister","source_id":"gebouw/Gebouw.20802222/0","kind":"building","building":"official","height_m":5.1,"status":null},"geometry":{"type":"Polygon","coordinates":[[[3.94977773,50.94684148],[3.94983178,50.94694513],[3.94979042,50.94695374],[3.94973637,50.94685008],[3.94977773,50.94684148]]]}},{"type":"Feature","id":"gebouw/Gebouw.20802224/0","properties":{"source":"Digitaal Vlaanderen Gebouwenregister","source_id":"gebouw/Gebouw.20802224/0","kind":"building","building":"official","height_m":6.6,"status":null},"geometry":{"type":"Polygon","coordinates":[[[3.94729548,50.94395875],[3.94734153,50.94392115],[3.94748686,50.94399217],[3.94744082,50.94402977],[3.94729548,50.94395875]]]}},{"type":"Feature","id":"gebouw/Gebouw.20802225/0","properties":{"source":"Digitaal Vlaanderen Gebouwenregister","source_id":"gebouw/Gebouw.20802225/0","kind":"building","building":"official","height_m":7.35,"status":null},"geometry":{"type":"Polygon","coordinates":[[[3.94770795,50.9438445],[3.94778346,50.94385847],[3.94776254,50.9439036],[3.94768702,50.94388963],[3.94770795,50.9438445]]]}},{"type":"Feature","id":"gebouw/Gebouw.20802229/0","properties":{"source":"Digitaal Vlaanderen Gebouwenregister","source_id":"gebouw/Gebouw.20802229/0","kind":"building","building":"official","height_m":5.85,"status":null},"geometry":{"type":"Polygon","coordinates":[[[3.94551762,50.94830825],[3.9455942,50.9482912],[3.94560967,50.94831894],[3.94553309,50.94833598],[3.94551762,50.94830825]]]}},{"type":"Feature","id":"gebouw/Gebouw.20802231/0","properties":{"source":"Digitaal Vlaanderen Gebouwenregister","source_id":"gebouw/Gebouw.20802231/0","kind":"building","building":"official","height_m":7.35,"status":null},"geometry":{"type":"Polygon","coordinates":[[[3.94171867,50.94791744],[3.94166199,50.94789903],[3.94170196,50.94784994],[3.94175863,50.94786835],[3.94171867,50.94791744]]]}},{"type":"Feature","id":"gebouw/Gebouw.20802232/0","properties":{"source":"Digitaal Vlaanderen Gebouwenregister","source_id":"gebouw/Gebouw.20802232/0","kind":"building","building":"official","height_m":8.1,"status":null},"geometry":{"type":"Polygon","coordinates":[[[3.94751743,50.94211795],[3.94753225,50.94212652],[3.9475057,50.94214339],[3.94745555,50.94211187],[3.94748006,50.94209631],[3.94751743,50.94211795]]]}},{"type":"Feature","id":"gebouw/Gebouw.20802234/0","properties":{"source":"Digitaal Vlaanderen Gebouwenregister","source_id":"gebouw/Gebouw.20802234/0","kind":"building","building":"official","height_m":5.1,"status":null},"geometry":{"type":"Polygon","coordinates":[[[3.94669307,50.94601513],[3.94671199,50.94596667],[3.94674276,50.94597147],[3.94672384,50.94601992],[3.94669307,50.94601513]]]}},{"type":"Feature","id":"gebouw/Gebouw.20802305/0","properties":{"source":"Digitaal Vlaanderen Gebouwenregister","source_id":"gebouw/Gebouw.20802305/0","kind":"building","building":"official","height_m":8.85,"status":null},"geometry":{"type":"Polygon","coordinates":[[[3.94331652,50.94720842],[3.94334209,50.94718736],[3.94339349,50.94721228],[3.94336793,50.94723333],[3.94331652,50.94720842]]]}},{"type":"Feature","id":"gebouw/Gebouw.20803062/0","properties":{"source":"Digitaal Vlaanderen Gebouwenregister","source_id":"gebouw/Gebouw.20803062/0","kind":"building","building":"official","height_m":5.1,"status":null},"geometry":{"type":"Polygon","coordinates":[[[3.95118094,50.94650624],[3.95119234,50.94652408],[3.95109729,50.94654623],[3.95101749,50.94642294],[3.9510736,50.946407],[3.95106033,50.9463847],[3.95109628,50.94637439],[3.95111111,50.94639749],[3.95118094,50.94650624]]]}},{"type":"Feature","id":"gebouw/Gebouw.20803063/0","properties":{"source":"Digitaal Vlaanderen Gebouwenregister","source_id":"gebouw/Gebouw.20803063/0","kind":"building","building":"official","height_m":5.85,"status":null},"geometry":{"type":"Polygon","coordinates":[[[3.94911209,50.94611307],[3.94910776,50.94610577],[3.94909581,50.9461086],[3.94908482,50.94609008],[3.94911967,50.94608183],[3.94920824,50.94606084],[3.94921045,50.94606456],[3.94922357,50.94608666],[3.94911209,50.94611307]]]}},{"type":"Feature","id":"gebouw/Gebouw.30826721/0","properties":{"source":"Digitaal Vlaanderen Gebouwenregister","source_id":"gebouw/Gebouw.30826721/0","kind":"building","building":"official","height_m":8.85,"status":null},"geometry":{"type":"Polygon","coordinates":[[[3.94508552,50.94604219],[3.9450324,50.94609397],[3.9450234,50.94610275],[3.94502775,50.94610453],[3.94516067,50.94615895],[3.94516297,50.94615989],[3.94527137,50.94605422],[3.9451318,50.94599708],[3.94508552,50.94604219]]]}},{"type":"Feature","id":"gebouw/Gebouw.30883360/0","properties":{"source":"Digitaal Vlaanderen Gebouwenregister","source_id":"gebouw/Gebouw.30883360/0","kind":"building","building":"official","height_m":8.1,"status":null},"geometry":{"type":"Polygon","coordinates":[[[3.94931016,50.94766617],[3.94932784,50.94770253],[3.94927367,50.94771305],[3.94925599,50.94767669],[3.94931016,50.94766617]]]}},{"type":"Feature","id":"gebouw/Gebouw.30883361/0","properties":{"source":"Digitaal Vlaanderen Gebouwenregister","source_id":"gebouw/Gebouw.30883361/0","kind":"building","building":"official","height_m":8.85,"status":null},"geometry":{"type":"Polygon","coordinates":[[[3.94770222,50.94805576],[3.94772432,50.94810355],[3.94751568,50.94814206],[3.94747364,50.94805119],[3.94762593,50.94802308],[3.94768229,50.94801268],[3.94770222,50.94805576]]]}},{"type":"Feature","id":"gebouw/Gebouw.30883363/0","properties":{"source":"Digitaal Vlaanderen Gebouwenregister","source_id":"gebouw/Gebouw.30883363/0","kind":"building","building":"official","height_m":5.85,"status":null},"geometry":{"type":"Polygon","coordinates":[[[3.94450644,50.94209108],[3.94433054,50.94201431],[3.94442598,50.94192703],[3.94460187,50.9420038],[3.94450644,50.94209108]]]}},{"type":"Feature","id":"gebouw/Gebouw.30883364/0","properties":{"source":"Digitaal Vlaanderen Gebouwenregister","source_id":"gebouw/Gebouw.30883364/0","kind":"building","building":"official","height_m":6.6,"status":null},"geometry":{"type":"Polygon","coordinates":[[[3.94593299,50.94726937],[3.94590533,50.94729422],[3.94585327,50.94727139],[3.94580069,50.94724834],[3.94582876,50.94722313],[3.94593299,50.94726937]]]}},{"type":"Feature","id":"gebouw/Gebouw.30883365/0","properties":{"source":"Digitaal Vlaanderen Gebouwenregister","source_id":"gebouw/Gebouw.30883365/0","kind":"building","building":"official","height_m":7.35,"status":null},"geometry":{"type":"Polygon","coordinates":[[[3.94686502,50.94722988],[3.94690155,50.947196],[3.94704298,50.94725684],[3.94700646,50.94729072],[3.94686502,50.94722988]]]}},{"type":"Feature","id":"gebouw/Gebouw.30883412/0","properties":{"source":"Digitaal Vlaanderen Gebouwenregister","source_id":"gebouw/Gebouw.30883412/0","kind":"building","building":"official","height_m":6.6,"status":null},"geometry":{"type":"Polygon","coordinates":[[[3.94905536,50.94745486],[3.94913401,50.94758033],[3.9491864,50.94757076],[3.94917588,50.94754763],[3.94922453,50.94753683],[3.94917341,50.94743629],[3.9491119,50.94744716],[3.94911085,50.9474448],[3.94905536,50.94745486]]]}},{"type":"Feature","id":"gebouw/Gebouw.30883414/0","properties":{"source":"Digitaal Vlaanderen Gebouwenregister","source_id":"gebouw/Gebouw.30883414/0","kind":"building","building":"official","height_m":8.1,"status":null},"geometry":{"type":"Polygon","coordinates":[[[3.94603136,50.94695133],[3.94599212,50.94693984],[3.94601967,50.94690203],[3.94605891,50.94691352],[3.94603136,50.94695133]]]}},{"type":"Feature","id":"gebouw/Gebouw.30883415/0","properties":{"source":"Digitaal Vlaanderen Gebouwenregister","source_id":"gebouw/Gebouw.30883415/0","kind":"building","building":"official","height_m":8.85,"status":null},"geometry":{"type":"Polygon","coordinates":[[[3.94612764,50.94683972],[3.94608351,50.94682449],[3.94611409,50.94678921],[3.94615823,50.94680444],[3.94612764,50.94683972]]]}},{"type":"Feature","id":"gebouw/Gebouw.30883416/0","properties":{"source":"Digitaal Vlaanderen Gebouwenregister","source_id":"gebouw/Gebouw.30883416/0","kind":"building","building":"official","height_m":5.1,"status":null},"geometry":{"type":"Polygon","coordinates":[[[3.94202941,50.94405769],[3.94199019,50.94404015],[3.94202574,50.94400831],[3.94206496,50.94402585],[3.94202941,50.94405769]]]}},{"type":"Feature","id":"gebouw/Gebouw.31008760/0","properties":{"source":"Digitaal Vlaanderen Gebouwenregister","source_id":"gebouw/Gebouw.31008760/0","kind":"building","building":"official","height_m":8.1,"status":null},"geometry":{"type":"Polygon","coordinates":[[[3.94930151,50.94353173],[3.9492128,50.94360581],[3.94917596,50.94359059],[3.94921434,50.94355646],[3.94922141,50.94356013],[3.94928267,50.9435115],[3.94930151,50.94353173]]]}},{"type":"Feature","id":"gebouw/Gebouw.31008761/0","properties":{"source":"Digitaal Vlaanderen Gebouwenregister","source_id":"gebouw/Gebouw.31008761/0","kind":"building","building":"official","height_m":8.85,"status":null},"geometry":{"type":"Polygon","coordinates":[[[3.94928267,50.9435115],[3.94930461,50.94349408],[3.94933118,50.94350696],[3.94930151,50.94353173],[3.94928267,50.9435115]]]}},{"type":"Feature","id":"gebouw/Gebouw.31090138/0","properties":{"source":"Digitaal Vlaanderen Gebouwenregister","source_id":"gebouw/Gebouw.31090138/0","kind":"building","building":"official","height_m":8.1,"status":null},"geometry":{"type":"Polygon","coordinates":[[[3.94521395,50.94735196],[3.94512824,50.94738337],[3.94512781,50.94738352],[3.94505763,50.94730156],[3.94505807,50.94730141],[3.94512883,50.94727723],[3.94522001,50.94724607],[3.94522241,50.94724887],[3.94520004,50.94725651],[3.94522315,50.9472835],[3.94522963,50.94728128],[3.9452737,50.9473094],[3.94527043,50.94731173],[3.94521395,50.94735196]]]}},{"type":"Feature","id":"gebouw/Gebouw.31090140/0","properties":{"source":"Digitaal Vlaanderen Gebouwenregister","source_id":"gebouw/Gebouw.31090140/0","kind":"building","building":"official","height_m":5.1,"status":null},"geometry":{"type":"Polygon","coordinates":[[[3.94516963,50.94718724],[3.94522001,50.94724607],[3.94512883,50.94727723],[3.94505807,50.94730141],[3.94505763,50.94730156],[3.9450529,50.94729605],[3.94502864,50.94726772],[3.94502909,50.94726756],[3.94503865,50.9472643],[3.9450285,50.94725244],[3.94503964,50.94724863],[3.94505353,50.94724388],[3.94502898,50.94721504],[3.9450264,50.94720621],[3.94513505,50.94719246],[3.94516684,50.94718398],[3.94516963,50.94718724]]]}},{"type":"Feature","id":"gebouw/Gebouw.31251481/0","properties":{"source":"Digitaal Vlaanderen Gebouwenregister","source_id":"gebouw/Gebouw.31251481/0","kind":"building","building":"official","height_m":5.85,"status":null},"geometry":{"type":"Polygon","coordinates":[[[3.94713881,50.94307452],[3.94705857,50.94313528],[3.94700295,50.94317741],[3.94695874,50.94315428],[3.94697321,50.94314324],[3.94693502,50.94312331],[3.94705623,50.94303116],[3.94713881,50.94307452]]]}},{"type":"Feature","id":"gebouw/Gebouw.31251496/0","properties":{"source":"Digitaal Vlaanderen Gebouwenregister","source_id":"gebouw/Gebouw.31251496/0","kind":"building","building":"official","height_m":8.1,"status":null},"geometry":{"type":"Polygon","coordinates":[[[3.94732937,50.94322489],[3.94745584,50.94329049],[3.94739157,50.94333865],[3.94734405,50.94331364],[3.94731263,50.94333747],[3.94727896,50.94331975],[3.94726421,50.94333093],[3.94722005,50.94330769],[3.94726515,50.94327353],[3.94732937,50.94322489]]]}},{"type":"Feature","id":"gebouw/Gebouw.31251500/0","properties":{"source":"Digitaal Vlaanderen Gebouwenregister","source_id":"gebouw/Gebouw.31251500/0","kind":"building","building":"official","height_m":6.6,"status":null},"geometry":{"type":"Polygon","coordinates":[[[3.94713881,50.94307452],[3.94722088,50.9431176],[3.94710014,50.9432094],[3.94706196,50.9431898],[3.9470475,50.94320073],[3.94700295,50.94317741],[3.94705857,50.94313528],[3.94713881,50.94307452]]]}},{"type":"Feature","id":"gebouw/Gebouw.31251512/0","properties":{"source":"Digitaal Vlaanderen Gebouwenregister","source_id":"gebouw/Gebouw.31251512/0","kind":"building","building":"official","height_m":6.6,"status":null},"geometry":{"type":"Polygon","coordinates":[[[3.94735672,50.94320418],[3.94735864,50.9432052],[3.94732937,50.94322489],[3.94726515,50.94327353],[3.94722005,50.94330769],[3.9471754,50.94328434],[3.94719018,50.94327306],[3.94715245,50.94325333],[3.94727485,50.9431611],[3.94735672,50.94320418]]]}},{"type":"Feature","id":"gebouw/Gebouw.31326721/0","properties":{"source":"Digitaal Vlaanderen Gebouwenregister","source_id":"gebouw/Gebouw.31326721/0","kind":"building","building":"official","height_m":5.85,"status":null},"geometry":{"type":"Polygon","coordinates":[[[3.94594305,50.94620739],[3.94595096,50.94618738],[3.94605924,50.94620445],[3.94605133,50.94622446],[3.94594305,50.94620739]]]}},{"type":"Feature","id":"gebouw/Gebouw.31326722/0","properties":{"source":"Digitaal Vlaanderen Gebouwenregister","source_id":"gebouw/Gebouw.31326722/0","kind":"building","building":"official","height_m":6.6,"status":null},"geometry":{"type":"Polygon","coordinates":[[[3.94613598,50.94505191],[3.94608262,50.94502188],[3.94605356,50.94504249],[3.94610734,50.94507222],[3.94613598,50.94505191]]]}},{"type":"Feature","id":"gebouw/Gebouw.31326823/0","properties":{"source":"Digitaal Vlaanderen Gebouwenregister","source_id":"gebouw/Gebouw.31326823/0","kind":"building","building":"official","height_m":5.85,"status":null},"geometry":{"type":"Polygon","coordinates":[[[3.94328721,50.94609509],[3.94322061,50.94614243],[3.94317699,50.94611794],[3.94319744,50.9461034],[3.9431667,50.94608614],[3.94321285,50.94605333],[3.94328721,50.94609509]]]}},{"type":"Feature","id":"gebouw/Gebouw.31326824/0","properties":{"source":"Digitaal Vlaanderen Gebouwenregister","source_id":"gebouw/Gebouw.31326824/0","kind":"building","building":"official","height_m":6.6,"status":null},"geometry":{"type":"Polygon","coordinates":[[[3.94764174,50.9438593],[3.94741768,50.94383135],[3.94743414,50.94377867],[3.94764029,50.94380439],[3.94771286,50.94381344],[3.94770797,50.94382908],[3.94769907,50.94385755],[3.94768601,50.94385592],[3.94764442,50.94385074],[3.94764174,50.9438593]]]}},{"type":"Feature","id":"gebouw/Gebouw.31326825/0","properties":{"source":"Digitaal Vlaanderen Gebouwenregister","source_id":"gebouw/Gebouw.31326825/0","kind":"building","building":"official","height_m":7.35,"status":null},"geometry":{"type":"Polygon","coordinates":[[[3.94910629,50.94772921],[3.94916535,50.9477154],[3.94917472,50.9477314],[3.94919638,50.94772634],[3.94921338,50.94775537],[3.94913266,50.94777423],[3.94910629,50.94772921]]]}},{"type":"Feature","id":"gebouw/Gebouw.31327869/0","properties":{"source":"Digitaal Vlaanderen Gebouwenregister","source_id":"gebouw/Gebouw.31327869/0","kind":"building","building":"official","height_m":7.35,"status":null},"geometry":{"type":"Polygon","coordinates":[[[3.94489887,50.9445163],[3.94485152,50.94455241],[3.94482113,50.9445365],[3.94486848,50.94450039],[3.94489887,50.9445163]]]}},{"type":"Feature","id":"gebouw/Gebouw.31527867/0","properties":{"source":"Digitaal Vlaanderen Gebouwenregister","source_id":"gebouw/Gebouw.31527867/0","kind":"building","building":"official","height_m":7.35,"status":null},"geometry":{"type":"Polygon","coordinates":[[[3.94455043,50.94782542],[3.94452768,50.9478455],[3.94452101,50.94785139],[3.94454029,50.94786011],[3.94454437,50.94786195],[3.94457376,50.94783597],[3.94455043,50.94782542]]]}},{"type":"Feature","id":"gebouw/Gebouw.31606126/0","properties":{"source":"Digitaal Vlaanderen Gebouwenregister","source_id":"gebouw/Gebouw.31606126/0","kind":"building","building":"official","height_m":8.1,"status":null},"geometry":{"type":"Polygon","coordinates":[[[3.94950503,50.94358263],[3.94960152,50.94350649],[3.94947235,50.94344318],[3.94939518,50.94350352],[3.94944702,50.9435289],[3.9494276,50.94354473],[3.94950503,50.94358263]]]}},{"type":"Feature","id":"gebouw/Gebouw.31648712/0","properties":{"source":"Digitaal Vlaanderen Gebouwenregister","source_id":"gebouw/Gebouw.31648712/0","kind":"building","building":"official","height_m":6.6,"status":null},"geometry":{"type":"Polygon","coordinates":[[[3.94758144,50.94633635],[3.94749871,50.9463175],[3.94748033,50.94634969],[3.94745489,50.94639422],[3.94753794,50.94641305],[3.94758144,50.94633635]]]}},{"type":"Feature","id":"gebouw/Gebouw.31648714/0","properties":{"source":"Digitaal Vlaanderen Gebouwenregister","source_id":"gebouw/Gebouw.31648714/0","kind":"building","building":"official","height_m":8.1,"status":null},"geometry":{"type":"Polygon","coordinates":[[[3.94766457,50.94635531],[3.94758144,50.94633635],[3.94753794,50.94641305],[3.94753813,50.9464131],[3.94762089,50.94643179],[3.9476386,50.94640079],[3.94766457,50.94635531]]]}},{"type":"Feature","id":"gebouw/Gebouw.31648717/0","properties":{"source":"Digitaal Vlaanderen Gebouwenregister","source_id":"gebouw/Gebouw.31648717/0","kind":"building","building":"official","height_m":5.85,"status":null},"geometry":{"type":"Polygon","coordinates":[[[3.94783924,50.94644681],[3.94786957,50.94639203],[3.94775022,50.94636468],[3.94774504,50.9463737],[3.94771876,50.94641947],[3.94783924,50.94644681]]]}},{"type":"Feature","id":"gebouw/Gebouw.31648719/0","properties":{"source":"Digitaal Vlaanderen Gebouwenregister","source_id":"gebouw/Gebouw.31648719/0","kind":"building","building":"official","height_m":7.35,"status":null},"geometry":{"type":"Polygon","coordinates":[[[3.94807217,50.94624109],[3.94791699,50.94620604],[3.94787966,50.9462702],[3.94800086,50.94629833],[3.94800971,50.94628263],[3.94804458,50.9462903],[3.94807217,50.94624109]]]}},{"type":"Feature","id":"gebouw/Gebouw.31648720/0","properties":{"source":"Digitaal Vlaanderen Gebouwenregister","source_id":"gebouw/Gebouw.31648720/0","kind":"building","building":"official","height_m":8.1,"status":null},"geometry":{"type":"Polygon","coordinates":[[[3.94807443,50.94616816],[3.94795392,50.9461425],[3.94791699,50.94620604],[3.94807217,50.94624109],[3.94810008,50.94619208],[3.9480653,50.94618417],[3.94807443,50.94616816]]]}},{"type":"Feature","id":"gebouw/Gebouw.31687104/0","properties":{"source":"Digitaal Vlaanderen Gebouwenregister","source_id":"gebouw/Gebouw.31687104/0","kind":"building","building":"official","height_m":5.1,"status":null},"geometry":{"type":"Polygon","coordinates":[[[3.94880895,50.94675585],[3.94874198,50.94673184],[3.94863635,50.94684226],[3.94870387,50.94686684],[3.94880895,50.94675585]]]}},{"type":"Feature","id":"gebouw/Gebouw.31697292/0","properties":{"source":"Digitaal Vlaanderen Gebouwenregister","source_id":"gebouw/Gebouw.31697292/0","kind":"building","building":"official","height_m":5.1,"status":null},"geometry":{"type":"Polygon","coordinates":[[[3.94452668,50.94506745],[3.9446791,50.94495273],[3.94460993,50.94491605],[3.9445506,50.94496014],[3.94456902,50.94497004],[3.9445469,50.94498647],[3.94450336,50.94496484],[3.94451694,50.94495444],[3.94451255,50.94495215],[3.94446897,50.94492943],[3.94447793,50.94492232],[3.9444171,50.94489068],[3.94434173,50.94494914],[3.94439113,50.94497303],[3.94437168,50.94498909],[3.94442006,50.94501248],[3.94440872,50.94502184],[3.94441328,50.94502404],[3.94448021,50.94505641],[3.94448912,50.94504906],[3.94452668,50.94506745]]]}},{"type":"Feature","id":"gebouw/Gebouw.31844566/0","properties":{"source":"Digitaal Vlaanderen Gebouwenregister","source_id":"gebouw/Gebouw.31844566/0","kind":"building","building":"official","height_m":8.1,"status":null},"geometry":{"type":"Polygon","coordinates":[[[3.94904516,50.94781283],[3.94902021,50.94776202],[3.94900913,50.94776419],[3.94897148,50.94777157],[3.94899644,50.94782238],[3.94903261,50.94781529],[3.94904516,50.94781283]]]}},{"type":"Feature","id":"gebouw/Gebouw.31844623/0","properties":{"source":"Digitaal Vlaanderen Gebouwenregister","source_id":"gebouw/Gebouw.31844623/0","kind":"building","building":"official","height_m":5.85,"status":null},"geometry":{"type":"Polygon","coordinates":[[[3.94664664,50.94582206],[3.94661305,50.94585059],[3.94664862,50.9458673],[3.9466822,50.94583877],[3.94664664,50.94582206]]]}},{"type":"Feature","id":"gebouw/Gebouw.31844626/0","properties":{"source":"Digitaal Vlaanderen Gebouwenregister","source_id":"gebouw/Gebouw.31844626/0","kind":"building","building":"official","height_m":8.1,"status":null},"geometry":{"type":"Polygon","coordinates":[[[3.94655734,50.94542996],[3.94668214,50.94548597],[3.94671509,50.94545667],[3.94659028,50.94540066],[3.94655734,50.94542996]]]}},{"type":"Feature","id":"gebouw/Gebouw.31844673/0","properties":{"source":"Digitaal Vlaanderen Gebouwenregister","source_id":"gebouw/Gebouw.31844673/0","kind":"building","building":"official","height_m":7.35,"status":null},"geometry":{"type":"Polygon","coordinates":[[[3.94771105,50.94634726],[3.94774542,50.94627989],[3.94770483,50.94627163],[3.94767046,50.94633899],[3.94771105,50.94634726]]]}},{"type":"Feature","id":"gebouw/Gebouw.31844692/0","properties":{"source":"Digitaal Vlaanderen Gebouwenregister","source_id":"gebouw/Gebouw.31844692/0","kind":"building","building":"official","height_m":8.1,"status":null},"geometry":{"type":"Polygon","coordinates":[[[3.9513375,50.94607776],[3.95130017,50.94601919],[3.95129033,50.9460217],[3.95125632,50.94603035],[3.9512763,50.94606169],[3.95128252,50.94606011],[3.95129987,50.94608733],[3.9513295,50.94607979],[3.9513375,50.94607776]]]}},{"type":"Feature","id":"gebouw/Gebouw.31844748/0","properties":{"source":"Digitaal Vlaanderen Gebouwenregister","source_id":"gebouw/Gebouw.31844748/0","kind":"building","building":"official","height_m":5.1,"status":null},"geometry":{"type":"Polygon","coordinates":[[[3.94360207,50.94657988],[3.94354492,50.9465523],[3.94352124,50.94657189],[3.9435797,50.94659824],[3.94360207,50.94657988]]]}},{"type":"Feature","id":"gebouw/Gebouw.31844774/0","properties":{"source":"Digitaal Vlaanderen Gebouwenregister","source_id":"gebouw/Gebouw.31844774/0","kind":"building","building":"official","height_m":6.6,"status":null},"geometry":{"type":"Polygon","coordinates":[[[3.94206325,50.94445374],[3.94210937,50.94446387],[3.94212549,50.94443459],[3.94207937,50.94442445],[3.94206325,50.94445374]]]}},{"type":"Feature","id":"gebouw/Gebouw.31844790/0","properties":{"source":"Digitaal Vlaanderen Gebouwenregister","source_id":"gebouw/Gebouw.31844790/0","kind":"building","building":"official","height_m":5.1,"status":null},"geometry":{"type":"Polygon","coordinates":[[[3.94778977,50.94628804],[3.9477522,50.94628002],[3.9477235,50.94633087],[3.9477623,50.94633919],[3.94778977,50.94628804]]]}},{"type":"Feature","id":"gebouw/Gebouw.31844803/0","properties":{"source":"Digitaal Vlaanderen Gebouwenregister","source_id":"gebouw/Gebouw.31844803/0","kind":"building","building":"official","height_m":5.85,"status":null},"geometry":{"type":"Polygon","coordinates":[[[3.94635118,50.94567491],[3.94631558,50.94565823],[3.94626306,50.94570298],[3.94629899,50.94571932],[3.94635118,50.94567491]]]}},{"type":"Feature","id":"gebouw/Gebouw.31844855/0","properties":{"source":"Digitaal Vlaanderen Gebouwenregister","source_id":"gebouw/Gebouw.31844855/0","kind":"building","building":"official","height_m":8.85,"status":null},"geometry":{"type":"Polygon","coordinates":[[[3.94219783,50.94750502],[3.94212277,50.94747632],[3.94209433,50.94750599],[3.94206877,50.94753267],[3.94214383,50.94756137],[3.942167,50.94753719],[3.94219783,50.94750502]]]}},{"type":"Feature","id":"gebouw/Gebouw.31844967/0","properties":{"source":"Digitaal Vlaanderen Gebouwenregister","source_id":"gebouw/Gebouw.31844967/0","kind":"building","building":"official","height_m":7.35,"status":null},"geometry":{"type":"Polygon","coordinates":[[[3.94858601,50.94686395],[3.94853519,50.9469178],[3.94857505,50.94693281],[3.94862587,50.94687897],[3.94858601,50.94686395]]]}},{"type":"Feature","id":"gebouw/Gebouw.31844976/0","properties":{"source":"Digitaal Vlaanderen Gebouwenregister","source_id":"gebouw/Gebouw.31844976/0","kind":"building","building":"official","height_m":5.1,"status":null},"geometry":{"type":"Polygon","coordinates":[[[3.94932258,50.94604323],[3.9492288,50.94606107],[3.94922775,50.94606127],[3.94924176,50.94609065],[3.94933659,50.94607262],[3.94932258,50.94604323]]]}},{"type":"Feature","id":"gebouw/Gebouw.31845042/0","properties":{"source":"Digitaal Vlaanderen Gebouwenregister","source_id":"gebouw/Gebouw.31845042/0","kind":"building","building":"official","height_m":5.1,"status":null},"geometry":{"type":"Polygon","coordinates":[[[3.94377633,50.94505822],[3.9438129,50.94502917],[3.94375156,50.94499835],[3.94371499,50.94502739],[3.94377633,50.94505822]]]}},{"type":"Feature","id":"gebouw/Gebouw.31845049/0","properties":{"source":"Digitaal Vlaanderen Gebouwenregister","source_id":"gebouw/Gebouw.31845049/0","kind":"building","building":"official","height_m":5.85,"status":null},"geometry":{"type":"Polygon","coordinates":[[[3.94385361,50.94678252],[3.9439011,50.94680317],[3.94393762,50.94676964],[3.9439023,50.94675428],[3.94388901,50.94676648],[3.94387684,50.94676119],[3.94385361,50.94678252]]]}},{"type":"Feature","id":"gebouw/Gebouw.31845081/0","properties":{"source":"Digitaal Vlaanderen Gebouwenregister","source_id":"gebouw/Gebouw.31845081/0","kind":"building","building":"official","height_m":7.35,"status":null},"geometry":{"type":"Polygon","coordinates":[[[3.9476041,50.94233885],[3.9476247,50.94232625],[3.94756706,50.94228863],[3.94756984,50.94228692],[3.94753558,50.94226456],[3.94747041,50.94230441],[3.94750278,50.94232554],[3.94751034,50.94232092],[3.94754209,50.94234163],[3.94754819,50.9423379],[3.94756896,50.94235145],[3.94759045,50.94233831],[3.94756931,50.94232451],[3.94757593,50.94232047],[3.9476041,50.94233885]]]}},{"type":"Feature","id":"gebouw/Gebouw.31845087/0","properties":{"source":"Digitaal Vlaanderen Gebouwenregister","source_id":"gebouw/Gebouw.31845087/0","kind":"building","building":"official","height_m":7.35,"status":null},"geometry":{"type":"Polygon","coordinates":[[[3.94882491,50.94683579],[3.9488759,50.94677985],[3.94880895,50.94675585],[3.94870387,50.94686684],[3.94877139,50.94689142],[3.94882282,50.94683503],[3.94882491,50.94683579]]]}},{"type":"Feature","id":"gebouw/Gebouw.31845114/0","properties":{"source":"Digitaal Vlaanderen Gebouwenregister","source_id":"gebouw/Gebouw.31845114/0","kind":"building","building":"official","height_m":5.1,"status":null},"geometry":{"type":"Polygon","coordinates":[[[3.94551222,50.94830574],[3.94552918,50.94833671],[3.94560848,50.94831938],[3.94559152,50.94828842],[3.94551222,50.94830574]]]}},{"type":"Feature","id":"gebouw/Gebouw.31845137/0","properties":{"source":"Digitaal Vlaanderen Gebouwenregister","source_id":"gebouw/Gebouw.31845137/0","kind":"building","building":"official","height_m":8.85,"status":null},"geometry":{"type":"Polygon","coordinates":[[[3.9469902,50.94242953],[3.94698489,50.94242668],[3.94694167,50.94247121],[3.94695182,50.94247514],[3.9469581,50.94247757],[3.94693554,50.94250081],[3.94702629,50.94253597],[3.94706383,50.94249729],[3.94702848,50.9424836],[3.94704265,50.942469],[3.94704994,50.94246149],[3.9469902,50.94242953]]]}},{"type":"Feature","id":"gebouw/Gebouw.31845151/0","properties":{"source":"Digitaal Vlaanderen Gebouwenregister","source_id":"gebouw/Gebouw.31845151/0","kind":"building","building":"official","height_m":5.85,"status":null},"geometry":{"type":"Polygon","coordinates":[[[3.94889995,50.94802676],[3.94884639,50.94803961],[3.94886094,50.94806379],[3.9489145,50.94805094],[3.94889995,50.94802676]]]}},{"type":"Feature","id":"gebouw/Gebouw.31845153/0","properties":{"source":"Digitaal Vlaanderen Gebouwenregister","source_id":"gebouw/Gebouw.31845153/0","kind":"building","building":"official","height_m":7.35,"status":null},"geometry":{"type":"Polygon","coordinates":[[[3.95052404,50.9464979],[3.95054647,50.94653224],[3.95056609,50.94652713],[3.95056832,50.94653053],[3.95058491,50.94652621],[3.95056924,50.9465022],[3.95058043,50.94649929],[3.95057146,50.94648554],[3.95052404,50.9464979]]]}},{"type":"Feature","id":"gebouw/Gebouw.31845181/0","properties":{"source":"Digitaal Vlaanderen Gebouwenregister","source_id":"gebouw/Gebouw.31845181/0","kind":"building","building":"official","height_m":5.85,"status":null},"geometry":{"type":"Polygon","coordinates":[[[3.94767918,50.94241942],[3.94764757,50.94243692],[3.94768098,50.94246101],[3.94768403,50.94245932],[3.94773492,50.942496],[3.94772996,50.94249874],[3.94775551,50.94251716],[3.94778902,50.94249861],[3.94767918,50.94241942]]]}},{"type":"Feature","id":"gebouw/Gebouw.31845203/0","properties":{"source":"Digitaal Vlaanderen Gebouwenregister","source_id":"gebouw/Gebouw.31845203/0","kind":"building","building":"official","height_m":8.85,"status":null},"geometry":{"type":"Polygon","coordinates":[[[3.94682669,50.94572982],[3.94673704,50.94568993],[3.94670662,50.94571722],[3.94679628,50.9457571],[3.94682669,50.94572982]]]}},{"type":"Feature","id":"gebouw/Gebouw.31845211/0","properties":{"source":"Digitaal Vlaanderen Gebouwenregister","source_id":"gebouw/Gebouw.31845211/0","kind":"building","building":"official","height_m":5.85,"status":null},"geometry":{"type":"Polygon","coordinates":[[[3.94373786,50.94680203],[3.94378616,50.94682365],[3.94381651,50.94679838],[3.94376926,50.9467758],[3.94373786,50.94680203]]]}},{"type":"Feature","id":"gebouw/Gebouw.31845234/0","properties":{"source":"Digitaal Vlaanderen Gebouwenregister","source_id":"gebouw/Gebouw.31845234/0","kind":"building","building":"official","height_m":5.1,"status":null},"geometry":{"type":"Polygon","coordinates":[[[3.94409586,50.94506774],[3.94415655,50.94502607],[3.94412578,50.94500818],[3.94406508,50.94504985],[3.94409586,50.94506774]]]}},{"type":"Feature","id":"gebouw/Gebouw.31845384/0","properties":{"source":"Digitaal Vlaanderen Gebouwenregister","source_id":"gebouw/Gebouw.31845384/0","kind":"building","building":"official","height_m":5.1,"status":null},"geometry":{"type":"Polygon","coordinates":[[[3.94640376,50.94558185],[3.94632353,50.94564789],[3.94636045,50.9456658],[3.94638805,50.94564308],[3.94639864,50.94564821],[3.94645128,50.94560488],[3.94640376,50.94558185]]]}},{"type":"Feature","id":"gebouw/Gebouw.31845392/0","properties":{"source":"Digitaal Vlaanderen Gebouwenregister","source_id":"gebouw/Gebouw.31845392/0","kind":"building","building":"official","height_m":6.6,"status":null},"geometry":{"type":"Polygon","coordinates":[[[3.95053689,50.94653545],[3.95050746,50.94654308],[3.95053398,50.9465839],[3.9505634,50.94657628],[3.95053689,50.94653545]]]}},{"type":"Feature","id":"gebouw/Gebouw.31845465/0","properties":{"source":"Digitaal Vlaanderen Gebouwenregister","source_id":"gebouw/Gebouw.31845465/0","kind":"building","building":"official","height_m":7.35,"status":null},"geometry":{"type":"Polygon","coordinates":[[[3.94308082,50.94511135],[3.94311859,50.94513017],[3.9431651,50.94509291],[3.94312734,50.94507409],[3.94308082,50.94511135]]]}},{"type":"Feature","id":"gebouw/Gebouw.32031886/0","properties":{"source":"Digitaal Vlaanderen Gebouwenregister","source_id":"gebouw/Gebouw.32031886/0","kind":"building","building":"official","height_m":8.1,"status":null},"geometry":{"type":"Polygon","coordinates":[[[3.94756026,50.94261944],[3.94755219,50.94261493],[3.94748955,50.94265972],[3.94749896,50.94266497],[3.94754058,50.9426882],[3.94760322,50.94264342],[3.94756026,50.94261944]]]}},{"type":"Feature","id":"gebouw/Gebouw.32031931/0","properties":{"source":"Digitaal Vlaanderen Gebouwenregister","source_id":"gebouw/Gebouw.32031931/0","kind":"building","building":"official","height_m":5.85,"status":null},"geometry":{"type":"Polygon","coordinates":[[[3.94763014,50.94612831],[3.94768868,50.94614111],[3.94771778,50.94608802],[3.94765924,50.94607521],[3.94763014,50.94612831]]]}},{"type":"Feature","id":"gebouw/Gebouw.32032084/0","properties":{"source":"Digitaal Vlaanderen Gebouwenregister","source_id":"gebouw/Gebouw.32032084/0","kind":"building","building":"official","height_m":8.1,"status":null},"geometry":{"type":"Polygon","coordinates":[[[3.94466353,50.94587564],[3.94470855,50.9458944],[3.94476111,50.94584404],[3.94471608,50.94582529],[3.94466353,50.94587564]]]}},{"type":"Feature","id":"gebouw/Gebouw.32032245/0","properties":{"source":"Digitaal Vlaanderen Gebouwenregister","source_id":"gebouw/Gebouw.32032245/0","kind":"building","building":"official","height_m":7.35,"status":null},"geometry":{"type":"Polygon","coordinates":[[[3.94616443,50.94812205],[3.9462068,50.94811569],[3.94618361,50.94805405],[3.94617877,50.94805478],[3.94617201,50.94803679],[3.94613448,50.94804242],[3.94616443,50.94812205]]]}},{"type":"Feature","id":"way/198188001","properties":{"source":"OpenStreetMap","source_id":"way/198188001","kind":"vegetation","landuse":"forest","natural":null,"name":null},"geometry":{"type":"Polygon","coordinates":[[[3.9516791,50.9433622],[3.9513744,50.9436261],[3.9514284,50.9436563],[3.9512691,50.9437693],[3.9511467,50.9436972],[3.9511874,50.9436677],[3.9513592,50.9435358],[3.95126,50.9434258],[3.9511575,50.9433683],[3.9512263,50.9431739],[3.9514402,50.9432831],[3.9514825,50.9432506],[3.9516791,50.9433622]]]}},{"type":"Feature","id":"way/198188010","properties":{"source":"OpenStreetMap","source_id":"way/198188010","kind":"vegetation","landuse":"orchard","natural":null,"name":null},"geometry":{"type":"Polygon","coordinates":[[[3.9445451,50.945045],[3.9442571,50.9452867],[3.9439062,50.9455543],[3.9438544,50.9455257],[3.9437718,50.9454605],[3.9437411,50.9454362],[3.943698,50.9453893],[3.943673,50.9453557],[3.9436567,50.9452964],[3.9436529,50.9452542],[3.9436741,50.9452263],[3.9437109,50.9452155],[3.9440264,50.9451552],[3.9445451,50.945045]]]}},{"type":"Feature","id":"way/198188054","properties":{"source":"OpenStreetMap","source_id":"way/198188054","kind":"vegetation","landuse":"forest","natural":null,"name":null},"geometry":{"type":"Polygon","coordinates":[[[3.9515981,50.9459282],[3.951373,50.9456373],[3.9511549,50.9455392],[3.9510843,50.9455898],[3.9512627,50.9457784],[3.9514467,50.9460057],[3.9518231,50.945918],[3.9515981,50.9459282]]]}},{"type":"Feature","id":"way/198188071","properties":{"source":"OpenStreetMap","source_id":"way/198188071","kind":"vegetation","landuse":"forest","natural":null,"name":null},"geometry":{"type":"Polygon","coordinates":[[[3.9520103,50.9435512],[3.951194,50.9441831],[3.9510344,50.944101],[3.9513864,50.9438354],[3.9518725,50.943473],[3.9520103,50.9435512]]]}},{"type":"Feature","id":"way/457961812","properties":{"source":"OpenStreetMap","source_id":"way/457961812","kind":"waterway","waterway":"stream","name":"Kokelaarbeek"},"geometry":{"type":"LineString","coordinates":[[3.9395467,50.9436857],[3.9400535,50.9438179],[3.9400579,50.9439105],[3.9402478,50.943983],[3.9404345,50.9440424],[3.9408674,50.9441739],[3.9410183,50.9441439],[3.9411149,50.9441214],[3.941421,50.9442367],[3.9417632,50.9443635],[3.9419215,50.944288],[3.9419805,50.9442864],[3.9420208,50.9442948],[3.9420677,50.9443227],[3.9420892,50.9443827],[3.9421183,50.9444029],[3.9425276,50.9445267],[3.9427526,50.9446178],[3.9430508,50.9446811]]}},{"type":"Feature","id":"way/457961813","properties":{"source":"OpenStreetMap","source_id":"way/457961813","kind":"waterway","waterway":"stream","name":"Kokelaarbeek"},"geometry":{"type":"LineString","coordinates":[[3.9447477,50.9458372],[3.9450939,50.945913],[3.9454191,50.9460819],[3.9456384,50.946079]]}},{"type":"Feature","id":"way/457961814","properties":{"source":"OpenStreetMap","source_id":"way/457961814","kind":"waterway","waterway":"stream","name":"Kokelaarbeek"},"geometry":{"type":"LineString","coordinates":[[3.9456384,50.946079],[3.9458001,50.9460868],[3.9459982,50.9461516],[3.9461692,50.9462188],[3.9463914,50.9462966]]}},{"type":"Feature","id":"way/457961821","properties":{"source":"OpenStreetMap","source_id":"way/457961821","kind":"waterway","waterway":"stream","name":"Kokelaarbeek"},"geometry":{"type":"LineString","coordinates":[[3.9463914,50.9462966],[3.9464332,50.946311],[3.9463917,50.94646],[3.9465765,50.9464972]]}},{"type":"Feature","id":"way/457961828","properties":{"source":"OpenStreetMap","source_id":"way/457961828","kind":"waterway","waterway":"stream","name":"Kokelaarbeek"},"geometry":{"type":"LineString","coordinates":[[3.9465765,50.9464972],[3.951643,50.945954]]}},{"type":"Feature","id":"way/457961831","properties":{"source":"OpenStreetMap","source_id":"way/457961831","kind":"waterway","waterway":"stream","name":"Kokelaarbeek"},"geometry":{"type":"LineString","coordinates":[[3.9430508,50.9446811],[3.9433748,50.9449198],[3.9434409,50.9451102],[3.9437269,50.9451208],[3.9439118,50.9450675],[3.9440321,50.9450862],[3.9440911,50.9452339],[3.9441282,50.9452721],[3.9442486,50.9452963],[3.9443234,50.9453585],[3.9443636,50.9454196],[3.9444041,50.9455918],[3.9446207,50.9457877],[3.9447477,50.9458372]]}},{"type":"Feature","id":"way/457961833","properties":{"source":"OpenStreetMap","source_id":"way/457961833","kind":"waterway","waterway":"stream","name":"Kokelaarbeek"},"geometry":{"type":"LineString","coordinates":[[3.9465765,50.9464972],[3.9473617,50.9466157],[3.947948,50.9467272],[3.9485948,50.9468055],[3.9490387,50.94685],[3.9497534,50.9469191],[3.9510251,50.9470236],[3.9512681,50.947217],[3.9534752,50.9468148],[3.9538141,50.9467781],[3.9538865,50.9467696]]}},{"type":"Feature","id":"way/459900398","properties":{"source":"OpenStreetMap","source_id":"way/459900398","kind":"vegetation","landuse":"orchard","natural":null,"name":null},"geometry":{"type":"Polygon","coordinates":[[[3.9468783,50.9441056],[3.9465346,50.9439058],[3.946969,50.9435651],[3.9473531,50.943744],[3.9468783,50.9441056]]]}},{"type":"Feature","id":"way/1000781301","properties":{"source":"OpenStreetMap","source_id":"way/1000781301","kind":"vegetation","landuse":"forest","natural":null,"name":null},"geometry":{"type":"Polygon","coordinates":[[[3.9514752,50.9477422],[3.9517667,50.9478836],[3.9513363,50.9482758],[3.9509618,50.9481723],[3.9514752,50.9477422]]]}}]}