{"type":"FeatureCollection","features":[{"type":"Feature","id":"gebouw/Gebouw.12854625/0","properties":{"source":"Digitaal Vlaanderen Gebouwenregister","source_id":"gebouw/Gebouw.12854625/0","kind":"building","building":"official","height_m":7.35,"status":null},"geometry":{"type":"Polygon","coordinates":[[[3.91265035,50.91718744],[3.91258333,50.91715218],[3.9126067,50.91713443],[3.91247595,50.91706564],[3.9125039,50.91704441],[3.91263515,50.91711346],[3.91262942,50.91711781],[3.91269594,50.91715281],[3.91265035,50.91718744]]]}},{"type":"Feature","id":"gebouw/Gebouw.12866382/0","properties":{"source":"Digitaal Vlaanderen Gebouwenregister","source_id":"gebouw/Gebouw.12866382/0","kind":"building","building":"official","height_m":5.1,"status":null},"geometry":{"type":"Polygon","coordinates":[[[3.9151374,50.91414545],[3.91506667,50.91418345],[3.9150566,50.91417583],[3.91505456,50.91417705],[3.91500534,50.9141386],[3.91501673,50.91413277],[3.91507928,50.91410023],[3.9151374,50.91414545]]]}},{"type":"Feature","id":"gebouw/Gebouw.12866665/0","properties":{"source":"Digitaal Vlaanderen Gebouwenregister","source_id":"gebouw/Gebouw.12866665/0","kind":"building","building":"official","height_m":5.85,"status":null},"geometry":{"type":"Polygon","coordinates":[[[3.91608026,50.91473242],[3.91599444,50.91466378],[3.91604104,50.91464139],[3.91612619,50.91471379],[3.91608026,50.91473242]]]}},{"type":"Feature","id":"gebouw/Gebouw.12866813/0","properties":{"source":"Digitaal Vlaanderen Gebouwenregister","source_id":"gebouw/Gebouw.12866813/0","kind":"building","building":"official","height_m":8.85,"status":null},"geometry":{"type":"Polygon","coordinates":[[[3.91254079,50.91674133],[3.91303363,50.91700693],[3.91293246,50.91708195],[3.9126041,50.91690481],[3.91243982,50.91681618],[3.91254079,50.91674133]]]}},{"type":"Feature","id":"gebouw/Gebouw.12892986/0","properties":{"source":"Digitaal Vlaanderen Gebouwenregister","source_id":"gebouw/Gebouw.12892986/0","kind":"building","building":"official","height_m":5.1,"status":null},"geometry":{"type":"Polygon","coordinates":[[[3.91229946,50.91571487],[3.91233231,50.91569351],[3.91243737,50.9157606],[3.91240343,50.91578083],[3.91229946,50.91571487]]]}},{"type":"Feature","id":"gebouw/Gebouw.12893515/0","properties":{"source":"Digitaal Vlaanderen Gebouwenregister","source_id":"gebouw/Gebouw.12893515/0","kind":"building","building":"official","height_m":5.85,"status":null},"geometry":{"type":"Polygon","coordinates":[[[3.91112462,50.91666808],[3.91107141,50.91671178],[3.91108946,50.9167205],[3.91105265,50.91675096],[3.91090894,50.91668043],[3.91091461,50.91667536],[3.91089115,50.91666348],[3.91097377,50.91659566],[3.91112462,50.91666808]]]}},{"type":"Feature","id":"gebouw/Gebouw.12893676/0","properties":{"source":"Digitaal Vlaanderen Gebouwenregister","source_id":"gebouw/Gebouw.12893676/0","kind":"building","building":"official","height_m":5.1,"status":null},"geometry":{"type":"Polygon","coordinates":[[[3.91124282,50.91803616],[3.91110978,50.91796774],[3.91116384,50.91792573],[3.91129689,50.91799416],[3.91124282,50.91803616]]]}},{"type":"Feature","id":"gebouw/Gebouw.12901310/0","properties":{"source":"Digitaal Vlaanderen Gebouwenregister","source_id":"gebouw/Gebouw.12901310/0","kind":"building","building":"official","height_m":6.6,"status":null},"geometry":{"type":"Polygon","coordinates":[[[3.91203364,50.9143589],[3.9117675,50.91459018],[3.91142125,50.9144325],[3.91187835,50.91402925],[3.91241615,50.91427389],[3.91224787,50.91442257],[3.91211868,50.91436542],[3.91209273,50.914387],[3.91203364,50.9143589]]]}},{"type":"Feature","id":"gebouw/Gebouw.12910722/0","properties":{"source":"Digitaal Vlaanderen Gebouwenregister","source_id":"gebouw/Gebouw.12910722/0","kind":"building","building":"official","height_m":5.1,"status":null},"geometry":{"type":"Polygon","coordinates":[[[3.91434911,50.91561919],[3.91437806,50.91561035],[3.91442285,50.91566868],[3.91439354,50.91567768],[3.91434911,50.91561919]]]}},{"type":"Feature","id":"gebouw/Gebouw.12917285/0","properties":{"source":"Digitaal Vlaanderen Gebouwenregister","source_id":"gebouw/Gebouw.12917285/0","kind":"building","building":"official","height_m":8.85,"status":null},"geometry":{"type":"Polygon","coordinates":[[[3.91029209,50.91992356],[3.91064,50.92006462],[3.91051202,50.92019074],[3.90996725,50.91996987],[3.9101951,50.91974533],[3.91026483,50.9196766],[3.90984692,50.91950716],[3.90958659,50.91940161],[3.90968181,50.91930777],[3.90991229,50.91940122],[3.91055693,50.91966258],[3.910817,50.91976803],[3.91065204,50.91993059],[3.91039197,50.91982515],[3.91029209,50.91992356]]]}},{"type":"Feature","id":"gebouw/Gebouw.12917755/0","properties":{"source":"Digitaal Vlaanderen Gebouwenregister","source_id":"gebouw/Gebouw.12917755/0","kind":"building","building":"official","height_m":5.85,"status":null},"geometry":{"type":"Polygon","coordinates":[[[3.9151928,50.91570708],[3.91515473,50.91568334],[3.91521018,50.91564782],[3.91524825,50.91567156],[3.9151928,50.91570708]]]}},{"type":"Feature","id":"gebouw/Gebouw.12933405/0","properties":{"source":"Digitaal Vlaanderen Gebouwenregister","source_id":"gebouw/Gebouw.12933405/0","kind":"building","building":"official","height_m":7.35,"status":null},"geometry":{"type":"Polygon","coordinates":[[[3.91521816,50.9150587],[3.91520103,50.9150298],[3.9151887,50.9150328],[3.91513361,50.91504618],[3.91512234,50.91504892],[3.91513923,50.91507637],[3.91513993,50.9150775],[3.91521816,50.9150587]]]}},{"type":"Feature","id":"gebouw/Gebouw.12936241/0","properties":{"source":"Digitaal Vlaanderen Gebouwenregister","source_id":"gebouw/Gebouw.12936241/0","kind":"building","building":"official","height_m":5.85,"status":null},"geometry":{"type":"Polygon","coordinates":[[[3.91865578,50.9148749],[3.91854748,50.91479893],[3.91866649,50.91472956],[3.91872536,50.91476981],[3.9187209,50.91477243],[3.91874603,50.9147896],[3.91875027,50.91478695],[3.91875882,50.91479278],[3.91877822,50.91480599],[3.91878538,50.91481086],[3.91878097,50.91481358],[3.91883571,50.91485103],[3.91870733,50.91492714],[3.91864095,50.91488331],[3.91865578,50.9148749]]]}},{"type":"Feature","id":"gebouw/Gebouw.12952300/0","properties":{"source":"Digitaal Vlaanderen Gebouwenregister","source_id":"gebouw/Gebouw.12952300/0","kind":"building","building":"official","height_m":8.1,"status":null},"geometry":{"type":"Polygon","coordinates":[[[3.91532775,50.91445162],[3.91523898,50.9145133],[3.91513142,50.91444981],[3.91522299,50.91438818],[3.91532852,50.91445106],[3.91532775,50.91445162]]]}},{"type":"Feature","id":"gebouw/Gebouw.12952329/0","properties":{"source":"Digitaal Vlaanderen Gebouwenregister","source_id":"gebouw/Gebouw.12952329/0","kind":"building","building":"official","height_m":7.35,"status":null},"geometry":{"type":"Polygon","coordinates":[[[3.91220309,50.91765002],[3.91216789,50.91763442],[3.91219816,50.91760713],[3.91223336,50.91762273],[3.91220309,50.91765002]]]}},{"type":"Feature","id":"gebouw/Gebouw.12952664/0","properties":{"source":"Digitaal Vlaanderen Gebouwenregister","source_id":"gebouw/Gebouw.12952664/0","kind":"building","building":"official","height_m":6.6,"status":null},"geometry":{"type":"Polygon","coordinates":[[[3.90990939,50.91840252],[3.90993791,50.91837354],[3.9099681,50.91838541],[3.91004655,50.9183057],[3.91017073,50.91835251],[3.91013373,50.91838742],[3.91015779,50.91839704],[3.91009987,50.91845487],[3.91007611,50.91844506],[3.9100588,50.91846271],[3.90990939,50.91840252]]]}},{"type":"Feature","id":"gebouw/Gebouw.12955275/0","properties":{"source":"Digitaal Vlaanderen Gebouwenregister","source_id":"gebouw/Gebouw.12955275/0","kind":"building","building":"official","height_m":7.35,"status":null},"geometry":{"type":"Polygon","coordinates":[[[3.91546743,50.9153381],[3.91551004,50.91537979],[3.91548241,50.91539023],[3.91550894,50.91541615],[3.91552316,50.91541028],[3.9155391,50.91542528],[3.91562362,50.91539036],[3.91567544,50.91544016],[3.9156108,50.91546729],[3.91562005,50.91547679],[3.91556862,50.91549678],[3.91556631,50.91549441],[3.91550748,50.91551728],[3.91546783,50.91547652],[3.9154246,50.91549333],[3.91533034,50.91539644],[3.91546743,50.9153381]]]}},{"type":"Feature","id":"gebouw/Gebouw.12968124/0","properties":{"source":"Digitaal Vlaanderen Gebouwenregister","source_id":"gebouw/Gebouw.12968124/0","kind":"building","building":"official","height_m":5.1,"status":null},"geometry":{"type":"Polygon","coordinates":[[[3.91997762,50.91606249],[3.91992881,50.91603926],[3.91996457,50.91600922],[3.91995751,50.91600586],[3.91998986,50.9159787],[3.92004573,50.91600528],[3.91997762,50.91606249]]]}},{"type":"Feature","id":"gebouw/Gebouw.12977509/0","properties":{"source":"Digitaal Vlaanderen Gebouwenregister","source_id":"gebouw/Gebouw.12977509/0","kind":"building","building":"official","height_m":5.85,"status":null},"geometry":{"type":"Polygon","coordinates":[[[3.91543947,50.91398482],[3.91539507,50.91395386],[3.9154005,50.91395052],[3.91533563,50.91390539],[3.91543231,50.91385066],[3.91545992,50.91387007],[3.91547876,50.91388331],[3.91547281,50.91388688],[3.91548952,50.91389869],[3.91549318,50.91390128],[3.91550879,50.91389244],[3.91554943,50.91392117],[3.91543947,50.91398482]]]}},{"type":"Feature","id":"gebouw/Gebouw.12980047/0","properties":{"source":"Digitaal Vlaanderen Gebouwenregister","source_id":"gebouw/Gebouw.12980047/0","kind":"building","building":"official","height_m":5.85,"status":null},"geometry":{"type":"Polygon","coordinates":[[[3.90976835,50.91962941],[3.90971913,50.91961792],[3.90974322,50.9195767],[3.90979244,50.91958819],[3.90976835,50.91962941]]]}},{"type":"Feature","id":"gebouw/Gebouw.12996486/0","properties":{"source":"Digitaal Vlaanderen Gebouwenregister","source_id":"gebouw/Gebouw.12996486/0","kind":"building","building":"official","height_m":5.1,"status":null},"geometry":{"type":"Polygon","coordinates":[[[3.91192948,50.91741428],[3.91192383,50.91741828],[3.9118866,50.91744466],[3.91183855,50.91741769],[3.91186543,50.91739856],[3.91187584,50.9174044],[3.91188513,50.91739782],[3.91189244,50.91739265],[3.91192948,50.91741428]]]}},{"type":"Feature","id":"gebouw/Gebouw.12997032/0","properties":{"source":"Digitaal Vlaanderen Gebouwenregister","source_id":"gebouw/Gebouw.12997032/0","kind":"building","building":"official","height_m":5.1,"status":null},"geometry":{"type":"Polygon","coordinates":[[[3.91796366,50.91549092],[3.91787692,50.91543771],[3.91791253,50.91541428],[3.91800049,50.915466],[3.91796366,50.91549092]]]}},{"type":"Feature","id":"gebouw/Gebouw.12997058/0","properties":{"source":"Digitaal Vlaanderen Gebouwenregister","source_id":"gebouw/Gebouw.12997058/0","kind":"building","building":"official","height_m":6.6,"status":null},"geometry":{"type":"Polygon","coordinates":[[[3.91356261,50.91513484],[3.91347899,50.91518351],[3.91349835,50.91519684],[3.91342909,50.91523724],[3.91325994,50.91512531],[3.91337797,50.91505515],[3.91341714,50.91508153],[3.91345371,50.91506079],[3.91356261,50.91513484]]]}},{"type":"Feature","id":"gebouw/Gebouw.13001300/0","properties":{"source":"Digitaal Vlaanderen Gebouwenregister","source_id":"gebouw/Gebouw.13001300/0","kind":"building","building":"official","height_m":6.6,"status":null},"geometry":{"type":"Polygon","coordinates":[[[3.91166333,50.91724677],[3.9115056,50.91716241],[3.91160286,50.91708975],[3.91158626,50.91708087],[3.91165274,50.91703121],[3.91166838,50.91703957],[3.91175061,50.91697814],[3.91190804,50.91706234],[3.91183417,50.91711568],[3.91179325,50.91709504],[3.91179684,50.91709228],[3.91178339,50.91708509],[3.91170498,50.91714367],[3.91176114,50.91717371],[3.91166333,50.91724677]]]}},{"type":"Feature","id":"gebouw/Gebouw.13008685/0","properties":{"source":"Digitaal Vlaanderen Gebouwenregister","source_id":"gebouw/Gebouw.13008685/0","kind":"building","building":"official","height_m":5.85,"status":null},"geometry":{"type":"Polygon","coordinates":[[[3.91727289,50.91533712],[3.91723913,50.91535062],[3.91722103,50.91535785],[3.91718076,50.91537395],[3.9171766,50.91537562],[3.91708048,50.91527788],[3.91705253,50.91524945],[3.91701419,50.91521046],[3.91699227,50.91518818],[3.9171173,50.91514321],[3.91714174,50.91516536],[3.91716958,50.91519058],[3.91715821,50.91519447],[3.91715382,50.91519086],[3.91710316,50.91520795],[3.91710926,50.91521572],[3.91710327,50.91521755],[3.91712697,50.91525237],[3.91717228,50.91523448],[3.91727289,50.91533712]]]}},{"type":"Feature","id":"gebouw/Gebouw.13023139/0","properties":{"source":"Digitaal Vlaanderen Gebouwenregister","source_id":"gebouw/Gebouw.13023139/0","kind":"building","building":"official","height_m":5.85,"status":null},"geometry":{"type":"Polygon","coordinates":[[[3.91724335,50.91403059],[3.91739232,50.91414133],[3.91719118,50.91424811],[3.91704221,50.91413774],[3.91724335,50.91403059]]]}},{"type":"Feature","id":"gebouw/Gebouw.13023272/0","properties":{"source":"Digitaal Vlaanderen Gebouwenregister","source_id":"gebouw/Gebouw.13023272/0","kind":"building","building":"official","height_m":6.6,"status":null},"geometry":{"type":"Polygon","coordinates":[[[3.91344727,50.91368834],[3.91348969,50.9136499],[3.91353969,50.91367195],[3.9135133,50.91369586],[3.91352485,50.91370096],[3.91350882,50.91371549],[3.91344727,50.91368834]]]}},{"type":"Feature","id":"gebouw/Gebouw.13036466/0","properties":{"source":"Digitaal Vlaanderen Gebouwenregister","source_id":"gebouw/Gebouw.13036466/0","kind":"building","building":"official","height_m":6.6,"status":null},"geometry":{"type":"Polygon","coordinates":[[[3.91553141,50.91509152],[3.91553058,50.91508022],[3.91566919,50.91507138],[3.91566917,50.91507127],[3.91565701,50.91498444],[3.91550268,50.91499033],[3.91541706,50.91501091],[3.9154215,50.91505235],[3.91547144,50.91505109],[3.91547597,50.91509905],[3.91547968,50.91509855],[3.91553141,50.91509152]]]}},{"type":"Feature","id":"gebouw/Gebouw.13037120/0","properties":{"source":"Digitaal Vlaanderen Gebouwenregister","source_id":"gebouw/Gebouw.13037120/0","kind":"building","building":"official","height_m":6.6,"status":null},"geometry":{"type":"Polygon","coordinates":[[[3.91328458,50.91583001],[3.9133565,50.91587305],[3.91331667,50.91589665],[3.91340243,50.91595447],[3.91328452,50.91602561],[3.91318798,50.91596796],[3.91314343,50.91599436],[3.913089,50.91596167],[3.91312961,50.91593522],[3.91312586,50.91593312],[3.91328458,50.91583001]]]}},{"type":"Feature","id":"gebouw/Gebouw.13037158/0","properties":{"source":"Digitaal Vlaanderen Gebouwenregister","source_id":"gebouw/Gebouw.13037158/0","kind":"building","building":"official","height_m":8.1,"status":null},"geometry":{"type":"Polygon","coordinates":[[[3.91000516,50.91746615],[3.91017174,50.91754743],[3.91016022,50.91755682],[3.91010728,50.91759993],[3.91012995,50.91761067],[3.91013119,50.91761126],[3.91009097,50.91764404],[3.90990033,50.91755013],[3.91000516,50.91746615]]]}},{"type":"Feature","id":"gebouw/Gebouw.13044242/0","properties":{"source":"Digitaal Vlaanderen Gebouwenregister","source_id":"gebouw/Gebouw.13044242/0","kind":"building","building":"official","height_m":6.6,"status":null},"geometry":{"type":"Polygon","coordinates":[[[3.91225463,50.91671628],[3.91221974,50.91674169],[3.91211849,50.91669059],[3.91206711,50.91673011],[3.9119531,50.91666903],[3.91199536,50.91663726],[3.91198967,50.91663441],[3.91203672,50.91659872],[3.91225463,50.91671628]]]}},{"type":"Feature","id":"gebouw/Gebouw.13046840/0","properties":{"source":"Digitaal Vlaanderen Gebouwenregister","source_id":"gebouw/Gebouw.13046840/0","kind":"building","building":"official","height_m":6.6,"status":null},"geometry":{"type":"Polygon","coordinates":[[[3.91049727,50.91845325],[3.91039204,50.91841021],[3.91046781,50.91833265],[3.91050217,50.91834678],[3.9105592,50.91828901],[3.91044612,50.91824276],[3.91050417,50.91818604],[3.91069209,50.9182629],[3.91056684,50.91838528],[3.91059593,50.91839717],[3.91054959,50.91844244],[3.9105205,50.91843055],[3.91049727,50.91845325]]]}},{"type":"Feature","id":"gebouw/Gebouw.13048077/0","properties":{"source":"Digitaal Vlaanderen Gebouwenregister","source_id":"gebouw/Gebouw.13048077/0","kind":"building","building":"official","height_m":7.35,"status":null},"geometry":{"type":"Polygon","coordinates":[[[3.91584246,50.91376719],[3.91573742,50.91382132],[3.9156685,50.91376843],[3.91560844,50.91379995],[3.91554977,50.91375605],[3.91573359,50.91366101],[3.91581615,50.91372474],[3.91579866,50.91373276],[3.91584246,50.91376719]]]}},{"type":"Feature","id":"gebouw/Gebouw.13048312/0","properties":{"source":"Digitaal Vlaanderen Gebouwenregister","source_id":"gebouw/Gebouw.13048312/0","kind":"building","building":"official","height_m":8.1,"status":null},"geometry":{"type":"Polygon","coordinates":[[[3.91584707,50.91414913],[3.91572367,50.91422032],[3.91571823,50.91421644],[3.91565871,50.91417395],[3.9157831,50.91410364],[3.91584707,50.91414913]]]}},{"type":"Feature","id":"gebouw/Gebouw.13048963/0","properties":{"source":"Digitaal Vlaanderen Gebouwenregister","source_id":"gebouw/Gebouw.13048963/0","kind":"building","building":"official","height_m":5.85,"status":null},"geometry":{"type":"Polygon","coordinates":[[[3.91605478,50.91473384],[3.91602851,50.9147446],[3.91600771,50.91472844],[3.91600263,50.91472934],[3.91594356,50.91467729],[3.91597227,50.91466391],[3.91597572,50.91466231],[3.91603421,50.91471322],[3.91604561,50.91470918],[3.91606814,50.91472837],[3.91605478,50.91473384]]]}},{"type":"Feature","id":"gebouw/Gebouw.13060124/0","properties":{"source":"Digitaal Vlaanderen Gebouwenregister","source_id":"gebouw/Gebouw.13060124/0","kind":"building","building":"official","height_m":6.6,"status":null},"geometry":{"type":"Polygon","coordinates":[[[3.9107215,50.9164813],[3.91070455,50.91645675],[3.91075678,50.91644233],[3.91077373,50.91646688],[3.9107215,50.9164813]]]}},{"type":"Feature","id":"gebouw/Gebouw.13072706/0","properties":{"source":"Digitaal Vlaanderen Gebouwenregister","source_id":"gebouw/Gebouw.13072706/0","kind":"building","building":"official","height_m":6.6,"status":null},"geometry":{"type":"Polygon","coordinates":[[[3.9160525,50.91635172],[3.9160605,50.91635541],[3.91601145,50.91639384],[3.91597538,50.91637696],[3.9160212,50.91633728],[3.9160525,50.91635172]]]}},{"type":"Feature","id":"gebouw/Gebouw.13074033/0","properties":{"source":"Digitaal Vlaanderen Gebouwenregister","source_id":"gebouw/Gebouw.13074033/0","kind":"building","building":"official","height_m":7.35,"status":null},"geometry":{"type":"Polygon","coordinates":[[[3.91516992,50.91589662],[3.91535755,50.91574982],[3.91545254,50.91580356],[3.91542482,50.91582767],[3.91541298,50.91582218],[3.91525671,50.91594657],[3.9155207,50.91609126],[3.91541996,50.91617112],[3.91506598,50.91597795],[3.91516992,50.91589662]]]}},{"type":"Feature","id":"gebouw/Gebouw.13074464/0","properties":{"source":"Digitaal Vlaanderen Gebouwenregister","source_id":"gebouw/Gebouw.13074464/0","kind":"building","building":"official","height_m":6.6,"status":null},"geometry":{"type":"Polygon","coordinates":[[[3.91511695,50.91527882],[3.91506105,50.91521427],[3.91497101,50.91524865],[3.91494194,50.91525975],[3.91498034,50.91530404],[3.91500594,50.91529516],[3.91502401,50.9153151],[3.91511695,50.91527882]]]}},{"type":"Feature","id":"gebouw/Gebouw.13077585/0","properties":{"source":"Digitaal Vlaanderen Gebouwenregister","source_id":"gebouw/Gebouw.13077585/0","kind":"building","building":"official","height_m":7.35,"status":null},"geometry":{"type":"Polygon","coordinates":[[[3.9170123,50.91539257],[3.9169555,50.91541467],[3.91692583,50.91538018],[3.91688591,50.91539622],[3.91691126,50.91542334],[3.91693226,50.91541523],[3.91699872,50.91548466],[3.91693506,50.91550903],[3.91691289,50.91548584],[3.91685796,50.91542804],[3.91682556,50.91539394],[3.91678352,50.91534971],[3.91687394,50.91531468],[3.91688122,50.91532245],[3.91692903,50.91530327],[3.91694115,50.91531626],[3.91696515,50.91534201],[3.91699888,50.91537818],[3.91700607,50.91538589],[3.9170123,50.91539257]]]}},{"type":"Feature","id":"gebouw/Gebouw.13078435/0","properties":{"source":"Digitaal Vlaanderen Gebouwenregister","source_id":"gebouw/Gebouw.13078435/0","kind":"building","building":"official","height_m":5.85,"status":null},"geometry":{"type":"Polygon","coordinates":[[[3.91761583,50.91509545],[3.91757402,50.91511968],[3.91756431,50.91511314],[3.91751153,50.91514375],[3.91734923,50.9150297],[3.91743828,50.91497802],[3.91761583,50.91509545]]]}},{"type":"Feature","id":"gebouw/Gebouw.13090358/0","properties":{"source":"Digitaal Vlaanderen Gebouwenregister","source_id":"gebouw/Gebouw.13090358/0","kind":"building","building":"official","height_m":6.6,"status":null},"geometry":{"type":"Polygon","coordinates":[[[3.91903476,50.91501956],[3.91888324,50.91512146],[3.91881913,50.91508255],[3.91884571,50.91506394],[3.91880985,50.91504104],[3.91891131,50.91497073],[3.91895415,50.91499584],[3.9189741,50.91498293],[3.9189823,50.9149878],[3.91897945,50.91498995],[3.91902655,50.91501846],[3.91902968,50.9150165],[3.91903476,50.91501956]]]}},{"type":"Feature","id":"gebouw/Gebouw.13099149/0","properties":{"source":"Digitaal Vlaanderen Gebouwenregister","source_id":"gebouw/Gebouw.13099149/0","kind":"building","building":"official","height_m":7.35,"status":null},"geometry":{"type":"Polygon","coordinates":[[[3.91127799,50.91805641],[3.91120182,50.91812416],[3.91116861,50.91810737],[3.91116319,50.91810462],[3.91123974,50.91803699],[3.91127799,50.91805641]]]}},{"type":"Feature","id":"gebouw/Gebouw.13099300/0","properties":{"source":"Digitaal Vlaanderen Gebouwenregister","source_id":"gebouw/Gebouw.13099300/0","kind":"building","building":"official","height_m":8.1,"status":null},"geometry":{"type":"Polygon","coordinates":[[[3.91515022,50.91513539],[3.9151383,50.91509516],[3.91518954,50.91508909],[3.91520146,50.91512932],[3.91515022,50.91513539]]]}},{"type":"Feature","id":"gebouw/Gebouw.13099729/0","properties":{"source":"Digitaal Vlaanderen Gebouwenregister","source_id":"gebouw/Gebouw.13099729/0","kind":"building","building":"official","height_m":5.85,"status":null},"geometry":{"type":"Polygon","coordinates":[[[3.91142433,50.91565707],[3.91145096,50.91564015],[3.91152013,50.91568367],[3.91149343,50.91570063],[3.91142433,50.91565707]]]}},{"type":"Feature","id":"gebouw/Gebouw.13101591/0","properties":{"source":"Digitaal Vlaanderen Gebouwenregister","source_id":"gebouw/Gebouw.13101591/0","kind":"building","building":"official","height_m":7.35,"status":null},"geometry":{"type":"Polygon","coordinates":[[[3.9171954,50.91623415],[3.91731222,50.91614101],[3.91733967,50.91615271],[3.91738314,50.91611858],[3.91746537,50.91615896],[3.9173408,50.91625846],[3.91733505,50.91625565],[3.91729827,50.91628499],[3.9171954,50.91623415]]]}},{"type":"Feature","id":"gebouw/Gebouw.13102242/0","properties":{"source":"Digitaal Vlaanderen Gebouwenregister","source_id":"gebouw/Gebouw.13102242/0","kind":"building","building":"official","height_m":5.1,"status":null},"geometry":{"type":"Polygon","coordinates":[[[3.91575524,50.91646331],[3.91570141,50.91644164],[3.91574555,50.91639784],[3.91579938,50.91641951],[3.91575524,50.91646331]]]}},{"type":"Feature","id":"gebouw/Gebouw.13102249/0","properties":{"source":"Digitaal Vlaanderen Gebouwenregister","source_id":"gebouw/Gebouw.13102249/0","kind":"building","building":"official","height_m":5.85,"status":null},"geometry":{"type":"Polygon","coordinates":[[[3.91741979,50.91375935],[3.91724196,50.91360932],[3.91714835,50.91365236],[3.91716714,50.91366993],[3.91731042,50.91380388],[3.91731641,50.91380947],[3.91741979,50.91375935]]]}},{"type":"Feature","id":"gebouw/Gebouw.13104638/0","properties":{"source":"Digitaal Vlaanderen Gebouwenregister","source_id":"gebouw/Gebouw.13104638/0","kind":"building","building":"official","height_m":6.6,"status":null},"geometry":{"type":"Polygon","coordinates":[[[3.915883,50.91593728],[3.91580771,50.91599444],[3.91576562,50.91604341],[3.91573311,50.91603185],[3.91562292,50.91615026],[3.91554993,50.91612388],[3.9156887,50.91597634],[3.91564088,50.91595638],[3.91574681,50.91587143],[3.91575655,50.91587546],[3.91584956,50.91578212],[3.91593131,50.91581723],[3.91583055,50.91591126],[3.9158363,50.91591411],[3.915883,50.91593728]]]}},{"type":"Feature","id":"gebouw/Gebouw.13104694/0","properties":{"source":"Digitaal Vlaanderen Gebouwenregister","source_id":"gebouw/Gebouw.13104694/0","kind":"building","building":"official","height_m":8.1,"status":null},"geometry":{"type":"Polygon","coordinates":[[[3.91698976,50.91381864],[3.91692581,50.91384879],[3.91677482,50.91373483],[3.91669083,50.91366357],[3.91676367,50.91362896],[3.91684251,50.9136951],[3.91688461,50.91373042],[3.91697025,50.91380227],[3.91698976,50.91381864]]]}},{"type":"Feature","id":"gebouw/Gebouw.13110516/0","properties":{"source":"Digitaal Vlaanderen Gebouwenregister","source_id":"gebouw/Gebouw.13110516/0","kind":"building","building":"official","height_m":5.1,"status":null},"geometry":{"type":"Polygon","coordinates":[[[3.91018168,50.91681725],[3.91011546,50.91678278],[3.91014142,50.91676285],[3.91015704,50.91677098],[3.91017492,50.91675725],[3.91022552,50.91678359],[3.91018168,50.91681725]]]}},{"type":"Feature","id":"gebouw/Gebouw.13137533/0","properties":{"source":"Digitaal Vlaanderen Gebouwenregister","source_id":"gebouw/Gebouw.13137533/0","kind":"building","building":"official","height_m":8.85,"status":null},"geometry":{"type":"Polygon","coordinates":[[[3.91429148,50.91444416],[3.91405509,50.91442146],[3.91406802,50.91436642],[3.91405761,50.91436584],[3.91407572,50.91429141],[3.91407843,50.91429168],[3.91408533,50.91426321],[3.91410258,50.91426474],[3.91410349,50.91426004],[3.91412639,50.91426214],[3.91413785,50.91421515],[3.91420179,50.91421693],[3.91421359,50.9141596],[3.91439289,50.91417583],[3.91437746,50.91425159],[3.91437831,50.91425212],[3.91437946,50.91425292],[3.91438052,50.91425377],[3.91438149,50.91425467],[3.91438235,50.91425561],[3.91438311,50.91425659],[3.91438375,50.91425759],[3.91438429,50.91425862],[3.91438471,50.91425967],[3.91438501,50.91426074],[3.91438519,50.91426182],[3.91438525,50.9142629],[3.9143852,50.91426399],[3.91438502,50.91426507],[3.91438473,50.91426614],[3.91438432,50.91426719],[3.91438379,50.91426822],[3.91438315,50.91426923],[3.9143824,50.9142702],[3.91438155,50.91427115],[3.91438059,50.91427205],[3.91437954,50.9142729],[3.9143784,50.91427371],[3.91437717,50.91427447],[3.91437585,50.91427517],[3.91437447,50.9142758],[3.91437301,50.91427638],[3.9143715,50.91427689],[3.91436994,50.91427734],[3.91436326,50.91431569],[3.91437455,50.91431796],[3.91437354,50.91432154],[3.91443371,50.91432763],[3.91441958,50.91439475],[3.91430425,50.91438461],[3.91429148,50.91444416]]]}},{"type":"Feature","id":"gebouw/Gebouw.13137597/0","properties":{"source":"Digitaal Vlaanderen Gebouwenregister","source_id":"gebouw/Gebouw.13137597/0","kind":"building","building":"official","height_m":7.35,"status":null},"geometry":{"type":"Polygon","coordinates":[[[3.9173752,50.91456087],[3.91742777,50.91453285],[3.91748218,50.91450385],[3.91743058,50.91446607],[3.91739748,50.91448258],[3.91739619,50.91448112],[3.91739473,50.91447972],[3.91739313,50.91447839],[3.91739138,50.91447713],[3.9173895,50.91447595],[3.91738749,50.91447486],[3.91738537,50.91447386],[3.91738314,50.91447295],[3.91738082,50.91447215],[3.91737841,50.91447145],[3.91737594,50.91447086],[3.9173734,50.91447037],[3.91737082,50.91447001],[3.9173682,50.91446975],[3.91736556,50.91446961],[3.91736291,50.91446959],[3.91736027,50.91446969],[3.91735764,50.9144699],[3.91735504,50.91447023],[3.91735249,50.91447067],[3.91734999,50.91447122],[3.91734755,50.91447189],[3.9173452,50.91447265],[3.91734294,50.91447352],[3.91734077,50.91447449],[3.91733873,50.91447555],[3.9173368,50.9144767],[3.917335,50.91447793],[3.91733334,50.91447923],[3.91733184,50.91448061],[3.91733048,50.91448205],[3.91732929,50.91448354],[3.91732827,50.91448509],[3.91732742,50.91448667],[3.91732675,50.91448829],[3.91732625,50.91448994],[3.91732594,50.9144916],[3.91732582,50.91449327],[3.91732588,50.91449495],[3.91732612,50.91449662],[3.91732655,50.91449827],[3.91732716,50.9144999],[3.91732794,50.9145015],[3.91732891,50.91450306],[3.91733004,50.91450457],[3.91733133,50.91450603],[3.91733279,50.91450743],[3.91733439,50.91450876],[3.91733614,50.91451002],[3.91733802,50.9145112],[3.91734003,50.91451229],[3.91734102,50.91451278],[3.91730981,50.91453015],[3.91736112,50.91456838],[3.9173752,50.91456087]]]}},{"type":"Feature","id":"gebouw/Gebouw.13138258/0","properties":{"source":"Digitaal Vlaanderen Gebouwenregister","source_id":"gebouw/Gebouw.13138258/0","kind":"building","building":"official","height_m":8.1,"status":null},"geometry":{"type":"Polygon","coordinates":[[[3.91760164,50.91686374],[3.91769322,50.91691115],[3.91771135,50.91689717],[3.91771809,50.91690055],[3.9177394,50.91688416],[3.91785793,50.91694569],[3.91779356,50.91699666],[3.91777118,50.91698481],[3.91767834,50.91705538],[3.91748606,50.91695464],[3.91760164,50.91686374]]]}},{"type":"Feature","id":"gebouw/Gebouw.13138462/0","properties":{"source":"Digitaal Vlaanderen Gebouwenregister","source_id":"gebouw/Gebouw.13138462/0","kind":"building","building":"official","height_m":8.1,"status":null},"geometry":{"type":"Polygon","coordinates":[[[3.91575986,50.91579298],[3.91566776,50.91574977],[3.91564119,50.91577239],[3.91555406,50.91573151],[3.91561543,50.91567925],[3.91559479,50.91566956],[3.91562498,50.91564384],[3.9156445,50.915653],[3.91567925,50.91562342],[3.9158596,50.91570805],[3.91575986,50.91579298]]]}},{"type":"Feature","id":"gebouw/Gebouw.13149915/0","properties":{"source":"Digitaal Vlaanderen Gebouwenregister","source_id":"gebouw/Gebouw.13149915/0","kind":"building","building":"official","height_m":7.35,"status":null},"geometry":{"type":"Polygon","coordinates":[[[3.91811789,50.91535965],[3.91818043,50.91539098],[3.9182665,50.9154341],[3.91832461,50.9153909],[3.91825742,50.91535723],[3.91823235,50.91537491],[3.91821144,50.91536401],[3.9181918,50.91538109],[3.9181299,50.91535008],[3.91811789,50.91535965]]]}},{"type":"Feature","id":"gebouw/Gebouw.13169037/0","properties":{"source":"Digitaal Vlaanderen Gebouwenregister","source_id":"gebouw/Gebouw.13169037/0","kind":"building","building":"official","height_m":7.35,"status":null},"geometry":{"type":"Polygon","coordinates":[[[3.91522299,50.91438818],[3.91513142,50.91444981],[3.91502366,50.9143862],[3.91511611,50.9143247],[3.91522299,50.91438818]]]}},{"type":"Feature","id":"gebouw/Gebouw.13182594/0","properties":{"source":"Digitaal Vlaanderen Gebouwenregister","source_id":"gebouw/Gebouw.13182594/0","kind":"building","building":"official","height_m":5.1,"status":null},"geometry":{"type":"Polygon","coordinates":[[[3.91566671,50.91401179],[3.91554424,50.9140821],[3.91553829,50.91407793],[3.91547684,50.91403481],[3.9156012,50.91396525],[3.91566671,50.91401179]]]}},{"type":"Feature","id":"gebouw/Gebouw.13184284/0","properties":{"source":"Digitaal Vlaanderen Gebouwenregister","source_id":"gebouw/Gebouw.13184284/0","kind":"building","building":"official","height_m":8.1,"status":null},"geometry":{"type":"Polygon","coordinates":[[[3.91054435,50.9165926],[3.91050807,50.91657457],[3.91054097,50.91654812],[3.91057725,50.91656615],[3.91054435,50.9165926]]]}},{"type":"Feature","id":"gebouw/Gebouw.13184932/0","properties":{"source":"Digitaal Vlaanderen Gebouwenregister","source_id":"gebouw/Gebouw.13184932/0","kind":"building","building":"official","height_m":8.1,"status":null},"geometry":{"type":"Polygon","coordinates":[[[3.91340898,50.91756791],[3.91334255,50.91754176],[3.91338449,50.91749919],[3.91345093,50.91752534],[3.91340898,50.91756791]]]}},{"type":"Feature","id":"gebouw/Gebouw.13204816/0","properties":{"source":"Digitaal Vlaanderen Gebouwenregister","source_id":"gebouw/Gebouw.13204816/0","kind":"building","building":"official","height_m":8.1,"status":null},"geometry":{"type":"Polygon","coordinates":[[[3.92039939,50.91601301],[3.92031363,50.91608253],[3.92021949,50.91603611],[3.92025071,50.91601058],[3.92028401,50.91602701],[3.92033838,50.91598294],[3.92039939,50.91601301]]]}},{"type":"Feature","id":"gebouw/Gebouw.13214569/0","properties":{"source":"Digitaal Vlaanderen Gebouwenregister","source_id":"gebouw/Gebouw.13214569/0","kind":"building","building":"official","height_m":5.85,"status":null},"geometry":{"type":"Polygon","coordinates":[[[3.91232338,50.9159807],[3.91220511,50.91590496],[3.91215884,50.91587532],[3.91207769,50.91592232],[3.91218777,50.91599313],[3.9121991,50.915986],[3.91225668,50.91602256],[3.91232338,50.9159807]]]}},{"type":"Feature","id":"gebouw/Gebouw.13234908/0","properties":{"source":"Digitaal Vlaanderen Gebouwenregister","source_id":"gebouw/Gebouw.13234908/0","kind":"building","building":"official","height_m":5.1,"status":null},"geometry":{"type":"Polygon","coordinates":[[[3.91751566,50.91374395],[3.91743838,50.91377049],[3.91742334,50.91375807],[3.91741979,50.91375935],[3.91724196,50.91360932],[3.91720333,50.91357673],[3.91730816,50.91352583],[3.9173758,50.91358115],[3.91734156,50.91359592],[3.91751566,50.91374395]]]}},{"type":"Feature","id":"gebouw/Gebouw.13237341/0","properties":{"source":"Digitaal Vlaanderen Gebouwenregister","source_id":"gebouw/Gebouw.13237341/0","kind":"building","building":"official","height_m":7.35,"status":null},"geometry":{"type":"Polygon","coordinates":[[[3.9171354,50.91432756],[3.91718821,50.91436724],[3.91713583,50.9143951],[3.91708303,50.91435543],[3.9171354,50.91432756]]]}},{"type":"Feature","id":"gebouw/Gebouw.13238165/0","properties":{"source":"Digitaal Vlaanderen Gebouwenregister","source_id":"gebouw/Gebouw.13238165/0","kind":"building","building":"official","height_m":8.85,"status":null},"geometry":{"type":"Polygon","coordinates":[[[3.91504014,50.91461246],[3.9149857,50.9146276],[3.91495618,50.91458515],[3.91501062,50.91457002],[3.91504014,50.91461246]]]}},{"type":"Feature","id":"gebouw/Gebouw.13240107/0","properties":{"source":"Digitaal Vlaanderen Gebouwenregister","source_id":"gebouw/Gebouw.13240107/0","kind":"building","building":"official","height_m":7.35,"status":null},"geometry":{"type":"Polygon","coordinates":[[[3.91057509,50.91653914],[3.91051412,50.91650956],[3.91054172,50.91648683],[3.91060269,50.91651641],[3.91057509,50.91653914]]]}},{"type":"Feature","id":"gebouw/Gebouw.13240489/0","properties":{"source":"Digitaal Vlaanderen Gebouwenregister","source_id":"gebouw/Gebouw.13240489/0","kind":"building","building":"official","height_m":5.85,"status":null},"geometry":{"type":"Polygon","coordinates":[[[3.91652152,50.91438616],[3.91642183,50.91444123],[3.91632664,50.9143791],[3.91636431,50.91435813],[3.91642872,50.91432227],[3.91652152,50.91438616]]]}},{"type":"Feature","id":"gebouw/Gebouw.13240882/0","properties":{"source":"Digitaal Vlaanderen Gebouwenregister","source_id":"gebouw/Gebouw.13240882/0","kind":"building","building":"official","height_m":8.1,"status":null},"geometry":{"type":"Polygon","coordinates":[[[3.91473788,50.91467413],[3.91484946,50.9146069],[3.91491687,50.91465336],[3.91480624,50.9147204],[3.91477112,50.91469663],[3.91473788,50.91467413]]]}},{"type":"Feature","id":"gebouw/Gebouw.13249104/0","properties":{"source":"Digitaal Vlaanderen Gebouwenregister","source_id":"gebouw/Gebouw.13249104/0","kind":"building","building":"official","height_m":5.1,"status":null},"geometry":{"type":"Polygon","coordinates":[[[3.91598859,50.91384192],[3.91598001,50.91383532],[3.91592982,50.91379673],[3.9159254,50.91379333],[3.9157915,50.91386319],[3.91585492,50.9139113],[3.91598859,50.91384192]]]}},{"type":"Feature","id":"gebouw/Gebouw.13254302/0","properties":{"source":"Digitaal Vlaanderen Gebouwenregister","source_id":"gebouw/Gebouw.13254302/0","kind":"building","building":"official","height_m":6.6,"status":null},"geometry":{"type":"Polygon","coordinates":[[[3.91647195,50.91501205],[3.91644624,50.91498207],[3.91637855,50.91500527],[3.91637594,50.915002],[3.91627609,50.91503713],[3.91627866,50.91504013],[3.91621248,50.91506281],[3.91623779,50.91509232],[3.91647195,50.91501205]]]}},{"type":"Feature","id":"gebouw/Gebouw.13254841/0","properties":{"source":"Digitaal Vlaanderen Gebouwenregister","source_id":"gebouw/Gebouw.13254841/0","kind":"building","building":"official","height_m":5.85,"status":null},"geometry":{"type":"Polygon","coordinates":[[[3.9183027,50.9157185],[3.91824608,50.91569241],[3.91818378,50.91574046],[3.91813092,50.91571838],[3.91816782,50.91568307],[3.91812996,50.91566726],[3.91807202,50.91571892],[3.91809672,50.91572924],[3.91807697,50.91575538],[3.91810548,50.91576716],[3.9181939,50.91580368],[3.9183027,50.9157185]]]}},{"type":"Feature","id":"gebouw/Gebouw.13254967/0","properties":{"source":"Digitaal Vlaanderen Gebouwenregister","source_id":"gebouw/Gebouw.13254967/0","kind":"building","building":"official","height_m":5.85,"status":null},"geometry":{"type":"Polygon","coordinates":[[[3.91312401,50.91670661],[3.91309028,50.91668732],[3.9131331,50.9166574],[3.91316683,50.9166767],[3.91312401,50.91670661]]]}},{"type":"Feature","id":"gebouw/Gebouw.13259067/0","properties":{"source":"Digitaal Vlaanderen Gebouwenregister","source_id":"gebouw/Gebouw.13259067/0","kind":"building","building":"official","height_m":7.35,"status":null},"geometry":{"type":"Polygon","coordinates":[[[3.91495555,50.91441555],[3.91485906,50.91436353],[3.91488994,50.91434064],[3.91498643,50.91439267],[3.91495555,50.91441555]]]}},{"type":"Feature","id":"gebouw/Gebouw.13260395/0","properties":{"source":"Digitaal Vlaanderen Gebouwenregister","source_id":"gebouw/Gebouw.13260395/0","kind":"building","building":"official","height_m":8.85,"status":null},"geometry":{"type":"Polygon","coordinates":[[[3.9172056,50.91565376],[3.91704864,50.91575937],[3.91691416,50.91567502],[3.91698385,50.91562986],[3.91705511,50.9156739],[3.91714441,50.91561601],[3.91715895,50.91562498],[3.91719088,50.91564468],[3.9172056,50.91565376]]]}},{"type":"Feature","id":"gebouw/Gebouw.13268258/0","properties":{"source":"Digitaal Vlaanderen Gebouwenregister","source_id":"gebouw/Gebouw.13268258/0","kind":"building","building":"official","height_m":6.6,"status":null},"geometry":{"type":"Polygon","coordinates":[[[3.92015171,50.91536502],[3.92033464,50.91521855],[3.92045817,50.91527916],[3.92027642,50.91542639],[3.92015171,50.91536502]]]}},{"type":"Feature","id":"gebouw/Gebouw.13270305/0","properties":{"source":"Digitaal Vlaanderen Gebouwenregister","source_id":"gebouw/Gebouw.13270305/0","kind":"building","building":"official","height_m":7.35,"status":null},"geometry":{"type":"Polygon","coordinates":[[[3.91014983,50.91731093],[3.91029831,50.91738297],[3.91024432,50.91742755],[3.91023464,50.91743555],[3.91027172,50.91745345],[3.91023219,50.91748645],[3.91004839,50.91739649],[3.91014983,50.91731093]]]}},{"type":"Feature","id":"gebouw/Gebouw.13270618/0","properties":{"source":"Digitaal Vlaanderen Gebouwenregister","source_id":"gebouw/Gebouw.13270618/0","kind":"building","building":"official","height_m":8.1,"status":null},"geometry":{"type":"Polygon","coordinates":[[[3.92017855,50.91385009],[3.9201512,50.91387165],[3.92011555,50.91389976],[3.92006958,50.913936],[3.92006235,50.91394171],[3.92004623,50.91395441],[3.92004039,50.91395923],[3.920009,50.91394374],[3.91983492,50.91385787],[3.91986713,50.9138328],[3.91989118,50.9138454],[3.92006925,50.91371063],[3.92010296,50.91368511],[3.92012625,50.91369737],[3.92016077,50.91367149],[3.92024499,50.91371637],[3.92021092,50.91374192],[3.920222,50.91374775],[3.92027378,50.913775],[3.92021591,50.91382063],[3.92021238,50.91382342],[3.92017855,50.91385009]]]}},{"type":"Feature","id":"gebouw/Gebouw.13272695/0","properties":{"source":"Digitaal Vlaanderen Gebouwenregister","source_id":"gebouw/Gebouw.13272695/0","kind":"building","building":"official","height_m":8.85,"status":null},"geometry":{"type":"Polygon","coordinates":[[[3.91084404,50.91673818],[3.91096697,50.91679966],[3.91092013,50.91683786],[3.91090255,50.91685219],[3.91091941,50.91686029],[3.91091521,50.91686375],[3.91087933,50.9168933],[3.91073888,50.91682372],[3.91084404,50.91673818]]]}},{"type":"Feature","id":"gebouw/Gebouw.13272867/0","properties":{"source":"Digitaal Vlaanderen Gebouwenregister","source_id":"gebouw/Gebouw.13272867/0","kind":"building","building":"official","height_m":7.35,"status":null},"geometry":{"type":"Polygon","coordinates":[[[3.9124755,50.91546975],[3.91243989,50.91544714],[3.91247447,50.91542537],[3.91251008,50.91544799],[3.9124755,50.91546975]]]}},{"type":"Feature","id":"gebouw/Gebouw.13285864/0","properties":{"source":"Digitaal Vlaanderen Gebouwenregister","source_id":"gebouw/Gebouw.13285864/0","kind":"building","building":"official","height_m":8.1,"status":null},"geometry":{"type":"Polygon","coordinates":[[[3.91891006,50.91549955],[3.91886085,50.91547488],[3.91889411,50.91544955],[3.91894272,50.91547498],[3.91891006,50.91549955]]]}},{"type":"Feature","id":"gebouw/Gebouw.13286162/0","properties":{"source":"Digitaal Vlaanderen Gebouwenregister","source_id":"gebouw/Gebouw.13286162/0","kind":"building","building":"official","height_m":6.6,"status":null},"geometry":{"type":"Polygon","coordinates":[[[3.91686193,50.91436128],[3.91679588,50.914397],[3.91674863,50.91436368],[3.91677449,50.91435071],[3.91672961,50.91431855],[3.91670043,50.91433318],[3.91667225,50.91431375],[3.91657005,50.91424371],[3.91664472,50.91420215],[3.91668679,50.91423297],[3.91678733,50.91430663],[3.91681388,50.91432608],[3.91684031,50.91434544],[3.91686193,50.91436128]]]}},{"type":"Feature","id":"gebouw/Gebouw.13289106/0","properties":{"source":"Digitaal Vlaanderen Gebouwenregister","source_id":"gebouw/Gebouw.13289106/0","kind":"building","building":"official","height_m":5.1,"status":null},"geometry":{"type":"Polygon","coordinates":[[[3.91534173,50.9141904],[3.91540528,50.91423998],[3.91527741,50.91430612],[3.91521358,50.91425782],[3.91534173,50.9141904]]]}},{"type":"Feature","id":"gebouw/Gebouw.13290023/0","properties":{"source":"Digitaal Vlaanderen Gebouwenregister","source_id":"gebouw/Gebouw.13290023/0","kind":"building","building":"official","height_m":8.85,"status":null},"geometry":{"type":"Polygon","coordinates":[[[3.91195458,50.9160075],[3.91191709,50.91602741],[3.91186273,50.91605627],[3.91179367,50.91600428],[3.91184797,50.91597546],[3.91188552,50.91595552],[3.91195458,50.9160075]]]}},{"type":"Feature","id":"gebouw/Gebouw.13290321/0","properties":{"source":"Digitaal Vlaanderen Gebouwenregister","source_id":"gebouw/Gebouw.13290321/0","kind":"building","building":"official","height_m":7.35,"status":null},"geometry":{"type":"Polygon","coordinates":[[[3.92012705,50.91423259],[3.92011502,50.91424411],[3.9201076,50.9142512],[3.92004286,50.91422416],[3.92005356,50.91421392],[3.92006231,50.91420555],[3.92012705,50.91423259]]]}},{"type":"Feature","id":"gebouw/Gebouw.13290466/0","properties":{"source":"Digitaal Vlaanderen Gebouwenregister","source_id":"gebouw/Gebouw.13290466/0","kind":"building","building":"official","height_m":8.1,"status":null},"geometry":{"type":"Polygon","coordinates":[[[3.91713063,50.91581789],[3.91726635,50.91573168],[3.91731743,50.91576328],[3.91731203,50.91576698],[3.9173293,50.91577742],[3.91734979,50.91576441],[3.91736689,50.9157751],[3.91740034,50.91579601],[3.91740339,50.91579792],[3.91725404,50.91589512],[3.91713063,50.91581789]]]}},{"type":"Feature","id":"gebouw/Gebouw.13293383/0","properties":{"source":"Digitaal Vlaanderen Gebouwenregister","source_id":"gebouw/Gebouw.13293383/0","kind":"building","building":"official","height_m":8.85,"status":null},"geometry":{"type":"Polygon","coordinates":[[[3.91653825,50.91631948],[3.91649266,50.91630424],[3.91646675,50.91633395],[3.916418,50.91631625],[3.91653923,50.91619603],[3.91656554,50.91620789],[3.91662982,50.91614802],[3.91668884,50.91617362],[3.91661585,50.91624432],[3.91656575,50.91622391],[3.91654204,50.9162478],[3.91659211,50.91626732],[3.91653825,50.91631948]]]}},{"type":"Feature","id":"gebouw/Gebouw.13293617/0","properties":{"source":"Digitaal Vlaanderen Gebouwenregister","source_id":"gebouw/Gebouw.13293617/0","kind":"building","building":"official","height_m":8.85,"status":null},"geometry":{"type":"Polygon","coordinates":[[[3.91762922,50.91442547],[3.91753427,50.91447608],[3.9175621,50.91449756],[3.91759115,50.91448251],[3.91758664,50.91447903],[3.91760159,50.91447129],[3.9176098,50.91447762],[3.91761416,50.91447553],[3.9176585,50.91450734],[3.91763379,50.91452009],[3.91771973,50.91458666],[3.9177617,50.91456501],[3.91770434,50.91452058],[3.91770734,50.91451903],[3.9176809,50.91449856],[3.91770652,50.91448534],[3.91762922,50.91442547]]]}},{"type":"Feature","id":"gebouw/Gebouw.13295423/0","properties":{"source":"Digitaal Vlaanderen Gebouwenregister","source_id":"gebouw/Gebouw.13295423/0","kind":"building","building":"official","height_m":8.85,"status":null},"geometry":{"type":"Polygon","coordinates":[[[3.91127959,50.91771111],[3.91119728,50.91767209],[3.91122186,50.91765137],[3.91130417,50.9176904],[3.91127959,50.91771111]]]}},{"type":"Feature","id":"gebouw/Gebouw.13300953/0","properties":{"source":"Digitaal Vlaanderen Gebouwenregister","source_id":"gebouw/Gebouw.13300953/0","kind":"building","building":"official","height_m":7.35,"status":null},"geometry":{"type":"Polygon","coordinates":[[[3.91564836,50.91492206],[3.91565542,50.91497298],[3.91565643,50.91498026],[3.91565667,50.91498195],[3.91565674,50.91498251],[3.91565701,50.91498444],[3.91550268,50.91499033],[3.91541706,50.91501091],[3.91540457,50.91501391],[3.91539067,50.91498286],[3.91546483,50.91496349],[3.91551846,50.9149613],[3.91551496,50.91492852],[3.91564817,50.91492072],[3.91564836,50.91492206]]]}},{"type":"Feature","id":"gebouw/Gebouw.13302992/0","properties":{"source":"Digitaal Vlaanderen Gebouwenregister","source_id":"gebouw/Gebouw.13302992/0","kind":"building","building":"official","height_m":6.6,"status":null},"geometry":{"type":"Polygon","coordinates":[[[3.91591909,50.91482264],[3.91593556,50.91481635],[3.91599391,50.9147941],[3.91591093,50.91469709],[3.91576258,50.91474273],[3.91575513,50.91474503],[3.91575395,50.91474539],[3.91576544,50.91475973],[3.91581273,50.91481873],[3.9158143,50.91482069],[3.9158163,50.91482003],[3.91583969,50.91484847],[3.91591909,50.91482264]]]}},{"type":"Feature","id":"gebouw/Gebouw.13306457/0","properties":{"source":"Digitaal Vlaanderen Gebouwenregister","source_id":"gebouw/Gebouw.13306457/0","kind":"building","building":"official","height_m":8.85,"status":null},"geometry":{"type":"Polygon","coordinates":[[[3.92009337,50.9152382],[3.9199427,50.91534269],[3.91989364,50.91531616],[3.91986763,50.9153343],[3.91986622,50.91533529],[3.91978326,50.91528852],[3.91991229,50.91519557],[3.91992651,50.91520246],[3.9199666,50.91517353],[3.92009337,50.9152382]]]}},{"type":"Feature","id":"gebouw/Gebouw.13308642/0","properties":{"source":"Digitaal Vlaanderen Gebouwenregister","source_id":"gebouw/Gebouw.13308642/0","kind":"building","building":"official","height_m":5.1,"status":null},"geometry":{"type":"Polygon","coordinates":[[[3.91605115,50.91389002],[3.91591873,50.91396045],[3.91585704,50.91391291],[3.91585492,50.9139113],[3.91598859,50.91384192],[3.91605115,50.91389002]]]}},{"type":"Feature","id":"gebouw/Gebouw.13312513/0","properties":{"source":"Digitaal Vlaanderen Gebouwenregister","source_id":"gebouw/Gebouw.13312513/0","kind":"building","building":"official","height_m":5.85,"status":null},"geometry":{"type":"Polygon","coordinates":[[[3.92015842,50.91401023],[3.9200186,50.91412786],[3.91990361,50.91407179],[3.91990565,50.91407012],[3.92004039,50.91395923],[3.92004623,50.91395441],[3.92007404,50.91396913],[3.92008263,50.91397331],[3.92015842,50.91401023]]]}},{"type":"Feature","id":"gebouw/Gebouw.13312911/0","properties":{"source":"Digitaal Vlaanderen Gebouwenregister","source_id":"gebouw/Gebouw.13312911/0","kind":"building","building":"official","height_m":7.35,"status":null},"geometry":{"type":"Polygon","coordinates":[[[3.91641828,50.91550222],[3.91644047,50.9154934],[3.91651257,50.9155783],[3.91658491,50.91555521],[3.91654109,50.91549971],[3.91651833,50.9155063],[3.91648317,50.91546442],[3.9164412,50.91547838],[3.91639299,50.91543124],[3.91626357,50.91549756],[3.91626574,50.91549943],[3.9163829,50.91560052],[3.91646076,50.91556366],[3.9164157,50.91552648],[3.91643401,50.91551929],[3.91641828,50.91550222]]]}},{"type":"Feature","id":"gebouw/Gebouw.13313013/0","properties":{"source":"Digitaal Vlaanderen Gebouwenregister","source_id":"gebouw/Gebouw.13313013/0","kind":"building","building":"official","height_m":7.35,"status":null},"geometry":{"type":"Polygon","coordinates":[[[3.91740638,50.91397728],[3.91746036,50.91404654],[3.91740667,50.91406342],[3.91759977,50.91419769],[3.91760855,50.91419632],[3.91762151,50.91419347],[3.9176296,50.91419063],[3.917636,50.91418751],[3.91764192,50.91418385],[3.91764679,50.91417982],[3.91765017,50.91417606],[3.9176538,50.91417073],[3.91765898,50.91416096],[3.91767207,50.9141309],[3.91768372,50.91411033],[3.9176898,50.91410181],[3.91770098,50.91408811],[3.91771553,50.91407524],[3.91773011,50.91406441],[3.91774344,50.91405639],[3.91777037,50.91404146],[3.9177836,50.91403589],[3.91779517,50.91403152],[3.91781043,50.91402623],[3.917921,50.91399216],[3.91781486,50.91385286],[3.91740638,50.91397728]],[[3.91762442,50.91412467],[3.91762163,50.91412336],[3.91761933,50.91412171],[3.91761763,50.9141198],[3.91761659,50.9141177],[3.91761627,50.91411552],[3.91761667,50.91411334],[3.91761778,50.91411126],[3.91761955,50.91410937],[3.9176219,50.91410775],[3.91762473,50.91410648],[3.91762792,50.91410561],[3.91763132,50.91410518],[3.9176348,50.9141052],[3.91763819,50.91410568],[3.91764134,50.9141066],[3.91764413,50.91410791],[3.91764643,50.91410955],[3.91764813,50.91411147],[3.91764917,50.91411356],[3.91764949,50.91411575],[3.91764909,50.91411793],[3.91764798,50.91412001],[3.91764621,50.9141219],[3.91764386,50.91412351],[3.91764103,50.91412479],[3.91763784,50.91412566],[3.91763443,50.91412609],[3.91763096,50.91412606],[3.91762757,50.91412559],[3.91762442,50.91412467]]]}},{"type":"Feature","id":"gebouw/Gebouw.13319026/0","properties":{"source":"Digitaal Vlaanderen Gebouwenregister","source_id":"gebouw/Gebouw.13319026/0","kind":"building","building":"official","height_m":8.1,"status":null},"geometry":{"type":"Polygon","coordinates":[[[3.91218498,50.91562635],[3.91218472,50.91559157],[3.91223054,50.91559144],[3.91223079,50.91562622],[3.91218498,50.91562635]]]}},{"type":"Feature","id":"gebouw/Gebouw.13319227/0","properties":{"source":"Digitaal Vlaanderen Gebouwenregister","source_id":"gebouw/Gebouw.13319227/0","kind":"building","building":"official","height_m":5.85,"status":null},"geometry":{"type":"Polygon","coordinates":[[[3.91040851,50.91670075],[3.91033708,50.916665],[3.91036809,50.91664025],[3.91043951,50.916676],[3.91040851,50.91670075]]]}},{"type":"Feature","id":"gebouw/Gebouw.13319278/0","properties":{"source":"Digitaal Vlaanderen Gebouwenregister","source_id":"gebouw/Gebouw.13319278/0","kind":"building","building":"official","height_m":8.1,"status":null},"geometry":{"type":"Polygon","coordinates":[[[3.91308153,50.91560559],[3.9129749,50.91567065],[3.91297379,50.91567004],[3.91281105,50.91556666],[3.91286807,50.9155308],[3.91291826,50.91549923],[3.91308153,50.91560559]]]}},{"type":"Feature","id":"gebouw/Gebouw.13321434/0","properties":{"source":"Digitaal Vlaanderen Gebouwenregister","source_id":"gebouw/Gebouw.13321434/0","kind":"building","building":"official","height_m":5.1,"status":null},"geometry":{"type":"Polygon","coordinates":[[[3.9165445,50.91521735],[3.9163823,50.91506942],[3.91632838,50.91509241],[3.91623154,50.91513368],[3.91626834,50.91516692],[3.91630394,50.91519906],[3.91634994,50.91524061],[3.91638257,50.91527008],[3.9163964,50.91528257],[3.91649702,50.91523826],[3.9165445,50.91521735]]]}},{"type":"Feature","id":"gebouw/Gebouw.13321435/0","properties":{"source":"Digitaal Vlaanderen Gebouwenregister","source_id":"gebouw/Gebouw.13321435/0","kind":"building","building":"official","height_m":5.85,"status":null},"geometry":{"type":"Polygon","coordinates":[[[3.91608724,50.91794955],[3.91606866,50.91794045],[3.91612352,50.9178957],[3.91614892,50.91790815],[3.91610222,50.91794624],[3.9160954,50.9179429],[3.91608724,50.91794955]]]}},{"type":"Feature","id":"gebouw/Gebouw.13321490/0","properties":{"source":"Digitaal Vlaanderen Gebouwenregister","source_id":"gebouw/Gebouw.13321490/0","kind":"building","building":"official","height_m":6.6,"status":null},"geometry":{"type":"Polygon","coordinates":[[[3.91371155,50.9155633],[3.91376554,50.91553164],[3.91377543,50.91553829],[3.91380615,50.91552019],[3.91378705,50.91550687],[3.9138542,50.91546753],[3.91400465,50.91556909],[3.91391452,50.91562348],[3.91395451,50.91565018],[3.91389257,50.91568653],[3.91371155,50.9155633]]]}},{"type":"Feature","id":"gebouw/Gebouw.13329137/0","properties":{"source":"Digitaal Vlaanderen Gebouwenregister","source_id":"gebouw/Gebouw.13329137/0","kind":"building","building":"official","height_m":8.85,"status":null},"geometry":{"type":"Polygon","coordinates":[[[3.91224418,50.91704228],[3.91223269,50.91705008],[3.91220628,50.91703456],[3.91221681,50.9170274],[3.91222127,50.91702436],[3.91220943,50.9170174],[3.9122295,50.91700375],[3.91228318,50.91703531],[3.91226311,50.91704895],[3.91224769,50.91703989],[3.91224418,50.91704228]]]}},{"type":"Feature","id":"gebouw/Gebouw.13329481/0","properties":{"source":"Digitaal Vlaanderen Gebouwenregister","source_id":"gebouw/Gebouw.13329481/0","kind":"building","building":"official","height_m":5.85,"status":null},"geometry":{"type":"Polygon","coordinates":[[[3.92038058,50.91581427],[3.92043267,50.91577202],[3.92037041,50.91574153],[3.9202259,50.91586037],[3.92030859,50.91589912],[3.92039802,50.91582286],[3.92038058,50.91581427]]]}},{"type":"Feature","id":"gebouw/Gebouw.13329703/0","properties":{"source":"Digitaal Vlaanderen Gebouwenregister","source_id":"gebouw/Gebouw.13329703/0","kind":"building","building":"official","height_m":5.85,"status":null},"geometry":{"type":"Polygon","coordinates":[[[3.91564346,50.91488674],[3.91556709,50.91490239],[3.91554984,50.9148782],[3.91559683,50.91486825],[3.91558329,50.91481714],[3.91551817,50.91483381],[3.91546552,50.91476],[3.91558909,50.91472887],[3.91559468,50.91472747],[3.91559518,50.91472665],[3.91562452,50.91473461],[3.9156241,50.91473576],[3.91564538,50.91477012],[3.91564598,50.91477339],[3.91566593,50.91488213],[3.91564578,50.91488626],[3.91564346,50.91488674]]]}},{"type":"Feature","id":"gebouw/Gebouw.13331755/0","properties":{"source":"Digitaal Vlaanderen Gebouwenregister","source_id":"gebouw/Gebouw.13331755/0","kind":"building","building":"official","height_m":5.85,"status":null},"geometry":{"type":"Polygon","coordinates":[[[3.91094402,50.91604798],[3.91090966,50.9160313],[3.91095005,50.91599806],[3.910932,50.9159893],[3.91095864,50.91596737],[3.91097512,50.91597537],[3.91099306,50.91596061],[3.91102899,50.91597806],[3.91094402,50.91604798]]]}},{"type":"Feature","id":"gebouw/Gebouw.13335992/0","properties":{"source":"Digitaal Vlaanderen Gebouwenregister","source_id":"gebouw/Gebouw.13335992/0","kind":"building","building":"official","height_m":6.6,"status":null},"geometry":{"type":"Polygon","coordinates":[[[3.91067421,50.91817517],[3.91064509,50.91816114],[3.91071643,50.918102],[3.91074555,50.91811604],[3.91067421,50.91817517]]]}},{"type":"Feature","id":"gebouw/Gebouw.13336259/0","properties":{"source":"Digitaal Vlaanderen Gebouwenregister","source_id":"gebouw/Gebouw.13336259/0","kind":"building","building":"official","height_m":8.85,"status":null},"geometry":{"type":"Polygon","coordinates":[[[3.91675928,50.91419343],[3.91683113,50.91424636],[3.91682117,50.91425192],[3.9169021,50.91431205],[3.91684031,50.91434544],[3.91681388,50.91432608],[3.91682649,50.91431833],[3.91669381,50.91422914],[3.91664765,50.91419812],[3.91671411,50.91416016],[3.91675928,50.91419343]]]}},{"type":"Feature","id":"gebouw/Gebouw.13339555/0","properties":{"source":"Digitaal Vlaanderen Gebouwenregister","source_id":"gebouw/Gebouw.13339555/0","kind":"building","building":"official","height_m":5.85,"status":null},"geometry":{"type":"Polygon","coordinates":[[[3.91629841,50.91605195],[3.91615613,50.91618196],[3.91609948,50.91615741],[3.91609239,50.91615434],[3.91613368,50.91611478],[3.91604955,50.91607659],[3.91615023,50.9159867],[3.91629841,50.91605195]]]}},{"type":"Feature","id":"gebouw/Gebouw.13341764/0","properties":{"source":"Digitaal Vlaanderen Gebouwenregister","source_id":"gebouw/Gebouw.13341764/0","kind":"building","building":"official","height_m":6.6,"status":null},"geometry":{"type":"Polygon","coordinates":[[[3.91837261,50.91532938],[3.91833164,50.9153089],[3.91838722,50.91526946],[3.91842638,50.91529105],[3.91837261,50.91532938]]]}},{"type":"Feature","id":"gebouw/Gebouw.13345466/0","properties":{"source":"Digitaal Vlaanderen Gebouwenregister","source_id":"gebouw/Gebouw.13345466/0","kind":"building","building":"official","height_m":6.6,"status":null},"geometry":{"type":"Polygon","coordinates":[[[3.91645059,50.91416919],[3.9163851,50.91411697],[3.91633326,50.91414296],[3.91622738,50.91407827],[3.91613111,50.91412934],[3.9162451,50.91419738],[3.91631069,50.91424554],[3.91638816,50.91420326],[3.91640862,50.9141921],[3.91645059,50.91416919]]]}},{"type":"Feature","id":"gebouw/Gebouw.13345614/0","properties":{"source":"Digitaal Vlaanderen Gebouwenregister","source_id":"gebouw/Gebouw.13345614/0","kind":"building","building":"official","height_m":5.1,"status":null},"geometry":{"type":"Polygon","coordinates":[[[3.91797591,50.91590289],[3.91809571,50.91595543],[3.91808113,50.91596931],[3.91816959,50.91601068],[3.91811115,50.91605895],[3.91790464,50.91596655],[3.91790869,50.91596285],[3.91787586,50.91594872],[3.91792227,50.91590617],[3.91795557,50.91592086],[3.91797591,50.91590289]]]}},{"type":"Feature","id":"gebouw/Gebouw.13346086/0","properties":{"source":"Digitaal Vlaanderen Gebouwenregister","source_id":"gebouw/Gebouw.13346086/0","kind":"building","building":"official","height_m":8.1,"status":null},"geometry":{"type":"Polygon","coordinates":[[[3.91588437,50.91433476],[3.91584484,50.91435463],[3.91584823,50.91435732],[3.91581236,50.91437535],[3.9157491,50.91432504],[3.91578498,50.91430701],[3.9158245,50.91428715],[3.91588437,50.91433476]]]}},{"type":"Feature","id":"gebouw/Gebouw.13347711/0","properties":{"source":"Digitaal Vlaanderen Gebouwenregister","source_id":"gebouw/Gebouw.13347711/0","kind":"building","building":"official","height_m":7.35,"status":null},"geometry":{"type":"Polygon","coordinates":[[[3.91393517,50.91541771],[3.91406947,50.91533459],[3.91416117,50.91539545],[3.91408039,50.91544355],[3.91412187,50.9154711],[3.91406813,50.91550326],[3.91393517,50.91541771]]]}},{"type":"Feature","id":"gebouw/Gebouw.13354883/0","properties":{"source":"Digitaal Vlaanderen Gebouwenregister","source_id":"gebouw/Gebouw.13354883/0","kind":"building","building":"official","height_m":8.85,"status":null},"geometry":{"type":"Polygon","coordinates":[[[3.91700607,50.91538589],[3.91708267,50.91535628],[3.91715032,50.91542608],[3.91707175,50.91545632],[3.9170123,50.91539257],[3.91700607,50.91538589]]]}},{"type":"Feature","id":"gebouw/Gebouw.13355102/0","properties":{"source":"Digitaal Vlaanderen Gebouwenregister","source_id":"gebouw/Gebouw.13355102/0","kind":"building","building":"official","height_m":6.6,"status":null},"geometry":{"type":"Polygon","coordinates":[[[3.91762797,50.91493706],[3.91754197,50.91487699],[3.91750643,50.91490035],[3.91751772,50.91490819],[3.91756684,50.91494231],[3.91759055,50.91495878],[3.91762797,50.91493706]]]}},{"type":"Feature","id":"gebouw/Gebouw.13357458/0","properties":{"source":"Digitaal Vlaanderen Gebouwenregister","source_id":"gebouw/Gebouw.13357458/0","kind":"building","building":"official","height_m":5.1,"status":null},"geometry":{"type":"Polygon","coordinates":[[[3.91978773,50.91505866],[3.91986862,50.91499477],[3.91998541,50.91505345],[3.91995312,50.91507829],[3.9199664,50.91508647],[3.91989791,50.91513895],[3.91985431,50.91511649],[3.91987254,50.91510236],[3.91978773,50.91505866]]]}},{"type":"Feature","id":"gebouw/Gebouw.13362900/0","properties":{"source":"Digitaal Vlaanderen Gebouwenregister","source_id":"gebouw/Gebouw.13362900/0","kind":"building","building":"official","height_m":5.1,"status":null},"geometry":{"type":"Polygon","coordinates":[[[3.91739134,50.91467596],[3.91730527,50.9147134],[3.91726112,50.91467283],[3.91734643,50.91463573],[3.91739134,50.91467596]]]}},{"type":"Feature","id":"gebouw/Gebouw.13363203/0","properties":{"source":"Digitaal Vlaanderen Gebouwenregister","source_id":"gebouw/Gebouw.13363203/0","kind":"building","building":"official","height_m":7.35,"status":null},"geometry":{"type":"Polygon","coordinates":[[[3.91704786,50.9150803],[3.91708693,50.91511569],[3.9171173,50.91514321],[3.91714174,50.91516536],[3.91716958,50.91519058],[3.91720926,50.91522653],[3.91726279,50.91520286],[3.91734416,50.9152564],[3.91737954,50.91523416],[3.91737591,50.91523181],[3.91744049,50.91519346],[3.91744534,50.91519679],[3.91744836,50.91519479],[3.91735284,50.91513436],[3.91730973,50.91516054],[3.9172962,50.91515253],[3.91726545,50.91517147],[3.9172769,50.91517928],[3.91725339,50.91519377],[3.91721742,50.91516205],[3.91721502,50.91516278],[3.91713092,50.91508658],[3.91711999,50.9150914],[3.91708814,50.91506254],[3.91704786,50.9150803]]]}},{"type":"Feature","id":"gebouw/Gebouw.13363591/0","properties":{"source":"Digitaal Vlaanderen Gebouwenregister","source_id":"gebouw/Gebouw.13363591/0","kind":"building","building":"official","height_m":5.85,"status":null},"geometry":{"type":"Polygon","coordinates":[[[3.9123719,50.91580026],[3.91244965,50.91585039],[3.91243951,50.91585662],[3.91248143,50.91588364],[3.91241589,50.91592397],[3.91229759,50.91584922],[3.91226058,50.91582584],[3.91229009,50.91580724],[3.91231125,50.91582088],[3.91232932,50.91580969],[3.91228278,50.91577967],[3.91230661,50.91576491],[3.91226355,50.91573713],[3.91229946,50.91571487],[3.91240343,50.91578083],[3.9123719,50.91580026]]]}},{"type":"Feature","id":"gebouw/Gebouw.13365925/0","properties":{"source":"Digitaal Vlaanderen Gebouwenregister","source_id":"gebouw/Gebouw.13365925/0","kind":"building","building":"official","height_m":5.85,"status":null},"geometry":{"type":"Polygon","coordinates":[[[3.91679221,50.91484874],[3.91676273,50.91486112],[3.91672088,50.91482345],[3.91675144,50.91481184],[3.91679221,50.91484874]]]}},{"type":"Feature","id":"gebouw/Gebouw.13365992/0","properties":{"source":"Digitaal Vlaanderen Gebouwenregister","source_id":"gebouw/Gebouw.13365992/0","kind":"building","building":"official","height_m":6.6,"status":null},"geometry":{"type":"Polygon","coordinates":[[[3.9167823,50.91398273],[3.91673461,50.91394226],[3.91672586,50.91394598],[3.91668245,50.91391439],[3.91671915,50.91389587],[3.91662048,50.91381508],[3.91650538,50.91387693],[3.91642439,50.91381786],[3.9164628,50.91379554],[3.91642702,50.91376927],[3.9164407,50.91376145],[3.91642151,50.91374702],[3.91654566,50.91367731],[3.91658949,50.91371172],[3.91676387,50.91384862],[3.91681889,50.91382215],[3.91684755,50.91384723],[3.91684093,50.91385056],[3.9168685,50.91387111],[3.91689165,50.91385982],[3.91694549,50.9139058],[3.91687753,50.91393784],[3.9167823,50.91398273]]]}},{"type":"Feature","id":"gebouw/Gebouw.13372644/0","properties":{"source":"Digitaal Vlaanderen Gebouwenregister","source_id":"gebouw/Gebouw.13372644/0","kind":"building","building":"official","height_m":5.1,"status":null},"geometry":{"type":"Polygon","coordinates":[[[3.91649121,50.91474085],[3.91653973,50.91471394],[3.91645854,50.91465545],[3.91641003,50.91468236],[3.91649121,50.91474085]]]}},{"type":"Feature","id":"gebouw/Gebouw.13372831/0","properties":{"source":"Digitaal Vlaanderen Gebouwenregister","source_id":"gebouw/Gebouw.13372831/0","kind":"building","building":"official","height_m":5.85,"status":null},"geometry":{"type":"Polygon","coordinates":[[[3.91297379,50.91567004],[3.91288384,50.9157258],[3.91275996,50.91564581],[3.91272309,50.915622],[3.91281105,50.91556666],[3.91297379,50.91567004]]]}},{"type":"Feature","id":"gebouw/Gebouw.13379474/0","properties":{"source":"Digitaal Vlaanderen Gebouwenregister","source_id":"gebouw/Gebouw.13379474/0","kind":"building","building":"official","height_m":6.6,"status":null},"geometry":{"type":"Polygon","coordinates":[[[3.91775568,50.91539322],[3.91768494,50.9154354],[3.91761012,50.9153814],[3.91768241,50.91533984],[3.91775568,50.91539322]]]}},{"type":"Feature","id":"gebouw/Gebouw.13389469/0","properties":{"source":"Digitaal Vlaanderen Gebouwenregister","source_id":"gebouw/Gebouw.13389469/0","kind":"building","building":"official","height_m":5.85,"status":null},"geometry":{"type":"Polygon","coordinates":[[[3.91499137,50.91542518],[3.91495083,50.91544268],[3.91490419,50.91539948],[3.91488671,50.91540703],[3.91486482,50.91538682],[3.91496187,50.9153431],[3.91497267,50.91533824],[3.91499969,50.91536224],[3.91494765,50.91538471],[3.91499137,50.91542518]]]}},{"type":"Feature","id":"gebouw/Gebouw.13389538/0","properties":{"source":"Digitaal Vlaanderen Gebouwenregister","source_id":"gebouw/Gebouw.13389538/0","kind":"building","building":"official","height_m":8.1,"status":null},"geometry":{"type":"Polygon","coordinates":[[[3.91912219,50.9150877],[3.91918012,50.9151219],[3.91916041,50.91513524],[3.91920718,50.91516285],[3.91908179,50.91524572],[3.91896392,50.91517825],[3.91904587,50.9151198],[3.91906188,50.91512861],[3.91912219,50.9150877]]]}},{"type":"Feature","id":"gebouw/Gebouw.13389950/0","properties":{"source":"Digitaal Vlaanderen Gebouwenregister","source_id":"gebouw/Gebouw.13389950/0","kind":"building","building":"official","height_m":6.6,"status":null},"geometry":{"type":"Polygon","coordinates":[[[3.91507267,50.91489442],[3.91505567,50.91487917],[3.91506471,50.914875],[3.91506859,50.9148582],[3.91509193,50.91484698],[3.9151195,50.91484992],[3.9151359,50.91486463],[3.91513139,50.91488258],[3.91510619,50.91489266],[3.91508123,50.91489089],[3.91507267,50.91489442]]]}},{"type":"Feature","id":"gebouw/Gebouw.13390250/0","properties":{"source":"Digitaal Vlaanderen Gebouwenregister","source_id":"gebouw/Gebouw.13390250/0","kind":"building","building":"official","height_m":6.6,"status":null},"geometry":{"type":"Polygon","coordinates":[[[3.91762781,50.91533307],[3.91758088,50.91529882],[3.91769145,50.91523542],[3.917708,50.91524571],[3.91777831,50.91518973],[3.91782746,50.91521414],[3.91795166,50.91527637],[3.91786841,50.91532601],[3.91778487,50.91528623],[3.91771284,50.91532912],[3.9176782,50.9153055],[3.91762781,50.91533307]]]}},{"type":"Feature","id":"gebouw/Gebouw.13392937/0","properties":{"source":"Digitaal Vlaanderen Gebouwenregister","source_id":"gebouw/Gebouw.13392937/0","kind":"building","building":"official","height_m":5.85,"status":null},"geometry":{"type":"Polygon","coordinates":[[[3.91668508,50.91469783],[3.91663964,50.91472008],[3.91661069,50.91469645],[3.91665442,50.91467504],[3.91668508,50.91469783]]]}},{"type":"Feature","id":"gebouw/Gebouw.13393420/0","properties":{"source":"Digitaal Vlaanderen Gebouwenregister","source_id":"gebouw/Gebouw.13393420/0","kind":"building","building":"official","height_m":8.1,"status":null},"geometry":{"type":"Polygon","coordinates":[[[3.91203672,50.91659872],[3.91212105,50.91653488],[3.91223981,50.91659785],[3.91219514,50.91663298],[3.9122946,50.91668633],[3.91225463,50.91671628],[3.91203672,50.91659872]]]}},{"type":"Feature","id":"gebouw/Gebouw.13394945/0","properties":{"source":"Digitaal Vlaanderen Gebouwenregister","source_id":"gebouw/Gebouw.13394945/0","kind":"building","building":"official","height_m":8.85,"status":null},"geometry":{"type":"Polygon","coordinates":[[[3.91628316,50.91520834],[3.9162481,50.91517654],[3.9162285,50.91515877],[3.9161345,50.91519884],[3.91607715,50.9151502],[3.91600119,50.91518019],[3.91592668,50.91519897],[3.91602053,50.91528472],[3.91605061,50.9153122],[3.91628316,50.91520834]]]}},{"type":"Feature","id":"gebouw/Gebouw.13395302/0","properties":{"source":"Digitaal Vlaanderen Gebouwenregister","source_id":"gebouw/Gebouw.13395302/0","kind":"building","building":"official","height_m":6.6,"status":null},"geometry":{"type":"Polygon","coordinates":[[[3.91769057,50.91369033],[3.91755116,50.9137316],[3.91751139,50.91368178],[3.91759696,50.9136543],[3.91758129,50.91362977],[3.91764094,50.91361422],[3.91769057,50.91369033]]]}},{"type":"Feature","id":"gebouw/Gebouw.13395517/0","properties":{"source":"Digitaal Vlaanderen Gebouwenregister","source_id":"gebouw/Gebouw.13395517/0","kind":"building","building":"official","height_m":5.85,"status":null},"geometry":{"type":"Polygon","coordinates":[[[3.91297426,50.91686416],[3.91290452,50.91682755],[3.91294622,50.91679581],[3.91301596,50.91683241],[3.91297426,50.91686416]]]}},{"type":"Feature","id":"gebouw/Gebouw.13400705/0","properties":{"source":"Digitaal Vlaanderen Gebouwenregister","source_id":"gebouw/Gebouw.13400705/0","kind":"building","building":"official","height_m":8.85,"status":null},"geometry":{"type":"Polygon","coordinates":[[[3.91313177,50.91495916],[3.91339283,50.91490294],[3.91340231,50.91491724],[3.91343219,50.91491057],[3.9134548,50.91490552],[3.91348178,50.91489948],[3.91347499,50.91488537],[3.91366892,50.91484297],[3.91359356,50.91470241],[3.91332472,50.91476099],[3.9133043,50.91476544],[3.91305344,50.9148201],[3.91313177,50.91495916]]]}},{"type":"Feature","id":"gebouw/Gebouw.13401358/0","properties":{"source":"Digitaal Vlaanderen Gebouwenregister","source_id":"gebouw/Gebouw.13401358/0","kind":"building","building":"official","height_m":8.1,"status":null},"geometry":{"type":"Polygon","coordinates":[[[3.90953966,50.91877774],[3.90957334,50.91874333],[3.90962361,50.91876301],[3.90970141,50.91868356],[3.90980389,50.91872376],[3.90981086,50.91871852],[3.90983053,50.9187099],[3.90985934,50.91872179],[3.90985307,50.91872761],[3.90985392,50.9187402],[3.90981928,50.91877588],[3.90980146,50.91876871],[3.90976622,50.91880852],[3.90977424,50.91881211],[3.90973393,50.91885323],[3.90953966,50.91877774]]]}},{"type":"Feature","id":"gebouw/Gebouw.13403795/0","properties":{"source":"Digitaal Vlaanderen Gebouwenregister","source_id":"gebouw/Gebouw.13403795/0","kind":"building","building":"official","height_m":8.85,"status":null},"geometry":{"type":"Polygon","coordinates":[[[3.91551951,50.91462341],[3.91548182,50.91464409],[3.91548051,50.91464279],[3.9154789,50.91464335],[3.91539016,50.91459217],[3.91546602,50.91453652],[3.91542107,50.91450736],[3.91545441,50.91449141],[3.91559956,50.91457843],[3.9155365,50.91462094],[3.91553049,50.91461739],[3.91551951,50.91462341]]]}},{"type":"Feature","id":"gebouw/Gebouw.13407426/0","properties":{"source":"Digitaal Vlaanderen Gebouwenregister","source_id":"gebouw/Gebouw.13407426/0","kind":"building","building":"official","height_m":5.1,"status":null},"geometry":{"type":"Polygon","coordinates":[[[3.9176713,50.91489323],[3.9177099,50.9148702],[3.91775805,50.91490333],[3.91780658,50.91487381],[3.91789168,50.91493397],[3.91780418,50.9149848],[3.9176713,50.91489323]]]}},{"type":"Feature","id":"gebouw/Gebouw.13415415/0","properties":{"source":"Digitaal Vlaanderen Gebouwenregister","source_id":"gebouw/Gebouw.13415415/0","kind":"building","building":"official","height_m":7.35,"status":null},"geometry":{"type":"Polygon","coordinates":[[[3.9202259,50.91586037],[3.92037041,50.91574153],[3.92028954,50.9157021],[3.92019094,50.91578322],[3.92022108,50.91579845],[3.92016008,50.91584853],[3.92016569,50.91585139],[3.92014217,50.91586894],[3.9201871,50.91589227],[3.9202259,50.91586037]]]}},{"type":"Feature","id":"gebouw/Gebouw.13415709/0","properties":{"source":"Digitaal Vlaanderen Gebouwenregister","source_id":"gebouw/Gebouw.13415709/0","kind":"building","building":"official","height_m":7.35,"status":null},"geometry":{"type":"Polygon","coordinates":[[[3.91638788,50.91379123],[3.91632435,50.91382583],[3.91626178,50.91378486],[3.91628799,50.91376945],[3.91626042,50.91374928],[3.91630004,50.91372717],[3.91630292,50.91372927],[3.91636826,50.91377692],[3.91638788,50.91379123]]]}},{"type":"Feature","id":"gebouw/Gebouw.13417762/0","properties":{"source":"Digitaal Vlaanderen Gebouwenregister","source_id":"gebouw/Gebouw.13417762/0","kind":"building","building":"official","height_m":8.1,"status":null},"geometry":{"type":"Polygon","coordinates":[[[3.91392632,50.91380871],[3.9138553,50.91388834],[3.91388319,50.91389828],[3.91388819,50.91389268],[3.91398254,50.91392562],[3.91404772,50.91385098],[3.91392632,50.91380871]]]}},{"type":"Feature","id":"gebouw/Gebouw.13417825/0","properties":{"source":"Digitaal Vlaanderen Gebouwenregister","source_id":"gebouw/Gebouw.13417825/0","kind":"building","building":"official","height_m":5.85,"status":null},"geometry":{"type":"Polygon","coordinates":[[[3.91244879,50.91705881],[3.91238184,50.91702428],[3.91243282,50.91698478],[3.91249977,50.91701932],[3.91244879,50.91705881]]]}},{"type":"Feature","id":"gebouw/Gebouw.13427108/0","properties":{"source":"Digitaal Vlaanderen Gebouwenregister","source_id":"gebouw/Gebouw.13427108/0","kind":"building","building":"official","height_m":6.6,"status":null},"geometry":{"type":"Polygon","coordinates":[[[3.91694817,50.91493998],[3.91698122,50.91496986],[3.91695148,50.91498298],[3.91691776,50.91495331],[3.91689533,50.91493359],[3.91692598,50.91491992],[3.91694817,50.91493998]]]}},{"type":"Feature","id":"gebouw/Gebouw.13427663/0","properties":{"source":"Digitaal Vlaanderen Gebouwenregister","source_id":"gebouw/Gebouw.13427663/0","kind":"building","building":"official","height_m":8.85,"status":null},"geometry":{"type":"Polygon","coordinates":[[[3.91417961,50.91498242],[3.91440072,50.91486878],[3.91447156,50.91483237],[3.91447607,50.91483499],[3.91456694,50.91477049],[3.91439672,50.91467577],[3.91433687,50.91464246],[3.9143351,50.91464148],[3.91428661,50.9146145],[3.91422697,50.91461003],[3.91421264,50.91461988],[3.91411857,50.91468456],[3.91408809,50.9146675],[3.913927,50.91478025],[3.91398429,50.91481324],[3.91393523,50.91483824],[3.91394294,50.91484464],[3.91414651,50.91499943],[3.91417961,50.91498242]],[[3.91419512,50.91474471],[3.91425563,50.91470737],[3.91438892,50.91478409],[3.91432396,50.91481822],[3.91434472,50.91483329],[3.91423239,50.91489161],[3.91417278,50.91484095],[3.91415822,50.91483623],[3.91424766,50.91477581],[3.91419512,50.91474471]]]}},{"type":"Feature","id":"gebouw/Gebouw.13434895/0","properties":{"source":"Digitaal Vlaanderen Gebouwenregister","source_id":"gebouw/Gebouw.13434895/0","kind":"building","building":"official","height_m":5.85,"status":null},"geometry":{"type":"Polygon","coordinates":[[[3.91687372,50.91409531],[3.91693541,50.91415058],[3.91690755,50.91416403],[3.91694035,50.91419027],[3.91695085,50.9141864],[3.91698521,50.91420946],[3.91702344,50.91418888],[3.91711791,50.91425868],[3.91707477,50.91428201],[3.91699743,50.91422487],[3.91697397,50.91423755],[3.9170283,50.91427769],[3.91699508,50.91429566],[3.91694266,50.9142566],[3.91689323,50.91421977],[3.91678074,50.91413596],[3.91678786,50.91413295],[3.91687372,50.91409531]]]}},{"type":"Feature","id":"gebouw/Gebouw.13434941/0","properties":{"source":"Digitaal Vlaanderen Gebouwenregister","source_id":"gebouw/Gebouw.13434941/0","kind":"building","building":"official","height_m":8.85,"status":null},"geometry":{"type":"Polygon","coordinates":[[[3.91692574,50.91574021],[3.91688262,50.91571382],[3.91688411,50.91571283],[3.91685765,50.91569663],[3.9168896,50.91567628],[3.91691458,50.91569237],[3.91695936,50.91571891],[3.91692574,50.91574021]]]}},{"type":"Feature","id":"gebouw/Gebouw.13435168/0","properties":{"source":"Digitaal Vlaanderen Gebouwenregister","source_id":"gebouw/Gebouw.13435168/0","kind":"building","building":"official","height_m":8.1,"status":null},"geometry":{"type":"Polygon","coordinates":[[[3.91492134,50.91541536],[3.91490558,50.91542234],[3.91486482,50.91538683],[3.91488212,50.91537903],[3.91495563,50.91534591],[3.91497849,50.91536518],[3.91502554,50.91534096],[3.91503249,50.91534749],[3.9151371,50.91530043],[3.91518142,50.91534777],[3.91507137,50.91538808],[3.91502568,50.91540974],[3.91499421,50.91538307],[3.91492134,50.91541536]]]}},{"type":"Feature","id":"gebouw/Gebouw.13435786/0","properties":{"source":"Digitaal Vlaanderen Gebouwenregister","source_id":"gebouw/Gebouw.13435786/0","kind":"building","building":"official","height_m":8.1,"status":null},"geometry":{"type":"Polygon","coordinates":[[[3.91264683,50.91578051],[3.91255329,50.91583916],[3.91244288,50.91576944],[3.91252069,50.91571897],[3.91258836,50.91576156],[3.9126038,50.91575243],[3.91264683,50.91578051]]]}},{"type":"Feature","id":"gebouw/Gebouw.13435859/0","properties":{"source":"Digitaal Vlaanderen Gebouwenregister","source_id":"gebouw/Gebouw.13435859/0","kind":"building","building":"official","height_m":8.85,"status":null},"geometry":{"type":"Polygon","coordinates":[[[3.91968106,50.91429696],[3.91965414,50.91428345],[3.91959891,50.91432735],[3.91958293,50.91432084],[3.91952985,50.91436042],[3.91950833,50.91436443],[3.91949165,50.91436432],[3.91947386,50.91435893],[3.91945823,50.91434885],[3.919451,50.91433543],[3.91945481,50.91432151],[3.9194648,50.9143116],[3.91942135,50.91429003],[3.91946401,50.91425596],[3.91946308,50.91425543],[3.91950566,50.9142216],[3.91945393,50.91419586],[3.91950113,50.9141581],[3.9195528,50.91418449],[3.91955396,50.9141836],[3.91956123,50.91418729],[3.91958585,50.91418549],[3.91960371,50.9141943],[3.91960574,50.91421001],[3.91960779,50.91421102],[3.91960992,50.91420935],[3.9196364,50.91422273],[3.91963432,50.91422462],[3.91963561,50.91422518],[3.91966005,50.91422308],[3.91967757,50.91423185],[3.91967917,50.91424729],[3.91968636,50.91425087],[3.91968547,50.91425163],[3.91971728,50.91426781],[3.91968106,50.91429696]]]}},{"type":"Feature","id":"gebouw/Gebouw.13441190/0","properties":{"source":"Digitaal Vlaanderen Gebouwenregister","source_id":"gebouw/Gebouw.13441190/0","kind":"building","building":"official","height_m":6.6,"status":null},"geometry":{"type":"Polygon","coordinates":[[[3.91844784,50.91485635],[3.91856759,50.91494051],[3.91854592,50.914952],[3.91860194,50.91499329],[3.91851941,50.91504073],[3.91834331,50.91491735],[3.91844784,50.91485635]]]}},{"type":"Feature","id":"gebouw/Gebouw.13441200/0","properties":{"source":"Digitaal Vlaanderen Gebouwenregister","source_id":"gebouw/Gebouw.13441200/0","kind":"building","building":"official","height_m":5.1,"status":null},"geometry":{"type":"Polygon","coordinates":[[[3.91776682,50.91479135],[3.91772675,50.91481322],[3.9176179,50.9147335],[3.91766045,50.91471025],[3.91768047,50.91472552],[3.91774197,50.91477241],[3.91776682,50.91479135]]]}},{"type":"Feature","id":"gebouw/Gebouw.13441350/0","properties":{"source":"Digitaal Vlaanderen Gebouwenregister","source_id":"gebouw/Gebouw.13441350/0","kind":"building","building":"official","height_m":5.1,"status":null},"geometry":{"type":"Polygon","coordinates":[[[3.91600877,50.91491216],[3.9160578,50.91490201],[3.91604795,50.91488573],[3.91603381,50.91486816],[3.91598579,50.91488359],[3.91597799,50.91487389],[3.91596421,50.91487792],[3.91593394,50.91484083],[3.91601142,50.91481556],[3.91599391,50.9147941],[3.91593556,50.91481635],[3.91591909,50.91482264],[3.91583969,50.91484847],[3.91579299,50.91486332],[3.91583749,50.91491901],[3.91588004,50.91490543],[3.9158902,50.91491749],[3.91588131,50.9149209],[3.91589541,50.9149356],[3.91600877,50.91491216]]]}},{"type":"Feature","id":"gebouw/Gebouw.13443118/0","properties":{"source":"Digitaal Vlaanderen Gebouwenregister","source_id":"gebouw/Gebouw.13443118/0","kind":"building","building":"official","height_m":8.1,"status":null},"geometry":{"type":"Polygon","coordinates":[[[3.91628172,50.91453473],[3.91629322,50.91452945],[3.91634705,50.91457298],[3.91641714,50.91453723],[3.91644642,50.91456118],[3.9164326,50.91456747],[3.91644137,50.91457545],[3.91642786,50.91458117],[3.91645948,50.91460702],[3.91641016,50.91463146],[3.91637617,50.91460484],[3.91633982,50.91462091],[3.91638396,50.91466061],[3.91631647,50.9146917],[3.91620574,50.91459678],[3.9161168,50.91452054],[3.91616934,50.91449577],[3.91617749,50.9145018],[3.91622023,50.914483],[3.91628172,50.91453473]]]}},{"type":"Feature","id":"gebouw/Gebouw.13448549/0","properties":{"source":"Digitaal Vlaanderen Gebouwenregister","source_id":"gebouw/Gebouw.13448549/0","kind":"building","building":"official","height_m":8.85,"status":null},"geometry":{"type":"Polygon","coordinates":[[[3.91605907,50.91803283],[3.91609973,50.91800036],[3.91612507,50.91801303],[3.91615384,50.91799005],[3.91606678,50.91794649],[3.91599735,50.91800195],[3.91605907,50.91803283]]]}},{"type":"Feature","id":"gebouw/Gebouw.13448655/0","properties":{"source":"Digitaal Vlaanderen Gebouwenregister","source_id":"gebouw/Gebouw.13448655/0","kind":"building","building":"official","height_m":7.35,"status":null},"geometry":{"type":"Polygon","coordinates":[[[3.91480024,50.91512501],[3.91485309,50.91508799],[3.91488225,50.91510348],[3.9150247,50.91505289],[3.91498606,50.91501821],[3.91486074,50.91506182],[3.9148252,50.91504261],[3.91479816,50.91502799],[3.9148367,50.91499945],[3.91481935,50.91498896],[3.91485921,50.91496181],[3.91477186,50.91491065],[3.91477081,50.91491004],[3.91476899,50.91491127],[3.914688,50.91496581],[3.91473888,50.91499615],[3.91470114,50.91502145],[3.91473589,50.9150398],[3.91470192,50.91507076],[3.91472441,50.91508317],[3.91480024,50.91512501]]]}},{"type":"Feature","id":"gebouw/Gebouw.13453053/0","properties":{"source":"Digitaal Vlaanderen Gebouwenregister","source_id":"gebouw/Gebouw.13453053/0","kind":"building","building":"official","height_m":7.35,"status":null},"geometry":{"type":"Polygon","coordinates":[[[3.91620574,50.91459678],[3.91616823,50.91461368],[3.91619487,50.91463591],[3.91618976,50.91463794],[3.91624069,50.91468051],[3.91619042,50.91470334],[3.91603124,50.9145721],[3.91608625,50.91454623],[3.91607755,50.91453906],[3.9161168,50.91452054],[3.91620574,50.91459678]]]}},{"type":"Feature","id":"gebouw/Gebouw.13453246/0","properties":{"source":"Digitaal Vlaanderen Gebouwenregister","source_id":"gebouw/Gebouw.13453246/0","kind":"building","building":"official","height_m":8.1,"status":null},"geometry":{"type":"Polygon","coordinates":[[[3.9183723,50.9147095],[3.91827791,50.91476352],[3.91812371,50.91465412],[3.91810859,50.91464339],[3.91819819,50.91459047],[3.91825972,50.91463254],[3.91827265,50.91464137],[3.9183723,50.9147095]]]}},{"type":"Feature","id":"gebouw/Gebouw.13453334/0","properties":{"source":"Digitaal Vlaanderen Gebouwenregister","source_id":"gebouw/Gebouw.13453334/0","kind":"building","building":"official","height_m":6.6,"status":null},"geometry":{"type":"Polygon","coordinates":[[[3.9192489,50.91420717],[3.91931948,50.91424549],[3.91923786,50.91430254],[3.91925554,50.91431148],[3.91922315,50.91433709],[3.919203,50.9143269],[3.9191354,50.91429272],[3.9192489,50.91420717]]]}},{"type":"Feature","id":"gebouw/Gebouw.13455802/0","properties":{"source":"Digitaal Vlaanderen Gebouwenregister","source_id":"gebouw/Gebouw.13455802/0","kind":"building","building":"official","height_m":8.1,"status":null},"geometry":{"type":"Polygon","coordinates":[[[3.91799274,50.91646162],[3.91804357,50.91648705],[3.91786149,50.91662498],[3.91781069,50.91666346],[3.91750505,50.91649918],[3.91757251,50.91644727],[3.91761757,50.91647116],[3.91763389,50.91645963],[3.91770455,50.91649822],[3.91769397,50.91650585],[3.91774229,50.91653071],[3.91772232,50.91654636],[3.91779206,50.91658663],[3.91796636,50.91644841],[3.91799274,50.91646162]]]}},{"type":"Feature","id":"gebouw/Gebouw.13457939/0","properties":{"source":"Digitaal Vlaanderen Gebouwenregister","source_id":"gebouw/Gebouw.13457939/0","kind":"building","building":"official","height_m":8.85,"status":null},"geometry":{"type":"Polygon","coordinates":[[[3.91174241,50.91549845],[3.91170435,50.9154744],[3.91175701,50.91544467],[3.91179285,50.91547012],[3.91174241,50.91549845]]]}},{"type":"Feature","id":"gebouw/Gebouw.13457992/0","properties":{"source":"Digitaal Vlaanderen Gebouwenregister","source_id":"gebouw/Gebouw.13457992/0","kind":"building","building":"official","height_m":8.1,"status":null},"geometry":{"type":"Polygon","coordinates":[[[3.91615494,50.91398633],[3.91603545,50.91405017],[3.91597204,50.91400195],[3.91607096,50.91395146],[3.91610002,50.91397251],[3.91612315,50.913961],[3.91615494,50.91398633]]]}},{"type":"Feature","id":"gebouw/Gebouw.13460147/0","properties":{"source":"Digitaal Vlaanderen Gebouwenregister","source_id":"gebouw/Gebouw.13460147/0","kind":"building","building":"official","height_m":8.85,"status":null},"geometry":{"type":"Polygon","coordinates":[[[3.91735285,50.913991],[3.91729274,50.91400916],[3.91724462,50.9139459],[3.91730711,50.91392739],[3.91735285,50.913991]]]}},{"type":"Feature","id":"gebouw/Gebouw.13462557/0","properties":{"source":"Digitaal Vlaanderen Gebouwenregister","source_id":"gebouw/Gebouw.13462557/0","kind":"building","building":"official","height_m":7.35,"status":null},"geometry":{"type":"Polygon","coordinates":[[[3.91742777,50.91453285],[3.9173752,50.91456087],[3.91740935,50.9145888],[3.91742202,50.91458261],[3.9174478,50.91460369],[3.91749093,50.91458262],[3.91742777,50.91453285]]]}},{"type":"Feature","id":"gebouw/Gebouw.13467237/0","properties":{"source":"Digitaal Vlaanderen Gebouwenregister","source_id":"gebouw/Gebouw.13467237/0","kind":"building","building":"official","height_m":7.35,"status":null},"geometry":{"type":"Polygon","coordinates":[[[3.91204647,50.91743951],[3.91200376,50.91741741],[3.91204487,50.91738567],[3.91208758,50.91740776],[3.91204647,50.91743951]]]}},{"type":"Feature","id":"gebouw/Gebouw.13467957/0","properties":{"source":"Digitaal Vlaanderen Gebouwenregister","source_id":"gebouw/Gebouw.13467957/0","kind":"building","building":"official","height_m":7.35,"status":null},"geometry":{"type":"Polygon","coordinates":[[[3.91059372,50.91803341],[3.91049365,50.91798381],[3.9104677,50.91800465],[3.91038485,50.9179641],[3.91041098,50.91794258],[3.91032487,50.91790033],[3.91024047,50.91796675],[3.91024027,50.9179669],[3.91050731,50.91810084],[3.91051024,50.91810232],[3.91059372,50.91803341]]]}},{"type":"Feature","id":"gebouw/Gebouw.13470529/0","properties":{"source":"Digitaal Vlaanderen Gebouwenregister","source_id":"gebouw/Gebouw.13470529/0","kind":"building","building":"official","height_m":5.85,"status":null},"geometry":{"type":"Polygon","coordinates":[[[3.91608277,50.91496344],[3.91623546,50.91491965],[3.91619385,50.9148732],[3.91606888,50.91491378],[3.9160578,50.91490201],[3.91600877,50.91491216],[3.91589541,50.9149356],[3.91588131,50.9149209],[3.91578309,50.91495858],[3.91581332,50.91499086],[3.91585618,50.91503662],[3.91597965,50.91499302],[3.91608277,50.91496344]]]}},{"type":"Feature","id":"gebouw/Gebouw.13472814/0","properties":{"source":"Digitaal Vlaanderen Gebouwenregister","source_id":"gebouw/Gebouw.13472814/0","kind":"building","building":"official","height_m":5.1,"status":null},"geometry":{"type":"Polygon","coordinates":[[[3.91534173,50.9141904],[3.91521358,50.91425782],[3.91514976,50.91420951],[3.91528004,50.91414227],[3.91534173,50.9141904]]]}},{"type":"Feature","id":"gebouw/Gebouw.13479098/0","properties":{"source":"Digitaal Vlaanderen Gebouwenregister","source_id":"gebouw/Gebouw.13479098/0","kind":"building","building":"official","height_m":6.6,"status":null},"geometry":{"type":"Polygon","coordinates":[[[3.91780418,50.9149848],[3.9176713,50.91489323],[3.91764224,50.9149114],[3.91765544,50.91492111],[3.91762797,50.91493706],[3.91759055,50.91495878],[3.91770851,50.91504073],[3.91780418,50.9149848]]]}},{"type":"Feature","id":"gebouw/Gebouw.13479309/0","properties":{"source":"Digitaal Vlaanderen Gebouwenregister","source_id":"gebouw/Gebouw.13479309/0","kind":"building","building":"official","height_m":7.35,"status":null},"geometry":{"type":"Polygon","coordinates":[[[3.91488212,50.91537903],[3.91486482,50.91538683],[3.91479172,50.91532282],[3.91483005,50.91530607],[3.91487758,50.91528531],[3.91489564,50.91527742],[3.91496188,50.9153431],[3.91495563,50.91534591],[3.91488212,50.91537903]]]}},{"type":"Feature","id":"gebouw/Gebouw.13487125/0","properties":{"source":"Digitaal Vlaanderen Gebouwenregister","source_id":"gebouw/Gebouw.13487125/0","kind":"building","building":"official","height_m":5.85,"status":null},"geometry":{"type":"Polygon","coordinates":[[[3.91628217,50.91627263],[3.9162414,50.91625777],[3.9162595,50.91623628],[3.91622151,50.91622169],[3.91626701,50.91617182],[3.91630192,50.91618455],[3.91631705,50.91619006],[3.9163474,50.91620113],[3.91636974,50.91617664],[3.91640881,50.91619089],[3.91637895,50.91622361],[3.91633988,50.91620937],[3.91628217,50.91627263]]]}},{"type":"Feature","id":"gebouw/Gebouw.13490090/0","properties":{"source":"Digitaal Vlaanderen Gebouwenregister","source_id":"gebouw/Gebouw.13490090/0","kind":"building","building":"official","height_m":6.6,"status":null},"geometry":{"type":"Polygon","coordinates":[[[3.91708048,50.91527788],[3.91704095,50.91529151],[3.91701323,50.915264],[3.91705253,50.91524945],[3.91708048,50.91527788]]]}},{"type":"Feature","id":"gebouw/Gebouw.13490308/0","properties":{"source":"Digitaal Vlaanderen Gebouwenregister","source_id":"gebouw/Gebouw.13490308/0","kind":"building","building":"official","height_m":8.1,"status":null},"geometry":{"type":"Polygon","coordinates":[[[3.91817254,50.91525316],[3.91814387,50.91527666],[3.91808699,50.91524815],[3.91801456,50.91530788],[3.91795166,50.91527637],[3.91782746,50.91521414],[3.91789322,50.91516171],[3.91796099,50.91519576],[3.91797642,50.91518403],[3.91803979,50.91521484],[3.91803615,50.9152182],[3.9180565,50.91522796],[3.91808124,50.91520827],[3.91817254,50.91525316]]]}},{"type":"Feature","id":"gebouw/Gebouw.13490403/0","properties":{"source":"Digitaal Vlaanderen Gebouwenregister","source_id":"gebouw/Gebouw.13490403/0","kind":"building","building":"official","height_m":7.35,"status":null},"geometry":{"type":"Polygon","coordinates":[[[3.91780129,50.91606755],[3.9178758,50.91609262],[3.9178864,50.91608386],[3.91790877,50.9160816],[3.91792916,50.91608911],[3.91793695,50.9161014],[3.91793159,50.91611585],[3.91789296,50.916156],[3.91796328,50.91618254],[3.91789931,50.91625353],[3.91793802,50.91626796],[3.91789694,50.91631106],[3.91779211,50.91626899],[3.91782471,50.91623186],[3.91776785,50.91621074],[3.91776395,50.91620034],[3.91775917,50.91620095],[3.91775564,50.91620117],[3.91775223,50.91620108],[3.9177487,50.91620077],[3.91774471,50.91620027],[3.91774071,50.91619959],[3.91773648,50.91619841],[3.91773278,50.91619702],[3.91772899,50.91619537],[3.91772612,50.91619388],[3.91772237,50.91619129],[3.91771951,50.91618905],[3.91771711,50.91618666],[3.91771532,50.91618323],[3.91771441,50.91618077],[3.91771378,50.91617821],[3.91771347,50.91617463],[3.91771391,50.91617162],[3.91771441,50.91616906],[3.91771602,50.91616553],[3.91771829,50.91616267],[3.91772007,50.91616094],[3.91772202,50.91615923],[3.91772487,50.91615741],[3.91772783,50.91615579],[3.9177306,50.91615461],[3.91773451,50.91615303],[3.91773976,50.91615141],[3.91774376,50.91615072],[3.91773893,50.91613984],[3.91777983,50.91609525],[3.9177752,50.91609353],[3.91778668,50.91608081],[3.9177916,50.9160825],[3.91780149,50.91607183],[3.91779855,50.91607081],[3.91780129,50.91606755]]]}},{"type":"Feature","id":"gebouw/Gebouw.13498206/0","properties":{"source":"Digitaal Vlaanderen Gebouwenregister","source_id":"gebouw/Gebouw.13498206/0","kind":"building","building":"official","height_m":5.1,"status":null},"geometry":{"type":"Polygon","coordinates":[[[3.9200186,50.91412786],[3.91999228,50.91414915],[3.91979689,50.91405465],[3.91978782,50.91406201],[3.91965696,50.91399328],[3.91969314,50.91396464],[3.91969457,50.91396535],[3.91990565,50.91407012],[3.91990361,50.91407179],[3.9200186,50.91412786]]]}},{"type":"Feature","id":"gebouw/Gebouw.13500402/0","properties":{"source":"Digitaal Vlaanderen Gebouwenregister","source_id":"gebouw/Gebouw.13500402/0","kind":"building","building":"official","height_m":5.1,"status":null},"geometry":{"type":"Polygon","coordinates":[[[3.91782308,50.91578564],[3.91796775,50.91574297],[3.91800279,50.91579992],[3.91786176,50.91583999],[3.91782308,50.91578564]]]}},{"type":"Feature","id":"gebouw/Gebouw.13502584/0","properties":{"source":"Digitaal Vlaanderen Gebouwenregister","source_id":"gebouw/Gebouw.13502584/0","kind":"building","building":"official","height_m":8.1,"status":null},"geometry":{"type":"Polygon","coordinates":[[[3.91826019,50.91519885],[3.91821642,50.91523716],[3.91820048,50.91523026],[3.91817254,50.91525316],[3.91808124,50.91520827],[3.91811036,50.91518512],[3.91803616,50.91514462],[3.91801882,50.91515638],[3.91792289,50.91510139],[3.91797909,50.91506139],[3.91798121,50.91506036],[3.91798332,50.91506193],[3.91817907,50.91515874],[3.91826019,50.91519885]]]}},{"type":"Feature","id":"gebouw/Gebouw.13502815/0","properties":{"source":"Digitaal Vlaanderen Gebouwenregister","source_id":"gebouw/Gebouw.13502815/0","kind":"building","building":"official","height_m":5.85,"status":null},"geometry":{"type":"Polygon","coordinates":[[[3.9174436,50.91600479],[3.91740861,50.91602708],[3.91735835,50.91599524],[3.91738638,50.91597835],[3.91733966,50.91594804],[3.91734691,50.91594321],[3.91732193,50.91592739],[3.9174079,50.91587219],[3.91743709,50.91589301],[3.91750103,50.91585213],[3.91751939,50.91586367],[3.91755239,50.91588443],[3.91758819,50.91590695],[3.91753568,50.91594084],[3.91751293,50.91595552],[3.91753056,50.91596636],[3.91754734,50.91597668],[3.91747386,50.91602442],[3.9174436,50.91600479]]]}},{"type":"Feature","id":"gebouw/Gebouw.13504789/0","properties":{"source":"Digitaal Vlaanderen Gebouwenregister","source_id":"gebouw/Gebouw.13504789/0","kind":"building","building":"official","height_m":5.85,"status":null},"geometry":{"type":"Polygon","coordinates":[[[3.91827975,50.91615902],[3.91824401,50.91619095],[3.91817174,50.9161586],[3.9182064,50.9161262],[3.91827975,50.91615902]]]}},{"type":"Feature","id":"gebouw/Gebouw.13505158/0","properties":{"source":"Digitaal Vlaanderen Gebouwenregister","source_id":"gebouw/Gebouw.13505158/0","kind":"building","building":"official","height_m":8.1,"status":null},"geometry":{"type":"Polygon","coordinates":[[[3.91203528,50.91566062],[3.91199628,50.91563657],[3.91202859,50.91561563],[3.91206759,50.91563967],[3.91203528,50.91566062]]]}},{"type":"Feature","id":"gebouw/Gebouw.13505289/0","properties":{"source":"Digitaal Vlaanderen Gebouwenregister","source_id":"gebouw/Gebouw.13505289/0","kind":"building","building":"official","height_m":7.35,"status":null},"geometry":{"type":"Polygon","coordinates":[[[3.91403535,50.91414805],[3.91397218,50.91414216],[3.91397882,50.91411367],[3.91404199,50.91411956],[3.91403535,50.91414805]]]}},{"type":"Feature","id":"gebouw/Gebouw.13505333/0","properties":{"source":"Digitaal Vlaanderen Gebouwenregister","source_id":"gebouw/Gebouw.13505333/0","kind":"building","building":"official","height_m":8.85,"status":null},"geometry":{"type":"Polygon","coordinates":[[[3.91008616,50.91818911],[3.91022987,50.91804283],[3.91037483,50.91809869],[3.91034218,50.91813194],[3.9103505,50.91813571],[3.91035701,50.91814475],[3.91032746,50.9181746],[3.9103105,50.91817514],[3.91030307,50.91817156],[3.91028098,50.91819334],[3.91031544,50.91820805],[3.91026617,50.91825932],[3.91025656,50.91825557],[3.91020517,50.91823552],[3.91008616,50.91818911]]]}},{"type":"Feature","id":"gebouw/Gebouw.13512525/0","properties":{"source":"Digitaal Vlaanderen Gebouwenregister","source_id":"gebouw/Gebouw.13512525/0","kind":"building","building":"official","height_m":7.35,"status":null},"geometry":{"type":"Polygon","coordinates":[[[3.91061028,50.91771745],[3.91052862,50.91778364],[3.91044469,50.91774118],[3.91043753,50.91773763],[3.91043467,50.91773622],[3.9104377,50.91773375],[3.91051608,50.91766963],[3.91061028,50.91771745]]]}},{"type":"Feature","id":"gebouw/Gebouw.13518948/0","properties":{"source":"Digitaal Vlaanderen Gebouwenregister","source_id":"gebouw/Gebouw.13518948/0","kind":"building","building":"official","height_m":5.1,"status":null},"geometry":{"type":"Polygon","coordinates":[[[3.91607485,50.91509288],[3.91596177,50.9151343],[3.91589974,50.91506862],[3.91588999,50.91507231],[3.91585618,50.91503662],[3.91597965,50.91499302],[3.91608277,50.91496344],[3.91612662,50.91500674],[3.91609692,50.91501797],[3.9161392,50.91506141],[3.91606902,50.91508644],[3.91607485,50.91509288]]]}},{"type":"Feature","id":"gebouw/Gebouw.13519204/0","properties":{"source":"Digitaal Vlaanderen Gebouwenregister","source_id":"gebouw/Gebouw.13519204/0","kind":"building","building":"official","height_m":8.1,"status":null},"geometry":{"type":"Polygon","coordinates":[[[3.91800604,50.91631352],[3.91809058,50.91634942],[3.91805814,50.91637994],[3.91797346,50.91634398],[3.91800604,50.91631352]]]}},{"type":"Feature","id":"gebouw/Gebouw.13519564/0","properties":{"source":"Digitaal Vlaanderen Gebouwenregister","source_id":"gebouw/Gebouw.13519564/0","kind":"building","building":"official","height_m":8.1,"status":null},"geometry":{"type":"Polygon","coordinates":[[[3.91808155,50.91371094],[3.9185112,50.91398469],[3.91833828,50.91409395],[3.91825876,50.91404316],[3.91827989,50.91402865],[3.91793048,50.9138058],[3.91808155,50.91371094]]]}},{"type":"Feature","id":"gebouw/Gebouw.13519575/0","properties":{"source":"Digitaal Vlaanderen Gebouwenregister","source_id":"gebouw/Gebouw.13519575/0","kind":"building","building":"official","height_m":7.35,"status":null},"geometry":{"type":"Polygon","coordinates":[[[3.91149055,50.9174312],[3.91142127,50.91739326],[3.91142025,50.9173927],[3.91127027,50.91731056],[3.91124798,50.91732685],[3.91121328,50.91735222],[3.91118915,50.91736986],[3.91141358,50.91748731],[3.91149055,50.9174312]]]}},{"type":"Feature","id":"gebouw/Gebouw.13522258/0","properties":{"source":"Digitaal Vlaanderen Gebouwenregister","source_id":"gebouw/Gebouw.13522258/0","kind":"building","building":"official","height_m":8.1,"status":null},"geometry":{"type":"Polygon","coordinates":[[[3.91653923,50.91619603],[3.9165169,50.9161862],[3.91635867,50.91635391],[3.91630343,50.91633294],[3.9164526,50.91619113],[3.91647523,50.91616961],[3.91653993,50.9161081],[3.91662982,50.91614802],[3.91656554,50.91620789],[3.91653923,50.91619603]]]}},{"type":"Feature","id":"gebouw/Gebouw.13526649/0","properties":{"source":"Digitaal Vlaanderen Gebouwenregister","source_id":"gebouw/Gebouw.13526649/0","kind":"building","building":"official","height_m":7.35,"status":null},"geometry":{"type":"Polygon","coordinates":[[[3.91992307,50.91483967],[3.91987276,50.91481019],[3.91996853,50.91474489],[3.92001884,50.91477438],[3.91992307,50.91483967]]]}},{"type":"Feature","id":"gebouw/Gebouw.13526661/0","properties":{"source":"Digitaal Vlaanderen Gebouwenregister","source_id":"gebouw/Gebouw.13526661/0","kind":"building","building":"official","height_m":7.35,"status":null},"geometry":{"type":"Polygon","coordinates":[[[3.91574473,50.91452104],[3.91567999,50.91455578],[3.91565908,50.91453926],[3.91561751,50.91450643],[3.91553584,50.9144485],[3.91559664,50.91441588],[3.91567207,50.91447413],[3.91573292,50.91444409],[3.91579762,50.91449266],[3.91574473,50.91452104]]]}},{"type":"Feature","id":"gebouw/Gebouw.13526961/0","properties":{"source":"Digitaal Vlaanderen Gebouwenregister","source_id":"gebouw/Gebouw.13526961/0","kind":"building","building":"official","height_m":7.35,"status":null},"geometry":{"type":"Polygon","coordinates":[[[3.91511795,50.91527989],[3.91511695,50.91527882],[3.91502401,50.9153151],[3.91504205,50.91533567],[3.91502554,50.91534096],[3.91503249,50.91534749],[3.9151371,50.91530043],[3.91513631,50.91529958],[3.91511795,50.91527989]]]}},{"type":"Feature","id":"gebouw/Gebouw.13527161/0","properties":{"source":"Digitaal Vlaanderen Gebouwenregister","source_id":"gebouw/Gebouw.13527161/0","kind":"building","building":"official","height_m":8.85,"status":null},"geometry":{"type":"Polygon","coordinates":[[[3.91616457,50.91484387],[3.91610981,50.91486814],[3.91602034,50.91478402],[3.91603944,50.91477674],[3.91608156,50.91476067],[3.91616457,50.91484387]]]}},{"type":"Feature","id":"gebouw/Gebouw.13527390/0","properties":{"source":"Digitaal Vlaanderen Gebouwenregister","source_id":"gebouw/Gebouw.13527390/0","kind":"building","building":"official","height_m":5.1,"status":null},"geometry":{"type":"Polygon","coordinates":[[[3.91671024,50.91596077],[3.91685047,50.91587289],[3.91687369,50.91588757],[3.91688725,50.91587959],[3.91697636,50.91593704],[3.91681991,50.91603156],[3.91677401,50.91600197],[3.91676909,50.91600498],[3.91673871,50.91598578],[3.91674351,50.91598257],[3.91671024,50.91596077]]]}},{"type":"Feature","id":"gebouw/Gebouw.13532848/0","properties":{"source":"Digitaal Vlaanderen Gebouwenregister","source_id":"gebouw/Gebouw.13532848/0","kind":"building","building":"official","height_m":8.1,"status":null},"geometry":{"type":"Polygon","coordinates":[[[3.91854736,50.91551899],[3.91850965,50.91549987],[3.91855196,50.9154686],[3.91858819,50.91548752],[3.91854736,50.91551899]]]}},{"type":"Feature","id":"gebouw/Gebouw.13536025/0","properties":{"source":"Digitaal Vlaanderen Gebouwenregister","source_id":"gebouw/Gebouw.13536025/0","kind":"building","building":"official","height_m":5.85,"status":null},"geometry":{"type":"Polygon","coordinates":[[[3.91807202,50.91571892],[3.91812996,50.91566726],[3.91814344,50.91565525],[3.91812519,50.91564493],[3.91815176,50.91562671],[3.91805873,50.91557367],[3.9179265,50.91566249],[3.91799125,50.91570218],[3.91800546,50.91569119],[3.91806521,50.91572499],[3.91807202,50.91571892]]]}},{"type":"Feature","id":"gebouw/Gebouw.13536096/0","properties":{"source":"Digitaal Vlaanderen Gebouwenregister","source_id":"gebouw/Gebouw.13536096/0","kind":"building","building":"official","height_m":5.1,"status":null},"geometry":{"type":"Polygon","coordinates":[[[3.91563078,50.91435558],[3.91549569,50.91442542],[3.91543228,50.9143768],[3.91556637,50.91430617],[3.91563078,50.91435558]]]}},{"type":"Feature","id":"gebouw/Gebouw.13536726/0","properties":{"source":"Digitaal Vlaanderen Gebouwenregister","source_id":"gebouw/Gebouw.13536726/0","kind":"building","building":"official","height_m":5.1,"status":null},"geometry":{"type":"Polygon","coordinates":[[[3.91170422,50.91628043],[3.91162651,50.91634467],[3.91150001,50.91628432],[3.91149285,50.91628957],[3.91135983,50.91622245],[3.91148422,50.91612202],[3.91153322,50.91614673],[3.91152994,50.91614879],[3.91164009,50.91620479],[3.9116222,50.9162183],[3.91164744,50.91623056],[3.91163118,50.91624348],[3.91170422,50.91628043]]]}},{"type":"Feature","id":"gebouw/Gebouw.13538791/0","properties":{"source":"Digitaal Vlaanderen Gebouwenregister","source_id":"gebouw/Gebouw.13538791/0","kind":"building","building":"official","height_m":5.85,"status":null},"geometry":{"type":"Polygon","coordinates":[[[3.91064801,50.91769112],[3.91070248,50.91764632],[3.9107886,50.91768743],[3.91086748,50.91762242],[3.91094112,50.91765825],[3.9109623,50.91764005],[3.9110309,50.9176738],[3.91087516,50.91780407],[3.91064801,50.91769112]]]}},{"type":"Feature","id":"gebouw/Gebouw.13538909/0","properties":{"source":"Digitaal Vlaanderen Gebouwenregister","source_id":"gebouw/Gebouw.13538909/0","kind":"building","building":"official","height_m":8.85,"status":null},"geometry":{"type":"Polygon","coordinates":[[[3.91054931,50.91714964],[3.9105004,50.91718983],[3.91048289,50.91718121],[3.91045064,50.91720741],[3.91047951,50.91722146],[3.91043019,50.91726143],[3.91037407,50.91723521],[3.91032215,50.91727989],[3.91019298,50.91721672],[3.91025235,50.91716847],[3.91028858,50.91718583],[3.91031571,50.91716358],[3.91041022,50.91708609],[3.91041481,50.91708232],[3.91054931,50.91714964]]]}},{"type":"Feature","id":"gebouw/Gebouw.13539028/0","properties":{"source":"Digitaal Vlaanderen Gebouwenregister","source_id":"gebouw/Gebouw.13539028/0","kind":"building","building":"official","height_m":8.1,"status":null},"geometry":{"type":"Polygon","coordinates":[[[3.91103112,50.91742177],[3.91118228,50.91749212],[3.91105551,50.91760279],[3.91090168,50.91752962],[3.91103112,50.91742177]]]}},{"type":"Feature","id":"gebouw/Gebouw.13539061/0","properties":{"source":"Digitaal Vlaanderen Gebouwenregister","source_id":"gebouw/Gebouw.13539061/0","kind":"building","building":"official","height_m":5.85,"status":null},"geometry":{"type":"Polygon","coordinates":[[[3.91542745,50.91376076],[3.91543203,50.91376304],[3.91525825,50.91384668],[3.91516977,50.91380644],[3.91533373,50.91366418],[3.91537971,50.91368639],[3.9153445,50.9137196],[3.91542745,50.91376076]]]}},{"type":"Feature","id":"gebouw/Gebouw.13546221/0","properties":{"source":"Digitaal Vlaanderen Gebouwenregister","source_id":"gebouw/Gebouw.13546221/0","kind":"building","building":"official","height_m":7.35,"status":null},"geometry":{"type":"Polygon","coordinates":[[[3.91566671,50.91401179],[3.91573324,50.91405948],[3.91561008,50.91412829],[3.91554424,50.9140821],[3.91566671,50.91401179]]]}},{"type":"Feature","id":"gebouw/Gebouw.13546414/0","properties":{"source":"Digitaal Vlaanderen Gebouwenregister","source_id":"gebouw/Gebouw.13546414/0","kind":"building","building":"official","height_m":8.1,"status":null},"geometry":{"type":"Polygon","coordinates":[[[3.91556637,50.91430617],[3.91543228,50.9143768],[3.91536915,50.91432839],[3.91550454,50.91425874],[3.91556637,50.91430617]]]}},{"type":"Feature","id":"gebouw/Gebouw.13546485/0","properties":{"source":"Digitaal Vlaanderen Gebouwenregister","source_id":"gebouw/Gebouw.13546485/0","kind":"building","building":"official","height_m":7.35,"status":null},"geometry":{"type":"Polygon","coordinates":[[[3.91721596,50.91611762],[3.91716978,50.91609588],[3.91707068,50.91618021],[3.91701854,50.91615571],[3.91702969,50.9161461],[3.91692206,50.91609561],[3.9170075,50.91602254],[3.917042,50.91603881],[3.91707746,50.91600843],[3.91720103,50.91606533],[3.91723465,50.91603719],[3.91727549,50.9160556],[3.91721596,50.91611762]]]}},{"type":"Feature","id":"gebouw/Gebouw.13551737/0","properties":{"source":"Digitaal Vlaanderen Gebouwenregister","source_id":"gebouw/Gebouw.13551737/0","kind":"building","building":"official","height_m":8.85,"status":null},"geometry":{"type":"Polygon","coordinates":[[[3.91078342,50.91693619],[3.91075529,50.91695908],[3.91078301,50.91697253],[3.91070552,50.91703621],[3.91054014,50.91695342],[3.91064267,50.91686793],[3.91078342,50.91693619]]]}},{"type":"Feature","id":"gebouw/Gebouw.13554895/0","properties":{"source":"Digitaal Vlaanderen Gebouwenregister","source_id":"gebouw/Gebouw.13554895/0","kind":"building","building":"official","height_m":5.85,"status":null},"geometry":{"type":"Polygon","coordinates":[[[3.91584707,50.91414913],[3.91591527,50.91419764],[3.91579117,50.91426852],[3.91572367,50.91422032],[3.91584707,50.91414913]]]}},{"type":"Feature","id":"gebouw/Gebouw.13563756/0","properties":{"source":"Digitaal Vlaanderen Gebouwenregister","source_id":"gebouw/Gebouw.13563756/0","kind":"building","building":"official","height_m":5.1,"status":null},"geometry":{"type":"Polygon","coordinates":[[[3.91066912,50.91785471],[3.91116318,50.91810462],[3.91116861,50.91810737],[3.91114446,50.91812677],[3.9110877,50.91817236],[3.91058975,50.91791988],[3.91063479,50.9178829],[3.91053116,50.9178318],[3.91046105,50.9178913],[3.91036424,50.91784378],[3.91036442,50.91782538],[3.91039444,50.91780085],[3.91038027,50.91779362],[3.9104447,50.91774118],[3.91052862,50.91778364],[3.91066912,50.91785471]]]}},{"type":"Feature","id":"gebouw/Gebouw.13563841/0","properties":{"source":"Digitaal Vlaanderen Gebouwenregister","source_id":"gebouw/Gebouw.13563841/0","kind":"building","building":"official","height_m":5.85,"status":null},"geometry":{"type":"Polygon","coordinates":[[[3.9170462,50.91475079],[3.91701477,50.91471428],[3.91707514,50.91469351],[3.91710657,50.91473002],[3.9170462,50.91475079]]]}},{"type":"Feature","id":"gebouw/Gebouw.13571855/0","properties":{"source":"Digitaal Vlaanderen Gebouwenregister","source_id":"gebouw/Gebouw.13571855/0","kind":"building","building":"official","height_m":8.85,"status":null},"geometry":{"type":"Polygon","coordinates":[[[3.91355555,50.92039271],[3.91347049,50.92039236],[3.91347035,50.9203713],[3.91355633,50.92037035],[3.91355555,50.92039271]]]}},{"type":"Feature","id":"gebouw/Gebouw.13571936/0","properties":{"source":"Digitaal Vlaanderen Gebouwenregister","source_id":"gebouw/Gebouw.13571936/0","kind":"building","building":"official","height_m":6.6,"status":null},"geometry":{"type":"Polygon","coordinates":[[[3.91185042,50.91684812],[3.9119134,50.91688346],[3.91187525,50.91691062],[3.91165451,50.91679181],[3.91165667,50.91679021],[3.9116897,50.91676579],[3.91169168,50.91676433],[3.91170683,50.91675312],[3.91170917,50.91675139],[3.91186629,50.91683682],[3.91185042,50.91684812]]]}},{"type":"Feature","id":"gebouw/Gebouw.13575176/0","properties":{"source":"Digitaal Vlaanderen Gebouwenregister","source_id":"gebouw/Gebouw.13575176/0","kind":"building","building":"official","height_m":6.6,"status":null},"geometry":{"type":"Polygon","coordinates":[[[3.91723436,50.91378356],[3.91705726,50.91385358],[3.91699393,50.91379153],[3.91697025,50.91380227],[3.91688461,50.91373042],[3.91690652,50.91371426],[3.91685861,50.91368432],[3.91693498,50.91363319],[3.91695911,50.91364619],[3.91702396,50.91360513],[3.91705397,50.91362231],[3.91703135,50.91363662],[3.91705576,50.9136513],[3.91697305,50.91370747],[3.91703286,50.91376686],[3.91709649,50.91374141],[3.9170848,50.91373077],[3.91715445,50.91370198],[3.91723436,50.91378356]]]}},{"type":"Feature","id":"gebouw/Gebouw.13575227/0","properties":{"source":"Digitaal Vlaanderen Gebouwenregister","source_id":"gebouw/Gebouw.13575227/0","kind":"building","building":"official","height_m":8.85,"status":null},"geometry":{"type":"Polygon","coordinates":[[[3.90973981,50.91860155],[3.90974745,50.91859374],[3.90973671,50.91858954],[3.90979269,50.91853233],[3.90978174,50.91852804],[3.9097835,50.91852589],[3.9097947,50.91853028],[3.90983388,50.91849045],[3.90998746,50.91855066],[3.90999369,50.91856224],[3.90996682,50.91858815],[3.90995164,50.91858982],[3.90993798,50.91858604],[3.90990961,50.91861665],[3.90992327,50.91862268],[3.90988893,50.9186593],[3.90988299,50.91865741],[3.90987582,50.91866379],[3.90991444,50.91867927],[3.90989085,50.91870349],[3.90982224,50.91867613],[3.90985328,50.91864609],[3.90973981,50.91860155]]]}},{"type":"Feature","id":"gebouw/Gebouw.13575355/0","properties":{"source":"Digitaal Vlaanderen Gebouwenregister","source_id":"gebouw/Gebouw.13575355/0","kind":"building","building":"official","height_m":5.85,"status":null},"geometry":{"type":"Polygon","coordinates":[[[3.91492995,50.9137132],[3.91504015,50.91366077],[3.91511635,50.91372733],[3.91500452,50.91378061],[3.91492622,50.91371498],[3.91492847,50.91371391],[3.91492995,50.9137132]]]}},{"type":"Feature","id":"gebouw/Gebouw.13576929/0","properties":{"source":"Digitaal Vlaanderen Gebouwenregister","source_id":"gebouw/Gebouw.13576929/0","kind":"building","building":"official","height_m":7.35,"status":null},"geometry":{"type":"Polygon","coordinates":[[[3.91658241,50.91579654],[3.91662953,50.91582582],[3.91669412,50.91586596],[3.91660748,50.91592135],[3.91649606,50.91585172],[3.91658241,50.91579654]]]}},{"type":"Feature","id":"gebouw/Gebouw.13577168/0","properties":{"source":"Digitaal Vlaanderen Gebouwenregister","source_id":"gebouw/Gebouw.13577168/0","kind":"building","building":"official","height_m":6.6,"status":null},"geometry":{"type":"Polygon","coordinates":[[[3.91821041,50.91532674],[3.91816177,50.91530319],[3.91818663,50.91528119],[3.91823795,50.91530494],[3.91821041,50.91532674]]]}},{"type":"Feature","id":"gebouw/Gebouw.13579257/0","properties":{"source":"Digitaal Vlaanderen Gebouwenregister","source_id":"gebouw/Gebouw.13579257/0","kind":"building","building":"official","height_m":7.35,"status":null},"geometry":{"type":"Polygon","coordinates":[[[3.91288384,50.9157258],[3.91275996,50.91564581],[3.91272309,50.915622],[3.91267431,50.9155905],[3.91257836,50.9156481],[3.91267246,50.91571075],[3.91269278,50.91569855],[3.91280912,50.91577205],[3.91288246,50.91572665],[3.91288384,50.9157258]]]}},{"type":"Feature","id":"gebouw/Gebouw.13579475/0","properties":{"source":"Digitaal Vlaanderen Gebouwenregister","source_id":"gebouw/Gebouw.13579475/0","kind":"building","building":"official","height_m":8.85,"status":null},"geometry":{"type":"Polygon","coordinates":[[[3.91321454,50.91620913],[3.9129484,50.91604574],[3.9130039,50.91600938],[3.91319861,50.91612849],[3.91332136,50.91605083],[3.91342647,50.91612279],[3.91329576,50.91620533],[3.91325696,50.91618151],[3.91321454,50.91620913]]]}},{"type":"Feature","id":"gebouw/Gebouw.13579763/0","properties":{"source":"Digitaal Vlaanderen Gebouwenregister","source_id":"gebouw/Gebouw.13579763/0","kind":"building","building":"official","height_m":8.85,"status":null},"geometry":{"type":"Polygon","coordinates":[[[3.91198366,50.91562866],[3.91188245,50.9155646],[3.91191042,50.91554693],[3.91201164,50.915611],[3.91198366,50.91562866]]]}},{"type":"Feature","id":"gebouw/Gebouw.13588577/0","properties":{"source":"Digitaal Vlaanderen Gebouwenregister","source_id":"gebouw/Gebouw.13588577/0","kind":"building","building":"official","height_m":8.85,"status":null},"geometry":{"type":"Polygon","coordinates":[[[3.91684043,50.9148322],[3.91681449,50.91480406],[3.91679264,50.91481211],[3.91678298,50.91480162],[3.91676972,50.9148065],[3.91681398,50.91484363],[3.91684043,50.9148322]]]}},{"type":"Feature","id":"gebouw/Gebouw.13589342/0","properties":{"source":"Digitaal Vlaanderen Gebouwenregister","source_id":"gebouw/Gebouw.13589342/0","kind":"building","building":"official","height_m":6.6,"status":null},"geometry":{"type":"Polygon","coordinates":[[[3.91654887,50.91459658],[3.91643938,50.91451484],[3.9165054,50.9144795],[3.91661489,50.91456124],[3.91654887,50.91459658]]]}},{"type":"Feature","id":"gebouw/Gebouw.13603849/0","properties":{"source":"Digitaal Vlaanderen Gebouwenregister","source_id":"gebouw/Gebouw.13603849/0","kind":"building","building":"official","height_m":5.85,"status":null},"geometry":{"type":"Polygon","coordinates":[[[3.91768047,50.91472552],[3.91770912,50.91471044],[3.91777132,50.91475498],[3.91774197,50.91477241],[3.91768047,50.91472552]]]}},{"type":"Feature","id":"gebouw/Gebouw.13604034/0","properties":{"source":"Digitaal Vlaanderen Gebouwenregister","source_id":"gebouw/Gebouw.13604034/0","kind":"building","building":"official","height_m":5.1,"status":null},"geometry":{"type":"Polygon","coordinates":[[[3.9160681,50.91436066],[3.91598688,50.91440184],[3.91592719,50.9143799],[3.91593863,50.91436821],[3.91588839,50.91434974],[3.91591756,50.91432099],[3.91590265,50.91430788],[3.91596163,50.91427675],[3.9160681,50.91436066]]]}},{"type":"Feature","id":"gebouw/Gebouw.13606350/0","properties":{"source":"Digitaal Vlaanderen Gebouwenregister","source_id":"gebouw/Gebouw.13606350/0","kind":"building","building":"official","height_m":5.1,"status":null},"geometry":{"type":"Polygon","coordinates":[[[3.91568226,50.91516748],[3.91566919,50.91507138],[3.91553058,50.91508022],[3.91553141,50.91509152],[3.91547968,50.91509855],[3.91547597,50.91509905],[3.9154502,50.91510255],[3.91546558,50.91519541],[3.91568226,50.91516748]]]}},{"type":"Feature","id":"gebouw/Gebouw.13606789/0","properties":{"source":"Digitaal Vlaanderen Gebouwenregister","source_id":"gebouw/Gebouw.13606789/0","kind":"building","building":"official","height_m":5.85,"status":null},"geometry":{"type":"Polygon","coordinates":[[[3.91747293,50.91724177],[3.91736129,50.91718443],[3.91743523,50.91712691],[3.91754687,50.91718425],[3.91747293,50.91724177]]]}},{"type":"Feature","id":"gebouw/Gebouw.13608241/0","properties":{"source":"Digitaal Vlaanderen Gebouwenregister","source_id":"gebouw/Gebouw.13608241/0","kind":"building","building":"official","height_m":5.85,"status":null},"geometry":{"type":"Polygon","coordinates":[[[3.91528883,50.91407721],[3.91536358,50.91404019],[3.91520759,50.9139136],[3.9151239,50.91395333],[3.91528325,50.91407997],[3.91528883,50.91407721]]]}},{"type":"Feature","id":"gebouw/Gebouw.13608268/0","properties":{"source":"Digitaal Vlaanderen Gebouwenregister","source_id":"gebouw/Gebouw.13608268/0","kind":"building","building":"official","height_m":8.1,"status":null},"geometry":{"type":"Polygon","coordinates":[[[3.91731958,50.91600967],[3.91735061,50.91602136],[3.91734195,50.91603421],[3.91735731,50.91603981],[3.91733952,50.91606522],[3.91726078,50.91614507],[3.91721188,50.91612187],[3.91721596,50.91611762],[3.91727549,50.9160556],[3.91731625,50.91601313],[3.91731958,50.91600967]]]}},{"type":"Feature","id":"gebouw/Gebouw.13627052/0","properties":{"source":"Digitaal Vlaanderen Gebouwenregister","source_id":"gebouw/Gebouw.13627052/0","kind":"building","building":"official","height_m":6.6,"status":null},"geometry":{"type":"Polygon","coordinates":[[[3.91816852,50.9148258],[3.91809973,50.91486532],[3.9180045,50.91479843],[3.91798562,50.9148021],[3.91796887,50.91479124],[3.91797763,50.91477955],[3.9179298,50.91474565],[3.91788589,50.91471453],[3.91795758,50.91467371],[3.91800329,50.914703],[3.91808277,50.91476207],[3.91816852,50.9148258]]]}},{"type":"Feature","id":"gebouw/Gebouw.13634699/0","properties":{"source":"Digitaal Vlaanderen Gebouwenregister","source_id":"gebouw/Gebouw.13634699/0","kind":"building","building":"official","height_m":8.85,"status":null},"geometry":{"type":"Polygon","coordinates":[[[3.91751133,50.91448831],[3.91753427,50.91447608],[3.91762922,50.91442547],[3.91762959,50.91442527],[3.91774632,50.91436305],[3.91765383,50.91429388],[3.91739187,50.91443773],[3.91743058,50.91446607],[3.91748218,50.91450385],[3.91751133,50.91448831]]]}},{"type":"Feature","id":"gebouw/Gebouw.13649710/0","properties":{"source":"Digitaal Vlaanderen Gebouwenregister","source_id":"gebouw/Gebouw.13649710/0","kind":"building","building":"official","height_m":8.1,"status":null},"geometry":{"type":"Polygon","coordinates":[[[3.91138181,50.91755239],[3.91133399,50.91753662],[3.91136406,50.91750019],[3.91141188,50.91751596],[3.91138181,50.91755239]]]}},{"type":"Feature","id":"gebouw/Gebouw.13650073/0","properties":{"source":"Digitaal Vlaanderen Gebouwenregister","source_id":"gebouw/Gebouw.13650073/0","kind":"building","building":"official","height_m":5.85,"status":null},"geometry":{"type":"Polygon","coordinates":[[[3.91218094,50.91606964],[3.91199286,50.91594918],[3.91194367,50.91598027],[3.91201131,50.91602531],[3.91198418,50.91604238],[3.9120839,50.9161057],[3.91211047,50.91608877],[3.91213053,50.91610142],[3.91213953,50.91609584],[3.9121476,50.91610093],[3.91217906,50.91608091],[3.91217122,50.91607582],[3.91218094,50.91606964]]]}},{"type":"Feature","id":"gebouw/Gebouw.13655512/0","properties":{"source":"Digitaal Vlaanderen Gebouwenregister","source_id":"gebouw/Gebouw.13655512/0","kind":"building","building":"official","height_m":8.1,"status":null},"geometry":{"type":"Polygon","coordinates":[[[3.9179265,50.91566249],[3.91767444,50.91551498],[3.91764126,50.91553579],[3.9176245,50.91552568],[3.91758021,50.91555147],[3.9176237,50.91557968],[3.91765585,50.91556508],[3.91769855,50.91560269],[3.9176634,50.91561802],[3.91763841,50.91563193],[3.91767439,50.91564879],[3.91765198,50.91566742],[3.91770084,50.91569051],[3.9176499,50.91573564],[3.91749985,50.91566671],[3.91739778,50.91560663],[3.91754647,50.91551798],[3.91758891,50.91549267],[3.91767176,50.91544326],[3.91768494,50.9154354],[3.91775568,50.91539322],[3.91776853,50.91538556],[3.91800939,50.91552787],[3.91805772,50.91549364],[3.9181221,50.9155311],[3.91805873,50.91557367],[3.9179265,50.91566249]]]}},{"type":"Feature","id":"gebouw/Gebouw.13655741/0","properties":{"source":"Digitaal Vlaanderen Gebouwenregister","source_id":"gebouw/Gebouw.13655741/0","kind":"building","building":"official","height_m":8.85,"status":null},"geometry":{"type":"Polygon","coordinates":[[[3.91489564,50.91527742],[3.91494194,50.91525975],[3.91497101,50.91524865],[3.91506105,50.91521427],[3.91499327,50.91513642],[3.91498857,50.91513807],[3.91489982,50.91516896],[3.91490913,50.91517957],[3.91488698,50.91519073],[3.91485595,50.91520703],[3.91487749,50.91523117],[3.91483705,50.91524711],[3.91487758,50.91528531],[3.91489564,50.91527742]]]}},{"type":"Feature","id":"gebouw/Gebouw.13660222/0","properties":{"source":"Digitaal Vlaanderen Gebouwenregister","source_id":"gebouw/Gebouw.13660222/0","kind":"building","building":"official","height_m":8.1,"status":null},"geometry":{"type":"Polygon","coordinates":[[[3.91804014,50.91641971],[3.91796734,50.91638679],[3.91793801,50.91641272],[3.91796275,50.9164239],[3.91795407,50.91643157],[3.91800214,50.9164533],[3.91800524,50.91645056],[3.91804014,50.91641971]]]}},{"type":"Feature","id":"gebouw/Gebouw.13660459/0","properties":{"source":"Digitaal Vlaanderen Gebouwenregister","source_id":"gebouw/Gebouw.13660459/0","kind":"building","building":"official","height_m":5.85,"status":null},"geometry":{"type":"Polygon","coordinates":[[[3.91798663,50.91742677],[3.91787887,50.91735489],[3.91805595,50.91724882],[3.91809737,50.91727645],[3.91805095,50.91730426],[3.91811728,50.91734851],[3.91798663,50.91742677]]]}},{"type":"Feature","id":"gebouw/Gebouw.13705616/0","properties":{"source":"Digitaal Vlaanderen Gebouwenregister","source_id":"gebouw/Gebouw.13705616/0","kind":"building","building":"official","height_m":6.6,"status":null},"geometry":{"type":"Polygon","coordinates":[[[3.91556709,50.91490239],[3.91554984,50.9148782],[3.91553519,50.91485767],[3.9155296,50.91485838],[3.91551817,50.91483381],[3.91546552,50.91476],[3.91540942,50.91477413],[3.91541,50.91477507],[3.9154711,50.91487325],[3.91542033,50.91488497],[3.91544513,50.91492738],[3.91556709,50.91490239]]]}},{"type":"Feature","id":"gebouw/Gebouw.13706044/0","properties":{"source":"Digitaal Vlaanderen Gebouwenregister","source_id":"gebouw/Gebouw.13706044/0","kind":"building","building":"official","height_m":8.1,"status":null},"geometry":{"type":"Polygon","coordinates":[[[3.91694115,50.91531626],[3.9170197,50.91528636],[3.91704181,50.91531138],[3.91696515,50.91534201],[3.91694115,50.91531626]]]}},{"type":"Feature","id":"gebouw/Gebouw.13758567/0","properties":{"source":"Digitaal Vlaanderen Gebouwenregister","source_id":"gebouw/Gebouw.13758567/0","kind":"building","building":"official","height_m":7.35,"status":null},"geometry":{"type":"Polygon","coordinates":[[[3.91229328,50.91649995],[3.91236232,50.91644996],[3.91239138,50.91646389],[3.91243655,50.91643116],[3.91242938,50.91642711],[3.91249143,50.91638189],[3.91259593,50.91644183],[3.91248925,50.91651509],[3.91254149,50.91654562],[3.91252449,50.91655782],[3.91264473,50.91662474],[3.91262714,50.91663619],[3.91282872,50.91674609],[3.91280218,50.91676505],[3.91270583,50.91671295],[3.91268711,50.91672679],[3.91258081,50.91666716],[3.91257108,50.91667409],[3.91248469,50.91662752],[3.91250079,50.91661589],[3.91229328,50.91649995]]]}},{"type":"Feature","id":"gebouw/Gebouw.13762636/0","properties":{"source":"Digitaal Vlaanderen Gebouwenregister","source_id":"gebouw/Gebouw.13762636/0","kind":"building","building":"official","height_m":8.1,"status":null},"geometry":{"type":"Polygon","coordinates":[[[3.91551364,50.91525892],[3.91550297,50.91522493],[3.91542307,50.91523443],[3.915428,50.91525099],[3.9153289,50.91526278],[3.91531454,50.91521488],[3.91546558,50.91519541],[3.91568226,50.91516748],[3.91570041,50.9152258],[3.91563709,50.91523404],[3.9156399,50.91524283],[3.91551364,50.91525892]]]}},{"type":"Feature","id":"gebouw/Gebouw.13762730/0","properties":{"source":"Digitaal Vlaanderen Gebouwenregister","source_id":"gebouw/Gebouw.13762730/0","kind":"building","building":"official","height_m":6.6,"status":null},"geometry":{"type":"Polygon","coordinates":[[[3.91163196,50.9154936],[3.91166144,50.91551316],[3.91162634,50.91553427],[3.91159341,50.91551318],[3.91163196,50.9154936]]]}},{"type":"Feature","id":"gebouw/Gebouw.13763219/0","properties":{"source":"Digitaal Vlaanderen Gebouwenregister","source_id":"gebouw/Gebouw.13763219/0","kind":"building","building":"official","height_m":8.85,"status":null},"geometry":{"type":"Polygon","coordinates":[[[3.91507928,50.91410023],[3.91512662,50.9140756],[3.91506257,50.91402803],[3.91502626,50.91400106],[3.91496827,50.913958],[3.91492615,50.91402672],[3.91494399,50.91404175],[3.91491548,50.91405725],[3.91501673,50.91413277],[3.91507928,50.91410023]]]}},{"type":"Feature","id":"gebouw/Gebouw.13772682/0","properties":{"source":"Digitaal Vlaanderen Gebouwenregister","source_id":"gebouw/Gebouw.13772682/0","kind":"building","building":"official","height_m":5.1,"status":null},"geometry":{"type":"Polygon","coordinates":[[[3.91510104,50.91499789],[3.91507347,50.91500353],[3.91506848,50.91499379],[3.91504256,50.91494327],[3.91519987,50.9149115],[3.91522993,50.91497148],[3.91514111,50.91498968],[3.91510104,50.91499789]]]}},{"type":"Feature","id":"gebouw/Gebouw.13805210/0","properties":{"source":"Digitaal Vlaanderen Gebouwenregister","source_id":"gebouw/Gebouw.13805210/0","kind":"building","building":"official","height_m":6.6,"status":null},"geometry":{"type":"Polygon","coordinates":[[[3.91192404,50.91693688],[3.91189496,50.91695843],[3.91178986,50.91690262],[3.91175347,50.91692852],[3.91171191,50.91690665],[3.91168133,50.91692812],[3.91155739,50.91686318],[3.91160194,50.91683044],[3.9115976,50.91682804],[3.91163399,50.91680135],[3.91163832,50.91680375],[3.91165451,50.91679181],[3.91187525,50.91691062],[3.91191901,50.91693418],[3.91192404,50.91693688]]]}},{"type":"Feature","id":"gebouw/Gebouw.13810894/0","properties":{"source":"Digitaal Vlaanderen Gebouwenregister","source_id":"gebouw/Gebouw.13810894/0","kind":"building","building":"official","height_m":8.1,"status":null},"geometry":{"type":"Polygon","coordinates":[[[3.9182441,50.91478277],[3.91816852,50.9148258],[3.91808277,50.91476207],[3.91800329,50.914703],[3.91806993,50.91466384],[3.91808725,50.91467584],[3.9182441,50.91478277]]]}},{"type":"Feature","id":"gebouw/Gebouw.13839815/0","properties":{"source":"Digitaal Vlaanderen Gebouwenregister","source_id":"gebouw/Gebouw.13839815/0","kind":"building","building":"official","height_m":8.85,"status":null},"geometry":{"type":"Polygon","coordinates":[[[3.91770851,50.91504073],[3.91761583,50.91509545],[3.91743828,50.91497802],[3.91749644,50.91494434],[3.91747884,50.9149314],[3.91751772,50.91490819],[3.91756684,50.91494231],[3.91759055,50.91495878],[3.91770851,50.91504073]]]}},{"type":"Feature","id":"gebouw/Gebouw.13840015/0","properties":{"source":"Digitaal Vlaanderen Gebouwenregister","source_id":"gebouw/Gebouw.13840015/0","kind":"building","building":"official","height_m":5.85,"status":null},"geometry":{"type":"Polygon","coordinates":[[[3.91199555,50.9169071],[3.91193014,50.91687154],[3.91170917,50.91675139],[3.9118108,50.91667671],[3.9119257,50.91673723],[3.91195543,50.9167177],[3.91213347,50.91681336],[3.91212593,50.91681881],[3.91218416,50.91684909],[3.91215577,50.91688459],[3.91211329,50.9168708],[3.91212645,50.91684976],[3.91210037,50.91683727],[3.91201065,50.91690211],[3.91200639,50.91690017],[3.91199555,50.9169071]]]}},{"type":"Feature","id":"gebouw/Gebouw.13851862/0","properties":{"source":"Digitaal Vlaanderen Gebouwenregister","source_id":"gebouw/Gebouw.13851862/0","kind":"building","building":"official","height_m":8.1,"status":null},"geometry":{"type":"Polygon","coordinates":[[[3.91856525,50.91534261],[3.91853842,50.91532941],[3.91856714,50.915308],[3.91855565,50.91530207],[3.91857922,50.91528533],[3.91861721,50.9153054],[3.91856525,50.91534261]]]}},{"type":"Feature","id":"gebouw/Gebouw.14830264/0","properties":{"source":"Digitaal Vlaanderen Gebouwenregister","source_id":"gebouw/Gebouw.14830264/0","kind":"building","building":"official","height_m":8.1,"status":null},"geometry":{"type":"Polygon","coordinates":[[[3.91965179,50.91567042],[3.91954058,50.91561517],[3.91959693,50.91557082],[3.91957327,50.91555849],[3.91962329,50.91551744],[3.91975766,50.91558348],[3.91965179,50.91567042]]]}},{"type":"Feature","id":"gebouw/Gebouw.14969746/0","properties":{"source":"Digitaal Vlaanderen Gebouwenregister","source_id":"gebouw/Gebouw.14969746/0","kind":"building","building":"official","height_m":8.1,"status":null},"geometry":{"type":"Polygon","coordinates":[[[3.91893444,50.91431526],[3.9189248,50.91432291],[3.91892417,50.91432341],[3.91877477,50.91443992],[3.91871877,50.91448365],[3.91871984,50.9144842],[3.91871998,50.91448428],[3.91867522,50.91451931],[3.91862515,50.9145585],[3.9184179,50.91445321],[3.91866247,50.91426119],[3.91867542,50.91426794],[3.9187726,50.91419314],[3.91878737,50.91419981],[3.91895876,50.9140625],[3.91903009,50.91409734],[3.91911891,50.91402856],[3.91919917,50.91396641],[3.91899804,50.91384396],[3.91893433,50.91388804],[3.91893963,50.91389109],[3.91893414,50.91389471],[3.91866172,50.9140742],[3.91854439,50.91400305],[3.91871221,50.91388999],[3.91868193,50.91387111],[3.91877276,50.91381107],[3.91880514,50.9138294],[3.91882175,50.91381768],[3.91887858,50.91385135],[3.91889646,50.91386195],[3.91895559,50.9138201],[3.9189614,50.91381599],[3.91896888,50.91382051],[3.91898758,50.91383183],[3.91899407,50.91382771],[3.91909192,50.91376567],[3.91900665,50.91371379],[3.91908457,50.91366131],[3.91908584,50.91366046],[3.91924863,50.91375974],[3.91930093,50.91379163],[3.91934859,50.9138207],[3.91934754,50.91382142],[3.91942564,50.91386892],[3.91945038,50.91388388],[3.91948742,50.91390638],[3.91942051,50.91395948],[3.91939259,50.91394317],[3.91934973,50.91397066],[3.91938148,50.91399006],[3.91934403,50.91401943],[3.91932416,50.91403502],[3.9193257,50.91403612],[3.91915447,50.91417124],[3.919152,50.91417],[3.91913341,50.91416066],[3.91912008,50.91417113],[3.91896453,50.91429329],[3.91895479,50.91430094],[3.91895356,50.91430033],[3.91893444,50.91431526]],[[3.91924473,50.91389839],[3.91931022,50.91393939],[3.91937081,50.91389887],[3.91930222,50.9138586],[3.91924473,50.91389839]]]}},{"type":"Feature","id":"gebouw/Gebouw.16650922/0","properties":{"source":"Digitaal Vlaanderen Gebouwenregister","source_id":"gebouw/Gebouw.16650922/0","kind":"building","building":"official","height_m":8.1,"status":null},"geometry":{"type":"Polygon","coordinates":[[[3.91210338,50.9158398],[3.91206072,50.91581248],[3.91210486,50.9157848],[3.91214763,50.91581205],[3.91210338,50.9158398]]]}},{"type":"Feature","id":"gebouw/Gebouw.16651045/0","properties":{"source":"Digitaal Vlaanderen Gebouwenregister","source_id":"gebouw/Gebouw.16651045/0","kind":"building","building":"official","height_m":5.85,"status":null},"geometry":{"type":"Polygon","coordinates":[[[3.91915186,50.9152926],[3.91928498,50.91520279],[3.91935101,50.91524207],[3.91930244,50.91527395],[3.9193566,50.91530629],[3.91927963,50.91535817],[3.91919791,50.91531425],[3.9191926,50.91531714],[3.91915186,50.9152926]]]}},{"type":"Feature","id":"gebouw/Gebouw.16654135/0","properties":{"source":"Digitaal Vlaanderen Gebouwenregister","source_id":"gebouw/Gebouw.16654135/0","kind":"building","building":"official","height_m":5.85,"status":null},"geometry":{"type":"Polygon","coordinates":[[[3.91316437,50.91536977],[3.91319034,50.91538884],[3.91313851,50.91541643],[3.91306167,50.91536123],[3.91303695,50.91537003],[3.91295845,50.91527722],[3.9130058,50.91526131],[3.91306089,50.91532757],[3.91312824,50.91529156],[3.91310807,50.91527649],[3.91312267,50.91526993],[3.91308054,50.91523866],[3.91309634,50.91523049],[3.91318749,50.91529886],[3.9131978,50.91530658],[3.91323331,50.91533322],[3.91316437,50.91536977]]]}},{"type":"Feature","id":"gebouw/Gebouw.16665417/0","properties":{"source":"Digitaal Vlaanderen Gebouwenregister","source_id":"gebouw/Gebouw.16665417/0","kind":"building","building":"official","height_m":7.35,"status":null},"geometry":{"type":"Polygon","coordinates":[[[3.9112356,50.91467326],[3.91110586,50.91478677],[3.9109862,50.91473151],[3.91111788,50.91461728],[3.91114549,50.91463066],[3.91118337,50.91459856],[3.91125554,50.91463119],[3.91121686,50.91466459],[3.9112356,50.91467326]]]}},{"type":"Feature","id":"gebouw/Gebouw.16665456/0","properties":{"source":"Digitaal Vlaanderen Gebouwenregister","source_id":"gebouw/Gebouw.16665456/0","kind":"building","building":"official","height_m":5.1,"status":null},"geometry":{"type":"Polygon","coordinates":[[[3.9126041,50.91690481],[3.91256,50.91693753],[3.91239522,50.91684874],[3.91243982,50.91681618],[3.9126041,50.91690481]]]}},{"type":"Feature","id":"gebouw/Gebouw.16670719/0","properties":{"source":"Digitaal Vlaanderen Gebouwenregister","source_id":"gebouw/Gebouw.16670719/0","kind":"building","building":"official","height_m":5.85,"status":null},"geometry":{"type":"Polygon","coordinates":[[[3.91417719,50.91580867],[3.91413786,50.91578295],[3.91416462,50.91576659],[3.91420395,50.91579231],[3.91417719,50.91580867]]]}},{"type":"Feature","id":"gebouw/Gebouw.16671289/0","properties":{"source":"Digitaal Vlaanderen Gebouwenregister","source_id":"gebouw/Gebouw.16671289/0","kind":"building","building":"official","height_m":5.85,"status":null},"geometry":{"type":"Polygon","coordinates":[[[3.91430056,50.91384468],[3.91419611,50.91379553],[3.91427564,50.91372798],[3.91438009,50.91377713],[3.91430056,50.91384468]]]}},{"type":"Feature","id":"gebouw/Gebouw.16677326/0","properties":{"source":"Digitaal Vlaanderen Gebouwenregister","source_id":"gebouw/Gebouw.16677326/0","kind":"building","building":"official","height_m":6.6,"status":null},"geometry":{"type":"Polygon","coordinates":[[[3.91934403,50.91401943],[3.91932416,50.91403502],[3.9193257,50.91403612],[3.91915447,50.91417124],[3.919152,50.91417],[3.91913341,50.91416066],[3.91912014,50.91417115],[3.91896522,50.91429365],[3.91896307,50.91429253],[3.9189248,50.91432291],[3.91892417,50.91432341],[3.9188434,50.91428436],[3.91888132,50.9142544],[3.91878202,50.91420409],[3.91895876,50.9140625],[3.91903009,50.91409734],[3.91919917,50.91396641],[3.91899804,50.91384396],[3.91893433,50.91388804],[3.91893963,50.91389109],[3.91866172,50.9140742],[3.91854439,50.91400305],[3.91871221,50.91388999],[3.91868193,50.91387111],[3.91877276,50.91381107],[3.91880514,50.9138294],[3.91882175,50.91381768],[3.91889646,50.91386195],[3.9189614,50.91381599],[3.91898758,50.91383183],[3.91909191,50.91376567],[3.91900665,50.91371379],[3.91908457,50.91366131],[3.91908584,50.91366046],[3.91924863,50.91375974],[3.91930093,50.91379163],[3.91934859,50.9138207],[3.91934754,50.91382142],[3.91942564,50.91386892],[3.91945038,50.91388389],[3.91948742,50.91390637],[3.91942051,50.91395948],[3.91939259,50.91394317],[3.91934973,50.91397066],[3.91938148,50.91399006],[3.91934403,50.91401943]],[[3.91924473,50.91389839],[3.91931022,50.91393939],[3.91937081,50.91389887],[3.91930222,50.9138586],[3.91924473,50.91389839]]]}},{"type":"Feature","id":"gebouw/Gebouw.16677385/0","properties":{"source":"Digitaal Vlaanderen Gebouwenregister","source_id":"gebouw/Gebouw.16677385/0","kind":"building","building":"official","height_m":5.85,"status":null},"geometry":{"type":"Polygon","coordinates":[[[3.91485058,50.91520907],[3.91488598,50.91523774],[3.91479834,50.91527278],[3.91476904,50.91524201],[3.91485058,50.91520907]]]}},{"type":"Feature","id":"gebouw/Gebouw.16686373/0","properties":{"source":"Digitaal Vlaanderen Gebouwenregister","source_id":"gebouw/Gebouw.16686373/0","kind":"building","building":"official","height_m":5.85,"status":null},"geometry":{"type":"Polygon","coordinates":[[[3.91712313,50.91643503],[3.91720302,50.9164685],[3.91708596,50.91657951],[3.91700561,50.91654668],[3.91712313,50.91643503]]]}},{"type":"Feature","id":"gebouw/Gebouw.16686422/0","properties":{"source":"Digitaal Vlaanderen Gebouwenregister","source_id":"gebouw/Gebouw.16686422/0","kind":"building","building":"official","height_m":6.6,"status":null},"geometry":{"type":"Polygon","coordinates":[[[3.91639299,50.91543124],[3.91639987,50.91542772],[3.91649503,50.91539407],[3.9164982,50.91539295],[3.91645125,50.9153459],[3.91639898,50.91536881],[3.91636533,50.91534012],[3.91632113,50.9153614],[3.91630105,50.91534406],[3.91620425,50.9153851],[3.91621609,50.91539517],[3.91616996,50.91541746],[3.91626357,50.91549756],[3.91639299,50.91543124]]]}},{"type":"Feature","id":"gebouw/Gebouw.16690900/0","properties":{"source":"Digitaal Vlaanderen Gebouwenregister","source_id":"gebouw/Gebouw.16690900/0","kind":"building","building":"official","height_m":8.1,"status":null},"geometry":{"type":"Polygon","coordinates":[[[3.9107372,50.91783292],[3.9106218,50.91777653],[3.91066197,50.91774369],[3.91077568,50.91780141],[3.9107372,50.91783292]]]}},{"type":"Feature","id":"gebouw/Gebouw.16694694/0","properties":{"source":"Digitaal Vlaanderen Gebouwenregister","source_id":"gebouw/Gebouw.16694694/0","kind":"building","building":"official","height_m":5.1,"status":null},"geometry":{"type":"Polygon","coordinates":[[[3.91658935,50.91434297],[3.91670779,50.91443105],[3.9166398,50.91446759],[3.91652152,50.91438616],[3.91642872,50.91432227],[3.91654148,50.91425942],[3.9166275,50.91432187],[3.91658935,50.91434297]]]}},{"type":"Feature","id":"gebouw/Gebouw.16710935/0","properties":{"source":"Digitaal Vlaanderen Gebouwenregister","source_id":"gebouw/Gebouw.16710935/0","kind":"building","building":"official","height_m":8.85,"status":null},"geometry":{"type":"Polygon","coordinates":[[[3.91754647,50.91551798],[3.91739778,50.91560663],[3.91739598,50.91560539],[3.91741368,50.91559524],[3.91735015,50.91555287],[3.917395,50.91552574],[3.91730276,50.91546338],[3.91738418,50.91541484],[3.91738837,50.91541234],[3.91754647,50.91551798]]]}},{"type":"Feature","id":"gebouw/Gebouw.16711033/0","properties":{"source":"Digitaal Vlaanderen Gebouwenregister","source_id":"gebouw/Gebouw.16711033/0","kind":"building","building":"official","height_m":5.85,"status":null},"geometry":{"type":"Polygon","coordinates":[[[3.91823657,50.9158213],[3.91818999,50.91586255],[3.91806265,50.91580509],[3.91810548,50.91576716],[3.9181939,50.91580368],[3.91823657,50.9158213]]]}},{"type":"Feature","id":"gebouw/Gebouw.16715628/0","properties":{"source":"Digitaal Vlaanderen Gebouwenregister","source_id":"gebouw/Gebouw.16715628/0","kind":"building","building":"official","height_m":5.1,"status":null},"geometry":{"type":"Polygon","coordinates":[[[3.91283026,50.91531216],[3.91284522,50.91532417],[3.91284171,50.91532591],[3.9128133,50.91534006],[3.91276233,50.91529914],[3.91279424,50.91528325],[3.91283026,50.91531216]]]}},{"type":"Feature","id":"gebouw/Gebouw.16715631/0","properties":{"source":"Digitaal Vlaanderen Gebouwenregister","source_id":"gebouw/Gebouw.16715631/0","kind":"building","building":"official","height_m":7.35,"status":null},"geometry":{"type":"Polygon","coordinates":[[[3.91002184,50.91770061],[3.90991725,50.91778628],[3.90969395,50.91767765],[3.90973504,50.91764425],[3.90977727,50.91766494],[3.90984219,50.91761292],[3.91002184,50.91770061]]]}},{"type":"Feature","id":"gebouw/Gebouw.16716321/0","properties":{"source":"Digitaal Vlaanderen Gebouwenregister","source_id":"gebouw/Gebouw.16716321/0","kind":"building","building":"official","height_m":7.35,"status":null},"geometry":{"type":"Polygon","coordinates":[[[3.91820688,50.91492917],[3.91827205,50.91497449],[3.91823706,50.91499641],[3.91833431,50.91505987],[3.91826352,50.91510051],[3.91825855,50.91509614],[3.91821336,50.91512212],[3.91822569,50.91513088],[3.91817907,50.91515874],[3.91798332,50.91506193],[3.91820688,50.91492917]]]}},{"type":"Feature","id":"gebouw/Gebouw.16717934/0","properties":{"source":"Digitaal Vlaanderen Gebouwenregister","source_id":"gebouw/Gebouw.16717934/0","kind":"building","building":"official","height_m":6.6,"status":null},"geometry":{"type":"Polygon","coordinates":[[[3.91644713,50.91618869],[3.91638428,50.91616071],[3.91635714,50.91614863],[3.91634468,50.91616151],[3.91633185,50.91615663],[3.91629357,50.91614208],[3.91632804,50.91610153],[3.91637317,50.91611809],[3.91643417,50.91606119],[3.91653993,50.9161081],[3.91644713,50.91618869]]]}},{"type":"Feature","id":"gebouw/Gebouw.16717999/0","properties":{"source":"Digitaal Vlaanderen Gebouwenregister","source_id":"gebouw/Gebouw.16717999/0","kind":"building","building":"official","height_m":5.85,"status":null},"geometry":{"type":"Polygon","coordinates":[[[3.92021873,50.91646946],[3.92018858,50.91645436],[3.92022998,50.91642133],[3.92026013,50.91643643],[3.92021873,50.91646946]]]}},{"type":"Feature","id":"gebouw/Gebouw.16718007/0","properties":{"source":"Digitaal Vlaanderen Gebouwenregister","source_id":"gebouw/Gebouw.16718007/0","kind":"building","building":"official","height_m":7.35,"status":null},"geometry":{"type":"Polygon","coordinates":[[[3.91241589,50.91592397],[3.91229759,50.91584922],[3.91224685,50.91588075],[3.91219639,50.91585022],[3.91218894,50.91585416],[3.9121735,50.91584474],[3.91214143,50.91586417],[3.9121508,50.91587017],[3.91215884,50.91587532],[3.91220511,50.91590496],[3.91232338,50.9159807],[3.91234873,50.91596525],[3.91235569,50.91596976],[3.91238853,50.91594941],[3.9123815,50.91594484],[3.91241589,50.91592397]]]}},{"type":"Feature","id":"gebouw/Gebouw.16718226/0","properties":{"source":"Digitaal Vlaanderen Gebouwenregister","source_id":"gebouw/Gebouw.16718226/0","kind":"building","building":"official","height_m":5.1,"status":null},"geometry":{"type":"Polygon","coordinates":[[[3.91150864,50.91636779],[3.91144907,50.91641583],[3.91146025,50.91642138],[3.91127921,50.91656755],[3.91126896,50.91656249],[3.91126018,50.91656945],[3.91121475,50.91654626],[3.9112231,50.91653988],[3.9111557,50.91650687],[3.91117837,50.91648848],[3.91116115,50.91647943],[3.91126435,50.91639872],[3.9112795,50.91640645],[3.91133677,50.9163599],[3.91135073,50.91636688],[3.91135908,50.91635937],[3.91119577,50.91627941],[3.91124349,50.91624263],[3.91133435,50.91628826],[3.91130661,50.91631059],[3.91142567,50.91637075],[3.9114379,50.9163608],[3.91146225,50.91637287],[3.91148459,50.91635516],[3.91150864,50.91636779]]]}},{"type":"Feature","id":"gebouw/Gebouw.16718297/0","properties":{"source":"Digitaal Vlaanderen Gebouwenregister","source_id":"gebouw/Gebouw.16718297/0","kind":"building","building":"official","height_m":8.85,"status":null},"geometry":{"type":"Polygon","coordinates":[[[3.91535773,50.91466703],[3.91516698,50.91470989],[3.91516661,50.9147092],[3.91513064,50.91464211],[3.91519597,50.91462811],[3.91520087,50.91463726],[3.9152798,50.91462034],[3.91535773,50.91466703]]]}},{"type":"Feature","id":"gebouw/Gebouw.16728263/0","properties":{"source":"Digitaal Vlaanderen Gebouwenregister","source_id":"gebouw/Gebouw.16728263/0","kind":"building","building":"official","height_m":8.85,"status":null},"geometry":{"type":"Polygon","coordinates":[[[3.90971971,50.91894124],[3.90964867,50.91891233],[3.90967421,50.91888592],[3.90974643,50.91891393],[3.90971971,50.91894124]]]}},{"type":"Feature","id":"gebouw/Gebouw.16739767/0","properties":{"source":"Digitaal Vlaanderen Gebouwenregister","source_id":"gebouw/Gebouw.16739767/0","kind":"building","building":"official","height_m":5.85,"status":null},"geometry":{"type":"Polygon","coordinates":[[[3.91498857,50.91513807],[3.91494664,50.91508939],[3.9148326,50.91513065],[3.91488698,50.91519073],[3.91490913,50.91517957],[3.91489982,50.91516896],[3.91498857,50.91513807]]]}},{"type":"Feature","id":"gebouw/Gebouw.16740013/0","properties":{"source":"Digitaal Vlaanderen Gebouwenregister","source_id":"gebouw/Gebouw.16740013/0","kind":"building","building":"official","height_m":5.85,"status":null},"geometry":{"type":"Polygon","coordinates":[[[3.91474236,50.91525279],[3.91476904,50.91524201],[3.91485058,50.91520907],[3.91481911,50.91517531],[3.91474678,50.91520388],[3.9147322,50.91518909],[3.91467787,50.91521066],[3.91472773,50.91525871],[3.91474236,50.91525279]]]}},{"type":"Feature","id":"gebouw/Gebouw.16749184/0","properties":{"source":"Digitaal Vlaanderen Gebouwenregister","source_id":"gebouw/Gebouw.16749184/0","kind":"building","building":"official","height_m":8.1,"status":null},"geometry":{"type":"Polygon","coordinates":[[[3.91659446,50.91398206],[3.9164982,50.91403296],[3.9163613,50.91392927],[3.91640667,50.91390676],[3.91637205,50.91388201],[3.91642591,50.91385403],[3.91659446,50.91398206]]]}},{"type":"Feature","id":"gebouw/Gebouw.16763866/0","properties":{"source":"Digitaal Vlaanderen Gebouwenregister","source_id":"gebouw/Gebouw.16763866/0","kind":"building","building":"official","height_m":8.1,"status":null},"geometry":{"type":"Polygon","coordinates":[[[3.91423615,50.91564795],[3.91411027,50.91556338],[3.9141504,50.91553951],[3.91427628,50.91562408],[3.91423615,50.91564795]]]}},{"type":"Feature","id":"gebouw/Gebouw.17317343/0","properties":{"source":"Digitaal Vlaanderen Gebouwenregister","source_id":"gebouw/Gebouw.17317343/0","kind":"building","building":"official","height_m":8.85,"status":null},"geometry":{"type":"Polygon","coordinates":[[[3.91309634,50.91523049],[3.91307831,50.91521681],[3.91318202,50.91516143],[3.91333753,50.91527716],[3.91323331,50.91533322],[3.9131978,50.91530658],[3.91318749,50.91529886],[3.91309634,50.91523049]]]}},{"type":"Feature","id":"gebouw/Gebouw.17355382/0","properties":{"source":"Digitaal Vlaanderen Gebouwenregister","source_id":"gebouw/Gebouw.17355382/0","kind":"building","building":"official","height_m":8.1,"status":null},"geometry":{"type":"Polygon","coordinates":[[[3.91835469,50.91459999],[3.91833687,50.91459041],[3.91827689,50.91463024],[3.91833899,50.91467818],[3.91833924,50.91467801],[3.91840753,50.91463006],[3.91835469,50.91459999]]]}},{"type":"Feature","id":"gebouw/Gebouw.18195796/0","properties":{"source":"Digitaal Vlaanderen Gebouwenregister","source_id":"gebouw/Gebouw.18195796/0","kind":"building","building":"official","height_m":8.1,"status":null},"geometry":{"type":"Polygon","coordinates":[[[3.91686703,50.91550294],[3.91681551,50.91552291],[3.91677833,50.9154846],[3.91672578,50.91543044],[3.91682556,50.91539394],[3.91685796,50.91542804],[3.91691289,50.91548584],[3.91690757,50.91548776],[3.91686999,50.91544826],[3.91682945,50.9154632],[3.91686703,50.91550294]]]}},{"type":"Feature","id":"gebouw/Gebouw.18241757/0","properties":{"source":"Digitaal Vlaanderen Gebouwenregister","source_id":"gebouw/Gebouw.18241757/0","kind":"building","building":"official","height_m":8.85,"status":null},"geometry":{"type":"Polygon","coordinates":[[[3.91443389,50.91520745],[3.91448889,50.9151847],[3.91442409,50.91512103],[3.91434813,50.91515224],[3.91434351,50.91514774],[3.91430268,50.91516448],[3.91434136,50.91520219],[3.91437272,50.91523275],[3.91443389,50.91520745]]]}},{"type":"Feature","id":"gebouw/Gebouw.18241902/0","properties":{"source":"Digitaal Vlaanderen Gebouwenregister","source_id":"gebouw/Gebouw.18241902/0","kind":"building","building":"official","height_m":5.1,"status":null},"geometry":{"type":"Polygon","coordinates":[[[3.91437272,50.91523275],[3.91434136,50.91520219],[3.91430268,50.91516448],[3.91425717,50.9151832],[3.91426181,50.9151877],[3.91418571,50.91521896],[3.91425277,50.91528262],[3.91437272,50.91523275]]]}},{"type":"Feature","id":"gebouw/Gebouw.18242494/0","properties":{"source":"Digitaal Vlaanderen Gebouwenregister","source_id":"gebouw/Gebouw.18242494/0","kind":"building","building":"official","height_m":8.1,"status":null},"geometry":{"type":"Polygon","coordinates":[[[3.91611076,50.91409228],[3.91616609,50.91406277],[3.91623832,50.91402425],[3.91617774,50.91397816],[3.91617465,50.9139758],[3.91615494,50.91398633],[3.91603545,50.91405017],[3.91603696,50.91405133],[3.91609904,50.91409853],[3.91611076,50.91409228]]]}},{"type":"Feature","id":"gebouw/Gebouw.18496696/0","properties":{"source":"Digitaal Vlaanderen Gebouwenregister","source_id":"gebouw/Gebouw.18496696/0","kind":"building","building":"official","height_m":8.1,"status":null},"geometry":{"type":"Polygon","coordinates":[[[3.91687185,50.91426103],[3.91678733,50.91430663],[3.91668679,50.91423297],[3.91664472,50.91420215],[3.9166497,50.91419947],[3.91665733,50.91420496],[3.9167241,50.91416752],[3.91673635,50.91416065],[3.91687185,50.91426103]]]}},{"type":"Feature","id":"gebouw/Gebouw.18696214/0","properties":{"source":"Digitaal Vlaanderen Gebouwenregister","source_id":"gebouw/Gebouw.18696214/0","kind":"building","building":"official","height_m":8.1,"status":null},"geometry":{"type":"Polygon","coordinates":[[[3.91686966,50.91657293],[3.91679662,50.91654325],[3.9168274,50.91651297],[3.91670644,50.91646383],[3.91670331,50.9164669],[3.91664143,50.91644176],[3.91673564,50.91634911],[3.91679727,50.91637474],[3.91679368,50.91637851],[3.91685171,50.91640274],[3.91685598,50.91639974],[3.91691079,50.91642211],[3.91696745,50.91636818],[3.91705328,50.9164035],[3.91686966,50.91657293]]]}},{"type":"Feature","id":"gebouw/Gebouw.18862070/0","properties":{"source":"Digitaal Vlaanderen Gebouwenregister","source_id":"gebouw/Gebouw.18862070/0","kind":"building","building":"official","height_m":6.6,"status":null},"geometry":{"type":"Polygon","coordinates":[[[3.91875817,50.91529127],[3.91884279,50.91523339],[3.91888694,50.91525612],[3.9188006,50.91531687],[3.91875817,50.91529127]]]}},{"type":"Feature","id":"gebouw/Gebouw.18862071/0","properties":{"source":"Digitaal Vlaanderen Gebouwenregister","source_id":"gebouw/Gebouw.18862071/0","kind":"building","building":"official","height_m":7.35,"status":null},"geometry":{"type":"Polygon","coordinates":[[[3.91695791,50.91577348],[3.91703155,50.91582201],[3.91697878,50.91585372],[3.91690493,50.91580732],[3.91695791,50.91577348]]]}},{"type":"Feature","id":"gebouw/Gebouw.18862072/0","properties":{"source":"Digitaal Vlaanderen Gebouwenregister","source_id":"gebouw/Gebouw.18862072/0","kind":"building","building":"official","height_m":8.1,"status":null},"geometry":{"type":"Polygon","coordinates":[[[3.91457678,50.91522768],[3.91457229,50.91522934],[3.91453391,50.91524344],[3.91450972,50.91521765],[3.91454943,50.9152028],[3.91457678,50.91522768]]]}},{"type":"Feature","id":"gebouw/Gebouw.18862073/0","properties":{"source":"Digitaal Vlaanderen Gebouwenregister","source_id":"gebouw/Gebouw.18862073/0","kind":"building","building":"official","height_m":8.85,"status":null},"geometry":{"type":"Polygon","coordinates":[[[3.91254372,50.91732774],[3.91247837,50.91729162],[3.91255342,50.91723737],[3.91261877,50.91727349],[3.91254372,50.91732774]]]}},{"type":"Feature","id":"gebouw/Gebouw.18862074/0","properties":{"source":"Digitaal Vlaanderen Gebouwenregister","source_id":"gebouw/Gebouw.18862074/0","kind":"building","building":"official","height_m":5.1,"status":null},"geometry":{"type":"Polygon","coordinates":[[[3.91235685,50.91711402],[3.91227519,50.91717164],[3.91222614,50.91714497],[3.91230641,50.91708755],[3.91235685,50.91711402]]]}},{"type":"Feature","id":"gebouw/Gebouw.18862621/0","properties":{"source":"Digitaal Vlaanderen Gebouwenregister","source_id":"gebouw/Gebouw.18862621/0","kind":"building","building":"official","height_m":5.85,"status":null},"geometry":{"type":"Polygon","coordinates":[[[3.91040258,50.91828531],[3.91035293,50.91833383],[3.91027293,50.91830455],[3.91029879,50.91827476],[3.91033597,50.91828814],[3.91035646,50.91826874],[3.91040258,50.91828531]]]}},{"type":"Feature","id":"gebouw/Gebouw.18862624/0","properties":{"source":"Digitaal Vlaanderen Gebouwenregister","source_id":"gebouw/Gebouw.18862624/0","kind":"building","building":"official","height_m":8.1,"status":null},"geometry":{"type":"Polygon","coordinates":[[[3.909888,50.91704633],[3.90984112,50.9170835],[3.90977276,50.91704918],[3.90981942,50.91701227],[3.909888,50.91704633]]]}},{"type":"Feature","id":"gebouw/Gebouw.18862629/0","properties":{"source":"Digitaal Vlaanderen Gebouwenregister","source_id":"gebouw/Gebouw.18862629/0","kind":"building","building":"official","height_m":7.35,"status":null},"geometry":{"type":"Polygon","coordinates":[[[3.91557267,50.91369683],[3.91559789,50.9137159],[3.91554825,50.91374146],[3.91552221,50.91372092],[3.91557267,50.91369683]]]}},{"type":"Feature","id":"gebouw/Gebouw.18862630/0","properties":{"source":"Digitaal Vlaanderen Gebouwenregister","source_id":"gebouw/Gebouw.18862630/0","kind":"building","building":"official","height_m":8.1,"status":null},"geometry":{"type":"Polygon","coordinates":[[[3.9155123,50.91416107],[3.91555177,50.91419163],[3.91550891,50.91421348],[3.91547122,50.91418189],[3.9155123,50.91416107]]]}},{"type":"Feature","id":"gebouw/Gebouw.18862631/0","properties":{"source":"Digitaal Vlaanderen Gebouwenregister","source_id":"gebouw/Gebouw.18862631/0","kind":"building","building":"official","height_m":8.85,"status":null},"geometry":{"type":"Polygon","coordinates":[[[3.91620255,50.91388291],[3.91611377,50.91392944],[3.91608584,50.91390816],[3.91617485,50.91386109],[3.91620255,50.91388291]]]}},{"type":"Feature","id":"gebouw/Gebouw.18862632/0","properties":{"source":"Digitaal Vlaanderen Gebouwenregister","source_id":"gebouw/Gebouw.18862632/0","kind":"building","building":"official","height_m":5.1,"status":null},"geometry":{"type":"Polygon","coordinates":[[[3.91634247,50.91397829],[3.91636995,50.91400085],[3.91631779,50.91402616],[3.91629099,50.91400478],[3.91634247,50.91397829]]]}},{"type":"Feature","id":"gebouw/Gebouw.18862634/0","properties":{"source":"Digitaal Vlaanderen Gebouwenregister","source_id":"gebouw/Gebouw.18862634/0","kind":"building","building":"official","height_m":6.6,"status":null},"geometry":{"type":"Polygon","coordinates":[[[3.91630491,50.91481445],[3.91633833,50.9148452],[3.91627651,50.9148713],[3.91624378,50.914841],[3.91630491,50.91481445]]]}},{"type":"Feature","id":"gebouw/Gebouw.18862635/0","properties":{"source":"Digitaal Vlaanderen Gebouwenregister","source_id":"gebouw/Gebouw.18862635/0","kind":"building","building":"official","height_m":7.35,"status":null},"geometry":{"type":"Polygon","coordinates":[[[3.91603945,50.91464107],[3.916126,50.91471137],[3.91607843,50.91473284],[3.91599533,50.91466148],[3.91603945,50.91464107]]]}},{"type":"Feature","id":"gebouw/Gebouw.19298580/0","properties":{"source":"Digitaal Vlaanderen Gebouwenregister","source_id":"gebouw/Gebouw.19298580/0","kind":"building","building":"official","height_m":5.1,"status":null},"geometry":{"type":"Polygon","coordinates":[[[3.91683117,50.91385417],[3.91674453,50.91390081],[3.91674017,50.91390316],[3.91665905,50.91394683],[3.91653891,50.91385811],[3.9166233,50.91381263],[3.91662937,50.91380936],[3.91671124,50.91376524],[3.91683117,50.91385417]]]}},{"type":"Feature","id":"gebouw/Gebouw.19335142/0","properties":{"source":"Digitaal Vlaanderen Gebouwenregister","source_id":"gebouw/Gebouw.19335142/0","kind":"building","building":"official","height_m":8.1,"status":null},"geometry":{"type":"Polygon","coordinates":[[[3.91691806,50.91380724],[3.91686228,50.91383736],[3.91683116,50.91385417],[3.91671124,50.91376524],[3.91674951,50.91374461],[3.91679793,50.91371852],[3.91691806,50.91380724]]]}},{"type":"Feature","id":"gebouw/Gebouw.19691651/0","properties":{"source":"Digitaal Vlaanderen Gebouwenregister","source_id":"gebouw/Gebouw.19691651/0","kind":"building","building":"official","height_m":8.85,"status":null},"geometry":{"type":"Polygon","coordinates":[[[3.90991229,50.91940122],[3.91036006,50.91958277],[3.91055693,50.91966258],[3.910817,50.91976802],[3.91078283,50.9198017],[3.91065204,50.91993059],[3.91039197,50.91982515],[3.91033635,50.9198026],[3.9101951,50.91974533],[3.91026483,50.9196766],[3.90984692,50.91950716],[3.90958659,50.91940161],[3.90968181,50.91930777],[3.90991229,50.91940122]]]}},{"type":"Feature","id":"gebouw/Gebouw.19691652/0","properties":{"source":"Digitaal Vlaanderen Gebouwenregister","source_id":"gebouw/Gebouw.19691652/0","kind":"building","building":"official","height_m":5.1,"status":null},"geometry":{"type":"Polygon","coordinates":[[[3.91039197,50.91982515],[3.91029209,50.91992356],[3.91064,50.92006462],[3.91051202,50.92019074],[3.90996725,50.91996987],[3.9101951,50.91974533],[3.91033635,50.9198026],[3.91039197,50.91982515]]]}},{"type":"Feature","id":"gebouw/Gebouw.19691967/0","properties":{"source":"Digitaal Vlaanderen Gebouwenregister","source_id":"gebouw/Gebouw.19691967/0","kind":"building","building":"official","height_m":7.35,"status":null},"geometry":{"type":"Polygon","coordinates":[[[3.91718076,50.91537395],[3.91722103,50.91535785],[3.91723913,50.91535062],[3.91727289,50.91533712],[3.91717228,50.91523448],[3.91712697,50.91525237],[3.91710327,50.91521755],[3.91710926,50.91521572],[3.91710316,50.91520795],[3.91715382,50.91519086],[3.91715821,50.91519447],[3.91716958,50.91519058],[3.91714174,50.91516536],[3.91701419,50.91521046],[3.91705253,50.91524945],[3.91708048,50.91527788],[3.9171766,50.91537562],[3.91718076,50.91537395]]]}},{"type":"Feature","id":"gebouw/Gebouw.19691968/0","properties":{"source":"Digitaal Vlaanderen Gebouwenregister","source_id":"gebouw/Gebouw.19691968/0","kind":"building","building":"official","height_m":8.1,"status":null},"geometry":{"type":"Polygon","coordinates":[[[3.91714174,50.91516536],[3.9171173,50.91514321],[3.91699227,50.91518818],[3.91701419,50.91521046],[3.91714174,50.91516536]]]}},{"type":"Feature","id":"gebouw/Gebouw.19700404/0","properties":{"source":"Digitaal Vlaanderen Gebouwenregister","source_id":"gebouw/Gebouw.19700404/0","kind":"building","building":"official","height_m":8.1,"status":null},"geometry":{"type":"Polygon","coordinates":[[[3.9105205,50.91843055],[3.91049727,50.91845325],[3.91039204,50.91841021],[3.91046781,50.91833265],[3.91050217,50.91834678],[3.9105592,50.91828901],[3.91044612,50.91824276],[3.91050417,50.91818604],[3.91069209,50.9182629],[3.91056684,50.91838528],[3.9105205,50.91843055]]]}},{"type":"Feature","id":"gebouw/Gebouw.19700405/0","properties":{"source":"Digitaal Vlaanderen Gebouwenregister","source_id":"gebouw/Gebouw.19700405/0","kind":"building","building":"official","height_m":8.85,"status":null},"geometry":{"type":"Polygon","coordinates":[[[3.91056684,50.91838528],[3.91059593,50.91839717],[3.91054959,50.91844244],[3.9105205,50.91843055],[3.91056684,50.91838528]]]}},{"type":"Feature","id":"gebouw/Gebouw.19700746/0","properties":{"source":"Digitaal Vlaanderen Gebouwenregister","source_id":"gebouw/Gebouw.19700746/0","kind":"building","building":"official","height_m":8.1,"status":null},"geometry":{"type":"Polygon","coordinates":[[[3.91120182,50.91812416],[3.91118055,50.91814308],[3.91112586,50.91819171],[3.9110877,50.91817236],[3.91058975,50.91791988],[3.91063479,50.9178829],[3.91066912,50.91785471],[3.91116319,50.91810462],[3.91116861,50.91810737],[3.91120182,50.91812416]]]}},{"type":"Feature","id":"gebouw/Gebouw.19700747/0","properties":{"source":"Digitaal Vlaanderen Gebouwenregister","source_id":"gebouw/Gebouw.19700747/0","kind":"building","building":"official","height_m":8.85,"status":null},"geometry":{"type":"Polygon","coordinates":[[[3.91063479,50.9178829],[3.91066912,50.91785471],[3.91052862,50.91778364],[3.91044469,50.91774118],[3.91038063,50.91779333],[3.91038028,50.91779362],[3.91039444,50.91780085],[3.91036442,50.91782538],[3.91036424,50.91784378],[3.91046105,50.9178913],[3.91053116,50.9178318],[3.91063479,50.9178829]]]}},{"type":"Feature","id":"gebouw/Gebouw.19710034/0","properties":{"source":"Digitaal Vlaanderen Gebouwenregister","source_id":"gebouw/Gebouw.19710034/0","kind":"building","building":"official","height_m":8.1,"status":null},"geometry":{"type":"Polygon","coordinates":[[[3.91619385,50.9148732],[3.91616846,50.91484776],[3.91604795,50.91488573],[3.9160578,50.91490201],[3.91606888,50.91491378],[3.91619385,50.9148732]]]}},{"type":"Feature","id":"gebouw/Gebouw.19710890/0","properties":{"source":"Digitaal Vlaanderen Gebouwenregister","source_id":"gebouw/Gebouw.19710890/0","kind":"building","building":"official","height_m":6.6,"status":null},"geometry":{"type":"Polygon","coordinates":[[[3.91653993,50.9161081],[3.91647523,50.91616961],[3.91637685,50.91612826],[3.91636679,50.91612404],[3.91637317,50.91611809],[3.91643417,50.91606119],[3.91653993,50.9161081]]]}},{"type":"Feature","id":"gebouw/Gebouw.19710928/0","properties":{"source":"Digitaal Vlaanderen Gebouwenregister","source_id":"gebouw/Gebouw.19710928/0","kind":"building","building":"official","height_m":8.1,"status":null},"geometry":{"type":"Polygon","coordinates":[[[3.91497979,50.91474742],[3.91497836,50.91474773],[3.91492573,50.91465271],[3.91509624,50.91461841],[3.91510213,50.91461723],[3.91510786,50.91462862],[3.91511612,50.91464503],[3.9151246,50.91464333],[3.91513064,50.91464211],[3.91516661,50.9147092],[3.91516698,50.91470989],[3.91515498,50.91471246],[3.91515466,50.9147118],[3.91510112,50.91472345],[3.91509393,50.91472502],[3.91509441,50.91472587],[3.91505289,50.9147351],[3.91505215,50.91473432],[3.91502818,50.91473951],[3.91502864,50.91474036],[3.91501638,50.91474303],[3.91501455,50.91473985],[3.91497979,50.91474742]]]}},{"type":"Feature","id":"gebouw/Gebouw.19710936/0","properties":{"source":"Digitaal Vlaanderen Gebouwenregister","source_id":"gebouw/Gebouw.19710936/0","kind":"building","building":"official","height_m":5.1,"status":null},"geometry":{"type":"Polygon","coordinates":[[[3.91637317,50.91611809],[3.91636679,50.91612404],[3.91637685,50.91612826],[3.91635714,50.91614863],[3.91634468,50.91616151],[3.91633185,50.91615663],[3.91629357,50.91614208],[3.91632804,50.91610153],[3.91637317,50.91611809]]]}},{"type":"Feature","id":"gebouw/Gebouw.19710937/0","properties":{"source":"Digitaal Vlaanderen Gebouwenregister","source_id":"gebouw/Gebouw.19710937/0","kind":"building","building":"official","height_m":5.85,"status":null},"geometry":{"type":"Polygon","coordinates":[[[3.91661585,50.91624432],[3.91659211,50.91626732],[3.91658633,50.91627291],[3.91649953,50.91623539],[3.91653923,50.91619603],[3.91656554,50.91620789],[3.91662982,50.91614802],[3.91668885,50.91617362],[3.91661585,50.91624432]]]}},{"type":"Feature","id":"gebouw/Gebouw.19710938/0","properties":{"source":"Digitaal Vlaanderen Gebouwenregister","source_id":"gebouw/Gebouw.19710938/0","kind":"building","building":"official","height_m":6.6,"status":null},"geometry":{"type":"Polygon","coordinates":[[[3.91649414,50.91629688],[3.91644856,50.91634416],[3.91641281,50.91632991],[3.91645719,50.9162839],[3.91649414,50.91629688]]]}},{"type":"Feature","id":"gebouw/Gebouw.19712788/0","properties":{"source":"Digitaal Vlaanderen Gebouwenregister","source_id":"gebouw/Gebouw.19712788/0","kind":"building","building":"official","height_m":8.1,"status":null},"geometry":{"type":"Polygon","coordinates":[[[3.9119125,50.91602984],[3.91186273,50.91605627],[3.91179367,50.91600428],[3.91183837,50.91598055],[3.91184344,50.91597786],[3.9119125,50.91602984]]]}},{"type":"Feature","id":"gebouw/Gebouw.19712789/0","properties":{"source":"Digitaal Vlaanderen Gebouwenregister","source_id":"gebouw/Gebouw.19712789/0","kind":"building","building":"official","height_m":8.85,"status":null},"geometry":{"type":"Polygon","coordinates":[[[3.91184344,50.91597786],[3.91188552,50.91595552],[3.91195458,50.9160075],[3.9119125,50.91602984],[3.91184344,50.91597786]]]}},{"type":"Feature","id":"gebouw/Gebouw.19713935/0","properties":{"source":"Digitaal Vlaanderen Gebouwenregister","source_id":"gebouw/Gebouw.19713935/0","kind":"building","building":"official","height_m":8.85,"status":null},"geometry":{"type":"Polygon","coordinates":[[[3.9158245,50.91428715],[3.91588437,50.91433476],[3.91584484,50.91435463],[3.91578618,50.91430796],[3.9158245,50.91428715]]]}},{"type":"Feature","id":"gebouw/Gebouw.19713936/0","properties":{"source":"Digitaal Vlaanderen Gebouwenregister","source_id":"gebouw/Gebouw.19713936/0","kind":"building","building":"official","height_m":5.1,"status":null},"geometry":{"type":"Polygon","coordinates":[[[3.91584822,50.91435732],[3.91581236,50.91437535],[3.91575105,50.91432659],[3.91578618,50.91430796],[3.91584484,50.91435463],[3.91584822,50.91435732]]]}},{"type":"Feature","id":"gebouw/Gebouw.19716843/0","properties":{"source":"Digitaal Vlaanderen Gebouwenregister","source_id":"gebouw/Gebouw.19716843/0","kind":"building","building":"official","height_m":7.35,"status":null},"geometry":{"type":"Polygon","coordinates":[[[3.91795166,50.91527637],[3.91786841,50.91532601],[3.91779884,50.91529119],[3.91778659,50.91528506],[3.917708,50.91524571],[3.91777831,50.91518973],[3.91782746,50.91521414],[3.91795166,50.91527637]]]}},{"type":"Feature","id":"gebouw/Gebouw.19716844/0","properties":{"source":"Digitaal Vlaanderen Gebouwenregister","source_id":"gebouw/Gebouw.19716844/0","kind":"building","building":"official","height_m":8.1,"status":null},"geometry":{"type":"Polygon","coordinates":[[[3.91778659,50.91528506],[3.91771284,50.91532912],[3.9176782,50.9153055],[3.91762781,50.91533307],[3.91758088,50.91529882],[3.91769145,50.91523542],[3.917708,50.91524571],[3.91778659,50.91528506]]]}},{"type":"Feature","id":"gebouw/Gebouw.19717884/0","properties":{"source":"Digitaal Vlaanderen Gebouwenregister","source_id":"gebouw/Gebouw.19717884/0","kind":"building","building":"official","height_m":5.1,"status":null},"geometry":{"type":"Polygon","coordinates":[[[3.91201065,50.91690211],[3.91200639,50.91690017],[3.91199555,50.9169071],[3.91197268,50.91689466],[3.91193014,50.91687154],[3.91186629,50.91683682],[3.91170917,50.91675139],[3.9118108,50.91667671],[3.9119257,50.91673723],[3.91195543,50.9167177],[3.91213347,50.91681336],[3.91212593,50.91681881],[3.91210037,50.91683727],[3.91201065,50.91690211]]]}},{"type":"Feature","id":"gebouw/Gebouw.19717885/0","properties":{"source":"Digitaal Vlaanderen Gebouwenregister","source_id":"gebouw/Gebouw.19717885/0","kind":"building","building":"official","height_m":5.85,"status":null},"geometry":{"type":"Polygon","coordinates":[[[3.91212593,50.91681881],[3.91218416,50.91684909],[3.91215577,50.91688459],[3.91211329,50.9168708],[3.91212645,50.91684976],[3.91210037,50.91683727],[3.91212593,50.91681881]]]}},{"type":"Feature","id":"gebouw/Gebouw.19720694/0","properties":{"source":"Digitaal Vlaanderen Gebouwenregister","source_id":"gebouw/Gebouw.19720694/0","kind":"building","building":"official","height_m":6.6,"status":null},"geometry":{"type":"Polygon","coordinates":[[[3.91167738,50.91738865],[3.91165697,50.91740344],[3.91163918,50.91741633],[3.91144247,50.91731199],[3.91140236,50.91734221],[3.91121491,50.91724278],[3.91127386,50.91719898],[3.91130182,50.91717821],[3.91133978,50.91719868],[3.91135323,50.91718826],[3.91133821,50.9171803],[3.91138258,50.91714718],[3.91145808,50.91718574],[3.91144024,50.9171997],[3.91147618,50.91721806],[3.91150004,50.9171994],[3.9115548,50.91722737],[3.91148506,50.91728192],[3.91167738,50.91738865]]]}},{"type":"Feature","id":"gebouw/Gebouw.19721143/0","properties":{"source":"Digitaal Vlaanderen Gebouwenregister","source_id":"gebouw/Gebouw.19721143/0","kind":"building","building":"official","height_m":5.85,"status":null},"geometry":{"type":"Polygon","coordinates":[[[3.91800329,50.914703],[3.91808277,50.91476207],[3.91816852,50.9148258],[3.91809973,50.91486532],[3.9180045,50.91479843],[3.91797763,50.91477955],[3.9179298,50.91474565],[3.91788589,50.91471453],[3.91795758,50.91467371],[3.91800329,50.914703]]]}},{"type":"Feature","id":"gebouw/Gebouw.19721144/0","properties":{"source":"Digitaal Vlaanderen Gebouwenregister","source_id":"gebouw/Gebouw.19721144/0","kind":"building","building":"official","height_m":6.6,"status":null},"geometry":{"type":"Polygon","coordinates":[[[3.9180045,50.91479843],[3.91798562,50.9148021],[3.91796887,50.91479124],[3.91797763,50.91477955],[3.9180045,50.91479843]]]}},{"type":"Feature","id":"gebouw/Gebouw.19776361/0","properties":{"source":"Digitaal Vlaanderen Gebouwenregister","source_id":"gebouw/Gebouw.19776361/0","kind":"building","building":"official","height_m":5.85,"status":null},"geometry":{"type":"Polygon","coordinates":[[[3.91871998,50.91448428],[3.91867522,50.91451931],[3.91862515,50.9145585],[3.9184179,50.91445321],[3.91866247,50.91426119],[3.91867542,50.91426794],[3.9187726,50.91419314],[3.91878737,50.91419981],[3.91895876,50.9140625],[3.91903009,50.91409734],[3.91911891,50.91402856],[3.9191469,50.91400689],[3.91919917,50.91396641],[3.91921299,50.91395571],[3.91932416,50.91403502],[3.9193257,50.91403612],[3.91915447,50.91417124],[3.919152,50.91417],[3.91913341,50.91416066],[3.91912008,50.91417113],[3.91896454,50.91429329],[3.91895479,50.91430094],[3.91895356,50.91430033],[3.91893444,50.91431526],[3.91877477,50.91443992],[3.91871877,50.91448365],[3.91871984,50.9144842],[3.91871998,50.91448428]]]}},{"type":"Feature","id":"gebouw/Gebouw.19776362/0","properties":{"source":"Digitaal Vlaanderen Gebouwenregister","source_id":"gebouw/Gebouw.19776362/0","kind":"building","building":"official","height_m":6.6,"status":null},"geometry":{"type":"Polygon","coordinates":[[[3.91934403,50.91401943],[3.91932416,50.91403502],[3.91921299,50.91395571],[3.91919917,50.91396641],[3.91902609,50.91386103],[3.91901415,50.91386948],[3.9189835,50.91385217],[3.91895278,50.91387391],[3.91891205,50.91385091],[3.91895559,50.9138201],[3.9189614,50.91381599],[3.91896888,50.91382051],[3.91898758,50.91383183],[3.91899407,50.91382771],[3.91901197,50.91381636],[3.91903576,50.91383136],[3.91911468,50.91377953],[3.91909192,50.91376567],[3.91900665,50.91371379],[3.91908457,50.91366131],[3.91908584,50.91366046],[3.91924863,50.91375974],[3.91930093,50.91379163],[3.91934858,50.9138207],[3.91934754,50.91382142],[3.91945038,50.91388388],[3.91948742,50.91390638],[3.91942051,50.91395948],[3.91939259,50.91394317],[3.91934973,50.91397066],[3.91938148,50.91399006],[3.91934403,50.91401943]],[[3.91924473,50.91389839],[3.91931022,50.91393939],[3.91937081,50.91389887],[3.91930222,50.9138586],[3.91924473,50.91389839]]]}},{"type":"Feature","id":"gebouw/Gebouw.19776363/0","properties":{"source":"Digitaal Vlaanderen Gebouwenregister","source_id":"gebouw/Gebouw.19776363/0","kind":"building","building":"official","height_m":7.35,"status":null},"geometry":{"type":"Polygon","coordinates":[[[3.91893963,50.91389109],[3.91893414,50.91389471],[3.91866172,50.9140742],[3.91854661,50.91400439],[3.91854439,50.91400305],[3.91871221,50.91388999],[3.91868193,50.91387111],[3.91877276,50.91381107],[3.91880514,50.9138294],[3.91881577,50.91382189],[3.91889249,50.91386475],[3.91893426,50.91388809],[3.91893963,50.91389109]]]}},{"type":"Feature","id":"gebouw/Gebouw.19954695/0","properties":{"source":"Digitaal Vlaanderen Gebouwenregister","source_id":"gebouw/Gebouw.19954695/0","kind":"building","building":"official","height_m":7.35,"status":null},"geometry":{"type":"Polygon","coordinates":[[[3.91310293,50.9150184],[3.91313011,50.9150385],[3.91305174,50.91508085],[3.91302469,50.91506084],[3.91298925,50.91503463],[3.91306762,50.91499228],[3.91310293,50.9150184]]]}},{"type":"Feature","id":"gebouw/Gebouw.19954696/0","properties":{"source":"Digitaal Vlaanderen Gebouwenregister","source_id":"gebouw/Gebouw.19954696/0","kind":"building","building":"official","height_m":8.1,"status":null},"geometry":{"type":"Polygon","coordinates":[[[3.91443512,50.91565641],[3.91438643,50.9156104],[3.91442884,50.91559246],[3.91447753,50.91563847],[3.91443512,50.91565641]]]}},{"type":"Feature","id":"gebouw/Gebouw.19954697/0","properties":{"source":"Digitaal Vlaanderen Gebouwenregister","source_id":"gebouw/Gebouw.19954697/0","kind":"building","building":"official","height_m":8.85,"status":null},"geometry":{"type":"Polygon","coordinates":[[[3.91432297,50.91551748],[3.91426598,50.9154547],[3.91432762,50.91543234],[3.91438461,50.91549512],[3.91432297,50.91551748]]]}},{"type":"Feature","id":"gebouw/Gebouw.19954698/0","properties":{"source":"Digitaal Vlaanderen Gebouwenregister","source_id":"gebouw/Gebouw.19954698/0","kind":"building","building":"official","height_m":5.1,"status":null},"geometry":{"type":"Polygon","coordinates":[[[3.91693508,50.91439997],[3.91687988,50.91435571],[3.91694502,50.91432324],[3.9169986,50.9143659],[3.91693508,50.91439997]]]}},{"type":"Feature","id":"gebouw/Gebouw.19955187/0","properties":{"source":"Digitaal Vlaanderen Gebouwenregister","source_id":"gebouw/Gebouw.19955187/0","kind":"building","building":"official","height_m":7.35,"status":null},"geometry":{"type":"Polygon","coordinates":[[[3.90998348,50.91847361],[3.91004535,50.91849843],[3.91006954,50.91847433],[3.91000767,50.91844952],[3.90998348,50.91847361]]]}},{"type":"Feature","id":"gebouw/Gebouw.19955188/0","properties":{"source":"Digitaal Vlaanderen Gebouwenregister","source_id":"gebouw/Gebouw.19955188/0","kind":"building","building":"official","height_m":8.1,"status":null},"geometry":{"type":"Polygon","coordinates":[[[3.90986945,50.91849445],[3.90989691,50.91846336],[3.90993854,50.91847805],[3.90991107,50.91850914],[3.90986945,50.91849445]]]}},{"type":"Feature","id":"gebouw/Gebouw.19955189/0","properties":{"source":"Digitaal Vlaanderen Gebouwenregister","source_id":"gebouw/Gebouw.19955189/0","kind":"building","building":"official","height_m":8.85,"status":null},"geometry":{"type":"Polygon","coordinates":[[[3.91786841,50.91532601],[3.91783506,50.91534589],[3.91777116,50.9153116],[3.91779884,50.91529119],[3.91786841,50.91532601]]]}},{"type":"Feature","id":"gebouw/Gebouw.19955190/0","properties":{"source":"Digitaal Vlaanderen Gebouwenregister","source_id":"gebouw/Gebouw.19955190/0","kind":"building","building":"official","height_m":5.1,"status":null},"geometry":{"type":"Polygon","coordinates":[[[3.91817174,50.9161586],[3.9182064,50.9161262],[3.91819643,50.91612174],[3.91812666,50.91609052],[3.91812185,50.91608837],[3.91811372,50.91609521],[3.91811383,50.91610138],[3.91811606,50.91611078],[3.91813782,50.91612102],[3.91814613,50.91612583],[3.91815401,50.91613552],[3.91815593,50.9161449],[3.91813184,50.91616827],[3.91815121,50.91617694],[3.91817174,50.9161586]]]}},{"type":"Feature","id":"gebouw/Gebouw.19955191/0","properties":{"source":"Digitaal Vlaanderen Gebouwenregister","source_id":"gebouw/Gebouw.19955191/0","kind":"building","building":"official","height_m":5.85,"status":null},"geometry":{"type":"Polygon","coordinates":[[[3.91617766,50.91661392],[3.91622406,50.91657227],[3.91625579,50.9165864],[3.91620939,50.91662804],[3.91617766,50.91661392]]]}},{"type":"Feature","id":"gebouw/Gebouw.19955192/0","properties":{"source":"Digitaal Vlaanderen Gebouwenregister","source_id":"gebouw/Gebouw.19955192/0","kind":"building","building":"official","height_m":6.6,"status":null},"geometry":{"type":"Polygon","coordinates":[[[3.91901419,50.91596264],[3.91906171,50.91598508],[3.91901074,50.91602822],[3.91896477,50.91600652],[3.91894995,50.91599952],[3.91900093,50.91595638],[3.91901419,50.91596264]]]}},{"type":"Feature","id":"gebouw/Gebouw.19955194/0","properties":{"source":"Digitaal Vlaanderen Gebouwenregister","source_id":"gebouw/Gebouw.19955194/0","kind":"building","building":"official","height_m":8.1,"status":null},"geometry":{"type":"Polygon","coordinates":[[[3.91538126,50.9140466],[3.91535063,50.91402382],[3.91541568,50.91398886],[3.91544632,50.91401165],[3.91538126,50.9140466]]]}},{"type":"Feature","id":"gebouw/Gebouw.19955195/0","properties":{"source":"Digitaal Vlaanderen Gebouwenregister","source_id":"gebouw/Gebouw.19955195/0","kind":"building","building":"official","height_m":8.85,"status":null},"geometry":{"type":"Polygon","coordinates":[[[3.91643048,50.91409212],[3.91647335,50.91406822],[3.91650236,50.91408901],[3.91645949,50.91411292],[3.91643048,50.91409212]]]}},{"type":"Feature","id":"gebouw/Gebouw.19956122/0","properties":{"source":"Digitaal Vlaanderen Gebouwenregister","source_id":"gebouw/Gebouw.19956122/0","kind":"building","building":"official","height_m":6.6,"status":null},"geometry":{"type":"Polygon","coordinates":[[[3.91857137,50.91534936],[3.91851406,50.91531657],[3.91856095,50.91528382],[3.91861826,50.91531662],[3.91857137,50.91534936]]]}},{"type":"Feature","id":"gebouw/Gebouw.19956269/0","properties":{"source":"Digitaal Vlaanderen Gebouwenregister","source_id":"gebouw/Gebouw.19956269/0","kind":"building","building":"official","height_m":8.85,"status":null},"geometry":{"type":"Polygon","coordinates":[[[3.91767176,50.91544326],[3.91758891,50.91549267],[3.91754808,50.9154653],[3.91763093,50.9154159],[3.91767176,50.91544326]]]}},{"type":"Feature","id":"gebouw/Gebouw.19956298/0","properties":{"source":"Digitaal Vlaanderen Gebouwenregister","source_id":"gebouw/Gebouw.19956298/0","kind":"building","building":"official","height_m":8.1,"status":null},"geometry":{"type":"Polygon","coordinates":[[[3.91533971,50.91502445],[3.91532551,50.91499798],[3.91537912,50.91498649],[3.91539331,50.91501296],[3.91533971,50.91502445]]]}},{"type":"Feature","id":"gebouw/Gebouw.19956301/0","properties":{"source":"Digitaal Vlaanderen Gebouwenregister","source_id":"gebouw/Gebouw.19956301/0","kind":"building","building":"official","height_m":5.85,"status":null},"geometry":{"type":"Polygon","coordinates":[[[3.91077568,50.91780141],[3.91066197,50.91774369],[3.91061028,50.91771745],[3.91051608,50.91766963],[3.91046616,50.91771047],[3.9104377,50.91773375],[3.91043467,50.91773622],[3.91043753,50.91773763],[3.91044469,50.91774118],[3.91052862,50.91778364],[3.91057896,50.91774283],[3.91063145,50.91776871],[3.9106218,50.91777653],[3.9107372,50.91783292],[3.91077568,50.91780141]]]}},{"type":"Feature","id":"gebouw/Gebouw.20001591/0","properties":{"source":"Digitaal Vlaanderen Gebouwenregister","source_id":"gebouw/Gebouw.20001591/0","kind":"building","building":"official","height_m":7.35,"status":null},"geometry":{"type":"Polygon","coordinates":[[[3.9187714,50.91376636],[3.91869806,50.91372102],[3.91864345,50.91375708],[3.91838561,50.91359821],[3.91830727,50.91364943],[3.91863924,50.91385181],[3.9187714,50.91376636]]]}},{"type":"Feature","id":"gebouw/Gebouw.20081443/0","properties":{"source":"Digitaal Vlaanderen Gebouwenregister","source_id":"gebouw/Gebouw.20081443/0","kind":"building","building":"official","height_m":5.85,"status":null},"geometry":{"type":"Polygon","coordinates":[[[3.91893963,50.91389109],[3.91893414,50.91389471],[3.91866172,50.9140742],[3.91854661,50.91400439],[3.91854438,50.91400305],[3.91871221,50.91388999],[3.91868193,50.91387111],[3.91877276,50.91381107],[3.91880514,50.9138294],[3.91881577,50.91382189],[3.91889249,50.91386475],[3.91893426,50.91388809],[3.91893963,50.91389109]]]}},{"type":"Feature","id":"gebouw/Gebouw.20723767/0","properties":{"source":"Digitaal Vlaanderen Gebouwenregister","source_id":"gebouw/Gebouw.20723767/0","kind":"building","building":"official","height_m":5.85,"status":null},"geometry":{"type":"Polygon","coordinates":[[[3.91167123,50.91612367],[3.91177054,50.91605896],[3.91190177,50.91613943],[3.91184024,50.91617948],[3.91187576,50.91620129],[3.91183794,50.91622591],[3.91167123,50.91612367]]]}},{"type":"Feature","id":"gebouw/Gebouw.20723768/0","properties":{"source":"Digitaal Vlaanderen Gebouwenregister","source_id":"gebouw/Gebouw.20723768/0","kind":"building","building":"official","height_m":6.6,"status":null},"geometry":{"type":"Polygon","coordinates":[[[3.91611198,50.91590651],[3.91602725,50.91586902],[3.91605925,50.91584015],[3.91604953,50.91583584],[3.91607311,50.91581456],[3.91603298,50.91579678],[3.91609344,50.91574222],[3.9161838,50.91578222],[3.91618047,50.91578522],[3.91622494,50.91580491],[3.91611198,50.91590651]]]}},{"type":"Feature","id":"gebouw/Gebouw.20723770/0","properties":{"source":"Digitaal Vlaanderen Gebouwenregister","source_id":"gebouw/Gebouw.20723770/0","kind":"building","building":"official","height_m":8.1,"status":null},"geometry":{"type":"Polygon","coordinates":[[[3.91681551,50.91552291],[3.91672882,50.91555584],[3.91667626,50.91550055],[3.91665963,50.91550686],[3.91663309,50.91547894],[3.9166238,50.91546917],[3.91672578,50.91543044],[3.91677833,50.9154846],[3.91681551,50.91552291]]]}},{"type":"Feature","id":"gebouw/Gebouw.20723863/0","properties":{"source":"Digitaal Vlaanderen Gebouwenregister","source_id":"gebouw/Gebouw.20723863/0","kind":"building","building":"official","height_m":5.85,"status":null},"geometry":{"type":"Polygon","coordinates":[[[3.91674639,50.91389981],[3.91674017,50.91390316],[3.91665905,50.91394683],[3.91653891,50.91385811],[3.91662628,50.91381103],[3.91674639,50.91389981]]]}},{"type":"Feature","id":"gebouw/Gebouw.20723864/0","properties":{"source":"Digitaal Vlaanderen Gebouwenregister","source_id":"gebouw/Gebouw.20723864/0","kind":"building","building":"official","height_m":6.6,"status":null},"geometry":{"type":"Polygon","coordinates":[[[3.91683116,50.91385417],[3.91674639,50.91389981],[3.91662628,50.91381103],[3.91671124,50.91376524],[3.91683116,50.91385417]]]}},{"type":"Feature","id":"gebouw/Gebouw.20801986/0","properties":{"source":"Digitaal Vlaanderen Gebouwenregister","source_id":"gebouw/Gebouw.20801986/0","kind":"building","building":"official","height_m":8.1,"status":null},"geometry":{"type":"Polygon","coordinates":[[[3.91279521,50.91527818],[3.91279283,50.91527527],[3.9126814,50.915339],[3.91269023,50.91534512],[3.91283142,50.91544291],[3.91289742,50.91540309],[3.91279521,50.91527818]]]}},{"type":"Feature","id":"gebouw/Gebouw.20802024/0","properties":{"source":"Digitaal Vlaanderen Gebouwenregister","source_id":"gebouw/Gebouw.20802024/0","kind":"building","building":"official","height_m":5.1,"status":null},"geometry":{"type":"Polygon","coordinates":[[[3.91813817,50.91397138],[3.91816838,50.91402122],[3.91808876,50.91404051],[3.91805855,50.91399067],[3.91813817,50.91397138]]]}},{"type":"Feature","id":"gebouw/Gebouw.20802025/0","properties":{"source":"Digitaal Vlaanderen Gebouwenregister","source_id":"gebouw/Gebouw.20802025/0","kind":"building","building":"official","height_m":5.85,"status":null},"geometry":{"type":"Polygon","coordinates":[[[3.91811475,50.91407716],[3.91819323,50.91405492],[3.91822959,50.9141062],[3.91815111,50.91412844],[3.91811475,50.91407716]]]}},{"type":"Feature","id":"gebouw/Gebouw.20802026/0","properties":{"source":"Digitaal Vlaanderen Gebouwenregister","source_id":"gebouw/Gebouw.20802026/0","kind":"building","building":"official","height_m":6.6,"status":null},"geometry":{"type":"Polygon","coordinates":[[[3.91887301,50.91382771],[3.91892125,50.91379565],[3.91895168,50.91381395],[3.91890343,50.91384601],[3.91887301,50.91382771]]]}},{"type":"Feature","id":"gebouw/Gebouw.20802034/0","properties":{"source":"Digitaal Vlaanderen Gebouwenregister","source_id":"gebouw/Gebouw.20802034/0","kind":"building","building":"official","height_m":8.1,"status":null},"geometry":{"type":"Polygon","coordinates":[[[3.91630292,50.91372927],[3.9163498,50.91370359],[3.91643474,50.91376555],[3.91638788,50.91379123],[3.91636826,50.91377692],[3.91630292,50.91372927]]]}},{"type":"Feature","id":"gebouw/Gebouw.20802035/0","properties":{"source":"Digitaal Vlaanderen Gebouwenregister","source_id":"gebouw/Gebouw.20802035/0","kind":"building","building":"official","height_m":8.85,"status":null},"geometry":{"type":"Polygon","coordinates":[[[3.916581,50.91548855],[3.91653896,50.91544159],[3.91656481,50.91543234],[3.91660685,50.9154793],[3.916581,50.91548855]]]}},{"type":"Feature","id":"gebouw/Gebouw.20802036/0","properties":{"source":"Digitaal Vlaanderen Gebouwenregister","source_id":"gebouw/Gebouw.20802036/0","kind":"building","building":"official","height_m":5.1,"status":null},"geometry":{"type":"Polygon","coordinates":[[[3.91382573,50.91465409],[3.91381888,50.91462438],[3.91377228,50.9146279],[3.91377296,50.91463081],[3.91377931,50.91465836],[3.91382573,50.91465409]]]}},{"type":"Feature","id":"gebouw/Gebouw.20802037/0","properties":{"source":"Digitaal Vlaanderen Gebouwenregister","source_id":"gebouw/Gebouw.20802037/0","kind":"building","building":"official","height_m":5.85,"status":null},"geometry":{"type":"Polygon","coordinates":[[[3.91122918,50.91823478],[3.91118928,50.91821686],[3.91126238,50.91815182],[3.91130228,50.91816973],[3.91122918,50.91823478]]]}},{"type":"Feature","id":"gebouw/Gebouw.20803043/0","properties":{"source":"Digitaal Vlaanderen Gebouwenregister","source_id":"gebouw/Gebouw.20803043/0","kind":"building","building":"official","height_m":8.85,"status":null},"geometry":{"type":"Polygon","coordinates":[[[3.91897246,50.91552856],[3.91888527,50.91548579],[3.91888954,50.9154823],[3.91885947,50.91546755],[3.9188822,50.91544903],[3.9189122,50.91546374],[3.91892286,50.91545506],[3.91901014,50.91549788],[3.91897246,50.91552856]]]}},{"type":"Feature","id":"gebouw/Gebouw.20803045/0","properties":{"source":"Digitaal Vlaanderen Gebouwenregister","source_id":"gebouw/Gebouw.20803045/0","kind":"building","building":"official","height_m":5.85,"status":null},"geometry":{"type":"Polygon","coordinates":[[[3.91244793,50.91708608],[3.91247348,50.91706645],[3.91260459,50.91713464],[3.91262585,50.9171183],[3.91269196,50.91715268],[3.91265068,50.9171844],[3.91258563,50.91715056],[3.91258009,50.91715482],[3.91244793,50.91708608]]]}},{"type":"Feature","id":"gebouw/Gebouw.20803229/0","properties":{"source":"Digitaal Vlaanderen Gebouwenregister","source_id":"gebouw/Gebouw.20803229/0","kind":"building","building":"official","height_m":8.85,"status":null},"geometry":{"type":"Polygon","coordinates":[[[3.90988893,50.9186593],[3.90973981,50.91860155],[3.90974745,50.91859374],[3.90973671,50.91858954],[3.90979269,50.91853233],[3.90978174,50.91852804],[3.9097835,50.91852589],[3.9097947,50.91853028],[3.90983388,50.91849045],[3.90998746,50.91855066],[3.90999369,50.91856224],[3.90996682,50.91858815],[3.90995164,50.91858982],[3.90993798,50.91858604],[3.90990961,50.91861665],[3.90992327,50.91862268],[3.90988893,50.9186593]]]}},{"type":"Feature","id":"gebouw/Gebouw.20803231/0","properties":{"source":"Digitaal Vlaanderen Gebouwenregister","source_id":"gebouw/Gebouw.20803231/0","kind":"building","building":"official","height_m":5.85,"status":null},"geometry":{"type":"Polygon","coordinates":[[[3.90982224,50.91867613],[3.90984754,50.91865164],[3.90991444,50.91867927],[3.90989085,50.91870349],[3.90982224,50.91867613]]]}},{"type":"Feature","id":"gebouw/Gebouw.30883337/0","properties":{"source":"Digitaal Vlaanderen Gebouwenregister","source_id":"gebouw/Gebouw.30883337/0","kind":"building","building":"official","height_m":8.85,"status":null},"geometry":{"type":"Polygon","coordinates":[[[3.91649213,50.91684712],[3.91662079,50.91689536],[3.91657803,50.91694091],[3.91644937,50.91689267],[3.91649213,50.91684712]]]}},{"type":"Feature","id":"gebouw/Gebouw.30883338/0","properties":{"source":"Digitaal Vlaanderen Gebouwenregister","source_id":"gebouw/Gebouw.30883338/0","kind":"building","building":"official","height_m":5.1,"status":null},"geometry":{"type":"Polygon","coordinates":[[[3.92018447,50.91488577],[3.92010235,50.91484427],[3.92014587,50.9148099],[3.92022799,50.91485139],[3.92018447,50.91488577]]]}},{"type":"Feature","id":"gebouw/Gebouw.30883339/0","properties":{"source":"Digitaal Vlaanderen Gebouwenregister","source_id":"gebouw/Gebouw.30883339/0","kind":"building","building":"official","height_m":5.85,"status":null},"geometry":{"type":"Polygon","coordinates":[[[3.91809094,50.91395499],[3.91801355,50.9139748],[3.9179812,50.9139243],[3.9180586,50.91390449],[3.91809094,50.91395499]]]}},{"type":"Feature","id":"gebouw/Gebouw.31002185/0","properties":{"source":"Digitaal Vlaanderen Gebouwenregister","source_id":"gebouw/Gebouw.31002185/0","kind":"building","building":"official","height_m":8.85,"status":null},"geometry":{"type":"Polygon","coordinates":[[[3.92017856,50.91385009],[3.92021238,50.91382342],[3.92021591,50.91382063],[3.92027379,50.913775],[3.920222,50.91374775],[3.92021092,50.91374192],[3.92012626,50.91369738],[3.92010296,50.91368511],[3.92006925,50.91371063],[3.91989118,50.9138454],[3.91986713,50.9138328],[3.91983492,50.91385787],[3.920009,50.91394374],[3.92004039,50.91395923],[3.92004623,50.91395441],[3.92006235,50.91394171],[3.92006958,50.913936],[3.92011555,50.91389976],[3.92015121,50.91387165],[3.92017856,50.91385009]]]}},{"type":"Feature","id":"gebouw/Gebouw.31002187/0","properties":{"source":"Digitaal Vlaanderen Gebouwenregister","source_id":"gebouw/Gebouw.31002187/0","kind":"building","building":"official","height_m":5.85,"status":null},"geometry":{"type":"Polygon","coordinates":[[[3.92012626,50.91369738],[3.92021092,50.91374192],[3.920245,50.91371637],[3.92016078,50.91367149],[3.92012626,50.91369738]]]}},{"type":"Feature","id":"gebouw/Gebouw.31090058/0","properties":{"source":"Digitaal Vlaanderen Gebouwenregister","source_id":"gebouw/Gebouw.31090058/0","kind":"building","building":"official","height_m":6.6,"status":null},"geometry":{"type":"Polygon","coordinates":[[[3.91997338,50.9141536],[3.92000994,50.91412364],[3.9200186,50.91412786],[3.92015842,50.91401023],[3.92008263,50.91397331],[3.92007404,50.91396913],[3.92004623,50.91395441],[3.92004039,50.91395923],[3.91990565,50.91407012],[3.91969457,50.91396535],[3.91969314,50.91396464],[3.91965697,50.91399329],[3.9197846,50.9140608],[3.91978286,50.91406222],[3.91997174,50.91415495],[3.91997338,50.9141536]]]}},{"type":"Feature","id":"gebouw/Gebouw.31326738/0","properties":{"source":"Digitaal Vlaanderen Gebouwenregister","source_id":"gebouw/Gebouw.31326738/0","kind":"building","building":"official","height_m":5.1,"status":null},"geometry":{"type":"Polygon","coordinates":[[[3.91426039,50.91535022],[3.91422153,50.91536565],[3.91419117,50.9153351],[3.91423003,50.91531967],[3.91426039,50.91535022]]]}},{"type":"Feature","id":"gebouw/Gebouw.31326753/0","properties":{"source":"Digitaal Vlaanderen Gebouwenregister","source_id":"gebouw/Gebouw.31326753/0","kind":"building","building":"official","height_m":7.35,"status":null},"geometry":{"type":"Polygon","coordinates":[[[3.91729542,50.91453672],[3.9173395,50.91456976],[3.9172558,50.91461439],[3.91721172,50.91458134],[3.91729542,50.91453672]]]}},{"type":"Feature","id":"gebouw/Gebouw.31326780/0","properties":{"source":"Digitaal Vlaanderen Gebouwenregister","source_id":"gebouw/Gebouw.31326780/0","kind":"building","building":"official","height_m":5.1,"status":null},"geometry":{"type":"Polygon","coordinates":[[[3.9181625,50.9137189],[3.91822246,50.91368087],[3.91834711,50.91375941],[3.91828715,50.91379744],[3.9181625,50.9137189]]]}},{"type":"Feature","id":"gebouw/Gebouw.31328157/0","properties":{"source":"Digitaal Vlaanderen Gebouwenregister","source_id":"gebouw/Gebouw.31328157/0","kind":"building","building":"official","height_m":7.35,"status":null},"geometry":{"type":"Polygon","coordinates":[[[3.91633722,50.91456646],[3.91623016,50.91461732],[3.91620574,50.91459678],[3.9161168,50.91452054],[3.91616934,50.91449577],[3.91617749,50.9145018],[3.91622023,50.914483],[3.91628172,50.91453473],[3.91629322,50.91452945],[3.91633722,50.91456646]]]}},{"type":"Feature","id":"gebouw/Gebouw.31328159/0","properties":{"source":"Digitaal Vlaanderen Gebouwenregister","source_id":"gebouw/Gebouw.31328159/0","kind":"building","building":"official","height_m":8.85,"status":null},"geometry":{"type":"Polygon","coordinates":[[[3.91623971,50.9146259],[3.91632322,50.9146973],[3.91634487,50.91468721],[3.9162615,50.91461574],[3.91623971,50.9146259]]]}},{"type":"Feature","id":"gebouw/Gebouw.31603725/0","properties":{"source":"Digitaal Vlaanderen Gebouwenregister","source_id":"gebouw/Gebouw.31603725/0","kind":"building","building":"official","height_m":7.35,"status":null},"geometry":{"type":"Polygon","coordinates":[[[3.9148326,50.91513065],[3.91494205,50.91508569],[3.91487774,50.91502146],[3.91487612,50.91501987],[3.91486281,50.91502515],[3.914698,50.9150938],[3.91472303,50.91511913],[3.91473874,50.91511289],[3.91477568,50.91514963],[3.9148326,50.91513065]]]}},{"type":"Feature","id":"gebouw/Gebouw.31603727/0","properties":{"source":"Digitaal Vlaanderen Gebouwenregister","source_id":"gebouw/Gebouw.31603727/0","kind":"building","building":"official","height_m":8.85,"status":null},"geometry":{"type":"Polygon","coordinates":[[[3.91486281,50.91502515],[3.9148049,50.91496711],[3.9147623,50.91498477],[3.91475768,50.91498019],[3.91464919,50.91502381],[3.91468429,50.91505852],[3.91466864,50.91506483],[3.914698,50.9150938],[3.91486281,50.91502515]]]}},{"type":"Feature","id":"gebouw/Gebouw.31682188/0","properties":{"source":"Digitaal Vlaanderen Gebouwenregister","source_id":"gebouw/Gebouw.31682188/0","kind":"building","building":"official","height_m":8.1,"status":null},"geometry":{"type":"Polygon","coordinates":[[[3.91619875,50.9152],[3.9161986,50.91519987],[3.91619703,50.91519848],[3.91616366,50.91521434],[3.91613854,50.91519321],[3.91612645,50.91519894],[3.91609535,50.91517275],[3.91597498,50.91522987],[3.91600082,50.91525161],[3.915996,50.91525371],[3.91602876,50.91528066],[3.91602887,50.91528075],[3.91619875,50.9152]]]}},{"type":"Feature","id":"gebouw/Gebouw.31682189/0","properties":{"source":"Digitaal Vlaanderen Gebouwenregister","source_id":"gebouw/Gebouw.31682189/0","kind":"building","building":"official","height_m":8.85,"status":null},"geometry":{"type":"Polygon","coordinates":[[[3.91619875,50.9152],[3.91602887,50.91528075],[3.91605883,50.91530586],[3.91606353,50.91530388],[3.91609296,50.91532875],[3.91622451,50.91526635],[3.9161995,50.91524528],[3.91623363,50.9152291],[3.91619875,50.9152]]]}},{"type":"Feature","id":"gebouw/Gebouw.31682190/0","properties":{"source":"Digitaal Vlaanderen Gebouwenregister","source_id":"gebouw/Gebouw.31682190/0","kind":"building","building":"official","height_m":5.1,"status":null},"geometry":{"type":"Polygon","coordinates":[[[3.91667089,50.91522774],[3.91681425,50.91516836],[3.91669303,50.9150514],[3.91654967,50.91511078],[3.91667089,50.91522774]]]}},{"type":"Feature","id":"gebouw/Gebouw.31844667/0","properties":{"source":"Digitaal Vlaanderen Gebouwenregister","source_id":"gebouw/Gebouw.31844667/0","kind":"building","building":"official","height_m":7.35,"status":null},"geometry":{"type":"Polygon","coordinates":[[[3.91262302,50.91482132],[3.91251163,50.91486039],[3.91253601,50.91488817],[3.91263868,50.91485216],[3.9126474,50.9148491],[3.91263279,50.91483245],[3.91262302,50.91482132]]]}},{"type":"Feature","id":"gebouw/Gebouw.31844786/0","properties":{"source":"Digitaal Vlaanderen Gebouwenregister","source_id":"gebouw/Gebouw.31844786/0","kind":"building","building":"official","height_m":6.6,"status":null},"geometry":{"type":"Polygon","coordinates":[[[3.91059218,50.92041067],[3.91064237,50.92035355],[3.91060056,50.92033887],[3.91055036,50.92039599],[3.91059218,50.92041067]]]}},{"type":"Feature","id":"gebouw/Gebouw.31844798/0","properties":{"source":"Digitaal Vlaanderen Gebouwenregister","source_id":"gebouw/Gebouw.31844798/0","kind":"building","building":"official","height_m":6.6,"status":null},"geometry":{"type":"Polygon","coordinates":[[[3.91812666,50.91609052],[3.91819643,50.91612174],[3.91822703,50.9160944],[3.91815726,50.91606319],[3.91812666,50.91609052]]]}},{"type":"Feature","id":"gebouw/Gebouw.31844818/0","properties":{"source":"Digitaal Vlaanderen Gebouwenregister","source_id":"gebouw/Gebouw.31844818/0","kind":"building","building":"official","height_m":8.1,"status":null},"geometry":{"type":"Polygon","coordinates":[[[3.91291155,50.91722123],[3.91296726,50.91725424],[3.91299652,50.9172345],[3.9129408,50.9172015],[3.91291155,50.91722123]]]}},{"type":"Feature","id":"gebouw/Gebouw.31844833/0","properties":{"source":"Digitaal Vlaanderen Gebouwenregister","source_id":"gebouw/Gebouw.31844833/0","kind":"building","building":"official","height_m":5.85,"status":null},"geometry":{"type":"Polygon","coordinates":[[[3.91512296,50.91541391],[3.91517898,50.91541645],[3.91518367,50.91537503],[3.91512766,50.91537249],[3.91512296,50.91541391]]]}},{"type":"Feature","id":"gebouw/Gebouw.31844843/0","properties":{"source":"Digitaal Vlaanderen Gebouwenregister","source_id":"gebouw/Gebouw.31844843/0","kind":"building","building":"official","height_m":8.85,"status":null},"geometry":{"type":"Polygon","coordinates":[[[3.91144322,50.91567237],[3.91137931,50.91563105],[3.91134456,50.91565252],[3.91140847,50.91569385],[3.91144322,50.91567237]]]}},{"type":"Feature","id":"gebouw/Gebouw.31844978/0","properties":{"source":"Digitaal Vlaanderen Gebouwenregister","source_id":"gebouw/Gebouw.31844978/0","kind":"building","building":"official","height_m":6.6,"status":null},"geometry":{"type":"Polygon","coordinates":[[[3.91042856,50.91703542],[3.91030193,50.91697291],[3.91025644,50.91700973],[3.91038307,50.91707224],[3.91042856,50.91703542]]]}},{"type":"Feature","id":"gebouw/Gebouw.31844994/0","properties":{"source":"Digitaal Vlaanderen Gebouwenregister","source_id":"gebouw/Gebouw.31844994/0","kind":"building","building":"official","height_m":5.1,"status":null},"geometry":{"type":"Polygon","coordinates":[[[3.91057151,50.91656482],[3.91046142,50.91650885],[3.91042595,50.91653673],[3.91053604,50.9165927],[3.91057151,50.91656482]]]}},{"type":"Feature","id":"gebouw/Gebouw.31845025/0","properties":{"source":"Digitaal Vlaanderen Gebouwenregister","source_id":"gebouw/Gebouw.31845025/0","kind":"building","building":"official","height_m":5.85,"status":null},"geometry":{"type":"Polygon","coordinates":[[[3.91143182,50.9160035],[3.91156808,50.91608571],[3.91160806,50.91605924],[3.9114718,50.91597703],[3.91143182,50.9160035]]]}},{"type":"Feature","id":"gebouw/Gebouw.31845066/0","properties":{"source":"Digitaal Vlaanderen Gebouwenregister","source_id":"gebouw/Gebouw.31845066/0","kind":"building","building":"official","height_m":5.1,"status":null},"geometry":{"type":"Polygon","coordinates":[[[3.9118445,50.91917918],[3.91192027,50.91913368],[3.91188094,50.91910751],[3.91180518,50.91915301],[3.9118445,50.91917918]]]}},{"type":"Feature","id":"gebouw/Gebouw.31845071/0","properties":{"source":"Digitaal Vlaanderen Gebouwenregister","source_id":"gebouw/Gebouw.31845071/0","kind":"building","building":"official","height_m":8.85,"status":null},"geometry":{"type":"Polygon","coordinates":[[[3.91556077,50.91419198],[3.91552825,50.91416764],[3.91544315,50.91421307],[3.91547523,50.91423708],[3.91556077,50.91419198]]]}},{"type":"Feature","id":"gebouw/Gebouw.31845139/0","properties":{"source":"Digitaal Vlaanderen Gebouwenregister","source_id":"gebouw/Gebouw.31845139/0","kind":"building","building":"official","height_m":5.85,"status":null},"geometry":{"type":"Polygon","coordinates":[[[3.91125665,50.9159677],[3.91129736,50.91593726],[3.91126316,50.91591898],[3.91122245,50.91594943],[3.91125665,50.9159677]]]}},{"type":"Feature","id":"gebouw/Gebouw.31845148/0","properties":{"source":"Digitaal Vlaanderen Gebouwenregister","source_id":"gebouw/Gebouw.31845148/0","kind":"building","building":"official","height_m":8.1,"status":null},"geometry":{"type":"Polygon","coordinates":[[[3.91696731,50.91485496],[3.91692017,50.91487395],[3.91694272,50.91489631],[3.91698986,50.91487732],[3.91696731,50.91485496]]]}},{"type":"Feature","id":"gebouw/Gebouw.31845201/0","properties":{"source":"Digitaal Vlaanderen Gebouwenregister","source_id":"gebouw/Gebouw.31845201/0","kind":"building","building":"official","height_m":7.35,"status":null},"geometry":{"type":"Polygon","coordinates":[[[3.91086164,50.92025366],[3.91079875,50.92032755],[3.91084892,50.92034461],[3.91091181,50.92027072],[3.91086164,50.92025366]]]}},{"type":"Feature","id":"gebouw/Gebouw.31845255/0","properties":{"source":"Digitaal Vlaanderen Gebouwenregister","source_id":"gebouw/Gebouw.31845255/0","kind":"building","building":"official","height_m":7.35,"status":null},"geometry":{"type":"Polygon","coordinates":[[[3.91257185,50.91528788],[3.91253223,50.91531188],[3.91256506,50.91533354],[3.91260468,50.91530954],[3.91257185,50.91528788]]]}},{"type":"Feature","id":"gebouw/Gebouw.31845283/0","properties":{"source":"Digitaal Vlaanderen Gebouwenregister","source_id":"gebouw/Gebouw.31845283/0","kind":"building","building":"official","height_m":5.85,"status":null},"geometry":{"type":"Polygon","coordinates":[[[3.91368477,50.91953751],[3.91357776,50.91949369],[3.91356784,50.91950337],[3.9135427,50.9195279],[3.91362172,50.91956025],[3.91364971,50.91957172],[3.91367316,50.91954884],[3.91368477,50.91953751]]]}},{"type":"Feature","id":"gebouw/Gebouw.31845294/0","properties":{"source":"Digitaal Vlaanderen Gebouwenregister","source_id":"gebouw/Gebouw.31845294/0","kind":"building","building":"official","height_m":5.1,"status":null},"geometry":{"type":"Polygon","coordinates":[[[3.91635917,50.91613115],[3.9163132,50.91611438],[3.91623811,50.91619664],[3.91629299,50.91621666],[3.91635567,50.916148],[3.91636808,50.9161344],[3.91635917,50.91613115]]]}},{"type":"Feature","id":"gebouw/Gebouw.31845374/0","properties":{"source":"Digitaal Vlaanderen Gebouwenregister","source_id":"gebouw/Gebouw.31845374/0","kind":"building","building":"official","height_m":6.6,"status":null},"geometry":{"type":"Polygon","coordinates":[[[3.9121508,50.91587017],[3.91214143,50.91586417],[3.91210338,50.9158398],[3.91206072,50.91581248],[3.91203202,50.9157941],[3.91198014,50.91582812],[3.91208015,50.91589389],[3.91209594,50.91588582],[3.91211062,50.91589523],[3.9121508,50.91587017]]]}},{"type":"Feature","id":"gebouw/Gebouw.31845416/0","properties":{"source":"Digitaal Vlaanderen Gebouwenregister","source_id":"gebouw/Gebouw.31845416/0","kind":"building","building":"official","height_m":6.6,"status":null},"geometry":{"type":"Polygon","coordinates":[[[3.9160944,50.91630872],[3.91602886,50.91627996],[3.9159845,50.91632034],[3.91597043,50.91633316],[3.91604058,50.91636395],[3.91604976,50.91636797],[3.91606298,50.91635594],[3.91610819,50.91631477],[3.9160944,50.91630872]]]}},{"type":"Feature","id":"gebouw/Gebouw.31845493/0","properties":{"source":"Digitaal Vlaanderen Gebouwenregister","source_id":"gebouw/Gebouw.31845493/0","kind":"building","building":"official","height_m":5.85,"status":null},"geometry":{"type":"Polygon","coordinates":[[[3.91713204,50.91575846],[3.91709729,50.9157791],[3.91713061,50.91580151],[3.91716536,50.91578087],[3.91713204,50.91575846]]]}},{"type":"Feature","id":"gebouw/Gebouw.32034804/0","properties":{"source":"Digitaal Vlaanderen Gebouwenregister","source_id":"gebouw/Gebouw.32034804/0","kind":"building","building":"official","height_m":5.1,"status":null},"geometry":{"type":"Polygon","coordinates":[[[3.91142025,50.9173927],[3.91142127,50.91739326],[3.91149055,50.9174312],[3.91150715,50.91743994],[3.91154308,50.91741372],[3.91145646,50.91736628],[3.91142025,50.9173927]]]}},{"type":"Feature","id":"way/163561813","properties":{"source":"OpenStreetMap","source_id":"way/163561813","kind":"vegetation","landuse":"orchard","natural":null,"name":null},"geometry":{"type":"Polygon","coordinates":[[[3.9134415,50.9178976],[3.9129918,50.9176655],[3.9128911,50.9177465],[3.9127647,50.9176853],[3.912606,50.9178167],[3.9128964,50.9179707],[3.9125648,50.9181368],[3.9128653,50.9182834],[3.9129482,50.9182099],[3.9132845,50.9178747],[3.9134019,50.9179315],[3.9134415,50.9178976]]]}},{"type":"Feature","id":"way/163561814","properties":{"source":"OpenStreetMap","source_id":"way/163561814","kind":"vegetation","landuse":"forest","natural":null,"name":null},"geometry":{"type":"Polygon","coordinates":[[[3.9139222,50.9181464],[3.9137698,50.9180812],[3.9134175,50.9183329],[3.9136277,50.9183923],[3.9139222,50.9181464]]]}},{"type":"Feature","id":"way/163561817","properties":{"source":"OpenStreetMap","source_id":"way/163561817","kind":"vegetation","landuse":"forest","natural":null,"name":null},"geometry":{"type":"Polygon","coordinates":[[[3.9168521,50.9164916],[3.9166336,50.9166927],[3.9166191,50.9168234],[3.9163747,50.9166925],[3.9168521,50.9164916]]]}},{"type":"Feature","id":"way/163561835","properties":{"source":"OpenStreetMap","source_id":"way/163561835","kind":"vegetation","landuse":"forest","natural":null,"name":null},"geometry":{"type":"Polygon","coordinates":[[[3.9156291,50.9162929],[3.9147724,50.9169606],[3.9145758,50.9168438],[3.9143866,50.916541],[3.9144745,50.9164937],[3.9147956,50.9166863],[3.9155381,50.9161268],[3.9156291,50.9162929]]]}},{"type":"Feature","id":"way/163561844","properties":{"source":"OpenStreetMap","source_id":"way/163561844","kind":"vegetation","landuse":"forest","natural":null,"name":null},"geometry":{"type":"Polygon","coordinates":[[[3.9202568,50.9157359],[3.9197106,50.9162232],[3.9201303,50.916457],[3.9204855,50.9166537],[3.9208022,50.9168376],[3.921276,50.9170623],[3.9211309,50.917179],[3.9209439,50.9170341],[3.9207835,50.9170949],[3.9204173,50.9172147],[3.9196179,50.9173048],[3.9195249,50.9172513],[3.9194587,50.9172153],[3.919372,50.91718],[3.9191246,50.9171004],[3.9189538,50.9170528],[3.9189028,50.9170349],[3.9195084,50.9164934],[3.9194186,50.9164534],[3.9196074,50.9162854],[3.9194341,50.9162081],[3.9194848,50.9161591],[3.9192398,50.9160562],[3.9197384,50.915666],[3.9200158,50.9158031],[3.920166,50.9156593],[3.9202568,50.9157359]]]}},{"type":"Feature","id":"way/1009739027","properties":{"source":"OpenStreetMap","source_id":"way/1009739027","kind":"water","name":null},"geometry":{"type":"Polygon","coordinates":[[[3.9125161,50.9203434],[3.9124896,50.9203387],[3.9124345,50.920322],[3.9123974,50.92031],[3.9123656,50.9202973],[3.9123285,50.9202806],[3.912301,50.9202653],[3.9122893,50.9202532],[3.9122925,50.9202352],[3.9123063,50.9202158],[3.9123381,50.9201938],[3.9123614,50.9201878],[3.9123847,50.9201871],[3.9124429,50.9202098],[3.9125118,50.9202405],[3.9125711,50.9202686],[3.9125817,50.9202833],[3.9125775,50.9202973],[3.9125362,50.9203421],[3.9125161,50.9203434]]]}}]}