{"type":"FeatureCollection","features":[{"type":"Feature","id":"gebouw/Gebouw.12910390/0","properties":{"source":"Digitaal Vlaanderen Gebouwenregister","source_id":"gebouw/Gebouw.12910390/0","kind":"building","building":"official","height_m":8.1,"status":null},"geometry":{"type":"Polygon","coordinates":[[[3.93650312,50.9000327],[3.93655589,50.89998686],[3.93659792,50.90000621],[3.93654516,50.90005205],[3.93650312,50.9000327]]]}},{"type":"Feature","id":"gebouw/Gebouw.12933833/0","properties":{"source":"Digitaal Vlaanderen Gebouwenregister","source_id":"gebouw/Gebouw.12933833/0","kind":"building","building":"official","height_m":8.85,"status":null},"geometry":{"type":"Polygon","coordinates":[[[3.93781289,50.90061803],[3.9377203,50.90058527],[3.93774715,50.90055483],[3.93775151,50.90054987],[3.93774361,50.90054709],[3.93780845,50.90047335],[3.93789542,50.90050347],[3.93790386,50.90049375],[3.93797573,50.9005191],[3.93797241,50.90052302],[3.93800141,50.90053219],[3.93793472,50.90061433],[3.93791425,50.90060722],[3.93789341,50.90063289],[3.93784687,50.90061673],[3.93783857,50.90062695],[3.93781289,50.90061803]]]}},{"type":"Feature","id":"gebouw/Gebouw.12935526/0","properties":{"source":"Digitaal Vlaanderen Gebouwenregister","source_id":"gebouw/Gebouw.12935526/0","kind":"building","building":"official","height_m":5.1,"status":null},"geometry":{"type":"Polygon","coordinates":[[[3.9376431,50.90017787],[3.93759363,50.90022348],[3.93739155,50.90013416],[3.93744159,50.9000908],[3.93746751,50.900102],[3.9376431,50.90017787]]]}},{"type":"Feature","id":"gebouw/Gebouw.12960772/0","properties":{"source":"Digitaal Vlaanderen Gebouwenregister","source_id":"gebouw/Gebouw.12960772/0","kind":"building","building":"official","height_m":8.1,"status":null},"geometry":{"type":"Polygon","coordinates":[[[3.93658844,50.90116964],[3.93659385,50.90116441],[3.93656724,50.90115413],[3.93658711,50.90113357],[3.93661488,50.90114648],[3.93662179,50.90113994],[3.93677072,50.90120344],[3.93673662,50.90123413],[3.9367193,50.90122659],[3.93664591,50.90119465],[3.93660385,50.90117635],[3.93658844,50.90116964]]]}},{"type":"Feature","id":"gebouw/Gebouw.12977371/0","properties":{"source":"Digitaal Vlaanderen Gebouwenregister","source_id":"gebouw/Gebouw.12977371/0","kind":"building","building":"official","height_m":5.85,"status":null},"geometry":{"type":"Polygon","coordinates":[[[3.93439731,50.89842598],[3.93439396,50.89842425],[3.93438881,50.89843205],[3.93425438,50.89835842],[3.93427639,50.89834235],[3.93426954,50.8983386],[3.93433705,50.89828929],[3.93435783,50.89830051],[3.93443008,50.89824884],[3.93455102,50.89831618],[3.93440451,50.89842084],[3.93439731,50.89842598]]]}},{"type":"Feature","id":"gebouw/Gebouw.12979844/0","properties":{"source":"Digitaal Vlaanderen Gebouwenregister","source_id":"gebouw/Gebouw.12979844/0","kind":"building","building":"official","height_m":6.6,"status":null},"geometry":{"type":"Polygon","coordinates":[[[3.9357507,50.89854142],[3.93570121,50.89860204],[3.93565481,50.89858925],[3.93569979,50.89853218],[3.9357507,50.89854142]]]}},{"type":"Feature","id":"gebouw/Gebouw.12980537/0","properties":{"source":"Digitaal Vlaanderen Gebouwenregister","source_id":"gebouw/Gebouw.12980537/0","kind":"building","building":"official","height_m":8.85,"status":null},"geometry":{"type":"Polygon","coordinates":[[[3.93728982,50.90007276],[3.93732314,50.90004226],[3.93717757,50.89997867],[3.93714539,50.90000813],[3.93717289,50.90002014],[3.93717175,50.90002119],[3.93728982,50.90007276]]]}},{"type":"Feature","id":"gebouw/Gebouw.12996831/0","properties":{"source":"Digitaal Vlaanderen Gebouwenregister","source_id":"gebouw/Gebouw.12996831/0","kind":"building","building":"official","height_m":7.35,"status":null},"geometry":{"type":"Polygon","coordinates":[[[3.93258466,50.89784272],[3.93252605,50.89788439],[3.93250487,50.89789941],[3.93244442,50.89786532],[3.93252428,50.89780867],[3.93258466,50.89784272]]]}},{"type":"Feature","id":"gebouw/Gebouw.12996962/0","properties":{"source":"Digitaal Vlaanderen Gebouwenregister","source_id":"gebouw/Gebouw.12996962/0","kind":"building","building":"official","height_m":6.6,"status":null},"geometry":{"type":"Polygon","coordinates":[[[3.93776181,50.90137322],[3.93767196,50.90133557],[3.93770922,50.90130269],[3.93779817,50.90134053],[3.93776181,50.90137322]]]}},{"type":"Feature","id":"gebouw/Gebouw.12997029/0","properties":{"source":"Digitaal Vlaanderen Gebouwenregister","source_id":"gebouw/Gebouw.12997029/0","kind":"building","building":"official","height_m":7.35,"status":null},"geometry":{"type":"Polygon","coordinates":[[[3.94055467,50.89718552],[3.94040777,50.89713819],[3.94041222,50.89713424],[3.94036673,50.8971194],[3.94043149,50.89703909],[3.94060039,50.89709658],[3.94056311,50.89714091],[3.94058593,50.89714879],[3.94055467,50.89718552]]]}},{"type":"Feature","id":"gebouw/Gebouw.13000743/0","properties":{"source":"Digitaal Vlaanderen Gebouwenregister","source_id":"gebouw/Gebouw.13000743/0","kind":"building","building":"official","height_m":7.35,"status":null},"geometry":{"type":"Polygon","coordinates":[[[3.93742492,50.90024967],[3.93737382,50.90033451],[3.93742711,50.90034712],[3.93740233,50.90038842],[3.93734575,50.90037517],[3.93732699,50.90041008],[3.93716757,50.90037331],[3.93720682,50.90030005],[3.93724237,50.90030812],[3.93729489,50.90021839],[3.93742492,50.90024967]]]}},{"type":"Feature","id":"gebouw/Gebouw.13001482/0","properties":{"source":"Digitaal Vlaanderen Gebouwenregister","source_id":"gebouw/Gebouw.13001482/0","kind":"building","building":"official","height_m":8.1,"status":null},"geometry":{"type":"Polygon","coordinates":[[[3.93354899,50.89506422],[3.93350508,50.89504606],[3.93353679,50.89501491],[3.9335807,50.89503307],[3.93354899,50.89506422]]]}},{"type":"Feature","id":"gebouw/Gebouw.13023832/0","properties":{"source":"Digitaal Vlaanderen Gebouwenregister","source_id":"gebouw/Gebouw.13023832/0","kind":"building","building":"official","height_m":8.1,"status":null},"geometry":{"type":"Polygon","coordinates":[[[3.93661042,50.90048722],[3.93653605,50.90046158],[3.93655788,50.90043626],[3.93661911,50.90045738],[3.93662433,50.90045132],[3.93663747,50.90045585],[3.93661042,50.90048722]]]}},{"type":"Feature","id":"gebouw/Gebouw.13024082/0","properties":{"source":"Digitaal Vlaanderen Gebouwenregister","source_id":"gebouw/Gebouw.13024082/0","kind":"building","building":"official","height_m":6.6,"status":null},"geometry":{"type":"Polygon","coordinates":[[[3.9321585,50.89501609],[3.93209308,50.89498964],[3.93215063,50.89493271],[3.93221605,50.89495916],[3.9321585,50.89501609]]]}},{"type":"Feature","id":"gebouw/Gebouw.13029441/0","properties":{"source":"Digitaal Vlaanderen Gebouwenregister","source_id":"gebouw/Gebouw.13029441/0","kind":"building","building":"official","height_m":7.35,"status":null},"geometry":{"type":"Polygon","coordinates":[[[3.93990785,50.8986234],[3.93998755,50.8985305],[3.93998835,50.89852957],[3.93982399,50.89847569],[3.9398171,50.89847343],[3.93981261,50.89847196],[3.93981326,50.89847116],[3.93970206,50.89843481],[3.9395993,50.89840122],[3.9395539,50.89845655],[3.93953761,50.89844971],[3.93951352,50.89847296],[3.93951443,50.89847325],[3.93967023,50.89852424],[3.93967839,50.89851375],[3.93982291,50.89855658],[3.93980182,50.8985846],[3.93976644,50.89857201],[3.93973064,50.89861412],[3.93976427,50.89862555],[3.93975243,50.89863948],[3.93986208,50.89867675],[3.93990785,50.8986234]]]}},{"type":"Feature","id":"gebouw/Gebouw.13043570/0","properties":{"source":"Digitaal Vlaanderen Gebouwenregister","source_id":"gebouw/Gebouw.13043570/0","kind":"building","building":"official","height_m":6.6,"status":null},"geometry":{"type":"Polygon","coordinates":[[[3.94098358,50.89572561],[3.94096708,50.89573779],[3.94094807,50.8957275],[3.9409644,50.89571514],[3.94098358,50.89572561]]]}},{"type":"Feature","id":"gebouw/Gebouw.13044075/0","properties":{"source":"Digitaal Vlaanderen Gebouwenregister","source_id":"gebouw/Gebouw.13044075/0","kind":"building","building":"official","height_m":7.35,"status":null},"geometry":{"type":"Polygon","coordinates":[[[3.94035255,50.89690742],[3.94032673,50.89693198],[3.94027451,50.89691003],[3.94030125,50.8968852],[3.94035255,50.89690742]]]}},{"type":"Feature","id":"gebouw/Gebouw.13044384/0","properties":{"source":"Digitaal Vlaanderen Gebouwenregister","source_id":"gebouw/Gebouw.13044384/0","kind":"building","building":"official","height_m":5.1,"status":null},"geometry":{"type":"Polygon","coordinates":[[[3.93180035,50.89526339],[3.93162193,50.89510804],[3.93160441,50.89509278],[3.93155257,50.89504797],[3.93155105,50.89504666],[3.93151588,50.89501626],[3.93143137,50.89505309],[3.93129262,50.89492882],[3.93104817,50.89503366],[3.93102033,50.8950456],[3.93102032,50.89504636],[3.9310195,50.89517498],[3.93111119,50.89521074],[3.93122492,50.89518957],[3.93139604,50.89511811],[3.93146439,50.89517752],[3.93133172,50.89523495],[3.93138673,50.89528699],[3.93141425,50.89527486],[3.93149756,50.89535609],[3.93152082,50.89534561],[3.93156461,50.89538483],[3.93181226,50.89527377],[3.93180035,50.89526339]],[[3.93136072,50.8950781],[3.93126945,50.89512148],[3.9312271,50.89508584],[3.93131838,50.89504246],[3.93136072,50.8950781]]]}},{"type":"Feature","id":"gebouw/Gebouw.13046303/0","properties":{"source":"Digitaal Vlaanderen Gebouwenregister","source_id":"gebouw/Gebouw.13046303/0","kind":"building","building":"official","height_m":8.85,"status":null},"geometry":{"type":"Polygon","coordinates":[[[3.93488776,50.89753159],[3.93493502,50.89754743],[3.93490736,50.89758044],[3.93486009,50.89756459],[3.93488776,50.89753159]]]}},{"type":"Feature","id":"gebouw/Gebouw.13048070/0","properties":{"source":"Digitaal Vlaanderen Gebouwenregister","source_id":"gebouw/Gebouw.13048070/0","kind":"building","building":"official","height_m":6.6,"status":null},"geometry":{"type":"Polygon","coordinates":[[[3.94116309,50.89876056],[3.94094825,50.89868085],[3.94109404,50.89852448],[3.94112926,50.89848669],[3.9412136,50.89851813],[3.94123033,50.89852437],[3.94121738,50.89853826],[3.94113881,50.89862254],[3.94121014,50.89864914],[3.94118091,50.89868049],[3.94122581,50.89869721],[3.94116521,50.8987604],[3.94116373,50.89875986],[3.94116309,50.89876056]]]}},{"type":"Feature","id":"gebouw/Gebouw.13067970/0","properties":{"source":"Digitaal Vlaanderen Gebouwenregister","source_id":"gebouw/Gebouw.13067970/0","kind":"building","building":"official","height_m":5.1,"status":null},"geometry":{"type":"Polygon","coordinates":[[[3.94054989,50.89665978],[3.94059323,50.89667121],[3.94064906,50.89662841],[3.94061165,50.89660953],[3.94054989,50.89665978]]]}},{"type":"Feature","id":"gebouw/Gebouw.13071905/0","properties":{"source":"Digitaal Vlaanderen Gebouwenregister","source_id":"gebouw/Gebouw.13071905/0","kind":"building","building":"official","height_m":8.85,"status":null},"geometry":{"type":"Polygon","coordinates":[[[3.93646633,50.89838447],[3.93636505,50.898354],[3.93638317,50.89833079],[3.93635721,50.89832268],[3.93637766,50.89829655],[3.93639847,50.89830272],[3.93646462,50.89821645],[3.93657028,50.89824598],[3.93646633,50.89838447]]]}},{"type":"Feature","id":"gebouw/Gebouw.13077842/0","properties":{"source":"Digitaal Vlaanderen Gebouwenregister","source_id":"gebouw/Gebouw.13077842/0","kind":"building","building":"official","height_m":6.6,"status":null},"geometry":{"type":"Polygon","coordinates":[[[3.93627508,50.89823909],[3.93635442,50.89826222],[3.93628975,50.89834729],[3.93621083,50.89832317],[3.93623644,50.89828966],[3.93624175,50.89828271],[3.93627508,50.89823909]]]}},{"type":"Feature","id":"gebouw/Gebouw.13078145/0","properties":{"source":"Digitaal Vlaanderen Gebouwenregister","source_id":"gebouw/Gebouw.13078145/0","kind":"building","building":"official","height_m":8.85,"status":null},"geometry":{"type":"Polygon","coordinates":[[[3.93549487,50.89855726],[3.93568669,50.89861904],[3.93573367,50.89863418],[3.93567905,50.89870098],[3.93543904,50.89862555],[3.93549487,50.89855726]]]}},{"type":"Feature","id":"gebouw/Gebouw.13078495/0","properties":{"source":"Digitaal Vlaanderen Gebouwenregister","source_id":"gebouw/Gebouw.13078495/0","kind":"building","building":"official","height_m":5.85,"status":null},"geometry":{"type":"Polygon","coordinates":[[[3.93605677,50.89796146],[3.93601105,50.89794489],[3.93603194,50.89792184],[3.93607765,50.8979384],[3.93605677,50.89796146]]]}},{"type":"Feature","id":"gebouw/Gebouw.13088293/0","properties":{"source":"Digitaal Vlaanderen Gebouwenregister","source_id":"gebouw/Gebouw.13088293/0","kind":"building","building":"official","height_m":5.85,"status":null},"geometry":{"type":"Polygon","coordinates":[[[3.94099782,50.89710656],[3.94090773,50.89708458],[3.94088471,50.897122],[3.940869,50.89714751],[3.94082451,50.89721981],[3.94098606,50.89725969],[3.94103245,50.89718727],[3.94095924,50.89716832],[3.94099782,50.89710656]]]}},{"type":"Feature","id":"gebouw/Gebouw.13092570/0","properties":{"source":"Digitaal Vlaanderen Gebouwenregister","source_id":"gebouw/Gebouw.13092570/0","kind":"building","building":"official","height_m":5.1,"status":null},"geometry":{"type":"Polygon","coordinates":[[[3.93161279,50.89492507],[3.93167909,50.89489745],[3.93169472,50.89491245],[3.93169562,50.89491208],[3.93175633,50.89488655],[3.93174082,50.89487167],[3.93180691,50.89484388],[3.93185364,50.894888],[3.93188758,50.89487435],[3.93196182,50.89494468],[3.9319004,50.89497049],[3.93189378,50.89498477],[3.9318601,50.89499805],[3.93184168,50.89499424],[3.93164819,50.89507712],[3.93164503,50.89507399],[3.9315963,50.89502572],[3.93157663,50.89500623],[3.93165921,50.89497163],[3.93161279,50.89492507]]]}},{"type":"Feature","id":"gebouw/Gebouw.13092597/0","properties":{"source":"Digitaal Vlaanderen Gebouwenregister","source_id":"gebouw/Gebouw.13092597/0","kind":"building","building":"official","height_m":7.35,"status":null},"geometry":{"type":"Polygon","coordinates":[[[3.93910405,50.90033266],[3.93892286,50.90025162],[3.93902225,50.9001628],[3.93920376,50.90024401],[3.93910405,50.90033266]]]}},{"type":"Feature","id":"gebouw/Gebouw.13099470/0","properties":{"source":"Digitaal Vlaanderen Gebouwenregister","source_id":"gebouw/Gebouw.13099470/0","kind":"building","building":"official","height_m":5.1,"status":null},"geometry":{"type":"Polygon","coordinates":[[[3.9369477,50.90146479],[3.93690437,50.90152394],[3.93674571,50.90147786],[3.93676926,50.90144543],[3.93678413,50.90144975],[3.936803,50.90142377],[3.9369477,50.90146479]]]}},{"type":"Feature","id":"gebouw/Gebouw.13101620/0","properties":{"source":"Digitaal Vlaanderen Gebouwenregister","source_id":"gebouw/Gebouw.13101620/0","kind":"building","building":"official","height_m":6.6,"status":null},"geometry":{"type":"Polygon","coordinates":[[[3.93981611,50.8988184],[3.93989849,50.89884827],[3.93974947,50.89901723],[3.93961791,50.89896078],[3.93963886,50.89893695],[3.93983956,50.89870277],[3.93986194,50.89867671],[3.93990776,50.89862338],[3.93991219,50.89862617],[3.93991686,50.89862911],[3.93999517,50.8985318],[3.94000648,50.8985178],[3.940184,50.89857337],[3.9402454,50.89859259],[3.9401338,50.89873488],[3.94006786,50.89871436],[3.94012549,50.8986444],[3.94008802,50.89863388],[3.94006039,50.8986683],[3.93996821,50.89864313],[3.93981611,50.8988184]]]}},{"type":"Feature","id":"gebouw/Gebouw.13102211/0","properties":{"source":"Digitaal Vlaanderen Gebouwenregister","source_id":"gebouw/Gebouw.13102211/0","kind":"building","building":"official","height_m":8.85,"status":null},"geometry":{"type":"Polygon","coordinates":[[[3.93611898,50.89832709],[3.93607551,50.89831876],[3.93610219,50.89826307],[3.93614566,50.8982714],[3.93611898,50.89832709]]]}},{"type":"Feature","id":"gebouw/Gebouw.13104074/0","properties":{"source":"Digitaal Vlaanderen Gebouwenregister","source_id":"gebouw/Gebouw.13104074/0","kind":"building","building":"official","height_m":6.6,"status":null},"geometry":{"type":"Polygon","coordinates":[[[3.93134608,50.89799895],[3.93127401,50.89805408],[3.93126656,50.89805064],[3.93124586,50.89804109],[3.93125278,50.89803575],[3.93131886,50.89798471],[3.93134608,50.89799895]]]}},{"type":"Feature","id":"gebouw/Gebouw.13104269/0","properties":{"source":"Digitaal Vlaanderen Gebouwenregister","source_id":"gebouw/Gebouw.13104269/0","kind":"building","building":"official","height_m":8.85,"status":null},"geometry":{"type":"Polygon","coordinates":[[[3.93612363,50.89858829],[3.93611037,50.89860606],[3.93606984,50.89859397],[3.9360344,50.89864149],[3.93596844,50.89862181],[3.93601553,50.89855867],[3.93604196,50.8985581],[3.93603476,50.89851711],[3.93617652,50.89850745],[3.9361803,50.89852986],[3.93618059,50.89853156],[3.93618391,50.89855122],[3.93615067,50.89859635],[3.93612363,50.89858829]]]}},{"type":"Feature","id":"gebouw/Gebouw.13130222/0","properties":{"source":"Digitaal Vlaanderen Gebouwenregister","source_id":"gebouw/Gebouw.13130222/0","kind":"building","building":"official","height_m":6.6,"status":null},"geometry":{"type":"Polygon","coordinates":[[[3.9382764,50.90062417],[3.93825287,50.90064879],[3.93818527,50.90062296],[3.9382088,50.90059834],[3.9382764,50.90062417]]]}},{"type":"Feature","id":"gebouw/Gebouw.13133544/0","properties":{"source":"Digitaal Vlaanderen Gebouwenregister","source_id":"gebouw/Gebouw.13133544/0","kind":"building","building":"official","height_m":5.1,"status":null},"geometry":{"type":"Polygon","coordinates":[[[3.93391123,50.89818828],[3.933928,50.89819805],[3.93376255,50.89831332],[3.93371238,50.898285],[3.93372021,50.89827906],[3.93366772,50.89824772],[3.9337879,50.89816425],[3.93379459,50.89816769],[3.93383125,50.89814172],[3.9338489,50.898152],[3.93387912,50.89816959],[3.93391123,50.89818828]]]}},{"type":"Feature","id":"gebouw/Gebouw.13150086/0","properties":{"source":"Digitaal Vlaanderen Gebouwenregister","source_id":"gebouw/Gebouw.13150086/0","kind":"building","building":"official","height_m":5.1,"status":null},"geometry":{"type":"Polygon","coordinates":[[[3.93859207,50.89920476],[3.93855498,50.89925794],[3.93842265,50.89922139],[3.93841541,50.89923],[3.93829964,50.89919954],[3.93836676,50.8991067],[3.9385178,50.89914391],[3.93849556,50.89917835],[3.93859207,50.89920476]]]}},{"type":"Feature","id":"gebouw/Gebouw.13150491/0","properties":{"source":"Digitaal Vlaanderen Gebouwenregister","source_id":"gebouw/Gebouw.13150491/0","kind":"building","building":"official","height_m":7.35,"status":null},"geometry":{"type":"Polygon","coordinates":[[[3.94047049,50.89940671],[3.94025822,50.89957],[3.93971137,50.89928565],[3.93944559,50.89916224],[3.93944279,50.89916094],[3.93911176,50.89900722],[3.93919602,50.89893489],[3.93927942,50.89886284],[3.939577,50.89900754],[3.93957792,50.89900799],[3.93987864,50.89915422],[3.93991818,50.89912316],[3.94047049,50.89940671]]]}},{"type":"Feature","id":"gebouw/Gebouw.13152259/0","properties":{"source":"Digitaal Vlaanderen Gebouwenregister","source_id":"gebouw/Gebouw.13152259/0","kind":"building","building":"official","height_m":5.85,"status":null},"geometry":{"type":"Polygon","coordinates":[[[3.93765401,50.90091281],[3.93755452,50.90097645],[3.93750408,50.90094707],[3.93754888,50.90091644],[3.93753071,50.9009045],[3.93758779,50.90087009],[3.93757383,50.90086363],[3.93760418,50.90083572],[3.93763637,50.9008511],[3.93760314,50.900881],[3.93765401,50.90091281]]]}},{"type":"Feature","id":"gebouw/Gebouw.13164157/0","properties":{"source":"Digitaal Vlaanderen Gebouwenregister","source_id":"gebouw/Gebouw.13164157/0","kind":"building","building":"official","height_m":5.85,"status":null},"geometry":{"type":"Polygon","coordinates":[[[3.93183271,50.89511941],[3.93175176,50.89504912],[3.93168195,50.8950808],[3.93162202,50.895108],[3.93162193,50.89510804],[3.93180035,50.89526339],[3.93180131,50.89526296],[3.93193102,50.89520477],[3.93183271,50.89511941]]]}},{"type":"Feature","id":"gebouw/Gebouw.13164720/0","properties":{"source":"Digitaal Vlaanderen Gebouwenregister","source_id":"gebouw/Gebouw.13164720/0","kind":"building","building":"official","height_m":5.1,"status":null},"geometry":{"type":"Polygon","coordinates":[[[3.93735169,50.90140025],[3.93755649,50.90149419],[3.93754927,50.90150092],[3.93757023,50.90151173],[3.93754832,50.9015291],[3.93756101,50.90153611],[3.93754242,50.90154992],[3.93752663,50.90155266],[3.93747908,50.90153044],[3.93740838,50.90158746],[3.93729328,50.90153011],[3.93737338,50.90146403],[3.93733743,50.90144663],[3.93733406,50.90144501],[3.93733223,50.90144652],[3.93730633,50.90143402],[3.93731251,50.90142908],[3.93731523,50.90143043],[3.93731842,50.90142787],[3.93735169,50.90140025]]]}},{"type":"Feature","id":"gebouw/Gebouw.13166932/0","properties":{"source":"Digitaal Vlaanderen Gebouwenregister","source_id":"gebouw/Gebouw.13166932/0","kind":"building","building":"official","height_m":8.1,"status":null},"geometry":{"type":"Polygon","coordinates":[[[3.9375451,50.89801554],[3.93759669,50.89803463],[3.93753796,50.89809878],[3.93748814,50.89807969],[3.9375451,50.89801554]]]}},{"type":"Feature","id":"gebouw/Gebouw.13182184/0","properties":{"source":"Digitaal Vlaanderen Gebouwenregister","source_id":"gebouw/Gebouw.13182184/0","kind":"building","building":"official","height_m":8.1,"status":null},"geometry":{"type":"Polygon","coordinates":[[[3.93410561,50.8981796],[3.93417197,50.89821765],[3.9342079,50.89823817],[3.93399956,50.89838534],[3.93389519,50.89832657],[3.93410561,50.8981796]]]}},{"type":"Feature","id":"gebouw/Gebouw.13184325/0","properties":{"source":"Digitaal Vlaanderen Gebouwenregister","source_id":"gebouw/Gebouw.13184325/0","kind":"building","building":"official","height_m":7.35,"status":null},"geometry":{"type":"Polygon","coordinates":[[[3.93716497,50.90101214],[3.93713604,50.90104168],[3.93713491,50.90104123],[3.93711823,50.90105835],[3.93710853,50.90106832],[3.93712278,50.90107406],[3.93708954,50.90110826],[3.93690597,50.90103538],[3.9369396,50.90100255],[3.93692304,50.90099645],[3.93696219,50.90095494],[3.93699582,50.90094966],[3.93702895,50.90096148],[3.93703346,50.90095756],[3.93716497,50.90101214]]]}},{"type":"Feature","id":"gebouw/Gebouw.13196036/0","properties":{"source":"Digitaal Vlaanderen Gebouwenregister","source_id":"gebouw/Gebouw.13196036/0","kind":"building","building":"official","height_m":6.6,"status":null},"geometry":{"type":"Polygon","coordinates":[[[3.94114004,50.89503312],[3.94093881,50.89505819],[3.94092516,50.89501748],[3.94094611,50.89501468],[3.94093713,50.89498793],[3.94091171,50.89491092],[3.94105446,50.89489111],[3.94108829,50.89498875],[3.94112361,50.89498469],[3.94114004,50.89503312]]]}},{"type":"Feature","id":"gebouw/Gebouw.13201739/0","properties":{"source":"Digitaal Vlaanderen Gebouwenregister","source_id":"gebouw/Gebouw.13201739/0","kind":"building","building":"official","height_m":8.85,"status":null},"geometry":{"type":"Polygon","coordinates":[[[3.94092482,50.89631127],[3.94081489,50.89639891],[3.94072148,50.89635215],[3.94085221,50.89624607],[3.94091364,50.89627648],[3.94089134,50.89629448],[3.94092482,50.89631127]]]}},{"type":"Feature","id":"gebouw/Gebouw.13208624/0","properties":{"source":"Digitaal Vlaanderen Gebouwenregister","source_id":"gebouw/Gebouw.13208624/0","kind":"building","building":"official","height_m":6.6,"status":null},"geometry":{"type":"Polygon","coordinates":[[[3.94031312,50.89719496],[3.94048411,50.89725074],[3.94046384,50.8972751],[3.94045893,50.897281],[3.94044917,50.89729283],[3.9404618,50.89729701],[3.9404324,50.8973326],[3.940309,50.89729371],[3.94029919,50.89730669],[3.94024716,50.8972896],[3.94025607,50.89728057],[3.94024625,50.897277],[3.94031312,50.89719496]]]}},{"type":"Feature","id":"gebouw/Gebouw.13228798/0","properties":{"source":"Digitaal Vlaanderen Gebouwenregister","source_id":"gebouw/Gebouw.13228798/0","kind":"building","building":"official","height_m":8.1,"status":null},"geometry":{"type":"Polygon","coordinates":[[[3.93975849,50.89879751],[3.93983972,50.89870282],[3.93945585,50.89857259],[3.9394552,50.89857236],[3.93941333,50.8986225],[3.93941232,50.89862371],[3.93938731,50.89865366],[3.93936355,50.89868212],[3.93931014,50.89874584],[3.93925839,50.89880761],[3.93932059,50.89882875],[3.93963887,50.89893695],[3.93975849,50.89879751]]]}},{"type":"Feature","id":"gebouw/Gebouw.13229044/0","properties":{"source":"Digitaal Vlaanderen Gebouwenregister","source_id":"gebouw/Gebouw.13229044/0","kind":"building","building":"official","height_m":8.1,"status":null},"geometry":{"type":"Polygon","coordinates":[[[3.9376521,50.90073769],[3.93763271,50.90079619],[3.93753454,50.90078273],[3.93753848,50.90077163],[3.93755446,50.90072658],[3.93757579,50.90066644],[3.93766542,50.90069751],[3.9376521,50.90073769]]]}},{"type":"Feature","id":"gebouw/Gebouw.13235494/0","properties":{"source":"Digitaal Vlaanderen Gebouwenregister","source_id":"gebouw/Gebouw.13235494/0","kind":"building","building":"official","height_m":8.1,"status":null},"geometry":{"type":"Polygon","coordinates":[[[3.93983317,50.89749641],[3.93979678,50.89748434],[3.93982865,50.89744591],[3.93986503,50.89745797],[3.93983317,50.89749641]]]}},{"type":"Feature","id":"gebouw/Gebouw.13237455/0","properties":{"source":"Digitaal Vlaanderen Gebouwenregister","source_id":"gebouw/Gebouw.13237455/0","kind":"building","building":"official","height_m":7.35,"status":null},"geometry":{"type":"Polygon","coordinates":[[[3.93865351,50.89658214],[3.9381876,50.89642592],[3.93823651,50.89636342],[3.93870718,50.89651928],[3.93865351,50.89658214]]]}},{"type":"Feature","id":"gebouw/Gebouw.13237956/0","properties":{"source":"Digitaal Vlaanderen Gebouwenregister","source_id":"gebouw/Gebouw.13237956/0","kind":"building","building":"official","height_m":5.1,"status":null},"geometry":{"type":"Polygon","coordinates":[[[3.93759119,50.90008665],[3.93769372,50.90013132],[3.9376431,50.90017787],[3.93746751,50.900102],[3.93744159,50.9000908],[3.93743625,50.90008819],[3.93745941,50.90006925],[3.9374788,50.90007873],[3.93751781,50.90004684],[3.93754263,50.90005786],[3.93754953,50.90005245],[3.93760508,50.9000764],[3.93759119,50.90008665]]]}},{"type":"Feature","id":"gebouw/Gebouw.13238029/0","properties":{"source":"Digitaal Vlaanderen Gebouwenregister","source_id":"gebouw/Gebouw.13238029/0","kind":"building","building":"official","height_m":5.85,"status":null},"geometry":{"type":"Polygon","coordinates":[[[3.93308128,50.89838825],[3.93311996,50.89836338],[3.93306562,50.89832958],[3.93302693,50.89835445],[3.93308128,50.89838825]]]}},{"type":"Feature","id":"gebouw/Gebouw.13238040/0","properties":{"source":"Digitaal Vlaanderen Gebouwenregister","source_id":"gebouw/Gebouw.13238040/0","kind":"building","building":"official","height_m":5.1,"status":null},"geometry":{"type":"Polygon","coordinates":[[[3.93594659,50.89842437],[3.93604471,50.89831913],[3.93600567,50.89830498],[3.93596378,50.89835229],[3.93591312,50.89833376],[3.93588985,50.89832524],[3.9359016,50.89831234],[3.93586138,50.89829786],[3.93585225,50.89829457],[3.93577279,50.89838103],[3.93584678,50.89840751],[3.93593358,50.89843856],[3.93594659,50.89842437]]]}},{"type":"Feature","id":"gebouw/Gebouw.13240087/0","properties":{"source":"Digitaal Vlaanderen Gebouwenregister","source_id":"gebouw/Gebouw.13240087/0","kind":"building","building":"official","height_m":5.85,"status":null},"geometry":{"type":"Polygon","coordinates":[[[3.94016296,50.89769491],[3.94012804,50.89773371],[3.94012659,50.89773318],[3.94012446,50.89773556],[3.94009161,50.89777224],[3.94009283,50.89777288],[3.94008675,50.89777959],[3.93996122,50.89773612],[3.93991595,50.89772044],[3.93985709,50.89770006],[3.93994521,50.89760203],[3.94004943,50.89763949],[3.94004485,50.89764459],[3.94011744,50.89767021],[3.94011188,50.8976764],[3.94016296,50.89769491]]]}},{"type":"Feature","id":"gebouw/Gebouw.13240329/0","properties":{"source":"Digitaal Vlaanderen Gebouwenregister","source_id":"gebouw/Gebouw.13240329/0","kind":"building","building":"official","height_m":7.35,"status":null},"geometry":{"type":"Polygon","coordinates":[[[3.93443047,50.89781844],[3.93435962,50.89779182],[3.9343414,50.89781116],[3.93419755,50.89775691],[3.93427491,50.89767746],[3.93433452,50.89770109],[3.93434144,50.89769418],[3.93441712,50.89772312],[3.93446049,50.89767675],[3.93452966,50.89770378],[3.93449835,50.89773668],[3.93450692,50.89774029],[3.93443047,50.89781844]]]}},{"type":"Feature","id":"gebouw/Gebouw.13240493/0","properties":{"source":"Digitaal Vlaanderen Gebouwenregister","source_id":"gebouw/Gebouw.13240493/0","kind":"building","building":"official","height_m":8.85,"status":null},"geometry":{"type":"Polygon","coordinates":[[[3.94044073,50.89569289],[3.94039137,50.89566922],[3.94046357,50.89561185],[3.94050996,50.89563628],[3.94044073,50.89569289]]]}},{"type":"Feature","id":"gebouw/Gebouw.13247088/0","properties":{"source":"Digitaal Vlaanderen Gebouwenregister","source_id":"gebouw/Gebouw.13247088/0","kind":"building","building":"official","height_m":5.1,"status":null},"geometry":{"type":"Polygon","coordinates":[[[3.93708604,50.90121944],[3.93700154,50.9013062],[3.93686354,50.90125425],[3.93694923,50.90116751],[3.93708604,50.90121944]]]}},{"type":"Feature","id":"gebouw/Gebouw.13254305/0","properties":{"source":"Digitaal Vlaanderen Gebouwenregister","source_id":"gebouw/Gebouw.13254305/0","kind":"building","building":"official","height_m":8.85,"status":null},"geometry":{"type":"Polygon","coordinates":[[[3.93275458,50.89536522],[3.93265338,50.89549727],[3.93279691,50.89554127],[3.9328985,50.8954074],[3.93275458,50.89536522]]]}},{"type":"Feature","id":"gebouw/Gebouw.13257201/0","properties":{"source":"Digitaal Vlaanderen Gebouwenregister","source_id":"gebouw/Gebouw.13257201/0","kind":"building","building":"official","height_m":7.35,"status":null},"geometry":{"type":"Polygon","coordinates":[[[3.93749283,50.89987829],[3.93744434,50.89986051],[3.9374626,50.89984059],[3.93751109,50.89985837],[3.93749283,50.89987829]]]}},{"type":"Feature","id":"gebouw/Gebouw.13267472/0","properties":{"source":"Digitaal Vlaanderen Gebouwenregister","source_id":"gebouw/Gebouw.13267472/0","kind":"building","building":"official","height_m":6.6,"status":null},"geometry":{"type":"Polygon","coordinates":[[[3.93325993,50.89496116],[3.93318754,50.89503944],[3.93317506,50.89505294],[3.93315746,50.8950461],[3.93309436,50.89502161],[3.93314497,50.89496964],[3.93309315,50.89495051],[3.93305115,50.894935],[3.93308358,50.8949026],[3.93311826,50.89491654],[3.9331475,50.89492828],[3.93315273,50.89492288],[3.93325993,50.89496116]]]}},{"type":"Feature","id":"gebouw/Gebouw.13270248/0","properties":{"source":"Digitaal Vlaanderen Gebouwenregister","source_id":"gebouw/Gebouw.13270248/0","kind":"building","building":"official","height_m":5.1,"status":null},"geometry":{"type":"Polygon","coordinates":[[[3.94107413,50.89765409],[3.94104421,50.89764449],[3.9410849,50.8975924],[3.94106112,50.89758564],[3.94111072,50.89751963],[3.94109734,50.89751531],[3.9411508,50.89744949],[3.94119957,50.8974694],[3.94121176,50.89746696],[3.94123882,50.89747579],[3.9412421,50.89748537],[3.94129325,50.8975019],[3.94127275,50.89752917],[3.94129654,50.89753781],[3.94126238,50.89758012],[3.94124781,50.89757618],[3.94121781,50.8976136],[3.94128204,50.89763427],[3.94122175,50.89770592],[3.9411477,50.89768281],[3.94115186,50.89767905],[3.94111852,50.89766835],[3.94107413,50.89765409]]]}},{"type":"Feature","id":"gebouw/Gebouw.13270408/0","properties":{"source":"Digitaal Vlaanderen Gebouwenregister","source_id":"gebouw/Gebouw.13270408/0","kind":"building","building":"official","height_m":8.1,"status":null},"geometry":{"type":"Polygon","coordinates":[[[3.9406206,50.89812381],[3.94066028,50.89807889],[3.94072514,50.8981018],[3.94068496,50.89814728],[3.9406206,50.89812381]]]}},{"type":"Feature","id":"gebouw/Gebouw.13272908/0","properties":{"source":"Digitaal Vlaanderen Gebouwenregister","source_id":"gebouw/Gebouw.13272908/0","kind":"building","building":"official","height_m":6.6,"status":null},"geometry":{"type":"Polygon","coordinates":[[[3.93534552,50.89831263],[3.9353433,50.89831175],[3.93534396,50.89831109],[3.93534263,50.89831055],[3.93522515,50.89826489],[3.93524636,50.89824279],[3.93524077,50.89824046],[3.93526282,50.89821789],[3.935257,50.89821562],[3.93527834,50.89819306],[3.93525269,50.89818328],[3.93529909,50.89813204],[3.93538896,50.89816669],[3.9354155,50.89813564],[3.93551335,50.89817352],[3.93541224,50.89827558],[3.93539304,50.89826703],[3.93534552,50.89831263]]]}},{"type":"Feature","id":"gebouw/Gebouw.13273238/0","properties":{"source":"Digitaal Vlaanderen Gebouwenregister","source_id":"gebouw/Gebouw.13273238/0","kind":"building","building":"official","height_m":6.6,"status":null},"geometry":{"type":"Polygon","coordinates":[[[3.93694556,50.9013798],[3.93693789,50.90139036],[3.93699072,50.90140591],[3.9369477,50.90146479],[3.936803,50.90142377],[3.93671354,50.90139841],[3.93676408,50.90132909],[3.93681055,50.90134304],[3.93678813,50.90137787],[3.93685029,50.90139585],[3.93687777,50.90136048],[3.93694556,50.9013798]]]}},{"type":"Feature","id":"gebouw/Gebouw.13275751/0","properties":{"source":"Digitaal Vlaanderen Gebouwenregister","source_id":"gebouw/Gebouw.13275751/0","kind":"building","building":"official","height_m":5.85,"status":null},"geometry":{"type":"Polygon","coordinates":[[[3.93859542,50.89927712],[3.93859439,50.89927854],[3.93859189,50.89928196],[3.93854697,50.89934354],[3.93854674,50.89934382],[3.93854029,50.89934198],[3.93853777,50.89934127],[3.93843988,50.89931341],[3.93847051,50.89927071],[3.93847462,50.89926498],[3.93848706,50.89924764],[3.93859542,50.89927712]]]}},{"type":"Feature","id":"gebouw/Gebouw.13279103/0","properties":{"source":"Digitaal Vlaanderen Gebouwenregister","source_id":"gebouw/Gebouw.13279103/0","kind":"building","building":"official","height_m":8.85,"status":null},"geometry":{"type":"Polygon","coordinates":[[[3.93485311,50.89810372],[3.93480816,50.89814915],[3.93476978,50.89813449],[3.93475475,50.89814961],[3.9346456,50.8981078],[3.93468201,50.89806922],[3.9347189,50.89803013],[3.93480684,50.89806573],[3.93486046,50.89800739],[3.93492432,50.89803176],[3.93491178,50.89804504],[3.93492228,50.89804887],[3.93497252,50.89799751],[3.93500814,50.89801094],[3.93495551,50.89806477],[3.93494366,50.89807689],[3.93489809,50.89805826],[3.93485311,50.89810372]]]}},{"type":"Feature","id":"gebouw/Gebouw.13282222/0","properties":{"source":"Digitaal Vlaanderen Gebouwenregister","source_id":"gebouw/Gebouw.13282222/0","kind":"building","building":"official","height_m":8.1,"status":null},"geometry":{"type":"Polygon","coordinates":[[[3.94004771,50.89782242],[3.94000714,50.89786693],[3.93988432,50.8978209],[3.93993342,50.89776677],[3.93996122,50.89773612],[3.94008675,50.89777959],[3.94004771,50.89782242]]]}},{"type":"Feature","id":"gebouw/Gebouw.13283703/0","properties":{"source":"Digitaal Vlaanderen Gebouwenregister","source_id":"gebouw/Gebouw.13283703/0","kind":"building","building":"official","height_m":7.35,"status":null},"geometry":{"type":"Polygon","coordinates":[[[3.93804252,50.90003121],[3.93808976,50.89999194],[3.93811647,50.90000504],[3.9380691,50.90004371],[3.93804252,50.90003121]]]}},{"type":"Feature","id":"gebouw/Gebouw.13288393/0","properties":{"source":"Digitaal Vlaanderen Gebouwenregister","source_id":"gebouw/Gebouw.13288393/0","kind":"building","building":"official","height_m":5.85,"status":null},"geometry":{"type":"Polygon","coordinates":[[[3.93144352,50.89810217],[3.93145867,50.89807939],[3.931551,50.89810397],[3.93154324,50.89811563],[3.93156624,50.89812175],[3.93155845,50.89813345],[3.93144352,50.89810217]]]}},{"type":"Feature","id":"gebouw/Gebouw.13290030/0","properties":{"source":"Digitaal Vlaanderen Gebouwenregister","source_id":"gebouw/Gebouw.13290030/0","kind":"building","building":"official","height_m":5.1,"status":null},"geometry":{"type":"Polygon","coordinates":[[[3.93986772,50.8980051],[3.93981694,50.89806651],[3.93955127,50.89797971],[3.9395702,50.89795635],[3.93973289,50.89800991],[3.93973365,50.89801016],[3.93976564,50.89797179],[3.93986772,50.8980051]]]}},{"type":"Feature","id":"gebouw/Gebouw.13293213/0","properties":{"source":"Digitaal Vlaanderen Gebouwenregister","source_id":"gebouw/Gebouw.13293213/0","kind":"building","building":"official","height_m":7.35,"status":null},"geometry":{"type":"Polygon","coordinates":[[[3.94090754,50.89786178],[3.94082725,50.89783661],[3.94085725,50.8978052],[3.94093368,50.89783019],[3.94090754,50.89786178]]]}},{"type":"Feature","id":"gebouw/Gebouw.13298085/0","properties":{"source":"Digitaal Vlaanderen Gebouwenregister","source_id":"gebouw/Gebouw.13298085/0","kind":"building","building":"official","height_m":7.35,"status":null},"geometry":{"type":"Polygon","coordinates":[[[3.93067181,50.89542947],[3.93068081,50.89545697],[3.93058538,50.89546333],[3.93056134,50.89536152],[3.93064659,50.89535237],[3.93064442,50.89534572],[3.9308476,50.89532312],[3.93080531,50.89517913],[3.93090029,50.89516791],[3.9309164,50.89521996],[3.93092605,50.89525114],[3.93092695,50.89525407],[3.93093119,50.89526775],[3.9309602,50.89536532],[3.93087945,50.89537493],[3.93088857,50.89540563],[3.93089872,50.89544243],[3.93079933,50.89545348],[3.930798,50.89544915],[3.93078882,50.89541922],[3.93067181,50.89542947]]]}},{"type":"Feature","id":"gebouw/Gebouw.13302929/0","properties":{"source":"Digitaal Vlaanderen Gebouwenregister","source_id":"gebouw/Gebouw.13302929/0","kind":"building","building":"official","height_m":8.85,"status":null},"geometry":{"type":"Polygon","coordinates":[[[3.93435849,50.89845371],[3.93431773,50.89848283],[3.93428221,50.89846215],[3.93432317,50.89843394],[3.93435849,50.89845371]]]}},{"type":"Feature","id":"gebouw/Gebouw.13318482/0","properties":{"source":"Digitaal Vlaanderen Gebouwenregister","source_id":"gebouw/Gebouw.13318482/0","kind":"building","building":"official","height_m":5.1,"status":null},"geometry":{"type":"Polygon","coordinates":[[[3.93652802,50.90128302],[3.93657184,50.90129452],[3.93654159,50.9013372],[3.93649807,50.90132514],[3.93652802,50.90128302]]]}},{"type":"Feature","id":"gebouw/Gebouw.13318595/0","properties":{"source":"Digitaal Vlaanderen Gebouwenregister","source_id":"gebouw/Gebouw.13318595/0","kind":"building","building":"official","height_m":8.85,"status":null},"geometry":{"type":"Polygon","coordinates":[[[3.93645917,50.90023388],[3.93639436,50.90020839],[3.9364203,50.90018202],[3.93648511,50.90020751],[3.93645917,50.90023388]]]}},{"type":"Feature","id":"gebouw/Gebouw.13321487/0","properties":{"source":"Digitaal Vlaanderen Gebouwenregister","source_id":"gebouw/Gebouw.13321487/0","kind":"building","building":"official","height_m":8.85,"status":null},"geometry":{"type":"Polygon","coordinates":[[[3.9352946,50.89805867],[3.93524475,50.89803994],[3.93527116,50.89801182],[3.93532101,50.89803055],[3.9352946,50.89805867]]]}},{"type":"Feature","id":"gebouw/Gebouw.13326203/0","properties":{"source":"Digitaal Vlaanderen Gebouwenregister","source_id":"gebouw/Gebouw.13326203/0","kind":"building","building":"official","height_m":8.85,"status":null},"geometry":{"type":"Polygon","coordinates":[[[3.93770515,50.89988392],[3.93762463,50.89985615],[3.93759183,50.89989443],[3.9376016,50.8998973],[3.93758499,50.89991882],[3.93749511,50.89988636],[3.93746952,50.89991469],[3.93773179,50.90000942],[3.93779568,50.89993755],[3.93774954,50.89992153],[3.93775917,50.89991144],[3.93769824,50.89989046],[3.93770515,50.89988392]]]}},{"type":"Feature","id":"gebouw/Gebouw.13329034/0","properties":{"source":"Digitaal Vlaanderen Gebouwenregister","source_id":"gebouw/Gebouw.13329034/0","kind":"building","building":"official","height_m":8.1,"status":null},"geometry":{"type":"Polygon","coordinates":[[[3.94071725,50.89569709],[3.94064261,50.89570684],[3.94065637,50.89574994],[3.94055679,50.89576331],[3.94053563,50.89569395],[3.94057635,50.89568961],[3.94055425,50.89562555],[3.94068801,50.89560746],[3.94071725,50.89569709]]]}},{"type":"Feature","id":"gebouw/Gebouw.13329356/0","properties":{"source":"Digitaal Vlaanderen Gebouwenregister","source_id":"gebouw/Gebouw.13329356/0","kind":"building","building":"official","height_m":6.6,"status":null},"geometry":{"type":"Polygon","coordinates":[[[3.93272199,50.89768752],[3.93268753,50.89776958],[3.93257722,50.89774908],[3.93261314,50.89766834],[3.93271925,50.89768704],[3.93272199,50.89768752]]]}},{"type":"Feature","id":"gebouw/Gebouw.13335988/0","properties":{"source":"Digitaal Vlaanderen Gebouwenregister","source_id":"gebouw/Gebouw.13335988/0","kind":"building","building":"official","height_m":8.1,"status":null},"geometry":{"type":"Polygon","coordinates":[[[3.93981645,50.89729666],[3.93975762,50.89727578],[3.93978246,50.89724781],[3.93984128,50.89726869],[3.93981645,50.89729666]]]}},{"type":"Feature","id":"gebouw/Gebouw.13336418/0","properties":{"source":"Digitaal Vlaanderen Gebouwenregister","source_id":"gebouw/Gebouw.13336418/0","kind":"building","building":"official","height_m":6.6,"status":null},"geometry":{"type":"Polygon","coordinates":[[[3.94071333,50.89650032],[3.94070886,50.89650401],[3.94071695,50.89650793],[3.94067035,50.8965464],[3.94061214,50.8965182],[3.94062943,50.89650392],[3.94062593,50.89650223],[3.94066248,50.89647383],[3.94071333,50.89650032]]]}},{"type":"Feature","id":"gebouw/Gebouw.13341739/0","properties":{"source":"Digitaal Vlaanderen Gebouwenregister","source_id":"gebouw/Gebouw.13341739/0","kind":"building","building":"official","height_m":5.85,"status":null},"geometry":{"type":"Polygon","coordinates":[[[3.93233501,50.89800729],[3.93226844,50.89797127],[3.93229519,50.89795149],[3.93236176,50.89798752],[3.93233501,50.89800729]]]}},{"type":"Feature","id":"gebouw/Gebouw.13341744/0","properties":{"source":"Digitaal Vlaanderen Gebouwenregister","source_id":"gebouw/Gebouw.13341744/0","kind":"building","building":"official","height_m":5.1,"status":null},"geometry":{"type":"Polygon","coordinates":[[[3.94080892,50.89911036],[3.94076369,50.89916445],[3.94069192,50.89914029],[3.94073737,50.89908632],[3.94080892,50.89911036]]]}},{"type":"Feature","id":"gebouw/Gebouw.13341983/0","properties":{"source":"Digitaal Vlaanderen Gebouwenregister","source_id":"gebouw/Gebouw.13341983/0","kind":"building","building":"official","height_m":8.85,"status":null},"geometry":{"type":"Polygon","coordinates":[[[3.93157035,50.89795788],[3.93153328,50.89798776],[3.93153151,50.89798679],[3.93145192,50.89804595],[3.93140741,50.89802375],[3.93148381,50.89796296],[3.93148652,50.89796455],[3.93152359,50.89793468],[3.93157035,50.89795788]]]}},{"type":"Feature","id":"gebouw/Gebouw.13342638/0","properties":{"source":"Digitaal Vlaanderen Gebouwenregister","source_id":"gebouw/Gebouw.13342638/0","kind":"building","building":"official","height_m":5.1,"status":null},"geometry":{"type":"Polygon","coordinates":[[[3.93736102,50.90045391],[3.93728905,50.90058486],[3.93706923,50.90053566],[3.93713574,50.9004137],[3.93721545,50.90043007],[3.93721971,50.90042183],[3.93728843,50.90043743],[3.93736102,50.90045391]]]}},{"type":"Feature","id":"gebouw/Gebouw.13347990/0","properties":{"source":"Digitaal Vlaanderen Gebouwenregister","source_id":"gebouw/Gebouw.13347990/0","kind":"building","building":"official","height_m":5.1,"status":null},"geometry":{"type":"Polygon","coordinates":[[[3.93097197,50.89778573],[3.93087297,50.89778374],[3.93087646,50.89771439],[3.93097546,50.89771638],[3.93097197,50.89778573]]]}},{"type":"Feature","id":"gebouw/Gebouw.13348399/0","properties":{"source":"Digitaal Vlaanderen Gebouwenregister","source_id":"gebouw/Gebouw.13348399/0","kind":"building","building":"official","height_m":5.85,"status":null},"geometry":{"type":"Polygon","coordinates":[[[3.94023347,50.89914531],[3.94020223,50.89911091],[3.94027119,50.89908495],[3.94030481,50.89911897],[3.94023347,50.89914531]]]}},{"type":"Feature","id":"gebouw/Gebouw.13350678/0","properties":{"source":"Digitaal Vlaanderen Gebouwenregister","source_id":"gebouw/Gebouw.13350678/0","kind":"building","building":"official","height_m":5.1,"status":null},"geometry":{"type":"Polygon","coordinates":[[[3.9377573,50.8982954],[3.93775242,50.89830241],[3.93769635,50.89828703],[3.93768184,50.89830789],[3.93760392,50.8982864],[3.93767613,50.89818834],[3.93769942,50.89816064],[3.93774112,50.89811106],[3.93778575,50.8981475],[3.93777307,50.8981636],[3.93776489,50.89816074],[3.93775887,50.89815864],[3.93770049,50.89822785],[3.93772542,50.89823495],[3.93778722,50.89825253],[3.9377573,50.8982954]]]}},{"type":"Feature","id":"gebouw/Gebouw.13350879/0","properties":{"source":"Digitaal Vlaanderen Gebouwenregister","source_id":"gebouw/Gebouw.13350879/0","kind":"building","building":"official","height_m":7.35,"status":null},"geometry":{"type":"Polygon","coordinates":[[[3.9367193,50.90122659],[3.93670179,50.90124291],[3.9367092,50.90124616],[3.93666744,50.90128419],[3.93663207,50.90126866],[3.93667383,50.90123063],[3.93662734,50.90121022],[3.93664591,50.90119465],[3.9367193,50.90122659]]]}},{"type":"Feature","id":"gebouw/Gebouw.13355190/0","properties":{"source":"Digitaal Vlaanderen Gebouwenregister","source_id":"gebouw/Gebouw.13355190/0","kind":"building","building":"official","height_m":5.1,"status":null},"geometry":{"type":"Polygon","coordinates":[[[3.93362011,50.8980568],[3.93356587,50.89809433],[3.93343331,50.89801877],[3.93350482,50.89796905],[3.93355029,50.89799663],[3.93361699,50.89795063],[3.93362855,50.89795725],[3.93366981,50.89792848],[3.93374406,50.89797105],[3.93362011,50.8980568]]]}},{"type":"Feature","id":"gebouw/Gebouw.13365607/0","properties":{"source":"Digitaal Vlaanderen Gebouwenregister","source_id":"gebouw/Gebouw.13365607/0","kind":"building","building":"official","height_m":5.85,"status":null},"geometry":{"type":"Polygon","coordinates":[[[3.94111616,50.89686315],[3.94121815,50.89688812],[3.94119259,50.896933],[3.94130767,50.89695947],[3.94128094,50.8970046],[3.94110402,50.89695897],[3.94112275,50.89692789],[3.94108291,50.89691828],[3.94111616,50.89686315]]]}},{"type":"Feature","id":"gebouw/Gebouw.13365986/0","properties":{"source":"Digitaal Vlaanderen Gebouwenregister","source_id":"gebouw/Gebouw.13365986/0","kind":"building","building":"official","height_m":6.6,"status":null},"geometry":{"type":"Polygon","coordinates":[[[3.94097389,50.89542937],[3.94095456,50.89536957],[3.94093673,50.89531468],[3.94116231,50.89528577],[3.94118815,50.89536048],[3.94109555,50.8953728],[3.94110596,50.89541223],[3.94097389,50.89542937]]]}},{"type":"Feature","id":"gebouw/Gebouw.13365994/0","properties":{"source":"Digitaal Vlaanderen Gebouwenregister","source_id":"gebouw/Gebouw.13365994/0","kind":"building","building":"official","height_m":8.1,"status":null},"geometry":{"type":"Polygon","coordinates":[[[3.93691788,50.89828878],[3.936867,50.89829257],[3.93686942,50.89830613],[3.9368613,50.89830668],[3.93686191,50.8983117],[3.93681336,50.89831548],[3.93681225,50.89831014],[3.9368066,50.8983106],[3.93680402,50.89831082],[3.93680128,50.89829741],[3.93675723,50.89830044],[3.93673997,50.89820905],[3.93678525,50.89820583],[3.93678303,50.89819304],[3.93685766,50.89818834],[3.9368599,50.89819888],[3.93690183,50.89819552],[3.93691788,50.89828878]]]}},{"type":"Feature","id":"gebouw/Gebouw.13372753/0","properties":{"source":"Digitaal Vlaanderen Gebouwenregister","source_id":"gebouw/Gebouw.13372753/0","kind":"building","building":"official","height_m":5.85,"status":null},"geometry":{"type":"Polygon","coordinates":[[[3.93767613,50.89818834],[3.93760392,50.8982864],[3.93759804,50.8982848],[3.93752574,50.89826508],[3.93754817,50.89823285],[3.93752557,50.89822637],[3.93757213,50.8981599],[3.93767613,50.89818834]]]}},{"type":"Feature","id":"gebouw/Gebouw.13372903/0","properties":{"source":"Digitaal Vlaanderen Gebouwenregister","source_id":"gebouw/Gebouw.13372903/0","kind":"building","building":"official","height_m":5.85,"status":null},"geometry":{"type":"Polygon","coordinates":[[[3.94061219,50.89811732],[3.94046023,50.89806291],[3.94049665,50.89802223],[3.94064861,50.89807664],[3.94061219,50.89811732]]]}},{"type":"Feature","id":"gebouw/Gebouw.13377075/0","properties":{"source":"Digitaal Vlaanderen Gebouwenregister","source_id":"gebouw/Gebouw.13377075/0","kind":"building","building":"official","height_m":7.35,"status":null},"geometry":{"type":"Polygon","coordinates":[[[3.93523512,50.8981241],[3.93518481,50.89817791],[3.93513985,50.89816109],[3.93519017,50.89810729],[3.93523512,50.8981241]]]}},{"type":"Feature","id":"gebouw/Gebouw.13384584/0","properties":{"source":"Digitaal Vlaanderen Gebouwenregister","source_id":"gebouw/Gebouw.13384584/0","kind":"building","building":"official","height_m":5.1,"status":null},"geometry":{"type":"Polygon","coordinates":[[[3.93781289,50.90061803],[3.93778206,50.90065255],[3.93772263,50.90063027],[3.93771389,50.90064018],[3.93770116,50.90063617],[3.93767883,50.90066349],[3.93758625,50.9006309],[3.93764802,50.90056066],[3.93764867,50.90055993],[3.93768283,50.9005722],[3.9377203,50.90058527],[3.93781289,50.90061803]]]}},{"type":"Feature","id":"gebouw/Gebouw.13385178/0","properties":{"source":"Digitaal Vlaanderen Gebouwenregister","source_id":"gebouw/Gebouw.13385178/0","kind":"building","building":"official","height_m":5.1,"status":null},"geometry":{"type":"Polygon","coordinates":[[[3.93668203,50.90081291],[3.93671143,50.90077711],[3.93690845,50.90084183],[3.93687906,50.90087762],[3.93668203,50.90081291]]]}},{"type":"Feature","id":"gebouw/Gebouw.13387012/0","properties":{"source":"Digitaal Vlaanderen Gebouwenregister","source_id":"gebouw/Gebouw.13387012/0","kind":"building","building":"official","height_m":8.1,"status":null},"geometry":{"type":"Polygon","coordinates":[[[3.93840342,50.89932575],[3.93833777,50.89930656],[3.93835355,50.89928496],[3.93841921,50.89930416],[3.93840342,50.89932575]]]}},{"type":"Feature","id":"gebouw/Gebouw.13387578/0","properties":{"source":"Digitaal Vlaanderen Gebouwenregister","source_id":"gebouw/Gebouw.13387578/0","kind":"building","building":"official","height_m":5.1,"status":null},"geometry":{"type":"Polygon","coordinates":[[[3.93575623,50.89825976],[3.93566771,50.89836327],[3.93556749,50.89832798],[3.93563651,50.89824999],[3.93562684,50.89824599],[3.93566087,50.89820915],[3.93572063,50.89822937],[3.93570978,50.89824171],[3.93575623,50.89825976]]]}},{"type":"Feature","id":"gebouw/Gebouw.13389466/0","properties":{"source":"Digitaal Vlaanderen Gebouwenregister","source_id":"gebouw/Gebouw.13389466/0","kind":"building","building":"official","height_m":8.1,"status":null},"geometry":{"type":"Polygon","coordinates":[[[3.94083116,50.89691928],[3.94081166,50.89691379],[3.94079483,50.89693751],[3.94079123,50.89694259],[3.94071481,50.89692137],[3.94071778,50.89691723],[3.94062441,50.89689094],[3.94062619,50.89688831],[3.94059497,50.89688023],[3.94058725,50.89689076],[3.94051202,50.89686916],[3.9405331,50.89683964],[3.94051288,50.89683438],[3.94057375,50.89672926],[3.94050804,50.89671067],[3.94054989,50.89665978],[3.94059323,50.89667121],[3.94060944,50.89667549],[3.94060553,50.89667943],[3.94068016,50.89669915],[3.94061627,50.89679951],[3.94088478,50.89687483],[3.9408502,50.89692463],[3.94083116,50.89691928]]]}},{"type":"Feature","id":"gebouw/Gebouw.13390156/0","properties":{"source":"Digitaal Vlaanderen Gebouwenregister","source_id":"gebouw/Gebouw.13390156/0","kind":"building","building":"official","height_m":8.1,"status":null},"geometry":{"type":"Polygon","coordinates":[[[3.93326476,50.89889811],[3.93325499,50.89889192],[3.93323369,50.89890537],[3.93320215,50.8988854],[3.93322345,50.89887195],[3.93320773,50.89886199],[3.93325047,50.898835],[3.9333075,50.89887112],[3.93326476,50.89889811]]]}},{"type":"Feature","id":"gebouw/Gebouw.13394946/0","properties":{"source":"Digitaal Vlaanderen Gebouwenregister","source_id":"gebouw/Gebouw.13394946/0","kind":"building","building":"official","height_m":5.1,"status":null},"geometry":{"type":"Polygon","coordinates":[[[3.93859351,50.89665191],[3.93811808,50.89649753],[3.93817083,50.89643673],[3.93864266,50.89659486],[3.93859351,50.89665191]]]}},{"type":"Feature","id":"gebouw/Gebouw.13400532/0","properties":{"source":"Digitaal Vlaanderen Gebouwenregister","source_id":"gebouw/Gebouw.13400532/0","kind":"building","building":"official","height_m":5.1,"status":null},"geometry":{"type":"Polygon","coordinates":[[[3.93583609,50.8980729],[3.93571974,50.89803017],[3.93573167,50.89801718],[3.93575646,50.89802628],[3.93579168,50.89798792],[3.93584439,50.89800727],[3.93582635,50.89802691],[3.93586522,50.89804118],[3.93583609,50.8980729]]]}},{"type":"Feature","id":"gebouw/Gebouw.13401303/0","properties":{"source":"Digitaal Vlaanderen Gebouwenregister","source_id":"gebouw/Gebouw.13401303/0","kind":"building","building":"official","height_m":7.35,"status":null},"geometry":{"type":"Polygon","coordinates":[[[3.93777757,50.90113798],[3.93777861,50.90113842],[3.93777227,50.90114684],[3.93786376,50.90118881],[3.93787028,50.90122013],[3.93786485,50.90122602],[3.93790212,50.90123974],[3.9379481,50.9011977],[3.9381452,50.9012823],[3.9380375,50.90138846],[3.93784611,50.9013056],[3.93782643,50.90132378],[3.93773164,50.90128274],[3.93776229,50.90125444],[3.93754588,50.9011603],[3.9375652,50.90114063],[3.93757894,50.90112758],[3.9375617,50.90112033],[3.9376043,50.90107985],[3.93766212,50.90110478],[3.93767281,50.9010943],[3.93767531,50.90109534],[3.93777757,50.90113798]]]}},{"type":"Feature","id":"gebouw/Gebouw.13406397/0","properties":{"source":"Digitaal Vlaanderen Gebouwenregister","source_id":"gebouw/Gebouw.13406397/0","kind":"building","building":"official","height_m":7.35,"status":null},"geometry":{"type":"Polygon","coordinates":[[[3.93581781,50.89869841],[3.93576402,50.89875592],[3.93577839,50.89876129],[3.93575976,50.89878142],[3.93565164,50.89875867],[3.93573449,50.89866724],[3.93581781,50.89869841]]]}},{"type":"Feature","id":"gebouw/Gebouw.13411394/0","properties":{"source":"Digitaal Vlaanderen Gebouwenregister","source_id":"gebouw/Gebouw.13411394/0","kind":"building","building":"official","height_m":6.6,"status":null},"geometry":{"type":"Polygon","coordinates":[[[3.94085686,50.8960162],[3.94074723,50.89610422],[3.94063906,50.89604927],[3.9407591,50.89595222],[3.94080891,50.89597675],[3.94082036,50.89597375],[3.94084557,50.89598608],[3.94084383,50.89599403],[3.94086905,50.89600642],[3.94085686,50.8960162]]]}},{"type":"Feature","id":"gebouw/Gebouw.13415770/0","properties":{"source":"Digitaal Vlaanderen Gebouwenregister","source_id":"gebouw/Gebouw.13415770/0","kind":"building","building":"official","height_m":8.1,"status":null},"geometry":{"type":"Polygon","coordinates":[[[3.94083189,50.89878783],[3.9407713,50.89886193],[3.9406726,50.89883021],[3.94057427,50.89894662],[3.94059955,50.89895507],[3.94057549,50.89898385],[3.94058738,50.89898836],[3.94055203,50.89902841],[3.94044201,50.89899197],[3.94065736,50.89872963],[3.94083189,50.89878783]]]}},{"type":"Feature","id":"gebouw/Gebouw.13417932/0","properties":{"source":"Digitaal Vlaanderen Gebouwenregister","source_id":"gebouw/Gebouw.13417932/0","kind":"building","building":"official","height_m":5.1,"status":null},"geometry":{"type":"Polygon","coordinates":[[[3.93453094,50.89801183],[3.93449452,50.89805043],[3.93444621,50.89803254],[3.93446809,50.89800891],[3.93446212,50.8980067],[3.93445935,50.89800564],[3.9344328,50.8980097],[3.93442676,50.89799339],[3.93440645,50.89798575],[3.9344974,50.8978889],[3.93452905,50.89789977],[3.93453857,50.89789869],[3.9345569,50.89790517],[3.93456125,50.89791364],[3.93456747,50.89791574],[3.93455873,50.89792528],[3.93459979,50.89793887],[3.93453094,50.89801183]]]}},{"type":"Feature","id":"gebouw/Gebouw.13419555/0","properties":{"source":"Digitaal Vlaanderen Gebouwenregister","source_id":"gebouw/Gebouw.13419555/0","kind":"building","building":"official","height_m":7.35,"status":null},"geometry":{"type":"Polygon","coordinates":[[[3.93887664,50.90070199],[3.93884006,50.90068237],[3.93887998,50.9006526],[3.93891656,50.90067221],[3.93887664,50.90070199]]]}},{"type":"Feature","id":"gebouw/Gebouw.13420110/0","properties":{"source":"Digitaal Vlaanderen Gebouwenregister","source_id":"gebouw/Gebouw.13420110/0","kind":"building","building":"official","height_m":5.1,"status":null},"geometry":{"type":"Polygon","coordinates":[[[3.93993541,50.89792432],[3.93986772,50.8980051],[3.93976564,50.89797179],[3.93976792,50.89796902],[3.93983371,50.89789013],[3.93993541,50.89792432]]]}},{"type":"Feature","id":"gebouw/Gebouw.13424662/0","properties":{"source":"Digitaal Vlaanderen Gebouwenregister","source_id":"gebouw/Gebouw.13424662/0","kind":"building","building":"official","height_m":8.1,"status":null},"geometry":{"type":"Polygon","coordinates":[[[3.9337646,50.89812667],[3.93366554,50.89819455],[3.9336223,50.89816755],[3.93364605,50.89815029],[3.93361671,50.89813394],[3.93366927,50.89809853],[3.93363524,50.89807914],[3.93363726,50.89806603],[3.93362011,50.8980568],[3.93374406,50.89797105],[3.9338238,50.89801719],[3.93378294,50.89804575],[3.93380021,50.89805732],[3.93374671,50.89809555],[3.93373557,50.89808871],[3.93371787,50.89810002],[3.9337646,50.89812667]]]}},{"type":"Feature","id":"gebouw/Gebouw.13427285/0","properties":{"source":"Digitaal Vlaanderen Gebouwenregister","source_id":"gebouw/Gebouw.13427285/0","kind":"building","building":"official","height_m":8.85,"status":null},"geometry":{"type":"Polygon","coordinates":[[[3.9366181,50.89837077],[3.93655093,50.89837743],[3.93662398,50.89826264],[3.93668148,50.89828292],[3.9366181,50.89837077]]]}},{"type":"Feature","id":"gebouw/Gebouw.13433003/0","properties":{"source":"Digitaal Vlaanderen Gebouwenregister","source_id":"gebouw/Gebouw.13433003/0","kind":"building","building":"official","height_m":8.85,"status":null},"geometry":{"type":"Polygon","coordinates":[[[3.93760862,50.89968756],[3.93755797,50.89967003],[3.93758934,50.89963379],[3.93764,50.89965133],[3.93760862,50.89968756]]]}},{"type":"Feature","id":"gebouw/Gebouw.13434990/0","properties":{"source":"Digitaal Vlaanderen Gebouwenregister","source_id":"gebouw/Gebouw.13434990/0","kind":"building","building":"official","height_m":5.1,"status":null},"geometry":{"type":"Polygon","coordinates":[[[3.93123292,50.89541724],[3.93118336,50.89542314],[3.93110104,50.89543294],[3.93109083,50.89540166],[3.93108242,50.89537585],[3.93104827,50.89527109],[3.93118339,50.89525372],[3.93123292,50.89541724]]]}},{"type":"Feature","id":"gebouw/Gebouw.13435016/0","properties":{"source":"Digitaal Vlaanderen Gebouwenregister","source_id":"gebouw/Gebouw.13435016/0","kind":"building","building":"official","height_m":6.6,"status":null},"geometry":{"type":"Polygon","coordinates":[[[3.93670817,50.90149566],[3.93673327,50.90149957],[3.93673226,50.90150238],[3.93671663,50.90154608],[3.93665764,50.90153583],[3.93667722,50.90149084],[3.93670817,50.90149566]]]}},{"type":"Feature","id":"gebouw/Gebouw.13435705/0","properties":{"source":"Digitaal Vlaanderen Gebouwenregister","source_id":"gebouw/Gebouw.13435705/0","kind":"building","building":"official","height_m":5.85,"status":null},"geometry":{"type":"Polygon","coordinates":[[[3.94098606,50.89725969],[3.94082451,50.89721981],[3.94078474,50.89728534],[3.94109471,50.89738716],[3.94112073,50.89735594],[3.94097086,50.89731048],[3.94100024,50.89726319],[3.94098606,50.89725969]]]}},{"type":"Feature","id":"gebouw/Gebouw.13438591/0","properties":{"source":"Digitaal Vlaanderen Gebouwenregister","source_id":"gebouw/Gebouw.13438591/0","kind":"building","building":"official","height_m":5.85,"status":null},"geometry":{"type":"Polygon","coordinates":[[[3.93653004,50.90043699],[3.9364129,50.90039644],[3.93643246,50.90037389],[3.93654898,50.90041414],[3.93653004,50.90043699]]]}},{"type":"Feature","id":"gebouw/Gebouw.13443359/0","properties":{"source":"Digitaal Vlaanderen Gebouwenregister","source_id":"gebouw/Gebouw.13443359/0","kind":"building","building":"official","height_m":8.85,"status":null},"geometry":{"type":"Polygon","coordinates":[[[3.94025063,50.89743944],[3.94026161,50.8974267],[3.94033283,50.89745064],[3.94037757,50.89739755],[3.94018309,50.89732805],[3.94012366,50.89739718],[3.94014414,50.89740399],[3.94012893,50.89742227],[3.94020206,50.89744661],[3.94021727,50.89742834],[3.94025063,50.89743944]]]}},{"type":"Feature","id":"gebouw/Gebouw.13443633/0","properties":{"source":"Digitaal Vlaanderen Gebouwenregister","source_id":"gebouw/Gebouw.13443633/0","kind":"building","building":"official","height_m":7.35,"status":null},"geometry":{"type":"Polygon","coordinates":[[[3.94014207,50.89758435],[3.94008928,50.89756681],[3.94010541,50.89754741],[3.94015819,50.89756495],[3.94014207,50.89758435]]]}},{"type":"Feature","id":"gebouw/Gebouw.13450051/0","properties":{"source":"Digitaal Vlaanderen Gebouwenregister","source_id":"gebouw/Gebouw.13450051/0","kind":"building","building":"official","height_m":5.85,"status":null},"geometry":{"type":"Polygon","coordinates":[[[3.9370292,50.90062852],[3.93701589,50.90064686],[3.93717326,50.90068926],[3.93735906,50.90073933],[3.93731784,50.90080217],[3.93712382,50.90074919],[3.93696315,50.90070532],[3.93699738,50.90065466],[3.93694676,50.90064031],[3.93696972,50.90060962],[3.9370292,50.90062852]]]}},{"type":"Feature","id":"gebouw/Gebouw.13455566/0","properties":{"source":"Digitaal Vlaanderen Gebouwenregister","source_id":"gebouw/Gebouw.13455566/0","kind":"building","building":"official","height_m":6.6,"status":null},"geometry":{"type":"Polygon","coordinates":[[[3.93644812,50.90053879],[3.93632372,50.90049223],[3.93634212,50.90047258],[3.93646652,50.90051914],[3.93644812,50.90053879]]]}},{"type":"Feature","id":"gebouw/Gebouw.13456204/0","properties":{"source":"Digitaal Vlaanderen Gebouwenregister","source_id":"gebouw/Gebouw.13456204/0","kind":"building","building":"official","height_m":8.1,"status":null},"geometry":{"type":"Polygon","coordinates":[[[3.93811028,50.89958516],[3.93798603,50.89972577],[3.93785293,50.89967926],[3.93794495,50.89957362],[3.93792985,50.8995696],[3.93795969,50.89953575],[3.93798839,50.8995451],[3.9379908,50.8995421],[3.93811028,50.89958516]]]}},{"type":"Feature","id":"gebouw/Gebouw.13457788/0","properties":{"source":"Digitaal Vlaanderen Gebouwenregister","source_id":"gebouw/Gebouw.13457788/0","kind":"building","building":"official","height_m":8.1,"status":null},"geometry":{"type":"Polygon","coordinates":[[[3.93796564,50.9002735],[3.93812262,50.90033534],[3.93802848,50.90042546],[3.93787624,50.90036514],[3.93788065,50.90036064],[3.93790471,50.9003701],[3.93792582,50.90034861],[3.93792947,50.90034494],[3.93795152,50.90032137],[3.93792787,50.90031252],[3.93793205,50.90030806],[3.9379476,50.90031388],[3.93797301,50.90028673],[3.93797577,50.90028377],[3.93796134,50.90027811],[3.93796564,50.9002735]]]}},{"type":"Feature","id":"gebouw/Gebouw.13458443/0","properties":{"source":"Digitaal Vlaanderen Gebouwenregister","source_id":"gebouw/Gebouw.13458443/0","kind":"building","building":"official","height_m":8.85,"status":null},"geometry":{"type":"Polygon","coordinates":[[[3.93755663,50.90135142],[3.93754957,50.90135806],[3.93738367,50.90128539],[3.9374558,50.90121882],[3.93745752,50.90121711],[3.93745182,50.90121481],[3.93745479,50.90121188],[3.93762756,50.90128473],[3.93760782,50.90130329],[3.93755663,50.90135142]]]}},{"type":"Feature","id":"gebouw/Gebouw.13460413/0","properties":{"source":"Digitaal Vlaanderen Gebouwenregister","source_id":"gebouw/Gebouw.13460413/0","kind":"building","building":"official","height_m":5.85,"status":null},"geometry":{"type":"Polygon","coordinates":[[[3.93492714,50.89826984],[3.93488065,50.89825177],[3.93487917,50.89825312],[3.93483823,50.89823755],[3.934915,50.89815809],[3.93492199,50.89816047],[3.93493192,50.89815057],[3.934888,50.89813382],[3.93489964,50.89812193],[3.93493273,50.89808807],[3.93494366,50.89807689],[3.93495551,50.89806477],[3.93499727,50.89808082],[3.93497565,50.89810429],[3.93494335,50.89813935],[3.93498298,50.89815308],[3.9350152,50.89811924],[3.93505945,50.89813596],[3.93502054,50.89817532],[3.93492714,50.89826984]]]}},{"type":"Feature","id":"gebouw/Gebouw.13466356/0","properties":{"source":"Digitaal Vlaanderen Gebouwenregister","source_id":"gebouw/Gebouw.13466356/0","kind":"building","building":"official","height_m":8.1,"status":null},"geometry":{"type":"Polygon","coordinates":[[[3.93716996,50.89827137],[3.93702802,50.89827324],[3.93702487,50.8981466],[3.93716621,50.89814511],[3.93716996,50.89827137]]]}},{"type":"Feature","id":"gebouw/Gebouw.13467658/0","properties":{"source":"Digitaal Vlaanderen Gebouwenregister","source_id":"gebouw/Gebouw.13467658/0","kind":"building","building":"official","height_m":8.1,"status":null},"geometry":{"type":"Polygon","coordinates":[[[3.94080972,50.89756515],[3.94085086,50.89769194],[3.9408354,50.89768894],[3.94078962,50.89774608],[3.94070693,50.89771439],[3.94063251,50.89768587],[3.94067303,50.89763597],[3.94050205,50.89758206],[3.94057569,50.89749321],[3.94069657,50.89753037],[3.94072867,50.89754024],[3.94080972,50.89756515]]]}},{"type":"Feature","id":"gebouw/Gebouw.13471053/0","properties":{"source":"Digitaal Vlaanderen Gebouwenregister","source_id":"gebouw/Gebouw.13471053/0","kind":"building","building":"official","height_m":7.35,"status":null},"geometry":{"type":"Polygon","coordinates":[[[3.93714826,50.89995065],[3.93709507,50.89992704],[3.93713349,50.89989247],[3.93718663,50.89991609],[3.93714826,50.89995065]]]}},{"type":"Feature","id":"gebouw/Gebouw.13477219/0","properties":{"source":"Digitaal Vlaanderen Gebouwenregister","source_id":"gebouw/Gebouw.13477219/0","kind":"building","building":"official","height_m":5.85,"status":null},"geometry":{"type":"Polygon","coordinates":[[[3.94020669,50.89960995],[3.94013768,50.89966354],[3.94004205,50.89973778],[3.94018214,50.89981163],[3.94011795,50.89986053],[3.93953501,50.89955988],[3.93969378,50.89943846],[3.9397662,50.89938308],[3.94020669,50.89960995]]]}},{"type":"Feature","id":"gebouw/Gebouw.13478916/0","properties":{"source":"Digitaal Vlaanderen Gebouwenregister","source_id":"gebouw/Gebouw.13478916/0","kind":"building","building":"official","height_m":5.1,"status":null},"geometry":{"type":"Polygon","coordinates":[[[3.93966846,50.89819277],[3.93969965,50.89815436],[3.93974317,50.89811627],[3.93961203,50.89807288],[3.93958871,50.89810167],[3.93956253,50.89809332],[3.93951957,50.89814721],[3.9394379,50.89812116],[3.93943113,50.89812965],[3.93928825,50.8980841],[3.93927778,50.89809723],[3.93926752,50.89809396],[3.93925721,50.89810585],[3.93928568,50.89811501],[3.93960007,50.89821612],[3.93963933,50.89822864],[3.93966846,50.89819277]]]}},{"type":"Feature","id":"gebouw/Gebouw.13487078/0","properties":{"source":"Digitaal Vlaanderen Gebouwenregister","source_id":"gebouw/Gebouw.13487078/0","kind":"building","building":"official","height_m":6.6,"status":null},"geometry":{"type":"Polygon","coordinates":[[[3.94126688,50.89669177],[3.9413885,50.896722],[3.94134655,50.89678888],[3.94136975,50.89679489],[3.9413454,50.89683363],[3.94116134,50.89678612],[3.94119298,50.89673616],[3.94123259,50.89674599],[3.94126688,50.89669177]]]}},{"type":"Feature","id":"gebouw/Gebouw.13489901/0","properties":{"source":"Digitaal Vlaanderen Gebouwenregister","source_id":"gebouw/Gebouw.13489901/0","kind":"building","building":"official","height_m":8.85,"status":null},"geometry":{"type":"Polygon","coordinates":[[[3.93799132,50.90045799],[3.93807913,50.90049428],[3.93810451,50.90046972],[3.9380167,50.90043343],[3.93799132,50.90045799]]]}},{"type":"Feature","id":"gebouw/Gebouw.13498447/0","properties":{"source":"Digitaal Vlaanderen Gebouwenregister","source_id":"gebouw/Gebouw.13498447/0","kind":"building","building":"official","height_m":5.85,"status":null},"geometry":{"type":"Polygon","coordinates":[[[3.9307748,50.89763067],[3.93076975,50.89777202],[3.93067818,50.89776964],[3.93068006,50.8977329],[3.9306273,50.89773273],[3.93063315,50.89762721],[3.9307748,50.89763067]]]}},{"type":"Feature","id":"gebouw/Gebouw.13498636/0","properties":{"source":"Digitaal Vlaanderen Gebouwenregister","source_id":"gebouw/Gebouw.13498636/0","kind":"building","building":"official","height_m":8.1,"status":null},"geometry":{"type":"Polygon","coordinates":[[[3.93828366,50.89800834],[3.93835362,50.89803035],[3.93825583,50.8981516],[3.93816605,50.8981235],[3.93818581,50.89809825],[3.93816887,50.89809295],[3.93814197,50.89808435],[3.93821657,50.89798723],[3.93821748,50.89798751],[3.93828366,50.89800834]]]}},{"type":"Feature","id":"gebouw/Gebouw.13500256/0","properties":{"source":"Digitaal Vlaanderen Gebouwenregister","source_id":"gebouw/Gebouw.13500256/0","kind":"building","building":"official","height_m":8.1,"status":null},"geometry":{"type":"Polygon","coordinates":[[[3.94086613,50.89670374],[3.94066305,50.89665248],[3.94072363,50.89655958],[3.9407599,50.89656822],[3.94075584,50.89657706],[3.94092116,50.89662025],[3.94086613,50.89670374]]]}},{"type":"Feature","id":"gebouw/Gebouw.13500851/0","properties":{"source":"Digitaal Vlaanderen Gebouwenregister","source_id":"gebouw/Gebouw.13500851/0","kind":"building","building":"official","height_m":8.85,"status":null},"geometry":{"type":"Polygon","coordinates":[[[3.93710688,50.89775093],[3.93690369,50.89767336],[3.93689605,50.89767044],[3.93701496,50.89754686],[3.93707429,50.89757065],[3.9370533,50.89759151],[3.93698794,50.89765645],[3.93704332,50.89767738],[3.9370635,50.8976555],[3.93705966,50.89765379],[3.93710034,50.89760834],[3.93720091,50.89764431],[3.93710688,50.89775093]]]}},{"type":"Feature","id":"gebouw/Gebouw.13502759/0","properties":{"source":"Digitaal Vlaanderen Gebouwenregister","source_id":"gebouw/Gebouw.13502759/0","kind":"building","building":"official","height_m":8.85,"status":null},"geometry":{"type":"Polygon","coordinates":[[[3.93673222,50.90100914],[3.93676932,50.90097096],[3.93687429,50.90101173],[3.93683719,50.90104992],[3.93673222,50.90100914]]]}},{"type":"Feature","id":"gebouw/Gebouw.13505277/0","properties":{"source":"Digitaal Vlaanderen Gebouwenregister","source_id":"gebouw/Gebouw.13505277/0","kind":"building","building":"official","height_m":7.35,"status":null},"geometry":{"type":"Polygon","coordinates":[[[3.93577279,50.89838103],[3.93585225,50.89829457],[3.93587682,50.89826784],[3.93581218,50.898242],[3.93583413,50.89822126],[3.93580134,50.89820702],[3.93575623,50.89825976],[3.93566771,50.89836327],[3.93575844,50.89839664],[3.93577279,50.89838103]]]}},{"type":"Feature","id":"gebouw/Gebouw.13505283/0","properties":{"source":"Digitaal Vlaanderen Gebouwenregister","source_id":"gebouw/Gebouw.13505283/0","kind":"building","building":"official","height_m":7.35,"status":null},"geometry":{"type":"Polygon","coordinates":[[[3.93844573,50.89943566],[3.93844561,50.89943578],[3.93844476,50.89943659],[3.93832798,50.89954781],[3.93824136,50.89951412],[3.93830667,50.899447],[3.93829012,50.89944016],[3.93831275,50.89941807],[3.93833651,50.8994278],[3.93836184,50.89940307],[3.93844573,50.89943566]]]}},{"type":"Feature","id":"gebouw/Gebouw.13510620/0","properties":{"source":"Digitaal Vlaanderen Gebouwenregister","source_id":"gebouw/Gebouw.13510620/0","kind":"building","building":"official","height_m":5.1,"status":null},"geometry":{"type":"Polygon","coordinates":[[[3.9395296,50.89830225],[3.93949807,50.89830532],[3.93945307,50.89829043],[3.93941274,50.89827709],[3.93946136,50.89821767],[3.93942444,50.89820559],[3.93943478,50.89819295],[3.93938758,50.89817751],[3.93934591,50.89827017],[3.93933364,50.89829745],[3.93933177,50.89830161],[3.93927441,50.89830134],[3.93921422,50.89830106],[3.93920234,50.898301],[3.93925961,50.89815415],[3.93928568,50.89811501],[3.93960007,50.89821612],[3.93952952,50.89830142],[3.9395296,50.89830225]]]}},{"type":"Feature","id":"gebouw/Gebouw.13512837/0","properties":{"source":"Digitaal Vlaanderen Gebouwenregister","source_id":"gebouw/Gebouw.13512837/0","kind":"building","building":"official","height_m":7.35,"status":null},"geometry":{"type":"Polygon","coordinates":[[[3.93723892,50.90083984],[3.93715058,50.90093938],[3.93702427,50.90089647],[3.93706466,50.90085286],[3.93703301,50.90084237],[3.93708002,50.90078925],[3.93711198,50.90079918],[3.937115,50.90079544],[3.93723892,50.90083984]]]}},{"type":"Feature","id":"gebouw/Gebouw.13518886/0","properties":{"source":"Digitaal Vlaanderen Gebouwenregister","source_id":"gebouw/Gebouw.13518886/0","kind":"building","building":"official","height_m":8.1,"status":null},"geometry":{"type":"Polygon","coordinates":[[[3.93686892,50.90119154],[3.93676055,50.90116206],[3.93681029,50.90110501],[3.93691865,50.90113487],[3.93686892,50.90119154]]]}},{"type":"Feature","id":"gebouw/Gebouw.13522801/0","properties":{"source":"Digitaal Vlaanderen Gebouwenregister","source_id":"gebouw/Gebouw.13522801/0","kind":"building","building":"official","height_m":5.85,"status":null},"geometry":{"type":"Polygon","coordinates":[[[3.93742134,50.8968107],[3.93775382,50.8964138],[3.93840016,50.89663142],[3.93803222,50.89706955],[3.93740455,50.89685932],[3.93738585,50.89685306],[3.93742134,50.8968107]]]}},{"type":"Feature","id":"gebouw/Gebouw.13526825/0","properties":{"source":"Digitaal Vlaanderen Gebouwenregister","source_id":"gebouw/Gebouw.13526825/0","kind":"building","building":"official","height_m":8.85,"status":null},"geometry":{"type":"Polygon","coordinates":[[[3.93598576,50.89879664],[3.9359701,50.89882238],[3.93596824,50.89882544],[3.93592796,50.89881595],[3.93594499,50.89878704],[3.93598576,50.89879664]]]}},{"type":"Feature","id":"gebouw/Gebouw.13533029/0","properties":{"source":"Digitaal Vlaanderen Gebouwenregister","source_id":"gebouw/Gebouw.13533029/0","kind":"building","building":"official","height_m":8.85,"status":null},"geometry":{"type":"Polygon","coordinates":[[[3.93650405,50.90139262],[3.9364632,50.90138076],[3.93649405,50.90133808],[3.93653549,50.90134994],[3.93650405,50.90139262]]]}},{"type":"Feature","id":"gebouw/Gebouw.13533472/0","properties":{"source":"Digitaal Vlaanderen Gebouwenregister","source_id":"gebouw/Gebouw.13533472/0","kind":"building","building":"official","height_m":8.1,"status":null},"geometry":{"type":"Polygon","coordinates":[[[3.94097233,50.89891494],[3.94090507,50.89899537],[3.94085462,50.89898058],[3.94088908,50.89893695],[3.94088462,50.89893188],[3.9408965,50.89891947],[3.94090482,50.89891909],[3.94091611,50.89890555],[3.94082779,50.89887681],[3.94088684,50.89880616],[3.94089255,50.89879933],[3.94103002,50.89884594],[3.94097233,50.89891494]]]}},{"type":"Feature","id":"gebouw/Gebouw.13535924/0","properties":{"source":"Digitaal Vlaanderen Gebouwenregister","source_id":"gebouw/Gebouw.13535924/0","kind":"building","building":"official","height_m":6.6,"status":null},"geometry":{"type":"Polygon","coordinates":[[[3.9318896,50.89770778],[3.93191876,50.89772258],[3.93191183,50.89772819],[3.93199094,50.8977683],[3.93187931,50.8978539],[3.93177084,50.89780117],[3.9318896,50.89770778]]]}},{"type":"Feature","id":"gebouw/Gebouw.13536261/0","properties":{"source":"Digitaal Vlaanderen Gebouwenregister","source_id":"gebouw/Gebouw.13536261/0","kind":"building","building":"official","height_m":7.35,"status":null},"geometry":{"type":"Polygon","coordinates":[[[3.93462584,50.89764692],[3.93454749,50.89761741],[3.93459626,50.8975673],[3.93467222,50.89759719],[3.93462584,50.89764692]]]}},{"type":"Feature","id":"gebouw/Gebouw.13539056/0","properties":{"source":"Digitaal Vlaanderen Gebouwenregister","source_id":"gebouw/Gebouw.13539056/0","kind":"building","building":"official","height_m":6.6,"status":null},"geometry":{"type":"Polygon","coordinates":[[[3.94028161,50.89868868],[3.94025208,50.89872759],[3.94018867,50.89881113],[3.94018597,50.89881468],[3.94039482,50.89887816],[3.94037072,50.89890986],[3.94042397,50.89892604],[3.94044721,50.89889547],[3.94045342,50.89889736],[3.94052174,50.89880747],[3.94034342,50.89875192],[3.94037096,50.8987165],[3.94028161,50.89868868]]]}},{"type":"Feature","id":"gebouw/Gebouw.13554997/0","properties":{"source":"Digitaal Vlaanderen Gebouwenregister","source_id":"gebouw/Gebouw.13554997/0","kind":"building","building":"official","height_m":5.85,"status":null},"geometry":{"type":"Polygon","coordinates":[[[3.93232971,50.89775704],[3.93227482,50.89779798],[3.93217693,50.89774727],[3.93225088,50.89769382],[3.93228864,50.89771466],[3.93233281,50.897619],[3.93233316,50.89761824],[3.93242277,50.89763477],[3.93242366,50.89763494],[3.93238718,50.89771417],[3.93232971,50.89775704]]]}},{"type":"Feature","id":"gebouw/Gebouw.13574797/0","properties":{"source":"Digitaal Vlaanderen Gebouwenregister","source_id":"gebouw/Gebouw.13574797/0","kind":"building","building":"official","height_m":5.85,"status":null},"geometry":{"type":"Polygon","coordinates":[[[3.93258466,50.89784272],[3.93262185,50.89786452],[3.9325604,50.89790505],[3.93252605,50.89788439],[3.93258466,50.89784272]]]}},{"type":"Feature","id":"gebouw/Gebouw.13574968/0","properties":{"source":"Digitaal Vlaanderen Gebouwenregister","source_id":"gebouw/Gebouw.13574968/0","kind":"building","building":"official","height_m":8.1,"status":null},"geometry":{"type":"Polygon","coordinates":[[[3.9409841,50.89903887],[3.94094426,50.89903625],[3.94094661,50.89900541],[3.94098973,50.89900822],[3.9409841,50.89903887]]]}},{"type":"Feature","id":"gebouw/Gebouw.13584895/0","properties":{"source":"Digitaal Vlaanderen Gebouwenregister","source_id":"gebouw/Gebouw.13584895/0","kind":"building","building":"official","height_m":5.85,"status":null},"geometry":{"type":"Polygon","coordinates":[[[3.9318896,50.89770778],[3.93177084,50.89780117],[3.93166135,50.89774793],[3.93178322,50.89765341],[3.9318896,50.89770778]]]}},{"type":"Feature","id":"gebouw/Gebouw.13588994/0","properties":{"source":"Digitaal Vlaanderen Gebouwenregister","source_id":"gebouw/Gebouw.13588994/0","kind":"building","building":"official","height_m":6.6,"status":null},"geometry":{"type":"Polygon","coordinates":[[[3.9330702,50.89880787],[3.93298574,50.89875949],[3.93303028,50.89872839],[3.93307001,50.89875114],[3.93305424,50.89876215],[3.93309898,50.89878777],[3.9330702,50.89880787]]]}},{"type":"Feature","id":"gebouw/Gebouw.13589062/0","properties":{"source":"Digitaal Vlaanderen Gebouwenregister","source_id":"gebouw/Gebouw.13589062/0","kind":"building","building":"official","height_m":8.1,"status":null},"geometry":{"type":"Polygon","coordinates":[[[3.94065514,50.89928863],[3.94060019,50.89935464],[3.94053447,50.89933303],[3.94055051,50.89931197],[3.94045267,50.8992791],[3.94048743,50.89923565],[3.94065514,50.89928863]]]}},{"type":"Feature","id":"gebouw/Gebouw.13603583/0","properties":{"source":"Digitaal Vlaanderen Gebouwenregister","source_id":"gebouw/Gebouw.13603583/0","kind":"building","building":"official","height_m":8.85,"status":null},"geometry":{"type":"Polygon","coordinates":[[[3.93671106,50.90051472],[3.93664258,50.90049238],[3.93666062,50.90047028],[3.9367291,50.90049262],[3.93671106,50.90051472]]]}},{"type":"Feature","id":"gebouw/Gebouw.13603888/0","properties":{"source":"Digitaal Vlaanderen Gebouwenregister","source_id":"gebouw/Gebouw.13603888/0","kind":"building","building":"official","height_m":8.1,"status":null},"geometry":{"type":"Polygon","coordinates":[[[3.93965394,50.89747003],[3.93959718,50.89745376],[3.93965981,50.89736644],[3.93971657,50.89738271],[3.93965394,50.89747003]]]}},{"type":"Feature","id":"gebouw/Gebouw.13604108/0","properties":{"source":"Digitaal Vlaanderen Gebouwenregister","source_id":"gebouw/Gebouw.13604108/0","kind":"building","building":"official","height_m":6.6,"status":null},"geometry":{"type":"Polygon","coordinates":[[[3.93928192,50.89854548],[3.93927291,50.89855423],[3.93921742,50.89860813],[3.93914266,50.89857638],[3.93920638,50.89851407],[3.93927423,50.89854228],[3.93928192,50.89854548]]]}},{"type":"Feature","id":"gebouw/Gebouw.13634307/0","properties":{"source":"Digitaal Vlaanderen Gebouwenregister","source_id":"gebouw/Gebouw.13634307/0","kind":"building","building":"official","height_m":7.35,"status":null},"geometry":{"type":"Polygon","coordinates":[[[3.93596844,50.89862181],[3.93595537,50.89863933],[3.93584852,50.89860779],[3.93588185,50.8985667],[3.93590042,50.8985438],[3.9359104,50.898547],[3.93592816,50.89852477],[3.93603476,50.89851711],[3.93604196,50.8985581],[3.93601553,50.89855867],[3.93596844,50.89862181]]]}},{"type":"Feature","id":"gebouw/Gebouw.13660367/0","properties":{"source":"Digitaal Vlaanderen Gebouwenregister","source_id":"gebouw/Gebouw.13660367/0","kind":"building","building":"official","height_m":8.85,"status":null},"geometry":{"type":"Polygon","coordinates":[[[3.93208598,50.89829286],[3.93205436,50.89827475],[3.93208705,50.89825191],[3.93211868,50.89827002],[3.93208598,50.89829286]]]}},{"type":"Feature","id":"gebouw/Gebouw.13706060/0","properties":{"source":"Digitaal Vlaanderen Gebouwenregister","source_id":"gebouw/Gebouw.13706060/0","kind":"building","building":"official","height_m":6.6,"status":null},"geometry":{"type":"Polygon","coordinates":[[[3.94076405,50.89851621],[3.94059849,50.89845703],[3.94039255,50.89838341],[3.94035396,50.89842619],[3.94028319,50.89840094],[3.94023039,50.89838202],[3.94018671,50.89843075],[3.93989624,50.89832661],[3.94004647,50.89815905],[3.93996691,50.89813047],[3.94004505,50.89804362],[3.94006161,50.89802522],[3.94011743,50.89804475],[3.9401204,50.89804579],[3.94014141,50.89805315],[3.94026561,50.89809661],[3.94025681,50.89810547],[3.94026978,50.89811012],[3.94028026,50.89809913],[3.94031779,50.89811241],[3.94030757,50.89812367],[3.94074639,50.89828094],[3.94091699,50.89834266],[3.94076405,50.89851621]]]}},{"type":"Feature","id":"gebouw/Gebouw.13706499/0","properties":{"source":"Digitaal Vlaanderen Gebouwenregister","source_id":"gebouw/Gebouw.13706499/0","kind":"building","building":"official","height_m":7.35,"status":null},"geometry":{"type":"Polygon","coordinates":[[[3.93243037,50.895016],[3.93237257,50.89498878],[3.93241501,50.89495274],[3.9324728,50.89497996],[3.93243037,50.895016]]]}},{"type":"Feature","id":"gebouw/Gebouw.13762548/0","properties":{"source":"Digitaal Vlaanderen Gebouwenregister","source_id":"gebouw/Gebouw.13762548/0","kind":"building","building":"official","height_m":5.1,"status":null},"geometry":{"type":"Polygon","coordinates":[[[3.94112837,50.89913791],[3.94105194,50.89910879],[3.94108253,50.899074],[3.94116104,50.89910218],[3.94112837,50.89913791]]]}},{"type":"Feature","id":"gebouw/Gebouw.13762724/0","properties":{"source":"Digitaal Vlaanderen Gebouwenregister","source_id":"gebouw/Gebouw.13762724/0","kind":"building","building":"official","height_m":6.6,"status":null},"geometry":{"type":"Polygon","coordinates":[[[3.93455102,50.89831618],[3.93467087,50.89838249],[3.93461718,50.89842261],[3.93463764,50.89843582],[3.93456747,50.89848731],[3.93455863,50.89848201],[3.93453796,50.89849561],[3.93440451,50.89842084],[3.93455102,50.89831618]]]}},{"type":"Feature","id":"gebouw/Gebouw.13762786/0","properties":{"source":"Digitaal Vlaanderen Gebouwenregister","source_id":"gebouw/Gebouw.13762786/0","kind":"building","building":"official","height_m":8.1,"status":null},"geometry":{"type":"Polygon","coordinates":[[[3.94122672,50.89595795],[3.94127148,50.89597741],[3.94125038,50.89599716],[3.94120521,50.89597825],[3.94115785,50.8959586],[3.94109861,50.89593027],[3.94108863,50.89593766],[3.94104899,50.89591611],[3.94099096,50.89588479],[3.94099956,50.89587832],[3.94095662,50.89574964],[3.9409564,50.89574615],[3.94095705,50.89574532],[3.94096708,50.89573779],[3.94098358,50.89572561],[3.94099161,50.89571968],[3.94103872,50.89574453],[3.94105373,50.89575331],[3.9410608,50.89574847],[3.94117667,50.89581624],[3.9411796,50.89581795],[3.94111423,50.8958661],[3.94115081,50.89588545],[3.94117666,50.89586533],[3.94117016,50.8958609],[3.9412082,50.89583381],[3.94121186,50.89583591],[3.94130154,50.89588734],[3.94122672,50.89595795]]]}},{"type":"Feature","id":"gebouw/Gebouw.13772881/0","properties":{"source":"Digitaal Vlaanderen Gebouwenregister","source_id":"gebouw/Gebouw.13772881/0","kind":"building","building":"official","height_m":5.85,"status":null},"geometry":{"type":"Polygon","coordinates":[[[3.93742099,50.89824982],[3.9373588,50.89825071],[3.93735788,50.89822556],[3.93734366,50.89822577],[3.93733145,50.89822595],[3.93733286,50.89826464],[3.9372728,50.8982653],[3.93726839,50.89814354],[3.93730647,50.89814328],[3.93730524,50.89809969],[3.93745709,50.89809652],[3.93745722,50.89815645],[3.93741979,50.89815663],[3.93742099,50.89824982]]]}},{"type":"Feature","id":"gebouw/Gebouw.13773490/0","properties":{"source":"Digitaal Vlaanderen Gebouwenregister","source_id":"gebouw/Gebouw.13773490/0","kind":"building","building":"official","height_m":8.1,"status":null},"geometry":{"type":"Polygon","coordinates":[[[3.94087136,50.89614395],[3.94076439,50.8962331],[3.94079555,50.89624812],[3.94072071,50.89630828],[3.94068774,50.89629291],[3.9407121,50.89627109],[3.9406421,50.89623706],[3.94069107,50.89619777],[3.94079956,50.89611074],[3.94087136,50.89614395]]]}},{"type":"Feature","id":"gebouw/Gebouw.13839465/0","properties":{"source":"Digitaal Vlaanderen Gebouwenregister","source_id":"gebouw/Gebouw.13839465/0","kind":"building","building":"official","height_m":7.35,"status":null},"geometry":{"type":"Polygon","coordinates":[[[3.9380774,50.90055312],[3.93803121,50.90053266],[3.93805411,50.90051198],[3.93810031,50.90053245],[3.9380774,50.90055312]]]}},{"type":"Feature","id":"gebouw/Gebouw.13839663/0","properties":{"source":"Digitaal Vlaanderen Gebouwenregister","source_id":"gebouw/Gebouw.13839663/0","kind":"building","building":"official","height_m":7.35,"status":null},"geometry":{"type":"Polygon","coordinates":[[[3.9412055,50.89787289],[3.94108679,50.89783108],[3.94111536,50.89779802],[3.94123643,50.89784068],[3.9412055,50.89787289]]]}},{"type":"Feature","id":"gebouw/Gebouw.14960739/0","properties":{"source":"Digitaal Vlaanderen Gebouwenregister","source_id":"gebouw/Gebouw.14960739/0","kind":"building","building":"official","height_m":7.35,"status":null},"geometry":{"type":"Polygon","coordinates":[[[3.9347189,50.89803013],[3.93468201,50.89806922],[3.9346456,50.8981078],[3.93449452,50.89805043],[3.93453094,50.89801183],[3.93459979,50.89793887],[3.9346113,50.89792667],[3.93471566,50.89796577],[3.93467613,50.89800929],[3.9347225,50.89802631],[3.9347189,50.89803013]]]}},{"type":"Feature","id":"gebouw/Gebouw.16670973/0","properties":{"source":"Digitaal Vlaanderen Gebouwenregister","source_id":"gebouw/Gebouw.16670973/0","kind":"building","building":"official","height_m":7.35,"status":null},"geometry":{"type":"Polygon","coordinates":[[[3.93654018,50.90144878],[3.93656194,50.90141996],[3.93666052,50.9014477],[3.93664097,50.90147691],[3.93654018,50.90144878]]]}},{"type":"Feature","id":"gebouw/Gebouw.16690561/0","properties":{"source":"Digitaal Vlaanderen Gebouwenregister","source_id":"gebouw/Gebouw.16690561/0","kind":"building","building":"official","height_m":5.85,"status":null},"geometry":{"type":"Polygon","coordinates":[[[3.93080512,50.89783797],[3.93076406,50.89783685],[3.93076739,50.89778822],[3.93080845,50.89778934],[3.93080512,50.89783797]]]}},{"type":"Feature","id":"gebouw/Gebouw.16699980/0","properties":{"source":"Digitaal Vlaanderen Gebouwenregister","source_id":"gebouw/Gebouw.16699980/0","kind":"building","building":"official","height_m":5.1,"status":null},"geometry":{"type":"Polygon","coordinates":[[[3.93681055,50.90134304],[3.93676408,50.90132909],[3.93678888,50.90129503],[3.9368655,50.90132115],[3.93684105,50.90135128],[3.93681055,50.90134304]]]}},{"type":"Feature","id":"gebouw/Gebouw.16702041/0","properties":{"source":"Digitaal Vlaanderen Gebouwenregister","source_id":"gebouw/Gebouw.16702041/0","kind":"building","building":"official","height_m":7.35,"status":null},"geometry":{"type":"Polygon","coordinates":[[[3.94036381,50.89784944],[3.94052112,50.89790411],[3.94052578,50.89791814],[3.94047201,50.89797963],[3.94049759,50.89798902],[3.94046402,50.89802419],[3.94025764,50.89795093],[3.94028613,50.89791862],[3.94029843,50.89792295],[3.94036381,50.89784944]]]}},{"type":"Feature","id":"gebouw/Gebouw.16702323/0","properties":{"source":"Digitaal Vlaanderen Gebouwenregister","source_id":"gebouw/Gebouw.16702323/0","kind":"building","building":"official","height_m":7.35,"status":null},"geometry":{"type":"Polygon","coordinates":[[[3.94042765,50.89919019],[3.94037382,50.89917347],[3.94040382,50.89913643],[3.94045824,50.89915502],[3.94042765,50.89919019]]]}},{"type":"Feature","id":"gebouw/Gebouw.16702508/0","properties":{"source":"Digitaal Vlaanderen Gebouwenregister","source_id":"gebouw/Gebouw.16702508/0","kind":"building","building":"official","height_m":6.6,"status":null},"geometry":{"type":"Polygon","coordinates":[[[3.9391578,50.89866306],[3.93914474,50.89867693],[3.93913293,50.89868947],[3.93912987,50.89868831],[3.9390494,50.89865792],[3.93907426,50.89863153],[3.9391578,50.89866306]]]}},{"type":"Feature","id":"gebouw/Gebouw.16710499/0","properties":{"source":"Digitaal Vlaanderen Gebouwenregister","source_id":"gebouw/Gebouw.16710499/0","kind":"building","building":"official","height_m":5.85,"status":null},"geometry":{"type":"Polygon","coordinates":[[[3.94092355,50.89524354],[3.94091075,50.8952049],[3.94091007,50.89520297],[3.94090065,50.89520432],[3.9408995,50.8952011],[3.94087934,50.89513929],[3.94095413,50.89512928],[3.9409535,50.89512469],[3.94109506,50.89510526],[3.9411319,50.89521582],[3.94092355,50.89524354]]]}},{"type":"Feature","id":"gebouw/Gebouw.16710780/0","properties":{"source":"Digitaal Vlaanderen Gebouwenregister","source_id":"gebouw/Gebouw.16710780/0","kind":"building","building":"official","height_m":5.1,"status":null},"geometry":{"type":"Polygon","coordinates":[[[3.94110561,50.89706101],[3.94118624,50.89708131],[3.94120227,50.89705762],[3.94128613,50.89707865],[3.94128197,50.89708617],[3.9413126,50.89709425],[3.94127162,50.89715819],[3.94124188,50.89715143],[3.94121219,50.89719656],[3.94104537,50.8971543],[3.94110561,50.89706101]]]}},{"type":"Feature","id":"gebouw/Gebouw.16711260/0","properties":{"source":"Digitaal Vlaanderen Gebouwenregister","source_id":"gebouw/Gebouw.16711260/0","kind":"building","building":"official","height_m":5.1,"status":null},"geometry":{"type":"Polygon","coordinates":[[[3.93502049,50.89826989],[3.93499652,50.89826074],[3.934995,50.89826016],[3.93496989,50.89828628],[3.93492714,50.89826984],[3.93502054,50.89817532],[3.9351057,50.89820736],[3.93503739,50.89827634],[3.93502049,50.89826989]]]}},{"type":"Feature","id":"gebouw/Gebouw.16716046/0","properties":{"source":"Digitaal Vlaanderen Gebouwenregister","source_id":"gebouw/Gebouw.16716046/0","kind":"building","building":"official","height_m":8.1,"status":null},"geometry":{"type":"Polygon","coordinates":[[[3.94131495,50.89903971],[3.94131182,50.89903833],[3.94128994,50.89902871],[3.94127338,50.89902177],[3.94124739,50.89905065],[3.94113761,50.89900574],[3.94117029,50.89897602],[3.94116612,50.89897377],[3.94122944,50.89891447],[3.94123033,50.89891485],[3.94130527,50.89894697],[3.94134907,50.89896553],[3.94137678,50.89897744],[3.94131495,50.89903971]]]}},{"type":"Feature","id":"gebouw/Gebouw.16718230/0","properties":{"source":"Digitaal Vlaanderen Gebouwenregister","source_id":"gebouw/Gebouw.16718230/0","kind":"building","building":"official","height_m":8.1,"status":null},"geometry":{"type":"Polygon","coordinates":[[[3.93984053,50.8976025],[3.93989483,50.89754268],[3.9398896,50.89754078],[3.93992194,50.89750514],[3.93975082,50.89744303],[3.93971908,50.89747799],[3.93973102,50.89748233],[3.9396764,50.89754293],[3.93984053,50.8976025]]]}},{"type":"Feature","id":"gebouw/Gebouw.16728098/0","properties":{"source":"Digitaal Vlaanderen Gebouwenregister","source_id":"gebouw/Gebouw.16728098/0","kind":"building","building":"official","height_m":6.6,"status":null},"geometry":{"type":"Polygon","coordinates":[[[3.94075979,50.89740864],[3.94071078,50.89746692],[3.94074002,50.89747631],[3.94069657,50.89753037],[3.94057569,50.89749321],[3.94069159,50.89735488],[3.9407316,50.89735549],[3.94074013,50.89735563],[3.94075979,50.89740864]]]}},{"type":"Feature","id":"gebouw/Gebouw.16728405/0","properties":{"source":"Digitaal Vlaanderen Gebouwenregister","source_id":"gebouw/Gebouw.16728405/0","kind":"building","building":"official","height_m":7.35,"status":null},"geometry":{"type":"Polygon","coordinates":[[[3.9324126,50.89795948],[3.93238831,50.89794702],[3.9324395,50.89790713],[3.93246379,50.89791959],[3.9324126,50.89795948]]]}},{"type":"Feature","id":"gebouw/Gebouw.16728784/0","properties":{"source":"Digitaal Vlaanderen Gebouwenregister","source_id":"gebouw/Gebouw.16728784/0","kind":"building","building":"official","height_m":8.1,"status":null},"geometry":{"type":"Polygon","coordinates":[[[3.93651481,50.90143438],[3.93646566,50.90142135],[3.93648141,50.90139776],[3.93653203,50.90141211],[3.93651481,50.90143438]]]}},{"type":"Feature","id":"gebouw/Gebouw.16739988/0","properties":{"source":"Digitaal Vlaanderen Gebouwenregister","source_id":"gebouw/Gebouw.16739988/0","kind":"building","building":"official","height_m":5.1,"status":null},"geometry":{"type":"Polygon","coordinates":[[[3.93854143,50.90136227],[3.93849983,50.9013407],[3.93859228,50.90126941],[3.93863388,50.90129098],[3.93854143,50.90136227]]]}},{"type":"Feature","id":"gebouw/Gebouw.16763749/0","properties":{"source":"Digitaal Vlaanderen Gebouwenregister","source_id":"gebouw/Gebouw.16763749/0","kind":"building","building":"official","height_m":5.85,"status":null},"geometry":{"type":"Polygon","coordinates":[[[3.93670123,50.89798238],[3.93667357,50.89797308],[3.93665671,50.89799314],[3.93663024,50.89798424],[3.93664673,50.8979655],[3.93669204,50.89791399],[3.93674403,50.89793143],[3.93670123,50.89798238]]]}},{"type":"Feature","id":"gebouw/Gebouw.16763770/0","properties":{"source":"Digitaal Vlaanderen Gebouwenregister","source_id":"gebouw/Gebouw.16763770/0","kind":"building","building":"official","height_m":8.1,"status":null},"geometry":{"type":"Polygon","coordinates":[[[3.93249736,50.89773411],[3.93248967,50.89773293],[3.93248567,50.89774058],[3.93245677,50.89774843],[3.93244436,50.89774608],[3.93242838,50.89777559],[3.93232971,50.89775704],[3.93238718,50.89771417],[3.93242366,50.89763494],[3.93253238,50.89765393],[3.93249736,50.89773411]]]}},{"type":"Feature","id":"gebouw/Gebouw.16787994/0","properties":{"source":"Digitaal Vlaanderen Gebouwenregister","source_id":"gebouw/Gebouw.16787994/0","kind":"building","building":"official","height_m":5.1,"status":null},"geometry":{"type":"Polygon","coordinates":[[[3.93272199,50.89768752],[3.93284916,50.89771064],[3.93285156,50.8977111],[3.93281137,50.89779817],[3.93267777,50.89777652],[3.93268753,50.89776958],[3.93272199,50.89768752]]]}},{"type":"Feature","id":"gebouw/Gebouw.16788137/0","properties":{"source":"Digitaal Vlaanderen Gebouwenregister","source_id":"gebouw/Gebouw.16788137/0","kind":"building","building":"official","height_m":8.85,"status":null},"geometry":{"type":"Polygon","coordinates":[[[3.93816467,50.89950113],[3.93808456,50.89947472],[3.93812486,50.89942585],[3.93820497,50.89945227],[3.93816467,50.89950113]]]}},{"type":"Feature","id":"gebouw/Gebouw.17253351/0","properties":{"source":"Digitaal Vlaanderen Gebouwenregister","source_id":"gebouw/Gebouw.17253351/0","kind":"building","building":"official","height_m":7.35,"status":null},"geometry":{"type":"Polygon","coordinates":[[[3.93667209,50.89822089],[3.93670515,50.89823279],[3.9366838,50.8982565],[3.93669774,50.8982613],[3.93668151,50.89828015],[3.93663176,50.89826421],[3.93667209,50.89822089]]]}},{"type":"Feature","id":"gebouw/Gebouw.17277445/0","properties":{"source":"Digitaal Vlaanderen Gebouwenregister","source_id":"gebouw/Gebouw.17277445/0","kind":"building","building":"official","height_m":5.85,"status":null},"geometry":{"type":"Polygon","coordinates":[[[3.94070693,50.89771439],[3.94067627,50.89774734],[3.94068583,50.89775049],[3.94064725,50.89779215],[3.94069944,50.89780992],[3.94064679,50.89786628],[3.9404834,50.897807],[3.94052283,50.89776408],[3.94049619,50.89775427],[3.94054248,50.89770403],[3.94053629,50.89770174],[3.94054265,50.89769485],[3.94054807,50.89769676],[3.94054547,50.89769957],[3.94057287,50.89770969],[3.9405749,50.89770739],[3.94060319,50.89771774],[3.94063106,50.89768745],[3.94063251,50.89768587],[3.94070693,50.89771439]]]}},{"type":"Feature","id":"gebouw/Gebouw.17400073/0","properties":{"source":"Digitaal Vlaanderen Gebouwenregister","source_id":"gebouw/Gebouw.17400073/0","kind":"building","building":"official","height_m":5.85,"status":null},"geometry":{"type":"Polygon","coordinates":[[[3.93907201,50.89936024],[3.9390686,50.89936313],[3.93887402,50.89927646],[3.93888772,50.89926457],[3.93893034,50.89922756],[3.93898089,50.89925108],[3.93895882,50.89927005],[3.93898841,50.89928376],[3.93900604,50.89926853],[3.93900367,50.89926743],[3.93903924,50.89923687],[3.93904151,50.89923793],[3.93908009,50.89920463],[3.9391942,50.8992565],[3.93907201,50.89936024]]]}},{"type":"Feature","id":"gebouw/Gebouw.18242196/0","properties":{"source":"Digitaal Vlaanderen Gebouwenregister","source_id":"gebouw/Gebouw.18242196/0","kind":"building","building":"official","height_m":5.1,"status":null},"geometry":{"type":"Polygon","coordinates":[[[3.9363641,50.89856721],[3.93636865,50.89859613],[3.9362569,50.89860434],[3.93626023,50.89862303],[3.93619682,50.89862767],[3.93619305,50.89860978],[3.93615067,50.89859635],[3.93618391,50.89855122],[3.93618059,50.89853156],[3.93618084,50.89853154],[3.93625758,50.8985256],[3.93625975,50.89853486],[3.93635779,50.89852713],[3.9363641,50.89856721]]]}},{"type":"Feature","id":"gebouw/Gebouw.18500182/0","properties":{"source":"Digitaal Vlaanderen Gebouwenregister","source_id":"gebouw/Gebouw.18500182/0","kind":"building","building":"official","height_m":8.1,"status":null},"geometry":{"type":"Polygon","coordinates":[[[3.93659907,50.90149693],[3.93685806,50.90157288],[3.93683255,50.90160766],[3.93681264,50.90160182],[3.93678526,50.90163931],[3.93657403,50.90157742],[3.93660082,50.90154087],[3.93657287,50.90153268],[3.93659907,50.90149693]]]}},{"type":"Feature","id":"gebouw/Gebouw.18696219/0","properties":{"source":"Digitaal Vlaanderen Gebouwenregister","source_id":"gebouw/Gebouw.18696219/0","kind":"building","building":"official","height_m":7.35,"status":null},"geometry":{"type":"Polygon","coordinates":[[[3.94107472,50.89692327],[3.94112934,50.8968371],[3.94123039,50.89686179],[3.94120271,50.89690545],[3.94131593,50.89693415],[3.94128939,50.89697602],[3.94107472,50.89692327]]]}},{"type":"Feature","id":"gebouw/Gebouw.18778749/0","properties":{"source":"Digitaal Vlaanderen Gebouwenregister","source_id":"gebouw/Gebouw.18778749/0","kind":"building","building":"official","height_m":7.35,"status":null},"geometry":{"type":"Polygon","coordinates":[[[3.93627508,50.89823909],[3.93624175,50.89828271],[3.93623644,50.89828966],[3.93621083,50.89832317],[3.93620501,50.89832138],[3.9361192,50.89829503],[3.93620448,50.89819822],[3.93628728,50.89822236],[3.93627508,50.89823909]]]}},{"type":"Feature","id":"gebouw/Gebouw.18862059/0","properties":{"source":"Digitaal Vlaanderen Gebouwenregister","source_id":"gebouw/Gebouw.18862059/0","kind":"building","building":"official","height_m":7.35,"status":null},"geometry":{"type":"Polygon","coordinates":[[[3.93847606,50.90146864],[3.9384063,50.90151983],[3.93837444,50.90150222],[3.93844305,50.90145163],[3.93847606,50.90146864]]]}},{"type":"Feature","id":"gebouw/Gebouw.18862060/0","properties":{"source":"Digitaal Vlaanderen Gebouwenregister","source_id":"gebouw/Gebouw.18862060/0","kind":"building","building":"official","height_m":8.1,"status":null},"geometry":{"type":"Polygon","coordinates":[[[3.94107938,50.89906962],[3.94113031,50.89901003],[3.94117886,50.89902763],[3.941125,50.89908582],[3.94107938,50.89906962]]]}},{"type":"Feature","id":"gebouw/Gebouw.18862061/0","properties":{"source":"Digitaal Vlaanderen Gebouwenregister","source_id":"gebouw/Gebouw.18862061/0","kind":"building","building":"official","height_m":8.85,"status":null},"geometry":{"type":"Polygon","coordinates":[[[3.93061723,50.89801526],[3.93064749,50.89798414],[3.93071872,50.89801295],[3.93068599,50.89804325],[3.93061723,50.89801526]]]}},{"type":"Feature","id":"gebouw/Gebouw.18862062/0","properties":{"source":"Digitaal Vlaanderen Gebouwenregister","source_id":"gebouw/Gebouw.18862062/0","kind":"building","building":"official","height_m":5.1,"status":null},"geometry":{"type":"Polygon","coordinates":[[[3.93098341,50.89780366],[3.93098014,50.89789477],[3.93087116,50.89789279],[3.93087581,50.89780237],[3.93098341,50.89780366]]]}},{"type":"Feature","id":"gebouw/Gebouw.18862063/0","properties":{"source":"Digitaal Vlaanderen Gebouwenregister","source_id":"gebouw/Gebouw.18862063/0","kind":"building","building":"official","height_m":5.85,"status":null},"geometry":{"type":"Polygon","coordinates":[[[3.93222911,50.89781713],[3.93217183,50.89786027],[3.9321575,50.89787107],[3.93212292,50.89785205],[3.93213807,50.89784068],[3.93219432,50.89779846],[3.93222911,50.89781713]]]}},{"type":"Feature","id":"gebouw/Gebouw.18862064/0","properties":{"source":"Digitaal Vlaanderen Gebouwenregister","source_id":"gebouw/Gebouw.18862064/0","kind":"building","building":"official","height_m":6.6,"status":null},"geometry":{"type":"Polygon","coordinates":[[[3.93967116,50.89750251],[3.93964289,50.89753671],[3.93955163,50.89750587],[3.93957809,50.89747126],[3.93967116,50.89750251]]]}},{"type":"Feature","id":"gebouw/Gebouw.18862142/0","properties":{"source":"Digitaal Vlaanderen Gebouwenregister","source_id":"gebouw/Gebouw.18862142/0","kind":"building","building":"official","height_m":6.6,"status":null},"geometry":{"type":"Polygon","coordinates":[[[3.94067601,50.89807259],[3.94069635,50.89804987],[3.94074198,50.89806685],[3.94072287,50.89808913],[3.94067601,50.89807259]]]}},{"type":"Feature","id":"gebouw/Gebouw.18862544/0","properties":{"source":"Digitaal Vlaanderen Gebouwenregister","source_id":"gebouw/Gebouw.18862544/0","kind":"building","building":"official","height_m":6.6,"status":null},"geometry":{"type":"Polygon","coordinates":[[[3.93091092,50.89567364],[3.93092324,50.89571709],[3.93101052,50.8957072],[3.9309982,50.89566374],[3.93091092,50.89567364]]]}},{"type":"Feature","id":"gebouw/Gebouw.18862548/0","properties":{"source":"Digitaal Vlaanderen Gebouwenregister","source_id":"gebouw/Gebouw.18862548/0","kind":"building","building":"official","height_m":5.1,"status":null},"geometry":{"type":"Polygon","coordinates":[[[3.94043064,50.89642251],[3.94045833,50.89639822],[3.94049642,50.89641559],[3.94046915,50.89643945],[3.94043064,50.89642251]]]}},{"type":"Feature","id":"gebouw/Gebouw.18862549/0","properties":{"source":"Digitaal Vlaanderen Gebouwenregister","source_id":"gebouw/Gebouw.18862549/0","kind":"building","building":"official","height_m":5.85,"status":null},"geometry":{"type":"Polygon","coordinates":[[[3.9377486,50.8995585],[3.93776983,50.89953573],[3.93782506,50.89955471],[3.93780361,50.89957781],[3.9377486,50.8995585]]]}},{"type":"Feature","id":"gebouw/Gebouw.18862550/0","properties":{"source":"Digitaal Vlaanderen Gebouwenregister","source_id":"gebouw/Gebouw.18862550/0","kind":"building","building":"official","height_m":6.6,"status":null},"geometry":{"type":"Polygon","coordinates":[[[3.9386792,50.90134063],[3.93861409,50.90139095],[3.93857358,50.90137003],[3.93861408,50.90133666],[3.93862025,50.90134016],[3.93864178,50.90132198],[3.9386792,50.90134063]]]}},{"type":"Feature","id":"gebouw/Gebouw.18862551/0","properties":{"source":"Digitaal Vlaanderen Gebouwenregister","source_id":"gebouw/Gebouw.18862551/0","kind":"building","building":"official","height_m":7.35,"status":null},"geometry":{"type":"Polygon","coordinates":[[[3.93851291,50.90148935],[3.93844481,50.90154117],[3.93841255,50.90152503],[3.93848084,50.9014732],[3.93851291,50.90148935]]]}},{"type":"Feature","id":"gebouw/Gebouw.18889977/0","properties":{"source":"Digitaal Vlaanderen Gebouwenregister","source_id":"gebouw/Gebouw.18889977/0","kind":"building","building":"official","height_m":7.35,"status":null},"geometry":{"type":"Polygon","coordinates":[[[3.93602752,50.89837389],[3.9361065,50.89837418],[3.93611804,50.89834687],[3.93607117,50.89833124],[3.93602752,50.89837389]]]}},{"type":"Feature","id":"gebouw/Gebouw.19298593/0","properties":{"source":"Digitaal Vlaanderen Gebouwenregister","source_id":"gebouw/Gebouw.19298593/0","kind":"building","building":"official","height_m":5.85,"status":null},"geometry":{"type":"Polygon","coordinates":[[[3.93638173,50.89819566],[3.93643406,50.8981267],[3.93647867,50.89814024],[3.93642656,50.89820892],[3.93638173,50.89819566]]]}},{"type":"Feature","id":"gebouw/Gebouw.19698123/0","properties":{"source":"Digitaal Vlaanderen Gebouwenregister","source_id":"gebouw/Gebouw.19698123/0","kind":"building","building":"official","height_m":7.35,"status":null},"geometry":{"type":"Polygon","coordinates":[[[3.93996956,50.89864157],[3.93981611,50.8988184],[3.93975849,50.8987975],[3.93983971,50.89870282],[3.93986208,50.89867675],[3.93990784,50.8986234],[3.93991885,50.89862664],[3.93996956,50.89864157]]]}},{"type":"Feature","id":"gebouw/Gebouw.19698124/0","properties":{"source":"Digitaal Vlaanderen Gebouwenregister","source_id":"gebouw/Gebouw.19698124/0","kind":"building","building":"official","height_m":8.1,"status":null},"geometry":{"type":"Polygon","coordinates":[[[3.9401338,50.89873488],[3.94006786,50.89871436],[3.94012549,50.8986444],[3.94008802,50.89863388],[3.94006039,50.8986683],[3.93996956,50.89864157],[3.93991885,50.89862664],[3.93999518,50.8985318],[3.94000648,50.8985178],[3.940184,50.89857337],[3.94024539,50.89859259],[3.9401338,50.89873488]]]}},{"type":"Feature","id":"gebouw/Gebouw.19698125/0","properties":{"source":"Digitaal Vlaanderen Gebouwenregister","source_id":"gebouw/Gebouw.19698125/0","kind":"building","building":"official","height_m":8.85,"status":null},"geometry":{"type":"Polygon","coordinates":[[[3.93981611,50.8988184],[3.93989849,50.89884827],[3.93974947,50.89901723],[3.93961828,50.89896094],[3.93963887,50.89893695],[3.93975849,50.8987975],[3.93981611,50.8988184]]]}},{"type":"Feature","id":"gebouw/Gebouw.19715160/0","properties":{"source":"Digitaal Vlaanderen Gebouwenregister","source_id":"gebouw/Gebouw.19715160/0","kind":"building","building":"official","height_m":5.1,"status":null},"geometry":{"type":"Polygon","coordinates":[[[3.93318754,50.89503944],[3.93317506,50.89505294],[3.93315746,50.8950461],[3.93309436,50.89502161],[3.93311311,50.89500236],[3.93305596,50.8949801],[3.93308677,50.89494847],[3.93307111,50.89494237],[3.93310208,50.89491029],[3.9331475,50.89492828],[3.93315273,50.89492288],[3.93325993,50.89496116],[3.93318754,50.89503944]]]}},{"type":"Feature","id":"gebouw/Gebouw.19715161/0","properties":{"source":"Digitaal Vlaanderen Gebouwenregister","source_id":"gebouw/Gebouw.19715161/0","kind":"building","building":"official","height_m":5.85,"status":null},"geometry":{"type":"Polygon","coordinates":[[[3.93310208,50.89491029],[3.93307111,50.89494237],[3.93305115,50.894935],[3.93308358,50.8949026],[3.93310208,50.89491029]]]}},{"type":"Feature","id":"gebouw/Gebouw.19718479/0","properties":{"source":"Digitaal Vlaanderen Gebouwenregister","source_id":"gebouw/Gebouw.19718479/0","kind":"building","building":"official","height_m":5.85,"status":null},"geometry":{"type":"Polygon","coordinates":[[[3.93716979,50.90068833],[3.93712754,50.90075021],[3.93696315,50.90070532],[3.93699738,50.90065466],[3.93694676,50.90064031],[3.93696972,50.90060962],[3.9370292,50.90062852],[3.93701589,50.90064686],[3.93716979,50.90068833]]]}},{"type":"Feature","id":"gebouw/Gebouw.19718480/0","properties":{"source":"Digitaal Vlaanderen Gebouwenregister","source_id":"gebouw/Gebouw.19718480/0","kind":"building","building":"official","height_m":6.6,"status":null},"geometry":{"type":"Polygon","coordinates":[[[3.93716979,50.90068833],[3.93735906,50.90073933],[3.93731784,50.90080217],[3.93712754,50.90075021],[3.93716979,50.90068833]]]}},{"type":"Feature","id":"gebouw/Gebouw.19721024/0","properties":{"source":"Digitaal Vlaanderen Gebouwenregister","source_id":"gebouw/Gebouw.19721024/0","kind":"building","building":"official","height_m":6.6,"status":null},"geometry":{"type":"Polygon","coordinates":[[[3.94122672,50.89595795],[3.94120521,50.89597825],[3.94109861,50.89593027],[3.94108863,50.89593766],[3.94104899,50.89591611],[3.94099096,50.89588479],[3.94099956,50.89587832],[3.94095662,50.89574964],[3.9409564,50.89574615],[3.94095705,50.89574532],[3.94096708,50.89573779],[3.94098358,50.89572561],[3.94099161,50.89571968],[3.94105373,50.89575331],[3.9410608,50.89574847],[3.94117667,50.89581624],[3.9411796,50.89581795],[3.94111423,50.8958661],[3.94115081,50.89588545],[3.94117666,50.89586533],[3.94117016,50.8958609],[3.9412082,50.89583381],[3.94121186,50.89583591],[3.94130154,50.89588734],[3.94122672,50.89595795]]]}},{"type":"Feature","id":"gebouw/Gebouw.19721025/0","properties":{"source":"Digitaal Vlaanderen Gebouwenregister","source_id":"gebouw/Gebouw.19721025/0","kind":"building","building":"official","height_m":7.35,"status":null},"geometry":{"type":"Polygon","coordinates":[[[3.94122672,50.89595795],[3.94127148,50.89597741],[3.94125038,50.89599716],[3.94120521,50.89597825],[3.94122672,50.89595795]]]}},{"type":"Feature","id":"gebouw/Gebouw.19721364/0","properties":{"source":"Digitaal Vlaanderen Gebouwenregister","source_id":"gebouw/Gebouw.19721364/0","kind":"building","building":"official","height_m":5.1,"status":null},"geometry":{"type":"Polygon","coordinates":[[[3.93720091,50.89764431],[3.93710688,50.89775093],[3.93690369,50.89767336],[3.93698829,50.89757718],[3.93704482,50.89759993],[3.93700681,50.8976377],[3.93700098,50.89763536],[3.93698309,50.89765314],[3.93704332,50.89767738],[3.9370635,50.8976555],[3.93705966,50.89765379],[3.93710034,50.89760834],[3.93720091,50.89764431]]]}},{"type":"Feature","id":"gebouw/Gebouw.19721365/0","properties":{"source":"Digitaal Vlaanderen Gebouwenregister","source_id":"gebouw/Gebouw.19721365/0","kind":"building","building":"official","height_m":5.85,"status":null},"geometry":{"type":"Polygon","coordinates":[[[3.93701496,50.89754686],[3.93707429,50.89757065],[3.93704482,50.89759993],[3.93698829,50.89757718],[3.93699426,50.89757039],[3.93701496,50.89754686]]]}},{"type":"Feature","id":"gebouw/Gebouw.19954675/0","properties":{"source":"Digitaal Vlaanderen Gebouwenregister","source_id":"gebouw/Gebouw.19954675/0","kind":"building","building":"official","height_m":5.85,"status":null},"geometry":{"type":"Polygon","coordinates":[[[3.93648735,50.89688246],[3.9364565,50.89691575],[3.93641871,50.89690174],[3.93644956,50.89686845],[3.93648735,50.89688246]]]}},{"type":"Feature","id":"gebouw/Gebouw.19954680/0","properties":{"source":"Digitaal Vlaanderen Gebouwenregister","source_id":"gebouw/Gebouw.19954680/0","kind":"building","building":"official","height_m":5.1,"status":null},"geometry":{"type":"Polygon","coordinates":[[[3.93491119,50.8976217],[3.93494749,50.89763444],[3.93489438,50.89769494],[3.93485808,50.8976822],[3.93491119,50.8976217]]]}},{"type":"Feature","id":"gebouw/Gebouw.19954681/0","properties":{"source":"Digitaal Vlaanderen Gebouwenregister","source_id":"gebouw/Gebouw.19954681/0","kind":"building","building":"official","height_m":5.85,"status":null},"geometry":{"type":"Polygon","coordinates":[[[3.93472096,50.89781046],[3.93478665,50.89783483],[3.93473941,50.89788575],[3.93467312,50.89786116],[3.93467416,50.89786006],[3.93470032,50.89783233],[3.93471918,50.89781235],[3.93472096,50.89781046]]]}},{"type":"Feature","id":"gebouw/Gebouw.19954688/0","properties":{"source":"Digitaal Vlaanderen Gebouwenregister","source_id":"gebouw/Gebouw.19954688/0","kind":"building","building":"official","height_m":6.6,"status":null},"geometry":{"type":"Polygon","coordinates":[[[3.93946499,50.89942972],[3.93952312,50.89946435],[3.93942687,50.89952896],[3.93936874,50.89949433],[3.93946499,50.89942972]]]}},{"type":"Feature","id":"gebouw/Gebouw.19955417/0","properties":{"source":"Digitaal Vlaanderen Gebouwenregister","source_id":"gebouw/Gebouw.19955417/0","kind":"building","building":"official","height_m":8.85,"status":null},"geometry":{"type":"Polygon","coordinates":[[[3.93078945,50.8969842],[3.9307599,50.89703711],[3.93074283,50.8970333],[3.93074901,50.89702223],[3.93073027,50.89701804],[3.93075364,50.8969762],[3.93078945,50.8969842]]]}},{"type":"Feature","id":"gebouw/Gebouw.19955425/0","properties":{"source":"Digitaal Vlaanderen Gebouwenregister","source_id":"gebouw/Gebouw.19955425/0","kind":"building","building":"official","height_m":5.85,"status":null},"geometry":{"type":"Polygon","coordinates":[[[3.93574189,50.89808312],[3.93568506,50.89806388],[3.93570965,50.89803924],[3.93576357,50.89805749],[3.93574189,50.89808312]]]}},{"type":"Feature","id":"gebouw/Gebouw.19955436/0","properties":{"source":"Digitaal Vlaanderen Gebouwenregister","source_id":"gebouw/Gebouw.19955436/0","kind":"building","building":"official","height_m":5.1,"status":null},"geometry":{"type":"Polygon","coordinates":[[[3.93616166,50.90149162],[3.93619645,50.90150686],[3.93616545,50.90153516],[3.93613066,50.90151992],[3.93616166,50.90149162]]]}},{"type":"Feature","id":"gebouw/Gebouw.19955437/0","properties":{"source":"Digitaal Vlaanderen Gebouwenregister","source_id":"gebouw/Gebouw.19955437/0","kind":"building","building":"official","height_m":5.85,"status":null},"geometry":{"type":"Polygon","coordinates":[[[3.93651361,50.90029351],[3.93654593,50.90026382],[3.93659429,50.90028487],[3.93656197,50.90031456],[3.93651361,50.90029351]]]}},{"type":"Feature","id":"gebouw/Gebouw.19955442/0","properties":{"source":"Digitaal Vlaanderen Gebouwenregister","source_id":"gebouw/Gebouw.19955442/0","kind":"building","building":"official","height_m":5.1,"status":null},"geometry":{"type":"Polygon","coordinates":[[[3.93960686,50.89752941],[3.93958644,50.89755179],[3.93953132,50.89753167],[3.93955173,50.8975093],[3.93960686,50.89752941]]]}},{"type":"Feature","id":"gebouw/Gebouw.19955443/0","properties":{"source":"Digitaal Vlaanderen Gebouwenregister","source_id":"gebouw/Gebouw.19955443/0","kind":"building","building":"official","height_m":5.85,"status":null},"geometry":{"type":"Polygon","coordinates":[[[3.93957226,50.89768793],[3.939549,50.89771561],[3.93950635,50.89770127],[3.93952961,50.89767359],[3.93957226,50.89768793]]]}},{"type":"Feature","id":"gebouw/Gebouw.19955444/0","properties":{"source":"Digitaal Vlaanderen Gebouwenregister","source_id":"gebouw/Gebouw.19955444/0","kind":"building","building":"official","height_m":6.6,"status":null},"geometry":{"type":"Polygon","coordinates":[[[3.94108679,50.89886545],[3.94102944,50.89893404],[3.94097233,50.89891494],[3.94103002,50.89884594],[3.94104778,50.89885204],[3.94108679,50.89886545]]]}},{"type":"Feature","id":"gebouw/Gebouw.19956130/0","properties":{"source":"Digitaal Vlaanderen Gebouwenregister","source_id":"gebouw/Gebouw.19956130/0","kind":"building","building":"official","height_m":8.1,"status":null},"geometry":{"type":"Polygon","coordinates":[[[3.93644487,50.90015568],[3.93651038,50.90018267],[3.93646388,50.9002278],[3.93639837,50.90020082],[3.93644487,50.90015568]]]}},{"type":"Feature","id":"gebouw/Gebouw.20723742/0","properties":{"source":"Digitaal Vlaanderen Gebouwenregister","source_id":"gebouw/Gebouw.20723742/0","kind":"building","building":"official","height_m":5.1,"status":null},"geometry":{"type":"Polygon","coordinates":[[[3.93114426,50.89763948],[3.93120282,50.89764061],[3.93120251,50.89764695],[3.93122049,50.8976473],[3.93122079,50.8976409],[3.93128314,50.8976421],[3.93128288,50.89764765],[3.93130113,50.897648],[3.93129588,50.89776345],[3.93121144,50.89776191],[3.93121234,50.89774221],[3.93113965,50.89774089],[3.93114426,50.89763948]]]}},{"type":"Feature","id":"gebouw/Gebouw.20802010/0","properties":{"source":"Digitaal Vlaanderen Gebouwenregister","source_id":"gebouw/Gebouw.20802010/0","kind":"building","building":"official","height_m":8.1,"status":null},"geometry":{"type":"Polygon","coordinates":[[[3.93199426,50.89490624],[3.93200711,50.89489437],[3.93197634,50.89488105],[3.93199641,50.89486252],[3.93213972,50.89492457],[3.93210681,50.89495497],[3.93199426,50.89490624]]]}},{"type":"Feature","id":"gebouw/Gebouw.20802043/0","properties":{"source":"Digitaal Vlaanderen Gebouwenregister","source_id":"gebouw/Gebouw.20802043/0","kind":"building","building":"official","height_m":5.85,"status":null},"geometry":{"type":"Polygon","coordinates":[[[3.93743381,50.89784954],[3.93738308,50.89790657],[3.93734092,50.89789158],[3.93736428,50.89786532],[3.93731514,50.89784784],[3.9373548,50.89780325],[3.93740765,50.89782205],[3.9373951,50.89783616],[3.93743381,50.89784954]]]}},{"type":"Feature","id":"gebouw/Gebouw.20802044/0","properties":{"source":"Digitaal Vlaanderen Gebouwenregister","source_id":"gebouw/Gebouw.20802044/0","kind":"building","building":"official","height_m":6.6,"status":null},"geometry":{"type":"Polygon","coordinates":[[[3.93738823,50.8967996],[3.93742134,50.8968107],[3.93738585,50.89685306],[3.93740455,50.89685932],[3.93739283,50.89687331],[3.93732636,50.89685104],[3.9373477,50.89682555],[3.93737356,50.89679469],[3.93738823,50.8967996]]]}},{"type":"Feature","id":"gebouw/Gebouw.20802045/0","properties":{"source":"Digitaal Vlaanderen Gebouwenregister","source_id":"gebouw/Gebouw.20802045/0","kind":"building","building":"official","height_m":7.35,"status":null},"geometry":{"type":"Polygon","coordinates":[[[3.94104467,50.89803974],[3.94110619,50.89796872],[3.94116313,50.89798845],[3.94110162,50.89805947],[3.94104467,50.89803974]]]}},{"type":"Feature","id":"gebouw/Gebouw.20802064/0","properties":{"source":"Digitaal Vlaanderen Gebouwenregister","source_id":"gebouw/Gebouw.20802064/0","kind":"building","building":"official","height_m":8.1,"status":null},"geometry":{"type":"Polygon","coordinates":[[[3.93606721,50.89799435],[3.93597322,50.89809843],[3.93596143,50.89811148],[3.93592395,50.89809734],[3.93603322,50.89798152],[3.93606721,50.89799435]]]}},{"type":"Feature","id":"gebouw/Gebouw.20802068/0","properties":{"source":"Digitaal Vlaanderen Gebouwenregister","source_id":"gebouw/Gebouw.20802068/0","kind":"building","building":"official","height_m":6.6,"status":null},"geometry":{"type":"Polygon","coordinates":[[[3.93068733,50.89791337],[3.93073375,50.89793409],[3.93070853,50.89795668],[3.93066166,50.89793637],[3.93068733,50.89791337]]]}},{"type":"Feature","id":"gebouw/Gebouw.30848017/0","properties":{"source":"Digitaal Vlaanderen Gebouwenregister","source_id":"gebouw/Gebouw.30848017/0","kind":"building","building":"official","height_m":5.85,"status":null},"geometry":{"type":"Polygon","coordinates":[[[3.93810759,50.89946699],[3.93819212,50.89937977],[3.93833367,50.89943462],[3.93830874,50.89946039],[3.93832329,50.89946602],[3.93826377,50.89952752],[3.93810759,50.89946699]]]}},{"type":"Feature","id":"gebouw/Gebouw.31153693/0","properties":{"source":"Digitaal Vlaanderen Gebouwenregister","source_id":"gebouw/Gebouw.31153693/0","kind":"building","building":"official","height_m":5.85,"status":null},"geometry":{"type":"Polygon","coordinates":[[[3.93838807,50.89937084],[3.93841173,50.89933489],[3.93844092,50.89934257],[3.93844121,50.89934213],[3.93846152,50.89931125],[3.93826194,50.89925836],[3.93821641,50.89932537],[3.93838807,50.89937084]]]}},{"type":"Feature","id":"gebouw/Gebouw.31326754/0","properties":{"source":"Digitaal Vlaanderen Gebouwenregister","source_id":"gebouw/Gebouw.31326754/0","kind":"building","building":"official","height_m":8.1,"status":null},"geometry":{"type":"Polygon","coordinates":[[[3.93216436,50.89489965],[3.93214156,50.89492071],[3.93209803,50.89490307],[3.93209251,50.89490083],[3.93211631,50.89487885],[3.93216436,50.89489965]]]}},{"type":"Feature","id":"gebouw/Gebouw.31326766/0","properties":{"source":"Digitaal Vlaanderen Gebouwenregister","source_id":"gebouw/Gebouw.31326766/0","kind":"building","building":"official","height_m":8.1,"status":null},"geometry":{"type":"Polygon","coordinates":[[[3.93569793,50.89802437],[3.93564454,50.89808051],[3.93559736,50.89806257],[3.93562207,50.89803658],[3.9355558,50.89801138],[3.93558448,50.89798122],[3.93569793,50.89802437]]]}},{"type":"Feature","id":"gebouw/Gebouw.31326767/0","properties":{"source":"Digitaal Vlaanderen Gebouwenregister","source_id":"gebouw/Gebouw.31326767/0","kind":"building","building":"official","height_m":8.85,"status":null},"geometry":{"type":"Polygon","coordinates":[[[3.93643291,50.89803137],[3.93633241,50.89816376],[3.93629764,50.89820957],[3.93628183,50.89820478],[3.93638698,50.89806595],[3.93636829,50.89806029],[3.93639821,50.89802079],[3.93642635,50.89802937],[3.93643291,50.89803137]]]}},{"type":"Feature","id":"gebouw/Gebouw.31326768/0","properties":{"source":"Digitaal Vlaanderen Gebouwenregister","source_id":"gebouw/Gebouw.31326768/0","kind":"building","building":"official","height_m":5.1,"status":null},"geometry":{"type":"Polygon","coordinates":[[[3.93592871,50.8978796],[3.9358896,50.89786569],[3.93594351,50.89780506],[3.93598263,50.89781897],[3.93592871,50.8978796]]]}},{"type":"Feature","id":"gebouw/Gebouw.31326769/0","properties":{"source":"Digitaal Vlaanderen Gebouwenregister","source_id":"gebouw/Gebouw.31326769/0","kind":"building","building":"official","height_m":5.85,"status":null},"geometry":{"type":"Polygon","coordinates":[[[3.93654018,50.90144878],[3.9365108,50.9014889],[3.93641123,50.90145973],[3.93643978,50.90142077],[3.93654018,50.90144878]]]}},{"type":"Feature","id":"gebouw/Gebouw.31326770/0","properties":{"source":"Digitaal Vlaanderen Gebouwenregister","source_id":"gebouw/Gebouw.31326770/0","kind":"building","building":"official","height_m":6.6,"status":null},"geometry":{"type":"Polygon","coordinates":[[[3.93752298,50.90081975],[3.93759022,50.90082596],[3.93758404,50.90085276],[3.93751475,50.90084636],[3.93751531,50.90084455],[3.93752298,50.90081975]]]}},{"type":"Feature","id":"gebouw/Gebouw.31327944/0","properties":{"source":"Digitaal Vlaanderen Gebouwenregister","source_id":"gebouw/Gebouw.31327944/0","kind":"building","building":"official","height_m":5.1,"status":null},"geometry":{"type":"Polygon","coordinates":[[[3.93578804,50.89796164],[3.93583005,50.89797732],[3.93575794,50.89805459],[3.93571467,50.89803845],[3.93575665,50.8979945],[3.93578804,50.89796164]]]}},{"type":"Feature","id":"gebouw/Gebouw.31552971/0","properties":{"source":"Digitaal Vlaanderen Gebouwenregister","source_id":"gebouw/Gebouw.31552971/0","kind":"building","building":"official","height_m":7.35,"status":null},"geometry":{"type":"Polygon","coordinates":[[[3.9401338,50.89873488],[3.94024539,50.89859259],[3.940184,50.89857337],[3.94000648,50.8985178],[3.93999518,50.8985318],[3.93991885,50.89862664],[3.93996956,50.89864157],[3.94006039,50.8986683],[3.94008802,50.89863388],[3.94012549,50.8986444],[3.94006786,50.89871436],[3.9401338,50.89873488]]]}},{"type":"Feature","id":"gebouw/Gebouw.31697445/0","properties":{"source":"Digitaal Vlaanderen Gebouwenregister","source_id":"gebouw/Gebouw.31697445/0","kind":"building","building":"official","height_m":7.35,"status":null},"geometry":{"type":"Polygon","coordinates":[[[3.94007679,50.89860905],[3.94003021,50.89859362],[3.94002321,50.89860207],[3.93999355,50.89859225],[3.93989504,50.8987117],[3.93997446,50.89873666],[3.9400443,50.89864957],[3.94007679,50.89860905]]]}},{"type":"Feature","id":"gebouw/Gebouw.31697446/0","properties":{"source":"Digitaal Vlaanderen Gebouwenregister","source_id":"gebouw/Gebouw.31697446/0","kind":"building","building":"official","height_m":8.1,"status":null},"geometry":{"type":"Polygon","coordinates":[[[3.94007679,50.89860905],[3.9400443,50.89864957],[3.93997446,50.89873666],[3.94006352,50.89876464],[3.94015838,50.89864492],[3.94012739,50.89863512],[3.94013372,50.89862711],[3.94007679,50.89860905]]]}},{"type":"Feature","id":"gebouw/Gebouw.31844493/0","properties":{"source":"Digitaal Vlaanderen Gebouwenregister","source_id":"gebouw/Gebouw.31844493/0","kind":"building","building":"official","height_m":7.35,"status":null},"geometry":{"type":"Polygon","coordinates":[[[3.93856899,50.90137351],[3.93861432,50.90139702],[3.93864494,50.9013734],[3.93859961,50.9013499],[3.93856899,50.90137351]]]}},{"type":"Feature","id":"gebouw/Gebouw.31844596/0","properties":{"source":"Digitaal Vlaanderen Gebouwenregister","source_id":"gebouw/Gebouw.31844596/0","kind":"building","building":"official","height_m":8.1,"status":null},"geometry":{"type":"Polygon","coordinates":[[[3.93242663,50.89495884],[3.93237287,50.8950036],[3.93241548,50.89502407],[3.93246924,50.89497931],[3.93242663,50.89495884]]]}},{"type":"Feature","id":"gebouw/Gebouw.31844630/0","properties":{"source":"Digitaal Vlaanderen Gebouwenregister","source_id":"gebouw/Gebouw.31844630/0","kind":"building","building":"official","height_m":6.6,"status":null},"geometry":{"type":"Polygon","coordinates":[[[3.94099372,50.89644572],[3.94098619,50.8963979],[3.94094887,50.89639985],[3.94095513,50.89644774],[3.94099372,50.89644572]]]}},{"type":"Feature","id":"gebouw/Gebouw.31844756/0","properties":{"source":"Digitaal Vlaanderen Gebouwenregister","source_id":"gebouw/Gebouw.31844756/0","kind":"building","building":"official","height_m":6.6,"status":null},"geometry":{"type":"Polygon","coordinates":[[[3.93473939,50.89751671],[3.93480871,50.89744627],[3.93476785,50.89743019],[3.93469853,50.89750062],[3.93473939,50.89751671]]]}},{"type":"Feature","id":"gebouw/Gebouw.31844791/0","properties":{"source":"Digitaal Vlaanderen Gebouwenregister","source_id":"gebouw/Gebouw.31844791/0","kind":"building","building":"official","height_m":5.85,"status":null},"geometry":{"type":"Polygon","coordinates":[[[3.93245856,50.8949158],[3.93242535,50.8949465],[3.93246036,50.89496165],[3.93249358,50.89493096],[3.93245856,50.8949158]]]}},{"type":"Feature","id":"gebouw/Gebouw.31844885/0","properties":{"source":"Digitaal Vlaanderen Gebouwenregister","source_id":"gebouw/Gebouw.31844885/0","kind":"building","building":"official","height_m":8.85,"status":null},"geometry":{"type":"Polygon","coordinates":[[[3.94120511,50.8972649],[3.94107928,50.89723347],[3.94105901,50.89726593],[3.94102089,50.89732695],[3.94120991,50.89737469],[3.94123429,50.8973361],[3.94118482,50.89732361],[3.94119921,50.89730084],[3.94118473,50.89729718],[3.94120511,50.8972649]]]}},{"type":"Feature","id":"gebouw/Gebouw.31844914/0","properties":{"source":"Digitaal Vlaanderen Gebouwenregister","source_id":"gebouw/Gebouw.31844914/0","kind":"building","building":"official","height_m":8.1,"status":null},"geometry":{"type":"Polygon","coordinates":[[[3.93859012,50.90127339],[3.93863169,50.90129494],[3.93866973,50.90126561],[3.93862817,50.90124405],[3.93859012,50.90127339]]]}},{"type":"Feature","id":"gebouw/Gebouw.31845120/0","properties":{"source":"Digitaal Vlaanderen Gebouwenregister","source_id":"gebouw/Gebouw.31845120/0","kind":"building","building":"official","height_m":5.1,"status":null},"geometry":{"type":"Polygon","coordinates":[[[3.93603973,50.90130806],[3.93599679,50.90129531],[3.93599317,50.90130018],[3.93597032,50.90133095],[3.93601326,50.9013437],[3.93603684,50.90131196],[3.93603973,50.90130806]]]}},{"type":"Feature","id":"gebouw/Gebouw.31845177/0","properties":{"source":"Digitaal Vlaanderen Gebouwenregister","source_id":"gebouw/Gebouw.31845177/0","kind":"building","building":"official","height_m":7.35,"status":null},"geometry":{"type":"Polygon","coordinates":[[[3.93207754,50.89917135],[3.93216871,50.89921168],[3.93221848,50.89916668],[3.9321528,50.89913763],[3.93214521,50.89914449],[3.93211972,50.89913321],[3.93207754,50.89917135]]]}},{"type":"Feature","id":"gebouw/Gebouw.31845233/0","properties":{"source":"Digitaal Vlaanderen Gebouwenregister","source_id":"gebouw/Gebouw.31845233/0","kind":"building","building":"official","height_m":8.85,"status":null},"geometry":{"type":"Polygon","coordinates":[[[3.93228295,50.89779832],[3.93225323,50.89783197],[3.93230645,50.89785076],[3.93233617,50.89781711],[3.93228295,50.89779832]]]}},{"type":"Feature","id":"gebouw/Gebouw.31845423/0","properties":{"source":"Digitaal Vlaanderen Gebouwenregister","source_id":"gebouw/Gebouw.31845423/0","kind":"building","building":"official","height_m":7.35,"status":null},"geometry":{"type":"Polygon","coordinates":[[[3.93599711,50.89879054],[3.93597369,50.89882416],[3.93604351,50.89884361],[3.93606693,50.89880999],[3.93599711,50.89879054]]]}},{"type":"Feature","id":"gebouw/Gebouw.31845456/0","properties":{"source":"Digitaal Vlaanderen Gebouwenregister","source_id":"gebouw/Gebouw.31845456/0","kind":"building","building":"official","height_m":5.1,"status":null},"geometry":{"type":"Polygon","coordinates":[[[3.93130566,50.89796162],[3.93131032,50.89791441],[3.93125116,50.89791208],[3.9312465,50.89795929],[3.93130566,50.89796162]]]}},{"type":"Feature","id":"gebouw/Gebouw.31845461/0","properties":{"source":"Digitaal Vlaanderen Gebouwenregister","source_id":"gebouw/Gebouw.31845461/0","kind":"building","building":"official","height_m":8.85,"status":null},"geometry":{"type":"Polygon","coordinates":[[[3.94102854,50.89726379],[3.94103172,50.89725887],[3.941053,50.89722599],[3.94101246,50.8972155],[3.94099117,50.89724838],[3.94098798,50.89725329],[3.94102854,50.89726379]]]}},{"type":"Feature","id":"way/163694888","properties":{"source":"OpenStreetMap","source_id":"way/163694888","kind":"vegetation","landuse":"forest","natural":null,"name":null},"geometry":{"type":"Polygon","coordinates":[[[3.9403512,50.9006473],[3.9400059,50.9009224],[3.9395663,50.901267],[3.9396461,50.9013095],[3.9398433,50.9011487],[3.9404356,50.9014134],[3.9410618,50.9009824],[3.9403512,50.9006473]]]}},{"type":"Feature","id":"way/163694901","properties":{"source":"OpenStreetMap","source_id":"way/163694901","kind":"vegetation","landuse":"forest","natural":null,"name":null},"geometry":{"type":"Polygon","coordinates":[[[3.9368803,50.9002845],[3.936894,50.900288],[3.9370289,50.9005898],[3.9370831,50.9006274],[3.9374854,50.9002841],[3.9377232,50.9003916],[3.9374922,50.9006042],[3.9373283,50.9007511],[3.9377885,50.9008965],[3.9374833,50.9013575],[3.9372417,50.901253],[3.9370141,50.901152],[3.9370484,50.9010997],[3.9371245,50.9009139],[3.9370376,50.9008118],[3.9369044,50.9007114],[3.9366051,50.9005838],[3.9368803,50.9002845]]]}},{"type":"Feature","id":"way/163709762","properties":{"source":"OpenStreetMap","source_id":"way/163709762","kind":"vegetation","landuse":"forest","natural":null,"name":null},"geometry":{"type":"Polygon","coordinates":[[[3.932287,50.8962461],[3.9322942,50.8963008],[3.9322978,50.896384],[3.9322856,50.896494],[3.9322762,50.896532],[3.932252,50.8966124],[3.932126,50.8966118],[3.9321348,50.8965504],[3.9321348,50.8964744],[3.9321136,50.8964025],[3.9321169,50.8963316],[3.9321722,50.8962557],[3.932287,50.8962461]]]}},{"type":"Feature","id":"way/163709770","properties":{"source":"OpenStreetMap","source_id":"way/163709770","kind":"vegetation","landuse":"orchard","natural":null,"name":null},"geometry":{"type":"Polygon","coordinates":[[[3.9394995,50.8985574],[3.9392368,50.8985611],[3.9397176,50.8979466],[3.9399176,50.898012],[3.9394995,50.8985574]]]}},{"type":"Feature","id":"way/190933407","properties":{"source":"OpenStreetMap","source_id":"way/190933407","kind":"vegetation","landuse":"forest","natural":null,"name":null},"geometry":{"type":"Polygon","coordinates":[[[3.9392848,50.9009145],[3.939172,50.900863],[3.9385994,50.9012296],[3.9392792,50.9014948],[3.9393649,50.9015353],[3.9396461,50.9013095],[3.9395663,50.901267],[3.9400059,50.9009224],[3.9398264,50.9008263],[3.9395471,50.9010363],[3.9392848,50.9009145]]]}},{"type":"Feature","id":"way/190933540","properties":{"source":"OpenStreetMap","source_id":"way/190933540","kind":"vegetation","landuse":"forest","natural":null,"name":null},"geometry":{"type":"Polygon","coordinates":[[[3.9393425,50.8996327],[3.9391973,50.8997734],[3.9388482,50.899646],[3.9389036,50.8995852],[3.9386183,50.8994827],[3.93866,50.8994357],[3.9390288,50.8995427],[3.9393425,50.8996327]]]}},{"type":"Feature","id":"way/457976733","properties":{"source":"OpenStreetMap","source_id":"way/457976733","kind":"waterway","waterway":"stream","name":null},"geometry":{"type":"LineString","coordinates":[[3.9385399,50.9012007],[3.9390602,50.9014215],[3.9395977,50.9016464]]}},{"type":"Feature","id":"way/796560532","properties":{"source":"OpenStreetMap","source_id":"way/796560532","kind":"waterway","waterway":"ditch","name":null},"geometry":{"type":"LineString","coordinates":[[3.934586,50.8979496],[3.9347436,50.8979982]]}},{"type":"Feature","id":"way/796560533","properties":{"source":"OpenStreetMap","source_id":"way/796560533","kind":"waterway","waterway":"ditch","name":null},"geometry":{"type":"LineString","coordinates":[[3.934295,50.8978786],[3.9344721,50.8979187]]}},{"type":"Feature","id":"way/796560534","properties":{"source":"OpenStreetMap","source_id":"way/796560534","kind":"waterway","waterway":"ditch","name":null},"geometry":{"type":"LineString","coordinates":[[3.9340201,50.8978265],[3.9341784,50.8978536]]}},{"type":"Feature","id":"way/796560535","properties":{"source":"OpenStreetMap","source_id":"way/796560535","kind":"waterway","waterway":"ditch","name":null},"geometry":{"type":"LineString","coordinates":[[3.9337304,50.8977881],[3.9339021,50.8978071]]}},{"type":"Feature","id":"way/796560536","properties":{"source":"OpenStreetMap","source_id":"way/796560536","kind":"waterway","waterway":"ditch","name":null},"geometry":{"type":"LineString","coordinates":[[3.9333623,50.8977508],[3.9336111,50.8977741]]}},{"type":"Feature","id":"way/796560537","properties":{"source":"OpenStreetMap","source_id":"way/796560537","kind":"waterway","waterway":"ditch","name":null},"geometry":{"type":"LineString","coordinates":[[3.9318361,50.8975973],[3.9318898,50.8976045],[3.9320339,50.8976147],[3.9331605,50.8977288],[3.9332396,50.8977411]]}},{"type":"Feature","id":"way/796560648","properties":{"source":"OpenStreetMap","source_id":"way/796560648","kind":"water","name":null},"geometry":{"type":"Polygon","coordinates":[[[3.9388863,50.8974734],[3.9389225,50.8974869],[3.9389654,50.8975089],[3.9389922,50.897522],[3.9390244,50.897533],[3.9390432,50.8975356],[3.9390687,50.8975313],[3.9390818,50.8975233],[3.9391173,50.8974778],[3.9391183,50.8974635],[3.9391113,50.897451],[3.9390912,50.8974417],[3.9389661,50.8974021],[3.9389443,50.8973994],[3.9389218,50.8974015],[3.9388977,50.8974136],[3.9388702,50.8974465],[3.9388685,50.8974554],[3.9388699,50.8974609],[3.9388756,50.8974696],[3.9388863,50.8974734]]]}}]}