{"type":"FeatureCollection","features":[{"type":"Feature","id":"gebouw/Gebouw.12853903/0","properties":{"source":"Digitaal Vlaanderen Gebouwenregister","source_id":"gebouw/Gebouw.12853903/0","kind":"building","building":"official","height_m":5.85,"status":null},"geometry":{"type":"Polygon","coordinates":[[[3.96791366,50.91340618],[3.96780944,50.91340577],[3.96780078,50.91340569],[3.96779993,50.91344518],[3.96770599,50.91344438],[3.96770527,50.91330725],[3.96778515,50.91330691],[3.96778468,50.91331202],[3.96791496,50.91331315],[3.96791366,50.91340618]]]}},{"type":"Feature","id":"gebouw/Gebouw.12862276/0","properties":{"source":"Digitaal Vlaanderen Gebouwenregister","source_id":"gebouw/Gebouw.12862276/0","kind":"building","building":"official","height_m":8.1,"status":null},"geometry":{"type":"Polygon","coordinates":[[[3.96436673,50.90879635],[3.96437883,50.90882879],[3.9643007,50.90883982],[3.96428797,50.90880769],[3.96436673,50.90879635]]]}},{"type":"Feature","id":"gebouw/Gebouw.12865975/0","properties":{"source":"Digitaal Vlaanderen Gebouwenregister","source_id":"gebouw/Gebouw.12865975/0","kind":"building","building":"official","height_m":5.85,"status":null},"geometry":{"type":"Polygon","coordinates":[[[3.97019721,50.90834272],[3.9702062,50.90829812],[3.97031819,50.90830713],[3.97030939,50.90835175],[3.97019721,50.90834272]]]}},{"type":"Feature","id":"gebouw/Gebouw.12866411/0","properties":{"source":"Digitaal Vlaanderen Gebouwenregister","source_id":"gebouw/Gebouw.12866411/0","kind":"building","building":"official","height_m":8.85,"status":null},"geometry":{"type":"Polygon","coordinates":[[[3.96751133,50.90999659],[3.96750913,50.91004695],[3.96750904,50.91004849],[3.96751053,50.91004852],[3.96751033,50.91005233],[3.9673292,50.91004944],[3.96732159,50.91004932],[3.96732783,50.90992742],[3.96743809,50.90993454],[3.96751369,50.90993942],[3.96751331,50.90994911],[3.96751242,50.90997169],[3.96751237,50.90997304],[3.96751133,50.90999659]]]}},{"type":"Feature","id":"gebouw/Gebouw.12873884/0","properties":{"source":"Digitaal Vlaanderen Gebouwenregister","source_id":"gebouw/Gebouw.12873884/0","kind":"building","building":"official","height_m":6.6,"status":null},"geometry":{"type":"Polygon","coordinates":[[[3.97326108,50.90986951],[3.97342617,50.9099681],[3.97342036,50.9100083],[3.97302408,50.9099865],[3.9730422,50.90986652],[3.97325062,50.90986937],[3.97325901,50.90986948],[3.97326108,50.90986951]]]}},{"type":"Feature","id":"gebouw/Gebouw.12901258/0","properties":{"source":"Digitaal Vlaanderen Gebouwenregister","source_id":"gebouw/Gebouw.12901258/0","kind":"building","building":"official","height_m":8.1,"status":null},"geometry":{"type":"Polygon","coordinates":[[[3.97285698,50.91032502],[3.97276703,50.91032556],[3.97276476,50.91027831],[3.97285457,50.91027694],[3.97285698,50.91032502]]]}},{"type":"Feature","id":"gebouw/Gebouw.12909824/0","properties":{"source":"Digitaal Vlaanderen Gebouwenregister","source_id":"gebouw/Gebouw.12909824/0","kind":"building","building":"official","height_m":6.6,"status":null},"geometry":{"type":"Polygon","coordinates":[[[3.96778755,50.90944136],[3.96775617,50.90944243],[3.9677569,50.90945025],[3.9675268,50.90945594],[3.96752035,50.90938619],[3.96764769,50.90938132],[3.96764543,50.90930137],[3.96775406,50.90929996],[3.9677563,50.90937074],[3.96778816,50.90936997],[3.96779034,50.90939928],[3.96780769,50.90939806],[3.96780987,50.90942316],[3.96780992,50.90942411],[3.96780988,50.90942532],[3.9678097,50.90942653],[3.96780939,50.90942772],[3.96780895,50.9094289],[3.96780837,50.90943006],[3.96780768,50.90943119],[3.96780686,50.90943228],[3.96780592,50.90943334],[3.96780486,50.90943435],[3.9678037,50.90943531],[3.96780243,50.90943622],[3.96780107,50.90943707],[3.96779962,50.90943786],[3.96779808,50.90943858],[3.96779647,50.90943924],[3.96779479,50.90943982],[3.96779304,50.90944032],[3.96779125,50.90944075],[3.96778942,50.9094411],[3.96778755,50.90944136]]]}},{"type":"Feature","id":"gebouw/Gebouw.12910050/0","properties":{"source":"Digitaal Vlaanderen Gebouwenregister","source_id":"gebouw/Gebouw.12910050/0","kind":"building","building":"official","height_m":5.1,"status":null},"geometry":{"type":"Polygon","coordinates":[[[3.97157097,50.9120062],[3.97133166,50.91198924],[3.97133843,50.91195204],[3.9713574,50.91195309],[3.97136454,50.91191756],[3.97158461,50.91193497],[3.97157097,50.9120062]]]}},{"type":"Feature","id":"gebouw/Gebouw.12910163/0","properties":{"source":"Digitaal Vlaanderen Gebouwenregister","source_id":"gebouw/Gebouw.12910163/0","kind":"building","building":"official","height_m":8.85,"status":null},"geometry":{"type":"Polygon","coordinates":[[[3.97175713,50.91254421],[3.97175921,50.91252493],[3.97176161,50.91249834],[3.97174879,50.91249788],[3.97175355,50.91244536],[3.97191756,50.9124509],[3.971915,50.91248317],[3.97192711,50.91248372],[3.97191993,50.91255125],[3.97175713,50.91254421]]]}},{"type":"Feature","id":"gebouw/Gebouw.12910174/0","properties":{"source":"Digitaal Vlaanderen Gebouwenregister","source_id":"gebouw/Gebouw.12910174/0","kind":"building","building":"official","height_m":8.1,"status":null},"geometry":{"type":"Polygon","coordinates":[[[3.96887564,50.9086374],[3.9689667,50.90864712],[3.96895511,50.90869011],[3.96886477,50.90867994],[3.96887564,50.9086374]]]}},{"type":"Feature","id":"gebouw/Gebouw.12917023/0","properties":{"source":"Digitaal Vlaanderen Gebouwenregister","source_id":"gebouw/Gebouw.12917023/0","kind":"building","building":"official","height_m":5.85,"status":null},"geometry":{"type":"Polygon","coordinates":[[[3.97324474,50.90933464],[3.97325377,50.90927972],[3.97320259,50.90927635],[3.97320528,50.90926003],[3.97308273,50.90925103],[3.97307569,50.90929274],[3.97315349,50.90929803],[3.97315076,50.90931542],[3.9731351,50.90931439],[3.97312813,50.90935383],[3.97324058,50.90936],[3.97324474,50.90933464]]]}},{"type":"Feature","id":"gebouw/Gebouw.12933896/0","properties":{"source":"Digitaal Vlaanderen Gebouwenregister","source_id":"gebouw/Gebouw.12933896/0","kind":"building","building":"official","height_m":6.6,"status":null},"geometry":{"type":"Polygon","coordinates":[[[3.96532932,50.91031494],[3.96546204,50.91032679],[3.96544588,50.91040221],[3.96535852,50.91039605],[3.96536069,50.91038141],[3.96525633,50.91037268],[3.96532932,50.91031494]]]}},{"type":"Feature","id":"gebouw/Gebouw.12935673/0","properties":{"source":"Digitaal Vlaanderen Gebouwenregister","source_id":"gebouw/Gebouw.12935673/0","kind":"building","building":"official","height_m":7.35,"status":null},"geometry":{"type":"Polygon","coordinates":[[[3.97181895,50.91043375],[3.97180817,50.91053273],[3.97165027,50.91052041],[3.97165568,50.9104649],[3.97163409,50.91046352],[3.97163983,50.91042471],[3.97164429,50.91039453],[3.97166658,50.91039606],[3.97167184,50.91034492],[3.97172916,50.91034775],[3.97182778,50.91035263],[3.97181895,50.91043375]]]}},{"type":"Feature","id":"gebouw/Gebouw.12935803/0","properties":{"source":"Digitaal Vlaanderen Gebouwenregister","source_id":"gebouw/Gebouw.12935803/0","kind":"building","building":"official","height_m":5.85,"status":null},"geometry":{"type":"Polygon","coordinates":[[[3.96574946,50.90966246],[3.96570353,50.90966086],[3.96570758,50.90961904],[3.96575398,50.90962018],[3.96574946,50.90966246]]]}},{"type":"Feature","id":"gebouw/Gebouw.12936334/0","properties":{"source":"Digitaal Vlaanderen Gebouwenregister","source_id":"gebouw/Gebouw.12936334/0","kind":"building","building":"official","height_m":8.1,"status":null},"geometry":{"type":"Polygon","coordinates":[[[3.971825,50.91393752],[3.97181026,50.91402209],[3.97164881,50.9140109],[3.97166571,50.91390409],[3.97169803,50.91390629],[3.97171512,50.91390746],[3.97177696,50.91391168],[3.97177314,50.91393405],[3.97178039,50.91393454],[3.971825,50.91393752]]]}},{"type":"Feature","id":"gebouw/Gebouw.12952773/0","properties":{"source":"Digitaal Vlaanderen Gebouwenregister","source_id":"gebouw/Gebouw.12952773/0","kind":"building","building":"official","height_m":7.35,"status":null},"geometry":{"type":"Polygon","coordinates":[[[3.96379812,50.90841057],[3.96374133,50.90841489],[3.96372365,50.90834429],[3.96378237,50.90834132],[3.96379812,50.90841057]]]}},{"type":"Feature","id":"gebouw/Gebouw.12955221/0","properties":{"source":"Digitaal Vlaanderen Gebouwenregister","source_id":"gebouw/Gebouw.12955221/0","kind":"building","building":"official","height_m":7.35,"status":null},"geometry":{"type":"Polygon","coordinates":[[[3.96674054,50.90857143],[3.9666136,50.9085703],[3.96661515,50.90849335],[3.96674233,50.90849658],[3.96674054,50.90857143]]]}},{"type":"Feature","id":"gebouw/Gebouw.12961343/0","properties":{"source":"Digitaal Vlaanderen Gebouwenregister","source_id":"gebouw/Gebouw.12961343/0","kind":"building","building":"official","height_m":8.85,"status":null},"geometry":{"type":"Polygon","coordinates":[[[3.96559673,50.90983338],[3.96558961,50.90985627],[3.96551623,50.90984487],[3.96551306,50.90985977],[3.96541366,50.90986157],[3.96542333,50.90981144],[3.96559673,50.90983338]]]}},{"type":"Feature","id":"gebouw/Gebouw.12977911/0","properties":{"source":"Digitaal Vlaanderen Gebouwenregister","source_id":"gebouw/Gebouw.12977911/0","kind":"building","building":"official","height_m":5.85,"status":null},"geometry":{"type":"Polygon","coordinates":[[[3.97240287,50.910985],[3.97221689,50.9109844],[3.97221677,50.91093879],[3.97244937,50.91093913],[3.97244967,50.9109489],[3.97256534,50.91094879],[3.97256574,50.91096426],[3.97268189,50.91096401],[3.97268228,50.9109565],[3.97283712,50.91095731],[3.972837,50.9109864],[3.97252557,50.91098539],[3.97240287,50.910985]]]}},{"type":"Feature","id":"gebouw/Gebouw.12979693/0","properties":{"source":"Digitaal Vlaanderen Gebouwenregister","source_id":"gebouw/Gebouw.12979693/0","kind":"building","building":"official","height_m":5.85,"status":null},"geometry":{"type":"Polygon","coordinates":[[[3.97208741,50.90884753],[3.97208113,50.90887607],[3.97208522,50.90887644],[3.97206961,50.90894423],[3.97193477,50.90893285],[3.97194863,50.90887295],[3.97185119,50.90886419],[3.97185554,50.90884861],[3.97173332,50.9088326],[3.97174251,50.90880239],[3.97191513,50.90882498],[3.97208741,50.90884753]]]}},{"type":"Feature","id":"gebouw/Gebouw.12996745/0","properties":{"source":"Digitaal Vlaanderen Gebouwenregister","source_id":"gebouw/Gebouw.12996745/0","kind":"building","building":"official","height_m":5.85,"status":null},"geometry":{"type":"Polygon","coordinates":[[[3.9720964,50.90881907],[3.97210496,50.90879903],[3.97212478,50.90875264],[3.97198519,50.90872861],[3.97186294,50.90870756],[3.97185671,50.90872372],[3.97193313,50.90873786],[3.97191436,50.908785],[3.97174404,50.90876304],[3.97173258,50.90880109],[3.97174251,50.90880239],[3.97191513,50.90882498],[3.97192598,50.9087905],[3.9720964,50.90881907]]]}},{"type":"Feature","id":"gebouw/Gebouw.13000791/0","properties":{"source":"Digitaal Vlaanderen Gebouwenregister","source_id":"gebouw/Gebouw.13000791/0","kind":"building","building":"official","height_m":7.35,"status":null},"geometry":{"type":"Polygon","coordinates":[[[3.97298752,50.90927241],[3.97296546,50.90935986],[3.9728645,50.90934898],[3.97283613,50.90934579],[3.97284027,50.90933111],[3.97289837,50.90933764],[3.97290142,50.9093268],[3.97285201,50.90932124],[3.97285922,50.90929367],[3.97273122,50.90928122],[3.97274042,50.90924752],[3.97298752,50.90927241]]]}},{"type":"Feature","id":"gebouw/Gebouw.13003394/0","properties":{"source":"Digitaal Vlaanderen Gebouwenregister","source_id":"gebouw/Gebouw.13003394/0","kind":"building","building":"official","height_m":6.6,"status":null},"geometry":{"type":"Polygon","coordinates":[[[3.97171996,50.91291603],[3.97171877,50.91291961],[3.97170814,50.91295159],[3.97168092,50.9130335],[3.9718877,50.91306192],[3.97187989,50.91308393],[3.97194928,50.91309396],[3.97198231,50.91300361],[3.97197623,50.91300277],[3.97199153,50.91295259],[3.97188909,50.9129401],[3.97188983,50.91293768],[3.97171996,50.91291603]]]}},{"type":"Feature","id":"gebouw/Gebouw.13008700/0","properties":{"source":"Digitaal Vlaanderen Gebouwenregister","source_id":"gebouw/Gebouw.13008700/0","kind":"building","building":"official","height_m":8.1,"status":null},"geometry":{"type":"Polygon","coordinates":[[[3.96621071,50.91458067],[3.96628723,50.91458351],[3.96628993,50.91454675],[3.96621342,50.91454447],[3.96621071,50.91458067]]]}},{"type":"Feature","id":"gebouw/Gebouw.13008738/0","properties":{"source":"Digitaal Vlaanderen Gebouwenregister","source_id":"gebouw/Gebouw.13008738/0","kind":"building","building":"official","height_m":5.1,"status":null},"geometry":{"type":"Polygon","coordinates":[[[3.97252901,50.91130129],[3.97253388,50.91126048],[3.97264823,50.91126682],[3.97264385,50.91130733],[3.97252901,50.91130129]]]}},{"type":"Feature","id":"gebouw/Gebouw.13013917/0","properties":{"source":"Digitaal Vlaanderen Gebouwenregister","source_id":"gebouw/Gebouw.13013917/0","kind":"building","building":"official","height_m":5.85,"status":null},"geometry":{"type":"Polygon","coordinates":[[[3.97203418,50.91484303],[3.97195812,50.91483998],[3.97196109,50.91480797],[3.97203929,50.91481193],[3.97203418,50.91484303]]]}},{"type":"Feature","id":"gebouw/Gebouw.13023603/0","properties":{"source":"Digitaal Vlaanderen Gebouwenregister","source_id":"gebouw/Gebouw.13023603/0","kind":"building","building":"official","height_m":7.35,"status":null},"geometry":{"type":"Polygon","coordinates":[[[3.97135756,50.914868],[3.9713535,50.91490218],[3.97133473,50.91490135],[3.97133254,50.91492659],[3.97134941,50.91492787],[3.97134375,50.91496633],[3.97126697,50.91496328],[3.97126802,50.91495442],[3.97119767,50.91495064],[3.97120469,50.91489609],[3.97120928,50.91486048],[3.97135756,50.914868]]]}},{"type":"Feature","id":"gebouw/Gebouw.13034632/0","properties":{"source":"Digitaal Vlaanderen Gebouwenregister","source_id":"gebouw/Gebouw.13034632/0","kind":"building","building":"official","height_m":8.1,"status":null},"geometry":{"type":"Polygon","coordinates":[[[3.97152604,50.91394124],[3.97150846,50.91406374],[3.97138536,50.91405612],[3.97139075,50.91402058],[3.9713911,50.91401828],[3.97139335,50.91400357],[3.97139571,50.9139881],[3.97140403,50.91393363],[3.97142867,50.91393518],[3.97142965,50.91393063],[3.9714451,50.91393173],[3.97144432,50.91393612],[3.97146672,50.91393757],[3.97152604,50.91394124]]]}},{"type":"Feature","id":"gebouw/Gebouw.13044018/0","properties":{"source":"Digitaal Vlaanderen Gebouwenregister","source_id":"gebouw/Gebouw.13044018/0","kind":"building","building":"official","height_m":5.1,"status":null},"geometry":{"type":"Polygon","coordinates":[[[3.9718638,50.909182],[3.97186106,50.90922283],[3.97173388,50.90921714],[3.97173765,50.90917562],[3.97179069,50.9091783],[3.9718638,50.909182]]]}},{"type":"Feature","id":"gebouw/Gebouw.13044101/0","properties":{"source":"Digitaal Vlaanderen Gebouwenregister","source_id":"gebouw/Gebouw.13044101/0","kind":"building","building":"official","height_m":8.85,"status":null},"geometry":{"type":"Polygon","coordinates":[[[3.97337339,50.90933507],[3.97337178,50.90935534],[3.97330342,50.90935328],[3.97330557,50.90933484],[3.97337339,50.90933507]]]}},{"type":"Feature","id":"gebouw/Gebouw.13046101/0","properties":{"source":"Digitaal Vlaanderen Gebouwenregister","source_id":"gebouw/Gebouw.13046101/0","kind":"building","building":"official","height_m":5.85,"status":null},"geometry":{"type":"Polygon","coordinates":[[[3.9679976,50.91387142],[3.96807705,50.9138723],[3.96807656,50.91389043],[3.96807942,50.91389045],[3.96827265,50.91389222],[3.9682733,50.91387423],[3.96835274,50.91387519],[3.96835013,50.91399571],[3.96826408,50.91399472],[3.96826349,50.91397187],[3.96812584,50.91397176],[3.96812533,50.91400422],[3.96807517,50.91400405],[3.96807316,50.91402598],[3.96799113,50.91402559],[3.9679976,50.91387142]]]}},{"type":"Feature","id":"gebouw/Gebouw.13058461/0","properties":{"source":"Digitaal Vlaanderen Gebouwenregister","source_id":"gebouw/Gebouw.13058461/0","kind":"building","building":"official","height_m":5.85,"status":null},"geometry":{"type":"Polygon","coordinates":[[[3.97238427,50.9083628],[3.97231729,50.90842076],[3.97231355,50.90841899],[3.97229229,50.90840888],[3.97227862,50.90841138],[3.97225587,50.90840112],[3.97225427,50.90839266],[3.97224776,50.90838977],[3.97232104,50.90832269],[3.97233265,50.90832807],[3.97235059,50.90833638],[3.97241156,50.90828454],[3.97243271,50.90826656],[3.97247303,50.90828598],[3.97244207,50.90831277],[3.97241998,50.90833189],[3.97238427,50.9083628]]]}},{"type":"Feature","id":"gebouw/Gebouw.13059883/0","properties":{"source":"Digitaal Vlaanderen Gebouwenregister","source_id":"gebouw/Gebouw.13059883/0","kind":"building","building":"official","height_m":5.85,"status":null},"geometry":{"type":"Polygon","coordinates":[[[3.96595007,50.90925285],[3.96594809,50.9092037],[3.96600396,50.90920307],[3.96600474,50.90925251],[3.96595007,50.90925285]]]}},{"type":"Feature","id":"gebouw/Gebouw.13067972/0","properties":{"source":"Digitaal Vlaanderen Gebouwenregister","source_id":"gebouw/Gebouw.13067972/0","kind":"building","building":"official","height_m":6.6,"status":null},"geometry":{"type":"Polygon","coordinates":[[[3.97282038,50.90852799],[3.97283672,50.90851057],[3.97287448,50.90847031],[3.97286352,50.90846605],[3.97288781,50.90844107],[3.97287663,50.90843673],[3.97283364,50.90842002],[3.9728092,50.90844516],[3.97274928,50.90850678],[3.97281597,50.9085327],[3.97282038,50.90852799]]]}},{"type":"Feature","id":"gebouw/Gebouw.13072047/0","properties":{"source":"Digitaal Vlaanderen Gebouwenregister","source_id":"gebouw/Gebouw.13072047/0","kind":"building","building":"official","height_m":7.35,"status":null},"geometry":{"type":"Polygon","coordinates":[[[3.97273681,50.91435752],[3.97273374,50.91436919],[3.97273217,50.9143749],[3.97279989,50.91438239],[3.97277894,50.91445811],[3.97257511,50.91443915],[3.97260056,50.9143563],[3.97263072,50.9143596],[3.97263491,50.91434684],[3.97273681,50.91435752]]]}},{"type":"Feature","id":"gebouw/Gebouw.13073709/0","properties":{"source":"Digitaal Vlaanderen Gebouwenregister","source_id":"gebouw/Gebouw.13073709/0","kind":"building","building":"official","height_m":7.35,"status":null},"geometry":{"type":"Polygon","coordinates":[[[3.96767091,50.9083772],[3.96754731,50.90838328],[3.96754658,50.90837036],[3.96747598,50.90837145],[3.96747192,50.90831036],[3.96773021,50.90830365],[3.96779536,50.90830195],[3.96779828,50.90834918],[3.96772722,50.90835132],[3.96772651,50.9083626],[3.96769021,50.90836371],[3.96766991,50.90836434],[3.96767091,50.9083772]]]}},{"type":"Feature","id":"gebouw/Gebouw.13077589/0","properties":{"source":"Digitaal Vlaanderen Gebouwenregister","source_id":"gebouw/Gebouw.13077589/0","kind":"building","building":"official","height_m":5.85,"status":null},"geometry":{"type":"Polygon","coordinates":[[[3.96673083,50.91455817],[3.96652453,50.91455371],[3.96652952,50.91446877],[3.96672939,50.91447348],[3.96672685,50.91451078],[3.96672677,50.91451199],[3.96673371,50.91451218],[3.96673343,50.91451852],[3.96673083,50.91455817]]]}},{"type":"Feature","id":"gebouw/Gebouw.13077760/0","properties":{"source":"Digitaal Vlaanderen Gebouwenregister","source_id":"gebouw/Gebouw.13077760/0","kind":"building","building":"official","height_m":8.1,"status":null},"geometry":{"type":"Polygon","coordinates":[[[3.97330671,50.91098792],[3.9732541,50.91098775],[3.97325365,50.91095195],[3.97332635,50.91095119],[3.97332653,50.91098798],[3.97330671,50.91098792]]]}},{"type":"Feature","id":"gebouw/Gebouw.13088593/0","properties":{"source":"Digitaal Vlaanderen Gebouwenregister","source_id":"gebouw/Gebouw.13088593/0","kind":"building","building":"official","height_m":5.85,"status":null},"geometry":{"type":"Polygon","coordinates":[[[3.96739887,50.9115509],[3.96738789,50.91167133],[3.96716796,50.91166239],[3.96717294,50.91160298],[3.96714707,50.91160211],[3.96715467,50.91151151],[3.96724929,50.91151521],[3.967246,50.91154527],[3.9673397,50.91154874],[3.96739887,50.9115509]]]}},{"type":"Feature","id":"gebouw/Gebouw.13092015/0","properties":{"source":"Digitaal Vlaanderen Gebouwenregister","source_id":"gebouw/Gebouw.13092015/0","kind":"building","building":"official","height_m":7.35,"status":null},"geometry":{"type":"Polygon","coordinates":[[[3.97257539,50.91021787],[3.97260139,50.91021836],[3.97259849,50.91025123],[3.9724806,50.91024817],[3.97248363,50.91021612],[3.97248668,50.91021618],[3.97250723,50.91021657],[3.97256864,50.91021774],[3.97257539,50.91021787]]]}},{"type":"Feature","id":"gebouw/Gebouw.13099147/0","properties":{"source":"Digitaal Vlaanderen Gebouwenregister","source_id":"gebouw/Gebouw.13099147/0","kind":"building","building":"official","height_m":5.85,"status":null},"geometry":{"type":"Polygon","coordinates":[[[3.96752286,50.91029614],[3.96754304,50.91029634],[3.96754304,50.9102973],[3.96754446,50.9102973],[3.96754448,50.91030013],[3.96754304,50.91030013],[3.96754311,50.91031364],[3.96754315,50.91032207],[3.96754322,50.91033292],[3.96754478,50.91033291],[3.96754475,50.91034684],[3.96754333,50.91034683],[3.96754381,50.91041243],[3.96754379,50.9104131],[3.96754531,50.91041311],[3.96754526,50.91041475],[3.96754523,50.91041609],[3.96742909,50.91040957],[3.96742917,50.9102952],[3.96752286,50.91029614]]]}},{"type":"Feature","id":"gebouw/Gebouw.13100054/0","properties":{"source":"Digitaal Vlaanderen Gebouwenregister","source_id":"gebouw/Gebouw.13100054/0","kind":"building","building":"official","height_m":6.6,"status":null},"geometry":{"type":"Polygon","coordinates":[[[3.97129383,50.91193397],[3.97127628,50.91193277],[3.97128588,50.91189291],[3.97134589,50.911897],[3.97134303,50.9119207],[3.97132975,50.91191954],[3.97131936,50.91192847],[3.9713086,50.91193184],[3.97129383,50.91193397]]]}},{"type":"Feature","id":"gebouw/Gebouw.13104953/0","properties":{"source":"Digitaal Vlaanderen Gebouwenregister","source_id":"gebouw/Gebouw.13104953/0","kind":"building","building":"official","height_m":8.85,"status":null},"geometry":{"type":"Polygon","coordinates":[[[3.9681315,50.91299883],[3.96810092,50.91297819],[3.96814269,50.912952],[3.96817304,50.91297249],[3.9681315,50.91299883]]]}},{"type":"Feature","id":"gebouw/Gebouw.13113486/0","properties":{"source":"Digitaal Vlaanderen Gebouwenregister","source_id":"gebouw/Gebouw.13113486/0","kind":"building","building":"official","height_m":5.1,"status":null},"geometry":{"type":"Polygon","coordinates":[[[3.96671016,50.91425199],[3.96670525,50.9143278],[3.96675492,50.91432943],[3.96675104,50.91438737],[3.96648797,50.91438015],[3.96649471,50.91428475],[3.96653724,50.91428607],[3.96653996,50.91424942],[3.96671016,50.91425199]]]}},{"type":"Feature","id":"gebouw/Gebouw.13125874/0","properties":{"source":"Digitaal Vlaanderen Gebouwenregister","source_id":"gebouw/Gebouw.13125874/0","kind":"building","building":"official","height_m":8.1,"status":null},"geometry":{"type":"Polygon","coordinates":[[[3.97165597,50.91014791],[3.97178963,50.91014899],[3.97178745,50.91023261],[3.97177557,50.91023266],[3.97177533,50.91026765],[3.97174493,50.910268],[3.97174154,50.91030597],[3.97173465,50.91030576],[3.97172916,50.91034775],[3.97167184,50.91034492],[3.97165818,50.91034424],[3.97165775,50.91030628],[3.97165753,50.9102861],[3.97165597,50.91014791]]]}},{"type":"Feature","id":"gebouw/Gebouw.13130361/0","properties":{"source":"Digitaal Vlaanderen Gebouwenregister","source_id":"gebouw/Gebouw.13130361/0","kind":"building","building":"official","height_m":7.35,"status":null},"geometry":{"type":"Polygon","coordinates":[[[3.9715,50.90968487],[3.97142178,50.90967749],[3.97142857,50.90965104],[3.97150821,50.90965935],[3.9715,50.90968487]]]}},{"type":"Feature","id":"gebouw/Gebouw.13130557/0","properties":{"source":"Digitaal Vlaanderen Gebouwenregister","source_id":"gebouw/Gebouw.13130557/0","kind":"building","building":"official","height_m":5.85,"status":null},"geometry":{"type":"Polygon","coordinates":[[[3.96353699,50.90896013],[3.96352401,50.9089059],[3.96355894,50.90890244],[3.96357167,50.90895682],[3.96353699,50.90896013]]]}},{"type":"Feature","id":"gebouw/Gebouw.13150310/0","properties":{"source":"Digitaal Vlaanderen Gebouwenregister","source_id":"gebouw/Gebouw.13150310/0","kind":"building","building":"official","height_m":6.6,"status":null},"geometry":{"type":"Polygon","coordinates":[[[3.96751033,50.91005233],[3.96750724,50.91012549],[3.96737233,50.91012381],[3.96732715,50.91011436],[3.9673292,50.91004944],[3.96751033,50.91005233]]]}},{"type":"Feature","id":"gebouw/Gebouw.13156290/0","properties":{"source":"Digitaal Vlaanderen Gebouwenregister","source_id":"gebouw/Gebouw.13156290/0","kind":"building","building":"official","height_m":5.1,"status":null},"geometry":{"type":"Polygon","coordinates":[[[3.96766764,50.90852189],[3.96767238,50.90858229],[3.96746915,50.90859293],[3.96746505,50.90852709],[3.96766764,50.90852189]]]}},{"type":"Feature","id":"gebouw/Gebouw.13156445/0","properties":{"source":"Digitaal Vlaanderen Gebouwenregister","source_id":"gebouw/Gebouw.13156445/0","kind":"building","building":"official","height_m":8.85,"status":null},"geometry":{"type":"Polygon","coordinates":[[[3.97125421,50.90951735],[3.97125615,50.90949932],[3.97134159,50.90950227],[3.97134063,50.9095377],[3.97125234,50.90953473],[3.97125421,50.90951735]]]}},{"type":"Feature","id":"gebouw/Gebouw.13156630/0","properties":{"source":"Digitaal Vlaanderen Gebouwenregister","source_id":"gebouw/Gebouw.13156630/0","kind":"building","building":"official","height_m":8.1,"status":null},"geometry":{"type":"Polygon","coordinates":[[[3.97227436,50.91103457],[3.97221821,50.91103438],[3.9722182,50.91103303],[3.97221678,50.91103302],[3.97221689,50.9109844],[3.97240287,50.910985],[3.97240246,50.911035],[3.97227436,50.91103457]]]}},{"type":"Feature","id":"gebouw/Gebouw.13164631/0","properties":{"source":"Digitaal Vlaanderen Gebouwenregister","source_id":"gebouw/Gebouw.13164631/0","kind":"building","building":"official","height_m":5.85,"status":null},"geometry":{"type":"Polygon","coordinates":[[[3.96855479,50.91415558],[3.96855315,50.91410897],[3.96859547,50.91410864],[3.96859665,50.91415479],[3.96855479,50.91415558]]]}},{"type":"Feature","id":"gebouw/Gebouw.13164816/0","properties":{"source":"Digitaal Vlaanderen Gebouwenregister","source_id":"gebouw/Gebouw.13164816/0","kind":"building","building":"official","height_m":5.1,"status":null},"geometry":{"type":"Polygon","coordinates":[[[3.97141722,50.91188421],[3.97142629,50.91185745],[3.97140456,50.91185404],[3.97141758,50.91180993],[3.97155789,50.91182699],[3.97155393,50.91183984],[3.97158408,50.91184356],[3.97156632,50.91190116],[3.97149607,50.91189317],[3.97141722,50.91188421]]]}},{"type":"Feature","id":"gebouw/Gebouw.13164876/0","properties":{"source":"Digitaal Vlaanderen Gebouwenregister","source_id":"gebouw/Gebouw.13164876/0","kind":"building","building":"official","height_m":5.1,"status":null},"geometry":{"type":"Polygon","coordinates":[[[3.97204759,50.9095032],[3.97204901,50.90950326],[3.97203955,50.90958518],[3.97176995,50.90957351],[3.97177907,50.90950899],[3.97170934,50.90950583],[3.97171171,50.90948893],[3.9717644,50.90949117],[3.97204759,50.9095032]]]}},{"type":"Feature","id":"gebouw/Gebouw.13182094/0","properties":{"source":"Digitaal Vlaanderen Gebouwenregister","source_id":"gebouw/Gebouw.13182094/0","kind":"building","building":"official","height_m":8.1,"status":null},"geometry":{"type":"Polygon","coordinates":[[[3.97165775,50.91030628],[3.97165818,50.91034424],[3.97158616,50.91034068],[3.9715843,50.91030815],[3.97165775,50.91030628]]]}},{"type":"Feature","id":"gebouw/Gebouw.13184914/0","properties":{"source":"Digitaal Vlaanderen Gebouwenregister","source_id":"gebouw/Gebouw.13184914/0","kind":"building","building":"official","height_m":8.1,"status":null},"geometry":{"type":"Polygon","coordinates":[[[3.96662304,50.91083627],[3.9665113,50.91082732],[3.96651838,50.91079395],[3.96663132,50.91080365],[3.96662304,50.91083627]]]}},{"type":"Feature","id":"gebouw/Gebouw.13188152/0","properties":{"source":"Digitaal Vlaanderen Gebouwenregister","source_id":"gebouw/Gebouw.13188152/0","kind":"building","building":"official","height_m":6.6,"status":null},"geometry":{"type":"Polygon","coordinates":[[[3.96719199,50.91500709],[3.9674347,50.91500892],[3.96743678,50.91495212],[3.9673821,50.91495178],[3.96738212,50.91495057],[3.96742524,50.91495072],[3.96742561,50.9149069],[3.96738249,50.91490676],[3.96738293,50.91485409],[3.96722705,50.91485405],[3.96722811,50.91494579],[3.96719117,50.91494599],[3.96719199,50.91500709]]]}},{"type":"Feature","id":"gebouw/Gebouw.13190425/0","properties":{"source":"Digitaal Vlaanderen Gebouwenregister","source_id":"gebouw/Gebouw.13190425/0","kind":"building","building":"official","height_m":5.85,"status":null},"geometry":{"type":"Polygon","coordinates":[[[3.97307361,50.91098717],[3.97297908,50.91098686],[3.9729788,50.91095422],[3.97307523,50.9109541],[3.97307361,50.91098717]]]}},{"type":"Feature","id":"gebouw/Gebouw.13193787/0","properties":{"source":"Digitaal Vlaanderen Gebouwenregister","source_id":"gebouw/Gebouw.13193787/0","kind":"building","building":"official","height_m":7.35,"status":null},"geometry":{"type":"Polygon","coordinates":[[[3.96501654,50.91015793],[3.96501384,50.91017169],[3.96491219,50.91016274],[3.96491408,50.91015498],[3.96485649,50.91015005],[3.96487542,50.91005697],[3.96494359,50.9100625],[3.96494206,50.91006743],[3.96503449,50.91007631],[3.96503228,50.91008197],[3.96512398,50.91009023],[3.96510774,50.91016534],[3.96501654,50.91015793]]]}},{"type":"Feature","id":"gebouw/Gebouw.13194200/0","properties":{"source":"Digitaal Vlaanderen Gebouwenregister","source_id":"gebouw/Gebouw.13194200/0","kind":"building","building":"official","height_m":6.6,"status":null},"geometry":{"type":"Polygon","coordinates":[[[3.97164975,50.91087747],[3.97165182,50.91084707],[3.97157545,50.91084194],[3.9715829,50.91077939],[3.97179595,50.91079119],[3.97179475,50.91080349],[3.97183246,50.9108062],[3.97182706,50.91084282],[3.97182689,50.91084396],[3.97183095,50.91084419],[3.97183057,50.91084696],[3.9718251,50.91088581],[3.9717542,50.91088244],[3.97164975,50.91087747]]]}},{"type":"Feature","id":"gebouw/Gebouw.13197797/0","properties":{"source":"Digitaal Vlaanderen Gebouwenregister","source_id":"gebouw/Gebouw.13197797/0","kind":"building","building":"official","height_m":8.85,"status":null},"geometry":{"type":"Polygon","coordinates":[[[3.96774498,50.90966186],[3.96788566,50.90966226],[3.96788459,50.90974748],[3.96773079,50.90974712],[3.96773081,50.90971112],[3.96774477,50.90971113],[3.96774478,50.90969468],[3.96774498,50.90966186]]]}},{"type":"Feature","id":"gebouw/Gebouw.13200311/0","properties":{"source":"Digitaal Vlaanderen Gebouwenregister","source_id":"gebouw/Gebouw.13200311/0","kind":"building","building":"official","height_m":8.85,"status":null},"geometry":{"type":"Polygon","coordinates":[[[3.97018804,50.91486293],[3.97012314,50.91486252],[3.9701247,50.91483953],[3.97018811,50.91484006],[3.97018804,50.91486293]]]}},{"type":"Feature","id":"gebouw/Gebouw.13201433/0","properties":{"source":"Digitaal Vlaanderen Gebouwenregister","source_id":"gebouw/Gebouw.13201433/0","kind":"building","building":"official","height_m":8.85,"status":null},"geometry":{"type":"Polygon","coordinates":[[[3.96952927,50.91376632],[3.96952394,50.91390993],[3.96952329,50.9139272],[3.96952329,50.91392727],[3.9694778,50.9139266],[3.96947844,50.91390926],[3.96942173,50.91390842],[3.96942683,50.91376388],[3.96952927,50.91376632]]]}},{"type":"Feature","id":"gebouw/Gebouw.13201447/0","properties":{"source":"Digitaal Vlaanderen Gebouwenregister","source_id":"gebouw/Gebouw.13201447/0","kind":"building","building":"official","height_m":5.85,"status":null},"geometry":{"type":"Polygon","coordinates":[[[3.97295119,50.90906241],[3.97294156,50.90915155],[3.97272868,50.90914351],[3.97272934,50.90913691],[3.97273761,50.90905377],[3.97295119,50.90906241]]]}},{"type":"Feature","id":"gebouw/Gebouw.13201830/0","properties":{"source":"Digitaal Vlaanderen Gebouwenregister","source_id":"gebouw/Gebouw.13201830/0","kind":"building","building":"official","height_m":5.1,"status":null},"geometry":{"type":"Polygon","coordinates":[[[3.96814732,50.91058342],[3.96809669,50.91058134],[3.96809878,50.91054768],[3.96815037,50.910549],[3.96814732,50.91058342]]]}},{"type":"Feature","id":"gebouw/Gebouw.13205032/0","properties":{"source":"Digitaal Vlaanderen Gebouwenregister","source_id":"gebouw/Gebouw.13205032/0","kind":"building","building":"official","height_m":8.1,"status":null},"geometry":{"type":"Polygon","coordinates":[[[3.96759002,50.90913889],[3.96759231,50.90890013],[3.96754344,50.90890133],[3.96751366,50.90890187],[3.96746136,50.90890282],[3.96740172,50.90890441],[3.96739869,50.9089045],[3.96739692,50.90890454],[3.96739676,50.90890455],[3.96739825,50.90893609],[3.96751672,50.90893555],[3.96754254,50.90894091],[3.9675392,50.90898062],[3.96750172,50.90898037],[3.96750033,50.90901012],[3.96754217,50.9090107],[3.96754153,50.90906586],[3.96751134,50.90906576],[3.96751076,50.90913788],[3.96754069,50.90913826],[3.96759002,50.90913889]]]}},{"type":"Feature","id":"gebouw/Gebouw.13208637/0","properties":{"source":"Digitaal Vlaanderen Gebouwenregister","source_id":"gebouw/Gebouw.13208637/0","kind":"building","building":"official","height_m":7.35,"status":null},"geometry":{"type":"Polygon","coordinates":[[[3.97135037,50.91212807],[3.97108395,50.91211253],[3.97110084,50.91201019],[3.9713665,50.91202772],[3.97136593,50.91203071],[3.97136451,50.9120307],[3.97135988,50.91206006],[3.97137134,50.91206082],[3.97136551,50.91209613],[3.97135418,50.91209559],[3.97135037,50.91212807]]]}},{"type":"Feature","id":"gebouw/Gebouw.13214568/0","properties":{"source":"Digitaal Vlaanderen Gebouwenregister","source_id":"gebouw/Gebouw.13214568/0","kind":"building","building":"official","height_m":5.1,"status":null},"geometry":{"type":"Polygon","coordinates":[[[3.97205801,50.90899783],[3.97200136,50.90899256],[3.97199897,50.90900455],[3.97189864,50.90899788],[3.97189431,50.90902427],[3.97169575,50.90901259],[3.97170178,50.908973],[3.97183212,50.9089792],[3.97184305,50.90892511],[3.97186587,50.90892704],[3.97193477,50.90893285],[3.97206961,50.90894423],[3.97205801,50.90899783]]]}},{"type":"Feature","id":"gebouw/Gebouw.13214648/0","properties":{"source":"Digitaal Vlaanderen Gebouwenregister","source_id":"gebouw/Gebouw.13214648/0","kind":"building","building":"official","height_m":6.6,"status":null},"geometry":{"type":"Polygon","coordinates":[[[3.96791908,50.9102348],[3.96792031,50.91026786],[3.96771469,50.91027039],[3.9677132,50.91024984],[3.96771264,50.91024163],[3.96769275,50.91024218],[3.96768834,50.91017839],[3.96772218,50.91017745],[3.96775154,50.91017664],[3.96775077,50.91016549],[3.96783387,50.91016256],[3.96783579,50.91019684],[3.96783802,50.9102365],[3.96791908,50.9102348]]]}},{"type":"Feature","id":"gebouw/Gebouw.13215966/0","properties":{"source":"Digitaal Vlaanderen Gebouwenregister","source_id":"gebouw/Gebouw.13215966/0","kind":"building","building":"official","height_m":5.1,"status":null},"geometry":{"type":"Polygon","coordinates":[[[3.96484894,50.90857874],[3.96482248,50.90850983],[3.96480206,50.90851218],[3.96480094,50.90850887],[3.96478651,50.90846601],[3.96478444,50.90845987],[3.9647836,50.90845738],[3.96477901,50.90845809],[3.96464026,50.90847975],[3.96465976,50.90852872],[3.96467634,50.90852613],[3.96470625,50.90860088],[3.96484894,50.90857874]]]}},{"type":"Feature","id":"gebouw/Gebouw.13218442/0","properties":{"source":"Digitaal Vlaanderen Gebouwenregister","source_id":"gebouw/Gebouw.13218442/0","kind":"building","building":"official","height_m":8.1,"status":null},"geometry":{"type":"Polygon","coordinates":[[[3.96626623,50.90925793],[3.96609318,50.90925727],[3.96609802,50.90915372],[3.96627227,50.90915618],[3.96626623,50.90925793]]]}},{"type":"Feature","id":"gebouw/Gebouw.13222364/0","properties":{"source":"Digitaal Vlaanderen Gebouwenregister","source_id":"gebouw/Gebouw.13222364/0","kind":"building","building":"official","height_m":6.6,"status":null},"geometry":{"type":"Polygon","coordinates":[[[3.96887803,50.91416167],[3.9688127,50.9141581],[3.96881974,50.91407997],[3.96883659,50.914072],[3.96887161,50.91407327],[3.96888518,50.91408218],[3.96887803,50.91416167]]]}},{"type":"Feature","id":"gebouw/Gebouw.13225897/0","properties":{"source":"Digitaal Vlaanderen Gebouwenregister","source_id":"gebouw/Gebouw.13225897/0","kind":"building","building":"official","height_m":5.85,"status":null},"geometry":{"type":"Polygon","coordinates":[[[3.97274242,50.90985696],[3.97263163,50.9098508],[3.9726347,50.909828],[3.97274579,50.90983145],[3.97274242,50.90985696]]]}},{"type":"Feature","id":"gebouw/Gebouw.13226333/0","properties":{"source":"Digitaal Vlaanderen Gebouwenregister","source_id":"gebouw/Gebouw.13226333/0","kind":"building","building":"official","height_m":8.85,"status":null},"geometry":{"type":"Polygon","coordinates":[[[3.97171165,50.91159765],[3.97147824,50.91158253],[3.97149044,50.91149148],[3.9717251,50.91150373],[3.97171936,50.91154383],[3.97171612,50.91156649],[3.97171165,50.91159765]]]}},{"type":"Feature","id":"gebouw/Gebouw.13226413/0","properties":{"source":"Digitaal Vlaanderen Gebouwenregister","source_id":"gebouw/Gebouw.13226413/0","kind":"building","building":"official","height_m":5.85,"status":null},"geometry":{"type":"Polygon","coordinates":[[[3.97262716,50.90973436],[3.97262286,50.90978384],[3.97257823,50.90978257],[3.97258024,50.90974235],[3.97245044,50.90973649],[3.97245405,50.90969957],[3.97262969,50.90970506],[3.97262716,50.90973436]]]}},{"type":"Feature","id":"gebouw/Gebouw.13226693/0","properties":{"source":"Digitaal Vlaanderen Gebouwenregister","source_id":"gebouw/Gebouw.13226693/0","kind":"building","building":"official","height_m":8.85,"status":null},"geometry":{"type":"Polygon","coordinates":[[[3.96727287,50.9101387],[3.96716684,50.91013365],[3.96717154,50.91009683],[3.96727852,50.91010217],[3.96727287,50.9101387]]]}},{"type":"Feature","id":"gebouw/Gebouw.13228781/0","properties":{"source":"Digitaal Vlaanderen Gebouwenregister","source_id":"gebouw/Gebouw.13228781/0","kind":"building","building":"official","height_m":8.85,"status":null},"geometry":{"type":"Polygon","coordinates":[[[3.96743174,50.91085385],[3.96735638,50.91084878],[3.96736085,50.91081631],[3.96743835,50.91082123],[3.96743174,50.91085385]]]}},{"type":"Feature","id":"gebouw/Gebouw.13228847/0","properties":{"source":"Digitaal Vlaanderen Gebouwenregister","source_id":"gebouw/Gebouw.13228847/0","kind":"building","building":"official","height_m":8.85,"status":null},"geometry":{"type":"Polygon","coordinates":[[[3.97289762,50.91368553],[3.97299391,50.91369107],[3.97299277,50.91369848],[3.97299902,50.91369887],[3.973003,50.91369911],[3.97305293,50.91370222],[3.97305802,50.91370253],[3.97308023,50.91356658],[3.97311605,50.91356865],[3.97312332,50.91351351],[3.97303517,50.91350725],[3.97302778,50.91355846],[3.97297729,50.91355554],[3.97297395,50.91358034],[3.97291286,50.91357766],[3.97289762,50.91368553]]]}},{"type":"Feature","id":"gebouw/Gebouw.13228900/0","properties":{"source":"Digitaal Vlaanderen Gebouwenregister","source_id":"gebouw/Gebouw.13228900/0","kind":"building","building":"official","height_m":8.1,"status":null},"geometry":{"type":"Polygon","coordinates":[[[3.97255721,50.90985149],[3.9724829,50.90984998],[3.97248763,50.90980422],[3.97255744,50.90980539],[3.97255721,50.90985149]]]}},{"type":"Feature","id":"gebouw/Gebouw.13240589/0","properties":{"source":"Digitaal Vlaanderen Gebouwenregister","source_id":"gebouw/Gebouw.13240589/0","kind":"building","building":"official","height_m":8.85,"status":null},"geometry":{"type":"Polygon","coordinates":[[[3.96676739,50.91487442],[3.96663064,50.91487079],[3.96662703,50.91491081],[3.96654053,50.91490861],[3.96654057,50.9149056],[3.9665004,50.91490505],[3.96650044,50.91490294],[3.96642937,50.91490159],[3.96643276,50.91486554],[3.96642542,50.91486535],[3.96642998,50.91480711],[3.96677076,50.91481692],[3.96676739,50.91487442]],[[3.96649494,50.91488953],[3.96649516,50.91487571],[3.96647709,50.91487559],[3.96647688,50.91488897],[3.96649494,50.91488953]],[[3.96654793,50.91489122],[3.96656481,50.91489118],[3.96656622,50.91487706],[3.96654863,50.9148771],[3.96654793,50.91489122]]]}},{"type":"Feature","id":"gebouw/Gebouw.13240639/0","properties":{"source":"Digitaal Vlaanderen Gebouwenregister","source_id":"gebouw/Gebouw.13240639/0","kind":"building","building":"official","height_m":5.85,"status":null},"geometry":{"type":"Polygon","coordinates":[[[3.96649934,50.91044077],[3.96643825,50.91043855],[3.96643749,50.91040759],[3.96654328,50.91041009],[3.96654189,50.9104394],[3.96649934,50.91043822],[3.96649934,50.91044077]]]}},{"type":"Feature","id":"gebouw/Gebouw.13247011/0","properties":{"source":"Digitaal Vlaanderen Gebouwenregister","source_id":"gebouw/Gebouw.13247011/0","kind":"building","building":"official","height_m":5.85,"status":null},"geometry":{"type":"Polygon","coordinates":[[[3.97032341,50.9148723],[3.9702597,50.91487185],[3.97025956,50.9148756],[3.97023134,50.91487544],[3.97022864,50.91490444],[3.97032266,50.91490525],[3.97032341,50.9148723]]]}},{"type":"Feature","id":"gebouw/Gebouw.13248911/0","properties":{"source":"Digitaal Vlaanderen Gebouwenregister","source_id":"gebouw/Gebouw.13248911/0","kind":"building","building":"official","height_m":8.85,"status":null},"geometry":{"type":"Polygon","coordinates":[[[3.96542979,50.91000561],[3.96532306,50.90998955],[3.9653435,50.90993892],[3.96544979,50.90995607],[3.96542979,50.91000561]]]}},{"type":"Feature","id":"gebouw/Gebouw.13249074/0","properties":{"source":"Digitaal Vlaanderen Gebouwenregister","source_id":"gebouw/Gebouw.13249074/0","kind":"building","building":"official","height_m":5.1,"status":null},"geometry":{"type":"Polygon","coordinates":[[[3.96792073,50.91022443],[3.96791973,50.91019542],[3.96788764,50.91019604],[3.96788739,50.91018687],[3.96788311,50.91018703],[3.96788284,50.91016028],[3.96794179,50.91015964],[3.96794302,50.91018805],[3.96793779,50.9101882],[3.96793903,50.91022322],[3.96792073,50.91022443]]]}},{"type":"Feature","id":"gebouw/Gebouw.13249077/0","properties":{"source":"Digitaal Vlaanderen Gebouwenregister","source_id":"gebouw/Gebouw.13249077/0","kind":"building","building":"official","height_m":7.35,"status":null},"geometry":{"type":"Polygon","coordinates":[[[3.96625186,50.91463284],[3.96620888,50.91462741],[3.96622239,50.91459185],[3.96626417,50.91459787],[3.96625186,50.91463284]]]}},{"type":"Feature","id":"gebouw/Gebouw.13252372/0","properties":{"source":"Digitaal Vlaanderen Gebouwenregister","source_id":"gebouw/Gebouw.13252372/0","kind":"building","building":"official","height_m":8.1,"status":null},"geometry":{"type":"Polygon","coordinates":[[[3.96810375,50.90851071],[3.96801889,50.90851288],[3.96801796,50.90847699],[3.96810258,50.90847529],[3.96810375,50.90851071]]]}},{"type":"Feature","id":"gebouw/Gebouw.13254487/0","properties":{"source":"Digitaal Vlaanderen Gebouwenregister","source_id":"gebouw/Gebouw.13254487/0","kind":"building","building":"official","height_m":5.85,"status":null},"geometry":{"type":"Polygon","coordinates":[[[3.96784305,50.9083856],[3.9678435,50.90841063],[3.96774997,50.90841237],[3.96774875,50.90838742],[3.96784305,50.9083856]]]}},{"type":"Feature","id":"gebouw/Gebouw.13254677/0","properties":{"source":"Digitaal Vlaanderen Gebouwenregister","source_id":"gebouw/Gebouw.13254677/0","kind":"building","building":"official","height_m":8.85,"status":null},"geometry":{"type":"Polygon","coordinates":[[[3.97296505,50.91493133],[3.97300404,50.91484881],[3.97322333,50.91488873],[3.97318316,50.9149708],[3.97296505,50.91493133]]]}},{"type":"Feature","id":"gebouw/Gebouw.13254981/0","properties":{"source":"Digitaal Vlaanderen Gebouwenregister","source_id":"gebouw/Gebouw.13254981/0","kind":"building","building":"official","height_m":7.35,"status":null},"geometry":{"type":"Polygon","coordinates":[[[3.96816174,50.91065212],[3.96815826,50.91071645],[3.9680793,50.91071522],[3.96807386,50.91071513],[3.96807711,50.91064991],[3.96816174,50.91065212]]]}},{"type":"Feature","id":"gebouw/Gebouw.13256674/0","properties":{"source":"Digitaal Vlaanderen Gebouwenregister","source_id":"gebouw/Gebouw.13256674/0","kind":"building","building":"official","height_m":8.1,"status":null},"geometry":{"type":"Polygon","coordinates":[[[3.96716916,50.91092523],[3.96716365,50.91094699],[3.96715781,50.91096958],[3.96711169,50.91096434],[3.96711812,50.91094332],[3.96712517,50.9109203],[3.96716916,50.91092523]]]}},{"type":"Feature","id":"gebouw/Gebouw.13257493/0","properties":{"source":"Digitaal Vlaanderen Gebouwenregister","source_id":"gebouw/Gebouw.13257493/0","kind":"building","building":"official","height_m":5.85,"status":null},"geometry":{"type":"Polygon","coordinates":[[[3.96824082,50.91046614],[3.96824123,50.91042586],[3.96828925,50.91042508],[3.96828788,50.91046566],[3.96824082,50.91046614]]]}},{"type":"Feature","id":"gebouw/Gebouw.13260575/0","properties":{"source":"Digitaal Vlaanderen Gebouwenregister","source_id":"gebouw/Gebouw.13260575/0","kind":"building","building":"official","height_m":8.85,"status":null},"geometry":{"type":"Polygon","coordinates":[[[3.96806535,50.91011952],[3.96806268,50.91008014],[3.96815824,50.91007738],[3.96815949,50.91011676],[3.96806535,50.91011952]]]}},{"type":"Feature","id":"gebouw/Gebouw.13260590/0","properties":{"source":"Digitaal Vlaanderen Gebouwenregister","source_id":"gebouw/Gebouw.13260590/0","kind":"building","building":"official","height_m":6.6,"status":null},"geometry":{"type":"Polygon","coordinates":[[[3.97094359,50.91022271],[3.97094376,50.91017341],[3.97100461,50.91017368],[3.97100374,50.91022282],[3.97094359,50.91022271]]]}},{"type":"Feature","id":"gebouw/Gebouw.13260962/0","properties":{"source":"Digitaal Vlaanderen Gebouwenregister","source_id":"gebouw/Gebouw.13260962/0","kind":"building","building":"official","height_m":6.6,"status":null},"geometry":{"type":"Polygon","coordinates":[[[3.97173883,50.91140635],[3.97173486,50.91143353],[3.97157093,50.91142394],[3.9715847,50.9113274],[3.97174885,50.91133775],[3.97174843,50.91134064],[3.97174123,50.91138995],[3.97173883,50.91140635]]]}},{"type":"Feature","id":"gebouw/Gebouw.13260997/0","properties":{"source":"Digitaal Vlaanderen Gebouwenregister","source_id":"gebouw/Gebouw.13260997/0","kind":"building","building":"official","height_m":5.85,"status":null},"geometry":{"type":"Polygon","coordinates":[[[3.9645427,50.90890536],[3.96448834,50.90891572],[3.96447751,50.90889299],[3.96444823,50.90889858],[3.96443829,50.90887078],[3.9644725,50.90886717],[3.96445553,50.90881777],[3.96451971,50.90881372],[3.96452225,50.90882845],[3.96461919,50.90881944],[3.96463293,50.90887083],[3.96463587,50.90888184],[3.96453818,50.9088918],[3.9645427,50.90890536]]]}},{"type":"Feature","id":"gebouw/Gebouw.13267438/0","properties":{"source":"Digitaal Vlaanderen Gebouwenregister","source_id":"gebouw/Gebouw.13267438/0","kind":"building","building":"official","height_m":8.1,"status":null},"geometry":{"type":"Polygon","coordinates":[[[3.9703066,50.90876206],[3.9702631,50.90875924],[3.9702697,50.90872121],[3.97031273,50.90872404],[3.9703066,50.90876206]]]}},{"type":"Feature","id":"gebouw/Gebouw.13267923/0","properties":{"source":"Digitaal Vlaanderen Gebouwenregister","source_id":"gebouw/Gebouw.13267923/0","kind":"building","building":"official","height_m":7.35,"status":null},"geometry":{"type":"Polygon","coordinates":[[[3.97082835,50.9142314],[3.97082743,50.91427034],[3.97060724,50.91426875],[3.97060822,50.9141776],[3.97070864,50.91417803],[3.97070857,50.91418422],[3.97082946,50.91418474],[3.97082934,50.91418989],[3.97082835,50.9142314]]]}},{"type":"Feature","id":"gebouw/Gebouw.13270420/0","properties":{"source":"Digitaal Vlaanderen Gebouwenregister","source_id":"gebouw/Gebouw.13270420/0","kind":"building","building":"official","height_m":8.1,"status":null},"geometry":{"type":"Polygon","coordinates":[[[3.97334151,50.91486867],[3.97332301,50.91490661],[3.97322333,50.91488873],[3.97324103,50.91485062],[3.97334151,50.91486867]]]}},{"type":"Feature","id":"gebouw/Gebouw.13272735/0","properties":{"source":"Digitaal Vlaanderen Gebouwenregister","source_id":"gebouw/Gebouw.13272735/0","kind":"building","building":"official","height_m":7.35,"status":null},"geometry":{"type":"Polygon","coordinates":[[[3.97060543,50.90839713],[3.97061003,50.90833239],[3.97061938,50.90833259],[3.97061993,50.90832055],[3.9706802,50.90832134],[3.97067556,50.9083992],[3.97060543,50.90839713]]]}},{"type":"Feature","id":"gebouw/Gebouw.13275622/0","properties":{"source":"Digitaal Vlaanderen Gebouwenregister","source_id":"gebouw/Gebouw.13275622/0","kind":"building","building":"official","height_m":8.1,"status":null},"geometry":{"type":"Polygon","coordinates":[[[3.96967504,50.91398495],[3.96974765,50.91398736],[3.96974229,50.91408637],[3.96966899,50.91408478],[3.96967504,50.91398495]]]}},{"type":"Feature","id":"gebouw/Gebouw.13278519/0","properties":{"source":"Digitaal Vlaanderen Gebouwenregister","source_id":"gebouw/Gebouw.13278519/0","kind":"building","building":"official","height_m":7.35,"status":null},"geometry":{"type":"Polygon","coordinates":[[[3.97118901,50.90951431],[3.97125421,50.90951735],[3.97125234,50.90953473],[3.97125192,50.90953859],[3.97127164,50.90953951],[3.97126765,50.90957599],[3.97109824,50.90956627],[3.971103,50.90953393],[3.97110844,50.9095334],[3.97111638,50.90946522],[3.97122822,50.90947043],[3.97122539,50.90949474],[3.97119147,50.90949316],[3.97118901,50.90951431]]]}},{"type":"Feature","id":"gebouw/Gebouw.13278655/0","properties":{"source":"Digitaal Vlaanderen Gebouwenregister","source_id":"gebouw/Gebouw.13278655/0","kind":"building","building":"official","height_m":5.85,"status":null},"geometry":{"type":"Polygon","coordinates":[[[3.96538117,50.90848076],[3.96539844,50.90847881],[3.96539872,50.90848211],[3.96540822,50.90848117],[3.96540771,50.90847816],[3.96542387,50.90847689],[3.96543339,50.90851985],[3.9654189,50.90852142],[3.96542687,50.90855327],[3.96539973,50.90855722],[3.96538117,50.90848076]]]}},{"type":"Feature","id":"gebouw/Gebouw.13283083/0","properties":{"source":"Digitaal Vlaanderen Gebouwenregister","source_id":"gebouw/Gebouw.13283083/0","kind":"building","building":"official","height_m":5.85,"status":null},"geometry":{"type":"Polygon","coordinates":[[[3.9716444,50.9083956],[3.97171311,50.90840587],[3.97169502,50.90845437],[3.97171586,50.90845755],[3.97168993,50.90852941],[3.97167572,50.90852734],[3.97167297,50.90853393],[3.97165995,50.90853187],[3.97165119,50.90855372],[3.97166422,50.90855563],[3.9716577,50.90857255],[3.97157034,50.90855877],[3.97157175,50.90855521],[3.97158611,50.90851896],[3.97157854,50.90851769],[3.97158079,50.90851216],[3.97156185,50.90850915],[3.97156011,50.90851319],[3.97154694,50.90851129],[3.97153808,50.90851],[3.97155961,50.90845597],[3.97157902,50.90845913],[3.97157777,50.90846213],[3.97159553,50.90846512],[3.97159678,50.90846183],[3.97160933,50.90846358],[3.97161688,50.90844262],[3.97162659,50.90844405],[3.9716444,50.9083956]]]}},{"type":"Feature","id":"gebouw/Gebouw.13283574/0","properties":{"source":"Digitaal Vlaanderen Gebouwenregister","source_id":"gebouw/Gebouw.13283574/0","kind":"building","building":"official","height_m":5.1,"status":null},"geometry":{"type":"Polygon","coordinates":[[[3.97148429,50.90890511],[3.97142557,50.90889868],[3.97143455,50.90886727],[3.9714928,50.90887339],[3.97148429,50.90890511]]]}},{"type":"Feature","id":"gebouw/Gebouw.13283805/0","properties":{"source":"Digitaal Vlaanderen Gebouwenregister","source_id":"gebouw/Gebouw.13283805/0","kind":"building","building":"official","height_m":7.35,"status":null},"geometry":{"type":"Polygon","coordinates":[[[3.97246489,50.91139192],[3.97241693,50.91139188],[3.97242199,50.91134276],[3.97246852,50.91134404],[3.97246489,50.91139192]]]}},{"type":"Feature","id":"gebouw/Gebouw.13285406/0","properties":{"source":"Digitaal Vlaanderen Gebouwenregister","source_id":"gebouw/Gebouw.13285406/0","kind":"building","building":"official","height_m":6.6,"status":null},"geometry":{"type":"Polygon","coordinates":[[[3.96760795,50.91057387],[3.9675383,50.91057494],[3.96753668,50.91053456],[3.96753634,50.9105261],[3.96737301,50.91051567],[3.96737395,50.91050981],[3.96726792,50.91050296],[3.96727169,50.91047966],[3.96733112,50.91048263],[3.96733724,50.91043559],[3.96731037,50.910435],[3.96731332,50.91041739],[3.96737118,50.91042089],[3.96738736,50.91042186],[3.96738384,50.91044247],[3.96754693,50.91045636],[3.96753974,50.91050397],[3.96759504,50.91050282],[3.96760552,50.9105026],[3.96760567,50.9105082],[3.96760795,50.91057387]]]}},{"type":"Feature","id":"gebouw/Gebouw.13285850/0","properties":{"source":"Digitaal Vlaanderen Gebouwenregister","source_id":"gebouw/Gebouw.13285850/0","kind":"building","building":"official","height_m":6.6,"status":null},"geometry":{"type":"Polygon","coordinates":[[[3.97200976,50.9093762],[3.97193538,50.90937281],[3.97193448,50.90937894],[3.97184718,50.90937421],[3.97185445,50.90929328],[3.9718803,50.90929277],[3.97197173,50.90929703],[3.97206844,50.90930154],[3.97206078,50.90936879],[3.97203497,50.90936761],[3.97203387,50.9093773],[3.97200976,50.9093762]]]}},{"type":"Feature","id":"gebouw/Gebouw.13289095/0","properties":{"source":"Digitaal Vlaanderen Gebouwenregister","source_id":"gebouw/Gebouw.13289095/0","kind":"building","building":"official","height_m":5.85,"status":null},"geometry":{"type":"Polygon","coordinates":[[[3.97061895,50.91469767],[3.97035494,50.9146955],[3.97035226,50.91482621],[3.97040312,50.91482663],[3.97040302,50.91482997],[3.97066912,50.91483087],[3.97067013,50.91475601],[3.97061816,50.91475573],[3.97061827,50.91474809],[3.97061895,50.91469767]]]}},{"type":"Feature","id":"gebouw/Gebouw.13290307/0","properties":{"source":"Digitaal Vlaanderen Gebouwenregister","source_id":"gebouw/Gebouw.13290307/0","kind":"building","building":"official","height_m":5.85,"status":null},"geometry":{"type":"Polygon","coordinates":[[[3.97087064,50.91243738],[3.97086372,50.91247742],[3.97068399,50.91246776],[3.97068868,50.91242656],[3.97087064,50.91243738]]]}},{"type":"Feature","id":"gebouw/Gebouw.13295032/0","properties":{"source":"Digitaal Vlaanderen Gebouwenregister","source_id":"gebouw/Gebouw.13295032/0","kind":"building","building":"official","height_m":8.1,"status":null},"geometry":{"type":"Polygon","coordinates":[[[3.96907694,50.91416668],[3.96907452,50.91422978],[3.96904743,50.91422916],[3.96904625,50.91425891],[3.96898658,50.91425824],[3.96898861,50.91421978],[3.9689437,50.91421874],[3.96894481,50.91416284],[3.96907694,50.91416668]]]}},{"type":"Feature","id":"gebouw/Gebouw.13295055/0","properties":{"source":"Digitaal Vlaanderen Gebouwenregister","source_id":"gebouw/Gebouw.13295055/0","kind":"building","building":"official","height_m":7.35,"status":null},"geometry":{"type":"Polygon","coordinates":[[[3.96546805,50.90871456],[3.96543871,50.90871782],[3.96535714,50.90872689],[3.9653506,50.90870895],[3.96528503,50.90871511],[3.96526225,50.90863506],[3.96541288,50.90862055],[3.96542729,50.90867347],[3.96543333,50.90869567],[3.96546213,50.90869241],[3.96546805,50.90871456]]]}},{"type":"Feature","id":"gebouw/Gebouw.13302829/0","properties":{"source":"Digitaal Vlaanderen Gebouwenregister","source_id":"gebouw/Gebouw.13302829/0","kind":"building","building":"official","height_m":5.85,"status":null},"geometry":{"type":"Polygon","coordinates":[[[3.9722052,50.91214683],[3.97220415,50.91211679],[3.97227307,50.91211465],[3.97227411,50.91214544],[3.9722052,50.91214683]]]}},{"type":"Feature","id":"gebouw/Gebouw.13302902/0","properties":{"source":"Digitaal Vlaanderen Gebouwenregister","source_id":"gebouw/Gebouw.13302902/0","kind":"building","building":"official","height_m":6.6,"status":null},"geometry":{"type":"Polygon","coordinates":[[[3.96530433,50.90942713],[3.96530341,50.90938834],[3.96536216,50.90938823],[3.96536188,50.90942703],[3.96530433,50.90942713]]]}},{"type":"Feature","id":"gebouw/Gebouw.13302989/0","properties":{"source":"Digitaal Vlaanderen Gebouwenregister","source_id":"gebouw/Gebouw.13302989/0","kind":"building","building":"official","height_m":8.85,"status":null},"geometry":{"type":"Polygon","coordinates":[[[3.97211987,50.91255758],[3.97203105,50.91255686],[3.97203026,50.9125139],[3.97212216,50.9125148],[3.97211987,50.91255758]]]}},{"type":"Feature","id":"gebouw/Gebouw.13303442/0","properties":{"source":"Digitaal Vlaanderen Gebouwenregister","source_id":"gebouw/Gebouw.13303442/0","kind":"building","building":"official","height_m":6.6,"status":null},"geometry":{"type":"Polygon","coordinates":[[[3.97120928,50.91486048],[3.97121225,50.91483834],[3.97122221,50.91483888],[3.97122247,50.91483692],[3.97122656,50.91480409],[3.97140059,50.91481388],[3.97140068,50.91481092],[3.97145261,50.91481392],[3.97144403,50.91487238],[3.97135756,50.914868],[3.97120928,50.91486048]]]}},{"type":"Feature","id":"gebouw/Gebouw.13303620/0","properties":{"source":"Digitaal Vlaanderen Gebouwenregister","source_id":"gebouw/Gebouw.13303620/0","kind":"building","building":"official","height_m":5.1,"status":null},"geometry":{"type":"Polygon","coordinates":[[[3.97234936,50.91154652],[3.97234904,50.91155057],[3.97240575,50.91155359],[3.97239813,50.91161269],[3.97240239,50.91161302],[3.97239205,50.91166716],[3.97216645,50.91165346],[3.97216698,50.91165002],[3.97217252,50.91161365],[3.97217311,50.91160979],[3.97219208,50.91161094],[3.97219435,50.91159603],[3.97219672,50.91158139],[3.97220191,50.9115473],[3.97218313,50.91154616],[3.97218447,50.91153736],[3.97234936,50.91154652]]]}},{"type":"Feature","id":"gebouw/Gebouw.13306108/0","properties":{"source":"Digitaal Vlaanderen Gebouwenregister","source_id":"gebouw/Gebouw.13306108/0","kind":"building","building":"official","height_m":8.1,"status":null},"geometry":{"type":"Polygon","coordinates":[[[3.96722211,50.91478535],[3.96722252,50.91474408],[3.96723671,50.91474414],[3.96723675,50.91474041],[3.96723717,50.91468222],[3.96742415,50.91468292],[3.9674222,50.91477624],[3.96732214,50.91477426],[3.96732148,50.91478628],[3.96722211,50.91478535]]]}},{"type":"Feature","id":"gebouw/Gebouw.13306486/0","properties":{"source":"Digitaal Vlaanderen Gebouwenregister","source_id":"gebouw/Gebouw.13306486/0","kind":"building","building":"official","height_m":8.1,"status":null},"geometry":{"type":"Polygon","coordinates":[[[3.96780648,50.9105557],[3.9679945,50.91055739],[3.96798731,50.9106883],[3.96780213,50.9106845],[3.96780434,50.91061883],[3.96780499,50.9105996],[3.96780648,50.9105557]]]}},{"type":"Feature","id":"gebouw/Gebouw.13308680/0","properties":{"source":"Digitaal Vlaanderen Gebouwenregister","source_id":"gebouw/Gebouw.13308680/0","kind":"building","building":"official","height_m":6.6,"status":null},"geometry":{"type":"Polygon","coordinates":[[[3.96677142,50.91474665],[3.96677364,50.91471342],[3.96676505,50.9147132],[3.96676918,50.91464779],[3.96664158,50.91464395],[3.96663843,50.91468573],[3.96662024,50.91468518],[3.96661458,50.91474235],[3.96677142,50.91474665]]]}},{"type":"Feature","id":"gebouw/Gebouw.13318715/0","properties":{"source":"Digitaal Vlaanderen Gebouwenregister","source_id":"gebouw/Gebouw.13318715/0","kind":"building","building":"official","height_m":8.85,"status":null},"geometry":{"type":"Polygon","coordinates":[[[3.96750578,50.91110765],[3.96728646,50.91109685],[3.9672984,50.91102232],[3.9675172,50.9110363],[3.96750578,50.91110765]]]}},{"type":"Feature","id":"gebouw/Gebouw.13319078/0","properties":{"source":"Digitaal Vlaanderen Gebouwenregister","source_id":"gebouw/Gebouw.13319078/0","kind":"building","building":"official","height_m":6.6,"status":null},"geometry":{"type":"Polygon","coordinates":[[[3.97103692,50.91059342],[3.97102959,50.9106605],[3.97054075,50.91063909],[3.97054599,50.91057982],[3.97062029,50.91058208],[3.97063374,50.91047417],[3.97080403,50.91048266],[3.97080535,50.91044048],[3.97086468,50.91044292],[3.97086438,50.91044637],[3.97091943,50.91044877],[3.97091385,50.91048814],[3.97104771,50.91049481],[3.97103692,50.91059342]]]}},{"type":"Feature","id":"gebouw/Gebouw.13319404/0","properties":{"source":"Digitaal Vlaanderen Gebouwenregister","source_id":"gebouw/Gebouw.13319404/0","kind":"building","building":"official","height_m":8.1,"status":null},"geometry":{"type":"Polygon","coordinates":[[[3.96644495,50.90944114],[3.9661798,50.90944733],[3.96617971,50.90938601],[3.96622773,50.90938583],[3.96623095,50.90930963],[3.96615702,50.90930817],[3.96615839,50.90926702],[3.96623185,50.90926995],[3.96623208,50.90926697],[3.96644079,50.90926683],[3.96644143,50.90931675],[3.96635217,50.90931731],[3.96635201,50.90937728],[3.96644353,50.90937737],[3.96644495,50.90944114]]]}},{"type":"Feature","id":"gebouw/Gebouw.13321123/0","properties":{"source":"Digitaal Vlaanderen Gebouwenregister","source_id":"gebouw/Gebouw.13321123/0","kind":"building","building":"official","height_m":5.85,"status":null},"geometry":{"type":"Polygon","coordinates":[[[3.97035272,50.91419194],[3.97028616,50.91419138],[3.97028891,50.91415247],[3.9703531,50.91415287],[3.97035272,50.91419194]]]}},{"type":"Feature","id":"gebouw/Gebouw.13321334/0","properties":{"source":"Digitaal Vlaanderen Gebouwenregister","source_id":"gebouw/Gebouw.13321334/0","kind":"building","building":"official","height_m":6.6,"status":null},"geometry":{"type":"Polygon","coordinates":[[[3.96683538,50.90935005],[3.96683304,50.90940626],[3.96688461,50.90940712],[3.96688696,50.90935091],[3.96683538,50.90935005]]]}},{"type":"Feature","id":"gebouw/Gebouw.13321414/0","properties":{"source":"Digitaal Vlaanderen Gebouwenregister","source_id":"gebouw/Gebouw.13321414/0","kind":"building","building":"official","height_m":8.1,"status":null},"geometry":{"type":"Polygon","coordinates":[[[3.97341773,50.91403578],[3.97339461,50.91419654],[3.97328362,50.91419078],[3.97328733,50.91416263],[3.97325434,50.91416021],[3.97322721,50.91415822],[3.9732277,50.91415554],[3.97324181,50.91415658],[3.97324707,50.91412083],[3.97317516,50.91411655],[3.97317555,50.91411386],[3.97327163,50.91411958],[3.97327266,50.91411288],[3.97327488,50.91409816],[3.97325204,50.91409679],[3.97326255,50.9140268],[3.97341773,50.91403578]]]}},{"type":"Feature","id":"gebouw/Gebouw.13321492/0","properties":{"source":"Digitaal Vlaanderen Gebouwenregister","source_id":"gebouw/Gebouw.13321492/0","kind":"building","building":"official","height_m":8.1,"status":null},"geometry":{"type":"Polygon","coordinates":[[[3.97316742,50.91439941],[3.97321919,50.91440485],[3.97321621,50.91441597],[3.97324638,50.91441881],[3.97325805,50.91437421],[3.9734704,50.91439726],[3.97344555,50.91449201],[3.97342939,50.91449089],[3.97342179,50.91452383],[3.97330163,50.91451075],[3.97330994,50.91447607],[3.97323202,50.9144688],[3.97323727,50.91444628],[3.97320853,50.91444314],[3.97320355,50.91446357],[3.97315224,50.91445807],[3.97316742,50.91439941]]]}},{"type":"Feature","id":"gebouw/Gebouw.13332256/0","properties":{"source":"Digitaal Vlaanderen Gebouwenregister","source_id":"gebouw/Gebouw.13332256/0","kind":"building","building":"official","height_m":8.1,"status":null},"geometry":{"type":"Polygon","coordinates":[[[3.9665316,50.91072871],[3.96647788,50.91072709],[3.96648045,50.91069959],[3.96654726,50.91070225],[3.96654444,50.91072495],[3.96653184,50.91072405],[3.9665316,50.91072871]]]}},{"type":"Feature","id":"gebouw/Gebouw.13336039/0","properties":{"source":"Digitaal Vlaanderen Gebouwenregister","source_id":"gebouw/Gebouw.13336039/0","kind":"building","building":"official","height_m":5.85,"status":null},"geometry":{"type":"Polygon","coordinates":[[[3.97326329,50.90922184],[3.97311906,50.90921124],[3.97308977,50.90920933],[3.97308889,50.90921453],[3.97308273,50.90925103],[3.97320528,50.90926003],[3.97325639,50.90926378],[3.97326329,50.90922184]]]}},{"type":"Feature","id":"gebouw/Gebouw.13336157/0","properties":{"source":"Digitaal Vlaanderen Gebouwenregister","source_id":"gebouw/Gebouw.13336157/0","kind":"building","building":"official","height_m":8.85,"status":null},"geometry":{"type":"Polygon","coordinates":[[[3.96759969,50.91087561],[3.96759616,50.91090546],[3.96749099,50.91090004],[3.96747708,50.91097225],[3.96732974,50.91096037],[3.96717046,50.91094754],[3.96716365,50.91094699],[3.96716916,50.91092523],[3.9671724,50.91091242],[3.96729722,50.91092332],[3.96730524,50.91087597],[3.96748735,50.91088939],[3.96749096,50.91087049],[3.96759969,50.91087561]]]}},{"type":"Feature","id":"gebouw/Gebouw.13340241/0","properties":{"source":"Digitaal Vlaanderen Gebouwenregister","source_id":"gebouw/Gebouw.13340241/0","kind":"building","building":"official","height_m":7.35,"status":null},"geometry":{"type":"Polygon","coordinates":[[[3.96868258,50.9140115],[3.96873053,50.9140118],[3.96873646,50.91401184],[3.96874235,50.91390498],[3.96863922,50.91390327],[3.96863875,50.91391488],[3.96863319,50.91391479],[3.96861007,50.91391441],[3.9686109,50.91389238],[3.96853223,50.91389167],[3.96852863,50.91402421],[3.96864424,50.91402546],[3.96864463,50.91401126],[3.96868258,50.9140115]]]}},{"type":"Feature","id":"gebouw/Gebouw.13341985/0","properties":{"source":"Digitaal Vlaanderen Gebouwenregister","source_id":"gebouw/Gebouw.13341985/0","kind":"building","building":"official","height_m":5.85,"status":null},"geometry":{"type":"Polygon","coordinates":[[[3.97311008,50.91461685],[3.97313403,50.91452857],[3.97334887,50.91455057],[3.97334438,50.91456979],[3.9733382,50.91456916],[3.9733252,50.91462563],[3.97331404,50.91462453],[3.97331078,50.91463925],[3.97311008,50.91461685]]]}},{"type":"Feature","id":"gebouw/Gebouw.13342018/0","properties":{"source":"Digitaal Vlaanderen Gebouwenregister","source_id":"gebouw/Gebouw.13342018/0","kind":"building","building":"official","height_m":8.1,"status":null},"geometry":{"type":"Polygon","coordinates":[[[3.97091325,50.91153803],[3.97080434,50.91153264],[3.97080984,50.91148418],[3.97086276,50.91148656],[3.97085863,50.91151446],[3.97091677,50.91151704],[3.97091325,50.91153803]]]}},{"type":"Feature","id":"gebouw/Gebouw.13342083/0","properties":{"source":"Digitaal Vlaanderen Gebouwenregister","source_id":"gebouw/Gebouw.13342083/0","kind":"building","building":"official","height_m":7.35,"status":null},"geometry":{"type":"Polygon","coordinates":[[[3.97017406,50.91386392],[3.97023828,50.91386468],[3.97023395,50.91400428],[3.97013459,50.91400305],[3.97013523,50.91397795],[3.97007558,50.9139754],[3.97008103,50.91388541],[3.97008413,50.91388546],[3.970137,50.91388635],[3.97013965,50.91388639],[3.97016085,50.91388674],[3.97017339,50.9138869],[3.97017406,50.91386392]]]}},{"type":"Feature","id":"gebouw/Gebouw.13342100/0","properties":{"source":"Digitaal Vlaanderen Gebouwenregister","source_id":"gebouw/Gebouw.13342100/0","kind":"building","building":"official","height_m":6.6,"status":null},"geometry":{"type":"Polygon","coordinates":[[[3.97245463,50.9103274],[3.97228797,50.91032838],[3.9722878,50.91032484],[3.97229427,50.91032453],[3.97229395,50.91031703],[3.97231146,50.91031654],[3.97231039,50.9102962],[3.97230993,50.91028785],[3.97230302,50.910288],[3.97230084,50.9102486],[3.97230048,50.91024512],[3.9722967,50.91024527],[3.97229642,50.91024251],[3.97244944,50.91023955],[3.97245188,50.91029468],[3.97259478,50.91029336],[3.97259185,50.91032659],[3.97245463,50.9103274]]]}},{"type":"Feature","id":"gebouw/Gebouw.13345449/0","properties":{"source":"Digitaal Vlaanderen Gebouwenregister","source_id":"gebouw/Gebouw.13345449/0","kind":"building","building":"official","height_m":7.35,"status":null},"geometry":{"type":"Polygon","coordinates":[[[3.96724023,50.91417645],[3.96724361,50.91411996],[3.96727501,50.91412072],[3.96727555,50.91411173],[3.96728,50.91404015],[3.96742782,50.91404364],[3.9674187,50.91418103],[3.96724023,50.91417645]]]}},{"type":"Feature","id":"gebouw/Gebouw.13345607/0","properties":{"source":"Digitaal Vlaanderen Gebouwenregister","source_id":"gebouw/Gebouw.13345607/0","kind":"building","building":"official","height_m":8.85,"status":null},"geometry":{"type":"Polygon","coordinates":[[[3.96448169,50.90851053],[3.96436066,50.90852889],[3.96433474,50.90845762],[3.96445572,50.90844004],[3.96448169,50.90851053]]]}},{"type":"Feature","id":"gebouw/Gebouw.13347681/0","properties":{"source":"Digitaal Vlaanderen Gebouwenregister","source_id":"gebouw/Gebouw.13347681/0","kind":"building","building":"official","height_m":7.35,"status":null},"geometry":{"type":"Polygon","coordinates":[[[3.96788927,50.9148077],[3.96782318,50.91480743],[3.96782251,50.91477436],[3.96788908,50.91477418],[3.96788927,50.9148077]]]}},{"type":"Feature","id":"gebouw/Gebouw.13347856/0","properties":{"source":"Digitaal Vlaanderen Gebouwenregister","source_id":"gebouw/Gebouw.13347856/0","kind":"building","building":"official","height_m":8.1,"status":null},"geometry":{"type":"Polygon","coordinates":[[[3.96673959,50.9115185],[3.96661444,50.91150753],[3.9666284,50.91145537],[3.96675108,50.91146613],[3.96673959,50.9115185]]]}},{"type":"Feature","id":"gebouw/Gebouw.13347956/0","properties":{"source":"Digitaal Vlaanderen Gebouwenregister","source_id":"gebouw/Gebouw.13347956/0","kind":"building","building":"official","height_m":6.6,"status":null},"geometry":{"type":"Polygon","coordinates":[[[3.96753479,50.91019111],[3.9675344,50.91019471],[3.96753292,50.91019464],[3.96753114,50.91021026],[3.96752899,50.91022914],[3.96753044,50.91022924],[3.96752853,50.91024485],[3.96752712,50.91024478],[3.96752669,50.91024828],[3.96752348,50.91027617],[3.96752337,50.9102773],[3.96752487,50.91027737],[3.96752448,50.91028097],[3.96752357,50.91028093],[3.96742954,50.91027681],[3.96739698,50.91027539],[3.96737231,50.91027431],[3.96733487,50.91027267],[3.96733013,50.91027246],[3.9673377,50.91019809],[3.96725797,50.910194],[3.96726007,50.91015725],[3.96738731,50.91016225],[3.96738281,50.91018852],[3.96740738,50.91018953],[3.96740807,50.91018382],[3.96753479,50.91019111]]]}},{"type":"Feature","id":"gebouw/Gebouw.13348281/0","properties":{"source":"Digitaal Vlaanderen Gebouwenregister","source_id":"gebouw/Gebouw.13348281/0","kind":"building","building":"official","height_m":7.35,"status":null},"geometry":{"type":"Polygon","coordinates":[[[3.96697348,50.91019313],[3.9668791,50.91019017],[3.96688502,50.91014407],[3.96697532,50.9101487],[3.96697333,50.91016424],[3.96697677,50.91016442],[3.96697348,50.91019313]]]}},{"type":"Feature","id":"gebouw/Gebouw.13350679/0","properties":{"source":"Digitaal Vlaanderen Gebouwenregister","source_id":"gebouw/Gebouw.13350679/0","kind":"building","building":"official","height_m":5.85,"status":null},"geometry":{"type":"Polygon","coordinates":[[[3.96995109,50.91457848],[3.96995164,50.91454361],[3.97006078,50.91454279],[3.97006118,50.91457812],[3.96995109,50.91457848]]]}},{"type":"Feature","id":"gebouw/Gebouw.13350696/0","properties":{"source":"Digitaal Vlaanderen Gebouwenregister","source_id":"gebouw/Gebouw.13350696/0","kind":"building","building":"official","height_m":5.1,"status":null},"geometry":{"type":"Polygon","coordinates":[[[3.97225856,50.9122898],[3.9723025,50.91229073],[3.97229641,50.91237973],[3.97225258,50.91237806],[3.97220124,50.9123761],[3.97220967,50.91228877],[3.97225856,50.9122898]]]}},{"type":"Feature","id":"gebouw/Gebouw.13350830/0","properties":{"source":"Digitaal Vlaanderen Gebouwenregister","source_id":"gebouw/Gebouw.13350830/0","kind":"building","building":"official","height_m":6.6,"status":null},"geometry":{"type":"Polygon","coordinates":[[[3.97027052,50.91429564],[3.97027087,50.91425696],[3.97030343,50.91425746],[3.97030362,50.9142761],[3.9704144,50.91427635],[3.97041505,50.91429721],[3.97027052,50.91429564]]]}},{"type":"Feature","id":"gebouw/Gebouw.13355587/0","properties":{"source":"Digitaal Vlaanderen Gebouwenregister","source_id":"gebouw/Gebouw.13355587/0","kind":"building","building":"official","height_m":5.85,"status":null},"geometry":{"type":"Polygon","coordinates":[[[3.97273373,50.9097397],[3.97273942,50.90967473],[3.97287092,50.90967896],[3.97286573,50.90974631],[3.97285198,50.90974562],[3.97273373,50.9097397]]]}},{"type":"Feature","id":"gebouw/Gebouw.13359926/0","properties":{"source":"Digitaal Vlaanderen Gebouwenregister","source_id":"gebouw/Gebouw.13359926/0","kind":"building","building":"official","height_m":6.6,"status":null},"geometry":{"type":"Polygon","coordinates":[[[3.97309085,50.91469174],[3.97332839,50.91473775],[3.97329432,50.9148066],[3.97327273,50.9148023],[3.97327005,50.9148077],[3.97317276,50.91478892],[3.97316571,50.91480125],[3.9730485,50.91477772],[3.97306925,50.91473606],[3.97305828,50.91473355],[3.97306204,50.91472615],[3.97307283,50.9147283],[3.97309085,50.91469174]]]}},{"type":"Feature","id":"gebouw/Gebouw.13365613/0","properties":{"source":"Digitaal Vlaanderen Gebouwenregister","source_id":"gebouw/Gebouw.13365613/0","kind":"building","building":"official","height_m":5.85,"status":null},"geometry":{"type":"Polygon","coordinates":[[[3.96790228,50.91039255],[3.96785965,50.91039671],[3.96780073,50.91040247],[3.96779834,50.91038891],[3.96769237,50.91039492],[3.96768711,50.9103603],[3.96768052,50.9103177],[3.96778474,50.91031143],[3.96784724,50.91030766],[3.96785156,50.91033862],[3.96789411,50.91033529],[3.96790228,50.91039255]]]}},{"type":"Feature","id":"gebouw/Gebouw.13369107/0","properties":{"source":"Digitaal Vlaanderen Gebouwenregister","source_id":"gebouw/Gebouw.13369107/0","kind":"building","building":"official","height_m":7.35,"status":null},"geometry":{"type":"Polygon","coordinates":[[[3.97108557,50.91275978],[3.97108181,50.91277205],[3.97095762,50.91275972],[3.97095909,50.91275378],[3.97098393,50.91265381],[3.97104534,50.91265897],[3.97106563,50.91258435],[3.97091752,50.91256676],[3.97093605,50.91248339],[3.97117765,50.91250718],[3.97115989,50.91257476],[3.97124833,50.91258367],[3.97124634,50.91259163],[3.97125753,50.91259778],[3.97125344,50.91261293],[3.97124029,50.91261617],[3.97123793,50.91262304],[3.97121719,50.91262083],[3.97121623,50.91262443],[3.9712035,50.91267227],[3.97111534,50.91266254],[3.97108557,50.91275978]]]}},{"type":"Feature","id":"gebouw/Gebouw.13370613/0","properties":{"source":"Digitaal Vlaanderen Gebouwenregister","source_id":"gebouw/Gebouw.13370613/0","kind":"building","building":"official","height_m":7.35,"status":null},"geometry":{"type":"Polygon","coordinates":[[[3.96539973,50.90855722],[3.96535419,50.90856217],[3.96533207,50.90847745],[3.96530546,50.90848043],[3.96529106,50.90842651],[3.96530033,50.90842586],[3.96528376,50.9083906],[3.96518183,50.90840008],[3.96517189,50.90836193],[3.96528569,50.90835089],[3.96529047,50.90837327],[3.965304,50.90837126],[3.96530499,50.90837501],[3.96535366,50.90836743],[3.96538117,50.90848076],[3.96539973,50.90855722]]]}},{"type":"Feature","id":"gebouw/Gebouw.13372911/0","properties":{"source":"Digitaal Vlaanderen Gebouwenregister","source_id":"gebouw/Gebouw.13372911/0","kind":"building","building":"official","height_m":7.35,"status":null},"geometry":{"type":"Polygon","coordinates":[[[3.97276765,50.91103554],[3.97268574,50.91103412],[3.97268705,50.91099284],[3.97276874,50.91099365],[3.97276765,50.91103554]]]}},{"type":"Feature","id":"gebouw/Gebouw.13373178/0","properties":{"source":"Digitaal Vlaanderen Gebouwenregister","source_id":"gebouw/Gebouw.13373178/0","kind":"building","building":"official","height_m":5.1,"status":null},"geometry":{"type":"Polygon","coordinates":[[[3.9708302,50.91096643],[3.97083297,50.91092148],[3.97120581,50.91094094],[3.9712028,50.91098584],[3.97098425,50.91097445],[3.9708302,50.91096643]]]}},{"type":"Feature","id":"gebouw/Gebouw.13373365/0","properties":{"source":"Digitaal Vlaanderen Gebouwenregister","source_id":"gebouw/Gebouw.13373365/0","kind":"building","building":"official","height_m":5.85,"status":null},"geometry":{"type":"Polygon","coordinates":[[[3.96948619,50.90871685],[3.96937065,50.90870354],[3.9693813,50.90867558],[3.96932282,50.90866885],[3.96933821,50.90863052],[3.96950678,50.90865011],[3.96948619,50.90871685]]]}},{"type":"Feature","id":"gebouw/Gebouw.13382241/0","properties":{"source":"Digitaal Vlaanderen Gebouwenregister","source_id":"gebouw/Gebouw.13382241/0","kind":"building","building":"official","height_m":7.35,"status":null},"geometry":{"type":"Polygon","coordinates":[[[3.96512631,50.9099014],[3.96501423,50.90989397],[3.96500943,50.90991414],[3.96500417,50.90991346],[3.9649999,50.90993546],[3.964808,50.90992532],[3.96481234,50.9098801],[3.96467889,50.9098789],[3.96468499,50.90982879],[3.96474185,50.90982959],[3.96474203,50.90982478],[3.96485767,50.90982862],[3.96490077,50.90983264],[3.9649917,50.9098387],[3.96499352,50.90983207],[3.96513779,50.90984361],[3.96512631,50.9099014]]]}},{"type":"Feature","id":"gebouw/Gebouw.13384727/0","properties":{"source":"Digitaal Vlaanderen Gebouwenregister","source_id":"gebouw/Gebouw.13384727/0","kind":"building","building":"official","height_m":8.85,"status":null},"geometry":{"type":"Polygon","coordinates":[[[3.96732974,50.91096037],[3.96732125,50.9109975],[3.96716434,50.91098421],[3.96717046,50.91094754],[3.96732974,50.91096037]]]}},{"type":"Feature","id":"gebouw/Gebouw.13385287/0","properties":{"source":"Digitaal Vlaanderen Gebouwenregister","source_id":"gebouw/Gebouw.13385287/0","kind":"building","building":"official","height_m":5.85,"status":null},"geometry":{"type":"Polygon","coordinates":[[[3.96651544,50.90947188],[3.96649187,50.9094513],[3.96656409,50.90941804],[3.9665867,50.90943772],[3.96651544,50.90947188]]]}},{"type":"Feature","id":"gebouw/Gebouw.13389539/0","properties":{"source":"Digitaal Vlaanderen Gebouwenregister","source_id":"gebouw/Gebouw.13389539/0","kind":"building","building":"official","height_m":8.85,"status":null},"geometry":{"type":"Polygon","coordinates":[[[3.9720539,50.9094439],[3.97204759,50.9095032],[3.9717644,50.90949117],[3.97177396,50.90940132],[3.97177454,50.90939592],[3.9719349,50.90940341],[3.97193442,50.9094079],[3.97193207,50.90942997],[3.97199498,50.90943265],[3.97199405,50.90944135],[3.97205316,50.90944386],[3.9720539,50.9094439]]]}},{"type":"Feature","id":"gebouw/Gebouw.13390403/0","properties":{"source":"Digitaal Vlaanderen Gebouwenregister","source_id":"gebouw/Gebouw.13390403/0","kind":"building","building":"official","height_m":8.85,"status":null},"geometry":{"type":"Polygon","coordinates":[[[3.97165145,50.91052491],[3.97164681,50.91056099],[3.97155759,50.91055696],[3.97155839,50.91055261],[3.97150739,50.91054934],[3.97151175,50.91051795],[3.97157272,50.91052099],[3.97165145,50.91052491]]]}},{"type":"Feature","id":"gebouw/Gebouw.13393321/0","properties":{"source":"Digitaal Vlaanderen Gebouwenregister","source_id":"gebouw/Gebouw.13393321/0","kind":"building","building":"official","height_m":5.85,"status":null},"geometry":{"type":"Polygon","coordinates":[[[3.97228468,50.91169317],[3.97228466,50.9117175],[3.97221103,50.9117172],[3.97221146,50.91174273],[3.97208915,50.91174218],[3.97208973,50.91169223],[3.97228468,50.91169317]]]}},{"type":"Feature","id":"gebouw/Gebouw.13397138/0","properties":{"source":"Digitaal Vlaanderen Gebouwenregister","source_id":"gebouw/Gebouw.13397138/0","kind":"building","building":"official","height_m":6.6,"status":null},"geometry":{"type":"Polygon","coordinates":[[[3.97244256,50.90841379],[3.9723377,50.90851128],[3.97233197,50.90850874],[3.97232968,50.9085077],[3.97232131,50.90849027],[3.97233668,50.90847625],[3.97230993,50.90846429],[3.97234477,50.90843284],[3.97231729,50.90842076],[3.97238427,50.9083628],[3.97241998,50.90833189],[3.97244856,50.90834445],[3.97245729,50.90833639],[3.97249266,50.90835314],[3.9724844,50.9083602],[3.97249617,50.90836537],[3.97244256,50.90841379]]]}},{"type":"Feature","id":"gebouw/Gebouw.13397853/0","properties":{"source":"Digitaal Vlaanderen Gebouwenregister","source_id":"gebouw/Gebouw.13397853/0","kind":"building","building":"official","height_m":7.35,"status":null},"geometry":{"type":"Polygon","coordinates":[[[3.97231025,50.9139115],[3.97232955,50.91391275],[3.97237585,50.91391576],[3.97245029,50.91392058],[3.97243096,50.9140328],[3.97229068,50.91402341],[3.97231025,50.9139115]]]}},{"type":"Feature","id":"gebouw/Gebouw.13401082/0","properties":{"source":"Digitaal Vlaanderen Gebouwenregister","source_id":"gebouw/Gebouw.13401082/0","kind":"building","building":"official","height_m":8.1,"status":null},"geometry":{"type":"Polygon","coordinates":[[[3.97141277,50.91048727],[3.97151491,50.91049307],[3.97151175,50.91051795],[3.9714114,50.91051295],[3.97141277,50.91048727]]]}},{"type":"Feature","id":"gebouw/Gebouw.13401084/0","properties":{"source":"Digitaal Vlaanderen Gebouwenregister","source_id":"gebouw/Gebouw.13401084/0","kind":"building","building":"official","height_m":5.1,"status":null},"geometry":{"type":"Polygon","coordinates":[[[3.96588185,50.91494686],[3.96579845,50.91494363],[3.96580055,50.91491599],[3.96588423,50.91491622],[3.96588185,50.91494686]]]}},{"type":"Feature","id":"gebouw/Gebouw.13403139/0","properties":{"source":"Digitaal Vlaanderen Gebouwenregister","source_id":"gebouw/Gebouw.13403139/0","kind":"building","building":"official","height_m":7.35,"status":null},"geometry":{"type":"Polygon","coordinates":[[[3.96862796,50.91414386],[3.968729,50.91414375],[3.96872893,50.91420913],[3.96868803,50.91420917],[3.96868526,50.91426461],[3.96862561,50.91426273],[3.96862796,50.91414386]]]}},{"type":"Feature","id":"gebouw/Gebouw.13403204/0","properties":{"source":"Digitaal Vlaanderen Gebouwenregister","source_id":"gebouw/Gebouw.13403204/0","kind":"building","building":"official","height_m":6.6,"status":null},"geometry":{"type":"Polygon","coordinates":[[[3.97108734,50.91034473],[3.97108743,50.91038707],[3.97102828,50.91038719],[3.971027,50.91034588],[3.97108734,50.91034473]]]}},{"type":"Feature","id":"gebouw/Gebouw.13404118/0","properties":{"source":"Digitaal Vlaanderen Gebouwenregister","source_id":"gebouw/Gebouw.13404118/0","kind":"building","building":"official","height_m":8.1,"status":null},"geometry":{"type":"Polygon","coordinates":[[[3.97103447,50.9114637],[3.97103674,50.91144224],[3.9712027,50.91144924],[3.97120036,50.9114707],[3.97103447,50.9114637]]]}},{"type":"Feature","id":"gebouw/Gebouw.13406398/0","properties":{"source":"Digitaal Vlaanderen Gebouwenregister","source_id":"gebouw/Gebouw.13406398/0","kind":"building","building":"official","height_m":8.1,"status":null},"geometry":{"type":"Polygon","coordinates":[[[3.9718251,50.91088581],[3.9717542,50.91088244],[3.97164975,50.91087747],[3.97152237,50.91086862],[3.97152189,50.91087139],[3.97151519,50.91090991],[3.97155921,50.91091297],[3.97155021,50.91096473],[3.97166481,50.91096974],[3.97166951,50.91096398],[3.97181279,50.91096978],[3.9718251,50.91088581]]]}},{"type":"Feature","id":"gebouw/Gebouw.13407286/0","properties":{"source":"Digitaal Vlaanderen Gebouwenregister","source_id":"gebouw/Gebouw.13407286/0","kind":"building","building":"official","height_m":8.1,"status":null},"geometry":{"type":"Polygon","coordinates":[[[3.96833385,50.9105268],[3.96823781,50.91052295],[3.96824155,50.91048041],[3.96833712,50.91048337],[3.96833385,50.9105268]]]}},{"type":"Feature","id":"gebouw/Gebouw.13407384/0","properties":{"source":"Digitaal Vlaanderen Gebouwenregister","source_id":"gebouw/Gebouw.13407384/0","kind":"building","building":"official","height_m":5.1,"status":null},"geometry":{"type":"Polygon","coordinates":[[[3.97155509,50.91026476],[3.97156023,50.9103394],[3.97142005,50.91033178],[3.97140981,50.91023298],[3.97144979,50.9102319],[3.97144569,50.91015116],[3.9715472,50.91015024],[3.97155509,50.91026476]],[[3.97150375,50.91029682],[3.97150369,50.91027639],[3.97148946,50.91027523],[3.97148898,50.91025255],[3.97146426,50.91025355],[3.97146768,50.91029502],[3.97150375,50.91029682]]]}},{"type":"Feature","id":"gebouw/Gebouw.13407863/0","properties":{"source":"Digitaal Vlaanderen Gebouwenregister","source_id":"gebouw/Gebouw.13407863/0","kind":"building","building":"official","height_m":8.85,"status":null},"geometry":{"type":"Polygon","coordinates":[[[3.97277964,50.90890521],[3.97278229,50.90890602],[3.97280201,50.90888194],[3.97294661,50.90892881],[3.97291637,50.90896581],[3.97294854,50.90897687],[3.97292261,50.90900901],[3.97292391,50.90903232],[3.97281333,50.90902767],[3.97284537,50.90899324],[3.97279017,50.90897507],[3.97278335,50.90898328],[3.97273263,50.90896665],[3.97277964,50.90890521]]]}},{"type":"Feature","id":"gebouw/Gebouw.13408057/0","properties":{"source":"Digitaal Vlaanderen Gebouwenregister","source_id":"gebouw/Gebouw.13408057/0","kind":"building","building":"official","height_m":5.85,"status":null},"geometry":{"type":"Polygon","coordinates":[[[3.97173977,50.90987183],[3.97152859,50.90986155],[3.97153813,50.90978293],[3.9716029,50.90978617],[3.97160902,50.90974237],[3.97175801,50.90975079],[3.97174609,50.90982979],[3.97173977,50.90987183]]]}},{"type":"Feature","id":"gebouw/Gebouw.13410640/0","properties":{"source":"Digitaal Vlaanderen Gebouwenregister","source_id":"gebouw/Gebouw.13410640/0","kind":"building","building":"official","height_m":8.1,"status":null},"geometry":{"type":"Polygon","coordinates":[[[3.97232026,50.91139181],[3.97228062,50.91139178],[3.9721452,50.91138301],[3.97215807,50.91130422],[3.97239247,50.9113174],[3.97238688,50.91136546],[3.97232494,50.91136285],[3.97232026,50.91139181]]]}},{"type":"Feature","id":"gebouw/Gebouw.13412764/0","properties":{"source":"Digitaal Vlaanderen Gebouwenregister","source_id":"gebouw/Gebouw.13412764/0","kind":"building","building":"official","height_m":8.1,"status":null},"geometry":{"type":"Polygon","coordinates":[[[3.96281023,50.91496435],[3.96272514,50.91494491],[3.96275736,50.91488842],[3.96284317,50.91490787],[3.96281023,50.91496435]]]}},{"type":"Feature","id":"gebouw/Gebouw.13413234/0","properties":{"source":"Digitaal Vlaanderen Gebouwenregister","source_id":"gebouw/Gebouw.13413234/0","kind":"building","building":"official","height_m":5.1,"status":null},"geometry":{"type":"Polygon","coordinates":[[[3.97208178,50.90916576],[3.9718638,50.909182],[3.97179069,50.9091783],[3.9717927,50.90915109],[3.9718143,50.90915187],[3.97181424,50.90915487],[3.97183537,50.9091552],[3.97183229,50.90913129],[3.97185559,50.90913028],[3.97183838,50.90903104],[3.97204795,50.90904432],[3.97206476,50.90904538],[3.97207335,50.90904593],[3.97207897,50.90908046],[3.97207772,50.90908055],[3.97207814,50.90908312],[3.97208475,50.90911202],[3.9720863,50.90911188],[3.97209022,50.90912954],[3.97208867,50.90912968],[3.97208941,50.90913301],[3.97209575,50.90916108],[3.97209729,50.90916095],[3.9720981,50.90916454],[3.97209642,50.90916467],[3.97208391,50.9091656],[3.97208178,50.90916576]]]}},{"type":"Feature","id":"gebouw/Gebouw.13415064/0","properties":{"source":"Digitaal Vlaanderen Gebouwenregister","source_id":"gebouw/Gebouw.13415064/0","kind":"building","building":"official","height_m":5.1,"status":null},"geometry":{"type":"Polygon","coordinates":[[[3.9712028,50.91098584],[3.97118343,50.91112966],[3.97055158,50.91109702],[3.97057333,50.91095305],[3.9708302,50.91096643],[3.97098425,50.91097445],[3.9712028,50.91098584]]]}},{"type":"Feature","id":"gebouw/Gebouw.13419766/0","properties":{"source":"Digitaal Vlaanderen Gebouwenregister","source_id":"gebouw/Gebouw.13419766/0","kind":"building","building":"official","height_m":8.1,"status":null},"geometry":{"type":"Polygon","coordinates":[[[3.97237819,50.90979814],[3.97237282,50.90985539],[3.97220081,50.90985253],[3.97220153,50.90982833],[3.97220159,50.90982604],[3.97220238,50.90979969],[3.97218761,50.90979951],[3.97218755,50.9097958],[3.97237819,50.90979814]]]}},{"type":"Feature","id":"gebouw/Gebouw.13424963/0","properties":{"source":"Digitaal Vlaanderen Gebouwenregister","source_id":"gebouw/Gebouw.13424963/0","kind":"building","building":"official","height_m":8.85,"status":null},"geometry":{"type":"Polygon","coordinates":[[[3.96834003,50.91420547],[3.96829606,50.91417468],[3.96835318,50.91414032],[3.96839761,50.91417247],[3.96834003,50.91420547]]]}},{"type":"Feature","id":"gebouw/Gebouw.13425123/0","properties":{"source":"Digitaal Vlaanderen Gebouwenregister","source_id":"gebouw/Gebouw.13425123/0","kind":"building","building":"official","height_m":7.35,"status":null},"geometry":{"type":"Polygon","coordinates":[[[3.96884604,50.91396495],[3.96885385,50.91384657],[3.96885935,50.91384665],[3.96885907,50.91385467],[3.9688636,50.91385474],[3.96892225,50.91385607],[3.96892289,50.91384807],[3.96899528,50.91384959],[3.96899308,50.91389873],[3.96904585,50.91389981],[3.96904428,50.91397018],[3.96884604,50.91396495]]]}},{"type":"Feature","id":"gebouw/Gebouw.13430267/0","properties":{"source":"Digitaal Vlaanderen Gebouwenregister","source_id":"gebouw/Gebouw.13430267/0","kind":"building","building":"official","height_m":8.85,"status":null},"geometry":{"type":"Polygon","coordinates":[[[3.96746813,50.91378129],[3.96745465,50.91395744],[3.96728452,50.91395186],[3.9672912,50.91389192],[3.96729217,50.91388284],[3.96727764,50.91388222],[3.96728246,50.91383737],[3.96730241,50.91383822],[3.96730147,50.91384802],[3.96731335,50.91384847],[3.96732097,50.91377697],[3.96738098,50.91377873],[3.96746813,50.91378129]]]}},{"type":"Feature","id":"gebouw/Gebouw.13430522/0","properties":{"source":"Digitaal Vlaanderen Gebouwenregister","source_id":"gebouw/Gebouw.13430522/0","kind":"building","building":"official","height_m":6.6,"status":null},"geometry":{"type":"Polygon","coordinates":[[[3.96761643,50.90902283],[3.96761423,50.90897699],[3.96765939,50.90897666],[3.96766112,50.9090219],[3.96761643,50.90902283]]]}},{"type":"Feature","id":"gebouw/Gebouw.13435579/0","properties":{"source":"Digitaal Vlaanderen Gebouwenregister","source_id":"gebouw/Gebouw.13435579/0","kind":"building","building":"official","height_m":5.85,"status":null},"geometry":{"type":"Polygon","coordinates":[[[3.96687632,50.91007445],[3.96682687,50.91006726],[3.96683752,50.9100354],[3.96688768,50.91004138],[3.96687632,50.91007445]]]}},{"type":"Feature","id":"gebouw/Gebouw.13435722/0","properties":{"source":"Digitaal Vlaanderen Gebouwenregister","source_id":"gebouw/Gebouw.13435722/0","kind":"building","building":"official","height_m":5.1,"status":null},"geometry":{"type":"Polygon","coordinates":[[[3.96916169,50.91379274],[3.96919043,50.91379286],[3.96919679,50.91379275],[3.96919672,50.91379095],[3.96920685,50.91379078],[3.96921192,50.91379084],[3.969212,50.9137878],[3.96926668,50.91378841],[3.96926485,50.91383998],[3.9692841,50.91384025],[3.9692816,50.91389359],[3.9693258,50.91389492],[3.96932442,50.91395218],[3.96930303,50.91395174],[3.96929801,50.9140742],[3.96920008,50.91407283],[3.96920956,50.91387826],[3.96918817,50.91387798],[3.96918765,50.91388098],[3.96914628,50.91388132],[3.96914582,50.91384961],[3.96916127,50.91384985],[3.96916169,50.91379274]]]}},{"type":"Feature","id":"gebouw/Gebouw.13435780/0","properties":{"source":"Digitaal Vlaanderen Gebouwenregister","source_id":"gebouw/Gebouw.13435780/0","kind":"building","building":"official","height_m":8.1,"status":null},"geometry":{"type":"Polygon","coordinates":[[[3.96818254,50.90850868],[3.96818009,50.90848589],[3.96827049,50.90848359],[3.96827198,50.90850639],[3.96818254,50.90850868]]]}},{"type":"Feature","id":"gebouw/Gebouw.13435869/0","properties":{"source":"Digitaal Vlaanderen Gebouwenregister","source_id":"gebouw/Gebouw.13435869/0","kind":"building","building":"official","height_m":7.35,"status":null},"geometry":{"type":"Polygon","coordinates":[[[3.973283,50.90912899],[3.9732439,50.90918218],[3.97328497,50.90919468],[3.97326329,50.90922184],[3.97311906,50.90921124],[3.97311939,50.90920925],[3.97313323,50.90912561],[3.97313372,50.90912257],[3.973283,50.90912899]]]}},{"type":"Feature","id":"gebouw/Gebouw.13438688/0","properties":{"source":"Digitaal Vlaanderen Gebouwenregister","source_id":"gebouw/Gebouw.13438688/0","kind":"building","building":"official","height_m":6.6,"status":null},"geometry":{"type":"Polygon","coordinates":[[[3.96398297,50.90899693],[3.96411653,50.90897867],[3.96417701,50.90914132],[3.96413667,50.90914712],[3.96412716,50.90911855],[3.96391191,50.90915048],[3.96392168,50.90917329],[3.96383832,50.90918465],[3.96384119,50.90919322],[3.96379987,50.90919875],[3.96378958,50.90916801],[3.96378409,50.90916875],[3.96376053,50.90909837],[3.96400515,50.9090657],[3.96398297,50.90899693]]]}},{"type":"Feature","id":"gebouw/Gebouw.13438707/0","properties":{"source":"Digitaal Vlaanderen Gebouwenregister","source_id":"gebouw/Gebouw.13438707/0","kind":"building","building":"official","height_m":7.35,"status":null},"geometry":{"type":"Polygon","coordinates":[[[3.97251344,50.91120374],[3.9725097,50.91123554],[3.97247292,50.91123404],[3.97247027,50.9112591],[3.97240222,50.91125551],[3.97240146,50.91126084],[3.97226207,50.9112541],[3.97226678,50.91121649],[3.97225576,50.91121592],[3.97226021,50.9111889],[3.97251344,50.91120374]]]}},{"type":"Feature","id":"gebouw/Gebouw.13441293/0","properties":{"source":"Digitaal Vlaanderen Gebouwenregister","source_id":"gebouw/Gebouw.13441293/0","kind":"building","building":"official","height_m":7.35,"status":null},"geometry":{"type":"Polygon","coordinates":[[[3.96724535,50.91436181],[3.96726792,50.91436243],[3.9672698,50.9143332],[3.96727014,50.91432793],[3.96726027,50.91432768],[3.96726364,50.91427764],[3.96727574,50.91427796],[3.96728525,50.9142782],[3.96728536,50.91427639],[3.96746812,50.91428114],[3.96746376,50.91436122],[3.967517,50.91436231],[3.96751346,50.91442433],[3.96724159,50.91441675],[3.96724535,50.91436181]]]}},{"type":"Feature","id":"gebouw/Gebouw.13443257/0","properties":{"source":"Digitaal Vlaanderen Gebouwenregister","source_id":"gebouw/Gebouw.13443257/0","kind":"building","building":"official","height_m":8.85,"status":null},"geometry":{"type":"Polygon","coordinates":[[[3.97131616,50.91288297],[3.97132486,50.91289116],[3.9713246,50.91291269],[3.97129389,50.91291254],[3.97129416,50.91289052],[3.97130304,50.91288291],[3.97131616,50.91288297]]]}},{"type":"Feature","id":"gebouw/Gebouw.13443706/0","properties":{"source":"Digitaal Vlaanderen Gebouwenregister","source_id":"gebouw/Gebouw.13443706/0","kind":"building","building":"official","height_m":8.1,"status":null},"geometry":{"type":"Polygon","coordinates":[[[3.9636908,50.90911211],[3.96364458,50.90911952],[3.96361839,50.90912371],[3.9636358,50.9091704],[3.96358379,50.909178],[3.96356277,50.90912772],[3.96357298,50.90912572],[3.96353486,50.90903506],[3.96356692,50.90903056],[3.96356432,50.90902303],[3.96360592,50.90901777],[3.96364305,50.90901307],[3.96365695,50.90906233],[3.96367404,50.9090594],[3.9636908,50.90911211]]]}},{"type":"Feature","id":"gebouw/Gebouw.13446499/0","properties":{"source":"Digitaal Vlaanderen Gebouwenregister","source_id":"gebouw/Gebouw.13446499/0","kind":"building","building":"official","height_m":5.85,"status":null},"geometry":{"type":"Polygon","coordinates":[[[3.96739606,50.90926719],[3.96710736,50.90926693],[3.96710629,50.90924488],[3.96712079,50.90924427],[3.96711861,50.90921677],[3.9671885,50.90921733],[3.9671875,50.90918337],[3.96726879,50.90917941],[3.96726698,50.90913252],[3.9673239,50.90913216],[3.96732718,50.9091808],[3.96738838,50.90917983],[3.96739191,50.90921354],[3.9673921,50.90921539],[3.9673936,50.90921533],[3.96739535,50.9092315],[3.96739391,50.90923157],[3.96739407,50.909233],[3.96739606,50.90926719]]]}},{"type":"Feature","id":"gebouw/Gebouw.13448024/0","properties":{"source":"Digitaal Vlaanderen Gebouwenregister","source_id":"gebouw/Gebouw.13448024/0","kind":"building","building":"official","height_m":6.6,"status":null},"geometry":{"type":"Polygon","coordinates":[[[3.9705231,50.90888307],[3.97039283,50.90887789],[3.97039937,50.90880529],[3.97053226,50.90881153],[3.9705231,50.90888307]]]}},{"type":"Feature","id":"gebouw/Gebouw.13448381/0","properties":{"source":"Digitaal Vlaanderen Gebouwenregister","source_id":"gebouw/Gebouw.13448381/0","kind":"building","building":"official","height_m":8.85,"status":null},"geometry":{"type":"Polygon","coordinates":[[[3.96408684,50.9094114],[3.96407926,50.90937128],[3.96413131,50.90936804],[3.9641377,50.90940741],[3.96408684,50.9094114]]]}},{"type":"Feature","id":"gebouw/Gebouw.13449714/0","properties":{"source":"Digitaal Vlaanderen Gebouwenregister","source_id":"gebouw/Gebouw.13449714/0","kind":"building","building":"official","height_m":5.1,"status":null},"geometry":{"type":"Polygon","coordinates":[[[3.97237822,50.91017886],[3.97237922,50.91021414],[3.97232078,50.91021303],[3.97231085,50.91021284],[3.97231119,50.91020444],[3.97224755,50.91020377],[3.97224932,50.91014247],[3.97234775,50.91014435],[3.97237725,50.91014491],[3.97237822,50.91017886]]]}},{"type":"Feature","id":"gebouw/Gebouw.13449791/0","properties":{"source":"Digitaal Vlaanderen Gebouwenregister","source_id":"gebouw/Gebouw.13449791/0","kind":"building","building":"official","height_m":8.85,"status":null},"geometry":{"type":"Polygon","coordinates":[[[3.9705299,50.90853692],[3.97043619,50.90853455],[3.97043176,50.90858971],[3.9703419,50.90858781],[3.97033519,50.90871226],[3.97026792,50.90871079],[3.97029284,50.90852201],[3.9703052,50.90852246],[3.97030941,50.90847842],[3.97038453,50.90848078],[3.97039015,50.90842171],[3.97048642,50.90842436],[3.97048547,50.90843602],[3.970538,50.90843774],[3.9705299,50.90853692]]]}},{"type":"Feature","id":"gebouw/Gebouw.13449802/0","properties":{"source":"Digitaal Vlaanderen Gebouwenregister","source_id":"gebouw/Gebouw.13449802/0","kind":"building","building":"official","height_m":8.1,"status":null},"geometry":{"type":"Polygon","coordinates":[[[3.97189777,50.91104842],[3.97188727,50.91112872],[3.97170033,50.91111788],[3.97171058,50.91103819],[3.97189777,50.91104842]]]}},{"type":"Feature","id":"gebouw/Gebouw.13449965/0","properties":{"source":"Digitaal Vlaanderen Gebouwenregister","source_id":"gebouw/Gebouw.13449965/0","kind":"building","building":"official","height_m":8.85,"status":null},"geometry":{"type":"Polygon","coordinates":[[[3.97248497,50.90886778],[3.97253102,50.90888274],[3.97251137,50.90890711],[3.97262463,50.90894392],[3.97270349,50.90884822],[3.97253923,50.90879461],[3.97253281,50.90880237],[3.9725309,50.9088047],[3.97252951,50.90880425],[3.97252059,50.90881516],[3.97252198,50.90881561],[3.97252096,50.90881686],[3.97248061,50.90886636],[3.97248497,50.90886778]]]}},{"type":"Feature","id":"gebouw/Gebouw.13450415/0","properties":{"source":"Digitaal Vlaanderen Gebouwenregister","source_id":"gebouw/Gebouw.13450415/0","kind":"building","building":"official","height_m":8.85,"status":null},"geometry":{"type":"Polygon","coordinates":[[[3.96631201,50.91438337],[3.96627699,50.91439877],[3.96624913,50.91437346],[3.9662834,50.91435839],[3.96631201,50.91438337]]]}},{"type":"Feature","id":"gebouw/Gebouw.13450455/0","properties":{"source":"Digitaal Vlaanderen Gebouwenregister","source_id":"gebouw/Gebouw.13450455/0","kind":"building","building":"official","height_m":7.35,"status":null},"geometry":{"type":"Polygon","coordinates":[[[3.97254942,50.90985832],[3.97254938,50.90990728],[3.97254296,50.90990738],[3.97254288,50.90995753],[3.97243893,50.90995383],[3.97244262,50.90988959],[3.97233221,50.90988779],[3.97233008,50.90993432],[3.97219756,50.90993369],[3.97219759,50.90992956],[3.97219901,50.90992956],[3.97220207,50.90985811],[3.97220217,50.9098564],[3.97220057,50.90985636],[3.97220081,50.90985253],[3.97237282,50.90985539],[3.97246523,50.90985692],[3.97254942,50.90985832]]]}},{"type":"Feature","id":"gebouw/Gebouw.13450663/0","properties":{"source":"Digitaal Vlaanderen Gebouwenregister","source_id":"gebouw/Gebouw.13450663/0","kind":"building","building":"official","height_m":5.85,"status":null},"geometry":{"type":"Polygon","coordinates":[[[3.97157488,50.91311095],[3.97158115,50.91308678],[3.97154375,50.91308307],[3.971465,50.91307526],[3.97145948,50.91307496],[3.97144705,50.9131268],[3.97156754,50.91313929],[3.97157488,50.91311095]]]}},{"type":"Feature","id":"gebouw/Gebouw.13452663/0","properties":{"source":"Digitaal Vlaanderen Gebouwenregister","source_id":"gebouw/Gebouw.13452663/0","kind":"building","building":"official","height_m":7.35,"status":null},"geometry":{"type":"Polygon","coordinates":[[[3.9712636,50.91197216],[3.97111512,50.91196179],[3.97111952,50.91193255],[3.97124666,50.91194079],[3.97126626,50.91194651],[3.9712636,50.91197216]]]}},{"type":"Feature","id":"gebouw/Gebouw.13452984/0","properties":{"source":"Digitaal Vlaanderen Gebouwenregister","source_id":"gebouw/Gebouw.13452984/0","kind":"building","building":"official","height_m":5.1,"status":null},"geometry":{"type":"Polygon","coordinates":[[[3.96703816,50.90864325],[3.96689955,50.90864286],[3.96690195,50.90849692],[3.96704006,50.90849759],[3.96703816,50.90864325]]]}},{"type":"Feature","id":"gebouw/Gebouw.13452988/0","properties":{"source":"Digitaal Vlaanderen Gebouwenregister","source_id":"gebouw/Gebouw.13452988/0","kind":"building","building":"official","height_m":8.1,"status":null},"geometry":{"type":"Polygon","coordinates":[[[3.97067379,50.91436753],[3.97067225,50.91441749],[3.97066295,50.91441738],[3.97066254,50.91443131],[3.97066229,50.9144349],[3.97066128,50.91448899],[3.97066125,50.9144917],[3.97067549,50.9144918],[3.97067443,50.91455062],[3.97047231,50.91454926],[3.970475,50.91449216],[3.97051923,50.91449221],[3.97052053,50.91444035],[3.97053955,50.91444044],[3.97054011,50.91439158],[3.97059075,50.91439241],[3.9705908,50.91436655],[3.97067379,50.91436753]]]}},{"type":"Feature","id":"gebouw/Gebouw.13455567/0","properties":{"source":"Digitaal Vlaanderen Gebouwenregister","source_id":"gebouw/Gebouw.13455567/0","kind":"building","building":"official","height_m":7.35,"status":null},"geometry":{"type":"Polygon","coordinates":[[[3.97220767,50.90971863],[3.97233467,50.90972132],[3.97233178,50.90974622],[3.97234982,50.90974682],[3.97234846,50.90975537],[3.97240902,50.90975556],[3.9724053,50.90979847],[3.97237819,50.90979814],[3.97218755,50.9097958],[3.97219111,50.90971828],[3.97220692,50.90971861],[3.97220767,50.90971863]]]}},{"type":"Feature","id":"gebouw/Gebouw.13455623/0","properties":{"source":"Digitaal Vlaanderen Gebouwenregister","source_id":"gebouw/Gebouw.13455623/0","kind":"building","building":"official","height_m":8.85,"status":null},"geometry":{"type":"Polygon","coordinates":[[[3.97331016,50.90909205],[3.97329077,50.90908673],[3.973283,50.90912899],[3.97313372,50.90912257],[3.97314779,50.90903426],[3.97314887,50.90903431],[3.97314907,50.90903345],[3.97315714,50.9090339],[3.97327547,50.90904252],[3.9733339,50.90905975],[3.97331016,50.90909205]]]}},{"type":"Feature","id":"gebouw/Gebouw.13455936/0","properties":{"source":"Digitaal Vlaanderen Gebouwenregister","source_id":"gebouw/Gebouw.13455936/0","kind":"building","building":"official","height_m":5.1,"status":null},"geometry":{"type":"Polygon","coordinates":[[[3.97336583,50.90901631],[3.9733339,50.90905975],[3.97327547,50.90904252],[3.97315714,50.9090339],[3.97317143,50.90895681],[3.97317813,50.90895774],[3.9732404,50.9089763],[3.97326714,50.90898428],[3.97336507,50.90901606],[3.97336583,50.90901631]]]}},{"type":"Feature","id":"gebouw/Gebouw.13458195/0","properties":{"source":"Digitaal Vlaanderen Gebouwenregister","source_id":"gebouw/Gebouw.13458195/0","kind":"building","building":"official","height_m":7.35,"status":null},"geometry":{"type":"Polygon","coordinates":[[[3.97278988,50.90856052],[3.97268977,50.90866727],[3.9725866,50.90862624],[3.97269396,50.90852125],[3.97278988,50.90856052]]]}},{"type":"Feature","id":"gebouw/Gebouw.13459939/0","properties":{"source":"Digitaal Vlaanderen Gebouwenregister","source_id":"gebouw/Gebouw.13459939/0","kind":"building","building":"official","height_m":5.85,"status":null},"geometry":{"type":"Polygon","coordinates":[[[3.96675844,50.90968049],[3.96653665,50.90967731],[3.96654053,50.90956865],[3.96661399,50.90956966],[3.96661239,50.90961385],[3.96666302,50.90961412],[3.96666372,50.90960645],[3.96676,50.9096085],[3.96675844,50.90968049]]]}},{"type":"Feature","id":"gebouw/Gebouw.13460634/0","properties":{"source":"Digitaal Vlaanderen Gebouwenregister","source_id":"gebouw/Gebouw.13460634/0","kind":"building","building":"official","height_m":5.1,"status":null},"geometry":{"type":"Polygon","coordinates":[[[3.96771979,50.90861297],[3.96771409,50.90857339],[3.9678831,50.90856642],[3.96788573,50.90860491],[3.96771979,50.90861297]]]}},{"type":"Feature","id":"gebouw/Gebouw.13461702/0","properties":{"source":"Digitaal Vlaanderen Gebouwenregister","source_id":"gebouw/Gebouw.13461702/0","kind":"building","building":"official","height_m":5.1,"status":null},"geometry":{"type":"Polygon","coordinates":[[[3.97277776,50.90941064],[3.97268819,50.90940045],[3.97269618,50.90936973],[3.97278481,50.90937961],[3.97277776,50.90941064]]]}},{"type":"Feature","id":"gebouw/Gebouw.13462313/0","properties":{"source":"Digitaal Vlaanderen Gebouwenregister","source_id":"gebouw/Gebouw.13462313/0","kind":"building","building":"official","height_m":8.85,"status":null},"geometry":{"type":"Polygon","coordinates":[[[3.96709307,50.91128014],[3.96701866,50.91127432],[3.96702693,50.91123975],[3.96710135,50.91124572],[3.96709307,50.91128014]]]}},{"type":"Feature","id":"gebouw/Gebouw.13466344/0","properties":{"source":"Digitaal Vlaanderen Gebouwenregister","source_id":"gebouw/Gebouw.13466344/0","kind":"building","building":"official","height_m":8.1,"status":null},"geometry":{"type":"Polygon","coordinates":[[[3.97286011,50.91218177],[3.97246098,50.91217447],[3.97246194,50.91213077],[3.97239017,50.91212869],[3.97238999,50.912091],[3.97246279,50.91209234],[3.97246407,50.91203439],[3.97278437,50.91203973],[3.97286891,50.91204114],[3.97286011,50.91218177]]]}},{"type":"Feature","id":"gebouw/Gebouw.13467197/0","properties":{"source":"Digitaal Vlaanderen Gebouwenregister","source_id":"gebouw/Gebouw.13467197/0","kind":"building","building":"official","height_m":8.85,"status":null},"geometry":{"type":"Polygon","coordinates":[[[3.97088543,50.90833378],[3.97088854,50.90833416],[3.97089502,50.90833495],[3.97087834,50.90838961],[3.97086762,50.9083883],[3.97080892,50.90838114],[3.97082579,50.90832587],[3.97084706,50.90832847],[3.97086046,50.9082846],[3.97084545,50.90828277],[3.97085375,50.90825558],[3.97091216,50.90826484],[3.97088543,50.90833378]]]}},{"type":"Feature","id":"gebouw/Gebouw.13467199/0","properties":{"source":"Digitaal Vlaanderen Gebouwenregister","source_id":"gebouw/Gebouw.13467199/0","kind":"building","building":"official","height_m":5.85,"status":null},"geometry":{"type":"Polygon","coordinates":[[[3.9716941,50.90863846],[3.97168313,50.90866596],[3.97160538,50.90865278],[3.97162054,50.90861745],[3.97169259,50.90862988],[3.97168856,50.90863725],[3.9716941,50.90863846]]]}},{"type":"Feature","id":"gebouw/Gebouw.13467429/0","properties":{"source":"Digitaal Vlaanderen Gebouwenregister","source_id":"gebouw/Gebouw.13467429/0","kind":"building","building":"official","height_m":7.35,"status":null},"geometry":{"type":"Polygon","coordinates":[[[3.97263431,50.9134368],[3.97261782,50.91351938],[3.97251256,50.91351081],[3.97245451,50.91350608],[3.97234915,50.9134975],[3.9723675,50.91340903],[3.97262643,50.91342782],[3.97263596,50.91342851],[3.97263431,50.9134368]]]}},{"type":"Feature","id":"gebouw/Gebouw.13467915/0","properties":{"source":"Digitaal Vlaanderen Gebouwenregister","source_id":"gebouw/Gebouw.13467915/0","kind":"building","building":"official","height_m":7.35,"status":null},"geometry":{"type":"Polygon","coordinates":[[[3.96732177,50.90890936],[3.96732176,50.90890569],[3.96732175,50.90890454],[3.96732536,50.90890451],[3.96732411,50.90884848],[3.96680606,50.90884058],[3.96678283,50.90884023],[3.96674528,50.90883966],[3.96674209,50.90892325],[3.96678731,50.90892394],[3.96678752,50.90891853],[3.96680307,50.90891877],[3.96680326,50.90891374],[3.96685805,50.90891458],[3.96686304,50.90890992],[3.96732177,50.90890936]]]}},{"type":"Feature","id":"gebouw/Gebouw.13467927/0","properties":{"source":"Digitaal Vlaanderen Gebouwenregister","source_id":"gebouw/Gebouw.13467927/0","kind":"building","building":"official","height_m":7.35,"status":null},"geometry":{"type":"Polygon","coordinates":[[[3.97184615,50.91230175],[3.97197344,50.9122977],[3.9719759,50.91234022],[3.97201133,50.91233826],[3.97201072,50.91233315],[3.97209916,50.91232906],[3.97210382,50.91238046],[3.97197141,50.91238538],[3.97197091,50.91237472],[3.97185113,50.91237839],[3.97184615,50.91230175]]]}},{"type":"Feature","id":"gebouw/Gebouw.13470741/0","properties":{"source":"Digitaal Vlaanderen Gebouwenregister","source_id":"gebouw/Gebouw.13470741/0","kind":"building","building":"official","height_m":7.35,"status":null},"geometry":{"type":"Polygon","coordinates":[[[3.96711745,50.9090442],[3.96711548,50.90904413],[3.96711559,50.90904296],[3.96700838,50.90904135],[3.96700854,50.90903644],[3.96700996,50.90899403],[3.96697906,50.90899315],[3.96698092,50.90895843],[3.96701115,50.90895861],[3.96711736,50.90895925],[3.96711712,50.90895339],[3.96732345,50.90895553],[3.96732393,50.90899547],[3.96732427,50.90902413],[3.96726122,50.90902373],[3.96720847,50.9090234],[3.96717284,50.90902318],[3.96711913,50.90902284],[3.96711745,50.9090442]]]}},{"type":"Feature","id":"gebouw/Gebouw.13472916/0","properties":{"source":"Digitaal Vlaanderen Gebouwenregister","source_id":"gebouw/Gebouw.13472916/0","kind":"building","building":"official","height_m":5.1,"status":null},"geometry":{"type":"Polygon","coordinates":[[[3.96517147,50.90887596],[3.9651924,50.90887571],[3.96519131,50.90888489],[3.96521129,50.9088851],[3.96520713,50.9089382],[3.9652314,50.90893915],[3.96522583,50.90901436],[3.96518551,50.909013],[3.96516506,50.90901231],[3.96516019,50.90901215],[3.96517147,50.90887596]]]}},{"type":"Feature","id":"gebouw/Gebouw.13474932/0","properties":{"source":"Digitaal Vlaanderen Gebouwenregister","source_id":"gebouw/Gebouw.13474932/0","kind":"building","building":"official","height_m":5.1,"status":null},"geometry":{"type":"Polygon","coordinates":[[[3.97146555,50.90837002],[3.97143576,50.90844471],[3.97128376,50.90842166],[3.97131715,50.90833766],[3.97138939,50.90834911],[3.97138604,50.90835753],[3.97142035,50.90836297],[3.97146555,50.90837002]]]}},{"type":"Feature","id":"gebouw/Gebouw.13474938/0","properties":{"source":"Digitaal Vlaanderen Gebouwenregister","source_id":"gebouw/Gebouw.13474938/0","kind":"building","building":"official","height_m":5.1,"status":null},"geometry":{"type":"Polygon","coordinates":[[[3.97262004,50.90981639],[3.97261744,50.90984638],[3.97261631,50.90985944],[3.97256756,50.90985863],[3.97256855,50.90984548],[3.97257852,50.90984586],[3.97257913,50.90981598],[3.97262004,50.90981639]]]}},{"type":"Feature","id":"gebouw/Gebouw.13479088/0","properties":{"source":"Digitaal Vlaanderen Gebouwenregister","source_id":"gebouw/Gebouw.13479088/0","kind":"building","building":"official","height_m":8.1,"status":null},"geometry":{"type":"Polygon","coordinates":[[[3.96383708,50.90838408],[3.96382717,50.90834939],[3.9638773,50.90834436],[3.96388601,50.90837845],[3.96383708,50.90838408]]]}},{"type":"Feature","id":"gebouw/Gebouw.13479686/0","properties":{"source":"Digitaal Vlaanderen Gebouwenregister","source_id":"gebouw/Gebouw.13479686/0","kind":"building","building":"official","height_m":6.6,"status":null},"geometry":{"type":"Polygon","coordinates":[[[3.97244517,50.91073495],[3.97244553,50.91076695],[3.97255764,50.91076651],[3.97255793,50.91079895],[3.97244708,50.91079827],[3.97225608,50.91079709],[3.9722571,50.91073412],[3.97244517,50.91073495]]]}},{"type":"Feature","id":"gebouw/Gebouw.13483324/0","properties":{"source":"Digitaal Vlaanderen Gebouwenregister","source_id":"gebouw/Gebouw.13483324/0","kind":"building","building":"official","height_m":8.1,"status":null},"geometry":{"type":"Polygon","coordinates":[[[3.97249805,50.91012771],[3.97249801,50.91013067],[3.97249766,50.91015834],[3.97240123,50.91015816],[3.97240115,50.910126],[3.97249805,50.91012771]]]}},{"type":"Feature","id":"gebouw/Gebouw.13487427/0","properties":{"source":"Digitaal Vlaanderen Gebouwenregister","source_id":"gebouw/Gebouw.13487427/0","kind":"building","building":"official","height_m":7.35,"status":null},"geometry":{"type":"Polygon","coordinates":[[[3.97220944,50.90855457],[3.97217165,50.90864259],[3.97212478,50.90875264],[3.97186294,50.90870756],[3.97189483,50.90862492],[3.97193426,50.9085227],[3.97196745,50.90852836],[3.97199758,50.90853367],[3.97200465,50.90851789],[3.97220833,50.90855437],[3.97220944,50.90855457]],[[3.97206287,50.9085945],[3.97207217,50.90857366],[3.97199102,50.90855814],[3.97198179,50.90857883],[3.97194548,50.90866018],[3.97202663,50.9086757],[3.97206287,50.9085945]]]}},{"type":"Feature","id":"gebouw/Gebouw.13487700/0","properties":{"source":"Digitaal Vlaanderen Gebouwenregister","source_id":"gebouw/Gebouw.13487700/0","kind":"building","building":"official","height_m":5.1,"status":null},"geometry":{"type":"Polygon","coordinates":[[[3.96780332,50.9140944],[3.96772207,50.91409073],[3.9677264,50.914012],[3.96780695,50.91401446],[3.96780332,50.9140944]]]}},{"type":"Feature","id":"gebouw/Gebouw.13489612/0","properties":{"source":"Digitaal Vlaanderen Gebouwenregister","source_id":"gebouw/Gebouw.13489612/0","kind":"building","building":"official","height_m":8.1,"status":null},"geometry":{"type":"Polygon","coordinates":[[[3.97253744,50.90843584],[3.97241187,50.90855258],[3.97236312,50.90853099],[3.97247379,50.90842811],[3.97250793,50.90839777],[3.97255619,50.90841841],[3.97253744,50.90843584]]]}},{"type":"Feature","id":"gebouw/Gebouw.13489963/0","properties":{"source":"Digitaal Vlaanderen Gebouwenregister","source_id":"gebouw/Gebouw.13489963/0","kind":"building","building":"official","height_m":5.85,"status":null},"geometry":{"type":"Polygon","coordinates":[[[3.97285198,50.90974562],[3.97284857,50.90978509],[3.97264138,50.90977709],[3.97264461,50.90973523],[3.97273373,50.9097397],[3.97285198,50.90974562]]]}},{"type":"Feature","id":"gebouw/Gebouw.13489986/0","properties":{"source":"Digitaal Vlaanderen Gebouwenregister","source_id":"gebouw/Gebouw.13489986/0","kind":"building","building":"official","height_m":5.1,"status":null},"geometry":{"type":"Polygon","coordinates":[[[3.97132607,50.90968855],[3.97133004,50.90966888],[3.97132241,50.90966826],[3.97132705,50.90964526],[3.97141054,50.909652],[3.97140623,50.90967332],[3.97140954,50.90967359],[3.97140523,50.90969494],[3.97132607,50.90968855]]]}},{"type":"Feature","id":"gebouw/Gebouw.13490134/0","properties":{"source":"Digitaal Vlaanderen Gebouwenregister","source_id":"gebouw/Gebouw.13490134/0","kind":"building","building":"official","height_m":8.1,"status":null},"geometry":{"type":"Polygon","coordinates":[[[3.97174762,50.90940024],[3.97175775,50.90932986],[3.97180687,50.90933206],[3.97179989,50.90940239],[3.97175359,50.90940049],[3.97174762,50.90940024]]]}},{"type":"Feature","id":"gebouw/Gebouw.13498177/0","properties":{"source":"Digitaal Vlaanderen Gebouwenregister","source_id":"gebouw/Gebouw.13498177/0","kind":"building","building":"official","height_m":5.85,"status":null},"geometry":{"type":"Polygon","coordinates":[[[3.96797927,50.91009853],[3.96775154,50.91010332],[3.96774477,50.91001369],[3.9678674,50.91000975],[3.96791262,50.91000827],[3.96791175,50.90999759],[3.9679711,50.90999565],[3.96797114,50.90999607],[3.96797927,50.91009853]]]}},{"type":"Feature","id":"gebouw/Gebouw.13500400/0","properties":{"source":"Digitaal Vlaanderen Gebouwenregister","source_id":"gebouw/Gebouw.13500400/0","kind":"building","building":"official","height_m":8.1,"status":null},"geometry":{"type":"Polygon","coordinates":[[[3.96728146,50.90942338],[3.96709843,50.90942782],[3.96709817,50.90941851],[3.96710245,50.90941835],[3.96710137,50.90932292],[3.96709685,50.90932307],[3.96709708,50.90931496],[3.96728012,50.90931741],[3.96728146,50.90942338]]]}},{"type":"Feature","id":"gebouw/Gebouw.13500717/0","properties":{"source":"Digitaal Vlaanderen Gebouwenregister","source_id":"gebouw/Gebouw.13500717/0","kind":"building","building":"official","height_m":7.35,"status":null},"geometry":{"type":"Polygon","coordinates":[[[3.97165753,50.9102861],[3.97161881,50.91028608],[3.97161781,50.9102652],[3.97155509,50.91026476],[3.9715472,50.91015024],[3.97165597,50.91014791],[3.97165753,50.9102861]]]}},{"type":"Feature","id":"gebouw/Gebouw.13502820/0","properties":{"source":"Digitaal Vlaanderen Gebouwenregister","source_id":"gebouw/Gebouw.13502820/0","kind":"building","building":"official","height_m":5.1,"status":null},"geometry":{"type":"Polygon","coordinates":[[[3.97192606,50.91032904],[3.97192782,50.91035687],[3.97191294,50.91035624],[3.97185882,50.91035395],[3.97186179,50.91032712],[3.97192606,50.91032904]]]}},{"type":"Feature","id":"gebouw/Gebouw.13503366/0","properties":{"source":"Digitaal Vlaanderen Gebouwenregister","source_id":"gebouw/Gebouw.13503366/0","kind":"building","building":"official","height_m":5.1,"status":null},"geometry":{"type":"Polygon","coordinates":[[[3.97260737,50.90932126],[3.9726023,50.90935609],[3.97249186,50.90934484],[3.97249774,50.90931716],[3.97231832,50.90929888],[3.97233347,50.90923416],[3.97241055,50.90924148],[3.97241723,50.90921496],[3.97256402,50.90922975],[3.97254518,50.90931927],[3.97260737,50.90932126]]]}},{"type":"Feature","id":"gebouw/Gebouw.13510105/0","properties":{"source":"Digitaal Vlaanderen Gebouwenregister","source_id":"gebouw/Gebouw.13510105/0","kind":"building","building":"official","height_m":5.85,"status":null},"geometry":{"type":"Polygon","coordinates":[[[3.96778025,50.9092259],[3.96760417,50.90923125],[3.96760031,50.90918499],[3.96767255,50.90918131],[3.96767087,50.90916689],[3.96783307,50.90916554],[3.96783456,50.90922425],[3.96778025,50.9092259]]]}},{"type":"Feature","id":"gebouw/Gebouw.13512204/0","properties":{"source":"Digitaal Vlaanderen Gebouwenregister","source_id":"gebouw/Gebouw.13512204/0","kind":"building","building":"official","height_m":5.1,"status":null},"geometry":{"type":"Polygon","coordinates":[[[3.97166392,50.91340142],[3.97163699,50.91351053],[3.97151032,50.91349839],[3.97152741,50.91342878],[3.97153105,50.91341411],[3.97151683,50.9134127],[3.97153823,50.91332655],[3.97167901,50.9133403],[3.97166392,50.91340142]]]}},{"type":"Feature","id":"gebouw/Gebouw.13512605/0","properties":{"source":"Digitaal Vlaanderen Gebouwenregister","source_id":"gebouw/Gebouw.13512605/0","kind":"building","building":"official","height_m":8.85,"status":null},"geometry":{"type":"Polygon","coordinates":[[[3.96741186,50.9113527],[3.96740339,50.91146926],[3.96733236,50.91146719],[3.96722962,50.91146276],[3.96724032,50.91134804],[3.96734084,50.91135063],[3.96741186,50.9113527]]]}},{"type":"Feature","id":"gebouw/Gebouw.13512924/0","properties":{"source":"Digitaal Vlaanderen Gebouwenregister","source_id":"gebouw/Gebouw.13512924/0","kind":"building","building":"official","height_m":5.1,"status":null},"geometry":{"type":"Polygon","coordinates":[[[3.9716844,50.91063144],[3.97169683,50.91057032],[3.9719386,50.91058295],[3.9719298,50.91064585],[3.9716844,50.91063144]]]}},{"type":"Feature","id":"gebouw/Gebouw.13519473/0","properties":{"source":"Digitaal Vlaanderen Gebouwenregister","source_id":"gebouw/Gebouw.13519473/0","kind":"building","building":"official","height_m":7.35,"status":null},"geometry":{"type":"Polygon","coordinates":[[[3.96509105,50.9091083],[3.9650905,50.90911089],[3.96496217,50.90909959],[3.96497967,50.90900612],[3.96504247,50.9090118],[3.96503433,50.90904775],[3.9651026,50.90905393],[3.96509105,50.9091083]]]}},{"type":"Feature","id":"gebouw/Gebouw.13519474/0","properties":{"source":"Digitaal Vlaanderen Gebouwenregister","source_id":"gebouw/Gebouw.13519474/0","kind":"building","building":"official","height_m":8.1,"status":null},"geometry":{"type":"Polygon","coordinates":[[[3.97234114,50.90965887],[3.9723456,50.90961586],[3.97235406,50.90961615],[3.97235476,50.90960989],[3.97235599,50.90959737],[3.97233614,50.90959659],[3.97234019,50.90955546],[3.97247784,50.90956078],[3.97247415,50.90959985],[3.97248693,50.90960047],[3.97248583,50.9096232],[3.97247197,50.90962283],[3.97247001,50.90966397],[3.97234114,50.90965887]]]}},{"type":"Feature","id":"gebouw/Gebouw.13522103/0","properties":{"source":"Digitaal Vlaanderen Gebouwenregister","source_id":"gebouw/Gebouw.13522103/0","kind":"building","building":"official","height_m":8.85,"status":null},"geometry":{"type":"Polygon","coordinates":[[[3.97296546,50.90935986],[3.9728645,50.90934898],[3.97285423,50.90938592],[3.97284554,50.90941715],[3.9727979,50.90941225],[3.97278552,50.90944864],[3.97280685,50.90945092],[3.97278805,50.90951083],[3.97275344,50.90950754],[3.97275709,50.90949166],[3.972663,50.90948173],[3.97265663,50.90950285],[3.97258193,50.909496],[3.97257866,50.90951851],[3.97291279,50.9095535],[3.97291315,50.90955236],[3.97291453,50.90955253],[3.9729157,50.90954879],[3.97291413,50.90954859],[3.97291443,50.90954759],[3.97292313,50.90951787],[3.97292336,50.90951705],[3.97292485,50.90951723],[3.97292938,50.90950186],[3.97292774,50.90950167],[3.9729285,50.90949908],[3.97296546,50.90935986]]]}},{"type":"Feature","id":"gebouw/Gebouw.13522570/0","properties":{"source":"Digitaal Vlaanderen Gebouwenregister","source_id":"gebouw/Gebouw.13522570/0","kind":"building","building":"official","height_m":8.1,"status":null},"geometry":{"type":"Polygon","coordinates":[[[3.97244937,50.91093913],[3.97221677,50.91093879],[3.97221701,50.91089158],[3.97225395,50.9108918],[3.97245102,50.91089294],[3.9726066,50.91089384],[3.97260646,50.91091234],[3.97256632,50.91091231],[3.97256523,50.91093077],[3.97244909,50.91093058],[3.97244937,50.91093913]]]}},{"type":"Feature","id":"gebouw/Gebouw.13533081/0","properties":{"source":"Digitaal Vlaanderen Gebouwenregister","source_id":"gebouw/Gebouw.13533081/0","kind":"building","building":"official","height_m":7.35,"status":null},"geometry":{"type":"Polygon","coordinates":[[[3.97258534,50.90853481],[3.97251673,50.90859821],[3.97241187,50.90855258],[3.97253744,50.90843584],[3.97255619,50.90841841],[3.97263851,50.90834356],[3.97274464,50.90838763],[3.97264381,50.90848079],[3.97258534,50.90853481]]]}},{"type":"Feature","id":"gebouw/Gebouw.13536748/0","properties":{"source":"Digitaal Vlaanderen Gebouwenregister","source_id":"gebouw/Gebouw.13536748/0","kind":"building","building":"official","height_m":8.1,"status":null},"geometry":{"type":"Polygon","coordinates":[[[3.97317961,50.90876511],[3.97312335,50.90881738],[3.97310648,50.90883307],[3.97310434,50.90883517],[3.97310016,50.90883373],[3.9730985,50.90883315],[3.97309952,50.90883198],[3.97306128,50.90881525],[3.97305689,50.90881332],[3.97305575,50.90881434],[3.97303233,50.90880389],[3.97303315,50.90880293],[3.97299837,50.90878769],[3.97298993,50.90878399],[3.97298913,50.90878474],[3.97298408,50.90878258],[3.97305721,50.9087141],[3.97309285,50.90872955],[3.9731126,50.90873812],[3.97314717,50.90870598],[3.97312866,50.90869821],[3.97316008,50.90866883],[3.97324631,50.90870301],[3.97321831,50.90872909],[3.97317961,50.90876511]]]}},{"type":"Feature","id":"gebouw/Gebouw.13538652/0","properties":{"source":"Digitaal Vlaanderen Gebouwenregister","source_id":"gebouw/Gebouw.13538652/0","kind":"building","building":"official","height_m":5.1,"status":null},"geometry":{"type":"Polygon","coordinates":[[[3.9670309,50.90830928],[3.96710031,50.90830924],[3.96709962,50.90835246],[3.96709249,50.90835241],[3.96709216,50.90837372],[3.96710353,50.90837379],[3.96711819,50.90836482],[3.96716789,50.908365],[3.96716677,50.90841924],[3.96693146,50.90841815],[3.96693299,50.90832211],[3.96697022,50.90832238],[3.96703092,50.90832281],[3.9670309,50.90830928]]]}},{"type":"Feature","id":"gebouw/Gebouw.13538762/0","properties":{"source":"Digitaal Vlaanderen Gebouwenregister","source_id":"gebouw/Gebouw.13538762/0","kind":"building","building":"official","height_m":6.6,"status":null},"geometry":{"type":"Polygon","coordinates":[[[3.97264595,50.90919903],[3.97264202,50.9092376],[3.97261987,50.90923537],[3.97256402,50.90922975],[3.97241723,50.90921496],[3.97241828,50.90921067],[3.97242568,50.90917945],[3.97237399,50.90917456],[3.97240772,50.90903227],[3.97255296,50.90904683],[3.9725202,50.90918577],[3.97264595,50.90919903]]]}},{"type":"Feature","id":"gebouw/Gebouw.13546829/0","properties":{"source":"Digitaal Vlaanderen Gebouwenregister","source_id":"gebouw/Gebouw.13546829/0","kind":"building","building":"official","height_m":8.85,"status":null},"geometry":{"type":"Polygon","coordinates":[[[3.97314282,50.90973133],[3.97312379,50.90970987],[3.97308886,50.90966992],[3.97312849,50.90966271],[3.97308207,50.90957417],[3.97316484,50.90955713],[3.97317287,50.90957101],[3.97328714,50.90954641],[3.9733261,50.90962752],[3.9731845,50.90965598],[3.97321401,50.90972305],[3.97314282,50.90973133]]]}},{"type":"Feature","id":"gebouw/Gebouw.13551750/0","properties":{"source":"Digitaal Vlaanderen Gebouwenregister","source_id":"gebouw/Gebouw.13551750/0","kind":"building","building":"official","height_m":5.1,"status":null},"geometry":{"type":"Polygon","coordinates":[[[3.96767337,50.9129969],[3.96761937,50.91297649],[3.96764667,50.91294536],[3.96770114,50.91296502],[3.96767337,50.9129969]]]}},{"type":"Feature","id":"gebouw/Gebouw.13551897/0","properties":{"source":"Digitaal Vlaanderen Gebouwenregister","source_id":"gebouw/Gebouw.13551897/0","kind":"building","building":"official","height_m":7.35,"status":null},"geometry":{"type":"Polygon","coordinates":[[[3.97228062,50.91139178],[3.97227259,50.91144484],[3.97237292,50.91145166],[3.97236767,50.91148781],[3.97213071,50.91147191],[3.9721452,50.91138301],[3.97228062,50.91139178]]]}},{"type":"Feature","id":"gebouw/Gebouw.13555129/0","properties":{"source":"Digitaal Vlaanderen Gebouwenregister","source_id":"gebouw/Gebouw.13555129/0","kind":"building","building":"official","height_m":5.85,"status":null},"geometry":{"type":"Polygon","coordinates":[[[3.97152983,50.91465599],[3.9715414,50.9145588],[3.97167616,50.91456511],[3.97165701,50.91470349],[3.97152485,50.91469778],[3.97152685,50.91468101],[3.97152983,50.91465599]]]}},{"type":"Feature","id":"gebouw/Gebouw.13563722/0","properties":{"source":"Digitaal Vlaanderen Gebouwenregister","source_id":"gebouw/Gebouw.13563722/0","kind":"building","building":"official","height_m":6.6,"status":null},"geometry":{"type":"Polygon","coordinates":[[[3.97244708,50.91079827],[3.97244746,50.91085642],[3.97245292,50.91085647],[3.97245102,50.91089294],[3.97225395,50.9108918],[3.97225428,50.9108783],[3.97223865,50.91087815],[3.97223939,50.91084779],[3.97225529,50.91084795],[3.97225535,50.91084597],[3.97225565,50.91082615],[3.97225595,50.91080594],[3.97225608,50.91079709],[3.97244708,50.91079827]]]}},{"type":"Feature","id":"gebouw/Gebouw.13564306/0","properties":{"source":"Digitaal Vlaanderen Gebouwenregister","source_id":"gebouw/Gebouw.13564306/0","kind":"building","building":"official","height_m":8.1,"status":null},"geometry":{"type":"Polygon","coordinates":[[[3.96815761,50.91072862],[3.96815572,50.91076348],[3.96807629,50.91076141],[3.9680793,50.91071522],[3.96815826,50.91071645],[3.96815761,50.91072862]]]}},{"type":"Feature","id":"gebouw/Gebouw.13571393/0","properties":{"source":"Digitaal Vlaanderen Gebouwenregister","source_id":"gebouw/Gebouw.13571393/0","kind":"building","building":"official","height_m":8.85,"status":null},"geometry":{"type":"Polygon","coordinates":[[[3.97325422,50.91371042],[3.97319008,50.91370694],[3.9732041,50.91360207],[3.97333419,50.91360859],[3.97331874,50.91371391],[3.9732857,50.91371212],[3.97325422,50.91371042]]]}},{"type":"Feature","id":"gebouw/Gebouw.13571672/0","properties":{"source":"Digitaal Vlaanderen Gebouwenregister","source_id":"gebouw/Gebouw.13571672/0","kind":"building","building":"official","height_m":6.6,"status":null},"geometry":{"type":"Polygon","coordinates":[[[3.97135062,50.9141829],[3.97152048,50.91419874],[3.97149603,50.9143004],[3.9714478,50.91429628],[3.97144932,50.91428832],[3.97139539,50.91428311],[3.97139846,50.91426959],[3.97133231,50.91426359],[3.97134028,50.91422846],[3.97135062,50.9141829]]]}},{"type":"Feature","id":"gebouw/Gebouw.13571998/0","properties":{"source":"Digitaal Vlaanderen Gebouwenregister","source_id":"gebouw/Gebouw.13571998/0","kind":"building","building":"official","height_m":8.1,"status":null},"geometry":{"type":"Polygon","coordinates":[[[3.96783134,50.90906753],[3.9678266,50.90906828],[3.96782833,50.90911788],[3.96777202,50.90913459],[3.96764199,50.90913557],[3.96764012,50.90910132],[3.96763833,50.90906845],[3.96776764,50.90906651],[3.96776372,50.90901308],[3.96782664,50.90901124],[3.96782747,50.90902124],[3.96782812,50.90902896],[3.96783134,50.90906753]]]}},{"type":"Feature","id":"gebouw/Gebouw.13572160/0","properties":{"source":"Digitaal Vlaanderen Gebouwenregister","source_id":"gebouw/Gebouw.13572160/0","kind":"building","building":"official","height_m":8.1,"status":null},"geometry":{"type":"Polygon","coordinates":[[[3.96518626,50.90855003],[3.96520957,50.90861514],[3.9652843,50.90860444],[3.96526099,50.90853934],[3.96518626,50.90855003]]]}},{"type":"Feature","id":"gebouw/Gebouw.13577070/0","properties":{"source":"Digitaal Vlaanderen Gebouwenregister","source_id":"gebouw/Gebouw.13577070/0","kind":"building","building":"official","height_m":5.1,"status":null},"geometry":{"type":"Polygon","coordinates":[[[3.96690748,50.90845245],[3.96674548,50.90845146],[3.966746,50.90841718],[3.96690981,50.90841819],[3.96690748,50.90845245]]]}},{"type":"Feature","id":"gebouw/Gebouw.13577138/0","properties":{"source":"Digitaal Vlaanderen Gebouwenregister","source_id":"gebouw/Gebouw.13577138/0","kind":"building","building":"official","height_m":6.6,"status":null},"geometry":{"type":"Polygon","coordinates":[[[3.96958017,50.9102427],[3.96958,50.91024788],[3.96953855,50.91024747],[3.96953911,50.91024173],[3.96954676,50.91016442],[3.96955424,50.9100889],[3.96966114,50.91009331],[3.96965373,50.91016774],[3.9695874,50.91016568],[3.96958487,50.91019671],[3.96958444,50.91020199],[3.96958149,50.91020189],[3.96958017,50.9102427]]]}},{"type":"Feature","id":"gebouw/Gebouw.13577708/0","properties":{"source":"Digitaal Vlaanderen Gebouwenregister","source_id":"gebouw/Gebouw.13577708/0","kind":"building","building":"official","height_m":6.6,"status":null},"geometry":{"type":"Polygon","coordinates":[[[3.96812106,50.91040129],[3.96811994,50.91047766],[3.96814656,50.9104772],[3.96814522,50.9105307],[3.96790892,50.91052964],[3.96790353,50.91045889],[3.96789889,50.91039799],[3.96812106,50.91040129]]]}},{"type":"Feature","id":"gebouw/Gebouw.13578929/0","properties":{"source":"Digitaal Vlaanderen Gebouwenregister","source_id":"gebouw/Gebouw.13578929/0","kind":"building","building":"official","height_m":8.85,"status":null},"geometry":{"type":"Polygon","coordinates":[[[3.96845385,50.91418604],[3.96845046,50.91424481],[3.96840273,50.91424014],[3.9684074,50.91418486],[3.96845385,50.91418604]]]}},{"type":"Feature","id":"gebouw/Gebouw.13579333/0","properties":{"source":"Digitaal Vlaanderen Gebouwenregister","source_id":"gebouw/Gebouw.13579333/0","kind":"building","building":"official","height_m":5.85,"status":null},"geometry":{"type":"Polygon","coordinates":[[[3.96794021,50.90974685],[3.96793966,50.90969455],[3.96803142,50.90969389],[3.96803221,50.90974649],[3.96794021,50.90974685]]]}},{"type":"Feature","id":"gebouw/Gebouw.13579902/0","properties":{"source":"Digitaal Vlaanderen Gebouwenregister","source_id":"gebouw/Gebouw.13579902/0","kind":"building","building":"official","height_m":5.1,"status":null},"geometry":{"type":"Polygon","coordinates":[[[3.97258193,50.909496],[3.97257866,50.90951851],[3.97243047,50.90950544],[3.97243549,50.9094804],[3.97224138,50.9094605],[3.97226349,50.90936341],[3.97248348,50.90938427],[3.97249186,50.90934484],[3.9726023,50.90935609],[3.97258439,50.90946087],[3.97255172,50.90945741],[3.97254685,50.90948577],[3.9725829,50.90948935],[3.97258193,50.909496]]]}},{"type":"Feature","id":"gebouw/Gebouw.13579921/0","properties":{"source":"Digitaal Vlaanderen Gebouwenregister","source_id":"gebouw/Gebouw.13579921/0","kind":"building","building":"official","height_m":5.85,"status":null},"geometry":{"type":"Polygon","coordinates":[[[3.96428004,50.90878217],[3.96427508,50.90878279],[3.96426173,50.90873728],[3.96432659,50.90873038],[3.96433791,50.90877178],[3.96433874,50.90877483],[3.96428004,50.90878217]]]}},{"type":"Feature","id":"gebouw/Gebouw.13585792/0","properties":{"source":"Digitaal Vlaanderen Gebouwenregister","source_id":"gebouw/Gebouw.13585792/0","kind":"building","building":"official","height_m":8.1,"status":null},"geometry":{"type":"Polygon","coordinates":[[[3.96569867,50.90993361],[3.96569272,50.9099343],[3.96570853,50.90997104],[3.9657162,50.90998886],[3.96570677,50.90999057],[3.96559503,50.91001084],[3.9655638,50.90989076],[3.96569173,50.90988733],[3.96569867,50.90993361]]]}},{"type":"Feature","id":"gebouw/Gebouw.13603579/0","properties":{"source":"Digitaal Vlaanderen Gebouwenregister","source_id":"gebouw/Gebouw.13603579/0","kind":"building","building":"official","height_m":5.85,"status":null},"geometry":{"type":"Polygon","coordinates":[[[3.97250723,50.91021657],[3.97250938,50.9101594],[3.97257322,50.91016157],[3.97256864,50.91021774],[3.97250723,50.91021657]]]}},{"type":"Feature","id":"gebouw/Gebouw.13603908/0","properties":{"source":"Digitaal Vlaanderen Gebouwenregister","source_id":"gebouw/Gebouw.13603908/0","kind":"building","building":"official","height_m":5.1,"status":null},"geometry":{"type":"Polygon","coordinates":[[[3.97241352,50.91103503],[3.97241389,50.91106168],[3.97245582,50.9110625],[3.97245444,50.91109507],[3.97214477,50.9110927],[3.97214452,50.91104234],[3.97227374,50.91104219],[3.97227436,50.91103457],[3.97240246,50.911035],[3.97241352,50.91103503]]]}},{"type":"Feature","id":"gebouw/Gebouw.13604398/0","properties":{"source":"Digitaal Vlaanderen Gebouwenregister","source_id":"gebouw/Gebouw.13604398/0","kind":"building","building":"official","height_m":8.1,"status":null},"geometry":{"type":"Polygon","coordinates":[[[3.97277557,50.90982414],[3.97263221,50.90981906],[3.97263489,50.90978125],[3.97277939,50.90978783],[3.97277557,50.90982414]]]}},{"type":"Feature","id":"gebouw/Gebouw.13604456/0","properties":{"source":"Digitaal Vlaanderen Gebouwenregister","source_id":"gebouw/Gebouw.13604456/0","kind":"building","building":"official","height_m":6.6,"status":null},"geometry":{"type":"Polygon","coordinates":[[[3.97296639,50.91109636],[3.97306225,50.9110966],[3.97306646,50.91109661],[3.97306664,50.91106217],[3.97302608,50.91106209],[3.97302609,50.91105956],[3.97295128,50.91105955],[3.97295102,50.91109544],[3.97295101,50.91109632],[3.97296639,50.91109636]]]}},{"type":"Feature","id":"gebouw/Gebouw.13606543/0","properties":{"source":"Digitaal Vlaanderen Gebouwenregister","source_id":"gebouw/Gebouw.13606543/0","kind":"building","building":"official","height_m":5.85,"status":null},"geometry":{"type":"Polygon","coordinates":[[[3.96889466,50.90922363],[3.96880766,50.90922097],[3.96880975,50.90918746],[3.96889794,50.90918996],[3.96889466,50.90922363]]]}},{"type":"Feature","id":"gebouw/Gebouw.13607167/0","properties":{"source":"Digitaal Vlaanderen Gebouwenregister","source_id":"gebouw/Gebouw.13607167/0","kind":"building","building":"official","height_m":5.85,"status":null},"geometry":{"type":"Polygon","coordinates":[[[3.96908138,50.91427747],[3.9690809,50.91423223],[3.96912204,50.91423189],[3.96912188,50.91419672],[3.96920319,50.91419648],[3.96920334,50.91427764],[3.96908138,50.91427747]]]}},{"type":"Feature","id":"gebouw/Gebouw.13626387/0","properties":{"source":"Digitaal Vlaanderen Gebouwenregister","source_id":"gebouw/Gebouw.13626387/0","kind":"building","building":"official","height_m":7.35,"status":null},"geometry":{"type":"Polygon","coordinates":[[[3.97259994,50.9140397],[3.97259483,50.9140717],[3.97253831,50.9140692],[3.97254187,50.91403713],[3.97259994,50.9140397]]]}},{"type":"Feature","id":"gebouw/Gebouw.13633983/0","properties":{"source":"Digitaal Vlaanderen Gebouwenregister","source_id":"gebouw/Gebouw.13633983/0","kind":"building","building":"official","height_m":7.35,"status":null},"geometry":{"type":"Polygon","coordinates":[[[3.97208188,50.91021512],[3.97191903,50.91021833],[3.97191335,50.9101288],[3.97191332,50.91012829],[3.9719847,50.91012746],[3.97206405,50.91012655],[3.97208115,50.91012635],[3.97208307,50.91019827],[3.97208351,50.91021509],[3.97208188,50.91021512]]]}},{"type":"Feature","id":"gebouw/Gebouw.13634252/0","properties":{"source":"Digitaal Vlaanderen Gebouwenregister","source_id":"gebouw/Gebouw.13634252/0","kind":"building","building":"official","height_m":6.6,"status":null},"geometry":{"type":"Polygon","coordinates":[[[3.9678793,50.91464036],[3.96781631,50.91463951],[3.96781707,50.91460675],[3.96788102,50.914607],[3.9678793,50.91464036]]]}},{"type":"Feature","id":"gebouw/Gebouw.13634457/0","properties":{"source":"Digitaal Vlaanderen Gebouwenregister","source_id":"gebouw/Gebouw.13634457/0","kind":"building","building":"official","height_m":7.35,"status":null},"geometry":{"type":"Polygon","coordinates":[[[3.97123542,50.91142894],[3.97121985,50.91138887],[3.97128537,50.91137874],[3.97130192,50.91141747],[3.97123542,50.91142894]]]}},{"type":"Feature","id":"gebouw/Gebouw.13656144/0","properties":{"source":"Digitaal Vlaanderen Gebouwenregister","source_id":"gebouw/Gebouw.13656144/0","kind":"building","building":"official","height_m":5.1,"status":null},"geometry":{"type":"Polygon","coordinates":[[[3.9711623,50.90937475],[3.9711597,50.90939874],[3.97113654,50.90939774],[3.97113465,50.9094152],[3.97133537,50.90942389],[3.97133986,50.90938243],[3.9711623,50.90937475]]]}},{"type":"Feature","id":"gebouw/Gebouw.13656193/0","properties":{"source":"Digitaal Vlaanderen Gebouwenregister","source_id":"gebouw/Gebouw.13656193/0","kind":"building","building":"official","height_m":5.85,"status":null},"geometry":{"type":"Polygon","coordinates":[[[3.96767507,50.90870128],[3.96743284,50.90871558],[3.96742434,50.90865242],[3.96755992,50.90864472],[3.96756311,50.90866762],[3.96764106,50.90866327],[3.9676347,50.90861772],[3.96771979,50.90861297],[3.96773139,50.90869796],[3.96767507,50.90870128]]]}},{"type":"Feature","id":"gebouw/Gebouw.13659861/0","properties":{"source":"Digitaal Vlaanderen Gebouwenregister","source_id":"gebouw/Gebouw.13659861/0","kind":"building","building":"official","height_m":7.35,"status":null},"geometry":{"type":"Polygon","coordinates":[[[3.96904643,50.91049101],[3.96904396,50.91055982],[3.96878508,50.9105554],[3.96878578,50.91054127],[3.96866501,50.91053548],[3.96863693,50.91051535],[3.96863688,50.91048154],[3.96883918,50.91048458],[3.96883939,50.91046789],[3.96890667,50.91047056],[3.96890082,50.91053384],[3.96902349,50.91053451],[3.96902532,50.91049033],[3.96904643,50.91049101]]]}},{"type":"Feature","id":"gebouw/Gebouw.13660003/0","properties":{"source":"Digitaal Vlaanderen Gebouwenregister","source_id":"gebouw/Gebouw.13660003/0","kind":"building","building":"official","height_m":5.85,"status":null},"geometry":{"type":"Polygon","coordinates":[[[3.96757368,50.91380165],[3.96762364,50.91380398],[3.96763657,50.91380462],[3.96763865,50.91378763],[3.9676912,50.9137902],[3.9676896,50.91380276],[3.96775741,50.9138059],[3.96781879,50.91380875],[3.96782481,50.91380902],[3.96781231,50.91390799],[3.96773629,50.91390421],[3.9677384,50.91389114],[3.9677061,50.91388929],[3.9677046,50.91389394],[3.9675645,50.91388605],[3.96757368,50.91380165]]]}},{"type":"Feature","id":"gebouw/Gebouw.13660116/0","properties":{"source":"Digitaal Vlaanderen Gebouwenregister","source_id":"gebouw/Gebouw.13660116/0","kind":"building","building":"official","height_m":5.1,"status":null},"geometry":{"type":"Polygon","coordinates":[[[3.96761903,50.91066096],[3.96761337,50.91079933],[3.96761441,50.91079942],[3.96760613,50.91084137],[3.96760502,50.91084128],[3.96760474,50.91084277],[3.96759944,50.9108694],[3.96759895,50.9108718],[3.96759997,50.91087189],[3.96759969,50.91087561],[3.96749096,50.91087049],[3.96741502,50.9108669],[3.96742235,50.91081875],[3.96747608,50.9108215],[3.96747719,50.91081068],[3.96747947,50.91078843],[3.96754172,50.91079266],[3.96754734,50.91072788],[3.96748124,50.91072837],[3.96743551,50.91065611],[3.96744168,50.9106558],[3.96744286,50.91064468],[3.96747257,50.91064511],[3.9674733,50.91065728],[3.96761903,50.91066096]]]}},{"type":"Feature","id":"gebouw/Gebouw.13660157/0","properties":{"source":"Digitaal Vlaanderen Gebouwenregister","source_id":"gebouw/Gebouw.13660157/0","kind":"building","building":"official","height_m":8.85,"status":null},"geometry":{"type":"Polygon","coordinates":[[[3.9719298,50.91064585],[3.97192933,50.91064917],[3.97191969,50.9107182],[3.97191902,50.91072297],[3.9714559,50.91069817],[3.97146213,50.91066053],[3.97155203,50.91066622],[3.97155942,50.9106241],[3.9716844,50.91063144],[3.9719298,50.91064585]]]}},{"type":"Feature","id":"gebouw/Gebouw.13660228/0","properties":{"source":"Digitaal Vlaanderen Gebouwenregister","source_id":"gebouw/Gebouw.13660228/0","kind":"building","building":"official","height_m":8.1,"status":null},"geometry":{"type":"Polygon","coordinates":[[[3.96733347,50.90967573],[3.96721591,50.90968132],[3.96722146,50.90974188],[3.96711149,50.90974462],[3.96710564,50.90970723],[3.96712299,50.90970587],[3.967117,50.9096722],[3.96715123,50.90967113],[3.9671447,50.90959073],[3.96732298,50.90958281],[3.96733347,50.90967573]]]}},{"type":"Feature","id":"gebouw/Gebouw.13705522/0","properties":{"source":"Digitaal Vlaanderen Gebouwenregister","source_id":"gebouw/Gebouw.13705522/0","kind":"building","building":"official","height_m":8.1,"status":null},"geometry":{"type":"Polygon","coordinates":[[[3.96738017,50.91115701],[3.9672563,50.91114476],[3.96725556,50.91114904],[3.96721094,50.91114595],[3.96719906,50.91121456],[3.96713182,50.91120991],[3.96712143,50.91125921],[3.96727815,50.91126858],[3.96738766,50.91127512],[3.9674033,50.91127606],[3.96741311,50.91122083],[3.96736302,50.91121716],[3.96736563,50.91120253],[3.9673659,50.91120099],[3.96737237,50.91120144],[3.96738017,50.91115701]]]}},{"type":"Feature","id":"gebouw/Gebouw.13706384/0","properties":{"source":"Digitaal Vlaanderen Gebouwenregister","source_id":"gebouw/Gebouw.13706384/0","kind":"building","building":"official","height_m":6.6,"status":null},"geometry":{"type":"Polygon","coordinates":[[[3.97158007,50.90917406],[3.97157632,50.90921028],[3.97150044,50.90920703],[3.97150609,50.90917036],[3.97158007,50.90917406]]]}},{"type":"Feature","id":"gebouw/Gebouw.13706404/0","properties":{"source":"Digitaal Vlaanderen Gebouwenregister","source_id":"gebouw/Gebouw.13706404/0","kind":"building","building":"official","height_m":8.1,"status":null},"geometry":{"type":"Polygon","coordinates":[[[3.9714763,50.91304185],[3.97155378,50.91305179],[3.97154375,50.91308307],[3.971465,50.91307526],[3.97146656,50.91307042],[3.97147005,50.91306018],[3.9714763,50.91304185]]]}},{"type":"Feature","id":"gebouw/Gebouw.13706452/0","properties":{"source":"Digitaal Vlaanderen Gebouwenregister","source_id":"gebouw/Gebouw.13706452/0","kind":"building","building":"official","height_m":8.1,"status":null},"geometry":{"type":"Polygon","coordinates":[[[3.96621931,50.91507316],[3.96624723,50.91507495],[3.96639096,50.91508415],[3.96639583,50.91505162],[3.96645262,50.91505348],[3.96645148,50.91506565],[3.96652872,50.91506779],[3.9665293,50.91506088],[3.96667882,50.91506257],[3.96668082,50.91499073],[3.96645741,50.91498661],[3.9664585,50.9149776],[3.96640335,50.9149768],[3.96639958,50.91503524],[3.96634637,50.91503235],[3.96634506,50.91504016],[3.96625172,50.91503416],[3.96625125,50.91503709],[3.96622534,50.91503543],[3.96621931,50.91507316]]]}},{"type":"Feature","id":"gebouw/Gebouw.13758564/0","properties":{"source":"Digitaal Vlaanderen Gebouwenregister","source_id":"gebouw/Gebouw.13758564/0","kind":"building","building":"official","height_m":5.1,"status":null},"geometry":{"type":"Polygon","coordinates":[[[3.97337461,50.91092955],[3.97331739,50.91092879],[3.9733174,50.91090461],[3.97337442,50.91090417],[3.97337461,50.91092955]]]}},{"type":"Feature","id":"gebouw/Gebouw.13763410/0","properties":{"source":"Digitaal Vlaanderen Gebouwenregister","source_id":"gebouw/Gebouw.13763410/0","kind":"building","building":"official","height_m":8.1,"status":null},"geometry":{"type":"Polygon","coordinates":[[[3.96467513,50.90834617],[3.96450321,50.90835802],[3.96450149,50.90835814],[3.96450001,50.90835115],[3.96448855,50.90829714],[3.96463323,50.9082825],[3.96462962,50.908247],[3.96467292,50.90824596],[3.96467513,50.90834617]]]}},{"type":"Feature","id":"gebouw/Gebouw.13773387/0","properties":{"source":"Digitaal Vlaanderen Gebouwenregister","source_id":"gebouw/Gebouw.13773387/0","kind":"building","building":"official","height_m":7.35,"status":null},"geometry":{"type":"Polygon","coordinates":[[[3.96641214,50.90911352],[3.96641439,50.90911356],[3.96641435,50.90911442],[3.96642238,50.90911457],[3.96655288,50.9091158],[3.96662297,50.9090855],[3.9666895,50.90914704],[3.96669221,50.90914966],[3.96658413,50.90920225],[3.96655727,50.90920257],[3.96655723,50.90919887],[3.96649903,50.90920095],[3.96649787,50.90922334],[3.96637831,50.90922416],[3.96638155,50.90916539],[3.96640937,50.90916598],[3.96641214,50.90911352]]]}},{"type":"Feature","id":"gebouw/Gebouw.13805392/0","properties":{"source":"Digitaal Vlaanderen Gebouwenregister","source_id":"gebouw/Gebouw.13805392/0","kind":"building","building":"official","height_m":8.1,"status":null},"geometry":{"type":"Polygon","coordinates":[[[3.97145042,50.90855242],[3.97137653,50.90853855],[3.97134173,50.90862769],[3.97135186,50.90862934],[3.97134486,50.90864653],[3.97140237,50.90865588],[3.97140937,50.90863869],[3.97141781,50.90864006],[3.97145042,50.90855242]]]}},{"type":"Feature","id":"gebouw/Gebouw.13810694/0","properties":{"source":"Digitaal Vlaanderen Gebouwenregister","source_id":"gebouw/Gebouw.13810694/0","kind":"building","building":"official","height_m":6.6,"status":null},"geometry":{"type":"Polygon","coordinates":[[[3.9720874,50.91036364],[3.97208551,50.91041862],[3.97190381,50.9104099],[3.97191294,50.91035624],[3.97192782,50.91035687],[3.97193952,50.91035737],[3.97198955,50.91035949],[3.9720874,50.91036364]]]}},{"type":"Feature","id":"gebouw/Gebouw.13810701/0","properties":{"source":"Digitaal Vlaanderen Gebouwenregister","source_id":"gebouw/Gebouw.13810701/0","kind":"building","building":"official","height_m":7.35,"status":null},"geometry":{"type":"Polygon","coordinates":[[[3.96850861,50.91245142],[3.96854238,50.91245441],[3.96853646,50.91247621],[3.96850032,50.91247322],[3.96849056,50.91246571],[3.96849221,50.91245729],[3.96850861,50.91245142]]]}},{"type":"Feature","id":"gebouw/Gebouw.13839724/0","properties":{"source":"Digitaal Vlaanderen Gebouwenregister","source_id":"gebouw/Gebouw.13839724/0","kind":"building","building":"official","height_m":8.1,"status":null},"geometry":{"type":"Polygon","coordinates":[[[3.97134678,50.91236809],[3.97146449,50.91237508],[3.97145131,50.9124719],[3.97087064,50.91243738],[3.97068868,50.91242656],[3.97070013,50.91236245],[3.97074757,50.9123648],[3.97075396,50.91230925],[3.97076895,50.91217878],[3.97136975,50.91221258],[3.97136377,50.91225309],[3.97135243,50.91232983],[3.97134678,50.91236809]]]}},{"type":"Feature","id":"gebouw/Gebouw.13839810/0","properties":{"source":"Digitaal Vlaanderen Gebouwenregister","source_id":"gebouw/Gebouw.13839810/0","kind":"building","building":"official","height_m":5.1,"status":null},"geometry":{"type":"Polygon","coordinates":[[[3.97293326,50.90861999],[3.97283633,50.90872269],[3.97278746,50.90870422],[3.97278828,50.90870337],[3.97278536,50.90870226],[3.97272184,50.90867832],[3.97269595,50.90866856],[3.97269522,50.90866933],[3.97268977,50.90866727],[3.97278988,50.90856052],[3.97281597,50.9085327],[3.97287448,50.90847031],[3.97288935,50.90845446],[3.97293699,50.90847001],[3.97290903,50.90850207],[3.97292388,50.9085073],[3.97289793,50.90853367],[3.97286516,50.90852184],[3.97286005,50.90852795],[3.9728846,50.90853536],[3.97288241,50.90853804],[3.97290216,50.90854751],[3.97286159,50.90859223],[3.97293326,50.90861999]]]}},{"type":"Feature","id":"gebouw/Gebouw.13839912/0","properties":{"source":"Digitaal Vlaanderen Gebouwenregister","source_id":"gebouw/Gebouw.13839912/0","kind":"building","building":"official","height_m":5.1,"status":null},"geometry":{"type":"Polygon","coordinates":[[[3.96905039,50.9086603],[3.96904251,50.9086349],[3.96915825,50.90862131],[3.9691659,50.908647],[3.96905039,50.9086603]]]}},{"type":"Feature","id":"gebouw/Gebouw.13852635/0","properties":{"source":"Digitaal Vlaanderen Gebouwenregister","source_id":"gebouw/Gebouw.13852635/0","kind":"building","building":"official","height_m":7.35,"status":null},"geometry":{"type":"Polygon","coordinates":[[[3.96766065,50.90845315],[3.96765918,50.90842234],[3.96781012,50.9084191],[3.96781088,50.90844976],[3.96766065,50.90845315]]]}},{"type":"Feature","id":"gebouw/Gebouw.15042255/0","properties":{"source":"Digitaal Vlaanderen Gebouwenregister","source_id":"gebouw/Gebouw.15042255/0","kind":"building","building":"official","height_m":7.35,"status":null},"geometry":{"type":"Polygon","coordinates":[[[3.9710938,50.90830075],[3.97103561,50.90844871],[3.9710876,50.90845611],[3.97109156,50.90844258],[3.97115871,50.90845303],[3.97120323,50.90834546],[3.97113784,50.90833516],[3.97114811,50.90830918],[3.97109843,50.90830147],[3.9710938,50.90830075]]]}},{"type":"Feature","id":"gebouw/Gebouw.15088426/0","properties":{"source":"Digitaal Vlaanderen Gebouwenregister","source_id":"gebouw/Gebouw.15088426/0","kind":"building","building":"official","height_m":8.1,"status":null},"geometry":{"type":"Polygon","coordinates":[[[3.97156632,50.91190116],[3.97155668,50.91193276],[3.97155658,50.91193307],[3.97154915,50.91193217],[3.97154244,50.91193135],[3.97154235,50.91193163],[3.97153537,50.91195447],[3.97151597,50.9119521],[3.97150807,50.91197797],[3.971351,50.91195838],[3.97136142,50.91192305],[3.97136293,50.91191791],[3.97129889,50.9119101],[3.97131021,50.91187774],[3.97131213,50.91187227],[3.97141722,50.91188421],[3.97149607,50.91189317],[3.97156632,50.91190116]]]}},{"type":"Feature","id":"gebouw/Gebouw.16651622/0","properties":{"source":"Digitaal Vlaanderen Gebouwenregister","source_id":"gebouw/Gebouw.16651622/0","kind":"building","building":"official","height_m":6.6,"status":null},"geometry":{"type":"Polygon","coordinates":[[[3.97263618,50.9090047],[3.97257575,50.90898664],[3.97260474,50.90895098],[3.97266208,50.90896917],[3.97263618,50.9090047]]]}},{"type":"Feature","id":"gebouw/Gebouw.16663318/0","properties":{"source":"Digitaal Vlaanderen Gebouwenregister","source_id":"gebouw/Gebouw.16663318/0","kind":"building","building":"official","height_m":8.1,"status":null},"geometry":{"type":"Polygon","coordinates":[[[3.96983433,50.91397165],[3.96977655,50.91397174],[3.96977824,50.91393959],[3.96973261,50.91393885],[3.96973637,50.91382074],[3.96976506,50.91382097],[3.96979563,50.91382121],[3.96979567,50.91381943],[3.96983827,50.91381986],[3.96983546,50.9139282],[3.96983433,50.91397165]]]}},{"type":"Feature","id":"gebouw/Gebouw.16663371/0","properties":{"source":"Digitaal Vlaanderen Gebouwenregister","source_id":"gebouw/Gebouw.16663371/0","kind":"building","building":"official","height_m":7.35,"status":null},"geometry":{"type":"Polygon","coordinates":[[[3.96733717,50.91022328],[3.96728226,50.9102212],[3.96728506,50.91019084],[3.96723657,50.91018967],[3.96723961,50.9101572],[3.96728803,50.91015872],[3.96738082,50.91016163],[3.96737873,50.91019364],[3.96734117,50.91019231],[3.96733717,50.91022328]]]}},{"type":"Feature","id":"gebouw/Gebouw.16665778/0","properties":{"source":"Digitaal Vlaanderen Gebouwenregister","source_id":"gebouw/Gebouw.16665778/0","kind":"building","building":"official","height_m":8.1,"status":null},"geometry":{"type":"Polygon","coordinates":[[[3.97155356,50.91166473],[3.97155158,50.91167087],[3.97161651,50.91167891],[3.97160723,50.9117088],[3.97162104,50.91171054],[3.97160868,50.91175113],[3.97151282,50.91173966],[3.97150651,50.91175823],[3.97135298,50.91173926],[3.97136701,50.91169207],[3.97135138,50.91168969],[3.97135532,50.91168266],[3.97136113,50.91167731],[3.9713686,50.91167226],[3.97137791,50.91166963],[3.97138913,50.91166702],[3.97140175,50.91166532],[3.97140507,50.91165394],[3.97149201,50.91166546],[3.97149456,50.91165707],[3.97155356,50.91166473]]]}},{"type":"Feature","id":"gebouw/Gebouw.16671243/0","properties":{"source":"Digitaal Vlaanderen Gebouwenregister","source_id":"gebouw/Gebouw.16671243/0","kind":"building","building":"official","height_m":7.35,"status":null},"geometry":{"type":"Polygon","coordinates":[[[3.96452449,50.90872706],[3.96437937,50.90875112],[3.96432176,50.90859859],[3.96447043,50.90857837],[3.96452449,50.90872706]]]}},{"type":"Feature","id":"gebouw/Gebouw.16671369/0","properties":{"source":"Digitaal Vlaanderen Gebouwenregister","source_id":"gebouw/Gebouw.16671369/0","kind":"building","building":"official","height_m":7.35,"status":null},"geometry":{"type":"Polygon","coordinates":[[[3.97249491,50.91066157],[3.97225822,50.91066106],[3.9722571,50.91073412],[3.97244517,50.91073495],[3.9725162,50.91073527],[3.97254635,50.9107354],[3.9725469,50.91068616],[3.97251096,50.910686],[3.97251075,50.91070437],[3.97240869,50.91070392],[3.97240887,50.91068812],[3.97249461,50.9106885],[3.97249491,50.91066157]]]}},{"type":"Feature","id":"gebouw/Gebouw.16671667/0","properties":{"source":"Digitaal Vlaanderen Gebouwenregister","source_id":"gebouw/Gebouw.16671667/0","kind":"building","building":"official","height_m":5.85,"status":null},"geometry":{"type":"Polygon","coordinates":[[[3.96493154,50.90895569],[3.96493016,50.9089585],[3.96481578,50.90893572],[3.96482056,50.90892633],[3.96476477,50.90891609],[3.96471312,50.9089066],[3.96470892,50.90890583],[3.96474654,50.90882665],[3.96469181,50.90881644],[3.964704,50.90879051],[3.96470641,50.90878538],[3.96471659,50.90878713],[3.96482642,50.90880603],[3.96481344,50.90883661],[3.96486754,50.90884584],[3.96484782,50.90889029],[3.96489996,50.90889939],[3.96495458,50.90890891],[3.96494262,50.90893321],[3.96493154,50.90895569]]]}},{"type":"Feature","id":"gebouw/Gebouw.16676854/0","properties":{"source":"Digitaal Vlaanderen Gebouwenregister","source_id":"gebouw/Gebouw.16676854/0","kind":"building","building":"official","height_m":8.1,"status":null},"geometry":{"type":"Polygon","coordinates":[[[3.96756632,50.91343948],[3.96742541,50.91342695],[3.96745489,50.91329456],[3.96746123,50.91326648],[3.96760936,50.91327894],[3.96756632,50.91343948]]]}},{"type":"Feature","id":"gebouw/Gebouw.16676856/0","properties":{"source":"Digitaal Vlaanderen Gebouwenregister","source_id":"gebouw/Gebouw.16676856/0","kind":"building","building":"official","height_m":5.1,"status":null},"geometry":{"type":"Polygon","coordinates":[[[3.97314038,50.90939319],[3.97330872,50.90939592],[3.9733088,50.90941559],[3.97331735,50.90941536],[3.97331325,50.90948436],[3.9731886,50.90948215],[3.97318878,50.90947781],[3.97318935,50.90946411],[3.9731374,50.90946322],[3.97313868,50.90943325],[3.97314021,50.90939728],[3.97314038,50.90939319]]]}},{"type":"Feature","id":"gebouw/Gebouw.16686437/0","properties":{"source":"Digitaal Vlaanderen Gebouwenregister","source_id":"gebouw/Gebouw.16686437/0","kind":"building","building":"official","height_m":8.85,"status":null},"geometry":{"type":"Polygon","coordinates":[[[3.96766764,50.90852189],[3.96774884,50.90851981],[3.96777187,50.90851922],[3.96777071,50.90848621],[3.96774752,50.90848653],[3.96774738,50.90848289],[3.96764731,50.9084843],[3.96764681,50.90846551],[3.96760545,50.90846704],[3.96760376,50.90845006],[3.96752745,50.90845304],[3.96752808,50.90846286],[3.96746121,50.90846465],[3.96746505,50.90852709],[3.96766764,50.90852189]]]}},{"type":"Feature","id":"gebouw/Gebouw.16690432/0","properties":{"source":"Digitaal Vlaanderen Gebouwenregister","source_id":"gebouw/Gebouw.16690432/0","kind":"building","building":"official","height_m":8.1,"status":null},"geometry":{"type":"Polygon","coordinates":[[[3.96779865,50.91077676],[3.96779996,50.91073835],[3.96795818,50.91074074],[3.96795704,50.91077891],[3.96793826,50.91077892],[3.96793623,50.91085001],[3.96779621,50.91084874],[3.9677981,50.91079304],[3.96779865,50.91077676]]]}},{"type":"Feature","id":"gebouw/Gebouw.16692837/0","properties":{"source":"Digitaal Vlaanderen Gebouwenregister","source_id":"gebouw/Gebouw.16692837/0","kind":"building","building":"official","height_m":7.35,"status":null},"geometry":{"type":"Polygon","coordinates":[[[3.96966899,50.91408478],[3.9696668,50.91412081],[3.96960646,50.91411879],[3.96961104,50.91400895],[3.96952039,50.91400525],[3.96952219,50.91395689],[3.96952329,50.91392727],[3.96952329,50.9139272],[3.96952394,50.91390993],[3.96952927,50.91376632],[3.96962587,50.91376799],[3.96962534,50.91380547],[3.96964409,50.91380576],[3.96964411,50.91380488],[3.96964943,50.91380494],[3.96964511,50.91388352],[3.96963774,50.91388302],[3.9696367,50.9139039],[3.96960153,50.91390323],[3.96960003,50.91398333],[3.96967504,50.91398495],[3.96966899,50.91408478]]]}},{"type":"Feature","id":"gebouw/Gebouw.16693329/0","properties":{"source":"Digitaal Vlaanderen Gebouwenregister","source_id":"gebouw/Gebouw.16693329/0","kind":"building","building":"official","height_m":7.35,"status":null},"geometry":{"type":"Polygon","coordinates":[[[3.96786285,50.91487005],[3.96786185,50.91482782],[3.96791321,50.91482709],[3.9679142,50.91486978],[3.96786285,50.91487005]]]}},{"type":"Feature","id":"gebouw/Gebouw.16694558/0","properties":{"source":"Digitaal Vlaanderen Gebouwenregister","source_id":"gebouw/Gebouw.16694558/0","kind":"building","building":"official","height_m":6.6,"status":null},"geometry":{"type":"Polygon","coordinates":[[[3.97235838,50.9104921],[3.97234065,50.91049218],[3.97233582,50.9104904],[3.97233423,50.91048981],[3.97229499,50.91047533],[3.97228797,50.91032838],[3.97245463,50.9103274],[3.97259185,50.91032659],[3.97276703,50.91032556],[3.97285698,50.91032502],[3.97287144,50.91032494],[3.97287058,50.91045529],[3.97287036,50.91048887],[3.9725925,50.91049097],[3.97235838,50.9104921]],[[3.97241094,50.91036633],[3.97241887,50.91046685],[3.97250008,50.91046766],[3.97249624,50.91036477],[3.97241094,50.91036633]]]}},{"type":"Feature","id":"gebouw/Gebouw.16694894/0","properties":{"source":"Digitaal Vlaanderen Gebouwenregister","source_id":"gebouw/Gebouw.16694894/0","kind":"building","building":"official","height_m":6.6,"status":null},"geometry":{"type":"Polygon","coordinates":[[[3.97197082,50.91199191],[3.97212396,50.91199511],[3.97211877,50.91214854],[3.97190437,50.91214469],[3.97190601,50.91210903],[3.97191104,50.91199955],[3.97197024,50.9120008],[3.97197082,50.91199191]]]}},{"type":"Feature","id":"gebouw/Gebouw.16701940/0","properties":{"source":"Digitaal Vlaanderen Gebouwenregister","source_id":"gebouw/Gebouw.16701940/0","kind":"building","building":"official","height_m":8.1,"status":null},"geometry":{"type":"Polygon","coordinates":[[[3.96395315,50.90921181],[3.96394594,50.90918448],[3.96406729,50.90916724],[3.96407711,50.90919412],[3.96395315,50.90921181]]]}},{"type":"Feature","id":"gebouw/Gebouw.16702277/0","properties":{"source":"Digitaal Vlaanderen Gebouwenregister","source_id":"gebouw/Gebouw.16702277/0","kind":"building","building":"official","height_m":8.85,"status":null},"geometry":{"type":"Polygon","coordinates":[[[3.96781213,50.91046499],[3.9677044,50.91047219],[3.96769262,50.91039652],[3.96769237,50.91039492],[3.96779968,50.91039652],[3.96786042,50.91039742],[3.96789889,50.91039799],[3.96790353,50.91045889],[3.96788482,50.91046014],[3.96788192,50.91043587],[3.96782535,50.91043996],[3.96783021,50.91046378],[3.96781213,50.91046499]]]}},{"type":"Feature","id":"gebouw/Gebouw.16702278/0","properties":{"source":"Digitaal Vlaanderen Gebouwenregister","source_id":"gebouw/Gebouw.16702278/0","kind":"building","building":"official","height_m":5.1,"status":null},"geometry":{"type":"Polygon","coordinates":[[[3.96366959,50.90895213],[3.96364453,50.90888066],[3.96365119,50.90888033],[3.96363873,50.90882941],[3.96379603,50.90881622],[3.96380677,50.90886174],[3.96379489,50.90886269],[3.96382039,50.9089313],[3.96366959,50.90895213]]]}},{"type":"Feature","id":"gebouw/Gebouw.16702444/0","properties":{"source":"Digitaal Vlaanderen Gebouwenregister","source_id":"gebouw/Gebouw.16702444/0","kind":"building","building":"official","height_m":8.1,"status":null},"geometry":{"type":"Polygon","coordinates":[[[3.96781213,50.91046499],[3.96782132,50.91052794],[3.96773383,50.91053101],[3.96771363,50.9105304],[3.9677044,50.91047219],[3.96781213,50.91046499]]]}},{"type":"Feature","id":"gebouw/Gebouw.16702546/0","properties":{"source":"Digitaal Vlaanderen Gebouwenregister","source_id":"gebouw/Gebouw.16702546/0","kind":"building","building":"official","height_m":8.1,"status":null},"geometry":{"type":"Polygon","coordinates":[[[3.9720309,50.90971417],[3.97192124,50.90970735],[3.97191971,50.90972446],[3.97179161,50.90971635],[3.97179185,50.90971239],[3.97173215,50.90970676],[3.97173919,50.90967808],[3.9717942,50.90968289],[3.97180339,50.90961629],[3.97194072,50.90962567],[3.97193615,50.90965176],[3.97203957,50.90965816],[3.9720309,50.90971417]]]}},{"type":"Feature","id":"gebouw/Gebouw.16710392/0","properties":{"source":"Digitaal Vlaanderen Gebouwenregister","source_id":"gebouw/Gebouw.16710392/0","kind":"building","building":"official","height_m":6.6,"status":null},"geometry":{"type":"Polygon","coordinates":[[[3.96674256,50.9102911],[3.96667908,50.91028662],[3.96668591,50.91024544],[3.96674844,50.91024991],[3.96674256,50.9102911]]]}},{"type":"Feature","id":"gebouw/Gebouw.16718597/0","properties":{"source":"Digitaal Vlaanderen Gebouwenregister","source_id":"gebouw/Gebouw.16718597/0","kind":"building","building":"official","height_m":8.85,"status":null},"geometry":{"type":"Polygon","coordinates":[[[3.97287237,50.91403352],[3.97280669,50.91402843],[3.97280316,50.91404527],[3.97265919,50.91403335],[3.97267522,50.91394491],[3.97267822,50.91394514],[3.97272068,50.91394844],[3.97272217,50.91394855],[3.97288673,50.91396131],[3.97287237,50.91403352]]]}},{"type":"Feature","id":"gebouw/Gebouw.16718743/0","properties":{"source":"Digitaal Vlaanderen Gebouwenregister","source_id":"gebouw/Gebouw.16718743/0","kind":"building","building":"official","height_m":5.85,"status":null},"geometry":{"type":"Polygon","coordinates":[[[3.97116847,50.91031797],[3.97116883,50.91033489],[3.9711531,50.91034347],[3.97114416,50.91034835],[3.9711099,50.91034865],[3.97110254,50.91034444],[3.9710851,50.91033448],[3.97108289,50.91023119],[3.9713179,50.91022918],[3.97131812,50.91023377],[3.97140981,50.91023298],[3.97142005,50.91033178],[3.97131325,50.91033235],[3.97131286,50.91031673],[3.97116847,50.91031797]]]}},{"type":"Feature","id":"gebouw/Gebouw.16728072/0","properties":{"source":"Digitaal Vlaanderen Gebouwenregister","source_id":"gebouw/Gebouw.16728072/0","kind":"building","building":"official","height_m":5.1,"status":null},"geometry":{"type":"Polygon","coordinates":[[[3.96810375,50.90851071],[3.96810483,50.90854653],[3.96801973,50.90854913],[3.96801889,50.90851288],[3.96810375,50.90851071]]]}},{"type":"Feature","id":"gebouw/Gebouw.16728135/0","properties":{"source":"Digitaal Vlaanderen Gebouwenregister","source_id":"gebouw/Gebouw.16728135/0","kind":"building","building":"official","height_m":7.35,"status":null},"geometry":{"type":"Polygon","coordinates":[[[3.97163524,50.90937378],[3.9716136,50.90937364],[3.97161431,50.90937003],[3.97157414,50.90936945],[3.97157694,50.90933368],[3.97163898,50.90933335],[3.97163524,50.90937378]]]}},{"type":"Feature","id":"gebouw/Gebouw.16728362/0","properties":{"source":"Digitaal Vlaanderen Gebouwenregister","source_id":"gebouw/Gebouw.16728362/0","kind":"building","building":"official","height_m":6.6,"status":null},"geometry":{"type":"Polygon","coordinates":[[[3.97161808,50.90903187],[3.97166372,50.90903485],[3.97165384,50.90909873],[3.97161009,50.90909665],[3.97161808,50.90903187]]]}},{"type":"Feature","id":"gebouw/Gebouw.16728439/0","properties":{"source":"Digitaal Vlaanderen Gebouwenregister","source_id":"gebouw/Gebouw.16728439/0","kind":"building","building":"official","height_m":5.85,"status":null},"geometry":{"type":"Polygon","coordinates":[[[3.97207653,50.90923044],[3.97206844,50.90930154],[3.97197173,50.90929703],[3.9718803,50.90929277],[3.97188998,50.90922411],[3.97207653,50.90923044]]]}},{"type":"Feature","id":"gebouw/Gebouw.16740206/0","properties":{"source":"Digitaal Vlaanderen Gebouwenregister","source_id":"gebouw/Gebouw.16740206/0","kind":"building","building":"official","height_m":6.6,"status":null},"geometry":{"type":"Polygon","coordinates":[[[3.96717953,50.91085579],[3.96722331,50.91085798],[3.96721719,50.91090683],[3.96717341,50.91090464],[3.96717953,50.91085579]]]}},{"type":"Feature","id":"gebouw/Gebouw.16787796/0","properties":{"source":"Digitaal Vlaanderen Gebouwenregister","source_id":"gebouw/Gebouw.16787796/0","kind":"building","building":"official","height_m":5.1,"status":null},"geometry":{"type":"Polygon","coordinates":[[[3.96722611,50.91451042],[3.96742163,50.91451167],[3.96741919,50.91456095],[3.96739899,50.91456082],[3.96739669,50.91461582],[3.96723887,50.91461347],[3.96723979,50.9145445],[3.96723982,50.91454269],[3.96722568,50.9145426],[3.96722611,50.91451042]]]}},{"type":"Feature","id":"gebouw/Gebouw.18153107/0","properties":{"source":"Digitaal Vlaanderen Gebouwenregister","source_id":"gebouw/Gebouw.18153107/0","kind":"building","building":"official","height_m":8.85,"status":null},"geometry":{"type":"Polygon","coordinates":[[[3.96754344,50.90890133],[3.96751366,50.90890187],[3.96746136,50.90890282],[3.96745865,50.90885907],[3.96746475,50.90885885],[3.96746325,50.90883813],[3.9675458,50.9088357],[3.96754502,50.90881976],[3.96762381,50.90882008],[3.96762432,50.9088319],[3.96763509,50.90883159],[3.96763461,50.90885702],[3.96771342,50.90885322],[3.96771673,50.90889424],[3.96759231,50.90890013],[3.96754344,50.90890133]]]}},{"type":"Feature","id":"gebouw/Gebouw.18153230/0","properties":{"source":"Digitaal Vlaanderen Gebouwenregister","source_id":"gebouw/Gebouw.18153230/0","kind":"building","building":"official","height_m":6.6,"status":null},"geometry":{"type":"Polygon","coordinates":[[[3.96993687,50.91382104],[3.96994246,50.91382111],[3.96997413,50.91382148],[3.96997133,50.91392961],[3.96987064,50.91392857],[3.96983546,50.9139282],[3.96983827,50.91381986],[3.96993687,50.91382104]]]}},{"type":"Feature","id":"gebouw/Gebouw.18696589/0","properties":{"source":"Digitaal Vlaanderen Gebouwenregister","source_id":"gebouw/Gebouw.18696589/0","kind":"building","building":"official","height_m":5.85,"status":null},"geometry":{"type":"Polygon","coordinates":[[[3.96767507,50.90870128],[3.96768451,50.90876889],[3.96744153,50.90878245],[3.96743284,50.90871558],[3.96767507,50.90870128]]]}},{"type":"Feature","id":"gebouw/Gebouw.18862325/0","properties":{"source":"Digitaal Vlaanderen Gebouwenregister","source_id":"gebouw/Gebouw.18862325/0","kind":"building","building":"official","height_m":8.85,"status":null},"geometry":{"type":"Polygon","coordinates":[[[3.97246244,50.9131092],[3.97244838,50.91317275],[3.97235956,50.91316395],[3.97237534,50.91310019],[3.97246244,50.9131092]]]}},{"type":"Feature","id":"gebouw/Gebouw.18862365/0","properties":{"source":"Digitaal Vlaanderen Gebouwenregister","source_id":"gebouw/Gebouw.18862365/0","kind":"building","building":"official","height_m":7.35,"status":null},"geometry":{"type":"Polygon","coordinates":[[[3.96497414,50.90837425],[3.9649863,50.90841175],[3.9649324,50.90841995],[3.96491825,50.90838289],[3.96497414,50.90837425]]]}},{"type":"Feature","id":"gebouw/Gebouw.18862417/0","properties":{"source":"Digitaal Vlaanderen Gebouwenregister","source_id":"gebouw/Gebouw.18862417/0","kind":"building","building":"official","height_m":5.85,"status":null},"geometry":{"type":"Polygon","coordinates":[[[3.97318518,50.90842848],[3.97315208,50.90846454],[3.9731055,50.90844777],[3.9731384,50.90841252],[3.97318518,50.90842848]]]}},{"type":"Feature","id":"gebouw/Gebouw.18862420/0","properties":{"source":"Digitaal Vlaanderen Gebouwenregister","source_id":"gebouw/Gebouw.18862420/0","kind":"building","building":"official","height_m":8.1,"status":null},"geometry":{"type":"Polygon","coordinates":[[[3.97131607,50.91177081],[3.97130695,50.91179725],[3.97119314,50.9117827],[3.97120007,50.91175689],[3.97131607,50.91177081]]]}},{"type":"Feature","id":"gebouw/Gebouw.18862421/0","properties":{"source":"Digitaal Vlaanderen Gebouwenregister","source_id":"gebouw/Gebouw.18862421/0","kind":"building","building":"official","height_m":8.85,"status":null},"geometry":{"type":"Polygon","coordinates":[[[3.97289017,50.91331404],[3.97287526,50.91338663],[3.97281192,50.91338001],[3.9728272,50.9133082],[3.97289017,50.91331404]]]}},{"type":"Feature","id":"gebouw/Gebouw.18862422/0","properties":{"source":"Digitaal Vlaanderen Gebouwenregister","source_id":"gebouw/Gebouw.18862422/0","kind":"building","building":"official","height_m":5.1,"status":null},"geometry":{"type":"Polygon","coordinates":[[[3.96941465,50.91396207],[3.96941427,50.91403231],[3.96936198,50.91403158],[3.96936478,50.91396184],[3.96941465,50.91396207]]]}},{"type":"Feature","id":"gebouw/Gebouw.18862423/0","properties":{"source":"Digitaal Vlaanderen Gebouwenregister","source_id":"gebouw/Gebouw.18862423/0","kind":"building","building":"official","height_m":5.85,"status":null},"geometry":{"type":"Polygon","coordinates":[[[3.96865276,50.91447607],[3.96857909,50.91447648],[3.96857833,50.91445075],[3.96865137,50.91445068],[3.96865276,50.91447607]]]}},{"type":"Feature","id":"gebouw/Gebouw.18862424/0","properties":{"source":"Digitaal Vlaanderen Gebouwenregister","source_id":"gebouw/Gebouw.18862424/0","kind":"building","building":"official","height_m":6.6,"status":null},"geometry":{"type":"Polygon","coordinates":[[[3.96988946,50.914949],[3.96988614,50.91499979],[3.96983702,50.91499861],[3.96984018,50.91494793],[3.96988946,50.914949]]]}},{"type":"Feature","id":"gebouw/Gebouw.18862553/0","properties":{"source":"Digitaal Vlaanderen Gebouwenregister","source_id":"gebouw/Gebouw.18862553/0","kind":"building","building":"official","height_m":8.85,"status":null},"geometry":{"type":"Polygon","coordinates":[[[3.96709482,50.91128941],[3.9670945,50.91129289],[3.96709063,50.91133546],[3.96696687,50.91133057],[3.96697124,50.91128546],[3.96697167,50.91128101],[3.96709482,50.91128941]]]}},{"type":"Feature","id":"gebouw/Gebouw.18862583/0","properties":{"source":"Digitaal Vlaanderen Gebouwenregister","source_id":"gebouw/Gebouw.18862583/0","kind":"building","building":"official","height_m":8.85,"status":null},"geometry":{"type":"Polygon","coordinates":[[[3.97107508,50.90862684],[3.97111181,50.90853436],[3.97117591,50.90854485],[3.97113815,50.90863675],[3.97107508,50.90862684]]]}},{"type":"Feature","id":"gebouw/Gebouw.18862584/0","properties":{"source":"Digitaal Vlaanderen Gebouwenregister","source_id":"gebouw/Gebouw.18862584/0","kind":"building","building":"official","height_m":5.1,"status":null},"geometry":{"type":"Polygon","coordinates":[[[3.97101673,50.90947889],[3.97109134,50.9094813],[3.97107621,50.9096684],[3.97107591,50.90967222],[3.97099534,50.90966962],[3.97099597,50.90966192],[3.97100327,50.90957159],[3.97101078,50.9094787],[3.97101673,50.90947889]]]}},{"type":"Feature","id":"gebouw/Gebouw.18862585/0","properties":{"source":"Digitaal Vlaanderen Gebouwenregister","source_id":"gebouw/Gebouw.18862585/0","kind":"building","building":"official","height_m":5.85,"status":null},"geometry":{"type":"Polygon","coordinates":[[[3.97118325,50.9107522],[3.97118796,50.91072552],[3.97127258,50.91073148],[3.97126749,50.91075724],[3.97118325,50.9107522]]]}},{"type":"Feature","id":"gebouw/Gebouw.18862586/0","properties":{"source":"Digitaal Vlaanderen Gebouwenregister","source_id":"gebouw/Gebouw.18862586/0","kind":"building","building":"official","height_m":6.6,"status":null},"geometry":{"type":"Polygon","coordinates":[[[3.97071076,50.91148261],[3.97071177,50.91145651],[3.97076524,50.91145839],[3.97076262,50.9114845],[3.97071076,50.91148261]]]}},{"type":"Feature","id":"gebouw/Gebouw.19215095/0","properties":{"source":"Digitaal Vlaanderen Gebouwenregister","source_id":"gebouw/Gebouw.19215095/0","kind":"building","building":"official","height_m":8.85,"status":null},"geometry":{"type":"Polygon","coordinates":[[[3.97134678,50.91236809],[3.97146449,50.91237508],[3.97145131,50.9124719],[3.97087064,50.91243738],[3.97068868,50.91242656],[3.97070013,50.91236245],[3.97074757,50.9123648],[3.97075396,50.91230925],[3.97076895,50.91217878],[3.97136975,50.91221258],[3.97136377,50.91225309],[3.97135243,50.91232983],[3.97134678,50.91236809]]]}},{"type":"Feature","id":"gebouw/Gebouw.19339264/0","properties":{"source":"Digitaal Vlaanderen Gebouwenregister","source_id":"gebouw/Gebouw.19339264/0","kind":"building","building":"official","height_m":8.1,"status":null},"geometry":{"type":"Polygon","coordinates":[[[3.97134678,50.91236809],[3.97135243,50.91232983],[3.97136377,50.91225309],[3.97136975,50.91221258],[3.97076895,50.91217878],[3.97075396,50.91230925],[3.97074757,50.9123648],[3.97064757,50.91235767],[3.97063583,50.91242342],[3.97068868,50.91242656],[3.97087064,50.91243738],[3.97145131,50.9124719],[3.97146449,50.91237508],[3.97134678,50.91236809]]]}},{"type":"Feature","id":"gebouw/Gebouw.19695001/0","properties":{"source":"Digitaal Vlaanderen Gebouwenregister","source_id":"gebouw/Gebouw.19695001/0","kind":"building","building":"official","height_m":5.85,"status":null},"geometry":{"type":"Polygon","coordinates":[[[3.97287036,50.91048887],[3.9725925,50.91049097],[3.97259093,50.91049098],[3.97259185,50.91032659],[3.97276703,50.91032556],[3.97285698,50.91032502],[3.97287144,50.91032494],[3.97287058,50.91045529],[3.97287036,50.91048887]]]}},{"type":"Feature","id":"gebouw/Gebouw.19695002/0","properties":{"source":"Digitaal Vlaanderen Gebouwenregister","source_id":"gebouw/Gebouw.19695002/0","kind":"building","building":"official","height_m":6.6,"status":null},"geometry":{"type":"Polygon","coordinates":[[[3.97235839,50.91049209],[3.97234065,50.91049218],[3.97233582,50.9104904],[3.97233423,50.91048981],[3.97229499,50.91047533],[3.97228797,50.91032838],[3.97245463,50.9103274],[3.97259185,50.91032659],[3.97259093,50.91049098],[3.97235839,50.91049209]],[[3.97249624,50.91036477],[3.97241094,50.91036633],[3.97241887,50.91046685],[3.97250008,50.91046766],[3.97249624,50.91036477]]]}},{"type":"Feature","id":"gebouw/Gebouw.19706033/0","properties":{"source":"Digitaal Vlaanderen Gebouwenregister","source_id":"gebouw/Gebouw.19706033/0","kind":"building","building":"official","height_m":8.85,"status":null},"geometry":{"type":"Polygon","coordinates":[[[3.97237822,50.91017886],[3.9724898,50.91018127],[3.97248927,50.91017617],[3.97257614,50.91017934],[3.97257539,50.91021787],[3.97256864,50.91021774],[3.97250723,50.91021657],[3.97248668,50.91021618],[3.97248363,50.91021612],[3.97237922,50.91021414],[3.97237822,50.91017886]]]}},{"type":"Feature","id":"gebouw/Gebouw.19710063/0","properties":{"source":"Digitaal Vlaanderen Gebouwenregister","source_id":"gebouw/Gebouw.19710063/0","kind":"building","building":"official","height_m":7.35,"status":null},"geometry":{"type":"Polygon","coordinates":[[[3.96732393,50.90899547],[3.96732428,50.90902413],[3.96726122,50.90902373],[3.96720847,50.9090234],[3.96717284,50.90902318],[3.96711913,50.90902284],[3.96712042,50.90895927],[3.96712054,50.90895343],[3.96732345,50.90895553],[3.96732393,50.90899547]]]}},{"type":"Feature","id":"gebouw/Gebouw.19710064/0","properties":{"source":"Digitaal Vlaanderen Gebouwenregister","source_id":"gebouw/Gebouw.19710064/0","kind":"building","building":"official","height_m":8.1,"status":null},"geometry":{"type":"Polygon","coordinates":[[[3.96711913,50.90902284],[3.96711745,50.9090442],[3.96711548,50.90904413],[3.96711559,50.90904296],[3.96700838,50.90904135],[3.96700854,50.90903644],[3.96700996,50.90899403],[3.96701115,50.90895861],[3.96711736,50.90895925],[3.96712042,50.90895927],[3.96711913,50.90902284]]]}},{"type":"Feature","id":"gebouw/Gebouw.19710065/0","properties":{"source":"Digitaal Vlaanderen Gebouwenregister","source_id":"gebouw/Gebouw.19710065/0","kind":"building","building":"official","height_m":8.85,"status":null},"geometry":{"type":"Polygon","coordinates":[[[3.96701115,50.90895861],[3.96700996,50.90899403],[3.96697906,50.90899315],[3.96698092,50.90895843],[3.96701115,50.90895861]]]}},{"type":"Feature","id":"gebouw/Gebouw.19713718/0","properties":{"source":"Digitaal Vlaanderen Gebouwenregister","source_id":"gebouw/Gebouw.19713718/0","kind":"building","building":"official","height_m":8.1,"status":null},"geometry":{"type":"Polygon","coordinates":[[[3.96543871,50.90871782],[3.96543333,50.90869567],[3.96542997,50.90868183],[3.96542839,50.9086753],[3.96542729,50.90867347],[3.96541288,50.90862055],[3.96526225,50.90863506],[3.96529016,50.90873698],[3.9653585,50.90873064],[3.96535714,50.90872689],[3.96543871,50.90871782]]]}},{"type":"Feature","id":"gebouw/Gebouw.19713719/0","properties":{"source":"Digitaal Vlaanderen Gebouwenregister","source_id":"gebouw/Gebouw.19713719/0","kind":"building","building":"official","height_m":8.85,"status":null},"geometry":{"type":"Polygon","coordinates":[[[3.96543333,50.90869567],[3.96546213,50.90869241],[3.96546805,50.90871456],[3.96543871,50.90871782],[3.96543333,50.90869567]]]}},{"type":"Feature","id":"gebouw/Gebouw.19714905/0","properties":{"source":"Digitaal Vlaanderen Gebouwenregister","source_id":"gebouw/Gebouw.19714905/0","kind":"building","building":"official","height_m":7.35,"status":null},"geometry":{"type":"Polygon","coordinates":[[[3.96785537,50.91036332],[3.96784569,50.91030798],[3.96768052,50.9103177],[3.96769237,50.91039492],[3.96779968,50.91039652],[3.96786042,50.91039742],[3.96789889,50.91039799],[3.96789537,50.91036092],[3.96785537,50.91036332]]]}},{"type":"Feature","id":"gebouw/Gebouw.19714906/0","properties":{"source":"Digitaal Vlaanderen Gebouwenregister","source_id":"gebouw/Gebouw.19714906/0","kind":"building","building":"official","height_m":8.1,"status":null},"geometry":{"type":"Polygon","coordinates":[[[3.96786042,50.91039742],[3.96785156,50.91033862],[3.96789411,50.91033529],[3.96789889,50.91039799],[3.96786042,50.91039742]]]}},{"type":"Feature","id":"gebouw/Gebouw.19714907/0","properties":{"source":"Digitaal Vlaanderen Gebouwenregister","source_id":"gebouw/Gebouw.19714907/0","kind":"building","building":"official","height_m":8.85,"status":null},"geometry":{"type":"Polygon","coordinates":[[[3.96785156,50.91033862],[3.96778803,50.91034245],[3.96778337,50.91031151],[3.96784724,50.91030766],[3.96785156,50.91033862]]]}},{"type":"Feature","id":"gebouw/Gebouw.19714917/0","properties":{"source":"Digitaal Vlaanderen Gebouwenregister","source_id":"gebouw/Gebouw.19714917/0","kind":"building","building":"official","height_m":7.35,"status":null},"geometry":{"type":"Polygon","coordinates":[[[3.96966114,50.91009331],[3.96965373,50.91016774],[3.9695874,50.91016568],[3.96954676,50.91016442],[3.96955424,50.9100889],[3.96966114,50.91009331]]]}},{"type":"Feature","id":"gebouw/Gebouw.19714918/0","properties":{"source":"Digitaal Vlaanderen Gebouwenregister","source_id":"gebouw/Gebouw.19714918/0","kind":"building","building":"official","height_m":8.1,"status":null},"geometry":{"type":"Polygon","coordinates":[[[3.96958487,50.91019671],[3.96958444,50.91020199],[3.96958149,50.91020189],[3.96958017,50.9102427],[3.96958,50.91024788],[3.96953855,50.91024747],[3.96954676,50.91016442],[3.9695874,50.91016568],[3.96958487,50.91019671]]]}},{"type":"Feature","id":"gebouw/Gebouw.19717897/0","properties":{"source":"Digitaal Vlaanderen Gebouwenregister","source_id":"gebouw/Gebouw.19717897/0","kind":"building","building":"official","height_m":5.85,"status":null},"geometry":{"type":"Polygon","coordinates":[[[3.97103692,50.91059342],[3.97102959,50.9106605],[3.97054075,50.91063909],[3.97054599,50.91057982],[3.97062029,50.91058208],[3.97063374,50.91047417],[3.97080403,50.91048266],[3.97091385,50.91048814],[3.97104771,50.91049481],[3.97103692,50.91059342]]]}},{"type":"Feature","id":"gebouw/Gebouw.19717898/0","properties":{"source":"Digitaal Vlaanderen Gebouwenregister","source_id":"gebouw/Gebouw.19717898/0","kind":"building","building":"official","height_m":6.6,"status":null},"geometry":{"type":"Polygon","coordinates":[[[3.97080535,50.91044048],[3.97086468,50.91044292],[3.97086438,50.91044637],[3.97091943,50.91044877],[3.97091385,50.91048814],[3.97080403,50.91048266],[3.97080535,50.91044048]]]}},{"type":"Feature","id":"gebouw/Gebouw.19719154/0","properties":{"source":"Digitaal Vlaanderen Gebouwenregister","source_id":"gebouw/Gebouw.19719154/0","kind":"building","building":"official","height_m":8.1,"status":null},"geometry":{"type":"Polygon","coordinates":[[[3.96364305,50.90901307],[3.96365695,50.90906233],[3.96367404,50.9090594],[3.9636908,50.90911211],[3.96364458,50.90911952],[3.96361839,50.90912371],[3.96361619,50.90911846],[3.96357568,50.90902159],[3.96360592,50.90901777],[3.96364305,50.90901307]]]}},{"type":"Feature","id":"gebouw/Gebouw.19719155/0","properties":{"source":"Digitaal Vlaanderen Gebouwenregister","source_id":"gebouw/Gebouw.19719155/0","kind":"building","building":"official","height_m":8.85,"status":null},"geometry":{"type":"Polygon","coordinates":[[[3.96361619,50.90911846],[3.96357298,50.90912572],[3.96353486,50.90903506],[3.96356692,50.90903056],[3.96356432,50.90902303],[3.96357568,50.90902159],[3.96361619,50.90911846]]]}},{"type":"Feature","id":"gebouw/Gebouw.19719418/0","properties":{"source":"Digitaal Vlaanderen Gebouwenregister","source_id":"gebouw/Gebouw.19719418/0","kind":"building","building":"official","height_m":8.1,"status":null},"geometry":{"type":"Polygon","coordinates":[[[3.97283489,50.91204057],[3.97286891,50.91204114],[3.97286011,50.91218177],[3.97246098,50.91217447],[3.97246194,50.91213077],[3.97246279,50.91209234],[3.97246407,50.91203439],[3.97278437,50.91203973],[3.97283489,50.91204057]]]}},{"type":"Feature","id":"gebouw/Gebouw.19719419/0","properties":{"source":"Digitaal Vlaanderen Gebouwenregister","source_id":"gebouw/Gebouw.19719419/0","kind":"building","building":"official","height_m":8.85,"status":null},"geometry":{"type":"Polygon","coordinates":[[[3.97239086,50.91209101],[3.97246279,50.91209234],[3.97246194,50.91213077],[3.97239017,50.91212869],[3.97239064,50.91210286],[3.97239086,50.91209101]]]}},{"type":"Feature","id":"gebouw/Gebouw.19954738/0","properties":{"source":"Digitaal Vlaanderen Gebouwenregister","source_id":"gebouw/Gebouw.19954738/0","kind":"building","building":"official","height_m":8.1,"status":null},"geometry":{"type":"Polygon","coordinates":[[[3.97141414,50.91505343],[3.97142248,50.91501289],[3.97152145,50.91502103],[3.97151311,50.91506157],[3.97141414,50.91505343]]]}},{"type":"Feature","id":"gebouw/Gebouw.19954739/0","properties":{"source":"Digitaal Vlaanderen Gebouwenregister","source_id":"gebouw/Gebouw.19954739/0","kind":"building","building":"official","height_m":8.85,"status":null},"geometry":{"type":"Polygon","coordinates":[[[3.97250099,50.91144067],[3.97243429,50.91143747],[3.97243906,50.91139775],[3.97250575,50.91140095],[3.97250099,50.91144067]]]}},{"type":"Feature","id":"gebouw/Gebouw.19954740/0","properties":{"source":"Digitaal Vlaanderen Gebouwenregister","source_id":"gebouw/Gebouw.19954740/0","kind":"building","building":"official","height_m":5.1,"status":null},"geometry":{"type":"Polygon","coordinates":[[[3.97084387,50.91165601],[3.97086098,50.91159404],[3.97101503,50.91161104],[3.97099792,50.91167301],[3.97084387,50.91165601]]]}},{"type":"Feature","id":"gebouw/Gebouw.19955270/0","properties":{"source":"Digitaal Vlaanderen Gebouwenregister","source_id":"gebouw/Gebouw.19955270/0","kind":"building","building":"official","height_m":6.6,"status":null},"geometry":{"type":"Polygon","coordinates":[[[3.96485615,50.90833613],[3.96498735,50.9083391],[3.96498786,50.90833022],[3.96491739,50.90832862],[3.96491854,50.90830829],[3.96498483,50.9083098],[3.96498542,50.90829941],[3.96479627,50.90829562],[3.96479363,50.90834215],[3.96485573,50.90834356],[3.96485615,50.90833613]]]}},{"type":"Feature","id":"gebouw/Gebouw.19955271/0","properties":{"source":"Digitaal Vlaanderen Gebouwenregister","source_id":"gebouw/Gebouw.19955271/0","kind":"building","building":"official","height_m":7.35,"status":null},"geometry":{"type":"Polygon","coordinates":[[[3.96403224,50.90857865],[3.96384412,50.90860346],[3.9638357,50.90857795],[3.96384241,50.90857706],[3.96384038,50.9085709],[3.96402178,50.90854697],[3.96403224,50.90857865]]]}},{"type":"Feature","id":"gebouw/Gebouw.19955279/0","properties":{"source":"Digitaal Vlaanderen Gebouwenregister","source_id":"gebouw/Gebouw.19955279/0","kind":"building","building":"official","height_m":8.85,"status":null},"geometry":{"type":"Polygon","coordinates":[[[3.96463187,50.9106629],[3.9646362,50.91058315],[3.96470601,50.91058466],[3.96470168,50.91066442],[3.96463187,50.9106629]]]}},{"type":"Feature","id":"gebouw/Gebouw.19955280/0","properties":{"source":"Digitaal Vlaanderen Gebouwenregister","source_id":"gebouw/Gebouw.19955280/0","kind":"building","building":"official","height_m":5.1,"status":null},"geometry":{"type":"Polygon","coordinates":[[[3.96684611,50.90927783],[3.96684766,50.9092994],[3.96687881,50.9092985],[3.96688071,50.9093249],[3.96692603,50.9093236],[3.96692592,50.90932218],[3.96692715,50.90932214],[3.96692381,50.9092756],[3.96684611,50.90927783]]]}},{"type":"Feature","id":"gebouw/Gebouw.19955281/0","properties":{"source":"Digitaal Vlaanderen Gebouwenregister","source_id":"gebouw/Gebouw.19955281/0","kind":"building","building":"official","height_m":5.85,"status":null},"geometry":{"type":"Polygon","coordinates":[[[3.96625522,50.90998908],[3.96625668,50.90996186],[3.96633076,50.90996345],[3.9663293,50.90999067],[3.96625522,50.90998908]]]}},{"type":"Feature","id":"gebouw/Gebouw.19955282/0","properties":{"source":"Digitaal Vlaanderen Gebouwenregister","source_id":"gebouw/Gebouw.19955282/0","kind":"building","building":"official","height_m":6.6,"status":null},"geometry":{"type":"Polygon","coordinates":[[[3.96643512,50.91015844],[3.96643685,50.91013219],[3.9664901,50.9101336],[3.96648837,50.91015985],[3.96643512,50.91015844]]]}},{"type":"Feature","id":"gebouw/Gebouw.19955283/0","properties":{"source":"Digitaal Vlaanderen Gebouwenregister","source_id":"gebouw/Gebouw.19955283/0","kind":"building","building":"official","height_m":7.35,"status":null},"geometry":{"type":"Polygon","coordinates":[[[3.96640114,50.91059584],[3.96640346,50.91057193],[3.96647607,50.91057475],[3.96647375,50.91059865],[3.96640114,50.91059584]]]}},{"type":"Feature","id":"gebouw/Gebouw.19955305/0","properties":{"source":"Digitaal Vlaanderen Gebouwenregister","source_id":"gebouw/Gebouw.19955305/0","kind":"building","building":"official","height_m":5.85,"status":null},"geometry":{"type":"Polygon","coordinates":[[[3.96283266,50.91415213],[3.96285847,50.91415903],[3.96281062,50.91423121],[3.96277209,50.914221],[3.96279789,50.91418208],[3.96275229,50.91417],[3.96275677,50.91416324],[3.96271629,50.91415251],[3.96273402,50.91412576],[3.96283266,50.91415213]]]}},{"type":"Feature","id":"gebouw/Gebouw.19955328/0","properties":{"source":"Digitaal Vlaanderen Gebouwenregister","source_id":"gebouw/Gebouw.19955328/0","kind":"building","building":"official","height_m":5.1,"status":null},"geometry":{"type":"Polygon","coordinates":[[[3.96781478,50.91442584],[3.96781318,50.91448122],[3.96774845,50.91448057],[3.96775006,50.9144251],[3.96781478,50.91442584]]]}},{"type":"Feature","id":"gebouw/Gebouw.19955329/0","properties":{"source":"Digitaal Vlaanderen Gebouwenregister","source_id":"gebouw/Gebouw.19955329/0","kind":"building","building":"official","height_m":5.85,"status":null},"geometry":{"type":"Polygon","coordinates":[[[3.96915509,50.91439851],[3.96915697,50.91437044],[3.9692162,50.91437203],[3.96921431,50.9144001],[3.96915509,50.91439851]]]}},{"type":"Feature","id":"gebouw/Gebouw.19955348/0","properties":{"source":"Digitaal Vlaanderen Gebouwenregister","source_id":"gebouw/Gebouw.19955348/0","kind":"building","building":"official","height_m":6.6,"status":null},"geometry":{"type":"Polygon","coordinates":[[[3.96836222,50.90875748],[3.96831222,50.90875986],[3.96830837,50.90872752],[3.96835837,50.90872514],[3.96836222,50.90875748]]]}},{"type":"Feature","id":"gebouw/Gebouw.19955349/0","properties":{"source":"Digitaal Vlaanderen Gebouwenregister","source_id":"gebouw/Gebouw.19955349/0","kind":"building","building":"official","height_m":7.35,"status":null},"geometry":{"type":"Polygon","coordinates":[[[3.96884013,50.90877615],[3.96885255,50.90872151],[3.96889956,50.90872673],[3.96889219,50.90875326],[3.96896939,50.90876183],[3.96896166,50.90878964],[3.96884013,50.90877615]]]}},{"type":"Feature","id":"gebouw/Gebouw.19955350/0","properties":{"source":"Digitaal Vlaanderen Gebouwenregister","source_id":"gebouw/Gebouw.19955350/0","kind":"building","building":"official","height_m":8.1,"status":null},"geometry":{"type":"Polygon","coordinates":[[[3.96716834,50.91090135],[3.96710552,50.91089811],[3.96711182,50.9108493],[3.96717464,50.91085254],[3.96716834,50.91090135]]]}},{"type":"Feature","id":"gebouw/Gebouw.19955351/0","properties":{"source":"Digitaal Vlaanderen Gebouwenregister","source_id":"gebouw/Gebouw.19955351/0","kind":"building","building":"official","height_m":8.85,"status":null},"geometry":{"type":"Polygon","coordinates":[[[3.9689364,50.91030079],[3.96893757,50.9102696],[3.96898577,50.91027032],[3.9689846,50.91030151],[3.9689364,50.91030079]]]}},{"type":"Feature","id":"gebouw/Gebouw.19955352/0","properties":{"source":"Digitaal Vlaanderen Gebouwenregister","source_id":"gebouw/Gebouw.19955352/0","kind":"building","building":"official","height_m":5.1,"status":null},"geometry":{"type":"Polygon","coordinates":[[[3.97103524,50.91346119],[3.97103657,50.91344126],[3.97118037,50.9134451],[3.97117904,50.91346503],[3.97103524,50.91346119]]]}},{"type":"Feature","id":"gebouw/Gebouw.19955359/0","properties":{"source":"Digitaal Vlaanderen Gebouwenregister","source_id":"gebouw/Gebouw.19955359/0","kind":"building","building":"official","height_m":5.85,"status":null},"geometry":{"type":"Polygon","coordinates":[[[3.97333381,50.90865274],[3.97333497,50.90865336],[3.97332283,50.90866251],[3.97327929,50.90869535],[3.97326597,50.90868874],[3.97322912,50.90866906],[3.97328556,50.90862682],[3.97333381,50.90865274]]]}},{"type":"Feature","id":"gebouw/Gebouw.19955367/0","properties":{"source":"Digitaal Vlaanderen Gebouwenregister","source_id":"gebouw/Gebouw.19955367/0","kind":"building","building":"official","height_m":7.35,"status":null},"geometry":{"type":"Polygon","coordinates":[[[3.97242932,50.90993965],[3.97242861,50.90995346],[3.97242781,50.9099689],[3.97235913,50.90996749],[3.97235998,50.90995102],[3.97236063,50.90993824],[3.97242932,50.90993965]]]}},{"type":"Feature","id":"gebouw/Gebouw.19955368/0","properties":{"source":"Digitaal Vlaanderen Gebouwenregister","source_id":"gebouw/Gebouw.19955368/0","kind":"building","building":"official","height_m":8.1,"status":null},"geometry":{"type":"Polygon","coordinates":[[[3.97330184,50.90983626],[3.97322938,50.90979016],[3.97334966,50.90979305],[3.97334749,50.90983782],[3.97330184,50.90983626]]]}},{"type":"Feature","id":"gebouw/Gebouw.19955369/0","properties":{"source":"Digitaal Vlaanderen Gebouwenregister","source_id":"gebouw/Gebouw.19955369/0","kind":"building","building":"official","height_m":8.85,"status":null},"geometry":{"type":"Polygon","coordinates":[[[3.97329272,50.91164162],[3.97328377,50.91159048],[3.97334835,50.91159034],[3.97335629,50.91163952],[3.97329272,50.91164162]]]}},{"type":"Feature","id":"gebouw/Gebouw.19956193/0","properties":{"source":"Digitaal Vlaanderen Gebouwenregister","source_id":"gebouw/Gebouw.19956193/0","kind":"building","building":"official","height_m":5.85,"status":null},"geometry":{"type":"Polygon","coordinates":[[[3.97288935,50.90845446],[3.97287448,50.90847031],[3.97283672,50.90851057],[3.97289793,50.90853367],[3.97292388,50.9085073],[3.97289712,50.9084972],[3.97292483,50.90846785],[3.97288935,50.90845446]]]}},{"type":"Feature","id":"gebouw/Gebouw.19956194/0","properties":{"source":"Digitaal Vlaanderen Gebouwenregister","source_id":"gebouw/Gebouw.19956194/0","kind":"building","building":"official","height_m":6.6,"status":null},"geometry":{"type":"Polygon","coordinates":[[[3.97291086,50.90864373],[3.97283633,50.90872269],[3.97278746,50.90870422],[3.97278828,50.90870337],[3.97278536,50.90870226],[3.97272184,50.90867832],[3.97269595,50.90866856],[3.97269522,50.90866933],[3.97268977,50.90866727],[3.97278988,50.90856052],[3.97289199,50.90859905],[3.97286585,50.90862675],[3.97291086,50.90864373]]]}},{"type":"Feature","id":"gebouw/Gebouw.19956272/0","properties":{"source":"Digitaal Vlaanderen Gebouwenregister","source_id":"gebouw/Gebouw.19956272/0","kind":"building","building":"official","height_m":6.6,"status":null},"geometry":{"type":"Polygon","coordinates":[[[3.97193952,50.91035737],[3.97194374,50.91031752],[3.97199378,50.91031964],[3.97198955,50.91035949],[3.97193952,50.91035737]]]}},{"type":"Feature","id":"gebouw/Gebouw.19956328/0","properties":{"source":"Digitaal Vlaanderen Gebouwenregister","source_id":"gebouw/Gebouw.19956328/0","kind":"building","building":"official","height_m":8.1,"status":null},"geometry":{"type":"Polygon","coordinates":[[[3.96432546,50.90852468],[3.964241,50.90853696],[3.96423775,50.90852801],[3.96416718,50.90853827],[3.96412834,50.90843145],[3.9641977,50.90842137],[3.96419333,50.90840934],[3.96427899,50.90839689],[3.96432546,50.90852468]]]}},{"type":"Feature","id":"gebouw/Gebouw.20001590/0","properties":{"source":"Digitaal Vlaanderen Gebouwenregister","source_id":"gebouw/Gebouw.20001590/0","kind":"building","building":"official","height_m":6.6,"status":null},"geometry":{"type":"Polygon","coordinates":[[[3.96674054,50.90857143],[3.9666136,50.9085703],[3.96661515,50.90849335],[3.96674233,50.90849658],[3.96674054,50.90857143]]]}},{"type":"Feature","id":"gebouw/Gebouw.20081442/0","properties":{"source":"Digitaal Vlaanderen Gebouwenregister","source_id":"gebouw/Gebouw.20081442/0","kind":"building","building":"official","height_m":5.1,"status":null},"geometry":{"type":"Polygon","coordinates":[[[3.96674054,50.90857143],[3.9666136,50.9085703],[3.96661515,50.90849335],[3.96674233,50.90849658],[3.96674054,50.90857143]]]}},{"type":"Feature","id":"gebouw/Gebouw.20723753/0","properties":{"source":"Digitaal Vlaanderen Gebouwenregister","source_id":"gebouw/Gebouw.20723753/0","kind":"building","building":"official","height_m":8.85,"status":null},"geometry":{"type":"Polygon","coordinates":[[[3.97177143,50.91118916],[3.97175808,50.91127859],[3.97151779,50.91126388],[3.97153148,50.91117448],[3.97177143,50.91118916]]]}},{"type":"Feature","id":"gebouw/Gebouw.20723756/0","properties":{"source":"Digitaal Vlaanderen Gebouwenregister","source_id":"gebouw/Gebouw.20723756/0","kind":"building","building":"official","height_m":6.6,"status":null},"geometry":{"type":"Polygon","coordinates":[[[3.97219355,50.91178335],[3.9720664,50.91178246],[3.97206623,50.91179206],[3.97206592,50.91180962],[3.97198112,50.91180902],[3.97197991,50.91187745],[3.97219186,50.91187893],[3.97219355,50.91178335]]]}},{"type":"Feature","id":"gebouw/Gebouw.20723818/0","properties":{"source":"Digitaal Vlaanderen Gebouwenregister","source_id":"gebouw/Gebouw.20723818/0","kind":"building","building":"official","height_m":8.1,"status":null},"geometry":{"type":"Polygon","coordinates":[[[3.97142543,50.91443366],[3.97141526,50.91443306],[3.97126753,50.91442448],[3.97126754,50.91442442],[3.97127141,50.91439865],[3.97128858,50.91439968],[3.97129077,50.91438535],[3.97129683,50.91434572],[3.97129699,50.91434469],[3.9713163,50.91434587],[3.97143771,50.91435328],[3.97143714,50.91435704],[3.97142543,50.91443366]]]}},{"type":"Feature","id":"gebouw/Gebouw.20802072/0","properties":{"source":"Digitaal Vlaanderen Gebouwenregister","source_id":"gebouw/Gebouw.20802072/0","kind":"building","building":"official","height_m":5.1,"status":null},"geometry":{"type":"Polygon","coordinates":[[[3.972675,50.91028566],[3.97259843,50.91028286],[3.97260414,50.91022044],[3.97268071,50.91022324],[3.972675,50.91028566]]]}},{"type":"Feature","id":"gebouw/Gebouw.20802073/0","properties":{"source":"Digitaal Vlaanderen Gebouwenregister","source_id":"gebouw/Gebouw.20802073/0","kind":"building","building":"official","height_m":5.85,"status":null},"geometry":{"type":"Polygon","coordinates":[[[3.9714986,50.90844661],[3.97152605,50.90837431],[3.97157761,50.90838214],[3.97155016,50.90845444],[3.9714986,50.90844661]]]}},{"type":"Feature","id":"gebouw/Gebouw.20802135/0","properties":{"source":"Digitaal Vlaanderen Gebouwenregister","source_id":"gebouw/Gebouw.20802135/0","kind":"building","building":"official","height_m":7.35,"status":null},"geometry":{"type":"Polygon","coordinates":[[[3.96898727,50.91009047],[3.96901196,50.91009135],[3.96900603,50.91015852],[3.96898087,50.91015764],[3.96895723,50.9101568],[3.96896316,50.91008962],[3.96898727,50.91009047]]]}},{"type":"Feature","id":"gebouw/Gebouw.20802136/0","properties":{"source":"Digitaal Vlaanderen Gebouwenregister","source_id":"gebouw/Gebouw.20802136/0","kind":"building","building":"official","height_m":8.1,"status":null},"geometry":{"type":"Polygon","coordinates":[[[3.9674351,50.90899606],[3.96740495,50.90899685],[3.96740204,50.90895291],[3.96743219,50.90895211],[3.9674351,50.90899606]]]}},{"type":"Feature","id":"gebouw/Gebouw.20802137/0","properties":{"source":"Digitaal Vlaanderen Gebouwenregister","source_id":"gebouw/Gebouw.20802137/0","kind":"building","building":"official","height_m":8.85,"status":null},"geometry":{"type":"Polygon","coordinates":[[[3.96418689,50.90886525],[3.96423265,50.90886319],[3.96423579,50.90889126],[3.96419004,50.90889332],[3.96418689,50.90886525]]]}},{"type":"Feature","id":"gebouw/Gebouw.20802147/0","properties":{"source":"Digitaal Vlaanderen Gebouwenregister","source_id":"gebouw/Gebouw.20802147/0","kind":"building","building":"official","height_m":7.35,"status":null},"geometry":{"type":"Polygon","coordinates":[[[3.96673926,50.90844994],[3.96669086,50.90844914],[3.96669302,50.90839664],[3.96674142,50.90839744],[3.96673926,50.90844994]]]}},{"type":"Feature","id":"gebouw/Gebouw.20802330/0","properties":{"source":"Digitaal Vlaanderen Gebouwenregister","source_id":"gebouw/Gebouw.20802330/0","kind":"building","building":"official","height_m":5.1,"status":null},"geometry":{"type":"Polygon","coordinates":[[[3.9646283,50.91003555],[3.96464833,50.90994721],[3.96470956,50.90995275],[3.96469697,50.91000827],[3.96468394,50.91000709],[3.9646765,50.91003991],[3.9646283,50.91003555]]]}},{"type":"Feature","id":"gebouw/Gebouw.20803241/0","properties":{"source":"Digitaal Vlaanderen Gebouwenregister","source_id":"gebouw/Gebouw.20803241/0","kind":"building","building":"official","height_m":8.85,"status":null},"geometry":{"type":"Polygon","coordinates":[[[3.97039015,50.90842171],[3.97048642,50.90842436],[3.97048547,50.90843602],[3.970538,50.90843774],[3.9705299,50.90853692],[3.97038311,50.90853321],[3.97039015,50.90842171]]]}},{"type":"Feature","id":"gebouw/Gebouw.20803243/0","properties":{"source":"Digitaal Vlaanderen Gebouwenregister","source_id":"gebouw/Gebouw.20803243/0","kind":"building","building":"official","height_m":5.85,"status":null},"geometry":{"type":"Polygon","coordinates":[[[3.97033341,50.9086505],[3.97027634,50.90864702],[3.97026042,50.9087205],[3.97026662,50.90872067],[3.97033397,50.9087225],[3.97033341,50.9086505]]]}},{"type":"Feature","id":"gebouw/Gebouw.20805455/0","properties":{"source":"Digitaal Vlaanderen Gebouwenregister","source_id":"gebouw/Gebouw.20805455/0","kind":"building","building":"official","height_m":8.85,"status":null},"geometry":{"type":"Polygon","coordinates":[[[3.96674054,50.90857143],[3.9666136,50.9085703],[3.96661515,50.90849335],[3.96674233,50.90849658],[3.96674054,50.90857143]]]}},{"type":"Feature","id":"gebouw/Gebouw.30647212/0","properties":{"source":"Digitaal Vlaanderen Gebouwenregister","source_id":"gebouw/Gebouw.30647212/0","kind":"building","building":"official","height_m":8.1,"status":null},"geometry":{"type":"Polygon","coordinates":[[[3.96432546,50.90852468],[3.964241,50.90853696],[3.96423775,50.90852801],[3.96416718,50.90853827],[3.96412834,50.90843145],[3.9641977,50.90842137],[3.96419333,50.90840934],[3.96427899,50.90839689],[3.96432546,50.90852468]]]}},{"type":"Feature","id":"gebouw/Gebouw.30651680/0","properties":{"source":"Digitaal Vlaanderen Gebouwenregister","source_id":"gebouw/Gebouw.30651680/0","kind":"building","building":"official","height_m":6.6,"status":null},"geometry":{"type":"Polygon","coordinates":[[[3.96431252,50.90852672],[3.964241,50.90853696],[3.96423775,50.90852801],[3.96416718,50.90853827],[3.96412834,50.90843145],[3.9641977,50.90842137],[3.96419333,50.90840934],[3.96421796,50.90840567],[3.96422259,50.9084184],[3.96428353,50.90840954],[3.9642986,50.90845039],[3.96428493,50.9084524],[3.96431252,50.90852672]]]}},{"type":"Feature","id":"gebouw/Gebouw.30883280/0","properties":{"source":"Digitaal Vlaanderen Gebouwenregister","source_id":"gebouw/Gebouw.30883280/0","kind":"building","building":"official","height_m":6.6,"status":null},"geometry":{"type":"Polygon","coordinates":[[[3.96827198,50.90850639],[3.9682732,50.9085255],[3.96818376,50.90852779],[3.96818254,50.90850868],[3.96827198,50.90850639]]]}},{"type":"Feature","id":"gebouw/Gebouw.30883295/0","properties":{"source":"Digitaal Vlaanderen Gebouwenregister","source_id":"gebouw/Gebouw.30883295/0","kind":"building","building":"official","height_m":8.85,"status":null},"geometry":{"type":"Polygon","coordinates":[[[3.97076344,50.91331793],[3.97081779,50.91328889],[3.97087436,50.91333121],[3.97082001,50.91336025],[3.97076344,50.91331793]]]}},{"type":"Feature","id":"gebouw/Gebouw.30956171/0","properties":{"source":"Digitaal Vlaanderen Gebouwenregister","source_id":"gebouw/Gebouw.30956171/0","kind":"building","building":"official","height_m":8.85,"status":null},"geometry":{"type":"Polygon","coordinates":[[[3.97126753,50.91442448],[3.97141526,50.91443306],[3.97142543,50.91443366],[3.97148207,50.91443697],[3.97147093,50.91451691],[3.97140204,50.91451307],[3.97126127,50.91450523],[3.97127134,50.9144278],[3.97126295,50.91442749],[3.97126338,50.91442435],[3.97126753,50.91442448]]]}},{"type":"Feature","id":"gebouw/Gebouw.31075279/0","properties":{"source":"Digitaal Vlaanderen Gebouwenregister","source_id":"gebouw/Gebouw.31075279/0","kind":"building","building":"official","height_m":5.85,"status":null},"geometry":{"type":"Polygon","coordinates":[[[3.9725536,50.9145011],[3.97276292,50.91452481],[3.97274291,50.91459538],[3.97270599,50.914591],[3.97270232,50.91460397],[3.97264223,50.91459732],[3.97264053,50.91460266],[3.97259446,50.91459758],[3.97252832,50.91459029],[3.9725536,50.9145011]]]}},{"type":"Feature","id":"gebouw/Gebouw.31075300/0","properties":{"source":"Digitaal Vlaanderen Gebouwenregister","source_id":"gebouw/Gebouw.31075300/0","kind":"building","building":"official","height_m":8.1,"status":null},"geometry":{"type":"Polygon","coordinates":[[[3.96815519,50.91002227],[3.96819598,50.91002147],[3.96819779,50.91005836],[3.96815699,50.91005916],[3.96815519,50.91002227]]]}},{"type":"Feature","id":"gebouw/Gebouw.31090044/0","properties":{"source":"Digitaal Vlaanderen Gebouwenregister","source_id":"gebouw/Gebouw.31090044/0","kind":"building","building":"official","height_m":5.1,"status":null},"geometry":{"type":"Polygon","coordinates":[[[3.96711921,50.90917908],[3.96709938,50.90915754],[3.9672454,50.90910382],[3.96726543,50.90912529],[3.96711921,50.90917908]]]}},{"type":"Feature","id":"gebouw/Gebouw.31326806/0","properties":{"source":"Digitaal Vlaanderen Gebouwenregister","source_id":"gebouw/Gebouw.31326806/0","kind":"building","building":"official","height_m":6.6,"status":null},"geometry":{"type":"Polygon","coordinates":[[[3.96810212,50.91431114],[3.96810424,50.91426611],[3.9682279,50.91426843],[3.96822578,50.91431346],[3.96810212,50.91431114]]]}},{"type":"Feature","id":"gebouw/Gebouw.31394485/0","properties":{"source":"Digitaal Vlaanderen Gebouwenregister","source_id":"gebouw/Gebouw.31394485/0","kind":"building","building":"official","height_m":5.85,"status":null},"geometry":{"type":"Polygon","coordinates":[[[3.9719411,50.90845413],[3.97183727,50.908436],[3.97181515,50.90848661],[3.97177414,50.90847945],[3.97176229,50.90850658],[3.97180297,50.90851369],[3.97179932,50.90852204],[3.97190356,50.90854024],[3.9719411,50.90845413]]]}},{"type":"Feature","id":"gebouw/Gebouw.31394582/0","properties":{"source":"Digitaal Vlaanderen Gebouwenregister","source_id":"gebouw/Gebouw.31394582/0","kind":"building","building":"official","height_m":6.6,"status":null},"geometry":{"type":"Polygon","coordinates":[[[3.9719411,50.90845413],[3.97204344,50.908472],[3.97200616,50.90855815],[3.97190356,50.90854024],[3.9719411,50.90845413]]]}},{"type":"Feature","id":"gebouw/Gebouw.31394625/0","properties":{"source":"Digitaal Vlaanderen Gebouwenregister","source_id":"gebouw/Gebouw.31394625/0","kind":"building","building":"official","height_m":7.35,"status":null},"geometry":{"type":"Polygon","coordinates":[[[3.97202495,50.90859829],[3.97201209,50.90862979],[3.97199935,50.90866098],[3.9719627,50.908655],[3.97197559,50.90862343],[3.97198837,50.90859211],[3.97202495,50.90859829]]]}},{"type":"Feature","id":"gebouw/Gebouw.31429716/0","properties":{"source":"Digitaal Vlaanderen Gebouwenregister","source_id":"gebouw/Gebouw.31429716/0","kind":"building","building":"official","height_m":5.1,"status":null},"geometry":{"type":"Polygon","coordinates":[[[3.97215195,50.9086865],[3.97209019,50.90867611],[3.97201327,50.9086633],[3.97198519,50.90872861],[3.97212478,50.90875264],[3.97215195,50.9086865]]]}},{"type":"Feature","id":"gebouw/Gebouw.31530784/0","properties":{"source":"Digitaal Vlaanderen Gebouwenregister","source_id":"gebouw/Gebouw.31530784/0","kind":"building","building":"official","height_m":8.1,"status":null},"geometry":{"type":"Polygon","coordinates":[[[3.9660141,50.90982266],[3.96598302,50.90982146],[3.96598187,50.90983358],[3.96601294,50.90983477],[3.9660141,50.90982266]]]}},{"type":"Feature","id":"gebouw/Gebouw.31535480/0","properties":{"source":"Digitaal Vlaanderen Gebouwenregister","source_id":"gebouw/Gebouw.31535480/0","kind":"building","building":"official","height_m":6.6,"status":null},"geometry":{"type":"Polygon","coordinates":[[[3.9719809,50.90994105],[3.97193494,50.90993986],[3.97193422,50.90995017],[3.9719341,50.90995179],[3.97195576,50.90995235],[3.97198006,50.90995297],[3.9719809,50.90994105]]]}},{"type":"Feature","id":"gebouw/Gebouw.31541588/0","properties":{"source":"Digitaal Vlaanderen Gebouwenregister","source_id":"gebouw/Gebouw.31541588/0","kind":"building","building":"official","height_m":6.6,"status":null},"geometry":{"type":"Polygon","coordinates":[[[3.97191614,50.90987936],[3.97196963,50.90988153],[3.97197144,50.90986365],[3.97191796,50.90986148],[3.97191614,50.90987936]]]}},{"type":"Feature","id":"gebouw/Gebouw.31546631/0","properties":{"source":"Digitaal Vlaanderen Gebouwenregister","source_id":"gebouw/Gebouw.31546631/0","kind":"building","building":"official","height_m":8.85,"status":null},"geometry":{"type":"Polygon","coordinates":[[[3.96795413,50.90977925],[3.96789982,50.90977724],[3.96789816,50.9097952],[3.96795247,50.90979721],[3.96795413,50.90977925]]]}},{"type":"Feature","id":"gebouw/Gebouw.31629378/0","properties":{"source":"Digitaal Vlaanderen Gebouwenregister","source_id":"gebouw/Gebouw.31629378/0","kind":"building","building":"official","height_m":5.1,"status":null},"geometry":{"type":"Polygon","coordinates":[[[3.97134394,50.91467247],[3.97146951,50.91467777],[3.97147443,50.91463109],[3.97134887,50.9146258],[3.97134394,50.91467247]]]}},{"type":"Feature","id":"gebouw/Gebouw.31652084/0","properties":{"source":"Digitaal Vlaanderen Gebouwenregister","source_id":"gebouw/Gebouw.31652084/0","kind":"building","building":"official","height_m":6.6,"status":null},"geometry":{"type":"Polygon","coordinates":[[[3.97188933,50.91469399],[3.9720559,50.91470413],[3.97207587,50.91457307],[3.9719093,50.91456293],[3.97188933,50.91469399]]]}},{"type":"Feature","id":"gebouw/Gebouw.31652085/0","properties":{"source":"Digitaal Vlaanderen Gebouwenregister","source_id":"gebouw/Gebouw.31652085/0","kind":"building","building":"official","height_m":7.35,"status":null},"geometry":{"type":"Polygon","coordinates":[[[3.97269842,50.91475458],[3.97270721,50.91472014],[3.97269331,50.91471872],[3.97270767,50.91466962],[3.97272152,50.91467121],[3.97272307,50.91466584],[3.97251121,50.91464329],[3.97248765,50.91473326],[3.97261394,50.91474648],[3.97269842,50.91475458]]]}},{"type":"Feature","id":"gebouw/Gebouw.31696918/0","properties":{"source":"Digitaal Vlaanderen Gebouwenregister","source_id":"gebouw/Gebouw.31696918/0","kind":"building","building":"official","height_m":8.1,"status":null},"geometry":{"type":"Polygon","coordinates":[[[3.96719563,50.9088314],[3.96695038,50.9088272],[3.96695225,50.90878356],[3.9669355,50.90878328],[3.96693593,50.90877099],[3.96692014,50.90877075],[3.96692302,50.90869959],[3.9669565,50.90869914],[3.96695623,50.90869075],[3.96714615,50.90869401],[3.96714544,50.90871049],[3.96710424,50.90870978],[3.96710284,50.90874235],[3.96719938,50.90874401],[3.96719563,50.9088314]]]}},{"type":"Feature","id":"gebouw/Gebouw.31697180/0","properties":{"source":"Digitaal Vlaanderen Gebouwenregister","source_id":"gebouw/Gebouw.31697180/0","kind":"building","building":"official","height_m":6.6,"status":null},"geometry":{"type":"Polygon","coordinates":[[[3.97090463,50.91400058],[3.97071215,50.9139991],[3.97071102,50.91405783],[3.97071093,50.91406219],[3.97090341,50.91406367],[3.97090345,50.91406171],[3.97090463,50.91400058]]]}},{"type":"Feature","id":"gebouw/Gebouw.31697269/0","properties":{"source":"Digitaal Vlaanderen Gebouwenregister","source_id":"gebouw/Gebouw.31697269/0","kind":"building","building":"official","height_m":5.85,"status":null},"geometry":{"type":"Polygon","coordinates":[[[3.96688835,50.91071484],[3.96693855,50.91071566],[3.96699932,50.91057772],[3.96703138,50.91057865],[3.96702812,50.91059581],[3.96710518,50.910601],[3.96711564,50.910539],[3.96703136,50.91053367],[3.96703696,50.91050774],[3.96694982,50.91050023],[3.96694782,50.91055446],[3.96688037,50.910549],[3.96690072,50.91049485],[3.96678476,50.91048609],[3.966759,50.91057124],[3.96684409,50.9105856],[3.96683337,50.91063616],[3.96674527,50.91063902],[3.96673655,50.91071058],[3.96688835,50.91071484]]]}},{"type":"Feature","id":"gebouw/Gebouw.31701726/0","properties":{"source":"Digitaal Vlaanderen Gebouwenregister","source_id":"gebouw/Gebouw.31701726/0","kind":"building","building":"official","height_m":5.1,"status":null},"geometry":{"type":"Polygon","coordinates":[[[3.97193662,50.91194884],[3.97213654,50.91195288],[3.97213972,50.91189006],[3.9719398,50.91188601],[3.97193662,50.91194884]]]}},{"type":"Feature","id":"gebouw/Gebouw.31704831/0","properties":{"source":"Digitaal Vlaanderen Gebouwenregister","source_id":"gebouw/Gebouw.31704831/0","kind":"building","building":"official","height_m":7.35,"status":null},"geometry":{"type":"Polygon","coordinates":[[[3.96751134,50.90906576],[3.96741239,50.90906544],[3.96743311,50.90911229],[3.96744406,50.90913702],[3.96747625,50.90913744],[3.96748707,50.90913758],[3.96751076,50.90913788],[3.96751134,50.90906576]]]}},{"type":"Feature","id":"gebouw/Gebouw.31813661/0","properties":{"source":"Digitaal Vlaanderen Gebouwenregister","source_id":"gebouw/Gebouw.31813661/0","kind":"building","building":"official","height_m":8.85,"status":null},"geometry":{"type":"Polygon","coordinates":[[[3.97204773,50.91348349],[3.97203331,50.91357281],[3.97217065,50.91358356],[3.97219065,50.91349359],[3.97204773,50.91348349]]]}},{"type":"Feature","id":"gebouw/Gebouw.31844504/0","properties":{"source":"Digitaal Vlaanderen Gebouwenregister","source_id":"gebouw/Gebouw.31844504/0","kind":"building","building":"official","height_m":6.6,"status":null},"geometry":{"type":"Polygon","coordinates":[[[3.97103483,50.91346184],[3.97117849,50.91346566],[3.97117987,50.91344494],[3.97103621,50.91344112],[3.97103483,50.91346184]]]}},{"type":"Feature","id":"gebouw/Gebouw.31844539/0","properties":{"source":"Digitaal Vlaanderen Gebouwenregister","source_id":"gebouw/Gebouw.31844539/0","kind":"building","building":"official","height_m":5.85,"status":null},"geometry":{"type":"Polygon","coordinates":[[[3.97151524,50.91048999],[3.9714133,50.9104849],[3.97141292,50.91049048],[3.9714114,50.91051295],[3.97151175,50.91051795],[3.97151524,50.91048999]]]}},{"type":"Feature","id":"gebouw/Gebouw.31844665/0","properties":{"source":"Digitaal Vlaanderen Gebouwenregister","source_id":"gebouw/Gebouw.31844665/0","kind":"building","building":"official","height_m":5.85,"status":null},"geometry":{"type":"Polygon","coordinates":[[[3.96818635,50.91011182],[3.96824644,50.91011122],[3.96824571,50.91008202],[3.96818562,50.91008262],[3.96818635,50.91011182]]]}},{"type":"Feature","id":"gebouw/Gebouw.31844717/0","properties":{"source":"Digitaal Vlaanderen Gebouwenregister","source_id":"gebouw/Gebouw.31844717/0","kind":"building","building":"official","height_m":8.85,"status":null},"geometry":{"type":"Polygon","coordinates":[[[3.96641776,50.91018909],[3.96649405,50.91019118],[3.96649576,50.91016621],[3.96641947,50.91016412],[3.96641776,50.91018909]]]}},{"type":"Feature","id":"gebouw/Gebouw.31844754/0","properties":{"source":"Digitaal Vlaanderen Gebouwenregister","source_id":"gebouw/Gebouw.31844754/0","kind":"building","building":"official","height_m":5.1,"status":null},"geometry":{"type":"Polygon","coordinates":[[[3.96655294,50.9106226],[3.96655562,50.91057851],[3.96650681,50.91057732],[3.96650413,50.91062141],[3.96655294,50.9106226]]]}},{"type":"Feature","id":"gebouw/Gebouw.31844802/0","properties":{"source":"Digitaal Vlaanderen Gebouwenregister","source_id":"gebouw/Gebouw.31844802/0","kind":"building","building":"official","height_m":5.1,"status":null},"geometry":{"type":"Polygon","coordinates":[[[3.97152455,50.90837294],[3.97149736,50.90844835],[3.97154901,50.9084558],[3.9715762,50.90838039],[3.97152455,50.90837294]]]}},{"type":"Feature","id":"gebouw/Gebouw.31844807/0","properties":{"source":"Digitaal Vlaanderen Gebouwenregister","source_id":"gebouw/Gebouw.31844807/0","kind":"building","building":"official","height_m":8.85,"status":null},"geometry":{"type":"Polygon","coordinates":[[[3.96638584,50.91016826],[3.96638856,50.91013024],[3.96634112,50.91012889],[3.9663384,50.91016691],[3.96638584,50.91016826]]]}},{"type":"Feature","id":"gebouw/Gebouw.31844840/0","properties":{"source":"Digitaal Vlaanderen Gebouwenregister","source_id":"gebouw/Gebouw.31844840/0","kind":"building","building":"official","height_m":6.6,"status":null},"geometry":{"type":"Polygon","coordinates":[[[3.97239049,50.91460317],[3.97240629,50.91454933],[3.97234985,50.91454271],[3.97233406,50.91459655],[3.97239049,50.91460317]]]}},{"type":"Feature","id":"gebouw/Gebouw.31844898/0","properties":{"source":"Digitaal Vlaanderen Gebouwenregister","source_id":"gebouw/Gebouw.31844898/0","kind":"building","building":"official","height_m":5.1,"status":null},"geometry":{"type":"Polygon","coordinates":[[[3.9669175,50.90903404],[3.96691843,50.9090158],[3.96691598,50.90901575],[3.96691793,50.90897769],[3.96688495,50.90897702],[3.96688443,50.90898728],[3.96684918,50.90898656],[3.96684745,50.90902043],[3.96685187,50.90902052],[3.96685126,50.90903229],[3.96685101,50.90903714],[3.96685097,50.90903801],[3.96691722,50.90903937],[3.96691725,50.90903887],[3.9669175,50.90903404]]]}},{"type":"Feature","id":"gebouw/Gebouw.31845031/0","properties":{"source":"Digitaal Vlaanderen Gebouwenregister","source_id":"gebouw/Gebouw.31845031/0","kind":"building","building":"official","height_m":5.85,"status":null},"geometry":{"type":"Polygon","coordinates":[[[3.97036409,50.91419773],[3.97027176,50.91419558],[3.97026977,50.91422964],[3.9703621,50.91423179],[3.97036409,50.91419773]]]}},{"type":"Feature","id":"gebouw/Gebouw.31845034/0","properties":{"source":"Digitaal Vlaanderen Gebouwenregister","source_id":"gebouw/Gebouw.31845034/0","kind":"building","building":"official","height_m":8.1,"status":null},"geometry":{"type":"Polygon","coordinates":[[[3.97268235,50.91153115],[3.97274789,50.91153234],[3.97274936,50.91149998],[3.97268383,50.91149878],[3.97268235,50.91153115]]]}},{"type":"Feature","id":"gebouw/Gebouw.31845037/0","properties":{"source":"Digitaal Vlaanderen Gebouwenregister","source_id":"gebouw/Gebouw.31845037/0","kind":"building","building":"official","height_m":5.85,"status":null},"geometry":{"type":"Polygon","coordinates":[[[3.97181765,50.91327772],[3.97181482,50.91330749],[3.97190065,50.91331074],[3.97190348,50.91328098],[3.97181765,50.91327772]]]}},{"type":"Feature","id":"gebouw/Gebouw.31845061/0","properties":{"source":"Digitaal Vlaanderen Gebouwenregister","source_id":"gebouw/Gebouw.31845061/0","kind":"building","building":"official","height_m":5.85,"status":null},"geometry":{"type":"Polygon","coordinates":[[[3.97173876,50.91435135],[3.97173314,50.91438861],[3.97177867,50.91439135],[3.97178429,50.91435409],[3.97173876,50.91435135]]]}},{"type":"Feature","id":"gebouw/Gebouw.31845172/0","properties":{"source":"Digitaal Vlaanderen Gebouwenregister","source_id":"gebouw/Gebouw.31845172/0","kind":"building","building":"official","height_m":8.1,"status":null},"geometry":{"type":"Polygon","coordinates":[[[3.97093092,50.9086821],[3.97089909,50.90867663],[3.97088655,50.90870563],[3.97093328,50.9087137],[3.97094584,50.90868466],[3.97093092,50.9086821]]]}},{"type":"Feature","id":"gebouw/Gebouw.31845180/0","properties":{"source":"Digitaal Vlaanderen Gebouwenregister","source_id":"gebouw/Gebouw.31845180/0","kind":"building","building":"official","height_m":5.1,"status":null},"geometry":{"type":"Polygon","coordinates":[[[3.96570113,50.90961633],[3.96569996,50.90966554],[3.96575722,50.90966608],[3.96575839,50.90961688],[3.96570113,50.90961633]]]}},{"type":"Feature","id":"gebouw/Gebouw.31845190/0","properties":{"source":"Digitaal Vlaanderen Gebouwenregister","source_id":"gebouw/Gebouw.31845190/0","kind":"building","building":"official","height_m":8.1,"status":null},"geometry":{"type":"Polygon","coordinates":[[[3.96611637,50.90911427],[3.96606527,50.90911449],[3.96606559,50.9091446],[3.96611669,50.90914438],[3.96611637,50.90911427]]]}},{"type":"Feature","id":"gebouw/Gebouw.31845260/0","properties":{"source":"Digitaal Vlaanderen Gebouwenregister","source_id":"gebouw/Gebouw.31845260/0","kind":"building","building":"official","height_m":6.6,"status":null},"geometry":{"type":"Polygon","coordinates":[[[3.97113505,50.90930725],[3.97112815,50.90936021],[3.97117932,50.90936288],[3.97118622,50.90930991],[3.97113505,50.90930725]]]}},{"type":"Feature","id":"gebouw/Gebouw.31845361/0","properties":{"source":"Digitaal Vlaanderen Gebouwenregister","source_id":"gebouw/Gebouw.31845361/0","kind":"building","building":"official","height_m":5.85,"status":null},"geometry":{"type":"Polygon","coordinates":[[[3.96949959,50.91490895],[3.96950017,50.91487647],[3.96943365,50.914876],[3.96943306,50.91490847],[3.96949959,50.91490895]]]}},{"type":"Feature","id":"gebouw/Gebouw.31845395/0","properties":{"source":"Digitaal Vlaanderen Gebouwenregister","source_id":"gebouw/Gebouw.31845395/0","kind":"building","building":"official","height_m":8.85,"status":null},"geometry":{"type":"Polygon","coordinates":[[[3.96865397,50.91418728],[3.9686503,50.91427238],[3.96871253,50.91427345],[3.9687162,50.91418835],[3.96865397,50.91418728]]]}},{"type":"Feature","id":"gebouw/Gebouw.31845542/0","properties":{"source":"Digitaal Vlaanderen Gebouwenregister","source_id":"gebouw/Gebouw.31845542/0","kind":"building","building":"official","height_m":6.6,"status":null},"geometry":{"type":"Polygon","coordinates":[[[3.97313995,50.91099096],[3.97314209,50.91102158],[3.97318904,50.91102026],[3.97318689,50.91098964],[3.97313995,50.91099096]]]}},{"type":"Feature","id":"gebouw/Gebouw.31845551/0","properties":{"source":"Digitaal Vlaanderen Gebouwenregister","source_id":"gebouw/Gebouw.31845551/0","kind":"building","building":"official","height_m":8.85,"status":null},"geometry":{"type":"Polygon","coordinates":[[[3.97198481,50.90990091],[3.97192524,50.90989875],[3.97192311,50.90992224],[3.97198268,50.90992441],[3.97198481,50.90990091]]]}},{"type":"Feature","id":"gebouw/Gebouw.32032206/0","properties":{"source":"Digitaal Vlaanderen Gebouwenregister","source_id":"gebouw/Gebouw.32032206/0","kind":"building","building":"official","height_m":5.1,"status":null},"geometry":{"type":"Polygon","coordinates":[[[3.96527919,50.90884617],[3.96522457,50.90884594],[3.96522431,50.90887009],[3.96527893,50.90887032],[3.96527919,50.90884617]]]}},{"type":"Feature","id":"gebouw/Gebouw.32032338/0","properties":{"source":"Digitaal Vlaanderen Gebouwenregister","source_id":"gebouw/Gebouw.32032338/0","kind":"building","building":"official","height_m":5.1,"status":null},"geometry":{"type":"Polygon","coordinates":[[[3.97228533,50.91474433],[3.97235426,50.9147534],[3.97236427,50.914723],[3.97229534,50.91471393],[3.97228533,50.91474433]]]}},{"type":"Feature","id":"gebouw/Gebouw.32034775/0","properties":{"source":"Digitaal Vlaanderen Gebouwenregister","source_id":"gebouw/Gebouw.32034775/0","kind":"building","building":"official","height_m":5.85,"status":null},"geometry":{"type":"Polygon","coordinates":[[[3.97306225,50.9110966],[3.97296639,50.91109636],[3.97296628,50.91111642],[3.97306214,50.91111662],[3.97306224,50.91109671],[3.97306225,50.9110966]]]}},{"type":"Feature","id":"way/159339249","properties":{"source":"OpenStreetMap","source_id":"way/159339249","kind":"water","name":null},"geometry":{"type":"Polygon","coordinates":[[[3.9627763,50.9127294],[3.9630046,50.9127507],[3.9630268,50.9127293],[3.9631866,50.9125754],[3.9631912,50.9125173],[3.9632593,50.9117481],[3.9632302,50.9117121],[3.9631274,50.9117096],[3.9630334,50.9117137],[3.9629692,50.9117263],[3.9629181,50.9117894],[3.9627527,50.9126966],[3.9627763,50.9127294]]]}},{"type":"Feature","id":"way/163111257","properties":{"source":"OpenStreetMap","source_id":"way/163111257","kind":"vegetation","landuse":"forest","natural":null,"name":null},"geometry":{"type":"Polygon","coordinates":[[[3.9701385,50.9103173],[3.9703054,50.9103264],[3.9702978,50.9104339],[3.9701338,50.9104303],[3.9701385,50.9103173]]]}},{"type":"Feature","id":"way/163111271","properties":{"source":"OpenStreetMap","source_id":"way/163111271","kind":"vegetation","landuse":"forest","natural":null,"name":null},"geometry":{"type":"Polygon","coordinates":[[[3.9686974,50.9119411],[3.9687007,50.9118457],[3.9699922,50.9119218],[3.9699952,50.9116383],[3.9691695,50.9116075],[3.9691743,50.9115281],[3.9688984,50.9115123],[3.9688998,50.9114765],[3.9691712,50.9114851],[3.9691938,50.9111526],[3.9692011,50.9110163],[3.9692029,50.9109818],[3.969345,50.9109843],[3.9693344,50.9111816],[3.9693177,50.9114556],[3.9696241,50.9114937],[3.9698594,50.9115089],[3.9700345,50.9114994],[3.9700707,50.9114309],[3.9700435,50.9113548],[3.9699862,50.9112634],[3.9698685,50.9111911],[3.969787,50.9111645],[3.9696361,50.9111493],[3.9695969,50.9111417],[3.9695577,50.9110941],[3.9696301,50.9110446],[3.9696844,50.9109875],[3.9696995,50.9109362],[3.9696935,50.9108905],[3.9695456,50.9108078],[3.9694547,50.9108025],[3.9694671,50.9106569],[3.9697267,50.9108109],[3.9697991,50.9108601],[3.9698323,50.910881],[3.9700859,50.9108875],[3.9700875,50.9109713],[3.9701157,50.9110392],[3.9701851,50.9111534],[3.9702484,50.9113455],[3.9702575,50.9114749],[3.9702092,50.9115567],[3.9701036,50.9116252],[3.9700825,50.9120343],[3.9686974,50.9119411]]]}},{"type":"Feature","id":"way/163111281","properties":{"source":"OpenStreetMap","source_id":"way/163111281","kind":"vegetation","landuse":"forest","natural":null,"name":null},"geometry":{"type":"Polygon","coordinates":[[[3.9672252,50.911479],[3.9678301,50.9115196],[3.9677783,50.9117063],[3.9676332,50.9116931],[3.9671905,50.911652],[3.9672252,50.911479]]]}},{"type":"Feature","id":"way/190481909","properties":{"source":"OpenStreetMap","source_id":"way/190481909","kind":"vegetation","landuse":"forest","natural":null,"name":null},"geometry":{"type":"Polygon","coordinates":[[[3.9731466,50.9133911],[3.9730706,50.9136667],[3.9729984,50.9139112],[3.9725072,50.9138685],[3.9724431,50.9138361],[3.9723886,50.9137732],[3.9728391,50.9137858],[3.9729075,50.9133658],[3.9731466,50.9133911]]]}},{"type":"Feature","id":"way/457979815","properties":{"source":"OpenStreetMap","source_id":"way/457979815","kind":"waterway","waterway":"stream","name":null},"geometry":{"type":"LineString","coordinates":[[3.9647771,50.9084016],[3.9643363,50.908452],[3.9639929,50.9084633]]}},{"type":"Feature","id":"way/576007511","properties":{"source":"OpenStreetMap","source_id":"way/576007511","kind":"vegetation","landuse":"forest","natural":null,"name":null},"geometry":{"type":"Polygon","coordinates":[[[3.9659828,50.9109383],[3.9669103,50.9109943],[3.9669285,50.9109369],[3.9673746,50.9109745],[3.9674541,50.9106172],[3.9668176,50.9105793],[3.9667965,50.9107925],[3.9661639,50.9107468],[3.9659828,50.9109383]]]}},{"type":"Feature","id":"way/576007512","properties":{"source":"OpenStreetMap","source_id":"way/576007512","kind":"vegetation","landuse":"forest","natural":null,"name":null},"geometry":{"type":"Polygon","coordinates":[[[3.9649907,50.911862],[3.9653986,50.9118766],[3.9653983,50.911689],[3.9653954,50.9115323],[3.9652098,50.9117188],[3.9649907,50.911862]]]}},{"type":"Feature","id":"way/578225234","properties":{"source":"OpenStreetMap","source_id":"way/578225234","kind":"water","name":null},"geometry":{"type":"Polygon","coordinates":[[[3.9678245,50.9110889],[3.9678406,50.9110948],[3.9679449,50.9111039],[3.9679663,50.9110995],[3.9679737,50.9110893],[3.9679636,50.9110788],[3.9679482,50.9110399],[3.9678523,50.9110268],[3.9678393,50.9110287],[3.9678292,50.911034],[3.9678212,50.9110809],[3.9678245,50.9110889]]]}},{"type":"Feature","id":"way/581677426","properties":{"source":"OpenStreetMap","source_id":"way/581677426","kind":"water","name":null},"geometry":{"type":"Polygon","coordinates":[[[3.964948,50.9090225],[3.9649676,50.9090228],[3.9649807,50.9090125],[3.9649896,50.9089693],[3.9649994,50.9089531],[3.9649998,50.9089163],[3.9649717,50.9088872],[3.9649525,50.9088742],[3.964937,50.9088684],[3.9649248,50.9088669],[3.9649093,50.9088702],[3.9648959,50.9088832],[3.964884,50.9089014],[3.9648807,50.9089268],[3.964884,50.9089525],[3.9648954,50.9089739],[3.9649346,50.9090163],[3.964948,50.9090225]]]}},{"type":"Feature","id":"way/582602103","properties":{"source":"OpenStreetMap","source_id":"way/582602103","kind":"water","name":null},"geometry":{"type":"Polygon","coordinates":[[[3.9671696,50.9086374],[3.9671861,50.9086505],[3.9671996,50.9086572],[3.9672314,50.9086612],[3.9673868,50.9086462],[3.967402,50.9086468],[3.9674511,50.9086588],[3.9674714,50.9086545],[3.9674799,50.9086492],[3.9674854,50.9086385],[3.9674731,50.9086379],[3.9674782,50.9086126],[3.9674947,50.9086123],[3.9674926,50.9086016],[3.9674951,50.9085936],[3.9674934,50.9085838],[3.9674833,50.9085776],[3.9674266,50.9085648],[3.9673952,50.9085605],[3.9673656,50.9085616],[3.9672962,50.9085776],[3.9672801,50.9085776],[3.9672335,50.9085757],[3.9672123,50.9085798],[3.9671666,50.9086278],[3.9671696,50.9086374]]]}},{"type":"Feature","id":"way/646809010","properties":{"source":"OpenStreetMap","source_id":"way/646809010","kind":"waterway","waterway":"stream","name":null},"geometry":{"type":"LineString","coordinates":[[3.9639929,50.9084633],[3.9639534,50.9084635]]}},{"type":"Feature","id":"way/646809011","properties":{"source":"OpenStreetMap","source_id":"way/646809011","kind":"waterway","waterway":"stream","name":null},"geometry":{"type":"LineString","coordinates":[[3.9639534,50.9084635],[3.9639408,50.9084639],[3.9638429,50.9086359],[3.9635639,50.9089045],[3.9634183,50.9090497],[3.963334,50.9092169],[3.9632895,50.9093474],[3.963175,50.9095148]]}},{"type":"Feature","id":"way/1428433383","properties":{"source":"OpenStreetMap","source_id":"way/1428433383","kind":"water","name":null},"geometry":{"type":"Polygon","coordinates":[[[3.9637235,50.9094996],[3.9637448,50.909536],[3.9637779,50.9095582],[3.9638345,50.9095461],[3.9638687,50.9095279],[3.9638847,50.9094889],[3.9638708,50.9094552],[3.963826,50.909437],[3.9637886,50.909435],[3.9637459,50.9094565],[3.9637256,50.9094747],[3.9637235,50.9094996]]]}}]}