{"type":"FeatureCollection","features":[{"type":"Feature","id":"gebouw/Gebouw.12866480/0","properties":{"source":"Digitaal Vlaanderen Gebouwenregister","source_id":"gebouw/Gebouw.12866480/0","kind":"building","building":"official","height_m":6.6,"status":null},"geometry":{"type":"Polygon","coordinates":[[[3.97079141,50.93664797],[3.97070301,50.93671962],[3.97059719,50.93666431],[3.97066664,50.93660902],[3.97069946,50.93662523],[3.97073794,50.93659428],[3.97070322,50.93657488],[3.97064251,50.93654098],[3.97065285,50.93653377],[3.97063617,50.93652553],[3.97065635,50.93651153],[3.97074553,50.93656153],[3.97073721,50.93656724],[3.97082794,50.93661723],[3.97082877,50.93661768],[3.97079141,50.93664797]]]}},{"type":"Feature","id":"gebouw/Gebouw.12866487/0","properties":{"source":"Digitaal Vlaanderen Gebouwenregister","source_id":"gebouw/Gebouw.12866487/0","kind":"building","building":"official","height_m":7.35,"status":null},"geometry":{"type":"Polygon","coordinates":[[[3.97191245,50.93992288],[3.97176055,50.93981512],[3.97187603,50.93975213],[3.97201927,50.939864],[3.97191245,50.93992288]]]}},{"type":"Feature","id":"gebouw/Gebouw.12866810/0","properties":{"source":"Digitaal Vlaanderen Gebouwenregister","source_id":"gebouw/Gebouw.12866810/0","kind":"building","building":"official","height_m":6.6,"status":null},"geometry":{"type":"Polygon","coordinates":[[[3.96766599,50.93946728],[3.96759753,50.93950297],[3.96756066,50.93947375],[3.96754928,50.93947922],[3.96750447,50.93944232],[3.96758449,50.93940252],[3.96766599,50.93946728]]]}},{"type":"Feature","id":"gebouw/Gebouw.12866859/0","properties":{"source":"Digitaal Vlaanderen Gebouwenregister","source_id":"gebouw/Gebouw.12866859/0","kind":"building","building":"official","height_m":7.35,"status":null},"geometry":{"type":"Polygon","coordinates":[[[3.96787142,50.93978281],[3.96782388,50.939805],[3.96777547,50.93976801],[3.96782226,50.93974356],[3.96787142,50.93978281]]]}},{"type":"Feature","id":"gebouw/Gebouw.12873520/0","properties":{"source":"Digitaal Vlaanderen Gebouwenregister","source_id":"gebouw/Gebouw.12873520/0","kind":"building","building":"official","height_m":8.1,"status":null},"geometry":{"type":"Polygon","coordinates":[[[3.96494061,50.93430544],[3.96489495,50.93434175],[3.96463911,50.93421493],[3.96452058,50.93415617],[3.96454192,50.93413759],[3.96463024,50.93418067],[3.96464918,50.93416468],[3.96481558,50.93425147],[3.96483711,50.93423112],[3.96489607,50.93426059],[3.96487925,50.93427281],[3.96494061,50.93430544]]]}},{"type":"Feature","id":"gebouw/Gebouw.12901315/0","properties":{"source":"Digitaal Vlaanderen Gebouwenregister","source_id":"gebouw/Gebouw.12901315/0","kind":"building","building":"official","height_m":5.85,"status":null},"geometry":{"type":"Polygon","coordinates":[[[3.96524356,50.93399082],[3.96526715,50.93400844],[3.96523927,50.93402334],[3.96521568,50.93400573],[3.96524356,50.93399082]]]}},{"type":"Feature","id":"gebouw/Gebouw.12901362/0","properties":{"source":"Digitaal Vlaanderen Gebouwenregister","source_id":"gebouw/Gebouw.12901362/0","kind":"building","building":"official","height_m":5.1,"status":null},"geometry":{"type":"Polygon","coordinates":[[[3.96932334,50.93961484],[3.96940248,50.93956209],[3.9693682,50.93954005],[3.96937922,50.939533],[3.96932393,50.93949658],[3.96925014,50.93954361],[3.96927666,50.93956825],[3.96925993,50.93957779],[3.96925538,50.9395739],[3.96921323,50.93959235],[3.96921503,50.9395947],[3.96916386,50.93961677],[3.96921038,50.9396607],[3.96932334,50.93961484]]]}},{"type":"Feature","id":"gebouw/Gebouw.12901902/0","properties":{"source":"Digitaal Vlaanderen Gebouwenregister","source_id":"gebouw/Gebouw.12901902/0","kind":"building","building":"official","height_m":5.1,"status":null},"geometry":{"type":"Polygon","coordinates":[[[3.96754114,50.93982198],[3.96750891,50.93979677],[3.96748611,50.93977894],[3.96752567,50.93975808],[3.96757972,50.93979998],[3.96754114,50.93982198]]]}},{"type":"Feature","id":"gebouw/Gebouw.12909974/0","properties":{"source":"Digitaal Vlaanderen Gebouwenregister","source_id":"gebouw/Gebouw.12909974/0","kind":"building","building":"official","height_m":6.6,"status":null},"geometry":{"type":"Polygon","coordinates":[[[3.97061875,50.93903509],[3.97057908,50.93901652],[3.97051586,50.93907044],[3.9705685,50.93909686],[3.97057353,50.93909256],[3.97058913,50.93907926],[3.97057482,50.93907256],[3.97061875,50.93903509]]]}},{"type":"Feature","id":"gebouw/Gebouw.12910060/0","properties":{"source":"Digitaal Vlaanderen Gebouwenregister","source_id":"gebouw/Gebouw.12910060/0","kind":"building","building":"official","height_m":8.1,"status":null},"geometry":{"type":"Polygon","coordinates":[[[3.96797638,50.93955883],[3.96801804,50.93953678],[3.96811167,50.93961104],[3.9680669,50.93963403],[3.96797638,50.93955883]]]}},{"type":"Feature","id":"gebouw/Gebouw.12910203/0","properties":{"source":"Digitaal Vlaanderen Gebouwenregister","source_id":"gebouw/Gebouw.12910203/0","kind":"building","building":"official","height_m":7.35,"status":null},"geometry":{"type":"Polygon","coordinates":[[[3.97119078,50.93552393],[3.97114212,50.93554826],[3.97111381,50.93552449],[3.97116205,50.93550086],[3.97119078,50.93552393]]]}},{"type":"Feature","id":"gebouw/Gebouw.12910370/0","properties":{"source":"Digitaal Vlaanderen Gebouwenregister","source_id":"gebouw/Gebouw.12910370/0","kind":"building","building":"official","height_m":6.6,"status":null},"geometry":{"type":"Polygon","coordinates":[[[3.9689202,50.93960621],[3.9688613,50.93955494],[3.96879934,50.93958187],[3.96879389,50.93957688],[3.96876756,50.93958991],[3.96876069,50.93958371],[3.96870804,50.93960931],[3.96877868,50.9396708],[3.9689202,50.93960621]]]}},{"type":"Feature","id":"gebouw/Gebouw.12910483/0","properties":{"source":"Digitaal Vlaanderen Gebouwenregister","source_id":"gebouw/Gebouw.12910483/0","kind":"building","building":"official","height_m":5.85,"status":null},"geometry":{"type":"Polygon","coordinates":[[[3.97329087,50.93410497],[3.97329011,50.93411158],[3.97317638,50.93410645],[3.97318976,50.93401596],[3.97327797,50.9340197],[3.97329087,50.93410497]]]}},{"type":"Feature","id":"gebouw/Gebouw.12910584/0","properties":{"source":"Digitaal Vlaanderen Gebouwenregister","source_id":"gebouw/Gebouw.12910584/0","kind":"building","building":"official","height_m":5.1,"status":null},"geometry":{"type":"Polygon","coordinates":[[[3.96596752,50.93396452],[3.96595774,50.93396973],[3.96592427,50.93398755],[3.96583728,50.9340339],[3.96594052,50.9341129],[3.96597553,50.93409387],[3.96601432,50.93412236],[3.96610867,50.93407105],[3.96606988,50.93404257],[3.96607215,50.93404133],[3.96596752,50.93396452]]]}},{"type":"Feature","id":"gebouw/Gebouw.12910716/0","properties":{"source":"Digitaal Vlaanderen Gebouwenregister","source_id":"gebouw/Gebouw.12910716/0","kind":"building","building":"official","height_m":5.1,"status":null},"geometry":{"type":"Polygon","coordinates":[[[3.97207347,50.94054336],[3.97203881,50.9405198],[3.97207849,50.94049774],[3.97211077,50.94052011],[3.97207347,50.94054336]]]}},{"type":"Feature","id":"gebouw/Gebouw.12914727/0","properties":{"source":"Digitaal Vlaanderen Gebouwenregister","source_id":"gebouw/Gebouw.12914727/0","kind":"building","building":"official","height_m":7.35,"status":null},"geometry":{"type":"Polygon","coordinates":[[[3.96959844,50.93963583],[3.96956202,50.93961367],[3.96952647,50.939637],[3.96952641,50.93963704],[3.96946553,50.939677],[3.96950077,50.93969993],[3.96959844,50.93963583]]]}},{"type":"Feature","id":"gebouw/Gebouw.12915283/0","properties":{"source":"Digitaal Vlaanderen Gebouwenregister","source_id":"gebouw/Gebouw.12915283/0","kind":"building","building":"official","height_m":5.85,"status":null},"geometry":{"type":"Polygon","coordinates":[[[3.96992994,50.938764],[3.96992934,50.93876463],[3.96988364,50.93881295],[3.96985192,50.9388012],[3.96984851,50.93879994],[3.96989507,50.93875071],[3.96992994,50.938764]]]}},{"type":"Feature","id":"gebouw/Gebouw.12917597/0","properties":{"source":"Digitaal Vlaanderen Gebouwenregister","source_id":"gebouw/Gebouw.12917597/0","kind":"building","building":"official","height_m":8.85,"status":null},"geometry":{"type":"Polygon","coordinates":[[[3.97003779,50.94028361],[3.96999868,50.94025185],[3.97003674,50.94023329],[3.97007464,50.94026655],[3.97003779,50.94028361]]]}},{"type":"Feature","id":"gebouw/Gebouw.12917653/0","properties":{"source":"Digitaal Vlaanderen Gebouwenregister","source_id":"gebouw/Gebouw.12917653/0","kind":"building","building":"official","height_m":5.85,"status":null},"geometry":{"type":"Polygon","coordinates":[[[3.9672029,50.93970649],[3.96713022,50.93974355],[3.96709359,50.93971487],[3.9670829,50.93972079],[3.96704203,50.93969118],[3.96705113,50.93968593],[3.9670471,50.93968306],[3.96707654,50.93966823],[3.9669785,50.93959133],[3.96702234,50.93956429],[3.9672029,50.93970649]]]}},{"type":"Feature","id":"gebouw/Gebouw.12917860/0","properties":{"source":"Digitaal Vlaanderen Gebouwenregister","source_id":"gebouw/Gebouw.12917860/0","kind":"building","building":"official","height_m":8.1,"status":null},"geometry":{"type":"Polygon","coordinates":[[[3.96903863,50.93856427],[3.96898699,50.93860736],[3.9688832,50.93855742],[3.96885297,50.93854287],[3.96878832,50.93851176],[3.96884792,50.9384644],[3.96891064,50.93849487],[3.96890368,50.93850058],[3.96903863,50.93856427]]]}},{"type":"Feature","id":"gebouw/Gebouw.12933278/0","properties":{"source":"Digitaal Vlaanderen Gebouwenregister","source_id":"gebouw/Gebouw.12933278/0","kind":"building","building":"official","height_m":6.6,"status":null},"geometry":{"type":"Polygon","coordinates":[[[3.9709215,50.93634532],[3.97100616,50.93639396],[3.97093563,50.93644467],[3.97081721,50.93637896],[3.97085946,50.93634789],[3.97086972,50.93635343],[3.97089227,50.9363656],[3.9709215,50.93634532]]]}},{"type":"Feature","id":"gebouw/Gebouw.12935748/0","properties":{"source":"Digitaal Vlaanderen Gebouwenregister","source_id":"gebouw/Gebouw.12935748/0","kind":"building","building":"official","height_m":5.1,"status":null},"geometry":{"type":"Polygon","coordinates":[[[3.97324499,50.93988957],[3.97329391,50.93992757],[3.9731411,50.94000674],[3.97309325,50.93997037],[3.97324499,50.93988957]]]}},{"type":"Feature","id":"gebouw/Gebouw.12935851/0","properties":{"source":"Digitaal Vlaanderen Gebouwenregister","source_id":"gebouw/Gebouw.12935851/0","kind":"building","building":"official","height_m":5.85,"status":null},"geometry":{"type":"Polygon","coordinates":[[[3.97130387,50.93687862],[3.97126809,50.93690993],[3.97116734,50.93686375],[3.97120392,50.93683225],[3.97130387,50.93687862]]]}},{"type":"Feature","id":"gebouw/Gebouw.12936209/0","properties":{"source":"Digitaal Vlaanderen Gebouwenregister","source_id":"gebouw/Gebouw.12936209/0","kind":"building","building":"official","height_m":8.85,"status":null},"geometry":{"type":"Polygon","coordinates":[[[3.96779935,50.93475593],[3.96768491,50.93467502],[3.96771425,50.93465687],[3.96783129,50.93473613],[3.96779935,50.93475593]]]}},{"type":"Feature","id":"gebouw/Gebouw.12952158/0","properties":{"source":"Digitaal Vlaanderen Gebouwenregister","source_id":"gebouw/Gebouw.12952158/0","kind":"building","building":"official","height_m":5.1,"status":null},"geometry":{"type":"Polygon","coordinates":[[[3.96960813,50.9399816],[3.96962916,50.9399669],[3.96958294,50.93989775],[3.96945104,50.93993544],[3.96945623,50.93994259],[3.96939242,50.93996011],[3.96943938,50.94002821],[3.96960813,50.9399816]]]}},{"type":"Feature","id":"gebouw/Gebouw.12952576/0","properties":{"source":"Digitaal Vlaanderen Gebouwenregister","source_id":"gebouw/Gebouw.12952576/0","kind":"building","building":"official","height_m":8.1,"status":null},"geometry":{"type":"Polygon","coordinates":[[[3.97354968,50.93407819],[3.97341947,50.9340969],[3.97339013,50.93402293],[3.97338685,50.93398326],[3.97341293,50.93397745],[3.97336532,50.93389094],[3.97344951,50.93387033],[3.9734547,50.93387905],[3.97344472,50.93388176],[3.97346246,50.93391054],[3.97350831,50.93398762],[3.97351031,50.93399099],[3.97353493,50.93404407],[3.97354968,50.93407819]]]}},{"type":"Feature","id":"gebouw/Gebouw.12955001/0","properties":{"source":"Digitaal Vlaanderen Gebouwenregister","source_id":"gebouw/Gebouw.12955001/0","kind":"building","building":"official","height_m":8.85,"status":null},"geometry":{"type":"Polygon","coordinates":[[[3.97113711,50.93629901],[3.97108243,50.93633882],[3.97103737,50.93631428],[3.97102698,50.93632154],[3.97096567,50.93628772],[3.97097018,50.93628411],[3.9709424,50.93626903],[3.97096901,50.93624964],[3.97087484,50.9361986],[3.97091122,50.93617275],[3.97096813,50.93620456],[3.97113711,50.93629901]]]}},{"type":"Feature","id":"gebouw/Gebouw.12960539/0","properties":{"source":"Digitaal Vlaanderen Gebouwenregister","source_id":"gebouw/Gebouw.12960539/0","kind":"building","building":"official","height_m":8.85,"status":null},"geometry":{"type":"Polygon","coordinates":[[[3.97221859,50.93579342],[3.97220769,50.93580404],[3.97220718,50.93580454],[3.97226354,50.93583141],[3.97230282,50.93585003],[3.97223395,50.93590935],[3.97221091,50.93590008],[3.97219686,50.93589443],[3.97207845,50.93584677],[3.97209215,50.93583472],[3.97208669,50.93583228],[3.9721483,50.93577877],[3.97215331,50.93578091],[3.97215579,50.93577861],[3.97216556,50.93576955],[3.97221859,50.93579342]]]}},{"type":"Feature","id":"gebouw/Gebouw.12961163/0","properties":{"source":"Digitaal Vlaanderen Gebouwenregister","source_id":"gebouw/Gebouw.12961163/0","kind":"building","building":"official","height_m":8.85,"status":null},"geometry":{"type":"Polygon","coordinates":[[[3.96398229,50.93537473],[3.96405824,50.935299],[3.9642054,50.93535823],[3.96421722,50.93534632],[3.96428476,50.93537668],[3.96419064,50.93547029],[3.96404032,50.93540662],[3.96404766,50.93540058],[3.96398229,50.93537473]]]}},{"type":"Feature","id":"gebouw/Gebouw.12968127/0","properties":{"source":"Digitaal Vlaanderen Gebouwenregister","source_id":"gebouw/Gebouw.12968127/0","kind":"building","building":"official","height_m":7.35,"status":null},"geometry":{"type":"Polygon","coordinates":[[[3.97203771,50.93588433],[3.97216923,50.93593591],[3.97213795,50.93596647],[3.97218978,50.93598765],[3.97218681,50.93599056],[3.9721216,50.93605257],[3.97193154,50.93597203],[3.97196708,50.93593711],[3.97197893,50.93594192],[3.97203771,50.93588433]]]}},{"type":"Feature","id":"gebouw/Gebouw.12968293/0","properties":{"source":"Digitaal Vlaanderen Gebouwenregister","source_id":"gebouw/Gebouw.12968293/0","kind":"building","building":"official","height_m":5.85,"status":null},"geometry":{"type":"Polygon","coordinates":[[[3.9704491,50.93948571],[3.97040452,50.93945288],[3.97037174,50.93947074],[3.9704172,50.93950544],[3.9704491,50.93948571]]]}},{"type":"Feature","id":"gebouw/Gebouw.12971192/0","properties":{"source":"Digitaal Vlaanderen Gebouwenregister","source_id":"gebouw/Gebouw.12971192/0","kind":"building","building":"official","height_m":6.6,"status":null},"geometry":{"type":"Polygon","coordinates":[[[3.96982466,50.93390173],[3.96985011,50.93392749],[3.96971074,50.93398437],[3.96968453,50.93395932],[3.96982466,50.93390173]]]}},{"type":"Feature","id":"gebouw/Gebouw.12971248/0","properties":{"source":"Digitaal Vlaanderen Gebouwenregister","source_id":"gebouw/Gebouw.12971248/0","kind":"building","building":"official","height_m":8.1,"status":null},"geometry":{"type":"Polygon","coordinates":[[[3.96917446,50.94015084],[3.96920047,50.94014906],[3.96921538,50.94016438],[3.9692014,50.94017773],[3.96923458,50.94021129],[3.96920311,50.9402242],[3.96921139,50.94023282],[3.96915112,50.94025674],[3.96914212,50.94024827],[3.96905672,50.94028357],[3.96896823,50.94019305],[3.96902587,50.94016973],[3.9690112,50.94015537],[3.96904493,50.94014116],[3.96903807,50.94013391],[3.96908924,50.94011583],[3.96909468,50.94012172],[3.96912983,50.94010857],[3.96908512,50.94006098],[3.9691076,50.94005336],[3.96917171,50.94012075],[3.96915424,50.94012899],[3.96916701,50.94014319],[3.96917446,50.94015084]]]}},{"type":"Feature","id":"gebouw/Gebouw.12971332/0","properties":{"source":"Digitaal Vlaanderen Gebouwenregister","source_id":"gebouw/Gebouw.12971332/0","kind":"building","building":"official","height_m":8.1,"status":null},"geometry":{"type":"Polygon","coordinates":[[[3.96758934,50.93962366],[3.96771213,50.93971938],[3.96764659,50.93975295],[3.96752278,50.93965819],[3.96758934,50.93962366]]]}},{"type":"Feature","id":"gebouw/Gebouw.12979972/0","properties":{"source":"Digitaal Vlaanderen Gebouwenregister","source_id":"gebouw/Gebouw.12979972/0","kind":"building","building":"official","height_m":8.1,"status":null},"geometry":{"type":"Polygon","coordinates":[[[3.96920013,50.93773883],[3.96917549,50.93776069],[3.96912015,50.93773265],[3.96914472,50.93771251],[3.96920013,50.93773883]]]}},{"type":"Feature","id":"gebouw/Gebouw.12980140/0","properties":{"source":"Digitaal Vlaanderen Gebouwenregister","source_id":"gebouw/Gebouw.12980140/0","kind":"building","building":"official","height_m":8.1,"status":null},"geometry":{"type":"Polygon","coordinates":[[[3.97146157,50.93707301],[3.97149599,50.93704135],[3.97153752,50.93705874],[3.97150253,50.93709117],[3.97146157,50.93707301]]]}},{"type":"Feature","id":"gebouw/Gebouw.12996479/0","properties":{"source":"Digitaal Vlaanderen Gebouwenregister","source_id":"gebouw/Gebouw.12996479/0","kind":"building","building":"official","height_m":8.85,"status":null},"geometry":{"type":"Polygon","coordinates":[[[3.96874227,50.94053531],[3.96866514,50.94043829],[3.96866007,50.94043191],[3.96863535,50.94040082],[3.96862428,50.9403869],[3.968641,50.94038159],[3.96862011,50.94035532],[3.96855669,50.94037444],[3.96859041,50.94042044],[3.9686125,50.94045058],[3.96861843,50.94045868],[3.96866912,50.94052786],[3.96867557,50.94052592],[3.96869423,50.94055008],[3.96874227,50.94053531]]]}},{"type":"Feature","id":"gebouw/Gebouw.12996634/0","properties":{"source":"Digitaal Vlaanderen Gebouwenregister","source_id":"gebouw/Gebouw.12996634/0","kind":"building","building":"official","height_m":8.1,"status":null},"geometry":{"type":"Polygon","coordinates":[[[3.97168576,50.93676761],[3.97158691,50.93672099],[3.97157576,50.93673019],[3.97154543,50.93671459],[3.97159038,50.93667867],[3.9716012,50.93668413],[3.97159311,50.93669039],[3.97170856,50.93674998],[3.97168576,50.93676761]]]}},{"type":"Feature","id":"gebouw/Gebouw.12997063/0","properties":{"source":"Digitaal Vlaanderen Gebouwenregister","source_id":"gebouw/Gebouw.12997063/0","kind":"building","building":"official","height_m":5.85,"status":null},"geometry":{"type":"Polygon","coordinates":[[[3.96863039,50.94016266],[3.96859674,50.94013283],[3.96846225,50.94019554],[3.96849426,50.94022373],[3.96850347,50.94023183],[3.96864056,50.94017168],[3.96863039,50.94016266]]]}},{"type":"Feature","id":"gebouw/Gebouw.12997315/0","properties":{"source":"Digitaal Vlaanderen Gebouwenregister","source_id":"gebouw/Gebouw.12997315/0","kind":"building","building":"official","height_m":5.85,"status":null},"geometry":{"type":"Polygon","coordinates":[[[3.96547179,50.93436943],[3.96543334,50.93439983],[3.96538105,50.93437155],[3.96534601,50.93439945],[3.96523471,50.93433418],[3.96531036,50.93427846],[3.96547179,50.93436943]]]}},{"type":"Feature","id":"gebouw/Gebouw.12997363/0","properties":{"source":"Digitaal Vlaanderen Gebouwenregister","source_id":"gebouw/Gebouw.12997363/0","kind":"building","building":"official","height_m":5.85,"status":null},"geometry":{"type":"Polygon","coordinates":[[[3.97142219,50.93889587],[3.97134989,50.93886439],[3.97138183,50.93883474],[3.97135943,50.93882498],[3.9713553,50.93882876],[3.97129935,50.9388044],[3.9714013,50.93871106],[3.97155171,50.93877806],[3.97142219,50.93889587]]]}},{"type":"Feature","id":"gebouw/Gebouw.13001540/0","properties":{"source":"Digitaal Vlaanderen Gebouwenregister","source_id":"gebouw/Gebouw.13001540/0","kind":"building","building":"official","height_m":6.6,"status":null},"geometry":{"type":"Polygon","coordinates":[[[3.96824773,50.93906008],[3.96827129,50.93904334],[3.96826442,50.93903949],[3.96826899,50.93903624],[3.96831404,50.93900424],[3.96813892,50.93892265],[3.9680972,50.93896044],[3.96805689,50.93894267],[3.96801248,50.93898289],[3.9680528,50.93900066],[3.96805056,50.93900269],[3.9682165,50.93908226],[3.96824773,50.93906008]]]}},{"type":"Feature","id":"gebouw/Gebouw.13003431/0","properties":{"source":"Digitaal Vlaanderen Gebouwenregister","source_id":"gebouw/Gebouw.13003431/0","kind":"building","building":"official","height_m":7.35,"status":null},"geometry":{"type":"Polygon","coordinates":[[[3.96520232,50.93409859],[3.96518539,50.93411499],[3.96513342,50.93411187],[3.96506946,50.93408484],[3.96486304,50.93399761],[3.96495223,50.93391334],[3.96504414,50.93395473],[3.96501242,50.93398537],[3.96518888,50.93406171],[3.96516655,50.93408232],[3.96520232,50.93409859]]]}},{"type":"Feature","id":"gebouw/Gebouw.13003587/0","properties":{"source":"Digitaal Vlaanderen Gebouwenregister","source_id":"gebouw/Gebouw.13003587/0","kind":"building","building":"official","height_m":7.35,"status":null},"geometry":{"type":"Polygon","coordinates":[[[3.96954142,50.93894813],[3.96944869,50.93891305],[3.96946215,50.93889923],[3.96948949,50.93891001],[3.96949838,50.93890175],[3.96956281,50.93892605],[3.96954142,50.93894813]]]}},{"type":"Feature","id":"gebouw/Gebouw.13008132/0","properties":{"source":"Digitaal Vlaanderen Gebouwenregister","source_id":"gebouw/Gebouw.13008132/0","kind":"building","building":"official","height_m":5.1,"status":null},"geometry":{"type":"Polygon","coordinates":[[[3.97130154,50.9384071],[3.97126596,50.9383897],[3.9712994,50.93835938],[3.97133641,50.93837587],[3.97130154,50.9384071]]]}},{"type":"Feature","id":"gebouw/Gebouw.13008625/0","properties":{"source":"Digitaal Vlaanderen Gebouwenregister","source_id":"gebouw/Gebouw.13008625/0","kind":"building","building":"official","height_m":5.85,"status":null},"geometry":{"type":"Polygon","coordinates":[[[3.97206054,50.93608796],[3.97202583,50.93612213],[3.97198588,50.93610501],[3.97202311,50.93607151],[3.97206054,50.93608796]]]}},{"type":"Feature","id":"gebouw/Gebouw.13008895/0","properties":{"source":"Digitaal Vlaanderen Gebouwenregister","source_id":"gebouw/Gebouw.13008895/0","kind":"building","building":"official","height_m":5.85,"status":null},"geometry":{"type":"Polygon","coordinates":[[[3.97102648,50.93565235],[3.97099009,50.93562187],[3.97099389,50.93562006],[3.97096178,50.93559484],[3.97100028,50.93557665],[3.97103144,50.93560173],[3.97102241,50.93560594],[3.97105903,50.93563672],[3.97102648,50.93565235]]]}},{"type":"Feature","id":"gebouw/Gebouw.13030118/0","properties":{"source":"Digitaal Vlaanderen Gebouwenregister","source_id":"gebouw/Gebouw.13030118/0","kind":"building","building":"official","height_m":6.6,"status":null},"geometry":{"type":"Polygon","coordinates":[[[3.96390428,50.93543339],[3.96404591,50.93549973],[3.96398033,50.93555328],[3.96400994,50.93556974],[3.96396614,50.93560549],[3.96376944,50.93550689],[3.96380895,50.93547456],[3.9638358,50.93548797],[3.96390428,50.93543339]]]}},{"type":"Feature","id":"gebouw/Gebouw.13030119/0","properties":{"source":"Digitaal Vlaanderen Gebouwenregister","source_id":"gebouw/Gebouw.13030119/0","kind":"building","building":"official","height_m":7.35,"status":null},"geometry":{"type":"Polygon","coordinates":[[[3.97174084,50.9362208],[3.97185856,50.93628055],[3.9717404,50.93637337],[3.97155207,50.93628014],[3.97161102,50.93623358],[3.97163769,50.93624707],[3.97165441,50.93625552],[3.97168814,50.93622887],[3.97171406,50.93624176],[3.97174084,50.9362208]]]}},{"type":"Feature","id":"gebouw/Gebouw.13036602/0","properties":{"source":"Digitaal Vlaanderen Gebouwenregister","source_id":"gebouw/Gebouw.13036602/0","kind":"building","building":"official","height_m":5.1,"status":null},"geometry":{"type":"Polygon","coordinates":[[[3.96345156,50.93519343],[3.96339176,50.93524221],[3.96328117,50.93518824],[3.96319159,50.93514451],[3.96322002,50.93512196],[3.96313041,50.93507685],[3.96314029,50.93506902],[3.96309553,50.93504649],[3.96311652,50.93502984],[3.96315579,50.93504901],[3.96326508,50.93510237],[3.96331619,50.93512733],[3.96345156,50.93519343]]]}},{"type":"Feature","id":"gebouw/Gebouw.13044324/0","properties":{"source":"Digitaal Vlaanderen Gebouwenregister","source_id":"gebouw/Gebouw.13044324/0","kind":"building","building":"official","height_m":5.1,"status":null},"geometry":{"type":"Polygon","coordinates":[[[3.96850619,50.93717653],[3.96844106,50.93715557],[3.96845683,50.93713687],[3.96852101,50.93715754],[3.96850619,50.93717653]]]}},{"type":"Feature","id":"gebouw/Gebouw.13046098/0","properties":{"source":"Digitaal Vlaanderen Gebouwenregister","source_id":"gebouw/Gebouw.13046098/0","kind":"building","building":"official","height_m":8.1,"status":null},"geometry":{"type":"Polygon","coordinates":[[[3.97034724,50.93399635],[3.97021971,50.93386393],[3.97028799,50.93383722],[3.97041433,50.93397085],[3.97034724,50.93399635]]]}},{"type":"Feature","id":"gebouw/Gebouw.13046698/0","properties":{"source":"Digitaal Vlaanderen Gebouwenregister","source_id":"gebouw/Gebouw.13046698/0","kind":"building","building":"official","height_m":8.1,"status":null},"geometry":{"type":"Polygon","coordinates":[[[3.96838264,50.93926705],[3.96837648,50.93926145],[3.96829798,50.93929978],[3.96825393,50.93926017],[3.96833276,50.93922149],[3.96834395,50.93923124],[3.96838012,50.93921536],[3.96841881,50.939251],[3.96841425,50.93925302],[3.96838264,50.93926705]]]}},{"type":"Feature","id":"gebouw/Gebouw.13055951/0","properties":{"source":"Digitaal Vlaanderen Gebouwenregister","source_id":"gebouw/Gebouw.13055951/0","kind":"building","building":"official","height_m":8.85,"status":null},"geometry":{"type":"Polygon","coordinates":[[[3.96877975,50.93871928],[3.9687389,50.93869822],[3.96876385,50.93867886],[3.9688047,50.93869947],[3.96877975,50.93871928]]]}},{"type":"Feature","id":"gebouw/Gebouw.13057836/0","properties":{"source":"Digitaal Vlaanderen Gebouwenregister","source_id":"gebouw/Gebouw.13057836/0","kind":"building","building":"official","height_m":5.1,"status":null},"geometry":{"type":"Polygon","coordinates":[[[3.97118707,50.93962618],[3.97122251,50.93960802],[3.97126642,50.93964224],[3.97123099,50.9396604],[3.97118707,50.93962618]]]}},{"type":"Feature","id":"gebouw/Gebouw.13059879/0","properties":{"source":"Digitaal Vlaanderen Gebouwenregister","source_id":"gebouw/Gebouw.13059879/0","kind":"building","building":"official","height_m":7.35,"status":null},"geometry":{"type":"Polygon","coordinates":[[[3.97023193,50.9401196],[3.97027614,50.94009677],[3.9703425,50.94015016],[3.97030164,50.94017294],[3.97029915,50.94017104],[3.9702466,50.94013083],[3.97023193,50.9401196]]]}},{"type":"Feature","id":"gebouw/Gebouw.13073687/0","properties":{"source":"Digitaal Vlaanderen Gebouwenregister","source_id":"gebouw/Gebouw.13073687/0","kind":"building","building":"official","height_m":8.85,"status":null},"geometry":{"type":"Polygon","coordinates":[[[3.96943303,50.94048767],[3.96935721,50.94041081],[3.96919027,50.94047539],[3.96926758,50.94055285],[3.96943303,50.94048767]]]}},{"type":"Feature","id":"gebouw/Gebouw.13077803/0","properties":{"source":"Digitaal Vlaanderen Gebouwenregister","source_id":"gebouw/Gebouw.13077803/0","kind":"building","building":"official","height_m":8.85,"status":null},"geometry":{"type":"Polygon","coordinates":[[[3.96804088,50.93927066],[3.96807908,50.9392347],[3.96804232,50.93921979],[3.96798352,50.9391945],[3.9679578,50.93918344],[3.96788723,50.93915361],[3.96785146,50.93913849],[3.96782465,50.9391634],[3.96794757,50.93921619],[3.96792656,50.9392359],[3.96801987,50.9392756],[3.96803071,50.93928023],[3.96804088,50.93927066]]]}},{"type":"Feature","id":"gebouw/Gebouw.13078555/0","properties":{"source":"Digitaal Vlaanderen Gebouwenregister","source_id":"gebouw/Gebouw.13078555/0","kind":"building","building":"official","height_m":5.85,"status":null},"geometry":{"type":"Polygon","coordinates":[[[3.97086813,50.93627985],[3.97082785,50.93630726],[3.97076064,50.93626919],[3.9708,50.9362424],[3.97086813,50.93627985]]]}},{"type":"Feature","id":"gebouw/Gebouw.13078570/0","properties":{"source":"Digitaal Vlaanderen Gebouwenregister","source_id":"gebouw/Gebouw.13078570/0","kind":"building","building":"official","height_m":8.1,"status":null},"geometry":{"type":"Polygon","coordinates":[[[3.96460773,50.93453535],[3.96440078,50.93443099],[3.96437449,50.93445121],[3.96434155,50.93443565],[3.96429654,50.93447068],[3.96444191,50.93454404],[3.96446751,50.9345233],[3.96456235,50.93457157],[3.96460773,50.93453535]]]}},{"type":"Feature","id":"gebouw/Gebouw.13096233/0","properties":{"source":"Digitaal Vlaanderen Gebouwenregister","source_id":"gebouw/Gebouw.13096233/0","kind":"building","building":"official","height_m":7.35,"status":null},"geometry":{"type":"Polygon","coordinates":[[[3.96534126,50.9379365],[3.96527974,50.93790745],[3.96531976,50.93786823],[3.96538462,50.937897],[3.96534126,50.9379365]]]}},{"type":"Feature","id":"gebouw/Gebouw.13099464/0","properties":{"source":"Digitaal Vlaanderen Gebouwenregister","source_id":"gebouw/Gebouw.13099464/0","kind":"building","building":"official","height_m":5.1,"status":null},"geometry":{"type":"Polygon","coordinates":[[[3.96867742,50.93856771],[3.96864047,50.93859788],[3.96855281,50.93855407],[3.96856196,50.93854699],[3.96853548,50.93853334],[3.96853744,50.9385318],[3.96856537,50.93850994],[3.96867742,50.93856771]]]}},{"type":"Feature","id":"gebouw/Gebouw.13099466/0","properties":{"source":"Digitaal Vlaanderen Gebouwenregister","source_id":"gebouw/Gebouw.13099466/0","kind":"building","building":"official","height_m":6.6,"status":null},"geometry":{"type":"Polygon","coordinates":[[[3.97162156,50.93459933],[3.97159291,50.93463396],[3.97155344,50.93462226],[3.97156152,50.93461294],[3.97147949,50.93458788],[3.97150111,50.93456069],[3.97152999,50.93456996],[3.97159161,50.93458973],[3.97162156,50.93459933]]]}},{"type":"Feature","id":"gebouw/Gebouw.13101986/0","properties":{"source":"Digitaal Vlaanderen Gebouwenregister","source_id":"gebouw/Gebouw.13101986/0","kind":"building","building":"official","height_m":6.6,"status":null},"geometry":{"type":"Polygon","coordinates":[[[3.96840129,50.9398407],[3.96836843,50.93981335],[3.96842435,50.93978653],[3.96845538,50.9398145],[3.96840129,50.9398407]]]}},{"type":"Feature","id":"gebouw/Gebouw.13102337/0","properties":{"source":"Digitaal Vlaanderen Gebouwenregister","source_id":"gebouw/Gebouw.13102337/0","kind":"building","building":"official","height_m":8.85,"status":null},"geometry":{"type":"Polygon","coordinates":[[[3.97111632,50.9375057],[3.97105643,50.93748594],[3.97109362,50.93744237],[3.97115184,50.93746153],[3.97111632,50.9375057]]]}},{"type":"Feature","id":"gebouw/Gebouw.13104837/0","properties":{"source":"Digitaal Vlaanderen Gebouwenregister","source_id":"gebouw/Gebouw.13104837/0","kind":"building","building":"official","height_m":7.35,"status":null},"geometry":{"type":"Polygon","coordinates":[[[3.9703056,50.93956178],[3.97017971,50.93946588],[3.97021443,50.9394476],[3.97033817,50.93954395],[3.9703056,50.93956178]]]}},{"type":"Feature","id":"gebouw/Gebouw.13109690/0","properties":{"source":"Digitaal Vlaanderen Gebouwenregister","source_id":"gebouw/Gebouw.13109690/0","kind":"building","building":"official","height_m":6.6,"status":null},"geometry":{"type":"Polygon","coordinates":[[[3.97140923,50.93480111],[3.97139408,50.93480374],[3.97126548,50.93480016],[3.97127123,50.93472771],[3.97154886,50.93473304],[3.97154905,50.93476855],[3.97144683,50.93476407],[3.97144403,50.93479509],[3.97140923,50.93480111]]]}},{"type":"Feature","id":"gebouw/Gebouw.13113025/0","properties":{"source":"Digitaal Vlaanderen Gebouwenregister","source_id":"gebouw/Gebouw.13113025/0","kind":"building","building":"official","height_m":5.85,"status":null},"geometry":{"type":"Polygon","coordinates":[[[3.96400645,50.93476556],[3.96387403,50.93470186],[3.96390646,50.93467501],[3.96389139,50.93466287],[3.96389199,50.93464497],[3.9639069,50.93463246],[3.96393211,50.93462954],[3.96395618,50.93463549],[3.96398908,50.93460759],[3.96413587,50.93467849],[3.96409211,50.93471435],[3.96407667,50.93470686],[3.96400645,50.93476556]]]}},{"type":"Feature","id":"gebouw/Gebouw.13130484/0","properties":{"source":"Digitaal Vlaanderen Gebouwenregister","source_id":"gebouw/Gebouw.13130484/0","kind":"building","building":"official","height_m":5.1,"status":null},"geometry":{"type":"Polygon","coordinates":[[[3.97141604,50.9371115],[3.97136853,50.93709172],[3.97140127,50.9370611],[3.97144901,50.93708133],[3.97141604,50.9371115]]]}},{"type":"Feature","id":"gebouw/Gebouw.13130912/0","properties":{"source":"Digitaal Vlaanderen Gebouwenregister","source_id":"gebouw/Gebouw.13130912/0","kind":"building","building":"official","height_m":6.6,"status":null},"geometry":{"type":"Polygon","coordinates":[[[3.97260875,50.93943067],[3.97258461,50.93941461],[3.97267252,50.93936507],[3.97270503,50.93938713],[3.97266394,50.93941265],[3.97265008,50.93940425],[3.97260875,50.93943067]]]}},{"type":"Feature","id":"gebouw/Gebouw.13133706/0","properties":{"source":"Digitaal Vlaanderen Gebouwenregister","source_id":"gebouw/Gebouw.13133706/0","kind":"building","building":"official","height_m":5.1,"status":null},"geometry":{"type":"Polygon","coordinates":[[[3.96835372,50.93932339],[3.96832865,50.9392974],[3.96838867,50.93927423],[3.9684116,50.93930096],[3.96835372,50.93932339]]]}},{"type":"Feature","id":"gebouw/Gebouw.13133709/0","properties":{"source":"Digitaal Vlaanderen Gebouwenregister","source_id":"gebouw/Gebouw.13133709/0","kind":"building","building":"official","height_m":7.35,"status":null},"geometry":{"type":"Polygon","coordinates":[[[3.97029915,50.94017104],[3.97025802,50.94019117],[3.97020778,50.94015079],[3.9702466,50.94013083],[3.97029915,50.94017104]]]}},{"type":"Feature","id":"gebouw/Gebouw.13135362/0","properties":{"source":"Digitaal Vlaanderen Gebouwenregister","source_id":"gebouw/Gebouw.13135362/0","kind":"building","building":"official","height_m":5.1,"status":null},"geometry":{"type":"Polygon","coordinates":[[[3.96848841,50.93922011],[3.96844724,50.93923838],[3.96839291,50.93918274],[3.96844873,50.93916098],[3.96844486,50.93915515],[3.96853239,50.93913264],[3.96853738,50.93913135],[3.96855238,50.93915421],[3.96857913,50.939195],[3.96858086,50.93919764],[3.96848841,50.93922011]]]}},{"type":"Feature","id":"gebouw/Gebouw.13137718/0","properties":{"source":"Digitaal Vlaanderen Gebouwenregister","source_id":"gebouw/Gebouw.13137718/0","kind":"building","building":"official","height_m":8.1,"status":null},"geometry":{"type":"Polygon","coordinates":[[[3.97133685,50.9371133],[3.97130548,50.93714332],[3.97125337,50.9371226],[3.97128646,50.93709239],[3.97133685,50.9371133]]]}},{"type":"Feature","id":"gebouw/Gebouw.13137720/0","properties":{"source":"Digitaal Vlaanderen Gebouwenregister","source_id":"gebouw/Gebouw.13137720/0","kind":"building","building":"official","height_m":5.1,"status":null},"geometry":{"type":"Polygon","coordinates":[[[3.96727422,50.93967045],[3.9672029,50.93970649],[3.96702234,50.93956429],[3.96706821,50.93953605],[3.96710122,50.93955998],[3.96709523,50.93956343],[3.96716847,50.93962196],[3.96719528,50.93960783],[3.96719887,50.93960593],[3.96720551,50.93961092],[3.96721509,50.93960568],[3.96725039,50.93963487],[3.96723745,50.93964141],[3.96727422,50.93967045]]]}},{"type":"Feature","id":"gebouw/Gebouw.13138016/0","properties":{"source":"Digitaal Vlaanderen Gebouwenregister","source_id":"gebouw/Gebouw.13138016/0","kind":"building","building":"official","height_m":6.6,"status":null},"geometry":{"type":"Polygon","coordinates":[[[3.97341947,50.9340969],[3.97341662,50.93409708],[3.97329087,50.93410497],[3.97327797,50.9340197],[3.97327177,50.93397873],[3.97338586,50.93397134],[3.97338685,50.93398326],[3.97339013,50.93402293],[3.97341947,50.9340969]]]}},{"type":"Feature","id":"gebouw/Gebouw.13138434/0","properties":{"source":"Digitaal Vlaanderen Gebouwenregister","source_id":"gebouw/Gebouw.13138434/0","kind":"building","building":"official","height_m":5.1,"status":null},"geometry":{"type":"Polygon","coordinates":[[[3.96904548,50.93744651],[3.96901419,50.93743325],[3.96900712,50.93744064],[3.96898013,50.93742871],[3.96900445,50.93740773],[3.9690615,50.93742962],[3.96904548,50.93744651]]]}},{"type":"Feature","id":"gebouw/Gebouw.13140188/0","properties":{"source":"Digitaal Vlaanderen Gebouwenregister","source_id":"gebouw/Gebouw.13140188/0","kind":"building","building":"official","height_m":6.6,"status":null},"geometry":{"type":"Polygon","coordinates":[[[3.970707,50.93785305],[3.97066354,50.93782911],[3.97071847,50.93778589],[3.97076408,50.93780877],[3.970707,50.93785305]]]}},{"type":"Feature","id":"gebouw/Gebouw.13149927/0","properties":{"source":"Digitaal Vlaanderen Gebouwenregister","source_id":"gebouw/Gebouw.13149927/0","kind":"building","building":"official","height_m":7.35,"status":null},"geometry":{"type":"Polygon","coordinates":[[[3.97066826,50.93994137],[3.97072852,50.93998837],[3.97069248,50.94000739],[3.97066774,50.93998865],[3.970498,50.9398601],[3.97056449,50.93982486],[3.97057126,50.93983006],[3.97061842,50.93986635],[3.97062955,50.93986067],[3.97069283,50.93991136],[3.97073875,50.93988598],[3.9707957,50.93992926],[3.97074837,50.93995522],[3.97070484,50.93992098],[3.97066826,50.93994137]]]}},{"type":"Feature","id":"gebouw/Gebouw.13150216/0","properties":{"source":"Digitaal Vlaanderen Gebouwenregister","source_id":"gebouw/Gebouw.13150216/0","kind":"building","building":"official","height_m":8.1,"status":null},"geometry":{"type":"Polygon","coordinates":[[[3.96994379,50.94031864],[3.96998998,50.9402977],[3.97000197,50.94029226],[3.96992674,50.94024234],[3.96984476,50.94026787],[3.96986459,50.94029379],[3.96984846,50.94029891],[3.96979359,50.94031632],[3.96977305,50.94029005],[3.96965772,50.94032531],[3.96967609,50.94034893],[3.96968032,50.94035437],[3.96968071,50.94035487],[3.96969178,50.9403691],[3.96969237,50.94036986],[3.96969312,50.94037082],[3.96969658,50.94037528],[3.9697143,50.94039805],[3.96983429,50.94036206],[3.96987491,50.94034987],[3.96988087,50.94034717],[3.96994379,50.94031864]]]}},{"type":"Feature","id":"gebouw/Gebouw.13156513/0","properties":{"source":"Digitaal Vlaanderen Gebouwenregister","source_id":"gebouw/Gebouw.13156513/0","kind":"building","building":"official","height_m":5.85,"status":null},"geometry":{"type":"Polygon","coordinates":[[[3.9700937,50.93815252],[3.96999501,50.93811712],[3.97003232,50.93807098],[3.97013388,50.93810488],[3.9700937,50.93815252]]]}},{"type":"Feature","id":"gebouw/Gebouw.13164276/0","properties":{"source":"Digitaal Vlaanderen Gebouwenregister","source_id":"gebouw/Gebouw.13164276/0","kind":"building","building":"official","height_m":5.1,"status":null},"geometry":{"type":"Polygon","coordinates":[[[3.9708,50.9362424],[3.97075386,50.93621265],[3.97078902,50.93619056],[3.97090388,50.93625542],[3.97086813,50.93627985],[3.9708,50.9362424]]]}},{"type":"Feature","id":"gebouw/Gebouw.13164280/0","properties":{"source":"Digitaal Vlaanderen Gebouwenregister","source_id":"gebouw/Gebouw.13164280/0","kind":"building","building":"official","height_m":8.1,"status":null},"geometry":{"type":"Polygon","coordinates":[[[3.97022742,50.93750483],[3.97025903,50.93747829],[3.97031814,50.93750641],[3.97028653,50.93753293],[3.97022742,50.93750483]]]}},{"type":"Feature","id":"gebouw/Gebouw.13164389/0","properties":{"source":"Digitaal Vlaanderen Gebouwenregister","source_id":"gebouw/Gebouw.13164389/0","kind":"building","building":"official","height_m":8.85,"status":null},"geometry":{"type":"Polygon","coordinates":[[[3.97110122,50.93540706],[3.97090778,50.93548057],[3.97085925,50.93543071],[3.97081862,50.93544574],[3.97077426,50.93539736],[3.97097698,50.9353204],[3.97097877,50.93532184],[3.97100568,50.93531106],[3.97106568,50.93537115],[3.97106074,50.93537329],[3.97107254,50.93538541],[3.97106361,50.93538899],[3.9710767,50.93540179],[3.97108586,50.93539832],[3.97109431,50.93540672],[3.97109925,50.93540492],[3.97110122,50.93540706]]]}},{"type":"Feature","id":"gebouw/Gebouw.13164507/0","properties":{"source":"Digitaal Vlaanderen Gebouwenregister","source_id":"gebouw/Gebouw.13164507/0","kind":"building","building":"official","height_m":7.35,"status":null},"geometry":{"type":"Polygon","coordinates":[[[3.96923931,50.9389375],[3.96932515,50.93897075],[3.96938182,50.93899269],[3.96940946,50.93896334],[3.96926707,50.93890841],[3.96923931,50.9389375]]]}},{"type":"Feature","id":"gebouw/Gebouw.13164519/0","properties":{"source":"Digitaal Vlaanderen Gebouwenregister","source_id":"gebouw/Gebouw.13164519/0","kind":"building","building":"official","height_m":7.35,"status":null},"geometry":{"type":"Polygon","coordinates":[[[3.96987656,50.93807819],[3.96979308,50.93804961],[3.9698116,50.93802902],[3.96989341,50.93805745],[3.96987656,50.93807819]]]}},{"type":"Feature","id":"gebouw/Gebouw.13168379/0","properties":{"source":"Digitaal Vlaanderen Gebouwenregister","source_id":"gebouw/Gebouw.13168379/0","kind":"building","building":"official","height_m":8.85,"status":null},"geometry":{"type":"Polygon","coordinates":[[[3.966609,50.93857788],[3.96648397,50.93869435],[3.96644836,50.93867736],[3.96643212,50.93869096],[3.96637686,50.93866505],[3.96652607,50.93854068],[3.96654023,50.93853863],[3.9665771,50.93855541],[3.96657944,50.93856523],[3.966609,50.93857788]]]}},{"type":"Feature","id":"gebouw/Gebouw.13170979/0","properties":{"source":"Digitaal Vlaanderen Gebouwenregister","source_id":"gebouw/Gebouw.13170979/0","kind":"building","building":"official","height_m":5.85,"status":null},"geometry":{"type":"Polygon","coordinates":[[[3.96816574,50.93943391],[3.9681296,50.93945203],[3.96817556,50.93949119],[3.9682019,50.93947741],[3.96824099,50.93950962],[3.96818213,50.9395404],[3.96816241,50.9395247],[3.96814306,50.9395093],[3.96801501,50.93940738],[3.96808463,50.93937125],[3.96809397,50.93937843],[3.96816574,50.93943391]]]}},{"type":"Feature","id":"gebouw/Gebouw.13172683/0","properties":{"source":"Digitaal Vlaanderen Gebouwenregister","source_id":"gebouw/Gebouw.13172683/0","kind":"building","building":"official","height_m":5.85,"status":null},"geometry":{"type":"Polygon","coordinates":[[[3.97234314,50.93920416],[3.97230489,50.93917624],[3.97238069,50.93913395],[3.97241847,50.93916368],[3.97234314,50.93920416]]]}},{"type":"Feature","id":"gebouw/Gebouw.13173031/0","properties":{"source":"Digitaal Vlaanderen Gebouwenregister","source_id":"gebouw/Gebouw.13173031/0","kind":"building","building":"official","height_m":5.85,"status":null},"geometry":{"type":"Polygon","coordinates":[[[3.96957649,50.93985429],[3.96954365,50.93982996],[3.96947335,50.9398754],[3.96950848,50.93989706],[3.96957649,50.93985429]]]}},{"type":"Feature","id":"gebouw/Gebouw.13182578/0","properties":{"source":"Digitaal Vlaanderen Gebouwenregister","source_id":"gebouw/Gebouw.13182578/0","kind":"building","building":"official","height_m":6.6,"status":null},"geometry":{"type":"Polygon","coordinates":[[[3.9696588,50.93916858],[3.96940533,50.93906508],[3.96944378,50.93902573],[3.96970168,50.93912581],[3.9696588,50.93916858]]]}},{"type":"Feature","id":"gebouw/Gebouw.13184653/0","properties":{"source":"Digitaal Vlaanderen Gebouwenregister","source_id":"gebouw/Gebouw.13184653/0","kind":"building","building":"official","height_m":5.85,"status":null},"geometry":{"type":"Polygon","coordinates":[[[3.97212651,50.93903627],[3.9721399,50.93904693],[3.97214913,50.93904193],[3.97220197,50.93908088],[3.97216161,50.93910274],[3.97217404,50.93911235],[3.97199084,50.93921385],[3.97191073,50.93915547],[3.97206151,50.93907218],[3.97212651,50.93903627]]]}},{"type":"Feature","id":"gebouw/Gebouw.13184925/0","properties":{"source":"Digitaal Vlaanderen Gebouwenregister","source_id":"gebouw/Gebouw.13184925/0","kind":"building","building":"official","height_m":7.35,"status":null},"geometry":{"type":"Polygon","coordinates":[[[3.96685374,50.93905155],[3.96693214,50.93909364],[3.96686169,50.93914498],[3.96685397,50.93914075],[3.96679146,50.93910646],[3.96678778,50.93910444],[3.96685374,50.93905155]]]}},{"type":"Feature","id":"gebouw/Gebouw.13191826/0","properties":{"source":"Digitaal Vlaanderen Gebouwenregister","source_id":"gebouw/Gebouw.13191826/0","kind":"building","building":"official","height_m":8.1,"status":null},"geometry":{"type":"Polygon","coordinates":[[[3.96925176,50.93464325],[3.9691712,50.93469975],[3.96907959,50.93464461],[3.9691626,50.9345899],[3.9692023,50.93461366],[3.96930562,50.93454202],[3.96927237,50.93452125],[3.96932344,50.93448619],[3.96933444,50.93449247],[3.96937567,50.93446368],[3.96944846,50.93450531],[3.96925176,50.93464325]]]}},{"type":"Feature","id":"gebouw/Gebouw.13193449/0","properties":{"source":"Digitaal Vlaanderen Gebouwenregister","source_id":"gebouw/Gebouw.13193449/0","kind":"building","building":"official","height_m":5.85,"status":null},"geometry":{"type":"Polygon","coordinates":[[[3.96991165,50.94064615],[3.9699591,50.94063145],[3.96996925,50.94064452],[3.97003163,50.94062558],[3.97002206,50.94061278],[3.97000047,50.9405839],[3.97007343,50.94055354],[3.97009667,50.94057169],[3.97016468,50.94053423],[3.97011854,50.94049864],[3.97002646,50.94054557],[3.96986371,50.94059223],[3.96990674,50.94064767],[3.96991165,50.94064615]]]}},{"type":"Feature","id":"gebouw/Gebouw.13193691/0","properties":{"source":"Digitaal Vlaanderen Gebouwenregister","source_id":"gebouw/Gebouw.13193691/0","kind":"building","building":"official","height_m":7.35,"status":null},"geometry":{"type":"Polygon","coordinates":[[[3.96935349,50.93888108],[3.96934012,50.9388954],[3.9692966,50.93887975],[3.96928987,50.93888667],[3.96923679,50.93886683],[3.96922964,50.93887398],[3.96920064,50.93886244],[3.96920691,50.93885566],[3.96918906,50.93884899],[3.96916504,50.93887167],[3.96906043,50.93883037],[3.96910586,50.9387819],[3.96931163,50.93886431],[3.96935695,50.93887738],[3.96935349,50.93888108]]]}},{"type":"Feature","id":"gebouw/Gebouw.13193953/0","properties":{"source":"Digitaal Vlaanderen Gebouwenregister","source_id":"gebouw/Gebouw.13193953/0","kind":"building","building":"official","height_m":5.85,"status":null},"geometry":{"type":"Polygon","coordinates":[[[3.9723689,50.93527174],[3.97229713,50.93530766],[3.9722234,50.9352491],[3.97215723,50.93527814],[3.97215354,50.93527976],[3.97210681,50.93523704],[3.97205007,50.93518516],[3.97219811,50.93511738],[3.9723689,50.93527174]]]}},{"type":"Feature","id":"gebouw/Gebouw.13194201/0","properties":{"source":"Digitaal Vlaanderen Gebouwenregister","source_id":"gebouw/Gebouw.13194201/0","kind":"building","building":"official","height_m":7.35,"status":null},"geometry":{"type":"Polygon","coordinates":[[[3.96962839,50.9377772],[3.96950929,50.93788565],[3.96940889,50.93783797],[3.96928546,50.93777935],[3.96920013,50.93773883],[3.96914472,50.93771251],[3.96911769,50.93769968],[3.96912639,50.93769251],[3.96907935,50.93767082],[3.96912998,50.93762864],[3.96916529,50.93764468],[3.96924855,50.93768264],[3.96924279,50.93768789],[3.96934735,50.93773492],[3.96935095,50.93773191],[3.96944241,50.93777633],[3.96943474,50.93778219],[3.96946896,50.93779706],[3.96953549,50.93773398],[3.96959502,50.93776168],[3.96962839,50.9377772]]]}},{"type":"Feature","id":"gebouw/Gebouw.13194220/0","properties":{"source":"Digitaal Vlaanderen Gebouwenregister","source_id":"gebouw/Gebouw.13194220/0","kind":"building","building":"official","height_m":8.1,"status":null},"geometry":{"type":"Polygon","coordinates":[[[3.96928434,50.93812169],[3.9691496,50.93805559],[3.96911548,50.93808602],[3.96898744,50.93802568],[3.96894617,50.93806157],[3.96902255,50.93809838],[3.96920674,50.93818715],[3.96928434,50.93812169]]]}},{"type":"Feature","id":"gebouw/Gebouw.13196329/0","properties":{"source":"Digitaal Vlaanderen Gebouwenregister","source_id":"gebouw/Gebouw.13196329/0","kind":"building","building":"official","height_m":5.85,"status":null},"geometry":{"type":"Polygon","coordinates":[[[3.96981422,50.9404474],[3.96988381,50.94042583],[3.96985979,50.9403949],[3.96983429,50.94036206],[3.9697143,50.94039805],[3.96975727,50.940454],[3.96980731,50.94043869],[3.96981422,50.9404474]]]}},{"type":"Feature","id":"gebouw/Gebouw.13200235/0","properties":{"source":"Digitaal Vlaanderen Gebouwenregister","source_id":"gebouw/Gebouw.13200235/0","kind":"building","building":"official","height_m":5.85,"status":null},"geometry":{"type":"Polygon","coordinates":[[[3.96342939,50.93631554],[3.96330231,50.93639134],[3.96323873,50.93634729],[3.9632833,50.93632086],[3.96332536,50.93634858],[3.96340714,50.93629875],[3.96342939,50.93631554]]]}},{"type":"Feature","id":"gebouw/Gebouw.13205581/0","properties":{"source":"Digitaal Vlaanderen Gebouwenregister","source_id":"gebouw/Gebouw.13205581/0","kind":"building","building":"official","height_m":5.85,"status":null},"geometry":{"type":"Polygon","coordinates":[[[3.9662176,50.93412545],[3.96616999,50.93414907],[3.96614005,50.93412633],[3.96618751,50.93410251],[3.9662176,50.93412545]]]}},{"type":"Feature","id":"gebouw/Gebouw.13206561/0","properties":{"source":"Digitaal Vlaanderen Gebouwenregister","source_id":"gebouw/Gebouw.13206561/0","kind":"building","building":"official","height_m":7.35,"status":null},"geometry":{"type":"Polygon","coordinates":[[[3.97212331,50.93684654],[3.97205068,50.93691099],[3.9720167,50.93689384],[3.97203194,50.93688017],[3.97198085,50.93685649],[3.97204197,50.93680591],[3.97212331,50.93684654]]]}},{"type":"Feature","id":"gebouw/Gebouw.13208619/0","properties":{"source":"Digitaal Vlaanderen Gebouwenregister","source_id":"gebouw/Gebouw.13208619/0","kind":"building","building":"official","height_m":7.35,"status":null},"geometry":{"type":"Polygon","coordinates":[[[3.96912787,50.94050288],[3.96909578,50.94047214],[3.96898109,50.94051914],[3.96898104,50.94051916],[3.96895758,50.94052924],[3.96885267,50.9405743],[3.96888402,50.94060438],[3.96912787,50.94050288]]]}},{"type":"Feature","id":"gebouw/Gebouw.13209406/0","properties":{"source":"Digitaal Vlaanderen Gebouwenregister","source_id":"gebouw/Gebouw.13209406/0","kind":"building","building":"official","height_m":8.1,"status":null},"geometry":{"type":"Polygon","coordinates":[[[3.96937256,50.9386236],[3.96925894,50.93858691],[3.96917259,50.93867437],[3.96928386,50.93871675],[3.96934854,50.93864883],[3.96936708,50.93862936],[3.96937256,50.9386236]]]}},{"type":"Feature","id":"gebouw/Gebouw.13215860/0","properties":{"source":"Digitaal Vlaanderen Gebouwenregister","source_id":"gebouw/Gebouw.13215860/0","kind":"building","building":"official","height_m":6.6,"status":null},"geometry":{"type":"Polygon","coordinates":[[[3.96886204,50.93841863],[3.96884696,50.93843234],[3.9688455,50.93843367],[3.96878162,50.93840563],[3.96875801,50.93839526],[3.96878935,50.93836908],[3.96885619,50.93840103],[3.96887253,50.93840885],[3.96886204,50.93841863]]]}},{"type":"Feature","id":"gebouw/Gebouw.13216184/0","properties":{"source":"Digitaal Vlaanderen Gebouwenregister","source_id":"gebouw/Gebouw.13216184/0","kind":"building","building":"official","height_m":6.6,"status":null},"geometry":{"type":"Polygon","coordinates":[[[3.96891806,50.93733615],[3.96896735,50.9373573],[3.96889368,50.93743717],[3.96884378,50.93741502],[3.96891806,50.93733615]]]}},{"type":"Feature","id":"gebouw/Gebouw.13217780/0","properties":{"source":"Digitaal Vlaanderen Gebouwenregister","source_id":"gebouw/Gebouw.13217780/0","kind":"building","building":"official","height_m":6.6,"status":null},"geometry":{"type":"Polygon","coordinates":[[[3.97174716,50.93515613],[3.97181867,50.93512526],[3.97185544,50.93515782],[3.97178819,50.93519088],[3.97174716,50.93515613]]]}},{"type":"Feature","id":"gebouw/Gebouw.13218514/0","properties":{"source":"Digitaal Vlaanderen Gebouwenregister","source_id":"gebouw/Gebouw.13218514/0","kind":"building","building":"official","height_m":8.1,"status":null},"geometry":{"type":"Polygon","coordinates":[[[3.97292385,50.93637542],[3.97274456,50.93630277],[3.97278186,50.93626506],[3.9728268,50.93628337],[3.97285554,50.93625558],[3.97298537,50.93630841],[3.97292385,50.93637542]]]}},{"type":"Feature","id":"gebouw/Gebouw.13222566/0","properties":{"source":"Digitaal Vlaanderen Gebouwenregister","source_id":"gebouw/Gebouw.13222566/0","kind":"building","building":"official","height_m":5.1,"status":null},"geometry":{"type":"Polygon","coordinates":[[[3.97070301,50.93671962],[3.9706495,50.93676165],[3.97059824,50.93673566],[3.97058545,50.93674537],[3.97050855,50.93670645],[3.97054538,50.93667656],[3.97039866,50.93660224],[3.97043216,50.93657805],[3.97050528,50.93661627],[3.97052204,50.93662503],[3.97059719,50.93666431],[3.97070301,50.93671962]]]}},{"type":"Feature","id":"gebouw/Gebouw.13222833/0","properties":{"source":"Digitaal Vlaanderen Gebouwenregister","source_id":"gebouw/Gebouw.13222833/0","kind":"building","building":"official","height_m":7.35,"status":null},"geometry":{"type":"Polygon","coordinates":[[[3.96998965,50.93812556],[3.9699282,50.93819715],[3.96980311,50.93815278],[3.96982309,50.93812813],[3.96967348,50.93807916],[3.96964628,50.93811268],[3.96956606,50.93808674],[3.96951973,50.93807177],[3.96958583,50.93799143],[3.9695984,50.9379956],[3.96989098,50.93809278],[3.96996923,50.93811878],[3.96998965,50.93812556]]]}},{"type":"Feature","id":"gebouw/Gebouw.13226133/0","properties":{"source":"Digitaal Vlaanderen Gebouwenregister","source_id":"gebouw/Gebouw.13226133/0","kind":"building","building":"official","height_m":7.35,"status":null},"geometry":{"type":"Polygon","coordinates":[[[3.97217196,50.93923338],[3.97217603,50.93923633],[3.97220572,50.93925778],[3.97223121,50.93927619],[3.97214095,50.93932473],[3.9721297,50.93933077],[3.97212862,50.93933135],[3.97206741,50.93928834],[3.97210657,50.93926611],[3.9720961,50.93925875],[3.9721531,50.93922505],[3.97216208,50.93923154],[3.97216623,50.93922925],[3.97217196,50.93923338]]]}},{"type":"Feature","id":"gebouw/Gebouw.13226321/0","properties":{"source":"Digitaal Vlaanderen Gebouwenregister","source_id":"gebouw/Gebouw.13226321/0","kind":"building","building":"official","height_m":8.85,"status":null},"geometry":{"type":"Polygon","coordinates":[[[3.97191425,50.93447595],[3.97186683,50.93456069],[3.97180916,50.93454687],[3.97185633,50.93446207],[3.97186316,50.9344637],[3.97191425,50.93447595]]]}},{"type":"Feature","id":"gebouw/Gebouw.13226381/0","properties":{"source":"Digitaal Vlaanderen Gebouwenregister","source_id":"gebouw/Gebouw.13226381/0","kind":"building","building":"official","height_m":8.85,"status":null},"geometry":{"type":"Polygon","coordinates":[[[3.97105368,50.93976363],[3.97110557,50.93980373],[3.97106645,50.93982494],[3.97105235,50.93981415],[3.9709558,50.93974026],[3.97098966,50.93972152],[3.97093341,50.93968035],[3.97094424,50.93967455],[3.97090589,50.93964549],[3.97097928,50.93960638],[3.97112939,50.9397203],[3.97116364,50.9397463],[3.9711313,50.93976514],[3.97109794,50.93974035],[3.97105368,50.93976363]]]}},{"type":"Feature","id":"gebouw/Gebouw.13226838/0","properties":{"source":"Digitaal Vlaanderen Gebouwenregister","source_id":"gebouw/Gebouw.13226838/0","kind":"building","building":"official","height_m":5.1,"status":null},"geometry":{"type":"Polygon","coordinates":[[[3.97372904,50.93922846],[3.97370775,50.93921044],[3.97376526,50.93917992],[3.9737875,50.93919689],[3.97372904,50.93922846]]]}},{"type":"Feature","id":"gebouw/Gebouw.13228472/0","properties":{"source":"Digitaal Vlaanderen Gebouwenregister","source_id":"gebouw/Gebouw.13228472/0","kind":"building","building":"official","height_m":6.6,"status":null},"geometry":{"type":"Polygon","coordinates":[[[3.96747948,50.93987738],[3.96742942,50.93983643],[3.96744361,50.93982913],[3.96742896,50.93981602],[3.96744811,50.93980676],[3.96745166,50.93980505],[3.96744622,50.93980082],[3.96745366,50.93979182],[3.96742148,50.93976842],[3.96740552,50.93977003],[3.96736431,50.93974074],[3.96736362,50.93974025],[3.96729122,50.93977698],[3.96745206,50.93990768],[3.96749146,50.93988717],[3.96747948,50.93987738]]]}},{"type":"Feature","id":"gebouw/Gebouw.13228848/0","properties":{"source":"Digitaal Vlaanderen Gebouwenregister","source_id":"gebouw/Gebouw.13228848/0","kind":"building","building":"official","height_m":5.1,"status":null},"geometry":{"type":"Polygon","coordinates":[[[3.96933674,50.93713609],[3.9693654,50.93714907],[3.96937367,50.93714243],[3.96939015,50.93715003],[3.96937463,50.93716948],[3.96935433,50.93716129],[3.96933219,50.93718617],[3.96929875,50.93717111],[3.96933674,50.93713609]]]}},{"type":"Feature","id":"gebouw/Gebouw.13228970/0","properties":{"source":"Digitaal Vlaanderen Gebouwenregister","source_id":"gebouw/Gebouw.13228970/0","kind":"building","building":"official","height_m":6.6,"status":null},"geometry":{"type":"Polygon","coordinates":[[[3.97229501,50.93625769],[3.97225792,50.93624087],[3.97228571,50.93621383],[3.97232352,50.93623064],[3.97229501,50.93625769]]]}},{"type":"Feature","id":"gebouw/Gebouw.13228974/0","properties":{"source":"Digitaal Vlaanderen Gebouwenregister","source_id":"gebouw/Gebouw.13228974/0","kind":"building","building":"official","height_m":5.1,"status":null},"geometry":{"type":"Polygon","coordinates":[[[3.97046619,50.9383476],[3.97056439,50.93825714],[3.97072765,50.93832935],[3.97062494,50.93841613],[3.97055505,50.93838595],[3.97056094,50.93837966],[3.97053585,50.93836899],[3.97052878,50.93837462],[3.97046619,50.9383476]]]}},{"type":"Feature","id":"gebouw/Gebouw.13229206/0","properties":{"source":"Digitaal Vlaanderen Gebouwenregister","source_id":"gebouw/Gebouw.13229206/0","kind":"building","building":"official","height_m":8.1,"status":null},"geometry":{"type":"Polygon","coordinates":[[[3.97030851,50.93970315],[3.9702164,50.93963533],[3.97018557,50.93961263],[3.97013765,50.93957735],[3.97009568,50.93959949],[3.9701468,50.93963602],[3.97011375,50.9396549],[3.97006396,50.93961724],[3.97003315,50.93963335],[3.9700409,50.93963922],[3.97008448,50.93967225],[3.9700985,50.93968288],[3.97012583,50.93966624],[3.97019086,50.93971632],[3.97019888,50.93971214],[3.970237,50.93974073],[3.97030851,50.93970315]]]}},{"type":"Feature","id":"gebouw/Gebouw.13231248/0","properties":{"source":"Digitaal Vlaanderen Gebouwenregister","source_id":"gebouw/Gebouw.13231248/0","kind":"building","building":"official","height_m":5.1,"status":null},"geometry":{"type":"Polygon","coordinates":[[[3.96881472,50.93753532],[3.96878788,50.93752243],[3.96879148,50.93751958],[3.96867552,50.93746694],[3.96872767,50.9374174],[3.96890593,50.93749368],[3.96888176,50.9375156],[3.96887548,50.93751266],[3.96885036,50.93753844],[3.96882292,50.9375274],[3.96881472,50.93753532]]]}},{"type":"Feature","id":"gebouw/Gebouw.13240409/0","properties":{"source":"Digitaal Vlaanderen Gebouwenregister","source_id":"gebouw/Gebouw.13240409/0","kind":"building","building":"official","height_m":8.85,"status":null},"geometry":{"type":"Polygon","coordinates":[[[3.96982673,50.93550217],[3.96993208,50.93549728],[3.96993888,50.93553889],[3.96983353,50.93554393],[3.96982673,50.93550217]]]}},{"type":"Feature","id":"gebouw/Gebouw.13248586/0","properties":{"source":"Digitaal Vlaanderen Gebouwenregister","source_id":"gebouw/Gebouw.13248586/0","kind":"building","building":"official","height_m":8.1,"status":null},"geometry":{"type":"Polygon","coordinates":[[[3.96318831,50.93613756],[3.96320464,50.93616983],[3.96321652,50.93616679],[3.96324285,50.93622883],[3.9632751,50.93622284],[3.96330332,50.93627754],[3.96329515,50.93627918],[3.96330097,50.93628985],[3.96324433,50.93630078],[3.96324006,50.93629009],[3.96323431,50.9362913],[3.96323116,50.93628434],[3.96316053,50.93629803],[3.96313646,50.93625313],[3.96313312,50.93625377],[3.9631039,50.93619455],[3.96310655,50.93619401],[3.96308898,50.93615721],[3.96309833,50.9361555],[3.96309401,50.93614533],[3.96314575,50.93613522],[3.96315052,50.93614495],[3.96318831,50.93613756]]]}},{"type":"Feature","id":"gebouw/Gebouw.13248667/0","properties":{"source":"Digitaal Vlaanderen Gebouwenregister","source_id":"gebouw/Gebouw.13248667/0","kind":"building","building":"official","height_m":5.85,"status":null},"geometry":{"type":"Polygon","coordinates":[[[3.96969817,50.93844993],[3.96983333,50.93829828],[3.96973487,50.93826394],[3.96964083,50.93837032],[3.96950287,50.938325],[3.96952722,50.93828982],[3.96942565,50.9382565],[3.96936289,50.93833467],[3.96936448,50.93833522],[3.96955849,50.93839744],[3.96955617,50.93840086],[3.96958353,50.93841052],[3.96963527,50.93842831],[3.96969817,50.93844993]]]}},{"type":"Feature","id":"gebouw/Gebouw.13249105/0","properties":{"source":"Digitaal Vlaanderen Gebouwenregister","source_id":"gebouw/Gebouw.13249105/0","kind":"building","building":"official","height_m":5.85,"status":null},"geometry":{"type":"Polygon","coordinates":[[[3.97242006,50.93608588],[3.97232469,50.93617657],[3.97232113,50.93617995],[3.97208979,50.93608281],[3.97209376,50.93607904],[3.9721216,50.93605257],[3.97218681,50.93599056],[3.97242006,50.93608588]]]}},{"type":"Feature","id":"gebouw/Gebouw.13249172/0","properties":{"source":"Digitaal Vlaanderen Gebouwenregister","source_id":"gebouw/Gebouw.13249172/0","kind":"building","building":"official","height_m":6.6,"status":null},"geometry":{"type":"Polygon","coordinates":[[[3.96881394,50.93799784],[3.96878377,50.93802281],[3.96863004,50.93795198],[3.96863388,50.93794895],[3.96859519,50.93792935],[3.96862179,50.93790839],[3.96866048,50.937928],[3.96866372,50.93792544],[3.96868736,50.93793683],[3.96881394,50.93799784]]]}},{"type":"Feature","id":"gebouw/Gebouw.13252370/0","properties":{"source":"Digitaal Vlaanderen Gebouwenregister","source_id":"gebouw/Gebouw.13252370/0","kind":"building","building":"official","height_m":6.6,"status":null},"geometry":{"type":"Polygon","coordinates":[[[3.96463459,50.93489109],[3.9647121,50.93482826],[3.96481068,50.93487522],[3.96487047,50.93482464],[3.96498147,50.93488059],[3.96484348,50.93499627],[3.96463459,50.93489109]]]}},{"type":"Feature","id":"gebouw/Gebouw.13254884/0","properties":{"source":"Digitaal Vlaanderen Gebouwenregister","source_id":"gebouw/Gebouw.13254884/0","kind":"building","building":"official","height_m":6.6,"status":null},"geometry":{"type":"Polygon","coordinates":[[[3.97079993,50.93489829],[3.97063163,50.93496603],[3.97057798,50.93491184],[3.97068548,50.93486792],[3.97074522,50.93484352],[3.97079993,50.93489829]]]}},{"type":"Feature","id":"gebouw/Gebouw.13256703/0","properties":{"source":"Digitaal Vlaanderen Gebouwenregister","source_id":"gebouw/Gebouw.13256703/0","kind":"building","building":"official","height_m":7.35,"status":null},"geometry":{"type":"Polygon","coordinates":[[[3.97259271,50.94036571],[3.9725602,50.94034259],[3.97259846,50.94032219],[3.97263001,50.94034381],[3.97259271,50.94036571]]]}},{"type":"Feature","id":"gebouw/Gebouw.13257484/0","properties":{"source":"Digitaal Vlaanderen Gebouwenregister","source_id":"gebouw/Gebouw.13257484/0","kind":"building","building":"official","height_m":8.1,"status":null},"geometry":{"type":"Polygon","coordinates":[[[3.97026823,50.93460462],[3.97020276,50.93454638],[3.9702755,50.9345144],[3.97019875,50.93444537],[3.97012388,50.93447841],[3.97005817,50.93442017],[3.97025577,50.93433137],[3.97029461,50.93436445],[3.97031,50.93435703],[3.97044384,50.93447756],[3.97043034,50.93448407],[3.97046444,50.93451973],[3.97026823,50.93460462]]]}},{"type":"Feature","id":"gebouw/Gebouw.13261096/0","properties":{"source":"Digitaal Vlaanderen Gebouwenregister","source_id":"gebouw/Gebouw.13261096/0","kind":"building","building":"official","height_m":8.1,"status":null},"geometry":{"type":"Polygon","coordinates":[[[3.96562239,50.93840046],[3.96567653,50.93844642],[3.96549406,50.93852903],[3.96551561,50.93854853],[3.96544551,50.93857875],[3.96544186,50.93857504],[3.96542943,50.93856243],[3.96540263,50.9385735],[3.96539955,50.93857123],[3.96535745,50.93858857],[3.96535497,50.93858575],[3.96533555,50.93859383],[3.96531939,50.93857671],[3.96538397,50.93855114],[3.9653868,50.93855446],[3.96542916,50.93853425],[3.96539295,50.93849979],[3.96540733,50.93849357],[3.96543677,50.93848082],[3.96548337,50.93846064],[3.96550141,50.93845283],[3.96562239,50.93840046]]]}},{"type":"Feature","id":"gebouw/Gebouw.13263207/0","properties":{"source":"Digitaal Vlaanderen Gebouwenregister","source_id":"gebouw/Gebouw.13263207/0","kind":"building","building":"official","height_m":7.35,"status":null},"geometry":{"type":"Polygon","coordinates":[[[3.96926196,50.93829073],[3.96920949,50.93834298],[3.96914907,50.93831751],[3.9690417,50.93826751],[3.96906072,50.93825018],[3.969022,50.93823168],[3.96905782,50.93820105],[3.9691439,50.93824112],[3.96924984,50.93828676],[3.96926196,50.93829073]]]}},{"type":"Feature","id":"gebouw/Gebouw.13265728/0","properties":{"source":"Digitaal Vlaanderen Gebouwenregister","source_id":"gebouw/Gebouw.13265728/0","kind":"building","building":"official","height_m":8.1,"status":null},"geometry":{"type":"Polygon","coordinates":[[[3.97230514,50.9403511],[3.97225446,50.94031402],[3.97230221,50.94028653],[3.97235289,50.94032211],[3.97230514,50.9403511]]]}},{"type":"Feature","id":"gebouw/Gebouw.13266153/0","properties":{"source":"Digitaal Vlaanderen Gebouwenregister","source_id":"gebouw/Gebouw.13266153/0","kind":"building","building":"official","height_m":7.35,"status":null},"geometry":{"type":"Polygon","coordinates":[[[3.96787173,50.93954098],[3.96790944,50.93956939],[3.96790601,50.93957149],[3.96797788,50.93963059],[3.9679525,50.93964407],[3.96793685,50.93963242],[3.96789912,50.9396527],[3.96786458,50.93962556],[3.96783729,50.93960412],[3.96775457,50.93953912],[3.96782279,50.93950411],[3.96782601,50.93950654],[3.96787173,50.93954098]]]}},{"type":"Feature","id":"gebouw/Gebouw.13267837/0","properties":{"source":"Digitaal Vlaanderen Gebouwenregister","source_id":"gebouw/Gebouw.13267837/0","kind":"building","building":"official","height_m":5.85,"status":null},"geometry":{"type":"Polygon","coordinates":[[[3.97161083,50.9353939],[3.9715955,50.93540165],[3.97152765,50.93534418],[3.97164275,50.93528914],[3.97165431,50.93528361],[3.97172505,50.93534078],[3.9716933,50.93535555],[3.97162268,50.93538841],[3.97161083,50.9353939]]]}},{"type":"Feature","id":"gebouw/Gebouw.13269828/0","properties":{"source":"Digitaal Vlaanderen Gebouwenregister","source_id":"gebouw/Gebouw.13269828/0","kind":"building","building":"official","height_m":5.1,"status":null},"geometry":{"type":"Polygon","coordinates":[[[3.97117973,50.93553036],[3.97110933,50.93556527],[3.97113649,50.93558714],[3.97119779,50.9356365],[3.97126819,50.9356016],[3.97117973,50.93553036]]]}},{"type":"Feature","id":"gebouw/Gebouw.13269837/0","properties":{"source":"Digitaal Vlaanderen Gebouwenregister","source_id":"gebouw/Gebouw.13269837/0","kind":"building","building":"official","height_m":7.35,"status":null},"geometry":{"type":"Polygon","coordinates":[[[3.96480967,50.93461598],[3.96486928,50.93456498],[3.96491744,50.93458755],[3.96492832,50.93457801],[3.96498497,50.93460419],[3.9649153,50.93466469],[3.96480967,50.93461598]]]}},{"type":"Feature","id":"gebouw/Gebouw.13270073/0","properties":{"source":"Digitaal Vlaanderen Gebouwenregister","source_id":"gebouw/Gebouw.13270073/0","kind":"building","building":"official","height_m":8.85,"status":null},"geometry":{"type":"Polygon","coordinates":[[[3.96733794,50.93998523],[3.96731235,50.93996451],[3.96735709,50.939944],[3.9673803,50.93996517],[3.96733794,50.93998523]]]}},{"type":"Feature","id":"gebouw/Gebouw.13270436/0","properties":{"source":"Digitaal Vlaanderen Gebouwenregister","source_id":"gebouw/Gebouw.13270436/0","kind":"building","building":"official","height_m":6.6,"status":null},"geometry":{"type":"Polygon","coordinates":[[[3.97081706,50.93399839],[3.97073393,50.9339373],[3.97079052,50.93390779],[3.97079604,50.93391258],[3.97087606,50.93386974],[3.97094191,50.9339184],[3.97095215,50.93392596],[3.97081706,50.93399839]]]}},{"type":"Feature","id":"gebouw/Gebouw.13270557/0","properties":{"source":"Digitaal Vlaanderen Gebouwenregister","source_id":"gebouw/Gebouw.13270557/0","kind":"building","building":"official","height_m":7.35,"status":null},"geometry":{"type":"Polygon","coordinates":[[[3.96864366,50.93961054],[3.96852811,50.93966134],[3.96850057,50.93967345],[3.9684596,50.93969147],[3.96849629,50.93972739],[3.96856663,50.93969717],[3.96855692,50.9396884],[3.96867057,50.93963631],[3.96864366,50.93961054]]]}},{"type":"Feature","id":"gebouw/Gebouw.13270607/0","properties":{"source":"Digitaal Vlaanderen Gebouwenregister","source_id":"gebouw/Gebouw.13270607/0","kind":"building","building":"official","height_m":8.85,"status":null},"geometry":{"type":"Polygon","coordinates":[[[3.96901522,50.93798968],[3.96903317,50.93797441],[3.96911251,50.93801367],[3.96912259,50.93800542],[3.96921096,50.93804983],[3.96922728,50.93803587],[3.96923131,50.93803784],[3.96923636,50.93803348],[3.96928721,50.93805684],[3.96928001,50.93806338],[3.96932695,50.93808568],[3.96928434,50.93812169],[3.9691496,50.93805559],[3.96901522,50.93798968]]]}},{"type":"Feature","id":"gebouw/Gebouw.13272683/0","properties":{"source":"Digitaal Vlaanderen Gebouwenregister","source_id":"gebouw/Gebouw.13272683/0","kind":"building","building":"official","height_m":8.85,"status":null},"geometry":{"type":"Polygon","coordinates":[[[3.97172051,50.94003007],[3.97160571,50.93994611],[3.9717124,50.93988645],[3.97182788,50.93997097],[3.97172051,50.94003007]]]}},{"type":"Feature","id":"gebouw/Gebouw.13276155/0","properties":{"source":"Digitaal Vlaanderen Gebouwenregister","source_id":"gebouw/Gebouw.13276155/0","kind":"building","building":"official","height_m":7.35,"status":null},"geometry":{"type":"Polygon","coordinates":[[[3.97014817,50.93911189],[3.97009898,50.93908929],[3.97018131,50.93901753],[3.97022766,50.93903816],[3.97014817,50.93911189]]]}},{"type":"Feature","id":"gebouw/Gebouw.13276166/0","properties":{"source":"Digitaal Vlaanderen Gebouwenregister","source_id":"gebouw/Gebouw.13276166/0","kind":"building","building":"official","height_m":6.6,"status":null},"geometry":{"type":"Polygon","coordinates":[[[3.97085049,50.93905378],[3.97084488,50.93905891],[3.97078368,50.93903224],[3.97071763,50.93900346],[3.9707914,50.93893483],[3.97080746,50.93894178],[3.97081721,50.9389328],[3.97087244,50.93895671],[3.97089676,50.93893428],[3.9709541,50.93895911],[3.97085049,50.93905378]]]}},{"type":"Feature","id":"gebouw/Gebouw.13276219/0","properties":{"source":"Digitaal Vlaanderen Gebouwenregister","source_id":"gebouw/Gebouw.13276219/0","kind":"building","building":"official","height_m":5.85,"status":null},"geometry":{"type":"Polygon","coordinates":[[[3.97207279,50.9364381],[3.97202642,50.93642534],[3.97205252,50.93638176],[3.97209976,50.93639305],[3.97207279,50.9364381]]]}},{"type":"Feature","id":"gebouw/Gebouw.13281365/0","properties":{"source":"Digitaal Vlaanderen Gebouwenregister","source_id":"gebouw/Gebouw.13281365/0","kind":"building","building":"official","height_m":8.85,"status":null},"geometry":{"type":"Polygon","coordinates":[[[3.96919121,50.93943504],[3.96919111,50.9394351],[3.96920104,50.93944578],[3.96908306,50.93948873],[3.96908289,50.9394888],[3.9690577,50.93949829],[3.96905481,50.93949938],[3.96903066,50.93946717],[3.96911273,50.93943671],[3.96911049,50.93943332],[3.96913612,50.93942303],[3.96912357,50.93941124],[3.96912365,50.9394112],[3.96925068,50.93934715],[3.96927203,50.93936228],[3.96932305,50.93933169],[3.96933633,50.93934123],[3.96919121,50.93943504]]]}},{"type":"Feature","id":"gebouw/Gebouw.13283060/0","properties":{"source":"Digitaal Vlaanderen Gebouwenregister","source_id":"gebouw/Gebouw.13283060/0","kind":"building","building":"official","height_m":6.6,"status":null},"geometry":{"type":"Polygon","coordinates":[[[3.97277987,50.94009634],[3.97287359,50.94016422],[3.9727665,50.9402237],[3.97276132,50.94021984],[3.97267373,50.94015478],[3.97277987,50.94009634]]]}},{"type":"Feature","id":"gebouw/Gebouw.13283234/0","properties":{"source":"Digitaal Vlaanderen Gebouwenregister","source_id":"gebouw/Gebouw.13283234/0","kind":"building","building":"official","height_m":6.6,"status":null},"geometry":{"type":"Polygon","coordinates":[[[3.97093563,50.93644467],[3.97093356,50.93644633],[3.97092631,50.93644211],[3.97089086,50.93646724],[3.9708981,50.93647146],[3.97085843,50.93650016],[3.97068706,50.93640553],[3.97072616,50.93637759],[3.9707338,50.93638216],[3.97077135,50.93640461],[3.97081052,50.93637666],[3.97081163,50.93637587],[3.97081721,50.93637896],[3.97093563,50.93644467]]]}},{"type":"Feature","id":"gebouw/Gebouw.13290300/0","properties":{"source":"Digitaal Vlaanderen Gebouwenregister","source_id":"gebouw/Gebouw.13290300/0","kind":"building","building":"official","height_m":5.1,"status":null},"geometry":{"type":"Polygon","coordinates":[[[3.97093527,50.93988084],[3.97086639,50.93991695],[3.97078628,50.93985539],[3.97081408,50.93983833],[3.97079542,50.93982376],[3.97074457,50.93985035],[3.97069028,50.9398074],[3.97070224,50.93980106],[3.97066406,50.93977246],[3.97073876,50.93973292],[3.97086894,50.93983091],[3.97093527,50.93988084]]]}},{"type":"Feature","id":"gebouw/Gebouw.13290491/0","properties":{"source":"Digitaal Vlaanderen Gebouwenregister","source_id":"gebouw/Gebouw.13290491/0","kind":"building","building":"official","height_m":8.85,"status":null},"geometry":{"type":"Polygon","coordinates":[[[3.9726257,50.9389521],[3.9725775,50.93897914],[3.97257368,50.93897613],[3.97255111,50.93898912],[3.97252385,50.93896778],[3.97259157,50.93893004],[3.9726257,50.9389521]]]}},{"type":"Feature","id":"gebouw/Gebouw.13290627/0","properties":{"source":"Digitaal Vlaanderen Gebouwenregister","source_id":"gebouw/Gebouw.13290627/0","kind":"building","building":"official","height_m":7.35,"status":null},"geometry":{"type":"Polygon","coordinates":[[[3.97267373,50.94015478],[3.97265204,50.94016673],[3.97260253,50.94012708],[3.97260799,50.94012376],[3.97258433,50.9401068],[3.97253894,50.94013082],[3.9725088,50.94010679],[3.97256085,50.9400802],[3.97256731,50.94008666],[3.97266094,50.94003665],[3.97269983,50.94006483],[3.97272143,50.94005315],[3.97277987,50.94009634],[3.97267373,50.94015478]]]}},{"type":"Feature","id":"gebouw/Gebouw.13290885/0","properties":{"source":"Digitaal Vlaanderen Gebouwenregister","source_id":"gebouw/Gebouw.13290885/0","kind":"building","building":"official","height_m":7.35,"status":null},"geometry":{"type":"Polygon","coordinates":[[[3.97105235,50.93981415],[3.9710009,50.93983674],[3.97095666,50.9398016],[3.97093168,50.93980812],[3.97091135,50.93979175],[3.97086738,50.93981487],[3.97088053,50.93982402],[3.97086894,50.93983091],[3.97073876,50.93973292],[3.97080618,50.93969746],[3.97086098,50.93973913],[3.97087214,50.93973324],[3.97091244,50.93976426],[3.9709558,50.93974027],[3.97101315,50.93978416],[3.97105235,50.93981415]]]}},{"type":"Feature","id":"gebouw/Gebouw.13295577/0","properties":{"source":"Digitaal Vlaanderen Gebouwenregister","source_id":"gebouw/Gebouw.13295577/0","kind":"building","building":"official","height_m":7.35,"status":null},"geometry":{"type":"Polygon","coordinates":[[[3.96735124,50.93839813],[3.96732455,50.93842728],[3.96728053,50.93841016],[3.967248,50.93839751],[3.96723959,50.93840577],[3.96719324,50.9383865],[3.96722498,50.93835149],[3.96726016,50.93836636],[3.96724334,50.93838334],[3.96725665,50.9383885],[3.96727517,50.93836837],[3.96730527,50.93838014],[3.96735124,50.93839813]]]}},{"type":"Feature","id":"gebouw/Gebouw.13295830/0","properties":{"source":"Digitaal Vlaanderen Gebouwenregister","source_id":"gebouw/Gebouw.13295830/0","kind":"building","building":"official","height_m":8.1,"status":null},"geometry":{"type":"Polygon","coordinates":[[[3.9722448,50.93872921],[3.97221868,50.93874413],[3.97224699,50.93876391],[3.97219543,50.93879201],[3.972113,50.9387344],[3.97214106,50.93871838],[3.97212842,50.93870955],[3.97213289,50.93870673],[3.97214936,50.93869633],[3.97217707,50.9387157],[3.9722037,50.93870048],[3.9722448,50.93872921]]]}},{"type":"Feature","id":"gebouw/Gebouw.13297882/0","properties":{"source":"Digitaal Vlaanderen Gebouwenregister","source_id":"gebouw/Gebouw.13297882/0","kind":"building","building":"official","height_m":8.1,"status":null},"geometry":{"type":"Polygon","coordinates":[[[3.97280777,50.93404071],[3.97278259,50.93408037],[3.97272414,50.93406671],[3.97273307,50.93399953],[3.97272716,50.93396111],[3.97281074,50.9339581],[3.97281533,50.93399835],[3.97280777,50.93404071]]]}},{"type":"Feature","id":"gebouw/Gebouw.13298048/0","properties":{"source":"Digitaal Vlaanderen Gebouwenregister","source_id":"gebouw/Gebouw.13298048/0","kind":"building","building":"official","height_m":6.6,"status":null},"geometry":{"type":"Polygon","coordinates":[[[3.96465311,50.93449912],[3.96455522,50.93444824],[3.96454434,50.93445729],[3.96443475,50.93440013],[3.96446635,50.9343735],[3.96431919,50.93430058],[3.96429574,50.93431823],[3.96438001,50.93436072],[3.96436959,50.93436962],[3.96440015,50.93438563],[3.96436472,50.93441281],[3.96440078,50.93443099],[3.96460773,50.93453535],[3.96465311,50.93449912]]]}},{"type":"Feature","id":"gebouw/Gebouw.13298449/0","properties":{"source":"Digitaal Vlaanderen Gebouwenregister","source_id":"gebouw/Gebouw.13298449/0","kind":"building","building":"official","height_m":5.85,"status":null},"geometry":{"type":"Polygon","coordinates":[[[3.97095215,50.93392596],[3.97099838,50.93396012],[3.97102505,50.93394533],[3.97105579,50.93396764],[3.97089511,50.93405578],[3.97081706,50.93399839],[3.97095215,50.93392596]]]}},{"type":"Feature","id":"gebouw/Gebouw.13301091/0","properties":{"source":"Digitaal Vlaanderen Gebouwenregister","source_id":"gebouw/Gebouw.13301091/0","kind":"building","building":"official","height_m":7.35,"status":null},"geometry":{"type":"Polygon","coordinates":[[[3.96931308,50.93881953],[3.96934328,50.93883168],[3.96931163,50.93886431],[3.96910586,50.9387819],[3.96909565,50.93877781],[3.96913494,50.93873777],[3.96924305,50.93877985],[3.96922694,50.93879728],[3.96925665,50.93880927],[3.96926554,50.93880041],[3.96931308,50.93881953]]]}},{"type":"Feature","id":"gebouw/Gebouw.13301418/0","properties":{"source":"Digitaal Vlaanderen Gebouwenregister","source_id":"gebouw/Gebouw.13301418/0","kind":"building","building":"official","height_m":5.1,"status":null},"geometry":{"type":"Polygon","coordinates":[[[3.96981558,50.93725652],[3.9697145,50.93734344],[3.96960379,50.9372943],[3.96966692,50.9372398],[3.9696282,50.93721994],[3.96966756,50.93718662],[3.96981558,50.93725652]]]}},{"type":"Feature","id":"gebouw/Gebouw.13302830/0","properties":{"source":"Digitaal Vlaanderen Gebouwenregister","source_id":"gebouw/Gebouw.13302830/0","kind":"building","building":"official","height_m":6.6,"status":null},"geometry":{"type":"Polygon","coordinates":[[[3.96987068,50.93680536],[3.96977538,50.93687723],[3.96970793,50.93683704],[3.96980316,50.93676574],[3.96987068,50.93680536]]]}},{"type":"Feature","id":"gebouw/Gebouw.13302836/0","properties":{"source":"Digitaal Vlaanderen Gebouwenregister","source_id":"gebouw/Gebouw.13302836/0","kind":"building","building":"official","height_m":6.6,"status":null},"geometry":{"type":"Polygon","coordinates":[[[3.97288724,50.93395801],[3.97289728,50.93400282],[3.97288784,50.93408558],[3.97278259,50.93408037],[3.97280777,50.93404071],[3.97281533,50.93399835],[3.97281074,50.9339581],[3.97288724,50.93395801]]]}},{"type":"Feature","id":"gebouw/Gebouw.13302967/0","properties":{"source":"Digitaal Vlaanderen Gebouwenregister","source_id":"gebouw/Gebouw.13302967/0","kind":"building","building":"official","height_m":5.85,"status":null},"geometry":{"type":"Polygon","coordinates":[[[3.97119726,50.93906473],[3.97105896,50.93900425],[3.97105508,50.9390076],[3.97102095,50.93903714],[3.9709828,50.93907017],[3.97103757,50.93909327],[3.97101256,50.93911695],[3.97109762,50.93915282],[3.97112383,50.93912965],[3.97119726,50.93906473]]]}},{"type":"Feature","id":"gebouw/Gebouw.13303393/0","properties":{"source":"Digitaal Vlaanderen Gebouwenregister","source_id":"gebouw/Gebouw.13303393/0","kind":"building","building":"official","height_m":5.85,"status":null},"geometry":{"type":"Polygon","coordinates":[[[3.96500182,50.93446111],[3.96507259,50.93440584],[3.96511618,50.934428],[3.96515261,50.93439953],[3.96524996,50.93444834],[3.96521113,50.93447881],[3.96521925,50.93448375],[3.96514872,50.93453624],[3.96500182,50.93446111]]]}},{"type":"Feature","id":"gebouw/Gebouw.13303400/0","properties":{"source":"Digitaal Vlaanderen Gebouwenregister","source_id":"gebouw/Gebouw.13303400/0","kind":"building","building":"official","height_m":6.6,"status":null},"geometry":{"type":"Polygon","coordinates":[[[3.96596087,50.93426487],[3.96590699,50.93429391],[3.96583227,50.93423523],[3.96588705,50.93420731],[3.96596087,50.93426487]]]}},{"type":"Feature","id":"gebouw/Gebouw.13305911/0","properties":{"source":"Digitaal Vlaanderen Gebouwenregister","source_id":"gebouw/Gebouw.13305911/0","kind":"building","building":"official","height_m":8.85,"status":null},"geometry":{"type":"Polygon","coordinates":[[[3.96515073,50.93398128],[3.96509068,50.93393031],[3.96514358,50.93390326],[3.96520316,50.93395513],[3.96515073,50.93398128]]]}},{"type":"Feature","id":"gebouw/Gebouw.13306125/0","properties":{"source":"Digitaal Vlaanderen Gebouwenregister","source_id":"gebouw/Gebouw.13306125/0","kind":"building","building":"official","height_m":7.35,"status":null},"geometry":{"type":"Polygon","coordinates":[[[3.97081834,50.94016686],[3.97078682,50.94014085],[3.97082728,50.94012018],[3.97086023,50.94014544],[3.97081834,50.94016686]]]}},{"type":"Feature","id":"gebouw/Gebouw.13306206/0","properties":{"source":"Digitaal Vlaanderen Gebouwenregister","source_id":"gebouw/Gebouw.13306206/0","kind":"building","building":"official","height_m":5.1,"status":null},"geometry":{"type":"Polygon","coordinates":[[[3.97026676,50.9384795],[3.97025863,50.93845191],[3.97031184,50.93844679],[3.97031879,50.93847393],[3.97026676,50.9384795]]]}},{"type":"Feature","id":"gebouw/Gebouw.13306498/0","properties":{"source":"Digitaal Vlaanderen Gebouwenregister","source_id":"gebouw/Gebouw.13306498/0","kind":"building","building":"official","height_m":8.1,"status":null},"geometry":{"type":"Polygon","coordinates":[[[3.97176945,50.93553176],[3.9717574,50.93553758],[3.9715955,50.93540165],[3.97169341,50.93535565],[3.97170493,50.93536507],[3.97185696,50.93548949],[3.97176945,50.93553176]]]}},{"type":"Feature","id":"gebouw/Gebouw.13308623/0","properties":{"source":"Digitaal Vlaanderen Gebouwenregister","source_id":"gebouw/Gebouw.13308623/0","kind":"building","building":"official","height_m":8.85,"status":null},"geometry":{"type":"Polygon","coordinates":[[[3.96364124,50.93503723],[3.96358487,50.93500982],[3.96344283,50.93494074],[3.9634282,50.93493362],[3.96341177,50.93492563],[3.9633838,50.93494939],[3.96338559,50.93495023],[3.9633426,50.93498527],[3.96352336,50.93507383],[3.96354067,50.93505949],[3.96358683,50.9350819],[3.96364124,50.93503723]]]}},{"type":"Feature","id":"gebouw/Gebouw.13310532/0","properties":{"source":"Digitaal Vlaanderen Gebouwenregister","source_id":"gebouw/Gebouw.13310532/0","kind":"building","building":"official","height_m":5.1,"status":null},"geometry":{"type":"Polygon","coordinates":[[[3.97206609,50.93869697],[3.972029,50.93866317],[3.9720958,50.93863309],[3.97213074,50.93866674],[3.97206609,50.93869697]]]}},{"type":"Feature","id":"gebouw/Gebouw.13310874/0","properties":{"source":"Digitaal Vlaanderen Gebouwenregister","source_id":"gebouw/Gebouw.13310874/0","kind":"building","building":"official","height_m":5.1,"status":null},"geometry":{"type":"Polygon","coordinates":[[[3.97158642,50.93446517],[3.97156843,50.93449261],[3.97147355,50.93446374],[3.97140511,50.93444292],[3.97133705,50.93442308],[3.97136835,50.93438038],[3.9714364,50.93440029],[3.9714967,50.93441793],[3.97148354,50.93443721],[3.97152828,50.93445098],[3.97153022,50.93444814],[3.97158642,50.93446517]]]}},{"type":"Feature","id":"gebouw/Gebouw.13312406/0","properties":{"source":"Digitaal Vlaanderen Gebouwenregister","source_id":"gebouw/Gebouw.13312406/0","kind":"building","building":"official","height_m":6.6,"status":null},"geometry":{"type":"Polygon","coordinates":[[[3.96690757,50.93894991],[3.96686028,50.9389921],[3.96680757,50.93897002],[3.9668522,50.93892609],[3.96690757,50.93894991]]]}},{"type":"Feature","id":"gebouw/Gebouw.13312418/0","properties":{"source":"Digitaal Vlaanderen Gebouwenregister","source_id":"gebouw/Gebouw.13312418/0","kind":"building","building":"official","height_m":6.6,"status":null},"geometry":{"type":"Polygon","coordinates":[[[3.96754114,50.93982198],[3.96755983,50.93983676],[3.96747948,50.93987738],[3.96742942,50.93983643],[3.96744361,50.93982913],[3.96742896,50.93981602],[3.96744811,50.93980676],[3.96746413,50.93981941],[3.96750891,50.93979677],[3.96753753,50.93981915],[3.96754114,50.93982198]]]}},{"type":"Feature","id":"gebouw/Gebouw.13312619/0","properties":{"source":"Digitaal Vlaanderen Gebouwenregister","source_id":"gebouw/Gebouw.13312619/0","kind":"building","building":"official","height_m":8.85,"status":null},"geometry":{"type":"Polygon","coordinates":[[[3.96699098,50.93921816],[3.96681723,50.93932762],[3.96672045,50.93926118],[3.9669199,50.93915422],[3.96692309,50.9391564],[3.96696459,50.93918488],[3.96696724,50.9391867],[3.96695533,50.9391936],[3.96699098,50.93921816]]]}},{"type":"Feature","id":"gebouw/Gebouw.13313040/0","properties":{"source":"Digitaal Vlaanderen Gebouwenregister","source_id":"gebouw/Gebouw.13313040/0","kind":"building","building":"official","height_m":5.1,"status":null},"geometry":{"type":"Polygon","coordinates":[[[3.97165047,50.93658667],[3.97162608,50.93660601],[3.97167057,50.9366284],[3.9716012,50.93668413],[3.97159038,50.93667867],[3.97121871,50.93649108],[3.97129288,50.93643451],[3.97138065,50.93647978],[3.97140293,50.93650056],[3.97143157,50.93647648],[3.97165047,50.93658667]]]}},{"type":"Feature","id":"gebouw/Gebouw.13313280/0","properties":{"source":"Digitaal Vlaanderen Gebouwenregister","source_id":"gebouw/Gebouw.13313280/0","kind":"building","building":"official","height_m":5.1,"status":null},"geometry":{"type":"Polygon","coordinates":[[[3.96992167,50.93978898],[3.96992449,50.93978749],[3.96987026,50.93974477],[3.96985625,50.93973373],[3.9698356,50.93971747],[3.96979371,50.93973979],[3.96981233,50.93975354],[3.9698323,50.9397683],[3.96988593,50.9398079],[3.96992167,50.93978898]]]}},{"type":"Feature","id":"gebouw/Gebouw.13318571/0","properties":{"source":"Digitaal Vlaanderen Gebouwenregister","source_id":"gebouw/Gebouw.13318571/0","kind":"building","building":"official","height_m":8.85,"status":null},"geometry":{"type":"Polygon","coordinates":[[[3.96680495,50.93864202],[3.96676478,50.93862638],[3.96678857,50.93860174],[3.96682851,50.93861783],[3.96680495,50.93864202]]]}},{"type":"Feature","id":"gebouw/Gebouw.13318613/0","properties":{"source":"Digitaal Vlaanderen Gebouwenregister","source_id":"gebouw/Gebouw.13318613/0","kind":"building","building":"official","height_m":8.85,"status":null},"geometry":{"type":"Polygon","coordinates":[[[3.97038439,50.93966294],[3.97029551,50.93959126],[3.97029083,50.93959387],[3.97025041,50.93961638],[3.97025007,50.93961657],[3.9702164,50.93963533],[3.97030851,50.93970315],[3.97038439,50.93966294]]]}},{"type":"Feature","id":"gebouw/Gebouw.13318835/0","properties":{"source":"Digitaal Vlaanderen Gebouwenregister","source_id":"gebouw/Gebouw.13318835/0","kind":"building","building":"official","height_m":8.85,"status":null},"geometry":{"type":"Polygon","coordinates":[[[3.97304847,50.93456061],[3.97296221,50.93457926],[3.97294226,50.93454381],[3.97290473,50.9345524],[3.9727945,50.93436464],[3.97277742,50.93433398],[3.97278525,50.93433151],[3.97273979,50.93425581],[3.97275191,50.93425294],[3.97286297,50.93422667],[3.9729024,50.93428613],[3.9729373,50.93427666],[3.97307096,50.93424247],[3.97311061,50.93430778],[3.97316735,50.93440122],[3.97325346,50.93449536],[3.97319619,50.93451506],[3.97311554,50.93442075],[3.97309388,50.93438696],[3.97303019,50.9344032],[3.97301901,50.93438473],[3.97296179,50.93439775],[3.97302895,50.93452395],[3.97304847,50.93456061]]]}},{"type":"Feature","id":"gebouw/Gebouw.13319116/0","properties":{"source":"Digitaal Vlaanderen Gebouwenregister","source_id":"gebouw/Gebouw.13319116/0","kind":"building","building":"official","height_m":8.1,"status":null},"geometry":{"type":"Polygon","coordinates":[[[3.96671701,50.93853632],[3.96663079,50.93861757],[3.9666448,50.93862454],[3.96660399,50.93866027],[3.96665983,50.93868666],[3.96658809,50.93874399],[3.96648397,50.93869435],[3.966609,50.93857788],[3.96667353,50.938516],[3.96671701,50.93853632]]]}},{"type":"Feature","id":"gebouw/Gebouw.13320761/0","properties":{"source":"Digitaal Vlaanderen Gebouwenregister","source_id":"gebouw/Gebouw.13320761/0","kind":"building","building":"official","height_m":8.85,"status":null},"geometry":{"type":"Polygon","coordinates":[[[3.9700189,50.94011383],[3.97009068,50.94007697],[3.97013395,50.94010946],[3.97014627,50.94010297],[3.97020186,50.94014416],[3.97018361,50.94015446],[3.97021143,50.94017628],[3.97019093,50.94018766],[3.97024817,50.94023138],[3.97023955,50.94023633],[3.97027676,50.94026687],[3.97026624,50.9402724],[3.97029898,50.94029727],[3.97027795,50.94030832],[3.97026406,50.94029777],[3.97026225,50.94029872],[3.97024311,50.94028418],[3.97020505,50.94025527],[3.97016035,50.94022131],[3.9700189,50.94011383]]]}},{"type":"Feature","id":"gebouw/Gebouw.13323750/0","properties":{"source":"Digitaal Vlaanderen Gebouwenregister","source_id":"gebouw/Gebouw.13323750/0","kind":"building","building":"official","height_m":5.1,"status":null},"geometry":{"type":"Polygon","coordinates":[[[3.96520585,50.93456545],[3.96516744,50.93459377],[3.96529798,50.93465836],[3.9652914,50.93466443],[3.96532295,50.93467874],[3.96529542,50.93470321],[3.96503488,50.93457584],[3.96505733,50.93455717],[3.9649499,50.93450165],[3.96500182,50.93446111],[3.96514872,50.93453624],[3.96520585,50.93456545]]]}},{"type":"Feature","id":"gebouw/Gebouw.13335908/0","properties":{"source":"Digitaal Vlaanderen Gebouwenregister","source_id":"gebouw/Gebouw.13335908/0","kind":"building","building":"official","height_m":6.6,"status":null},"geometry":{"type":"Polygon","coordinates":[[[3.97147701,50.93493105],[3.97149825,50.93494914],[3.97143314,50.934981],[3.9714106,50.93496225],[3.97147701,50.93493105]]]}},{"type":"Feature","id":"gebouw/Gebouw.13336205/0","properties":{"source":"Digitaal Vlaanderen Gebouwenregister","source_id":"gebouw/Gebouw.13336205/0","kind":"building","building":"official","height_m":8.85,"status":null},"geometry":{"type":"Polygon","coordinates":[[[3.96980619,50.93827037],[3.9696937,50.93823116],[3.969737,50.93818082],[3.96984829,50.93822048],[3.96980619,50.93827037]]]}},{"type":"Feature","id":"gebouw/Gebouw.13340098/0","properties":{"source":"Digitaal Vlaanderen Gebouwenregister","source_id":"gebouw/Gebouw.13340098/0","kind":"building","building":"official","height_m":8.1,"status":null},"geometry":{"type":"Polygon","coordinates":[[[3.96674886,50.93912765],[3.96671645,50.93914561],[3.96666066,50.93911304],[3.96672033,50.9390742],[3.96669991,50.93906254],[3.96675167,50.93902985],[3.96679079,50.93904147],[3.96679888,50.93903472],[3.96685374,50.93905155],[3.96678778,50.93910444],[3.96678115,50.93910976],[3.96674886,50.93912765]]]}},{"type":"Feature","id":"gebouw/Gebouw.13341770/0","properties":{"source":"Digitaal Vlaanderen Gebouwenregister","source_id":"gebouw/Gebouw.13341770/0","kind":"building","building":"official","height_m":6.6,"status":null},"geometry":{"type":"Polygon","coordinates":[[[3.97223711,50.94037351],[3.9721998,50.94034393],[3.97222713,50.94032912],[3.97226348,50.94035765],[3.97223711,50.94037351]]]}},{"type":"Feature","id":"gebouw/Gebouw.13341774/0","properties":{"source":"Digitaal Vlaanderen Gebouwenregister","source_id":"gebouw/Gebouw.13341774/0","kind":"building","building":"official","height_m":5.1,"status":null},"geometry":{"type":"Polygon","coordinates":[[[3.96873129,50.9394326],[3.96871355,50.93941401],[3.96882686,50.93937222],[3.96878752,50.93932683],[3.96869356,50.93935494],[3.96870322,50.93937109],[3.96865374,50.93938646],[3.96867572,50.93941229],[3.96861022,50.93943393],[3.96861424,50.93943862],[3.96855229,50.93945966],[3.96858644,50.93948765],[3.96858891,50.93949534],[3.96873129,50.9394326]]]}},{"type":"Feature","id":"gebouw/Gebouw.13342239/0","properties":{"source":"Digitaal Vlaanderen Gebouwenregister","source_id":"gebouw/Gebouw.13342239/0","kind":"building","building":"official","height_m":7.35,"status":null},"geometry":{"type":"Polygon","coordinates":[[[3.97091407,50.93654668],[3.97084142,50.93660589],[3.97066584,50.93650495],[3.97047134,50.93639314],[3.97051958,50.93636009],[3.97074883,50.93649235],[3.97077425,50.93647222],[3.97091407,50.93654668]]]}},{"type":"Feature","id":"gebouw/Gebouw.13342242/0","properties":{"source":"Digitaal Vlaanderen Gebouwenregister","source_id":"gebouw/Gebouw.13342242/0","kind":"building","building":"official","height_m":5.1,"status":null},"geometry":{"type":"Polygon","coordinates":[[[3.96943868,50.94033135],[3.9692502,50.94040565],[3.96921146,50.94035823],[3.96935046,50.9403049],[3.969409,50.94028244],[3.96943868,50.94033135]]]}},{"type":"Feature","id":"gebouw/Gebouw.13342346/0","properties":{"source":"Digitaal Vlaanderen Gebouwenregister","source_id":"gebouw/Gebouw.13342346/0","kind":"building","building":"official","height_m":6.6,"status":null},"geometry":{"type":"Polygon","coordinates":[[[3.97105945,50.93859653],[3.97101168,50.93864029],[3.97096148,50.9386186],[3.97096966,50.93861104],[3.97090285,50.93858216],[3.9710088,50.9384851],[3.97112483,50.93853666],[3.97105945,50.93859653]]]}},{"type":"Feature","id":"gebouw/Gebouw.13345451/0","properties":{"source":"Digitaal Vlaanderen Gebouwenregister","source_id":"gebouw/Gebouw.13345451/0","kind":"building","building":"official","height_m":8.85,"status":null},"geometry":{"type":"Polygon","coordinates":[[[3.96987077,50.93993419],[3.96977221,50.93985898],[3.96976077,50.93985024],[3.96968344,50.93988993],[3.96975405,50.93994457],[3.96976215,50.93994039],[3.96980231,50.93997037],[3.96987077,50.93993419]]]}},{"type":"Feature","id":"gebouw/Gebouw.13345678/0","properties":{"source":"Digitaal Vlaanderen Gebouwenregister","source_id":"gebouw/Gebouw.13345678/0","kind":"building","building":"official","height_m":8.1,"status":null},"geometry":{"type":"Polygon","coordinates":[[[3.97032073,50.93630523],[3.97024395,50.93625921],[3.97027634,50.93623729],[3.97035264,50.93628167],[3.97032073,50.93630523]]]}},{"type":"Feature","id":"gebouw/Gebouw.13348156/0","properties":{"source":"Digitaal Vlaanderen Gebouwenregister","source_id":"gebouw/Gebouw.13348156/0","kind":"building","building":"official","height_m":8.1,"status":null},"geometry":{"type":"Polygon","coordinates":[[[3.96448084,50.93586552],[3.96444765,50.93584726],[3.9644827,50.93582131],[3.96451756,50.93583942],[3.96448084,50.93586552]]]}},{"type":"Feature","id":"gebouw/Gebouw.13350653/0","properties":{"source":"Digitaal Vlaanderen Gebouwenregister","source_id":"gebouw/Gebouw.13350653/0","kind":"building","building":"official","height_m":8.85,"status":null},"geometry":{"type":"Polygon","coordinates":[[[3.97271362,50.94055021],[3.97271981,50.94054667],[3.97272172,50.940548],[3.97259721,50.94061916],[3.9725953,50.94061783],[3.97260672,50.9406113],[3.97243722,50.9404912],[3.97257431,50.94041266],[3.97268261,50.94048952],[3.97265457,50.94050433],[3.97271362,50.94055021]]]}},{"type":"Feature","id":"gebouw/Gebouw.13354948/0","properties":{"source":"Digitaal Vlaanderen Gebouwenregister","source_id":"gebouw/Gebouw.13354948/0","kind":"building","building":"official","height_m":8.1,"status":null},"geometry":{"type":"Polygon","coordinates":[[[3.97059694,50.93729524],[3.9706007,50.93729097],[3.97060517,50.93728593],[3.97059756,50.93726706],[3.97054324,50.93724699],[3.9705949,50.93719075],[3.97079416,50.93726248],[3.97072317,50.93734016],[3.97059694,50.93729524]]]}},{"type":"Feature","id":"gebouw/Gebouw.13354971/0","properties":{"source":"Digitaal Vlaanderen Gebouwenregister","source_id":"gebouw/Gebouw.13354971/0","kind":"building","building":"official","height_m":7.35,"status":null},"geometry":{"type":"Polygon","coordinates":[[[3.96950429,50.94056795],[3.96947878,50.94054236],[3.96945874,50.94054994],[3.96943422,50.94052405],[3.9694587,50.9405138],[3.96943303,50.94048767],[3.96926758,50.94055285],[3.96934575,50.94063119],[3.96950429,50.94056795]]]}},{"type":"Feature","id":"gebouw/Gebouw.13355782/0","properties":{"source":"Digitaal Vlaanderen Gebouwenregister","source_id":"gebouw/Gebouw.13355782/0","kind":"building","building":"official","height_m":8.1,"status":null},"geometry":{"type":"Polygon","coordinates":[[[3.97051522,50.93948285],[3.97047534,50.93950474],[3.97044098,50.93952359],[3.97052562,50.93958819],[3.97059287,50.93955266],[3.97055562,50.9395243],[3.97056383,50.93951976],[3.97051522,50.93948285]]]}},{"type":"Feature","id":"gebouw/Gebouw.13361361/0","properties":{"source":"Digitaal Vlaanderen Gebouwenregister","source_id":"gebouw/Gebouw.13361361/0","kind":"building","building":"official","height_m":7.35,"status":null},"geometry":{"type":"Polygon","coordinates":[[[3.97090293,50.93682533],[3.97096636,50.93676732],[3.9711053,50.93682892],[3.97104333,50.93688758],[3.97102827,50.9368809],[3.97090293,50.93682533]]]}},{"type":"Feature","id":"gebouw/Gebouw.13362816/0","properties":{"source":"Digitaal Vlaanderen Gebouwenregister","source_id":"gebouw/Gebouw.13362816/0","kind":"building","building":"official","height_m":5.1,"status":null},"geometry":{"type":"Polygon","coordinates":[[[3.97123886,50.93763116],[3.97120418,50.93766375],[3.9711547,50.93764058],[3.97118468,50.93761034],[3.97123886,50.93763116]]]}},{"type":"Feature","id":"gebouw/Gebouw.13365902/0","properties":{"source":"Digitaal Vlaanderen Gebouwenregister","source_id":"gebouw/Gebouw.13365902/0","kind":"building","building":"official","height_m":6.6,"status":null},"geometry":{"type":"Polygon","coordinates":[[[3.9648733,50.93473136],[3.96486471,50.93473865],[3.96473868,50.93467672],[3.96480967,50.93461598],[3.9649153,50.93466469],[3.96493897,50.93467561],[3.9648733,50.93473136]]]}},{"type":"Feature","id":"gebouw/Gebouw.13369099/0","properties":{"source":"Digitaal Vlaanderen Gebouwenregister","source_id":"gebouw/Gebouw.13369099/0","kind":"building","building":"official","height_m":5.85,"status":null},"geometry":{"type":"Polygon","coordinates":[[[3.96890436,50.93812961],[3.96888615,50.93814422],[3.96879574,50.93810118],[3.96881157,50.93808687],[3.96882803,50.93809408],[3.96883021,50.93809509],[3.96890436,50.93812961]]]}},{"type":"Feature","id":"gebouw/Gebouw.13371126/0","properties":{"source":"Digitaal Vlaanderen Gebouwenregister","source_id":"gebouw/Gebouw.13371126/0","kind":"building","building":"official","height_m":5.1,"status":null},"geometry":{"type":"Polygon","coordinates":[[[3.96933783,50.93789863],[3.96930712,50.93792489],[3.96918228,50.9378661],[3.96928546,50.93777935],[3.96940889,50.93783797],[3.96937996,50.9378626],[3.96936841,50.93785745],[3.96932645,50.93789333],[3.96933783,50.93789863]]]}},{"type":"Feature","id":"gebouw/Gebouw.13372542/0","properties":{"source":"Digitaal Vlaanderen Gebouwenregister","source_id":"gebouw/Gebouw.13372542/0","kind":"building","building":"official","height_m":5.1,"status":null},"geometry":{"type":"Polygon","coordinates":[[[3.97074522,50.93484352],[3.97068548,50.93486792],[3.97057798,50.93491184],[3.97052287,50.93485619],[3.97068988,50.9347884],[3.97074522,50.93484352]]]}},{"type":"Feature","id":"gebouw/Gebouw.13372758/0","properties":{"source":"Digitaal Vlaanderen Gebouwenregister","source_id":"gebouw/Gebouw.13372758/0","kind":"building","building":"official","height_m":5.1,"status":null},"geometry":{"type":"Polygon","coordinates":[[[3.96543176,50.93501186],[3.96536444,50.93497895],[3.96539119,50.93495573],[3.96545849,50.93498773],[3.96543176,50.93501186]]]}},{"type":"Feature","id":"gebouw/Gebouw.13372829/0","properties":{"source":"Digitaal Vlaanderen Gebouwenregister","source_id":"gebouw/Gebouw.13372829/0","kind":"building","building":"official","height_m":8.85,"status":null},"geometry":{"type":"Polygon","coordinates":[[[3.96901389,50.93923911],[3.96895857,50.93927221],[3.96887137,50.93921043],[3.96892582,50.93917889],[3.96900682,50.93923428],[3.96901389,50.93923911]]]}},{"type":"Feature","id":"gebouw/Gebouw.13376463/0","properties":{"source":"Digitaal Vlaanderen Gebouwenregister","source_id":"gebouw/Gebouw.13376463/0","kind":"building","building":"official","height_m":7.35,"status":null},"geometry":{"type":"Polygon","coordinates":[[[3.97139329,50.93760031],[3.97141655,50.9375688],[3.97148288,50.93759035],[3.97145642,50.93762136],[3.97139329,50.93760031]]]}},{"type":"Feature","id":"gebouw/Gebouw.13376720/0","properties":{"source":"Digitaal Vlaanderen Gebouwenregister","source_id":"gebouw/Gebouw.13376720/0","kind":"building","building":"official","height_m":6.6,"status":null},"geometry":{"type":"Polygon","coordinates":[[[3.96976293,50.93869704],[3.96972823,50.93868262],[3.96976114,50.93865048],[3.9697949,50.93866369],[3.96976293,50.93869704]]]}},{"type":"Feature","id":"gebouw/Gebouw.13379496/0","properties":{"source":"Digitaal Vlaanderen Gebouwenregister","source_id":"gebouw/Gebouw.13379496/0","kind":"building","building":"official","height_m":5.1,"status":null},"geometry":{"type":"Polygon","coordinates":[[[3.96937994,50.93881702],[3.96938367,50.93881338],[3.96950372,50.93886135],[3.96948474,50.93888028],[3.96945241,50.93886737],[3.96944592,50.93887398],[3.96936899,50.9388427],[3.9693582,50.93883831],[3.96937994,50.93881702]]]}},{"type":"Feature","id":"gebouw/Gebouw.13382479/0","properties":{"source":"Digitaal Vlaanderen Gebouwenregister","source_id":"gebouw/Gebouw.13382479/0","kind":"building","building":"official","height_m":5.85,"status":null},"geometry":{"type":"Polygon","coordinates":[[[3.97000996,50.93407063],[3.96995343,50.93409926],[3.96992654,50.93407935],[3.96998717,50.93404982],[3.97000996,50.93407063]]]}},{"type":"Feature","id":"gebouw/Gebouw.13382483/0","properties":{"source":"Digitaal Vlaanderen Gebouwenregister","source_id":"gebouw/Gebouw.13382483/0","kind":"building","building":"official","height_m":8.85,"status":null},"geometry":{"type":"Polygon","coordinates":[[[3.97318976,50.93401596],[3.97317638,50.93410645],[3.97301999,50.93409702],[3.97302054,50.93409341],[3.97303216,50.93401242],[3.97303261,50.93400929],[3.97318976,50.93401596]]]}},{"type":"Feature","id":"gebouw/Gebouw.13385036/0","properties":{"source":"Digitaal Vlaanderen Gebouwenregister","source_id":"gebouw/Gebouw.13385036/0","kind":"building","building":"official","height_m":6.6,"status":null},"geometry":{"type":"Polygon","coordinates":[[[3.96814306,50.9395093],[3.96811578,50.93952363],[3.96808958,50.93950269],[3.96806505,50.9394831],[3.9680024,50.9395172],[3.96800064,50.93951816],[3.96798288,50.93950213],[3.96797619,50.93950467],[3.96792053,50.93945463],[3.96801501,50.93940738],[3.96814306,50.9395093]]]}},{"type":"Feature","id":"gebouw/Gebouw.13387864/0","properties":{"source":"Digitaal Vlaanderen Gebouwenregister","source_id":"gebouw/Gebouw.13387864/0","kind":"building","building":"official","height_m":8.1,"status":null},"geometry":{"type":"Polygon","coordinates":[[[3.96515192,50.93547302],[3.96508634,50.93545123],[3.96508799,50.93544867],[3.96507607,50.93544509],[3.96508741,50.93543183],[3.96510052,50.93543601],[3.96511846,50.93541326],[3.96518285,50.93543505],[3.96515192,50.93547302]]]}},{"type":"Feature","id":"gebouw/Gebouw.13389558/0","properties":{"source":"Digitaal Vlaanderen Gebouwenregister","source_id":"gebouw/Gebouw.13389558/0","kind":"building","building":"official","height_m":5.1,"status":null},"geometry":{"type":"Polygon","coordinates":[[[3.96535296,50.93845002],[3.96534627,50.93844381],[3.96527799,50.93847663],[3.96524034,50.93844536],[3.96534733,50.93839499],[3.96539217,50.93843193],[3.96538457,50.93843544],[3.96535693,50.93844819],[3.96535296,50.93845002]]]}},{"type":"Feature","id":"gebouw/Gebouw.13389631/0","properties":{"source":"Digitaal Vlaanderen Gebouwenregister","source_id":"gebouw/Gebouw.13389631/0","kind":"building","building":"official","height_m":5.85,"status":null},"geometry":{"type":"Polygon","coordinates":[[[3.97169103,50.93569671],[3.97169079,50.93569704],[3.97169047,50.93569749],[3.97168952,50.93569812],[3.97168831,50.93569852],[3.97168697,50.93569866],[3.97168537,50.93569844],[3.97168402,50.93569786],[3.97164294,50.93566814],[3.97162506,50.93568857],[3.971568,50.93573232],[3.97154296,50.93572038],[3.97153552,50.9357266],[3.97148696,50.93570408],[3.97149637,50.93569649],[3.97142979,50.93566329],[3.97149086,50.93563069],[3.97154361,50.93565781],[3.97156767,50.93563789],[3.97159385,50.93562517],[3.97169056,50.9355782],[3.97171838,50.9356253],[3.97171793,50.93562882],[3.9717132,50.93564239],[3.97169133,50.93569597],[3.97169103,50.93569671]]]}},{"type":"Feature","id":"gebouw/Gebouw.13393580/0","properties":{"source":"Digitaal Vlaanderen Gebouwenregister","source_id":"gebouw/Gebouw.13393580/0","kind":"building","building":"official","height_m":6.6,"status":null},"geometry":{"type":"Polygon","coordinates":[[[3.9649944,50.93476918],[3.96507528,50.93480386],[3.96507271,50.93480618],[3.96510525,50.93482062],[3.96505671,50.93486429],[3.96502407,50.93484988],[3.96494209,50.93481367],[3.9649944,50.93476918]]]}},{"type":"Feature","id":"gebouw/Gebouw.13394937/0","properties":{"source":"Digitaal Vlaanderen Gebouwenregister","source_id":"gebouw/Gebouw.13394937/0","kind":"building","building":"official","height_m":7.35,"status":null},"geometry":{"type":"Polygon","coordinates":[[[3.96777298,50.9396377],[3.96776694,50.93964085],[3.9676859,50.93957386],[3.96775457,50.93953912],[3.96783729,50.93960412],[3.96777298,50.9396377]]]}},{"type":"Feature","id":"gebouw/Gebouw.13395105/0","properties":{"source":"Digitaal Vlaanderen Gebouwenregister","source_id":"gebouw/Gebouw.13395105/0","kind":"building","building":"official","height_m":7.35,"status":null},"geometry":{"type":"Polygon","coordinates":[[[3.97109033,50.93672351],[3.97114169,50.93667907],[3.97115948,50.93668695],[3.97122909,50.9366269],[3.97121141,50.93661871],[3.97125852,50.93657807],[3.97141443,50.93665003],[3.97133163,50.93672123],[3.9713087,50.93671059],[3.97122307,50.93678422],[3.97109033,50.93672351]]]}},{"type":"Feature","id":"gebouw/Gebouw.13395310/0","properties":{"source":"Digitaal Vlaanderen Gebouwenregister","source_id":"gebouw/Gebouw.13395310/0","kind":"building","building":"official","height_m":8.1,"status":null},"geometry":{"type":"Polygon","coordinates":[[[3.97152715,50.94000083],[3.97153195,50.93999819],[3.97164089,50.94007502],[3.97152309,50.94014031],[3.97141563,50.94006231],[3.97142292,50.94005829],[3.97152715,50.94000083]]]}},{"type":"Feature","id":"gebouw/Gebouw.13395544/0","properties":{"source":"Digitaal Vlaanderen Gebouwenregister","source_id":"gebouw/Gebouw.13395544/0","kind":"building","building":"official","height_m":8.1,"status":null},"geometry":{"type":"Polygon","coordinates":[[[3.97122949,50.9359534],[3.97126664,50.93597605],[3.97126773,50.93597673],[3.97126859,50.93597752],[3.9712692,50.9359784],[3.97126958,50.93598009],[3.97126906,50.93598177],[3.97126768,50.93598325],[3.97126561,50.93598435],[3.97130258,50.93600606],[3.97130309,50.93600815],[3.97130315,50.93601027],[3.97130274,50.93601236],[3.97130187,50.93601441],[3.97129984,50.93601719],[3.97129696,50.93601966],[3.97129398,50.93602144],[3.97129128,50.93602263],[3.97128831,50.93602354],[3.97128515,50.93602413],[3.97128187,50.93602438],[3.97127952,50.93602435],[3.97127719,50.93602414],[3.97127492,50.93602376],[3.97127273,50.93602323],[3.97124983,50.93603822],[3.97125517,50.93604235],[3.97125645,50.93604422],[3.97125742,50.93604618],[3.97125808,50.93604818],[3.97125842,50.93605021],[3.97125843,50.93605236],[3.97125809,50.93605449],[3.97125739,50.93605659],[3.97125635,50.93605863],[3.97125495,50.93606062],[3.97125321,50.93606249],[3.97125116,50.93606424],[3.97124881,50.93606583],[3.97124634,50.93606718],[3.97124364,50.93606835],[3.97124078,50.93606935],[3.97123777,50.93607016],[3.97123248,50.93607108],[3.97122703,50.93607141],[3.97122157,50.93607114],[3.97121626,50.93607029],[3.97121404,50.93606974],[3.97121188,50.93606907],[3.97120983,50.93606831],[3.97120786,50.93606745],[3.97117756,50.93604972],[3.97116811,50.93605604],[3.97109542,50.93601432],[3.97109114,50.93601703],[3.97098579,50.93594751],[3.97097034,50.93594737],[3.9709173,50.93591509],[3.97097243,50.93587662],[3.97099335,50.93588773],[3.97106392,50.93583904],[3.97117569,50.9359045],[3.9711189,50.93594432],[3.97118121,50.93598171],[3.97121804,50.93595571],[3.97121847,50.9359554],[3.97121901,50.93595505],[3.97121959,50.93595473],[3.97122021,50.93595444],[3.97122085,50.93595417],[3.97122153,50.93595393],[3.97122223,50.93595372],[3.97122295,50.93595354],[3.97122368,50.9359534],[3.97122444,50.93595328],[3.9712252,50.93595321],[3.97122597,50.93595316],[3.97122674,50.93595315],[3.97122752,50.93595317],[3.97122828,50.93595323],[3.97122949,50.9359534]]]}},{"type":"Feature","id":"gebouw/Gebouw.13397567/0","properties":{"source":"Digitaal Vlaanderen Gebouwenregister","source_id":"gebouw/Gebouw.13397567/0","kind":"building","building":"official","height_m":8.85,"status":null},"geometry":{"type":"Polygon","coordinates":[[[3.96834941,50.93947043],[3.96832056,50.9394387],[3.96835739,50.93942541],[3.96838553,50.93945638],[3.96834941,50.93947043]]]}},{"type":"Feature","id":"gebouw/Gebouw.13397606/0","properties":{"source":"Digitaal Vlaanderen Gebouwenregister","source_id":"gebouw/Gebouw.13397606/0","kind":"building","building":"official","height_m":6.6,"status":null},"geometry":{"type":"Polygon","coordinates":[[[3.97325092,50.93393584],[3.97322426,50.93388568],[3.97328938,50.93386914],[3.97329557,50.93388055],[3.97330294,50.9338789],[3.97332507,50.93391764],[3.97325092,50.93393584]]]}},{"type":"Feature","id":"gebouw/Gebouw.13400573/0","properties":{"source":"Digitaal Vlaanderen Gebouwenregister","source_id":"gebouw/Gebouw.13400573/0","kind":"building","building":"official","height_m":8.85,"status":null},"geometry":{"type":"Polygon","coordinates":[[[3.96757887,50.93880966],[3.96755366,50.93879969],[3.96756052,50.93879276],[3.96755159,50.93878915],[3.96757193,50.93876903],[3.96750029,50.93874011],[3.9674278,50.93881179],[3.9675329,50.93885521],[3.96757887,50.93880966]]]}},{"type":"Feature","id":"gebouw/Gebouw.13401217/0","properties":{"source":"Digitaal Vlaanderen Gebouwenregister","source_id":"gebouw/Gebouw.13401217/0","kind":"building","building":"official","height_m":5.85,"status":null},"geometry":{"type":"Polygon","coordinates":[[[3.96379223,50.93491715],[3.96363034,50.93483971],[3.96367177,50.93480683],[3.96368634,50.93481431],[3.96376398,50.93475036],[3.96390123,50.93481692],[3.96384339,50.93486403],[3.96385164,50.9348677],[3.96379223,50.93491715]]]}},{"type":"Feature","id":"gebouw/Gebouw.13401319/0","properties":{"source":"Digitaal Vlaanderen Gebouwenregister","source_id":"gebouw/Gebouw.13401319/0","kind":"building","building":"official","height_m":5.85,"status":null},"geometry":{"type":"Polygon","coordinates":[[[3.96820612,50.93800838],[3.96820231,50.93800716],[3.96817614,50.93803029],[3.96803382,50.93796371],[3.9681075,50.93790171],[3.96825171,50.93797055],[3.96820612,50.93800838]]]}},{"type":"Feature","id":"gebouw/Gebouw.13403309/0","properties":{"source":"Digitaal Vlaanderen Gebouwenregister","source_id":"gebouw/Gebouw.13403309/0","kind":"building","building":"official","height_m":8.85,"status":null},"geometry":{"type":"Polygon","coordinates":[[[3.9728791,50.94034633],[3.97289012,50.94035406],[3.9728932,50.9403523],[3.97290551,50.94036094],[3.97290348,50.94036209],[3.97290242,50.9403627],[3.97295092,50.9403958],[3.97287129,50.94044195],[3.97288743,50.94045316],[3.97284278,50.94047891],[3.97284005,50.94048049],[3.9727512,50.9404168],[3.97287698,50.9403475],[3.9728791,50.94034633]]]}},{"type":"Feature","id":"gebouw/Gebouw.13403814/0","properties":{"source":"Digitaal Vlaanderen Gebouwenregister","source_id":"gebouw/Gebouw.13403814/0","kind":"building","building":"official","height_m":5.1,"status":null},"geometry":{"type":"Polygon","coordinates":[[[3.97154335,50.93520149],[3.97144366,50.93524786],[3.97140153,50.93521133],[3.97153787,50.93514653],[3.97156302,50.93513458],[3.97158992,50.93515822],[3.97158338,50.93516124],[3.97152623,50.93518768],[3.97154335,50.93520149]]]}},{"type":"Feature","id":"gebouw/Gebouw.13405658/0","properties":{"source":"Digitaal Vlaanderen Gebouwenregister","source_id":"gebouw/Gebouw.13405658/0","kind":"building","building":"official","height_m":6.6,"status":null},"geometry":{"type":"Polygon","coordinates":[[[3.96978215,50.93971905],[3.96975154,50.93970012],[3.969787,50.93967778],[3.96981665,50.93969761],[3.96978215,50.93971905]]]}},{"type":"Feature","id":"gebouw/Gebouw.13406325/0","properties":{"source":"Digitaal Vlaanderen Gebouwenregister","source_id":"gebouw/Gebouw.13406325/0","kind":"building","building":"official","height_m":7.35,"status":null},"geometry":{"type":"Polygon","coordinates":[[[3.96954291,50.93769542],[3.96948921,50.93767085],[3.96947313,50.93768451],[3.96944866,50.93767239],[3.96946451,50.93765873],[3.96946023,50.9376566],[3.96947154,50.93764665],[3.9694509,50.93763728],[3.96950236,50.93759203],[3.96960605,50.93763912],[3.96954291,50.93769542]]]}},{"type":"Feature","id":"gebouw/Gebouw.13408121/0","properties":{"source":"Digitaal Vlaanderen Gebouwenregister","source_id":"gebouw/Gebouw.13408121/0","kind":"building","building":"official","height_m":8.85,"status":null},"geometry":{"type":"Polygon","coordinates":[[[3.96639213,50.93446171],[3.9663431,50.93443197],[3.96638285,50.93440792],[3.96642879,50.93443797],[3.96639213,50.93446171]]]}},{"type":"Feature","id":"gebouw/Gebouw.13410630/0","properties":{"source":"Digitaal Vlaanderen Gebouwenregister","source_id":"gebouw/Gebouw.13410630/0","kind":"building","building":"official","height_m":5.1,"status":null},"geometry":{"type":"Polygon","coordinates":[[[3.96500086,50.93516888],[3.96493335,50.93514289],[3.96497688,50.93510263],[3.96504176,50.93512667],[3.96500086,50.93516888]]]}},{"type":"Feature","id":"gebouw/Gebouw.13410637/0","properties":{"source":"Digitaal Vlaanderen Gebouwenregister","source_id":"gebouw/Gebouw.13410637/0","kind":"building","building":"official","height_m":5.85,"status":null},"geometry":{"type":"Polygon","coordinates":[[[3.96920452,50.93901767],[3.96899015,50.93893642],[3.96896761,50.93897014],[3.9689545,50.93898974],[3.96894779,50.93899976],[3.96898476,50.93901511],[3.96914034,50.93907968],[3.96914403,50.93908121],[3.96914746,50.9390776],[3.96920452,50.93901767]]]}},{"type":"Feature","id":"gebouw/Gebouw.13411468/0","properties":{"source":"Digitaal Vlaanderen Gebouwenregister","source_id":"gebouw/Gebouw.13411468/0","kind":"building","building":"official","height_m":8.1,"status":null},"geometry":{"type":"Polygon","coordinates":[[[3.96789373,50.93395385],[3.96785578,50.93390392],[3.96788069,50.93389617],[3.96792061,50.93394458],[3.96789373,50.93395385]]]}},{"type":"Feature","id":"gebouw/Gebouw.13412788/0","properties":{"source":"Digitaal Vlaanderen Gebouwenregister","source_id":"gebouw/Gebouw.13412788/0","kind":"building","building":"official","height_m":8.1,"status":null},"geometry":{"type":"Polygon","coordinates":[[[3.97089299,50.93822475],[3.97083811,50.93819852],[3.97086667,50.93817375],[3.97092181,50.93819817],[3.97089299,50.93822475]]]}},{"type":"Feature","id":"gebouw/Gebouw.13415142/0","properties":{"source":"Digitaal Vlaanderen Gebouwenregister","source_id":"gebouw/Gebouw.13415142/0","kind":"building","building":"official","height_m":5.1,"status":null},"geometry":{"type":"Polygon","coordinates":[[[3.96903683,50.93597613],[3.96907161,50.93600201],[3.96900962,50.93603982],[3.96897817,50.93601775],[3.96896294,50.93600706],[3.96902778,50.9359694],[3.96903683,50.93597613]]]}},{"type":"Feature","id":"gebouw/Gebouw.13415737/0","properties":{"source":"Digitaal Vlaanderen Gebouwenregister","source_id":"gebouw/Gebouw.13415737/0","kind":"building","building":"official","height_m":5.85,"status":null},"geometry":{"type":"Polygon","coordinates":[[[3.96965443,50.94058734],[3.96963262,50.94056264],[3.96959887,50.94057537],[3.96956136,50.94058952],[3.96956119,50.94058959],[3.96953558,50.94059937],[3.96949633,50.94061437],[3.96949524,50.94061478],[3.96951418,50.94063639],[3.96965443,50.94058734]]]}},{"type":"Feature","id":"gebouw/Gebouw.13417844/0","properties":{"source":"Digitaal Vlaanderen Gebouwenregister","source_id":"gebouw/Gebouw.13417844/0","kind":"building","building":"official","height_m":6.6,"status":null},"geometry":{"type":"Polygon","coordinates":[[[3.96331619,50.93512733],[3.96337454,50.93507895],[3.9633982,50.93509408],[3.96340435,50.93508865],[3.96351604,50.93514085],[3.96345156,50.93519343],[3.96331619,50.93512733]]]}},{"type":"Feature","id":"gebouw/Gebouw.13418065/0","properties":{"source":"Digitaal Vlaanderen Gebouwenregister","source_id":"gebouw/Gebouw.13418065/0","kind":"building","building":"official","height_m":5.85,"status":null},"geometry":{"type":"Polygon","coordinates":[[[3.97047864,50.93865977],[3.97030265,50.93858447],[3.97037853,50.9385151],[3.97055585,50.93859006],[3.97047864,50.93865977]]]}},{"type":"Feature","id":"gebouw/Gebouw.13419625/0","properties":{"source":"Digitaal Vlaanderen Gebouwenregister","source_id":"gebouw/Gebouw.13419625/0","kind":"building","building":"official","height_m":5.85,"status":null},"geometry":{"type":"Polygon","coordinates":[[[3.97362815,50.93967587],[3.97357293,50.93963654],[3.9736271,50.93960648],[3.97367995,50.93964717],[3.97362815,50.93967587]]]}},{"type":"Feature","id":"gebouw/Gebouw.13419670/0","properties":{"source":"Digitaal Vlaanderen Gebouwenregister","source_id":"gebouw/Gebouw.13419670/0","kind":"building","building":"official","height_m":8.1,"status":null},"geometry":{"type":"Polygon","coordinates":[[[3.96350224,50.93412149],[3.96344349,50.93408735],[3.96347215,50.93406578],[3.9635297,50.93409841],[3.96350224,50.93412149]]]}},{"type":"Feature","id":"gebouw/Gebouw.13420383/0","properties":{"source":"Digitaal Vlaanderen Gebouwenregister","source_id":"gebouw/Gebouw.13420383/0","kind":"building","building":"official","height_m":7.35,"status":null},"geometry":{"type":"Polygon","coordinates":[[[3.97227485,50.93925273],[3.97246167,50.9393877],[3.9723902,50.9394262],[3.97235333,50.93939858],[3.97231511,50.93941953],[3.97228343,50.93939646],[3.97225144,50.93937316],[3.97224864,50.93937113],[3.97222393,50.93938468],[3.97214095,50.93932473],[3.97223121,50.93927619],[3.97224961,50.9392663],[3.97227485,50.93925273]]]}},{"type":"Feature","id":"gebouw/Gebouw.13423380/0","properties":{"source":"Digitaal Vlaanderen Gebouwenregister","source_id":"gebouw/Gebouw.13423380/0","kind":"building","building":"official","height_m":5.1,"status":null},"geometry":{"type":"Polygon","coordinates":[[[3.97135653,50.93471202],[3.9712788,50.93470348],[3.97129209,50.9346566],[3.97130426,50.93462313],[3.97133161,50.93454797],[3.97146023,50.93456776],[3.97144959,50.93459354],[3.97143186,50.93463654],[3.97142887,50.93464378],[3.97141523,50.93467685],[3.97137077,50.9346701],[3.97135653,50.93471202]]]}},{"type":"Feature","id":"gebouw/Gebouw.13423473/0","properties":{"source":"Digitaal Vlaanderen Gebouwenregister","source_id":"gebouw/Gebouw.13423473/0","kind":"building","building":"official","height_m":7.35,"status":null},"geometry":{"type":"Polygon","coordinates":[[[3.96937387,50.93973068],[3.96933726,50.9396959],[3.9693131,50.93967294],[3.96934158,50.93966016],[3.9693066,50.939626],[3.96918232,50.93968239],[3.9692498,50.93974643],[3.96925976,50.93974182],[3.96929445,50.93976993],[3.96937387,50.93973068]]]}},{"type":"Feature","id":"gebouw/Gebouw.13424522/0","properties":{"source":"Digitaal Vlaanderen Gebouwenregister","source_id":"gebouw/Gebouw.13424522/0","kind":"building","building":"official","height_m":6.6,"status":null},"geometry":{"type":"Polygon","coordinates":[[[3.97101507,50.93928741],[3.97098341,50.93931055],[3.97097097,50.93931148],[3.9709714,50.93931924],[3.97094913,50.93933552],[3.97095764,50.93934044],[3.97096067,50.93934219],[3.97090584,50.93938217],[3.97082256,50.9393367],[3.97083206,50.9393302],[3.97079241,50.93930785],[3.97090353,50.93922846],[3.97101507,50.93928741]]]}},{"type":"Feature","id":"gebouw/Gebouw.13424643/0","properties":{"source":"Digitaal Vlaanderen Gebouwenregister","source_id":"gebouw/Gebouw.13424643/0","kind":"building","building":"official","height_m":7.35,"status":null},"geometry":{"type":"Polygon","coordinates":[[[3.96808871,50.93916337],[3.96794405,50.93910111],[3.96788723,50.93915361],[3.9679578,50.93918344],[3.96798352,50.9391945],[3.96804232,50.93921979],[3.96804279,50.93921936],[3.96809872,50.93916768],[3.96808871,50.93916337]]]}},{"type":"Feature","id":"gebouw/Gebouw.13427818/0","properties":{"source":"Digitaal Vlaanderen Gebouwenregister","source_id":"gebouw/Gebouw.13427818/0","kind":"building","building":"official","height_m":8.1,"status":null},"geometry":{"type":"Polygon","coordinates":[[[3.96640436,50.9358848],[3.96626394,50.93582517],[3.96630783,50.93578518],[3.96644561,50.93584226],[3.96640436,50.9358848]]]}},{"type":"Feature","id":"gebouw/Gebouw.13430232/0","properties":{"source":"Digitaal Vlaanderen Gebouwenregister","source_id":"gebouw/Gebouw.13430232/0","kind":"building","building":"official","height_m":5.1,"status":null},"geometry":{"type":"Polygon","coordinates":[[[3.9704606,50.94013854],[3.97043592,50.94015037],[3.97037472,50.94010785],[3.97036424,50.94011343],[3.9703011,50.94006763],[3.97026466,50.94008616],[3.97026016,50.9400814],[3.97025076,50.940086],[3.97021732,50.94005505],[3.97022504,50.94005056],[3.97018908,50.94002323],[3.97025821,50.93998649],[3.97040106,50.94009381],[3.97040685,50.94009816],[3.9704606,50.94013854]]]}},{"type":"Feature","id":"gebouw/Gebouw.13430471/0","properties":{"source":"Digitaal Vlaanderen Gebouwenregister","source_id":"gebouw/Gebouw.13430471/0","kind":"building","building":"official","height_m":8.85,"status":null},"geometry":{"type":"Polygon","coordinates":[[[3.96964284,50.93394928],[3.96964556,50.93395177],[3.96959177,50.93397587],[3.96962559,50.93400672],[3.96958863,50.93402338],[3.96954898,50.93398773],[3.96958482,50.93396958],[3.96957281,50.9339573],[3.96958538,50.93395244],[3.96958394,50.9339514],[3.96962565,50.93393351],[3.96964284,50.93394928]]]}},{"type":"Feature","id":"gebouw/Gebouw.13435033/0","properties":{"source":"Digitaal Vlaanderen Gebouwenregister","source_id":"gebouw/Gebouw.13435033/0","kind":"building","building":"official","height_m":5.85,"status":null},"geometry":{"type":"Polygon","coordinates":[[[3.96907444,50.93993442],[3.96903584,50.93989499],[3.96902718,50.93988617],[3.96903504,50.93986597],[3.96904844,50.93986053],[3.96906007,50.93982934],[3.96894388,50.93981188],[3.96892858,50.93984784],[3.96890857,50.93984477],[3.96889448,50.93987998],[3.96890638,50.93988228],[3.96889521,50.93990831],[3.96892267,50.93993551],[3.9689341,50.93993796],[3.96897148,50.93997589],[3.96907444,50.93993442]]]}},{"type":"Feature","id":"gebouw/Gebouw.13435096/0","properties":{"source":"Digitaal Vlaanderen Gebouwenregister","source_id":"gebouw/Gebouw.13435096/0","kind":"building","building":"official","height_m":8.1,"status":null},"geometry":{"type":"Polygon","coordinates":[[[3.96672042,50.93875099],[3.96668334,50.93873551],[3.96672131,50.93869781],[3.96675721,50.93871163],[3.96672042,50.93875099]]]}},{"type":"Feature","id":"gebouw/Gebouw.13435117/0","properties":{"source":"Digitaal Vlaanderen Gebouwenregister","source_id":"gebouw/Gebouw.13435117/0","kind":"building","building":"official","height_m":5.85,"status":null},"geometry":{"type":"Polygon","coordinates":[[[3.97064801,50.93466231],[3.97058781,50.93468625],[3.97049338,50.93472382],[3.97043884,50.93466952],[3.9705936,50.93460734],[3.97064801,50.93466231]]]}},{"type":"Feature","id":"gebouw/Gebouw.13435442/0","properties":{"source":"Digitaal Vlaanderen Gebouwenregister","source_id":"gebouw/Gebouw.13435442/0","kind":"building","building":"official","height_m":6.6,"status":null},"geometry":{"type":"Polygon","coordinates":[[[3.97134391,50.9394382],[3.97141322,50.93940738],[3.97141558,50.9394095],[3.9714475,50.93939531],[3.97144537,50.93939322],[3.97150107,50.93936819],[3.97157491,50.93943434],[3.9715136,50.9394634],[3.97152509,50.93947407],[3.97146851,50.93949992],[3.97145607,50.9394891],[3.97141875,50.93950603],[3.97134391,50.9394382]]]}},{"type":"Feature","id":"gebouw/Gebouw.13435723/0","properties":{"source":"Digitaal Vlaanderen Gebouwenregister","source_id":"gebouw/Gebouw.13435723/0","kind":"building","building":"official","height_m":5.85,"status":null},"geometry":{"type":"Polygon","coordinates":[[[3.96686285,50.93830546],[3.96680768,50.93828586],[3.96683413,50.93825716],[3.9668874,50.93827661],[3.96686285,50.93830546]]]}},{"type":"Feature","id":"gebouw/Gebouw.13435879/0","properties":{"source":"Digitaal Vlaanderen Gebouwenregister","source_id":"gebouw/Gebouw.13435879/0","kind":"building","building":"official","height_m":5.85,"status":null},"geometry":{"type":"Polygon","coordinates":[[[3.9700191,50.9339332],[3.97006437,50.93397927],[3.96995619,50.93402145],[3.9699513,50.93401662],[3.96992983,50.93402519],[3.96989057,50.9340401],[3.96986537,50.93401455],[3.96984176,50.93402398],[3.96982626,50.93400904],[3.96983206,50.93400676],[3.96988084,50.93398757],[3.9700191,50.9339332]]]}},{"type":"Feature","id":"gebouw/Gebouw.13438774/0","properties":{"source":"Digitaal Vlaanderen Gebouwenregister","source_id":"gebouw/Gebouw.13438774/0","kind":"building","building":"official","height_m":8.1,"status":null},"geometry":{"type":"Polygon","coordinates":[[[3.96701962,50.93872676],[3.96703026,50.93873107],[3.96699433,50.93876586],[3.9669893,50.93876355],[3.96692233,50.9387328],[3.96695715,50.93870141],[3.9669655,50.9387048],[3.9669838,50.93868679],[3.96703707,50.93870558],[3.96704971,50.93871071],[3.96703676,50.93872345],[3.96702582,50.93871924],[3.96701962,50.93872676]]]}},{"type":"Feature","id":"gebouw/Gebouw.13446001/0","properties":{"source":"Digitaal Vlaanderen Gebouwenregister","source_id":"gebouw/Gebouw.13446001/0","kind":"building","building":"official","height_m":5.85,"status":null},"geometry":{"type":"Polygon","coordinates":[[[3.96527864,50.93571779],[3.96519302,50.93568839],[3.96523082,50.93564423],[3.96531762,50.93567213],[3.96531259,50.93567802],[3.96534009,50.93568739],[3.96531016,50.93572245],[3.96528267,50.93571308],[3.96527864,50.93571779]]]}},{"type":"Feature","id":"gebouw/Gebouw.13447734/0","properties":{"source":"Digitaal Vlaanderen Gebouwenregister","source_id":"gebouw/Gebouw.13447734/0","kind":"building","building":"official","height_m":5.1,"status":null},"geometry":{"type":"Polygon","coordinates":[[[3.96912404,50.93753177],[3.96909703,50.93751713],[3.96915065,50.93747425],[3.96917766,50.93748828],[3.96912404,50.93753177]]]}},{"type":"Feature","id":"gebouw/Gebouw.13448201/0","properties":{"source":"Digitaal Vlaanderen Gebouwenregister","source_id":"gebouw/Gebouw.13448201/0","kind":"building","building":"official","height_m":8.85,"status":null},"geometry":{"type":"Polygon","coordinates":[[[3.96544061,50.93774485],[3.96544962,50.93774884],[3.96537286,50.9378172],[3.96536357,50.93781289],[3.96528624,50.93777698],[3.96536179,50.93770997],[3.96544061,50.93774485]]]}},{"type":"Feature","id":"gebouw/Gebouw.13448356/0","properties":{"source":"Digitaal Vlaanderen Gebouwenregister","source_id":"gebouw/Gebouw.13448356/0","kind":"building","building":"official","height_m":8.1,"status":null},"geometry":{"type":"Polygon","coordinates":[[[3.96509229,50.93474623],[3.96498154,50.93469373],[3.96501705,50.93466387],[3.9650624,50.93468541],[3.965074,50.93467591],[3.96513655,50.93470853],[3.96509229,50.93474623]]]}},{"type":"Feature","id":"gebouw/Gebouw.13448603/0","properties":{"source":"Digitaal Vlaanderen Gebouwenregister","source_id":"gebouw/Gebouw.13448603/0","kind":"building","building":"official","height_m":8.85,"status":null},"geometry":{"type":"Polygon","coordinates":[[[3.97141694,50.93510081],[3.97134724,50.93513406],[3.97130403,50.93509571],[3.97147451,50.93501458],[3.97152151,50.93499221],[3.97154933,50.93501657],[3.97148643,50.93504708],[3.97150304,50.93505975],[3.97144663,50.93508665],[3.97141694,50.93510081]]]}},{"type":"Feature","id":"gebouw/Gebouw.13448662/0","properties":{"source":"Digitaal Vlaanderen Gebouwenregister","source_id":"gebouw/Gebouw.13448662/0","kind":"building","building":"official","height_m":8.1,"status":null},"geometry":{"type":"Polygon","coordinates":[[[3.97063016,50.93477586],[3.97047488,50.93483956],[3.97044937,50.93481448],[3.97054296,50.93477558],[3.97049338,50.93472382],[3.97058781,50.93468625],[3.97064801,50.93466231],[3.97070318,50.93471733],[3.9705467,50.93477982],[3.97056099,50.93479387],[3.97062292,50.93476874],[3.97063016,50.93477586]]]}},{"type":"Feature","id":"gebouw/Gebouw.13449718/0","properties":{"source":"Digitaal Vlaanderen Gebouwenregister","source_id":"gebouw/Gebouw.13449718/0","kind":"building","building":"official","height_m":8.1,"status":null},"geometry":{"type":"Polygon","coordinates":[[[3.96910732,50.93846413],[3.96905914,50.93850764],[3.96894738,50.9384609],[3.9689505,50.93845811],[3.96897643,50.93843492],[3.96888659,50.93839638],[3.96890605,50.93837919],[3.96891205,50.9383739],[3.96910732,50.93846413]]]}},{"type":"Feature","id":"gebouw/Gebouw.13450301/0","properties":{"source":"Digitaal Vlaanderen Gebouwenregister","source_id":"gebouw/Gebouw.13450301/0","kind":"building","building":"official","height_m":8.85,"status":null},"geometry":{"type":"Polygon","coordinates":[[[3.97096813,50.93620456],[3.97104278,50.9361505],[3.97115963,50.93621396],[3.97121412,50.93624286],[3.97113849,50.93629979],[3.97113711,50.93629901],[3.97096813,50.93620456]]]}},{"type":"Feature","id":"gebouw/Gebouw.13450310/0","properties":{"source":"Digitaal Vlaanderen Gebouwenregister","source_id":"gebouw/Gebouw.13450310/0","kind":"building","building":"official","height_m":6.6,"status":null},"geometry":{"type":"Polygon","coordinates":[[[3.97000923,50.94041638],[3.96997271,50.94043506],[3.96993504,50.94040286],[3.96999704,50.94037126],[3.97003711,50.94040211],[3.97000923,50.94041638]]]}},{"type":"Feature","id":"gebouw/Gebouw.13450325/0","properties":{"source":"Digitaal Vlaanderen Gebouwenregister","source_id":"gebouw/Gebouw.13450325/0","kind":"building","building":"official","height_m":8.85,"status":null},"geometry":{"type":"Polygon","coordinates":[[[3.96967316,50.93992591],[3.96970375,50.93991021],[3.96961805,50.93984672],[3.96958968,50.93986216],[3.96967316,50.93992591]]]}},{"type":"Feature","id":"gebouw/Gebouw.13450518/0","properties":{"source":"Digitaal Vlaanderen Gebouwenregister","source_id":"gebouw/Gebouw.13450518/0","kind":"building","building":"official","height_m":5.1,"status":null},"geometry":{"type":"Polygon","coordinates":[[[3.97069748,50.93707783],[3.9707705,50.93710449],[3.97078662,50.93708639],[3.9709606,50.93715109],[3.97088971,50.93722453],[3.97090212,50.93722933],[3.9708962,50.93723536],[3.97071196,50.93716767],[3.9707231,50.93715607],[3.97065055,50.93712926],[3.97069748,50.93707783]]]}},{"type":"Feature","id":"gebouw/Gebouw.13455377/0","properties":{"source":"Digitaal Vlaanderen Gebouwenregister","source_id":"gebouw/Gebouw.13455377/0","kind":"building","building":"official","height_m":8.85,"status":null},"geometry":{"type":"Polygon","coordinates":[[[3.97180629,50.93455189],[3.97178294,50.93459434],[3.97177426,50.93461014],[3.97168104,50.93458957],[3.97176698,50.93443123],[3.97181498,50.9344418],[3.97185879,50.93445145],[3.97186182,50.93445212],[3.97185633,50.93446207],[3.97180916,50.93454687],[3.97180883,50.93454745],[3.97180629,50.93455189]]]}},{"type":"Feature","id":"gebouw/Gebouw.13455934/0","properties":{"source":"Digitaal Vlaanderen Gebouwenregister","source_id":"gebouw/Gebouw.13455934/0","kind":"building","building":"official","height_m":8.1,"status":null},"geometry":{"type":"Polygon","coordinates":[[[3.96723308,50.93957929],[3.9671991,50.93959756],[3.96709852,50.93951739],[3.96711721,50.9395066],[3.9671292,50.93949968],[3.96715677,50.93952081],[3.96723308,50.93957929]]]}},{"type":"Feature","id":"gebouw/Gebouw.13455956/0","properties":{"source":"Digitaal Vlaanderen Gebouwenregister","source_id":"gebouw/Gebouw.13455956/0","kind":"building","building":"official","height_m":6.6,"status":null},"geometry":{"type":"Polygon","coordinates":[[[3.97326386,50.93982486],[3.97322036,50.93984587],[3.97318664,50.93981763],[3.97322918,50.93979513],[3.97326386,50.93982486]]]}},{"type":"Feature","id":"gebouw/Gebouw.13458188/0","properties":{"source":"Digitaal Vlaanderen Gebouwenregister","source_id":"gebouw/Gebouw.13458188/0","kind":"building","building":"official","height_m":6.6,"status":null},"geometry":{"type":"Polygon","coordinates":[[[3.97142835,50.93951473],[3.9714022,50.93952758],[3.97141344,50.93953644],[3.97130052,50.93958828],[3.9712072,50.93950266],[3.97130064,50.93946087],[3.97129826,50.9394587],[3.97134391,50.9394382],[3.97141875,50.93950603],[3.97142835,50.93951473]]]}},{"type":"Feature","id":"gebouw/Gebouw.13458338/0","properties":{"source":"Digitaal Vlaanderen Gebouwenregister","source_id":"gebouw/Gebouw.13458338/0","kind":"building","building":"official","height_m":6.6,"status":null},"geometry":{"type":"Polygon","coordinates":[[[3.96886124,50.93881126],[3.96880666,50.93885615],[3.96875466,50.93889891],[3.96869806,50.93887168],[3.96859203,50.93882067],[3.96855046,50.93880067],[3.96857321,50.93878218],[3.96848026,50.93873783],[3.96851055,50.93871205],[3.96855468,50.93867451],[3.96866652,50.93872814],[3.9686486,50.93874116],[3.96873697,50.93878459],[3.96876463,50.93876136],[3.96886124,50.93881126]]]}},{"type":"Feature","id":"gebouw/Gebouw.13458433/0","properties":{"source":"Digitaal Vlaanderen Gebouwenregister","source_id":"gebouw/Gebouw.13458433/0","kind":"building","building":"official","height_m":5.85,"status":null},"geometry":{"type":"Polygon","coordinates":[[[3.97089654,50.94016998],[3.97108493,50.94027748],[3.97105506,50.94029867],[3.97110449,50.94032582],[3.97107457,50.94034758],[3.97083269,50.94021469],[3.97089654,50.94016998]]]}},{"type":"Feature","id":"gebouw/Gebouw.13458679/0","properties":{"source":"Digitaal Vlaanderen Gebouwenregister","source_id":"gebouw/Gebouw.13458679/0","kind":"building","building":"official","height_m":5.85,"status":null},"geometry":{"type":"Polygon","coordinates":[[[3.97027396,50.93594762],[3.97021442,50.93591402],[3.97025769,50.9358847],[3.97031415,50.93591847],[3.97027396,50.93594762]]]}},{"type":"Feature","id":"gebouw/Gebouw.13460150/0","properties":{"source":"Digitaal Vlaanderen Gebouwenregister","source_id":"gebouw/Gebouw.13460150/0","kind":"building","building":"official","height_m":6.6,"status":null},"geometry":{"type":"Polygon","coordinates":[[[3.96683533,50.93891718],[3.9667606,50.93898059],[3.96656512,50.93888612],[3.96651934,50.938864],[3.9665136,50.93886123],[3.9665169,50.9388584],[3.96658729,50.938798],[3.96676084,50.93888139],[3.96683533,50.93891718]]]}},{"type":"Feature","id":"gebouw/Gebouw.13460172/0","properties":{"source":"Digitaal Vlaanderen Gebouwenregister","source_id":"gebouw/Gebouw.13460172/0","kind":"building","building":"official","height_m":5.1,"status":null},"geometry":{"type":"Polygon","coordinates":[[[3.97353681,50.93388827],[3.97346246,50.93391054],[3.97344472,50.93388176],[3.9734547,50.93387905],[3.97344951,50.93387033],[3.97344541,50.93386343],[3.97350578,50.93384569],[3.97353681,50.93388827]]]}},{"type":"Feature","id":"gebouw/Gebouw.13460330/0","properties":{"source":"Digitaal Vlaanderen Gebouwenregister","source_id":"gebouw/Gebouw.13460330/0","kind":"building","building":"official","height_m":6.6,"status":null},"geometry":{"type":"Polygon","coordinates":[[[3.97161367,50.93456312],[3.97159161,50.93458973],[3.97152999,50.93456996],[3.97154982,50.9345437],[3.97161367,50.93456312]]]}},{"type":"Feature","id":"gebouw/Gebouw.13462380/0","properties":{"source":"Digitaal Vlaanderen Gebouwenregister","source_id":"gebouw/Gebouw.13462380/0","kind":"building","building":"official","height_m":5.1,"status":null},"geometry":{"type":"Polygon","coordinates":[[[3.97126075,50.93996253],[3.9712213,50.93993415],[3.97128,50.93990333],[3.97131587,50.93993111],[3.97126075,50.93996253]]]}},{"type":"Feature","id":"gebouw/Gebouw.13466346/0","properties":{"source":"Digitaal Vlaanderen Gebouwenregister","source_id":"gebouw/Gebouw.13466346/0","kind":"building","building":"official","height_m":5.1,"status":null},"geometry":{"type":"Polygon","coordinates":[[[3.96875466,50.93889891],[3.96874424,50.93890768],[3.96866525,50.93897415],[3.96860836,50.93894716],[3.96853558,50.93891263],[3.96850177,50.93889659],[3.96855955,50.93884798],[3.96859203,50.93882067],[3.96869806,50.93887168],[3.96875466,50.93889891]]]}},{"type":"Feature","id":"gebouw/Gebouw.13467692/0","properties":{"source":"Digitaal Vlaanderen Gebouwenregister","source_id":"gebouw/Gebouw.13467692/0","kind":"building","building":"official","height_m":6.6,"status":null},"geometry":{"type":"Polygon","coordinates":[[[3.96918499,50.93820567],[3.9691439,50.93824112],[3.96905782,50.93820105],[3.96902675,50.93818659],[3.96890436,50.93812961],[3.96883021,50.93809509],[3.96882803,50.93809408],[3.9688725,50.93805815],[3.96897894,50.93810805],[3.9689739,50.9381127],[3.96899314,50.9381224],[3.96902255,50.93809838],[3.96920674,50.93818715],[3.969205,50.93818878],[3.96918126,50.9381786],[3.96916345,50.93819519],[3.96918499,50.93820567]]]}},{"type":"Feature","id":"gebouw/Gebouw.13467698/0","properties":{"source":"Digitaal Vlaanderen Gebouwenregister","source_id":"gebouw/Gebouw.13467698/0","kind":"building","building":"official","height_m":6.6,"status":null},"geometry":{"type":"Polygon","coordinates":[[[3.96792028,50.93966932],[3.96788213,50.93968915],[3.96787644,50.93968437],[3.96786199,50.93967222],[3.96785168,50.93967836],[3.96781566,50.93964902],[3.96786458,50.93962556],[3.96789912,50.9396527],[3.96792028,50.93966932]]]}},{"type":"Feature","id":"gebouw/Gebouw.13467726/0","properties":{"source":"Digitaal Vlaanderen Gebouwenregister","source_id":"gebouw/Gebouw.13467726/0","kind":"building","building":"official","height_m":5.1,"status":null},"geometry":{"type":"Polygon","coordinates":[[[3.97139965,50.9343377],[3.9715098,50.93436996],[3.97155317,50.93438266],[3.97153321,50.93440917],[3.97155556,50.93441578],[3.97154986,50.93442479],[3.97160216,50.93444115],[3.97158642,50.93446517],[3.97153022,50.93444814],[3.97152828,50.93445098],[3.97148354,50.93443721],[3.9714967,50.93441793],[3.9714364,50.93440029],[3.97136835,50.93438038],[3.9713791,50.93436573],[3.97139026,50.9343505],[3.97139965,50.9343377]]]}},{"type":"Feature","id":"gebouw/Gebouw.13467896/0","properties":{"source":"Digitaal Vlaanderen Gebouwenregister","source_id":"gebouw/Gebouw.13467896/0","kind":"building","building":"official","height_m":6.6,"status":null},"geometry":{"type":"Polygon","coordinates":[[[3.97162825,50.93840563],[3.97157258,50.93837262],[3.97160582,50.93834953],[3.97166101,50.93838239],[3.97162825,50.93840563]]]}},{"type":"Feature","id":"gebouw/Gebouw.13470530/0","properties":{"source":"Digitaal Vlaanderen Gebouwenregister","source_id":"gebouw/Gebouw.13470530/0","kind":"building","building":"official","height_m":6.6,"status":null},"geometry":{"type":"Polygon","coordinates":[[[3.97127936,50.94025633],[3.97118186,50.94018079],[3.97118686,50.94017764],[3.97117121,50.94016591],[3.97123798,50.94012935],[3.971254,50.94014091],[3.97133051,50.94009832],[3.97140609,50.94016004],[3.9713295,50.94020215],[3.97134612,50.94021424],[3.97135033,50.94021727],[3.97136189,50.94021137],[3.97136363,50.94021333],[3.97127936,50.94025633]]]}},{"type":"Feature","id":"gebouw/Gebouw.13470689/0","properties":{"source":"Digitaal Vlaanderen Gebouwenregister","source_id":"gebouw/Gebouw.13470689/0","kind":"building","building":"official","height_m":8.85,"status":null},"geometry":{"type":"Polygon","coordinates":[[[3.96921348,50.93923852],[3.9691748,50.93921459],[3.96920688,50.93919706],[3.96924247,50.93922052],[3.96921348,50.93923852]]]}},{"type":"Feature","id":"gebouw/Gebouw.13472359/0","properties":{"source":"Digitaal Vlaanderen Gebouwenregister","source_id":"gebouw/Gebouw.13472359/0","kind":"building","building":"official","height_m":5.85,"status":null},"geometry":{"type":"Polygon","coordinates":[[[3.9666823,50.93386746],[3.96670838,50.9338529],[3.96675193,50.93388176],[3.96672567,50.93389734],[3.9666823,50.93386746]]]}},{"type":"Feature","id":"gebouw/Gebouw.13472963/0","properties":{"source":"Digitaal Vlaanderen Gebouwenregister","source_id":"gebouw/Gebouw.13472963/0","kind":"building","building":"official","height_m":8.85,"status":null},"geometry":{"type":"Polygon","coordinates":[[[3.97118215,50.93878582],[3.97117764,50.93878393],[3.97118,50.93878168],[3.97111769,50.93875485],[3.97111521,50.93875716],[3.97106229,50.93873437],[3.97109907,50.93869928],[3.97109071,50.93869523],[3.9711429,50.93864802],[3.97127062,50.93870422],[3.97118215,50.93878582]]]}},{"type":"Feature","id":"gebouw/Gebouw.13474718/0","properties":{"source":"Digitaal Vlaanderen Gebouwenregister","source_id":"gebouw/Gebouw.13474718/0","kind":"building","building":"official","height_m":6.6,"status":null},"geometry":{"type":"Polygon","coordinates":[[[3.96750624,50.9399517],[3.96745206,50.93990768],[3.96729122,50.93977698],[3.96722252,50.93981225],[3.96723778,50.9398241],[3.96723671,50.93982465],[3.96734789,50.93991132],[3.96737871,50.93989566],[3.96745141,50.93995281],[3.96739411,50.9399785],[3.96741344,50.93999656],[3.96750624,50.9399517]]]}},{"type":"Feature","id":"gebouw/Gebouw.13475167/0","properties":{"source":"Digitaal Vlaanderen Gebouwenregister","source_id":"gebouw/Gebouw.13475167/0","kind":"building","building":"official","height_m":5.85,"status":null},"geometry":{"type":"Polygon","coordinates":[[[3.97165634,50.93901484],[3.97150495,50.93894806],[3.97164399,50.93882264],[3.97179535,50.93888934],[3.97165634,50.93901484]]]}},{"type":"Feature","id":"gebouw/Gebouw.13475460/0","properties":{"source":"Digitaal Vlaanderen Gebouwenregister","source_id":"gebouw/Gebouw.13475460/0","kind":"building","building":"official","height_m":5.1,"status":null},"geometry":{"type":"Polygon","coordinates":[[[3.97206331,50.93573329],[3.97190239,50.93573604],[3.9719004,50.93566953],[3.97189939,50.93563535],[3.97189933,50.93563335],[3.97204789,50.93563061],[3.97204887,50.93566485],[3.97206456,50.9356647],[3.97206331,50.93573329]]]}},{"type":"Feature","id":"gebouw/Gebouw.13476794/0","properties":{"source":"Digitaal Vlaanderen Gebouwenregister","source_id":"gebouw/Gebouw.13476794/0","kind":"building","building":"official","height_m":6.6,"status":null},"geometry":{"type":"Polygon","coordinates":[[[3.97001923,50.93448759],[3.96998563,50.93445539],[3.97004677,50.93442962],[3.97007965,50.93446047],[3.97001923,50.93448759]]]}},{"type":"Feature","id":"gebouw/Gebouw.13476893/0","properties":{"source":"Digitaal Vlaanderen Gebouwenregister","source_id":"gebouw/Gebouw.13476893/0","kind":"building","building":"official","height_m":8.85,"status":null},"geometry":{"type":"Polygon","coordinates":[[[3.97110692,50.93545619],[3.97113188,50.93547852],[3.97107017,50.93550723],[3.97104234,50.93548276],[3.97110692,50.93545619]]]}},{"type":"Feature","id":"gebouw/Gebouw.13479200/0","properties":{"source":"Digitaal Vlaanderen Gebouwenregister","source_id":"gebouw/Gebouw.13479200/0","kind":"building","building":"official","height_m":6.6,"status":null},"geometry":{"type":"Polygon","coordinates":[[[3.96543677,50.93848082],[3.96540733,50.93849357],[3.96535693,50.93844819],[3.96538457,50.93843544],[3.96543677,50.93848082]]]}},{"type":"Feature","id":"gebouw/Gebouw.13479281/0","properties":{"source":"Digitaal Vlaanderen Gebouwenregister","source_id":"gebouw/Gebouw.13479281/0","kind":"building","building":"official","height_m":8.85,"status":null},"geometry":{"type":"Polygon","coordinates":[[[3.97160824,50.9370198],[3.97157441,50.93705204],[3.97151311,50.93702337],[3.97154932,50.93699247],[3.97160824,50.9370198]]]}},{"type":"Feature","id":"gebouw/Gebouw.13479328/0","properties":{"source":"Digitaal Vlaanderen Gebouwenregister","source_id":"gebouw/Gebouw.13479328/0","kind":"building","building":"official","height_m":8.1,"status":null},"geometry":{"type":"Polygon","coordinates":[[[3.96799662,50.93474759],[3.96789446,50.93468599],[3.96787763,50.93469713],[3.96784465,50.93467724],[3.96786652,50.93466276],[3.96779971,50.93462247],[3.96785956,50.93458453],[3.96792342,50.93462233],[3.96792886,50.93461931],[3.96806714,50.9347051],[3.96799662,50.93474759]]]}},{"type":"Feature","id":"gebouw/Gebouw.13479659/0","properties":{"source":"Digitaal Vlaanderen Gebouwenregister","source_id":"gebouw/Gebouw.13479659/0","kind":"building","building":"official","height_m":8.85,"status":null},"geometry":{"type":"Polygon","coordinates":[[[3.97034947,50.93869231],[3.97035767,50.93869615],[3.9703224,50.9387286],[3.97030569,50.93872135],[3.97024456,50.93877759],[3.97013564,50.93873179],[3.97023459,50.93863853],[3.9702859,50.93866255],[3.97034947,50.93869231]]]}},{"type":"Feature","id":"gebouw/Gebouw.13479695/0","properties":{"source":"Digitaal Vlaanderen Gebouwenregister","source_id":"gebouw/Gebouw.13479695/0","kind":"building","building":"official","height_m":8.85,"status":null},"geometry":{"type":"Polygon","coordinates":[[[3.96961683,50.93975953],[3.96958171,50.93973758],[3.96966919,50.93967893],[3.96970384,50.93970134],[3.96961683,50.93975953]]]}},{"type":"Feature","id":"gebouw/Gebouw.13479849/0","properties":{"source":"Digitaal Vlaanderen Gebouwenregister","source_id":"gebouw/Gebouw.13479849/0","kind":"building","building":"official","height_m":7.35,"status":null},"geometry":{"type":"Polygon","coordinates":[[[3.96744796,50.93929403],[3.96736922,50.9393415],[3.96728482,50.93928465],[3.96724178,50.93925566],[3.96729026,50.93922803],[3.96732795,50.93925274],[3.96735633,50.93923576],[3.96744796,50.93929403]]]}},{"type":"Feature","id":"gebouw/Gebouw.13483296/0","properties":{"source":"Digitaal Vlaanderen Gebouwenregister","source_id":"gebouw/Gebouw.13483296/0","kind":"building","building":"official","height_m":5.1,"status":null},"geometry":{"type":"Polygon","coordinates":[[[3.9680669,50.93963403],[3.9680195,50.93965837],[3.96792778,50.93958442],[3.96797638,50.93955883],[3.9680669,50.93963403]]]}},{"type":"Feature","id":"gebouw/Gebouw.13487436/0","properties":{"source":"Digitaal Vlaanderen Gebouwenregister","source_id":"gebouw/Gebouw.13487436/0","kind":"building","building":"official","height_m":5.1,"status":null},"geometry":{"type":"Polygon","coordinates":[[[3.97046787,50.93894728],[3.97045264,50.9389616],[3.97044149,50.93895651],[3.97043885,50.93895891],[3.97043512,50.93895822],[3.97042547,50.93895611],[3.97041607,50.93895358],[3.97040698,50.93895064],[3.97039823,50.93894731],[3.97038988,50.9389436],[3.97038195,50.93893953],[3.97037449,50.93893512],[3.97036754,50.9389304],[3.97036112,50.93892538],[3.97036401,50.93892282],[3.97033454,50.93890978],[3.97040538,50.9388434],[3.9704054,50.93884264],[3.97040569,50.93883942],[3.97040634,50.93883622],[3.97040735,50.93883305],[3.97040869,50.93882994],[3.97041038,50.9388269],[3.9704124,50.93882393],[3.97041474,50.93882107],[3.9704174,50.93881831],[3.97042035,50.93881568],[3.97042358,50.93881318],[3.97042709,50.93881083],[3.97043084,50.93880865],[3.97043482,50.93880663],[3.97043902,50.93880479],[3.97044341,50.93880315],[3.97044797,50.9388017],[3.97045268,50.93880045],[3.9705693,50.93885189],[3.97055914,50.93886144],[3.97046787,50.93894728]]]}},{"type":"Feature","id":"gebouw/Gebouw.13487538/0","properties":{"source":"Digitaal Vlaanderen Gebouwenregister","source_id":"gebouw/Gebouw.13487538/0","kind":"building","building":"official","height_m":5.1,"status":null},"geometry":{"type":"Polygon","coordinates":[[[3.97066898,50.93546897],[3.97061906,50.93546583],[3.97062522,50.93543458],[3.9706749,50.93543743],[3.97066898,50.93546897]]]}},{"type":"Feature","id":"gebouw/Gebouw.13487628/0","properties":{"source":"Digitaal Vlaanderen Gebouwenregister","source_id":"gebouw/Gebouw.13487628/0","kind":"building","building":"official","height_m":5.1,"status":null},"geometry":{"type":"Polygon","coordinates":[[[3.96756003,50.93908473],[3.967492,50.93905811],[3.96748953,50.93906062],[3.96746915,50.93905264],[3.96745728,50.93906466],[3.96740646,50.9390445],[3.96751468,50.93893529],[3.96757911,50.9389605],[3.9675952,50.93894503],[3.96766698,50.93897508],[3.96756003,50.93908473]]]}},{"type":"Feature","id":"gebouw/Gebouw.13489628/0","properties":{"source":"Digitaal Vlaanderen Gebouwenregister","source_id":"gebouw/Gebouw.13489628/0","kind":"building","building":"official","height_m":6.6,"status":null},"geometry":{"type":"Polygon","coordinates":[[[3.97009215,50.93981903],[3.96994036,50.93970628],[3.96990267,50.93972728],[3.96996881,50.93977856],[3.96993338,50.93979713],[3.96997684,50.93982976],[3.9699877,50.93982422],[3.97002633,50.93985292],[3.97009215,50.93981903]]]}},{"type":"Feature","id":"gebouw/Gebouw.13490132/0","properties":{"source":"Digitaal Vlaanderen Gebouwenregister","source_id":"gebouw/Gebouw.13490132/0","kind":"building","building":"official","height_m":6.6,"status":null},"geometry":{"type":"Polygon","coordinates":[[[3.97206151,50.93907218],[3.97191073,50.93915547],[3.97187779,50.93913117],[3.97188722,50.93912568],[3.97182484,50.93908022],[3.97190458,50.93903635],[3.97195052,50.9390382],[3.97195462,50.93903836],[3.97199598,50.93906884],[3.97203186,50.9390486],[3.97206151,50.93907218]]]}},{"type":"Feature","id":"gebouw/Gebouw.13490299/0","properties":{"source":"Digitaal Vlaanderen Gebouwenregister","source_id":"gebouw/Gebouw.13490299/0","kind":"building","building":"official","height_m":5.85,"status":null},"geometry":{"type":"Polygon","coordinates":[[[3.97000923,50.94041638],[3.97004062,50.94044265],[3.9699633,50.94048159],[3.96993925,50.94045219],[3.96997271,50.94043506],[3.97000923,50.94041638]]]}},{"type":"Feature","id":"gebouw/Gebouw.13497740/0","properties":{"source":"Digitaal Vlaanderen Gebouwenregister","source_id":"gebouw/Gebouw.13497740/0","kind":"building","building":"official","height_m":6.6,"status":null},"geometry":{"type":"Polygon","coordinates":[[[3.96801758,50.9377801],[3.967971,50.93775937],[3.96796797,50.93776194],[3.96790447,50.93773078],[3.96790709,50.93772859],[3.96789166,50.93772026],[3.96792572,50.93769325],[3.96806734,50.93775876],[3.96805702,50.93776732],[3.96804167,50.93775963],[3.96801758,50.9377801]]]}},{"type":"Feature","id":"gebouw/Gebouw.13498155/0","properties":{"source":"Digitaal Vlaanderen Gebouwenregister","source_id":"gebouw/Gebouw.13498155/0","kind":"building","building":"official","height_m":7.35,"status":null},"geometry":{"type":"Polygon","coordinates":[[[3.96695045,50.93881069],[3.96687198,50.93888799],[3.96682777,50.93886599],[3.9669113,50.93879408],[3.96691748,50.93879651],[3.96694007,50.93877397],[3.96694459,50.93877534],[3.96695805,50.93876062],[3.9669785,50.93876791],[3.96693935,50.93880516],[3.96695045,50.93881069]]]}},{"type":"Feature","id":"gebouw/Gebouw.13498167/0","properties":{"source":"Digitaal Vlaanderen Gebouwenregister","source_id":"gebouw/Gebouw.13498167/0","kind":"building","building":"official","height_m":7.35,"status":null},"geometry":{"type":"Polygon","coordinates":[[[3.96890884,50.93484632],[3.96886238,50.93481252],[3.96889079,50.93479768],[3.9688618,50.93477464],[3.96888975,50.93476086],[3.96896138,50.93481607],[3.96890884,50.93484632]]]}},{"type":"Feature","id":"gebouw/Gebouw.13500379/0","properties":{"source":"Digitaal Vlaanderen Gebouwenregister","source_id":"gebouw/Gebouw.13500379/0","kind":"building","building":"official","height_m":5.85,"status":null},"geometry":{"type":"Polygon","coordinates":[[[3.96556535,50.93835202],[3.96543572,50.93841184],[3.96540547,50.93838595],[3.96542563,50.93837572],[3.96539176,50.93834562],[3.96544894,50.93832033],[3.9654561,50.93832618],[3.96550699,50.93830243],[3.96556535,50.93835202]]]}},{"type":"Feature","id":"gebouw/Gebouw.13503517/0","properties":{"source":"Digitaal Vlaanderen Gebouwenregister","source_id":"gebouw/Gebouw.13503517/0","kind":"building","building":"official","height_m":5.85,"status":null},"geometry":{"type":"Polygon","coordinates":[[[3.96956261,50.93753003],[3.96961324,50.93748568],[3.96968493,50.93751836],[3.96969142,50.93752136],[3.9696971,50.93752496],[3.96970179,50.93752908],[3.96970539,50.93753362],[3.96970738,50.93753735],[3.96970864,50.9375412],[3.96970913,50.93754512],[3.96970887,50.93754906],[3.96970786,50.93755294],[3.96970612,50.93755657],[3.96970399,50.9375597],[3.96970132,50.93756265],[3.96969816,50.9375654],[3.96969454,50.93756793],[3.9696902,50.93757024],[3.96968546,50.93757222],[3.96968039,50.93757386],[3.96967508,50.93757512],[3.96966946,50.93757609],[3.9696637,50.93757666],[3.96965786,50.93757681],[3.96965205,50.93757655],[3.96964527,50.93757563],[3.96963875,50.93757415],[3.96963263,50.93757209],[3.96962702,50.93756952],[3.96956917,50.93754337],[3.96955539,50.93753639],[3.96956261,50.93753003]]]}},{"type":"Feature","id":"gebouw/Gebouw.13505094/0","properties":{"source":"Digitaal Vlaanderen Gebouwenregister","source_id":"gebouw/Gebouw.13505094/0","kind":"building","building":"official","height_m":5.1,"status":null},"geometry":{"type":"Polygon","coordinates":[[[3.96847943,50.93822044],[3.9684502,50.93824787],[3.96837714,50.93821908],[3.96838111,50.93821575],[3.96841098,50.93819071],[3.96847943,50.93822044]]]}},{"type":"Feature","id":"gebouw/Gebouw.13518956/0","properties":{"source":"Digitaal Vlaanderen Gebouwenregister","source_id":"gebouw/Gebouw.13518956/0","kind":"building","building":"official","height_m":6.6,"status":null},"geometry":{"type":"Polygon","coordinates":[[[3.97087397,50.93983469],[3.97086894,50.93983091],[3.97073876,50.93973292],[3.97066406,50.93977246],[3.97070224,50.93980106],[3.97069028,50.9398074],[3.97077488,50.93986756],[3.97073875,50.93988598],[3.9707957,50.93992926],[3.97083476,50.93990854],[3.97079341,50.93987742],[3.97087397,50.93983469]]]}},{"type":"Feature","id":"gebouw/Gebouw.13519278/0","properties":{"source":"Digitaal Vlaanderen Gebouwenregister","source_id":"gebouw/Gebouw.13519278/0","kind":"building","building":"official","height_m":5.1,"status":null},"geometry":{"type":"Polygon","coordinates":[[[3.96310456,50.935024],[3.96313542,50.93499747],[3.96317003,50.93501528],[3.9632041,50.93498467],[3.96322726,50.93499619],[3.96322205,50.93500011],[3.96332252,50.93504542],[3.96328867,50.93507407],[3.96329511,50.93507721],[3.96326508,50.93510237],[3.96315579,50.93504901],[3.96310456,50.935024]]]}},{"type":"Feature","id":"gebouw/Gebouw.13519305/0","properties":{"source":"Digitaal Vlaanderen Gebouwenregister","source_id":"gebouw/Gebouw.13519305/0","kind":"building","building":"official","height_m":7.35,"status":null},"geometry":{"type":"Polygon","coordinates":[[[3.97208036,50.93626721],[3.97201194,50.93632446],[3.97184674,50.93624016],[3.97189561,50.93620207],[3.97198384,50.93624546],[3.97200474,50.93622878],[3.97208036,50.93626721]]]}},{"type":"Feature","id":"gebouw/Gebouw.13522145/0","properties":{"source":"Digitaal Vlaanderen Gebouwenregister","source_id":"gebouw/Gebouw.13522145/0","kind":"building","building":"official","height_m":8.85,"status":null},"geometry":{"type":"Polygon","coordinates":[[[3.9692074,50.93747911],[3.96915653,50.93745741],[3.96916759,50.93744614],[3.96912175,50.93742205],[3.96914286,50.93740539],[3.96919001,50.93742596],[3.96917467,50.93744],[3.96920767,50.93745439],[3.96922301,50.93744035],[3.96923816,50.93744696],[3.96923371,50.93745161],[3.96927245,50.93746641],[3.96924168,50.93749857],[3.96920294,50.93748377],[3.9692074,50.93747911]]]}},{"type":"Feature","id":"gebouw/Gebouw.13526683/0","properties":{"source":"Digitaal Vlaanderen Gebouwenregister","source_id":"gebouw/Gebouw.13526683/0","kind":"building","building":"official","height_m":5.85,"status":null},"geometry":{"type":"Polygon","coordinates":[[[3.96982626,50.93400904],[3.96979507,50.93402131],[3.96975065,50.93403878],[3.96971348,50.93399471],[3.96979529,50.9339645],[3.96983206,50.93400676],[3.96982626,50.93400904]]]}},{"type":"Feature","id":"gebouw/Gebouw.13526833/0","properties":{"source":"Digitaal Vlaanderen Gebouwenregister","source_id":"gebouw/Gebouw.13526833/0","kind":"building","building":"official","height_m":5.85,"status":null},"geometry":{"type":"Polygon","coordinates":[[[3.96489495,50.93434175],[3.96481713,50.9344036],[3.96476367,50.93437682],[3.96472606,50.93435797],[3.96472063,50.93435525],[3.96476798,50.93431784],[3.96472524,50.93429714],[3.96470805,50.93430933],[3.964648,50.93428018],[3.96466471,50.93426658],[3.96461067,50.93423975],[3.96463911,50.93421493],[3.96489495,50.93434175]]]}},{"type":"Feature","id":"gebouw/Gebouw.13532663/0","properties":{"source":"Digitaal Vlaanderen Gebouwenregister","source_id":"gebouw/Gebouw.13532663/0","kind":"building","building":"official","height_m":8.85,"status":null},"geometry":{"type":"Polygon","coordinates":[[[3.97166061,50.93578309],[3.97161439,50.93584186],[3.97145665,50.93579249],[3.97153552,50.9357266],[3.97154296,50.93572038],[3.971568,50.93573232],[3.97163274,50.93576317],[3.97162419,50.93577158],[3.97166061,50.93578309]]]}},{"type":"Feature","id":"gebouw/Gebouw.13532918/0","properties":{"source":"Digitaal Vlaanderen Gebouwenregister","source_id":"gebouw/Gebouw.13532918/0","kind":"building","building":"official","height_m":6.6,"status":null},"geometry":{"type":"Polygon","coordinates":[[[3.97001534,50.93905077],[3.96997114,50.9390306],[3.97000548,50.93899876],[3.97005015,50.93901939],[3.97001534,50.93905077]]]}},{"type":"Feature","id":"gebouw/Gebouw.13532934/0","properties":{"source":"Digitaal Vlaanderen Gebouwenregister","source_id":"gebouw/Gebouw.13532934/0","kind":"building","building":"official","height_m":5.1,"status":null},"geometry":{"type":"Polygon","coordinates":[[[3.966346,50.9392439],[3.96641879,50.9392033],[3.96645413,50.93922827],[3.96638534,50.93927034],[3.966346,50.9392439]]]}},{"type":"Feature","id":"gebouw/Gebouw.13533464/0","properties":{"source":"Digitaal Vlaanderen Gebouwenregister","source_id":"gebouw/Gebouw.13533464/0","kind":"building","building":"official","height_m":6.6,"status":null},"geometry":{"type":"Polygon","coordinates":[[[3.97324499,50.93988957],[3.97309325,50.93997037],[3.97304541,50.93993424],[3.97313171,50.93988921],[3.97319402,50.9398567],[3.97319921,50.93985399],[3.97324499,50.93988957]]]}},{"type":"Feature","id":"gebouw/Gebouw.13536026/0","properties":{"source":"Digitaal Vlaanderen Gebouwenregister","source_id":"gebouw/Gebouw.13536026/0","kind":"building","building":"official","height_m":6.6,"status":null},"geometry":{"type":"Polygon","coordinates":[[[3.96903924,50.93826975],[3.96914907,50.93831751],[3.96910918,50.93835356],[3.96917733,50.93838301],[3.96917659,50.93838414],[3.96917937,50.93838496],[3.96915467,50.93841882],[3.96915561,50.9384194],[3.96910732,50.93846413],[3.96891205,50.9383739],[3.9688616,50.93835059],[3.96888752,50.93832831],[3.96895846,50.93836162],[3.9689987,50.93832513],[3.96892527,50.93829161],[3.96897834,50.93824326],[3.96903924,50.93826975]]]}},{"type":"Feature","id":"gebouw/Gebouw.13536743/0","properties":{"source":"Digitaal Vlaanderen Gebouwenregister","source_id":"gebouw/Gebouw.13536743/0","kind":"building","building":"official","height_m":8.85,"status":null},"geometry":{"type":"Polygon","coordinates":[[[3.97154327,50.93453099],[3.97144651,50.93450308],[3.97143463,50.93452036],[3.97129531,50.93447998],[3.97133705,50.93442308],[3.97140511,50.93444292],[3.97147355,50.93446374],[3.97156843,50.93449261],[3.97154327,50.93453099]]]}},{"type":"Feature","id":"gebouw/Gebouw.13536775/0","properties":{"source":"Digitaal Vlaanderen Gebouwenregister","source_id":"gebouw/Gebouw.13536775/0","kind":"building","building":"official","height_m":5.85,"status":null},"geometry":{"type":"Polygon","coordinates":[[[3.97355652,50.93422433],[3.97356647,50.93422121],[3.9735692,50.93421171],[3.97358989,50.93420577],[3.97360421,50.93420965],[3.97364903,50.93419583],[3.97365252,50.93418659],[3.97367301,50.9341801],[3.97368711,50.93418436],[3.97369657,50.93418154],[3.97375169,50.93425402],[3.97361623,50.93429446],[3.97365859,50.93436324],[3.97359561,50.93437798],[3.97354731,50.93430304],[3.97360505,50.9342862],[3.97355652,50.93422433]]]}},{"type":"Feature","id":"gebouw/Gebouw.13538366/0","properties":{"source":"Digitaal Vlaanderen Gebouwenregister","source_id":"gebouw/Gebouw.13538366/0","kind":"building","building":"official","height_m":6.6,"status":null},"geometry":{"type":"Polygon","coordinates":[[[3.96893644,50.93864939],[3.96889069,50.93868752],[3.96878491,50.93863765],[3.96882192,50.93860744],[3.9688832,50.93855742],[3.96898699,50.93860736],[3.9689858,50.93860901],[3.96897465,50.93860358],[3.96892529,50.93864396],[3.96893644,50.93864939]]]}},{"type":"Feature","id":"gebouw/Gebouw.13538448/0","properties":{"source":"Digitaal Vlaanderen Gebouwenregister","source_id":"gebouw/Gebouw.13538448/0","kind":"building","building":"official","height_m":5.1,"status":null},"geometry":{"type":"Polygon","coordinates":[[[3.96961022,50.93739591],[3.96947834,50.93733705],[3.9694709,50.93734305],[3.96943573,50.93732713],[3.96944389,50.93732007],[3.96931058,50.93726016],[3.96930687,50.93726343],[3.96926512,50.93730019],[3.96918695,50.93736901],[3.96948612,50.93750567],[3.96949385,50.93749869],[3.96961022,50.93739591]]]}},{"type":"Feature","id":"gebouw/Gebouw.13538473/0","properties":{"source":"Digitaal Vlaanderen Gebouwenregister","source_id":"gebouw/Gebouw.13538473/0","kind":"building","building":"official","height_m":5.85,"status":null},"geometry":{"type":"Polygon","coordinates":[[[3.97018477,50.93644988],[3.97002966,50.93637227],[3.97004999,50.93635777],[3.97020697,50.93643267],[3.97018477,50.93644988]]]}},{"type":"Feature","id":"gebouw/Gebouw.13545883/0","properties":{"source":"Digitaal Vlaanderen Gebouwenregister","source_id":"gebouw/Gebouw.13545883/0","kind":"building","building":"official","height_m":5.85,"status":null},"geometry":{"type":"Polygon","coordinates":[[[3.9722509,50.94018412],[3.97225186,50.94018513],[3.9722527,50.94018618],[3.97225342,50.94018726],[3.97225402,50.94018837],[3.9722545,50.9401895],[3.97225485,50.94019066],[3.97225507,50.94019182],[3.97225516,50.940193],[3.97225513,50.94019417],[3.97225496,50.94019534],[3.97225466,50.9401965],[3.97225424,50.94019764],[3.97225369,50.94019876],[3.97225303,50.94019986],[3.97225224,50.94020092],[3.97225133,50.94020195],[3.97225032,50.94020293],[3.97224919,50.94020387],[3.97224797,50.94020475],[3.97224665,50.94020558],[3.97224525,50.94020635],[3.97224376,50.94020705],[3.9722422,50.94020769],[3.97224057,50.94020826],[3.97223889,50.94020875],[3.97223715,50.94020917],[3.97219247,50.94023289],[3.97204639,50.94012448],[3.97209556,50.94009764],[3.97213495,50.94012646],[3.97220408,50.94008873],[3.97228641,50.94014766],[3.97227789,50.94015213],[3.97223745,50.94017334],[3.97224798,50.94018175],[3.97224868,50.94018224],[3.97224984,50.94018316],[3.9722509,50.94018412]]]}},{"type":"Feature","id":"gebouw/Gebouw.13546049/0","properties":{"source":"Digitaal Vlaanderen Gebouwenregister","source_id":"gebouw/Gebouw.13546049/0","kind":"building","building":"official","height_m":8.85,"status":null},"geometry":{"type":"Polygon","coordinates":[[[3.97121508,50.94057494],[3.97122344,50.94057033],[3.97133933,50.94050651],[3.97138137,50.94053677],[3.97138483,50.94053494],[3.97143305,50.94056986],[3.97138006,50.94059826],[3.97137217,50.94059316],[3.97129638,50.94063695],[3.97121508,50.94057494]]]}},{"type":"Feature","id":"gebouw/Gebouw.13546130/0","properties":{"source":"Digitaal Vlaanderen Gebouwenregister","source_id":"gebouw/Gebouw.13546130/0","kind":"building","building":"official","height_m":6.6,"status":null},"geometry":{"type":"Polygon","coordinates":[[[3.97198365,50.9403387],[3.9719819,50.94033962],[3.9718339,50.94022927],[3.97187953,50.9402044],[3.97189034,50.94021229],[3.97196106,50.94017245],[3.97206604,50.94024794],[3.97199832,50.940286],[3.9720318,50.94031334],[3.97198365,50.9403387]]]}},{"type":"Feature","id":"gebouw/Gebouw.13546847/0","properties":{"source":"Digitaal Vlaanderen Gebouwenregister","source_id":"gebouw/Gebouw.13546847/0","kind":"building","building":"official","height_m":8.85,"status":null},"geometry":{"type":"Polygon","coordinates":[[[3.97229447,50.93997605],[3.97236058,50.93994028],[3.97236332,50.93994218],[3.97239378,50.93992566],[3.97239177,50.93992419],[3.97242726,50.93990493],[3.97242941,50.93990634],[3.97248072,50.93987906],[3.9725733,50.93994735],[3.97239347,50.94005188],[3.97229447,50.93997605]]]}},{"type":"Feature","id":"gebouw/Gebouw.13551614/0","properties":{"source":"Digitaal Vlaanderen Gebouwenregister","source_id":"gebouw/Gebouw.13551614/0","kind":"building","building":"official","height_m":6.6,"status":null},"geometry":{"type":"Polygon","coordinates":[[[3.97220303,50.93920389],[3.97218892,50.93919247],[3.97213902,50.93922117],[3.97210962,50.93919865],[3.97219254,50.93915243],[3.97223558,50.93918561],[3.97220303,50.93920389]]]}},{"type":"Feature","id":"gebouw/Gebouw.13552285/0","properties":{"source":"Digitaal Vlaanderen Gebouwenregister","source_id":"gebouw/Gebouw.13552285/0","kind":"building","building":"official","height_m":5.85,"status":null},"geometry":{"type":"Polygon","coordinates":[[[3.96353777,50.93454708],[3.96345065,50.93450489],[3.96349775,50.93446583],[3.96358297,50.93450757],[3.96353777,50.93454708]]]}},{"type":"Feature","id":"gebouw/Gebouw.13554502/0","properties":{"source":"Digitaal Vlaanderen Gebouwenregister","source_id":"gebouw/Gebouw.13554502/0","kind":"building","building":"official","height_m":8.1,"status":null},"geometry":{"type":"Polygon","coordinates":[[[3.96864366,50.93961054],[3.96861186,50.93958023],[3.96849463,50.93963035],[3.96852811,50.93966134],[3.96864366,50.93961054]]]}},{"type":"Feature","id":"gebouw/Gebouw.13554568/0","properties":{"source":"Digitaal Vlaanderen Gebouwenregister","source_id":"gebouw/Gebouw.13554568/0","kind":"building","building":"official","height_m":8.1,"status":null},"geometry":{"type":"Polygon","coordinates":[[[3.97052562,50.93958819],[3.97044098,50.93952359],[3.9704172,50.93950544],[3.97037174,50.93947074],[3.97033584,50.93948999],[3.97040246,50.93954142],[3.97036221,50.93956464],[3.97041208,50.93960035],[3.97042091,50.93959565],[3.9704583,50.93962381],[3.97052562,50.93958819]]]}},{"type":"Feature","id":"gebouw/Gebouw.13554628/0","properties":{"source":"Digitaal Vlaanderen Gebouwenregister","source_id":"gebouw/Gebouw.13554628/0","kind":"building","building":"official","height_m":8.1,"status":null},"geometry":{"type":"Polygon","coordinates":[[[3.97147451,50.93501458],[3.97130403,50.93509571],[3.97126016,50.93505707],[3.97141312,50.93498983],[3.97143117,50.93500335],[3.971499,50.93497409],[3.97152151,50.93499221],[3.97147451,50.93501458]]]}},{"type":"Feature","id":"gebouw/Gebouw.13563755/0","properties":{"source":"Digitaal Vlaanderen Gebouwenregister","source_id":"gebouw/Gebouw.13563755/0","kind":"building","building":"official","height_m":8.85,"status":null},"geometry":{"type":"Polygon","coordinates":[[[3.97368712,50.9339438],[3.97369126,50.93394907],[3.97371396,50.93397802],[3.97373811,50.93400882],[3.97374519,50.934018],[3.97354968,50.93407819],[3.97353493,50.93404407],[3.97351031,50.93399099],[3.97350831,50.93398762],[3.97359047,50.9339619],[3.97367946,50.93393403],[3.97368712,50.9339438]]]}},{"type":"Feature","id":"gebouw/Gebouw.13572261/0","properties":{"source":"Digitaal Vlaanderen Gebouwenregister","source_id":"gebouw/Gebouw.13572261/0","kind":"building","building":"official","height_m":7.35,"status":null},"geometry":{"type":"Polygon","coordinates":[[[3.96959659,50.93864347],[3.96966321,50.93856834],[3.9695267,50.93852032],[3.96945692,50.93860282],[3.96938892,50.93857685],[3.96942209,50.93854275],[3.96933486,50.93850914],[3.96925894,50.93858691],[3.96926879,50.93859136],[3.96928118,50.93859695],[3.96929416,50.93860073],[3.96937256,50.9386236],[3.96941279,50.93863851],[3.96942905,50.93864453],[3.96944393,50.93865005],[3.96950337,50.93867207],[3.96951747,50.93867729],[3.96953227,50.93868278],[3.96953979,50.93868556],[3.96961627,50.9387139],[3.9696591,50.9386656],[3.96959659,50.93864347]]]}},{"type":"Feature","id":"gebouw/Gebouw.13574531/0","properties":{"source":"Digitaal Vlaanderen Gebouwenregister","source_id":"gebouw/Gebouw.13574531/0","kind":"building","building":"official","height_m":8.85,"status":null},"geometry":{"type":"Polygon","coordinates":[[[3.96469692,50.93413145],[3.96466993,50.93415318],[3.96456981,50.9341049],[3.96459632,50.93408294],[3.96462944,50.93409891],[3.96469692,50.93413145]]]}},{"type":"Feature","id":"gebouw/Gebouw.13574773/0","properties":{"source":"Digitaal Vlaanderen Gebouwenregister","source_id":"gebouw/Gebouw.13574773/0","kind":"building","building":"official","height_m":5.85,"status":null},"geometry":{"type":"Polygon","coordinates":[[[3.97002646,50.94054557],[3.97011854,50.94049864],[3.9700843,50.94047221],[3.97004991,50.9404893],[3.97000565,50.94051129],[3.97000172,50.94051324],[3.96996108,50.94052728],[3.96993015,50.94048726],[3.96986543,50.94050708],[3.9698766,50.94052165],[3.96982231,50.94053828],[3.96986371,50.94059223],[3.97002646,50.94054557]]]}},{"type":"Feature","id":"gebouw/Gebouw.13576896/0","properties":{"source":"Digitaal Vlaanderen Gebouwenregister","source_id":"gebouw/Gebouw.13576896/0","kind":"building","building":"official","height_m":5.1,"status":null},"geometry":{"type":"Polygon","coordinates":[[[3.97119726,50.93906473],[3.97112383,50.93912965],[3.97109762,50.93915282],[3.97105644,50.93918923],[3.97108476,50.93920283],[3.97105297,50.93923209],[3.9711005,50.93925266],[3.97113301,50.939223],[3.97115181,50.93923115],[3.97118961,50.93919792],[3.97116499,50.93918675],[3.97119585,50.93915962],[3.97124006,50.93917914],[3.97131099,50.93911528],[3.97126008,50.93909273],[3.9712569,50.93909561],[3.97119727,50.93906921],[3.97120047,50.93906633],[3.97119838,50.93906529],[3.97119726,50.93906473]]]}},{"type":"Feature","id":"gebouw/Gebouw.13577566/0","properties":{"source":"Digitaal Vlaanderen Gebouwenregister","source_id":"gebouw/Gebouw.13577566/0","kind":"building","building":"official","height_m":8.1,"status":null},"geometry":{"type":"Polygon","coordinates":[[[3.96811469,50.93859101],[3.96810563,50.93860004],[3.96809805,50.93860758],[3.96809236,50.93861325],[3.96804422,50.93859084],[3.96807759,50.93856126],[3.96812373,50.93858201],[3.96812251,50.93858322],[3.96811469,50.93859101]]]}},{"type":"Feature","id":"gebouw/Gebouw.13579093/0","properties":{"source":"Digitaal Vlaanderen Gebouwenregister","source_id":"gebouw/Gebouw.13579093/0","kind":"building","building":"official","height_m":5.85,"status":null},"geometry":{"type":"Polygon","coordinates":[[[3.97178599,50.93948446],[3.9717747,50.93947632],[3.97186671,50.93942593],[3.97191814,50.93946547],[3.97187426,50.93948959],[3.97194686,50.93954261],[3.97191018,50.93956334],[3.97193385,50.93958121],[3.9718571,50.93962124],[3.97172177,50.93951959],[3.97175693,50.93950041],[3.97178599,50.93948446]]]}},{"type":"Feature","id":"gebouw/Gebouw.13579803/0","properties":{"source":"Digitaal Vlaanderen Gebouwenregister","source_id":"gebouw/Gebouw.13579803/0","kind":"building","building":"official","height_m":7.35,"status":null},"geometry":{"type":"Polygon","coordinates":[[[3.97004193,50.93593884],[3.96998932,50.93590927],[3.97003447,50.93587678],[3.97008731,50.93590636],[3.97004193,50.93593884]]]}},{"type":"Feature","id":"gebouw/Gebouw.13579832/0","properties":{"source":"Digitaal Vlaanderen Gebouwenregister","source_id":"gebouw/Gebouw.13579832/0","kind":"building","building":"official","height_m":6.6,"status":null},"geometry":{"type":"Polygon","coordinates":[[[3.97166291,50.93838103],[3.97161633,50.93835372],[3.97164862,50.93833123],[3.97169448,50.93835689],[3.97166291,50.93838103]]]}},{"type":"Feature","id":"gebouw/Gebouw.13584904/0","properties":{"source":"Digitaal Vlaanderen Gebouwenregister","source_id":"gebouw/Gebouw.13584904/0","kind":"building","building":"official","height_m":8.1,"status":null},"geometry":{"type":"Polygon","coordinates":[[[3.96342896,50.93452976],[3.96344809,50.93455227],[3.96345878,50.93454878],[3.96348547,50.93459322],[3.9634294,50.93460795],[3.96339696,50.93455691],[3.96342896,50.93452976]]]}},{"type":"Feature","id":"gebouw/Gebouw.13584935/0","properties":{"source":"Digitaal Vlaanderen Gebouwenregister","source_id":"gebouw/Gebouw.13584935/0","kind":"building","building":"official","height_m":8.85,"status":null},"geometry":{"type":"Polygon","coordinates":[[[3.96690178,50.93826731],[3.96684709,50.93824711],[3.96686753,50.93822397],[3.96692246,50.93824463],[3.96690178,50.93826731]]]}},{"type":"Feature","id":"gebouw/Gebouw.13588848/0","properties":{"source":"Digitaal Vlaanderen Gebouwenregister","source_id":"gebouw/Gebouw.13588848/0","kind":"building","building":"official","height_m":5.1,"status":null},"geometry":{"type":"Polygon","coordinates":[[[3.96736821,50.93935133],[3.96742387,50.93939579],[3.96739918,50.9394082],[3.96734493,50.93936567],[3.96733846,50.9393606],[3.96736367,50.9393477],[3.96736821,50.93935133]]]}},{"type":"Feature","id":"gebouw/Gebouw.13589353/0","properties":{"source":"Digitaal Vlaanderen Gebouwenregister","source_id":"gebouw/Gebouw.13589353/0","kind":"building","building":"official","height_m":5.85,"status":null},"geometry":{"type":"Polygon","coordinates":[[[3.96850856,50.93871108],[3.96880637,50.93885601],[3.96875466,50.93889891],[3.96869806,50.93887168],[3.96857002,50.93879985],[3.96850136,50.93876619],[3.96850376,50.93876394],[3.96845815,50.9387415],[3.96847567,50.93872709],[3.96846237,50.93872012],[3.96848704,50.93870061],[3.96850856,50.93871108]]]}},{"type":"Feature","id":"gebouw/Gebouw.13589454/0","properties":{"source":"Digitaal Vlaanderen Gebouwenregister","source_id":"gebouw/Gebouw.13589454/0","kind":"building","building":"official","height_m":5.1,"status":null},"geometry":{"type":"Polygon","coordinates":[[[3.96541217,50.93447658],[3.96546641,50.93443614],[3.96554186,50.93447684],[3.96553825,50.93447949],[3.96557375,50.93450041],[3.96556391,50.93450747],[3.96564296,50.93454911],[3.96561589,50.93456832],[3.96553721,50.9345263],[3.96552725,50.93453289],[3.96549226,50.93451316],[3.96548644,50.93451743],[3.96541217,50.93447658]]]}},{"type":"Feature","id":"gebouw/Gebouw.13603889/0","properties":{"source":"Digitaal Vlaanderen Gebouwenregister","source_id":"gebouw/Gebouw.13603889/0","kind":"building","building":"official","height_m":8.85,"status":null},"geometry":{"type":"Polygon","coordinates":[[[3.97054975,50.93914824],[3.97063926,50.93918685],[3.97059252,50.93923011],[3.97050301,50.9391915],[3.97054975,50.93914824]]]}},{"type":"Feature","id":"gebouw/Gebouw.13603906/0","properties":{"source":"Digitaal Vlaanderen Gebouwenregister","source_id":"gebouw/Gebouw.13603906/0","kind":"building","building":"official","height_m":8.1,"status":null},"geometry":{"type":"Polygon","coordinates":[[[3.96750712,50.93934104],[3.96747439,50.93931503],[3.96752847,50.93928731],[3.96753716,50.93928286],[3.96757199,50.93931001],[3.96755891,50.9393167],[3.96764128,50.93938093],[3.96767232,50.93936511],[3.96771253,50.9393962],[3.96770153,50.9394021],[3.9677375,50.93942989],[3.96766599,50.93946728],[3.96750712,50.93934104]]]}},{"type":"Feature","id":"gebouw/Gebouw.13603945/0","properties":{"source":"Digitaal Vlaanderen Gebouwenregister","source_id":"gebouw/Gebouw.13603945/0","kind":"building","building":"official","height_m":5.85,"status":null},"geometry":{"type":"Polygon","coordinates":[[[3.96743599,50.93958695],[3.96742347,50.93959345],[3.96741133,50.93959975],[3.96736709,50.93962269],[3.96728107,50.93955802],[3.96732274,50.93953555],[3.96726442,50.93949032],[3.96724647,50.93949946],[3.96719551,50.93945766],[3.96718746,50.93945106],[3.96722974,50.93942864],[3.96723548,50.93943305],[3.96725224,50.93944591],[3.96743599,50.93958695]]]}},{"type":"Feature","id":"gebouw/Gebouw.13604563/0","properties":{"source":"Digitaal Vlaanderen Gebouwenregister","source_id":"gebouw/Gebouw.13604563/0","kind":"building","building":"official","height_m":5.85,"status":null},"geometry":{"type":"Polygon","coordinates":[[[3.96771286,50.93980366],[3.96768354,50.93981855],[3.9676416,50.93978467],[3.96762795,50.93979126],[3.96760602,50.93977421],[3.96756371,50.93974134],[3.96754307,50.9397527],[3.96754001,50.93975438],[3.96746205,50.93968966],[3.96752278,50.93965819],[3.96764659,50.93975295],[3.96767699,50.93977621],[3.96769952,50.93979345],[3.96771286,50.93980366]]]}},{"type":"Feature","id":"gebouw/Gebouw.13608335/0","properties":{"source":"Digitaal Vlaanderen Gebouwenregister","source_id":"gebouw/Gebouw.13608335/0","kind":"building","building":"official","height_m":8.85,"status":null},"geometry":{"type":"Polygon","coordinates":[[[3.96873129,50.9394326],[3.96858891,50.93949534],[3.9686263,50.93953176],[3.96864593,50.93952203],[3.96868287,50.93955634],[3.96882651,50.93949251],[3.96875089,50.93942396],[3.96873129,50.9394326]]]}},{"type":"Feature","id":"gebouw/Gebouw.13608796/0","properties":{"source":"Digitaal Vlaanderen Gebouwenregister","source_id":"gebouw/Gebouw.13608796/0","kind":"building","building":"official","height_m":8.1,"status":null},"geometry":{"type":"Polygon","coordinates":[[[3.97102827,50.9368809],[3.97097508,50.93693215],[3.97084675,50.93687576],[3.97090293,50.93682533],[3.97102827,50.9368809]]]}},{"type":"Feature","id":"gebouw/Gebouw.13626835/0","properties":{"source":"Digitaal Vlaanderen Gebouwenregister","source_id":"gebouw/Gebouw.13626835/0","kind":"building","building":"official","height_m":5.85,"status":null},"geometry":{"type":"Polygon","coordinates":[[[3.97046134,50.93671612],[3.97036836,50.93666793],[3.97038856,50.93665245],[3.97041234,50.93666476],[3.97042469,50.93665394],[3.97049294,50.93668952],[3.97046134,50.93671612]]]}},{"type":"Feature","id":"gebouw/Gebouw.13626847/0","properties":{"source":"Digitaal Vlaanderen Gebouwenregister","source_id":"gebouw/Gebouw.13626847/0","kind":"building","building":"official","height_m":5.85,"status":null},"geometry":{"type":"Polygon","coordinates":[[[3.96968572,50.93844919],[3.96964671,50.9384938],[3.96966026,50.93849851],[3.96964738,50.93851464],[3.96954852,50.93847975],[3.96955989,50.93846491],[3.9695901,50.93847558],[3.96963527,50.93842831],[3.96968572,50.93844919]]]}},{"type":"Feature","id":"gebouw/Gebouw.13634233/0","properties":{"source":"Digitaal Vlaanderen Gebouwenregister","source_id":"gebouw/Gebouw.13634233/0","kind":"building","building":"official","height_m":5.85,"status":null},"geometry":{"type":"Polygon","coordinates":[[[3.96560758,50.93498399],[3.96552309,50.9349442],[3.96554416,50.93492686],[3.96562532,50.9349674],[3.96563326,50.93496052],[3.96568481,50.93498275],[3.96565759,50.93500626],[3.96560758,50.93498399]]]}},{"type":"Feature","id":"gebouw/Gebouw.13634734/0","properties":{"source":"Digitaal Vlaanderen Gebouwenregister","source_id":"gebouw/Gebouw.13634734/0","kind":"building","building":"official","height_m":8.1,"status":null},"geometry":{"type":"Polygon","coordinates":[[[3.96414833,50.93523161],[3.96420522,50.93516382],[3.96419303,50.9351596],[3.96423631,50.93510769],[3.9643739,50.9351524],[3.9643099,50.93523],[3.96433971,50.93524],[3.96430262,50.9352837],[3.96414833,50.93523161]]]}},{"type":"Feature","id":"gebouw/Gebouw.13650320/0","properties":{"source":"Digitaal Vlaanderen Gebouwenregister","source_id":"gebouw/Gebouw.13650320/0","kind":"building","building":"official","height_m":6.6,"status":null},"geometry":{"type":"Polygon","coordinates":[[[3.97054831,50.93428936],[3.97051382,50.93426272],[3.97057182,50.93423185],[3.97060608,50.93425818],[3.97054831,50.93428936]]]}},{"type":"Feature","id":"gebouw/Gebouw.13655416/0","properties":{"source":"Digitaal Vlaanderen Gebouwenregister","source_id":"gebouw/Gebouw.13655416/0","kind":"building","building":"official","height_m":8.1,"status":null},"geometry":{"type":"Polygon","coordinates":[[[3.97052001,50.9340059],[3.97061834,50.93395658],[3.97065068,50.93398187],[3.97054646,50.93403479],[3.97052594,50.93402113],[3.97053498,50.93401607],[3.97052001,50.9340059]]]}},{"type":"Feature","id":"gebouw/Gebouw.13655604/0","properties":{"source":"Digitaal Vlaanderen Gebouwenregister","source_id":"gebouw/Gebouw.13655604/0","kind":"building","building":"official","height_m":5.1,"status":null},"geometry":{"type":"Polygon","coordinates":[[[3.97051458,50.9401084],[3.97050452,50.94011424],[3.9705261,50.94013088],[3.97048236,50.94015489],[3.9704606,50.94013854],[3.97040685,50.94009816],[3.97040106,50.94009381],[3.97025821,50.93998649],[3.97033147,50.93994766],[3.97036718,50.9399743],[3.97037797,50.9399686],[3.97042642,50.94000379],[3.97038388,50.9400269],[3.97044796,50.94007601],[3.97046364,50.94006755],[3.97051458,50.9401084]]]}},{"type":"Feature","id":"gebouw/Gebouw.13655724/0","properties":{"source":"Digitaal Vlaanderen Gebouwenregister","source_id":"gebouw/Gebouw.13655724/0","kind":"building","building":"official","height_m":5.1,"status":null},"geometry":{"type":"Polygon","coordinates":[[[3.96869356,50.93935494],[3.96863762,50.93927671],[3.9684686,50.9393258],[3.96841667,50.93934045],[3.96842033,50.93934563],[3.96843248,50.93936282],[3.96848441,50.93934817],[3.96852486,50.9394054],[3.96869356,50.93935494]]]}},{"type":"Feature","id":"gebouw/Gebouw.13655833/0","properties":{"source":"Digitaal Vlaanderen Gebouwenregister","source_id":"gebouw/Gebouw.13655833/0","kind":"building","building":"official","height_m":5.85,"status":null},"geometry":{"type":"Polygon","coordinates":[[[3.96824698,50.93692416],[3.96815903,50.93687923],[3.9682077,50.93684147],[3.96829447,50.93688746],[3.96824698,50.93692416]]]}},{"type":"Feature","id":"gebouw/Gebouw.13660201/0","properties":{"source":"Digitaal Vlaanderen Gebouwenregister","source_id":"gebouw/Gebouw.13660201/0","kind":"building","building":"official","height_m":5.85,"status":null},"geometry":{"type":"Polygon","coordinates":[[[3.97065837,50.9393619],[3.97062661,50.9393374],[3.97067211,50.93931117],[3.9705625,50.93923852],[3.97048845,50.93928019],[3.97058741,50.93935515],[3.97062071,50.93938037],[3.97065837,50.9393619]]]}},{"type":"Feature","id":"gebouw/Gebouw.13660435/0","properties":{"source":"Digitaal Vlaanderen Gebouwenregister","source_id":"gebouw/Gebouw.13660435/0","kind":"building","building":"official","height_m":5.85,"status":null},"geometry":{"type":"Polygon","coordinates":[[[3.9723227,50.9357882],[3.97228298,50.93576538],[3.97231197,50.93574599],[3.97235144,50.93576867],[3.9723227,50.9357882]]]}},{"type":"Feature","id":"gebouw/Gebouw.13660485/0","properties":{"source":"Digitaal Vlaanderen Gebouwenregister","source_id":"gebouw/Gebouw.13660485/0","kind":"building","building":"official","height_m":7.35,"status":null},"geometry":{"type":"Polygon","coordinates":[[[3.96954942,50.93975356],[3.96946111,50.93967989],[3.96940129,50.93971714],[3.96937387,50.93973068],[3.96929445,50.93976993],[3.96939082,50.93985071],[3.9695155,50.93979354],[3.96949986,50.93977978],[3.96954942,50.93975356]]]}},{"type":"Feature","id":"gebouw/Gebouw.13705782/0","properties":{"source":"Digitaal Vlaanderen Gebouwenregister","source_id":"gebouw/Gebouw.13705782/0","kind":"building","building":"official","height_m":5.1,"status":null},"geometry":{"type":"Polygon","coordinates":[[[3.97097508,50.93693215],[3.97094698,50.93695928],[3.97099616,50.93698146],[3.97104815,50.9370051],[3.9710231,50.93702802],[3.97097151,50.93700541],[3.9709203,50.93698297],[3.97080329,50.93693168],[3.97079102,50.93692631],[3.97084675,50.93687576],[3.97097508,50.93693215]]]}},{"type":"Feature","id":"gebouw/Gebouw.13706095/0","properties":{"source":"Digitaal Vlaanderen Gebouwenregister","source_id":"gebouw/Gebouw.13706095/0","kind":"building","building":"official","height_m":5.85,"status":null},"geometry":{"type":"Polygon","coordinates":[[[3.96971277,50.93995525],[3.96968027,50.93993117],[3.96962916,50.9399669],[3.96960813,50.9399816],[3.96943938,50.94002821],[3.96948099,50.94008817],[3.96952897,50.94007495],[3.969538,50.94008672],[3.96960187,50.94006856],[3.969573,50.94002658],[3.9696253,50.94001167],[3.96964634,50.93999813],[3.96967888,50.94001799],[3.9697158,50.9399939],[3.96968365,50.93997423],[3.96971277,50.93995525]]]}},{"type":"Feature","id":"gebouw/Gebouw.13706341/0","properties":{"source":"Digitaal Vlaanderen Gebouwenregister","source_id":"gebouw/Gebouw.13706341/0","kind":"building","building":"official","height_m":5.85,"status":null},"geometry":{"type":"Polygon","coordinates":[[[3.97068805,50.93938525],[3.97065166,50.93940381],[3.97074384,50.93947364],[3.97081249,50.93943803],[3.97077928,50.93941259],[3.9707897,50.93940695],[3.97073966,50.93937094],[3.97069966,50.93939463],[3.97068805,50.93938525]]]}},{"type":"Feature","id":"gebouw/Gebouw.13706424/0","properties":{"source":"Digitaal Vlaanderen Gebouwenregister","source_id":"gebouw/Gebouw.13706424/0","kind":"building","building":"official","height_m":5.1,"status":null},"geometry":{"type":"Polygon","coordinates":[[[3.97049756,50.93942891],[3.97041818,50.93936767],[3.97040113,50.93935452],[3.97036739,50.93937036],[3.97046674,50.93944539],[3.97049756,50.93942891]]]}},{"type":"Feature","id":"gebouw/Gebouw.13758873/0","properties":{"source":"Digitaal Vlaanderen Gebouwenregister","source_id":"gebouw/Gebouw.13758873/0","kind":"building","building":"official","height_m":7.35,"status":null},"geometry":{"type":"Polygon","coordinates":[[[3.96739918,50.9394082],[3.96735564,50.93943008],[3.9673,50.93938322],[3.96733806,50.93936028],[3.96739918,50.9394082]]]}},{"type":"Feature","id":"gebouw/Gebouw.13762782/0","properties":{"source":"Digitaal Vlaanderen Gebouwenregister","source_id":"gebouw/Gebouw.13762782/0","kind":"building","building":"official","height_m":5.1,"status":null},"geometry":{"type":"Polygon","coordinates":[[[3.97188987,50.94056057],[3.97186021,50.94053775],[3.97189728,50.94051721],[3.97192669,50.94053868],[3.97188987,50.94056057]]]}},{"type":"Feature","id":"gebouw/Gebouw.13762852/0","properties":{"source":"Digitaal Vlaanderen Gebouwenregister","source_id":"gebouw/Gebouw.13762852/0","kind":"building","building":"official","height_m":8.1,"status":null},"geometry":{"type":"Polygon","coordinates":[[[3.97137966,50.93554743],[3.97135152,50.93556163],[3.971271,50.9354955],[3.97125526,50.93548256],[3.97137939,50.93542243],[3.97140311,50.93544179],[3.97141789,50.93545394],[3.97141447,50.93545561],[3.97143331,50.93547099],[3.97143661,50.93546951],[3.97147386,50.93549989],[3.97137966,50.93554743]]]}},{"type":"Feature","id":"gebouw/Gebouw.13762930/0","properties":{"source":"Digitaal Vlaanderen Gebouwenregister","source_id":"gebouw/Gebouw.13762930/0","kind":"building","building":"official","height_m":8.1,"status":null},"geometry":{"type":"Polygon","coordinates":[[[3.97256386,50.93949706],[3.97252324,50.93952137],[3.97256197,50.93954869],[3.97255722,50.93955187],[3.97259162,50.93957378],[3.97252938,50.93961032],[3.97249935,50.93959054],[3.97240648,50.93952935],[3.97251366,50.93946088],[3.97256386,50.93949706]]]}},{"type":"Feature","id":"gebouw/Gebouw.13763216/0","properties":{"source":"Digitaal Vlaanderen Gebouwenregister","source_id":"gebouw/Gebouw.13763216/0","kind":"building","building":"official","height_m":6.6,"status":null},"geometry":{"type":"Polygon","coordinates":[[[3.96989098,50.93809278],[3.96990899,50.93807052],[3.96998629,50.93809712],[3.96996923,50.93811878],[3.96989098,50.93809278]]]}},{"type":"Feature","id":"gebouw/Gebouw.13763373/0","properties":{"source":"Digitaal Vlaanderen Gebouwenregister","source_id":"gebouw/Gebouw.13763373/0","kind":"building","building":"official","height_m":7.35,"status":null},"geometry":{"type":"Polygon","coordinates":[[[3.9698684,50.93982514],[3.96986457,50.93982709],[3.96985913,50.9398221],[3.96988593,50.9398079],[3.9698323,50.9397683],[3.96980366,50.93978423],[3.96982471,50.93980301],[3.96979393,50.93982043],[3.96981276,50.93983657],[3.96977221,50.93985898],[3.96987077,50.93993419],[3.96995375,50.93989033],[3.9698684,50.93982514]]]}},{"type":"Feature","id":"gebouw/Gebouw.13763382/0","properties":{"source":"Digitaal Vlaanderen Gebouwenregister","source_id":"gebouw/Gebouw.13763382/0","kind":"building","building":"official","height_m":5.1,"status":null},"geometry":{"type":"Polygon","coordinates":[[[3.96999507,50.93724727],[3.96995852,50.93722547],[3.9699899,50.93720688],[3.97002573,50.93722944],[3.96999507,50.93724727]]]}},{"type":"Feature","id":"gebouw/Gebouw.13772782/0","properties":{"source":"Digitaal Vlaanderen Gebouwenregister","source_id":"gebouw/Gebouw.13772782/0","kind":"building","building":"official","height_m":8.1,"status":null},"geometry":{"type":"Polygon","coordinates":[[[3.97155265,50.94040728],[3.9716821,50.94047333],[3.97162385,50.94049888],[3.97164801,50.94051931],[3.97158938,50.94056548],[3.97143848,50.94044625],[3.97150814,50.9404079],[3.97152686,50.94042148],[3.97155265,50.94040728]]]}},{"type":"Feature","id":"gebouw/Gebouw.13772792/0","properties":{"source":"Digitaal Vlaanderen Gebouwenregister","source_id":"gebouw/Gebouw.13772792/0","kind":"building","building":"official","height_m":6.6,"status":null},"geometry":{"type":"Polygon","coordinates":[[[3.97153787,50.93514653],[3.97140153,50.93521133],[3.9713616,50.93517674],[3.97137205,50.93517191],[3.97138378,50.93516649],[3.97145975,50.93513135],[3.97143845,50.93511303],[3.97146322,50.93510128],[3.97155433,50.9350581],[3.97157999,50.93507815],[3.97150181,50.93511422],[3.97153787,50.93514653]]]}},{"type":"Feature","id":"gebouw/Gebouw.13773024/0","properties":{"source":"Digitaal Vlaanderen Gebouwenregister","source_id":"gebouw/Gebouw.13773024/0","kind":"building","building":"official","height_m":5.1,"status":null},"geometry":{"type":"Polygon","coordinates":[[[3.97066774,50.93998865],[3.97049801,50.93986011],[3.97043265,50.93989439],[3.97048051,50.93993992],[3.97047029,50.93994264],[3.97052503,50.93998333],[3.97048732,50.94000405],[3.97050795,50.94001971],[3.97052764,50.94003467],[3.97056681,50.94006441],[3.97061037,50.94004157],[3.97059507,50.94003062],[3.97063431,50.94000795],[3.97066774,50.93998865]]]}},{"type":"Feature","id":"gebouw/Gebouw.13805083/0","properties":{"source":"Digitaal Vlaanderen Gebouwenregister","source_id":"gebouw/Gebouw.13805083/0","kind":"building","building":"official","height_m":5.85,"status":null},"geometry":{"type":"Polygon","coordinates":[[[3.97181195,50.93964722],[3.97176604,50.93961254],[3.97180905,50.93958867],[3.97185401,50.93962426],[3.97181195,50.93964722]]]}},{"type":"Feature","id":"gebouw/Gebouw.13805214/0","properties":{"source":"Digitaal Vlaanderen Gebouwenregister","source_id":"gebouw/Gebouw.13805214/0","kind":"building","building":"official","height_m":5.1,"status":null},"geometry":{"type":"Polygon","coordinates":[[[3.97190667,50.9396624],[3.97194296,50.93969138],[3.97189579,50.93971645],[3.97185885,50.93968898],[3.97190667,50.9396624]]]}},{"type":"Feature","id":"gebouw/Gebouw.13810678/0","properties":{"source":"Digitaal Vlaanderen Gebouwenregister","source_id":"gebouw/Gebouw.13810678/0","kind":"building","building":"official","height_m":8.1,"status":null},"geometry":{"type":"Polygon","coordinates":[[[3.97043006,50.9405293],[3.97038305,50.9404965],[3.9703444,50.94052163],[3.97039279,50.94055346],[3.97043006,50.9405293]]]}},{"type":"Feature","id":"gebouw/Gebouw.13810891/0","properties":{"source":"Digitaal Vlaanderen Gebouwenregister","source_id":"gebouw/Gebouw.13810891/0","kind":"building","building":"official","height_m":5.85,"status":null},"geometry":{"type":"Polygon","coordinates":[[[3.97016996,50.93955775],[3.97014571,50.93954008],[3.97011206,50.93955851],[3.97011372,50.93955973],[3.97012259,50.93956626],[3.97013563,50.93957586],[3.97013765,50.93957735],[3.97018557,50.93961263],[3.97021957,50.9395939],[3.97016996,50.93955775]]]}},{"type":"Feature","id":"gebouw/Gebouw.13810972/0","properties":{"source":"Digitaal Vlaanderen Gebouwenregister","source_id":"gebouw/Gebouw.13810972/0","kind":"building","building":"official","height_m":8.1,"status":null},"geometry":{"type":"Polygon","coordinates":[[[3.97047203,50.93638255],[3.97041819,50.93634923],[3.97043878,50.93633682],[3.97049331,50.93636835],[3.97047203,50.93638255]]]}},{"type":"Feature","id":"gebouw/Gebouw.13811319/0","properties":{"source":"Digitaal Vlaanderen Gebouwenregister","source_id":"gebouw/Gebouw.13811319/0","kind":"building","building":"official","height_m":7.35,"status":null},"geometry":{"type":"Polygon","coordinates":[[[3.97226623,50.93972089],[3.97221971,50.93974592],[3.9722193,50.93974685],[3.97221537,50.93975576],[3.97211912,50.93980954],[3.97203572,50.93974789],[3.97205306,50.93973822],[3.97203225,50.93972125],[3.97216603,50.93964739],[3.97219257,50.9396663],[3.97226623,50.93972089]]]}},{"type":"Feature","id":"gebouw/Gebouw.13839629/0","properties":{"source":"Digitaal Vlaanderen Gebouwenregister","source_id":"gebouw/Gebouw.13839629/0","kind":"building","building":"official","height_m":8.85,"status":null},"geometry":{"type":"Polygon","coordinates":[[[3.97243565,50.93935107],[3.97250169,50.93931286],[3.97256671,50.93935849],[3.97250257,50.93939775],[3.97243565,50.93935107]]]}},{"type":"Feature","id":"gebouw/Gebouw.13839680/0","properties":{"source":"Digitaal Vlaanderen Gebouwenregister","source_id":"gebouw/Gebouw.13839680/0","kind":"building","building":"official","height_m":6.6,"status":null},"geometry":{"type":"Polygon","coordinates":[[[3.96863977,50.9379139],[3.96865781,50.93790164],[3.96857635,50.93785785],[3.96859458,50.9378448],[3.9687219,50.93790877],[3.96868736,50.93793683],[3.96866372,50.93792544],[3.96863977,50.9379139]]]}},{"type":"Feature","id":"gebouw/Gebouw.13839817/0","properties":{"source":"Digitaal Vlaanderen Gebouwenregister","source_id":"gebouw/Gebouw.13839817/0","kind":"building","building":"official","height_m":5.85,"status":null},"geometry":{"type":"Polygon","coordinates":[[[3.96573229,50.9353797],[3.96567712,50.93535599],[3.9657078,50.93532897],[3.96576201,50.93535148],[3.96573229,50.9353797]]]}},{"type":"Feature","id":"gebouw/Gebouw.13839913/0","properties":{"source":"Digitaal Vlaanderen Gebouwenregister","source_id":"gebouw/Gebouw.13839913/0","kind":"building","building":"official","height_m":5.85,"status":null},"geometry":{"type":"Polygon","coordinates":[[[3.97017392,50.93862656],[3.97012055,50.93863008],[3.97011517,50.93859745],[3.97016854,50.93859394],[3.97017392,50.93862656]]]}},{"type":"Feature","id":"gebouw/Gebouw.14880926/0","properties":{"source":"Digitaal Vlaanderen Gebouwenregister","source_id":"gebouw/Gebouw.14880926/0","kind":"building","building":"official","height_m":6.6,"status":null},"geometry":{"type":"Polygon","coordinates":[[[3.96922208,50.94006785],[3.96916474,50.94008968],[3.96911574,50.94003862],[3.96909182,50.9400137],[3.96908992,50.94001171],[3.96910806,50.9400048],[3.96914577,50.93999045],[3.96914759,50.93998975],[3.96922208,50.94006785]]]}},{"type":"Feature","id":"gebouw/Gebouw.14947337/0","properties":{"source":"Digitaal Vlaanderen Gebouwenregister","source_id":"gebouw/Gebouw.14947337/0","kind":"building","building":"official","height_m":8.85,"status":null},"geometry":{"type":"Polygon","coordinates":[[[3.97121412,50.93624286],[3.97113846,50.93629981],[3.97113711,50.93629901],[3.97108344,50.93626952],[3.97115741,50.93621558],[3.97115963,50.93621396],[3.97121412,50.93624286]]]}},{"type":"Feature","id":"gebouw/Gebouw.14949450/0","properties":{"source":"Digitaal Vlaanderen Gebouwenregister","source_id":"gebouw/Gebouw.14949450/0","kind":"building","building":"official","height_m":5.1,"status":null},"geometry":{"type":"Polygon","coordinates":[[[3.97027114,50.93689649],[3.97026908,50.93689793],[3.9702107,50.93693875],[3.97015927,50.93697471],[3.97011184,50.93700788],[3.97010158,50.93701505],[3.97008757,50.93702484],[3.97005159,50.93704999],[3.96991707,50.93697263],[3.96989344,50.93695998],[3.96992022,50.93694197],[3.96986078,50.93690891],[3.96989657,50.9368843],[3.96994294,50.93685241],[3.96998035,50.9368751],[3.96998461,50.93687222],[3.97003332,50.93683927],[3.97002774,50.93683575],[3.9701018,50.936787],[3.97015454,50.93681587],[3.97014229,50.93682357],[3.97027114,50.93689649]]]}},{"type":"Feature","id":"gebouw/Gebouw.15042584/0","properties":{"source":"Digitaal Vlaanderen Gebouwenregister","source_id":"gebouw/Gebouw.15042584/0","kind":"building","building":"official","height_m":6.6,"status":null},"geometry":{"type":"Polygon","coordinates":[[[3.96972806,50.93846021],[3.96975405,50.93846918],[3.96975088,50.93847285],[3.96975618,50.93847468],[3.96970128,50.93853293],[3.96954675,50.93847973],[3.96954719,50.93847928],[3.96955493,50.93847139],[3.96955918,50.93846705],[3.96955848,50.93846676],[3.96953553,50.93845728],[3.96958353,50.93841052],[3.96963527,50.93842831],[3.96969817,50.93844993],[3.96972806,50.93846021]]]}},{"type":"Feature","id":"gebouw/Gebouw.16646626/0","properties":{"source":"Digitaal Vlaanderen Gebouwenregister","source_id":"gebouw/Gebouw.16646626/0","kind":"building","building":"official","height_m":8.1,"status":null},"geometry":{"type":"Polygon","coordinates":[[[3.97162461,50.93974766],[3.97158587,50.93971718],[3.97161795,50.93970116],[3.97165669,50.93973029],[3.97162461,50.93974766]]]}},{"type":"Feature","id":"gebouw/Gebouw.16646813/0","properties":{"source":"Digitaal Vlaanderen Gebouwenregister","source_id":"gebouw/Gebouw.16646813/0","kind":"building","building":"official","height_m":8.85,"status":null},"geometry":{"type":"Polygon","coordinates":[[[3.96742823,50.93394635],[3.96738558,50.93395836],[3.96735894,50.93392011],[3.96735204,50.93392219],[3.96729141,50.93384074],[3.96733892,50.93382324],[3.96734227,50.93382785],[3.96739933,50.93390651],[3.96742823,50.93394635]]]}},{"type":"Feature","id":"gebouw/Gebouw.16650909/0","properties":{"source":"Digitaal Vlaanderen Gebouwenregister","source_id":"gebouw/Gebouw.16650909/0","kind":"building","building":"official","height_m":7.35,"status":null},"geometry":{"type":"Polygon","coordinates":[[[3.96428849,50.93451544],[3.96421579,50.93457434],[3.96425943,50.93459627],[3.96421938,50.93462893],[3.96421563,50.93462717],[3.96414584,50.93459427],[3.96413858,50.93459085],[3.96414971,50.93458105],[3.96399958,50.93451046],[3.96408294,50.93444589],[3.9641462,50.93447866],[3.96417035,50.93445875],[3.96428849,50.93451544]]]}},{"type":"Feature","id":"gebouw/Gebouw.16651370/0","properties":{"source":"Digitaal Vlaanderen Gebouwenregister","source_id":"gebouw/Gebouw.16651370/0","kind":"building","building":"official","height_m":6.6,"status":null},"geometry":{"type":"Polygon","coordinates":[[[3.9694429,50.93901635],[3.96938182,50.93899269],[3.96932515,50.93897075],[3.96923931,50.9389375],[3.96921968,50.9389581],[3.96903697,50.93888783],[3.96899015,50.93893642],[3.96920452,50.93901767],[3.96923692,50.93898362],[3.96925023,50.93898999],[3.9692608,50.93897947],[3.96934449,50.93901197],[3.96935121,50.93900551],[3.96942564,50.93903331],[3.9694429,50.93901635]]]}},{"type":"Feature","id":"gebouw/Gebouw.16653649/0","properties":{"source":"Digitaal Vlaanderen Gebouwenregister","source_id":"gebouw/Gebouw.16653649/0","kind":"building","building":"official","height_m":5.85,"status":null},"geometry":{"type":"Polygon","coordinates":[[[3.96986912,50.93896432],[3.96979637,50.93893642],[3.9698156,50.9389176],[3.9698068,50.93891441],[3.96976178,50.9388998],[3.9697438,50.93891626],[3.96955505,50.93884389],[3.9696238,50.93877102],[3.9695028,50.93872275],[3.96940484,50.93882026],[3.96931867,50.93878701],[3.96944393,50.93865005],[3.96952029,50.93867397],[3.96954332,50.93868183],[3.96953979,50.93868556],[3.96966179,50.93873076],[3.9698126,50.93878663],[3.96985192,50.9388012],[3.96988364,50.93881295],[3.96998385,50.93885007],[3.96986912,50.93896432]]]}},{"type":"Feature","id":"gebouw/Gebouw.16676957/0","properties":{"source":"Digitaal Vlaanderen Gebouwenregister","source_id":"gebouw/Gebouw.16676957/0","kind":"building","building":"official","height_m":8.85,"status":null},"geometry":{"type":"Polygon","coordinates":[[[3.97115256,50.93962336],[3.97109958,50.93965312],[3.97116561,50.9397048],[3.97119666,50.9397291],[3.97116364,50.9397463],[3.97112939,50.9397203],[3.97097928,50.93960638],[3.97105248,50.93956745],[3.9710821,50.9395896],[3.97109755,50.93958164],[3.97115256,50.93962336]]]}},{"type":"Feature","id":"gebouw/Gebouw.16677126/0","properties":{"source":"Digitaal Vlaanderen Gebouwenregister","source_id":"gebouw/Gebouw.16677126/0","kind":"building","building":"official","height_m":5.1,"status":null},"geometry":{"type":"Polygon","coordinates":[[[3.96440012,50.93508127],[3.96444035,50.93503211],[3.964433,50.93502948],[3.96449837,50.93494997],[3.96463373,50.93499512],[3.96459078,50.93505117],[3.96469458,50.9350841],[3.96463708,50.93515646],[3.96440012,50.93508127]]]}},{"type":"Feature","id":"gebouw/Gebouw.16677248/0","properties":{"source":"Digitaal Vlaanderen Gebouwenregister","source_id":"gebouw/Gebouw.16677248/0","kind":"building","building":"official","height_m":6.6,"status":null},"geometry":{"type":"Polygon","coordinates":[[[3.97140923,50.93480111],[3.97140858,50.93485943],[3.97137649,50.93485884],[3.97137555,50.93487356],[3.97126002,50.93487073],[3.97126548,50.93480016],[3.97139408,50.93480374],[3.97140923,50.93480111]]]}},{"type":"Feature","id":"gebouw/Gebouw.16677344/0","properties":{"source":"Digitaal Vlaanderen Gebouwenregister","source_id":"gebouw/Gebouw.16677344/0","kind":"building","building":"official","height_m":6.6,"status":null},"geometry":{"type":"Polygon","coordinates":[[[3.97171015,50.94029756],[3.97176742,50.94033911],[3.9718128,50.94031374],[3.97189624,50.94037574],[3.97176769,50.94044719],[3.97163019,50.94034073],[3.97171015,50.94029756]]]}},{"type":"Feature","id":"gebouw/Gebouw.16677382/0","properties":{"source":"Digitaal Vlaanderen Gebouwenregister","source_id":"gebouw/Gebouw.16677382/0","kind":"building","building":"official","height_m":8.1,"status":null},"geometry":{"type":"Polygon","coordinates":[[[3.96718124,50.93894021],[3.96728573,50.93883574],[3.96743143,50.9388969],[3.96731565,50.93900758],[3.96726763,50.93898798],[3.96727666,50.93897896],[3.96723973,50.93896404],[3.96718124,50.93894021]]]}},{"type":"Feature","id":"gebouw/Gebouw.16677456/0","properties":{"source":"Digitaal Vlaanderen Gebouwenregister","source_id":"gebouw/Gebouw.16677456/0","kind":"building","building":"official","height_m":5.1,"status":null},"geometry":{"type":"Polygon","coordinates":[[[3.97016786,50.93977772],[3.97008846,50.93971495],[3.97004153,50.93973967],[3.96995741,50.93967026],[3.96993801,50.93968135],[3.9699145,50.93966421],[3.96989678,50.93967391],[3.96994036,50.93970628],[3.97009215,50.93981903],[3.97016786,50.93977772]]]}},{"type":"Feature","id":"gebouw/Gebouw.16677522/0","properties":{"source":"Digitaal Vlaanderen Gebouwenregister","source_id":"gebouw/Gebouw.16677522/0","kind":"building","building":"official","height_m":5.1,"status":null},"geometry":{"type":"Polygon","coordinates":[[[3.97378952,50.940036],[3.97371621,50.94007181],[3.97374195,50.94009285],[3.97368017,50.94012302],[3.97367853,50.94012168],[3.97364579,50.94013728],[3.97360296,50.94010139],[3.97363304,50.94008709],[3.97354523,50.94001554],[3.97361154,50.9399832],[3.97363666,50.94000468],[3.97366874,50.93998821],[3.97367061,50.93998053],[3.9736901,50.93997131],[3.97370131,50.93997249],[3.9737082,50.93996811],[3.97378952,50.940036]]]}},{"type":"Feature","id":"gebouw/Gebouw.16682858/0","properties":{"source":"Digitaal Vlaanderen Gebouwenregister","source_id":"gebouw/Gebouw.16682858/0","kind":"building","building":"official","height_m":6.6,"status":null},"geometry":{"type":"Polygon","coordinates":[[[3.97054381,50.93595432],[3.97046013,50.93590817],[3.97050552,50.93587674],[3.97058895,50.93592183],[3.97054381,50.93595432]]]}},{"type":"Feature","id":"gebouw/Gebouw.16683800/0","properties":{"source":"Digitaal Vlaanderen Gebouwenregister","source_id":"gebouw/Gebouw.16683800/0","kind":"building","building":"official","height_m":6.6,"status":null},"geometry":{"type":"Polygon","coordinates":[[[3.97027539,50.93408781],[3.97032604,50.93413311],[3.97008119,50.93424305],[3.97004207,50.93420603],[3.97011286,50.93417443],[3.97008649,50.93414947],[3.97018979,50.93410335],[3.97021666,50.93412738],[3.97022939,50.9341217],[3.97021944,50.93411279],[3.97027539,50.93408781]]]}},{"type":"Feature","id":"gebouw/Gebouw.16684023/0","properties":{"source":"Digitaal Vlaanderen Gebouwenregister","source_id":"gebouw/Gebouw.16684023/0","kind":"building","building":"official","height_m":7.35,"status":null},"geometry":{"type":"Polygon","coordinates":[[[3.97165672,50.93527194],[3.97164655,50.93527671],[3.97165431,50.93528361],[3.97164275,50.93528914],[3.97152765,50.93534418],[3.9714591,50.93528617],[3.97147789,50.93527754],[3.97155463,50.93524229],[3.97156058,50.93524694],[3.97160619,50.93522663],[3.97165672,50.93527194]]]}},{"type":"Feature","id":"gebouw/Gebouw.16684333/0","properties":{"source":"Digitaal Vlaanderen Gebouwenregister","source_id":"gebouw/Gebouw.16684333/0","kind":"building","building":"official","height_m":5.85,"status":null},"geometry":{"type":"Polygon","coordinates":[[[3.96925014,50.93954361],[3.96932393,50.93949658],[3.96932782,50.9394941],[3.96926822,50.93945522],[3.96923227,50.93947937],[3.96920104,50.93944578],[3.96908306,50.93948873],[3.96908289,50.9394888],[3.96914374,50.93955277],[3.96922838,50.93952395],[3.96925014,50.93954361]]]}},{"type":"Feature","id":"gebouw/Gebouw.16686122/0","properties":{"source":"Digitaal Vlaanderen Gebouwenregister","source_id":"gebouw/Gebouw.16686122/0","kind":"building","building":"official","height_m":6.6,"status":null},"geometry":{"type":"Polygon","coordinates":[[[3.97016035,50.94022131],[3.97020505,50.94025527],[3.97014164,50.94028665],[3.97009753,50.94025398],[3.97010927,50.94024693],[3.97005283,50.94020548],[3.97003153,50.94021747],[3.9700244,50.94021187],[3.97001938,50.94021517],[3.96998262,50.94018764],[3.96999137,50.94018263],[3.96994917,50.94015039],[3.9700189,50.94011383],[3.97016035,50.94022131]]]}},{"type":"Feature","id":"gebouw/Gebouw.16690548/0","properties":{"source":"Digitaal Vlaanderen Gebouwenregister","source_id":"gebouw/Gebouw.16690548/0","kind":"building","building":"official","height_m":5.1,"status":null},"geometry":{"type":"Polygon","coordinates":[[[3.97173739,50.93441326],[3.9717111,50.93444556],[3.97156954,50.93439902],[3.97157687,50.9343896],[3.97159352,50.93436822],[3.97166489,50.93439056],[3.97173739,50.93441326]]]}},{"type":"Feature","id":"gebouw/Gebouw.16692515/0","properties":{"source":"Digitaal Vlaanderen Gebouwenregister","source_id":"gebouw/Gebouw.16692515/0","kind":"building","building":"official","height_m":8.85,"status":null},"geometry":{"type":"Polygon","coordinates":[[[3.9674477,50.93396175],[3.96742166,50.93392351],[3.96744823,50.93391469],[3.96747616,50.93395233],[3.9674477,50.93396175]]]}},{"type":"Feature","id":"gebouw/Gebouw.16694545/0","properties":{"source":"Digitaal Vlaanderen Gebouwenregister","source_id":"gebouw/Gebouw.16694545/0","kind":"building","building":"official","height_m":5.85,"status":null},"geometry":{"type":"Polygon","coordinates":[[[3.97297083,50.93400941],[3.97303216,50.93401242],[3.97302054,50.93409341],[3.9729993,50.93409215],[3.97288784,50.93408558],[3.97289728,50.93400282],[3.97288724,50.93395801],[3.97291518,50.9339558],[3.97291296,50.93394284],[3.97289846,50.93394375],[3.97287018,50.93385308],[3.97284076,50.93385558],[3.9728157,50.93380037],[3.97289533,50.93378998],[3.97297083,50.93400941]]]}},{"type":"Feature","id":"gebouw/Gebouw.16699573/0","properties":{"source":"Digitaal Vlaanderen Gebouwenregister","source_id":"gebouw/Gebouw.16699573/0","kind":"building","building":"official","height_m":5.85,"status":null},"geometry":{"type":"Polygon","coordinates":[[[3.97142423,50.93977946],[3.9714598,50.9398059],[3.97154382,50.93976075],[3.97150825,50.93973432],[3.97142423,50.93977946]]]}},{"type":"Feature","id":"gebouw/Gebouw.16701808/0","properties":{"source":"Digitaal Vlaanderen Gebouwenregister","source_id":"gebouw/Gebouw.16701808/0","kind":"building","building":"official","height_m":8.1,"status":null},"geometry":{"type":"Polygon","coordinates":[[[3.97055914,50.93886144],[3.97061004,50.93888315],[3.97063765,50.93887994],[3.97067026,50.93889378],[3.9706754,50.93891166],[3.97057388,50.9390119],[3.97050045,50.93897898],[3.9705127,50.93896682],[3.97046787,50.93894728],[3.97055914,50.93886144]]]}},{"type":"Feature","id":"gebouw/Gebouw.16701990/0","properties":{"source":"Digitaal Vlaanderen Gebouwenregister","source_id":"gebouw/Gebouw.16701990/0","kind":"building","building":"official","height_m":5.1,"status":null},"geometry":{"type":"Polygon","coordinates":[[[3.96436027,50.93580237],[3.96433042,50.93578681],[3.96436429,50.93576041],[3.96439412,50.93577387],[3.96436027,50.93580237]]]}},{"type":"Feature","id":"gebouw/Gebouw.16702000/0","properties":{"source":"Digitaal Vlaanderen Gebouwenregister","source_id":"gebouw/Gebouw.16702000/0","kind":"building","building":"official","height_m":8.1,"status":null},"geometry":{"type":"Polygon","coordinates":[[[3.96703342,50.937346],[3.96715623,50.93739607],[3.96712334,50.93742534],[3.967004,50.93737246],[3.96703342,50.937346]]]}},{"type":"Feature","id":"gebouw/Gebouw.16702099/0","properties":{"source":"Digitaal Vlaanderen Gebouwenregister","source_id":"gebouw/Gebouw.16702099/0","kind":"building","building":"official","height_m":5.85,"status":null},"geometry":{"type":"Polygon","coordinates":[[[3.9722911,50.93543616],[3.9721012,50.93548565],[3.97195544,50.93552365],[3.97193339,50.93548597],[3.97202584,50.93546267],[3.97199776,50.93541986],[3.97204743,50.93540693],[3.97202887,50.93537975],[3.97214723,50.93534787],[3.97214057,50.93533901],[3.97221068,50.93532172],[3.97223733,50.93536272],[3.97224185,50.93536137],[3.9722911,50.93543616]]]}},{"type":"Feature","id":"gebouw/Gebouw.16702523/0","properties":{"source":"Digitaal Vlaanderen Gebouwenregister","source_id":"gebouw/Gebouw.16702523/0","kind":"building","building":"official","height_m":8.85,"status":null},"geometry":{"type":"Polygon","coordinates":[[[3.96916019,50.93937268],[3.96923777,50.93933013],[3.96910957,50.93924095],[3.96910019,50.93924633],[3.96904849,50.93921037],[3.96900682,50.93923428],[3.96901389,50.93923911],[3.96895857,50.93927221],[3.96894792,50.93927834],[3.96899674,50.93931102],[3.96900739,50.93930489],[3.96901305,50.93930878],[3.96910914,50.93937494],[3.96914075,50.93935695],[3.96916019,50.93937268]]]}},{"type":"Feature","id":"gebouw/Gebouw.16702608/0","properties":{"source":"Digitaal Vlaanderen Gebouwenregister","source_id":"gebouw/Gebouw.16702608/0","kind":"building","building":"official","height_m":5.1,"status":null},"geometry":{"type":"Polygon","coordinates":[[[3.9714106,50.93496225],[3.97130846,50.93501023],[3.97126338,50.93497195],[3.97128092,50.9349637],[3.97125333,50.93494025],[3.97133713,50.93490216],[3.97134735,50.93491162],[3.97138775,50.93489434],[3.97141915,50.93491956],[3.97154984,50.93485629],[3.97158092,50.93488224],[3.97147701,50.93493105],[3.9714106,50.93496225]]]}},{"type":"Feature","id":"gebouw/Gebouw.16711088/0","properties":{"source":"Digitaal Vlaanderen Gebouwenregister","source_id":"gebouw/Gebouw.16711088/0","kind":"building","building":"official","height_m":6.6,"status":null},"geometry":{"type":"Polygon","coordinates":[[[3.96863762,50.93927671],[3.9684686,50.9393258],[3.96841425,50.93925302],[3.96841881,50.939251],[3.96844724,50.93923838],[3.96848841,50.93922011],[3.96858086,50.93919764],[3.96863762,50.93927671]]]}},{"type":"Feature","id":"gebouw/Gebouw.16718006/0","properties":{"source":"Digitaal Vlaanderen Gebouwenregister","source_id":"gebouw/Gebouw.16718006/0","kind":"building","building":"official","height_m":6.6,"status":null},"geometry":{"type":"Polygon","coordinates":[[[3.96550141,50.93845283],[3.96549404,50.93844687],[3.96547776,50.93845586],[3.96542947,50.93841472],[3.96543572,50.93841184],[3.96556535,50.93835202],[3.96562239,50.93840046],[3.96550141,50.93845283]]]}},{"type":"Feature","id":"gebouw/Gebouw.16718213/0","properties":{"source":"Digitaal Vlaanderen Gebouwenregister","source_id":"gebouw/Gebouw.16718213/0","kind":"building","building":"official","height_m":8.85,"status":null},"geometry":{"type":"Polygon","coordinates":[[[3.97125059,50.93738713],[3.97121312,50.93737365],[3.97120909,50.93737773],[3.971122,50.93734809],[3.97115398,50.9373116],[3.97124132,50.93734259],[3.97123682,50.93734651],[3.97127572,50.93736089],[3.97125059,50.93738713]]]}},{"type":"Feature","id":"gebouw/Gebouw.16718259/0","properties":{"source":"Digitaal Vlaanderen Gebouwenregister","source_id":"gebouw/Gebouw.16718259/0","kind":"building","building":"official","height_m":7.35,"status":null},"geometry":{"type":"Polygon","coordinates":[[[3.97343216,50.94023983],[3.97338471,50.9402041],[3.9733806,50.940201],[3.97340785,50.94018656],[3.973332,50.94012943],[3.97342396,50.94008068],[3.97355146,50.94017624],[3.97351534,50.94019573],[3.97343216,50.94023983]]]}},{"type":"Feature","id":"gebouw/Gebouw.16718465/0","properties":{"source":"Digitaal Vlaanderen Gebouwenregister","source_id":"gebouw/Gebouw.16718465/0","kind":"building","building":"official","height_m":8.85,"status":null},"geometry":{"type":"Polygon","coordinates":[[[3.97388714,50.93395458],[3.97378671,50.93399114],[3.97378348,50.93399231],[3.97378205,50.93399283],[3.97373811,50.93400882],[3.97371396,50.93397802],[3.97373059,50.93397163],[3.97370664,50.93394701],[3.97373142,50.93393494],[3.97367915,50.93388182],[3.97368333,50.9338802],[3.97368349,50.93388014],[3.97373784,50.93385902],[3.97377665,50.9338989],[3.97379913,50.93389016],[3.97382197,50.93391629],[3.97384424,50.93390699],[3.97388714,50.93395458]]]}},{"type":"Feature","id":"gebouw/Gebouw.16718566/0","properties":{"source":"Digitaal Vlaanderen Gebouwenregister","source_id":"gebouw/Gebouw.16718566/0","kind":"building","building":"official","height_m":8.1,"status":null},"geometry":{"type":"Polygon","coordinates":[[[3.96725913,50.93818917],[3.96735259,50.9380974],[3.96743294,50.93812989],[3.96733971,50.93822286],[3.96725913,50.93818917]]]}},{"type":"Feature","id":"gebouw/Gebouw.16718811/0","properties":{"source":"Digitaal Vlaanderen Gebouwenregister","source_id":"gebouw/Gebouw.16718811/0","kind":"building","building":"official","height_m":7.35,"status":null},"geometry":{"type":"Polygon","coordinates":[[[3.97154913,50.93634857],[3.97173437,50.93643263],[3.97161351,50.93652896],[3.97142279,50.93643363],[3.97142017,50.9364327],[3.97141773,50.93643158],[3.97141549,50.93643032],[3.97141348,50.9364289],[3.97141234,50.93642791],[3.9714113,50.93642688],[3.97141037,50.9364258],[3.97140956,50.93642469],[3.97140738,50.93641525],[3.97140752,50.93641459],[3.97140771,50.93641392],[3.97140795,50.93641326],[3.97140827,50.93641262],[3.97140884,50.93641173],[3.97140951,50.93641088],[3.97141031,50.93641006],[3.97141122,50.9364093],[3.97143764,50.93638814],[3.97145766,50.93639815],[3.97151341,50.93635348],[3.97151553,50.93635172],[3.97152061,50.93634793],[3.97153802,50.93634633],[3.97153959,50.93634636],[3.9715412,50.93634639],[3.97154277,50.93634652],[3.97154434,50.93634674],[3.97154586,50.93634706],[3.97154675,50.93634737],[3.9715476,50.93634773],[3.97154839,50.93634812],[3.97154913,50.93634857]]]}},{"type":"Feature","id":"gebouw/Gebouw.16720761/0","properties":{"source":"Digitaal Vlaanderen Gebouwenregister","source_id":"gebouw/Gebouw.16720761/0","kind":"building","building":"official","height_m":7.35,"status":null},"geometry":{"type":"Polygon","coordinates":[[[3.97040962,50.93761024],[3.97031202,50.93771451],[3.96998581,50.93759013],[3.97004971,50.93752338],[3.97016244,50.93756701],[3.97013119,50.93759991],[3.97020084,50.93762706],[3.97023984,50.93764227],[3.97027206,50.93760696],[3.97023254,50.93759166],[3.97019836,50.93757842],[3.97022965,50.93754551],[3.97040962,50.93761024]]]}},{"type":"Feature","id":"gebouw/Gebouw.16728321/0","properties":{"source":"Digitaal Vlaanderen Gebouwenregister","source_id":"gebouw/Gebouw.16728321/0","kind":"building","building":"official","height_m":7.35,"status":null},"geometry":{"type":"Polygon","coordinates":[[[3.97082265,50.93852761],[3.97080002,50.9385479],[3.97072852,50.93851842],[3.97073935,50.93850793],[3.97072559,50.93850226],[3.97073872,50.93848954],[3.9707111,50.93847816],[3.9707056,50.93847589],[3.97079402,50.93838805],[3.97091744,50.93844261],[3.97082265,50.93852761]]]}},{"type":"Feature","id":"gebouw/Gebouw.16728615/0","properties":{"source":"Digitaal Vlaanderen Gebouwenregister","source_id":"gebouw/Gebouw.16728615/0","kind":"building","building":"official","height_m":7.35,"status":null},"geometry":{"type":"Polygon","coordinates":[[[3.97173689,50.93611596],[3.97185508,50.93617826],[3.97189433,50.9361507],[3.971879,50.93614198],[3.97194747,50.93609049],[3.9718847,50.93605887],[3.97187097,50.93606984],[3.97182413,50.93604639],[3.97173689,50.93611596]]]}},{"type":"Feature","id":"gebouw/Gebouw.16739458/0","properties":{"source":"Digitaal Vlaanderen Gebouwenregister","source_id":"gebouw/Gebouw.16739458/0","kind":"building","building":"official","height_m":8.1,"status":null},"geometry":{"type":"Polygon","coordinates":[[[3.97008448,50.93967225],[3.9700409,50.93963922],[3.96997852,50.93967249],[3.97002047,50.93970606],[3.97008448,50.93967225]]]}},{"type":"Feature","id":"gebouw/Gebouw.16739606/0","properties":{"source":"Digitaal Vlaanderen Gebouwenregister","source_id":"gebouw/Gebouw.16739606/0","kind":"building","building":"official","height_m":6.6,"status":null},"geometry":{"type":"Polygon","coordinates":[[[3.97074384,50.93947364],[3.97065166,50.93940381],[3.97062071,50.93938037],[3.97058741,50.93935515],[3.97055882,50.93936986],[3.97062165,50.93941887],[3.97059145,50.93943621],[3.97057757,50.93944419],[3.97059752,50.93945909],[3.97063056,50.93948376],[3.97064098,50.9394783],[3.97067942,50.93950749],[3.97074384,50.93947364]]]}},{"type":"Feature","id":"gebouw/Gebouw.16739867/0","properties":{"source":"Digitaal Vlaanderen Gebouwenregister","source_id":"gebouw/Gebouw.16739867/0","kind":"building","building":"official","height_m":8.85,"status":null},"geometry":{"type":"Polygon","coordinates":[[[3.97159385,50.93562517],[3.971542,50.9355847],[3.97151539,50.93559943],[3.97149517,50.93558141],[3.97145073,50.93560065],[3.97142147,50.93557873],[3.97137966,50.93554743],[3.97147386,50.93549989],[3.97153984,50.93546803],[3.97155008,50.9354629],[3.97159374,50.93549873],[3.97169056,50.9355782],[3.97159385,50.93562517]]]}},{"type":"Feature","id":"gebouw/Gebouw.16748971/0","properties":{"source":"Digitaal Vlaanderen Gebouwenregister","source_id":"gebouw/Gebouw.16748971/0","kind":"building","building":"official","height_m":5.85,"status":null},"geometry":{"type":"Polygon","coordinates":[[[3.9700191,50.9339332],[3.96988084,50.93398757],[3.96984831,50.93395382],[3.96987817,50.93394154],[3.96987257,50.93393596],[3.96985633,50.93391982],[3.96996395,50.93387704],[3.9700191,50.9339332]]]}},{"type":"Feature","id":"gebouw/Gebouw.16763503/0","properties":{"source":"Digitaal Vlaanderen Gebouwenregister","source_id":"gebouw/Gebouw.16763503/0","kind":"building","building":"official","height_m":5.85,"status":null},"geometry":{"type":"Polygon","coordinates":[[[3.97010046,50.9379406],[3.9700504,50.93800102],[3.96982354,50.93791927],[3.96987102,50.93786291],[3.96990968,50.937817],[3.97003812,50.93785921],[3.96999217,50.93791346],[3.97003354,50.93792835],[3.97004076,50.93791978],[3.97010046,50.9379406]]]}},{"type":"Feature","id":"gebouw/Gebouw.16763768/0","properties":{"source":"Digitaal Vlaanderen Gebouwenregister","source_id":"gebouw/Gebouw.16763768/0","kind":"building","building":"official","height_m":6.6,"status":null},"geometry":{"type":"Polygon","coordinates":[[[3.96877842,50.93732383],[3.96880976,50.93731096],[3.96886479,50.93736419],[3.96883621,50.93737768],[3.96877842,50.93732383]]]}},{"type":"Feature","id":"gebouw/Gebouw.16763809/0","properties":{"source":"Digitaal Vlaanderen Gebouwenregister","source_id":"gebouw/Gebouw.16763809/0","kind":"building","building":"official","height_m":5.85,"status":null},"geometry":{"type":"Polygon","coordinates":[[[3.97286732,50.94026957],[3.97288344,50.94028131],[3.9728333,50.9403082],[3.97279335,50.94027576],[3.97284136,50.94025068],[3.97286732,50.94026957]]]}},{"type":"Feature","id":"gebouw/Gebouw.16763884/0","properties":{"source":"Digitaal Vlaanderen Gebouwenregister","source_id":"gebouw/Gebouw.16763884/0","kind":"building","building":"official","height_m":8.1,"status":null},"geometry":{"type":"Polygon","coordinates":[[[3.97175402,50.93845266],[3.97168458,50.93842765],[3.97170898,50.93840021],[3.97177914,50.93842507],[3.97175402,50.93845266]]]}},{"type":"Feature","id":"gebouw/Gebouw.16787691/0","properties":{"source":"Digitaal Vlaanderen Gebouwenregister","source_id":"gebouw/Gebouw.16787691/0","kind":"building","building":"official","height_m":7.35,"status":null},"geometry":{"type":"Polygon","coordinates":[[[3.97107457,50.94034758],[3.97102023,50.94038779],[3.97096866,50.94035997],[3.97099247,50.94034308],[3.9709021,50.94029791],[3.9708772,50.94031678],[3.97087362,50.94031949],[3.97085785,50.94030988],[3.97084954,50.94031577],[3.97080821,50.94029161],[3.97081414,50.94028769],[3.97076637,50.94026114],[3.97083269,50.94021469],[3.97107457,50.94034758]]]}},{"type":"Feature","id":"gebouw/Gebouw.16787693/0","properties":{"source":"Digitaal Vlaanderen Gebouwenregister","source_id":"gebouw/Gebouw.16787693/0","kind":"building","building":"official","height_m":8.85,"status":null},"geometry":{"type":"Polygon","coordinates":[[[3.96750787,50.93954972],[3.96743599,50.93958695],[3.96735124,50.9395219],[3.96729189,50.93947634],[3.96725224,50.93944591],[3.96727384,50.93943479],[3.96729926,50.93945547],[3.96731482,50.93944769],[3.96735555,50.93947978],[3.96738546,50.93950335],[3.96742272,50.93948332],[3.96742616,50.93948147],[3.96743256,50.93948616],[3.96743951,50.93948227],[3.96747127,50.93950737],[3.96746031,50.93951305],[3.96750787,50.93954972]]]}},{"type":"Feature","id":"gebouw/Gebouw.18174880/0","properties":{"source":"Digitaal Vlaanderen Gebouwenregister","source_id":"gebouw/Gebouw.18174880/0","kind":"building","building":"official","height_m":8.1,"status":null},"geometry":{"type":"Polygon","coordinates":[[[3.96866525,50.93897415],[3.96863889,50.93899618],[3.96863492,50.9389944],[3.96859751,50.93902554],[3.96855415,50.93900516],[3.96856428,50.93899672],[3.96854357,50.93898678],[3.96852908,50.93899896],[3.96850736,50.93901721],[3.96843994,50.93898529],[3.96845183,50.93897543],[3.96839599,50.93895043],[3.96843663,50.93891344],[3.96850023,50.93894189],[3.96853558,50.93891263],[3.96860836,50.93894716],[3.96866525,50.93897415]]]}},{"type":"Feature","id":"gebouw/Gebouw.18242107/0","properties":{"source":"Digitaal Vlaanderen Gebouwenregister","source_id":"gebouw/Gebouw.18242107/0","kind":"building","building":"official","height_m":5.85,"status":null},"geometry":{"type":"Polygon","coordinates":[[[3.96729026,50.93922803],[3.96724178,50.93925566],[3.96720223,50.93928064],[3.96713755,50.93932149],[3.96713234,50.93931804],[3.96709583,50.93929387],[3.96713024,50.93927425],[3.96709727,50.93925116],[3.9672166,50.9391793],[3.96729026,50.93922803]]]}},{"type":"Feature","id":"gebouw/Gebouw.18242108/0","properties":{"source":"Digitaal Vlaanderen Gebouwenregister","source_id":"gebouw/Gebouw.18242108/0","kind":"building","building":"official","height_m":6.6,"status":null},"geometry":{"type":"Polygon","coordinates":[[[3.96364881,50.93503063],[3.96364124,50.93503723],[3.96358487,50.93500982],[3.96344283,50.93494074],[3.9634282,50.93493362],[3.9635084,50.9348657],[3.96357465,50.93489682],[3.96356891,50.93490171],[3.96370369,50.93496504],[3.96367686,50.93498792],[3.96368878,50.93499373],[3.96364567,50.93502905],[3.96364881,50.93503063]]]}},{"type":"Feature","id":"gebouw/Gebouw.18242536/0","properties":{"source":"Digitaal Vlaanderen Gebouwenregister","source_id":"gebouw/Gebouw.18242536/0","kind":"building","building":"official","height_m":8.1,"status":null},"geometry":{"type":"Polygon","coordinates":[[[3.96482974,50.93408555],[3.96477486,50.93413098],[3.96477087,50.93413428],[3.96495261,50.93422153],[3.96501286,50.93417142],[3.9648314,50.93408417],[3.96482974,50.93408555]]]}},{"type":"Feature","id":"gebouw/Gebouw.18493725/0","properties":{"source":"Digitaal Vlaanderen Gebouwenregister","source_id":"gebouw/Gebouw.18493725/0","kind":"building","building":"official","height_m":7.35,"status":null},"geometry":{"type":"Polygon","coordinates":[[[3.96492014,50.93514393],[3.96495129,50.9351072],[3.96505982,50.9351438],[3.96503017,50.93518012],[3.96492014,50.93514393]]]}},{"type":"Feature","id":"gebouw/Gebouw.18598275/0","properties":{"source":"Digitaal Vlaanderen Gebouwenregister","source_id":"gebouw/Gebouw.18598275/0","kind":"building","building":"official","height_m":7.35,"status":null},"geometry":{"type":"Polygon","coordinates":[[[3.97256878,50.94030557],[3.97263453,50.94035277],[3.97260178,50.94037144],[3.97253355,50.94032463],[3.97256878,50.94030557]]]}},{"type":"Feature","id":"gebouw/Gebouw.18862018/0","properties":{"source":"Digitaal Vlaanderen Gebouwenregister","source_id":"gebouw/Gebouw.18862018/0","kind":"building","building":"official","height_m":8.1,"status":null},"geometry":{"type":"Polygon","coordinates":[[[3.96916529,50.93764468],[3.96918978,50.93762249],[3.96927264,50.93766016],[3.96924855,50.93768264],[3.96916529,50.93764468]]]}},{"type":"Feature","id":"gebouw/Gebouw.18862019/0","properties":{"source":"Digitaal Vlaanderen Gebouwenregister","source_id":"gebouw/Gebouw.18862019/0","kind":"building","building":"official","height_m":8.85,"status":null},"geometry":{"type":"Polygon","coordinates":[[[3.96807828,50.93880722],[3.96804876,50.93883368],[3.96796521,50.93879719],[3.96799494,50.93876887],[3.96807828,50.93880722]]]}},{"type":"Feature","id":"gebouw/Gebouw.18862020/0","properties":{"source":"Digitaal Vlaanderen Gebouwenregister","source_id":"gebouw/Gebouw.18862020/0","kind":"building","building":"official","height_m":5.1,"status":null},"geometry":{"type":"Polygon","coordinates":[[[3.96673601,50.93948682],[3.96668808,50.93946104],[3.96673342,50.9394272],[3.96678135,50.93945298],[3.96673601,50.93948682]]]}},{"type":"Feature","id":"gebouw/Gebouw.18862021/0","properties":{"source":"Digitaal Vlaanderen Gebouwenregister","source_id":"gebouw/Gebouw.18862021/0","kind":"building","building":"official","height_m":5.85,"status":null},"geometry":{"type":"Polygon","coordinates":[[[3.9690177,50.94042544],[3.96890804,50.94031518],[3.96884099,50.94034284],[3.96883681,50.94034457],[3.96883497,50.94034533],[3.9688192,50.94035183],[3.96882454,50.94035741],[3.96883146,50.94036462],[3.96883217,50.94036537],[3.96892487,50.94046203],[3.968931,50.94045961],[3.96893166,50.94045935],[3.96893484,50.9404581],[3.9690177,50.94042544]]]}},{"type":"Feature","id":"gebouw/Gebouw.18862022/0","properties":{"source":"Digitaal Vlaanderen Gebouwenregister","source_id":"gebouw/Gebouw.18862022/0","kind":"building","building":"official","height_m":6.6,"status":null},"geometry":{"type":"Polygon","coordinates":[[[3.9691025,50.9404693],[3.9690677,50.94043355],[3.96895199,50.94047916],[3.968949,50.94048034],[3.96894856,50.94048051],[3.96891741,50.94049279],[3.96895758,50.94052924],[3.96898104,50.94051916],[3.96898109,50.94051914],[3.96909578,50.94047214],[3.9691025,50.9404693]]]}},{"type":"Feature","id":"gebouw/Gebouw.18862023/0","properties":{"source":"Digitaal Vlaanderen Gebouwenregister","source_id":"gebouw/Gebouw.18862023/0","kind":"building","building":"official","height_m":7.35,"status":null},"geometry":{"type":"Polygon","coordinates":[[[3.97006163,50.93946038],[3.97002591,50.93944108],[3.96997646,50.93947299],[3.96999951,50.9394858],[3.97001243,50.93949298],[3.97006163,50.93946038]]]}},{"type":"Feature","id":"gebouw/Gebouw.18862024/0","properties":{"source":"Digitaal Vlaanderen Gebouwenregister","source_id":"gebouw/Gebouw.18862024/0","kind":"building","building":"official","height_m":8.1,"status":null},"geometry":{"type":"Polygon","coordinates":[[[3.97021741,50.93953168],[3.97024301,50.93951751],[3.97030332,50.93956426],[3.97027914,50.9395789],[3.97021741,50.93953168]]]}},{"type":"Feature","id":"gebouw/Gebouw.18862025/0","properties":{"source":"Digitaal Vlaanderen Gebouwenregister","source_id":"gebouw/Gebouw.18862025/0","kind":"building","building":"official","height_m":8.85,"status":null},"geometry":{"type":"Polygon","coordinates":[[[3.96937992,50.93926007],[3.96933779,50.93928353],[3.96929802,50.93925566],[3.96934021,50.93923379],[3.96937992,50.93926007]]]}},{"type":"Feature","id":"gebouw/Gebouw.18862026/0","properties":{"source":"Digitaal Vlaanderen Gebouwenregister","source_id":"gebouw/Gebouw.18862026/0","kind":"building","building":"official","height_m":5.1,"status":null},"geometry":{"type":"Polygon","coordinates":[[[3.97031197,50.9388115],[3.97027459,50.93884695],[3.97022767,50.93882777],[3.97026622,50.9387919],[3.97031197,50.9388115]]]}},{"type":"Feature","id":"gebouw/Gebouw.18862027/0","properties":{"source":"Digitaal Vlaanderen Gebouwenregister","source_id":"gebouw/Gebouw.18862027/0","kind":"building","building":"official","height_m":5.85,"status":null},"geometry":{"type":"Polygon","coordinates":[[[3.97002571,50.93879075],[3.96999375,50.93882514],[3.96990973,50.93879309],[3.96994212,50.93875924],[3.97002571,50.93879075]]]}},{"type":"Feature","id":"gebouw/Gebouw.18862102/0","properties":{"source":"Digitaal Vlaanderen Gebouwenregister","source_id":"gebouw/Gebouw.18862102/0","kind":"building","building":"official","height_m":8.1,"status":null},"geometry":{"type":"Polygon","coordinates":[[[3.97238307,50.93392869],[3.97239777,50.93396364],[3.97233469,50.93397276],[3.97231967,50.93393839],[3.97238307,50.93392869]]]}},{"type":"Feature","id":"gebouw/Gebouw.18862171/0","properties":{"source":"Digitaal Vlaanderen Gebouwenregister","source_id":"gebouw/Gebouw.18862171/0","kind":"building","building":"official","height_m":5.85,"status":null},"geometry":{"type":"Polygon","coordinates":[[[3.96996526,50.93842646],[3.96993762,50.93845795],[3.96988739,50.93843967],[3.96991448,50.9384089],[3.96996526,50.93842646]]]}},{"type":"Feature","id":"gebouw/Gebouw.18862172/0","properties":{"source":"Digitaal Vlaanderen Gebouwenregister","source_id":"gebouw/Gebouw.18862172/0","kind":"building","building":"official","height_m":6.6,"status":null},"geometry":{"type":"Polygon","coordinates":[[[3.97219983,50.93997018],[3.97221553,50.93998201],[3.97221398,50.93998283],[3.97224452,50.940006],[3.97220173,50.94002927],[3.97216977,50.94000625],[3.9721745,50.94000374],[3.97215885,50.93999195],[3.97215275,50.93998735],[3.97219378,50.93996562],[3.97219983,50.93997018]]]}},{"type":"Feature","id":"gebouw/Gebouw.18862176/0","properties":{"source":"Digitaal Vlaanderen Gebouwenregister","source_id":"gebouw/Gebouw.18862176/0","kind":"building","building":"official","height_m":5.1,"status":null},"geometry":{"type":"Polygon","coordinates":[[[3.97212471,50.94046802],[3.97216101,50.94049405],[3.97212965,50.94051116],[3.97209446,50.94048523],[3.97212471,50.94046802]]]}},{"type":"Feature","id":"gebouw/Gebouw.18862177/0","properties":{"source":"Digitaal Vlaanderen Gebouwenregister","source_id":"gebouw/Gebouw.18862177/0","kind":"building","building":"official","height_m":5.85,"status":null},"geometry":{"type":"Polygon","coordinates":[[[3.96794756,50.93913093],[3.96791601,50.93916017],[3.96784519,50.93912987],[3.9678755,50.93909978],[3.96794756,50.93913093]]]}},{"type":"Feature","id":"gebouw/Gebouw.18862178/0","properties":{"source":"Digitaal Vlaanderen Gebouwenregister","source_id":"gebouw/Gebouw.18862178/0","kind":"building","building":"official","height_m":6.6,"status":null},"geometry":{"type":"Polygon","coordinates":[[[3.96701798,50.93830779],[3.96699215,50.93832981],[3.96694968,50.93831079],[3.96697326,50.93828843],[3.96701798,50.93830779]]]}},{"type":"Feature","id":"gebouw/Gebouw.18862179/0","properties":{"source":"Digitaal Vlaanderen Gebouwenregister","source_id":"gebouw/Gebouw.18862179/0","kind":"building","building":"official","height_m":7.35,"status":null},"geometry":{"type":"Polygon","coordinates":[[[3.96599269,50.93524818],[3.96602088,50.93522555],[3.96612864,50.93527309],[3.96613891,50.93526467],[3.96622,50.93530361],[3.96617881,50.93533476],[3.96614057,50.93531697],[3.96611377,50.93533997],[3.96605679,50.93531346],[3.96608359,50.93529046],[3.96599269,50.93524818]]]}},{"type":"Feature","id":"gebouw/Gebouw.18862180/0","properties":{"source":"Digitaal Vlaanderen Gebouwenregister","source_id":"gebouw/Gebouw.18862180/0","kind":"building","building":"official","height_m":8.1,"status":null},"geometry":{"type":"Polygon","coordinates":[[[3.96744417,50.93389185],[3.96739933,50.93390651],[3.96734227,50.93382785],[3.96738764,50.93381541],[3.96744417,50.93389185]]]}},{"type":"Feature","id":"gebouw/Gebouw.18862182/0","properties":{"source":"Digitaal Vlaanderen Gebouwenregister","source_id":"gebouw/Gebouw.18862182/0","kind":"building","building":"official","height_m":5.1,"status":null},"geometry":{"type":"Polygon","coordinates":[[[3.96996196,50.93432521],[3.96987124,50.93424556],[3.96989968,50.934232],[3.96994226,50.93427058],[3.9699495,50.93426739],[3.9699974,50.93430877],[3.96996196,50.93432521]]]}},{"type":"Feature","id":"gebouw/Gebouw.18862183/0","properties":{"source":"Digitaal Vlaanderen Gebouwenregister","source_id":"gebouw/Gebouw.18862183/0","kind":"building","building":"official","height_m":5.85,"status":null},"geometry":{"type":"Polygon","coordinates":[[[3.96991717,50.93446167],[3.9699613,50.93444221],[3.97001727,50.93449109],[3.96997074,50.93451091],[3.96991717,50.93446167]]]}},{"type":"Feature","id":"gebouw/Gebouw.18862184/0","properties":{"source":"Digitaal Vlaanderen Gebouwenregister","source_id":"gebouw/Gebouw.18862184/0","kind":"building","building":"official","height_m":6.6,"status":null},"geometry":{"type":"Polygon","coordinates":[[[3.9703544,50.93466768],[3.97025458,50.93471377],[3.97022206,50.93468431],[3.97024333,50.93467481],[3.97031209,50.93464412],[3.97032251,50.93463946],[3.9703544,50.93466768]]]}},{"type":"Feature","id":"gebouw/Gebouw.18862185/0","properties":{"source":"Digitaal Vlaanderen Gebouwenregister","source_id":"gebouw/Gebouw.18862185/0","kind":"building","building":"official","height_m":7.35,"status":null},"geometry":{"type":"Polygon","coordinates":[[[3.97035037,50.93483878],[3.97035844,50.93484575],[3.97039426,50.93483117],[3.97041707,50.93485513],[3.97028603,50.93490812],[3.97025477,50.93487639],[3.97035037,50.93483878]]]}},{"type":"Feature","id":"gebouw/Gebouw.18862186/0","properties":{"source":"Digitaal Vlaanderen Gebouwenregister","source_id":"gebouw/Gebouw.18862186/0","kind":"building","building":"official","height_m":8.1,"status":null},"geometry":{"type":"Polygon","coordinates":[[[3.97032533,50.93610799],[3.9703719,50.9361344],[3.97033103,50.93616379],[3.97028478,50.93613739],[3.97032533,50.93610799]]]}},{"type":"Feature","id":"gebouw/Gebouw.18862494/0","properties":{"source":"Digitaal Vlaanderen Gebouwenregister","source_id":"gebouw/Gebouw.18862494/0","kind":"building","building":"official","height_m":5.1,"status":null},"geometry":{"type":"Polygon","coordinates":[[[3.96328822,50.93473811],[3.96326003,50.93476286],[3.96320104,50.93473321],[3.96322888,50.93470855],[3.96328822,50.93473811]]]}},{"type":"Feature","id":"gebouw/Gebouw.18862606/0","properties":{"source":"Digitaal Vlaanderen Gebouwenregister","source_id":"gebouw/Gebouw.18862606/0","kind":"building","building":"official","height_m":8.1,"status":null},"geometry":{"type":"Polygon","coordinates":[[[3.97062893,50.93637962],[3.97060955,50.93639252],[3.97053557,50.93635075],[3.97055559,50.93633765],[3.97062893,50.93637962]]]}},{"type":"Feature","id":"gebouw/Gebouw.18862607/0","properties":{"source":"Digitaal Vlaanderen Gebouwenregister","source_id":"gebouw/Gebouw.18862607/0","kind":"building","building":"official","height_m":8.85,"status":null},"geometry":{"type":"Polygon","coordinates":[[[3.97199508,50.93551811],[3.97209602,50.93549136],[3.97212772,50.9355394],[3.97202731,50.93556677],[3.97199508,50.93551811]]]}},{"type":"Feature","id":"gebouw/Gebouw.19232686/0","properties":{"source":"Digitaal Vlaanderen Gebouwenregister","source_id":"gebouw/Gebouw.19232686/0","kind":"building","building":"official","height_m":8.1,"status":null},"geometry":{"type":"Polygon","coordinates":[[[3.96311163,50.93645128],[3.9630897,50.93640892],[3.96311325,50.93640388],[3.96314324,50.93639762],[3.96316473,50.93644071],[3.96311163,50.93645128]]]}},{"type":"Feature","id":"gebouw/Gebouw.19232740/0","properties":{"source":"Digitaal Vlaanderen Gebouwenregister","source_id":"gebouw/Gebouw.19232740/0","kind":"building","building":"official","height_m":8.1,"status":null},"geometry":{"type":"Polygon","coordinates":[[[3.9688455,50.93843367],[3.96878163,50.93840563],[3.96875801,50.93839526],[3.96873053,50.93841856],[3.9688159,50.93845876],[3.9688455,50.93843367]]]}},{"type":"Feature","id":"gebouw/Gebouw.19298614/0","properties":{"source":"Digitaal Vlaanderen Gebouwenregister","source_id":"gebouw/Gebouw.19298614/0","kind":"building","building":"official","height_m":8.1,"status":null},"geometry":{"type":"Polygon","coordinates":[[[3.96560077,50.93801024],[3.96551841,50.93797387],[3.96556892,50.93792951],[3.96565128,50.93796588],[3.96560077,50.93801024]]]}},{"type":"Feature","id":"gebouw/Gebouw.19691792/0","properties":{"source":"Digitaal Vlaanderen Gebouwenregister","source_id":"gebouw/Gebouw.19691792/0","kind":"building","building":"official","height_m":6.6,"status":null},"geometry":{"type":"Polygon","coordinates":[[[3.9722062,50.9358055],[3.97229967,50.93585274],[3.97223395,50.93590935],[3.97221091,50.93590008],[3.97219686,50.93589443],[3.97207845,50.93584677],[3.97209215,50.93583472],[3.97208669,50.93583228],[3.97215014,50.93577717],[3.9721548,50.93577953],[3.9722062,50.9358055]]]}},{"type":"Feature","id":"gebouw/Gebouw.19691793/0","properties":{"source":"Digitaal Vlaanderen Gebouwenregister","source_id":"gebouw/Gebouw.19691793/0","kind":"building","building":"official","height_m":7.35,"status":null},"geometry":{"type":"Polygon","coordinates":[[[3.9721548,50.93577953],[3.97216556,50.93576955],[3.97221859,50.93579342],[3.9722062,50.9358055],[3.9721548,50.93577953]]]}},{"type":"Feature","id":"gebouw/Gebouw.19692626/0","properties":{"source":"Digitaal Vlaanderen Gebouwenregister","source_id":"gebouw/Gebouw.19692626/0","kind":"building","building":"official","height_m":6.6,"status":null},"geometry":{"type":"Polygon","coordinates":[[[3.96854197,50.9338385],[3.96857623,50.93387711],[3.96848882,50.93390811],[3.96845995,50.93387534],[3.96845694,50.93387192],[3.96851233,50.93385015],[3.96854197,50.9338385]]]}},{"type":"Feature","id":"gebouw/Gebouw.19693075/0","properties":{"source":"Digitaal Vlaanderen Gebouwenregister","source_id":"gebouw/Gebouw.19693075/0","kind":"building","building":"official","height_m":5.85,"status":null},"geometry":{"type":"Polygon","coordinates":[[[3.97064251,50.93654098],[3.97062487,50.93655329],[3.97060811,50.93654498],[3.97058706,50.93653454],[3.97061377,50.93651447],[3.97063617,50.93652553],[3.97065285,50.93653377],[3.97064251,50.93654098]]]}},{"type":"Feature","id":"gebouw/Gebouw.19693086/0","properties":{"source":"Digitaal Vlaanderen Gebouwenregister","source_id":"gebouw/Gebouw.19693086/0","kind":"building","building":"official","height_m":5.1,"status":null},"geometry":{"type":"Polygon","coordinates":[[[3.9677375,50.93942989],[3.96766599,50.93946728],[3.96758449,50.93940252],[3.96754107,50.93936802],[3.96750712,50.93934104],[3.96755891,50.9393167],[3.96764128,50.93938093],[3.96767232,50.93936511],[3.96771253,50.9393962],[3.96770153,50.9394021],[3.9677375,50.93942989]]]}},{"type":"Feature","id":"gebouw/Gebouw.19693087/0","properties":{"source":"Digitaal Vlaanderen Gebouwenregister","source_id":"gebouw/Gebouw.19693087/0","kind":"building","building":"official","height_m":5.85,"status":null},"geometry":{"type":"Polygon","coordinates":[[[3.96755891,50.9393167],[3.96750712,50.93934104],[3.96747439,50.93931503],[3.96752847,50.93928731],[3.96753716,50.93928286],[3.96757199,50.93931001],[3.96755891,50.9393167]]]}},{"type":"Feature","id":"gebouw/Gebouw.19696187/0","properties":{"source":"Digitaal Vlaanderen Gebouwenregister","source_id":"gebouw/Gebouw.19696187/0","kind":"building","building":"official","height_m":8.85,"status":null},"geometry":{"type":"Polygon","coordinates":[[[3.96998385,50.93885007],[3.96986912,50.93896432],[3.96979637,50.93893642],[3.9698156,50.9389176],[3.9698068,50.93891441],[3.96976178,50.9388998],[3.9697438,50.93891626],[3.96955505,50.93884389],[3.9696238,50.93877102],[3.96966179,50.93873076],[3.96968192,50.93873822],[3.96973571,50.93875815],[3.9698126,50.93878663],[3.96984851,50.93879994],[3.96985192,50.9388012],[3.96988364,50.93881295],[3.96998385,50.93885007]]]}},{"type":"Feature","id":"gebouw/Gebouw.19696188/0","properties":{"source":"Digitaal Vlaanderen Gebouwenregister","source_id":"gebouw/Gebouw.19696188/0","kind":"building","building":"official","height_m":5.1,"status":null},"geometry":{"type":"Polygon","coordinates":[[[3.9696238,50.93877102],[3.9695028,50.93872275],[3.96940484,50.93882026],[3.96931867,50.93878701],[3.96944393,50.93865005],[3.96951747,50.93867729],[3.96953979,50.93868556],[3.96961627,50.9387139],[3.96964536,50.93872468],[3.96966179,50.93873076],[3.9696238,50.93877102]]]}},{"type":"Feature","id":"gebouw/Gebouw.19698365/0","properties":{"source":"Digitaal Vlaanderen Gebouwenregister","source_id":"gebouw/Gebouw.19698365/0","kind":"building","building":"official","height_m":8.85,"status":null},"geometry":{"type":"Polygon","coordinates":[[[3.97066827,50.93994137],[3.97070485,50.93992098],[3.97069283,50.93991136],[3.97062955,50.93986068],[3.97061842,50.93986635],[3.97057126,50.93983006],[3.97056449,50.93982486],[3.97049801,50.93986011],[3.97066774,50.93998865],[3.97069248,50.94000739],[3.97072852,50.93998837],[3.97066827,50.93994137]]]}},{"type":"Feature","id":"gebouw/Gebouw.19698366/0","properties":{"source":"Digitaal Vlaanderen Gebouwenregister","source_id":"gebouw/Gebouw.19698366/0","kind":"building","building":"official","height_m":5.1,"status":null},"geometry":{"type":"Polygon","coordinates":[[[3.9707957,50.93992926],[3.97073875,50.93988598],[3.97069283,50.93991136],[3.97070485,50.93992098],[3.97074837,50.93995522],[3.9707957,50.93992926]]]}},{"type":"Feature","id":"gebouw/Gebouw.19702196/0","properties":{"source":"Digitaal Vlaanderen Gebouwenregister","source_id":"gebouw/Gebouw.19702196/0","kind":"building","building":"official","height_m":6.6,"status":null},"geometry":{"type":"Polygon","coordinates":[[[3.96944846,50.93450531],[3.96925176,50.93464325],[3.9692023,50.93461366],[3.96930562,50.93454202],[3.96927237,50.93452125],[3.96932344,50.93448619],[3.96933444,50.93449247],[3.96937567,50.93446368],[3.96944846,50.93450531]]]}},{"type":"Feature","id":"gebouw/Gebouw.19702197/0","properties":{"source":"Digitaal Vlaanderen Gebouwenregister","source_id":"gebouw/Gebouw.19702197/0","kind":"building","building":"official","height_m":7.35,"status":null},"geometry":{"type":"Polygon","coordinates":[[[3.96925176,50.93464325],[3.9691179,50.93473255],[3.96903177,50.93468164],[3.9691626,50.9345899],[3.9692023,50.93461366],[3.96925176,50.93464325]]]}},{"type":"Feature","id":"gebouw/Gebouw.19707535/0","properties":{"source":"Digitaal Vlaanderen Gebouwenregister","source_id":"gebouw/Gebouw.19707535/0","kind":"building","building":"official","height_m":5.85,"status":null},"geometry":{"type":"Polygon","coordinates":[[[3.96928776,50.93937598],[3.96924957,50.93934779],[3.96917728,50.93938757],[3.96917185,50.93939056],[3.96912365,50.9394112],[3.96912357,50.93941124],[3.96913612,50.93942303],[3.96911049,50.93943332],[3.96911273,50.93943671],[3.96903066,50.93946717],[3.96905481,50.93949938],[3.9690577,50.93949829],[3.96908289,50.9394888],[3.96908306,50.93948873],[3.96920104,50.93944578],[3.96919111,50.9394351],[3.96919121,50.93943504],[3.96921499,50.93942049],[3.96928776,50.93937598]]]}},{"type":"Feature","id":"gebouw/Gebouw.19707536/0","properties":{"source":"Digitaal Vlaanderen Gebouwenregister","source_id":"gebouw/Gebouw.19707536/0","kind":"building","building":"official","height_m":6.6,"status":null},"geometry":{"type":"Polygon","coordinates":[[[3.96928776,50.93937598],[3.96928491,50.93937749],[3.96925211,50.93939487],[3.96921605,50.93936718],[3.96925068,50.93934715],[3.96928776,50.93937598]]]}},{"type":"Feature","id":"gebouw/Gebouw.19709104/0","properties":{"source":"Digitaal Vlaanderen Gebouwenregister","source_id":"gebouw/Gebouw.19709104/0","kind":"building","building":"official","height_m":8.1,"status":null},"geometry":{"type":"Polygon","coordinates":[[[3.97109795,50.93974035],[3.97101315,50.93978416],[3.9709558,50.93974027],[3.97098966,50.93972152],[3.97103564,50.93969607],[3.97109795,50.93974035]]]}},{"type":"Feature","id":"gebouw/Gebouw.19709105/0","properties":{"source":"Digitaal Vlaanderen Gebouwenregister","source_id":"gebouw/Gebouw.19709105/0","kind":"building","building":"official","height_m":8.85,"status":null},"geometry":{"type":"Polygon","coordinates":[[[3.97116364,50.9397463],[3.97113214,50.93976465],[3.97109795,50.93974035],[3.97103564,50.93969607],[3.97098966,50.93972152],[3.97093341,50.93968035],[3.97094424,50.93967455],[3.97090589,50.93964549],[3.97097928,50.93960638],[3.97110455,50.93970145],[3.97112939,50.9397203],[3.9711311,50.9397216],[3.97116364,50.9397463]]]}},{"type":"Feature","id":"gebouw/Gebouw.19709137/0","properties":{"source":"Digitaal Vlaanderen Gebouwenregister","source_id":"gebouw/Gebouw.19709137/0","kind":"building","building":"official","height_m":5.85,"status":null},"geometry":{"type":"Polygon","coordinates":[[[3.97195335,50.93458467],[3.97192031,50.93464236],[3.97177426,50.93461014],[3.97178294,50.93459434],[3.97180629,50.93455189],[3.9718757,50.93456736],[3.97195335,50.93458467]]]}},{"type":"Feature","id":"gebouw/Gebouw.19709410/0","properties":{"source":"Digitaal Vlaanderen Gebouwenregister","source_id":"gebouw/Gebouw.19709410/0","kind":"building","building":"official","height_m":8.1,"status":null},"geometry":{"type":"Polygon","coordinates":[[[3.9692966,50.93887975],[3.96928987,50.93888667],[3.96923679,50.93886683],[3.96920691,50.93885566],[3.96918906,50.93884899],[3.96916504,50.93887167],[3.96906043,50.93883037],[3.96910586,50.9387819],[3.96931163,50.93886431],[3.9692966,50.93887975]]]}},{"type":"Feature","id":"gebouw/Gebouw.19709411/0","properties":{"source":"Digitaal Vlaanderen Gebouwenregister","source_id":"gebouw/Gebouw.19709411/0","kind":"building","building":"official","height_m":8.85,"status":null},"geometry":{"type":"Polygon","coordinates":[[[3.96935349,50.93888108],[3.96934012,50.9388954],[3.9692966,50.93887975],[3.96931163,50.93886431],[3.96935349,50.93888108]]]}},{"type":"Feature","id":"gebouw/Gebouw.19709412/0","properties":{"source":"Digitaal Vlaanderen Gebouwenregister","source_id":"gebouw/Gebouw.19709412/0","kind":"building","building":"official","height_m":5.1,"status":null},"geometry":{"type":"Polygon","coordinates":[[[3.96923679,50.93886683],[3.96922964,50.93887398],[3.96920064,50.93886244],[3.96920691,50.93885566],[3.96923679,50.93886683]]]}},{"type":"Feature","id":"gebouw/Gebouw.19709762/0","properties":{"source":"Digitaal Vlaanderen Gebouwenregister","source_id":"gebouw/Gebouw.19709762/0","kind":"building","building":"official","height_m":6.6,"status":null},"geometry":{"type":"Polygon","coordinates":[[[3.96917937,50.93838496],[3.96915467,50.93841882],[3.96905088,50.93837117],[3.96902783,50.93839418],[3.96895846,50.93836162],[3.9689987,50.93832513],[3.96892527,50.93829161],[3.96898216,50.93823977],[3.9690417,50.93826751],[3.96914907,50.93831751],[3.96910918,50.93835356],[3.96917733,50.93838301],[3.96917659,50.93838414],[3.96917937,50.93838496]]]}},{"type":"Feature","id":"gebouw/Gebouw.19709763/0","properties":{"source":"Digitaal Vlaanderen Gebouwenregister","source_id":"gebouw/Gebouw.19709763/0","kind":"building","building":"official","height_m":7.35,"status":null},"geometry":{"type":"Polygon","coordinates":[[[3.96915467,50.93841882],[3.96905088,50.93837117],[3.96902783,50.93839418],[3.96895846,50.93836162],[3.96888752,50.93832831],[3.96886161,50.93835059],[3.96891205,50.9383739],[3.96910732,50.93846413],[3.96915562,50.9384194],[3.96915467,50.93841882]]]}},{"type":"Feature","id":"gebouw/Gebouw.19716483/0","properties":{"source":"Digitaal Vlaanderen Gebouwenregister","source_id":"gebouw/Gebouw.19716483/0","kind":"building","building":"official","height_m":7.35,"status":null},"geometry":{"type":"Polygon","coordinates":[[[3.97143186,50.93463654],[3.97143118,50.93463818],[3.97130581,50.93461943],[3.97133161,50.93454797],[3.97146023,50.93456776],[3.97144959,50.93459354],[3.97143186,50.93463654]]]}},{"type":"Feature","id":"gebouw/Gebouw.19716484/0","properties":{"source":"Digitaal Vlaanderen Gebouwenregister","source_id":"gebouw/Gebouw.19716484/0","kind":"building","building":"official","height_m":8.1,"status":null},"geometry":{"type":"Polygon","coordinates":[[[3.97143118,50.93463818],[3.97141523,50.93467685],[3.97137077,50.9346701],[3.97129133,50.93465927],[3.97130581,50.93461943],[3.97143118,50.93463818]]]}},{"type":"Feature","id":"gebouw/Gebouw.19716485/0","properties":{"source":"Digitaal Vlaanderen Gebouwenregister","source_id":"gebouw/Gebouw.19716485/0","kind":"building","building":"official","height_m":8.85,"status":null},"geometry":{"type":"Polygon","coordinates":[[[3.97137077,50.9346701],[3.97135653,50.93471202],[3.9712788,50.93470348],[3.97129133,50.93465927],[3.97137077,50.9346701]]]}},{"type":"Feature","id":"gebouw/Gebouw.19717924/0","properties":{"source":"Digitaal Vlaanderen Gebouwenregister","source_id":"gebouw/Gebouw.19717924/0","kind":"building","building":"official","height_m":8.1,"status":null},"geometry":{"type":"Polygon","coordinates":[[[3.97296179,50.93439775],[3.97302895,50.93452395],[3.97294226,50.93454381],[3.97290473,50.9345524],[3.9727945,50.93436464],[3.97277742,50.93433398],[3.97278525,50.93433151],[3.97273979,50.93425581],[3.97275191,50.93425294],[3.97286297,50.93422667],[3.9729024,50.93428613],[3.9729373,50.93427666],[3.97307096,50.93424247],[3.97311061,50.93430778],[3.97316735,50.93440122],[3.97325346,50.93449536],[3.97319619,50.93451506],[3.97311554,50.93442075],[3.97309388,50.93438696],[3.97303019,50.9344032],[3.97301901,50.93438473],[3.97296179,50.93439775]]]}},{"type":"Feature","id":"gebouw/Gebouw.19717925/0","properties":{"source":"Digitaal Vlaanderen Gebouwenregister","source_id":"gebouw/Gebouw.19717925/0","kind":"building","building":"official","height_m":8.85,"status":null},"geometry":{"type":"Polygon","coordinates":[[[3.97304847,50.93456061],[3.97296221,50.93457926],[3.97294226,50.93454381],[3.97302895,50.93452395],[3.97304847,50.93456061]]]}},{"type":"Feature","id":"gebouw/Gebouw.19718210/0","properties":{"source":"Digitaal Vlaanderen Gebouwenregister","source_id":"gebouw/Gebouw.19718210/0","kind":"building","building":"official","height_m":6.6,"status":null},"geometry":{"type":"Polygon","coordinates":[[[3.97164294,50.93566814],[3.97162506,50.93568857],[3.971568,50.93573232],[3.97154296,50.93572038],[3.97153552,50.9357266],[3.97148696,50.93570408],[3.97149637,50.93569649],[3.97142979,50.93566329],[3.97149086,50.93563069],[3.97154361,50.93565781],[3.97156767,50.93563789],[3.97159385,50.93562517],[3.97164294,50.93566814]]]}},{"type":"Feature","id":"gebouw/Gebouw.19718211/0","properties":{"source":"Digitaal Vlaanderen Gebouwenregister","source_id":"gebouw/Gebouw.19718211/0","kind":"building","building":"official","height_m":7.35,"status":null},"geometry":{"type":"Polygon","coordinates":[[[3.97171838,50.9356253],[3.97171793,50.93562882],[3.9717132,50.93564239],[3.97169133,50.93569597],[3.97169103,50.93569671],[3.97169079,50.93569704],[3.97169047,50.93569749],[3.97168952,50.93569812],[3.97168831,50.93569852],[3.97168697,50.93569866],[3.97168537,50.93569844],[3.97168402,50.93569786],[3.97164294,50.93566814],[3.97159385,50.93562517],[3.97169056,50.9355782],[3.97171838,50.9356253]]]}},{"type":"Feature","id":"gebouw/Gebouw.19719186/0","properties":{"source":"Digitaal Vlaanderen Gebouwenregister","source_id":"gebouw/Gebouw.19719186/0","kind":"building","building":"official","height_m":5.1,"status":null},"geometry":{"type":"Polygon","coordinates":[[[3.97056681,50.94006441],[3.97058668,50.94007963],[3.97054722,50.94010019],[3.97048865,50.94005531],[3.97048253,50.9400585],[3.97048469,50.94006015],[3.97046634,50.94006971],[3.97046364,50.94006755],[3.97044796,50.940076],[3.97040685,50.94009816],[3.97040106,50.94009381],[3.97025821,50.93998649],[3.97033147,50.93994766],[3.97036718,50.9399743],[3.97037797,50.9399686],[3.97042642,50.94000379],[3.9704369,50.93999803],[3.97048449,50.9400326],[3.97050794,50.94001971],[3.97056681,50.94006441]]]}},{"type":"Feature","id":"gebouw/Gebouw.19719189/0","properties":{"source":"Digitaal Vlaanderen Gebouwenregister","source_id":"gebouw/Gebouw.19719189/0","kind":"building","building":"official","height_m":7.35,"status":null},"geometry":{"type":"Polygon","coordinates":[[[3.97046634,50.94006971],[3.97046364,50.94006755],[3.97046068,50.94006915],[3.97044796,50.940076],[3.97040686,50.94009816],[3.9704606,50.94013854],[3.97048236,50.94015489],[3.9705261,50.94013088],[3.97050452,50.94011424],[3.97051458,50.9401084],[3.97046634,50.94006971]]]}},{"type":"Feature","id":"gebouw/Gebouw.19719191/0","properties":{"source":"Digitaal Vlaanderen Gebouwenregister","source_id":"gebouw/Gebouw.19719191/0","kind":"building","building":"official","height_m":8.85,"status":null},"geometry":{"type":"Polygon","coordinates":[[[3.9703011,50.94006763],[3.97033993,50.94004788],[3.97025821,50.93998649],[3.97018908,50.94002323],[3.97022504,50.94005056],[3.97021732,50.94005505],[3.97025076,50.940086],[3.97026017,50.9400814],[3.97026466,50.94008616],[3.9703011,50.94006763]]]}},{"type":"Feature","id":"gebouw/Gebouw.19719193/0","properties":{"source":"Digitaal Vlaanderen Gebouwenregister","source_id":"gebouw/Gebouw.19719193/0","kind":"building","building":"official","height_m":5.85,"status":null},"geometry":{"type":"Polygon","coordinates":[[[3.9704606,50.94013854],[3.97040686,50.94009816],[3.97040106,50.94009381],[3.97037472,50.94010785],[3.97043592,50.94015037],[3.9704606,50.94013854]]]}},{"type":"Feature","id":"gebouw/Gebouw.19719744/0","properties":{"source":"Digitaal Vlaanderen Gebouwenregister","source_id":"gebouw/Gebouw.19719744/0","kind":"building","building":"official","height_m":5.1,"status":null},"geometry":{"type":"Polygon","coordinates":[[[3.9722911,50.93543616],[3.97204895,50.93549927],[3.97202584,50.93546267],[3.97199776,50.93541986],[3.97204743,50.93540693],[3.97202887,50.93537975],[3.9722167,50.93533099],[3.97223733,50.93536272],[3.97224185,50.93536137],[3.9722911,50.93543616]]]}},{"type":"Feature","id":"gebouw/Gebouw.19719745/0","properties":{"source":"Digitaal Vlaanderen Gebouwenregister","source_id":"gebouw/Gebouw.19719745/0","kind":"building","building":"official","height_m":5.85,"status":null},"geometry":{"type":"Polygon","coordinates":[[[3.97204895,50.93549927],[3.97195544,50.93552365],[3.97193339,50.93548597],[3.97202584,50.93546267],[3.97204895,50.93549927]]]}},{"type":"Feature","id":"gebouw/Gebouw.19721034/0","properties":{"source":"Digitaal Vlaanderen Gebouwenregister","source_id":"gebouw/Gebouw.19721034/0","kind":"building","building":"official","height_m":5.1,"status":null},"geometry":{"type":"Polygon","coordinates":[[[3.97255722,50.93955187],[3.97249935,50.93959054],[3.97240648,50.93952935],[3.97251366,50.93946088],[3.97256386,50.93949706],[3.97252324,50.93952137],[3.97256197,50.93954869],[3.97255722,50.93955187]]]}},{"type":"Feature","id":"gebouw/Gebouw.19721035/0","properties":{"source":"Digitaal Vlaanderen Gebouwenregister","source_id":"gebouw/Gebouw.19721035/0","kind":"building","building":"official","height_m":5.85,"status":null},"geometry":{"type":"Polygon","coordinates":[[[3.97255722,50.93955187],[3.97259162,50.93957378],[3.97252938,50.93961032],[3.97249935,50.93959054],[3.97255722,50.93955187]]]}},{"type":"Feature","id":"gebouw/Gebouw.19954757/0","properties":{"source":"Digitaal Vlaanderen Gebouwenregister","source_id":"gebouw/Gebouw.19954757/0","kind":"building","building":"official","height_m":8.85,"status":null},"geometry":{"type":"Polygon","coordinates":[[[3.97039069,50.93499546],[3.97041591,50.93502173],[3.97030162,50.93506554],[3.9702764,50.93503926],[3.97039069,50.93499546]]]}},{"type":"Feature","id":"gebouw/Gebouw.19954759/0","properties":{"source":"Digitaal Vlaanderen Gebouwenregister","source_id":"gebouw/Gebouw.19954759/0","kind":"building","building":"official","height_m":5.85,"status":null},"geometry":{"type":"Polygon","coordinates":[[[3.96677021,50.93411603],[3.96672513,50.93414172],[3.96663518,50.93407869],[3.96668026,50.934053],[3.96677021,50.93411603]]]}},{"type":"Feature","id":"gebouw/Gebouw.19954762/0","properties":{"source":"Digitaal Vlaanderen Gebouwenregister","source_id":"gebouw/Gebouw.19954762/0","kind":"building","building":"official","height_m":8.1,"status":null},"geometry":{"type":"Polygon","coordinates":[[[3.97099298,50.93746434],[3.9708277,50.93740249],[3.97085634,50.93737193],[3.9709,50.93738827],[3.97090421,50.93738378],[3.97097439,50.93741005],[3.97097179,50.93741283],[3.97102322,50.93743207],[3.97099298,50.93746434]]]}},{"type":"Feature","id":"gebouw/Gebouw.19954763/0","properties":{"source":"Digitaal Vlaanderen Gebouwenregister","source_id":"gebouw/Gebouw.19954763/0","kind":"building","building":"official","height_m":8.85,"status":null},"geometry":{"type":"Polygon","coordinates":[[[3.97184019,50.93656743],[3.9718673,50.93660623],[3.97178693,50.93662865],[3.97175983,50.93658985],[3.97184019,50.93656743]]]}},{"type":"Feature","id":"gebouw/Gebouw.19954765/0","properties":{"source":"Digitaal Vlaanderen Gebouwenregister","source_id":"gebouw/Gebouw.19954765/0","kind":"building","building":"official","height_m":5.85,"status":null},"geometry":{"type":"Polygon","coordinates":[[[3.96780387,50.93423871],[3.96783592,50.9342675],[3.96777811,50.93429321],[3.96774605,50.93426442],[3.96780387,50.93423871]]]}},{"type":"Feature","id":"gebouw/Gebouw.19954827/0","properties":{"source":"Digitaal Vlaanderen Gebouwenregister","source_id":"gebouw/Gebouw.19954827/0","kind":"building","building":"official","height_m":7.35,"status":null},"geometry":{"type":"Polygon","coordinates":[[[3.97344776,50.93995263],[3.97341652,50.93992815],[3.97348932,50.93989106],[3.97352056,50.93991553],[3.97344776,50.93995263]]]}},{"type":"Feature","id":"gebouw/Gebouw.19954833/0","properties":{"source":"Digitaal Vlaanderen Gebouwenregister","source_id":"gebouw/Gebouw.19954833/0","kind":"building","building":"official","height_m":7.35,"status":null},"geometry":{"type":"Polygon","coordinates":[[[3.96873907,50.94020015],[3.96875754,50.94019341],[3.96874992,50.94018508],[3.96875443,50.94018343],[3.96873544,50.94016267],[3.96877032,50.94014993],[3.9687883,50.9401696],[3.96879518,50.94016709],[3.96883188,50.94020722],[3.96876715,50.94023086],[3.96873907,50.94020015]]]}},{"type":"Feature","id":"gebouw/Gebouw.19954835/0","properties":{"source":"Digitaal Vlaanderen Gebouwenregister","source_id":"gebouw/Gebouw.19954835/0","kind":"building","building":"official","height_m":8.85,"status":null},"geometry":{"type":"Polygon","coordinates":[[[3.97161611,50.93964589],[3.9715871,50.93962152],[3.97167042,50.93958193],[3.97169943,50.93960629],[3.97161611,50.93964589]]]}},{"type":"Feature","id":"gebouw/Gebouw.19954836/0","properties":{"source":"Digitaal Vlaanderen Gebouwenregister","source_id":"gebouw/Gebouw.19954836/0","kind":"building","building":"official","height_m":5.1,"status":null},"geometry":{"type":"Polygon","coordinates":[[[3.97148702,50.93971508],[3.9714616,50.93969152],[3.97150922,50.93967102],[3.97153464,50.93969458],[3.97148702,50.93971508]]]}},{"type":"Feature","id":"gebouw/Gebouw.19954837/0","properties":{"source":"Digitaal Vlaanderen Gebouwenregister","source_id":"gebouw/Gebouw.19954837/0","kind":"building","building":"official","height_m":5.85,"status":null},"geometry":{"type":"Polygon","coordinates":[[[3.97285789,50.93919024],[3.97281025,50.93915978],[3.9728776,50.93911772],[3.97292524,50.93914818],[3.97285789,50.93919024]]]}},{"type":"Feature","id":"gebouw/Gebouw.19954838/0","properties":{"source":"Digitaal Vlaanderen Gebouwenregister","source_id":"gebouw/Gebouw.19954838/0","kind":"building","building":"official","height_m":6.6,"status":null},"geometry":{"type":"Polygon","coordinates":[[[3.97233138,50.9388732],[3.97240291,50.93883495],[3.97243449,50.93885853],[3.97240084,50.93887652],[3.97239664,50.93887339],[3.97235876,50.93889364],[3.97233138,50.9388732]]]}},{"type":"Feature","id":"gebouw/Gebouw.19954925/0","properties":{"source":"Digitaal Vlaanderen Gebouwenregister","source_id":"gebouw/Gebouw.19954925/0","kind":"building","building":"official","height_m":8.85,"status":null},"geometry":{"type":"Polygon","coordinates":[[[3.96654326,50.939231],[3.96650789,50.93920713],[3.96659037,50.93915835],[3.96662575,50.93918222],[3.96654326,50.939231]]]}},{"type":"Feature","id":"gebouw/Gebouw.19954926/0","properties":{"source":"Digitaal Vlaanderen Gebouwenregister","source_id":"gebouw/Gebouw.19954926/0","kind":"building","building":"official","height_m":5.1,"status":null},"geometry":{"type":"Polygon","coordinates":[[[3.96671661,50.93922088],[3.96668604,50.93919965],[3.96672166,50.93917918],[3.96675222,50.93920042],[3.96671661,50.93922088]]]}},{"type":"Feature","id":"gebouw/Gebouw.19954927/0","properties":{"source":"Digitaal Vlaanderen Gebouwenregister","source_id":"gebouw/Gebouw.19954927/0","kind":"building","building":"official","height_m":5.85,"status":null},"geometry":{"type":"Polygon","coordinates":[[[3.96653236,50.93932799],[3.96649802,50.93934605],[3.96646667,50.93932499],[3.96650313,50.93930581],[3.96653236,50.93932799]]]}},{"type":"Feature","id":"gebouw/Gebouw.19954928/0","properties":{"source":"Digitaal Vlaanderen Gebouwenregister","source_id":"gebouw/Gebouw.19954928/0","kind":"building","building":"official","height_m":6.6,"status":null},"geometry":{"type":"Polygon","coordinates":[[[3.96908188,50.93998538],[3.96907129,50.93997454],[3.96902488,50.93999264],[3.96903348,50.94000146],[3.96893208,50.94004101],[3.96894098,50.94005011],[3.96895025,50.9400596],[3.96909807,50.94000195],[3.96908188,50.93998538]]]}},{"type":"Feature","id":"gebouw/Gebouw.19954929/0","properties":{"source":"Digitaal Vlaanderen Gebouwenregister","source_id":"gebouw/Gebouw.19954929/0","kind":"building","building":"official","height_m":7.35,"status":null},"geometry":{"type":"Polygon","coordinates":[[[3.9699566,50.93904234],[3.96988802,50.93910599],[3.96985997,50.93909326],[3.96992561,50.93902945],[3.9699566,50.93904234]]]}},{"type":"Feature","id":"gebouw/Gebouw.19954930/0","properties":{"source":"Digitaal Vlaanderen Gebouwenregister","source_id":"gebouw/Gebouw.19954930/0","kind":"building","building":"official","height_m":8.1,"status":null},"geometry":{"type":"Polygon","coordinates":[[[3.96968201,50.93978205],[3.96965083,50.93976218],[3.96969497,50.93973452],[3.96972615,50.93975439],[3.96968201,50.93978205]]]}},{"type":"Feature","id":"gebouw/Gebouw.19954931/0","properties":{"source":"Digitaal Vlaanderen Gebouwenregister","source_id":"gebouw/Gebouw.19954931/0","kind":"building","building":"official","height_m":8.85,"status":null},"geometry":{"type":"Polygon","coordinates":[[[3.97103774,50.94002451],[3.97100196,50.93999816],[3.97104338,50.9399757],[3.97107916,50.94000205],[3.97103774,50.94002451]]]}},{"type":"Feature","id":"gebouw/Gebouw.19955058/0","properties":{"source":"Digitaal Vlaanderen Gebouwenregister","source_id":"gebouw/Gebouw.19955058/0","kind":"building","building":"official","height_m":5.1,"status":null},"geometry":{"type":"Polygon","coordinates":[[[3.96394255,50.9342297],[3.96389962,50.93426278],[3.96386617,50.93424545],[3.96388265,50.93423278],[3.96389166,50.93423452],[3.96391587,50.93421587],[3.96394255,50.9342297]]]}},{"type":"Feature","id":"gebouw/Gebouw.19955059/0","properties":{"source":"Digitaal Vlaanderen Gebouwenregister","source_id":"gebouw/Gebouw.19955059/0","kind":"building","building":"official","height_m":5.85,"status":null},"geometry":{"type":"Polygon","coordinates":[[[3.96525706,50.93489869],[3.96522013,50.93492636],[3.96518375,50.93490697],[3.96522069,50.9348793],[3.96525706,50.93489869]]]}},{"type":"Feature","id":"gebouw/Gebouw.19955060/0","properties":{"source":"Digitaal Vlaanderen Gebouwenregister","source_id":"gebouw/Gebouw.19955060/0","kind":"building","building":"official","height_m":6.6,"status":null},"geometry":{"type":"Polygon","coordinates":[[[3.96631802,50.9349324],[3.96628076,50.93491371],[3.9662553,50.93493296],[3.9662918,50.93495223],[3.96631802,50.9349324]]]}},{"type":"Feature","id":"gebouw/Gebouw.19955061/0","properties":{"source":"Digitaal Vlaanderen Gebouwenregister","source_id":"gebouw/Gebouw.19955061/0","kind":"building","building":"official","height_m":7.35,"status":null},"geometry":{"type":"Polygon","coordinates":[[[3.96637843,50.9340356],[3.9662976,50.93397378],[3.96631907,50.93396257],[3.9663999,50.93402439],[3.96637843,50.9340356]]]}},{"type":"Feature","id":"gebouw/Gebouw.19955064/0","properties":{"source":"Digitaal Vlaanderen Gebouwenregister","source_id":"gebouw/Gebouw.19955064/0","kind":"building","building":"official","height_m":5.1,"status":null},"geometry":{"type":"Polygon","coordinates":[[[3.96995506,50.93628166],[3.9699281,50.93630256],[3.96987108,50.93627321],[3.96989804,50.9362523],[3.96995506,50.93628166]]]}},{"type":"Feature","id":"gebouw/Gebouw.19955065/0","properties":{"source":"Digitaal Vlaanderen Gebouwenregister","source_id":"gebouw/Gebouw.19955065/0","kind":"building","building":"official","height_m":5.85,"status":null},"geometry":{"type":"Polygon","coordinates":[[[3.96925066,50.93647233],[3.96924408,50.93650261],[3.96918887,50.93649783],[3.96919591,50.93646542],[3.96924613,50.93647176],[3.96925066,50.93647233]]]}},{"type":"Feature","id":"gebouw/Gebouw.19955103/0","properties":{"source":"Digitaal Vlaanderen Gebouwenregister","source_id":"gebouw/Gebouw.19955103/0","kind":"building","building":"official","height_m":7.35,"status":null},"geometry":{"type":"Polygon","coordinates":[[[3.9702142,50.93591537],[3.9702436,50.93589533],[3.97030006,50.9359284],[3.97027066,50.93594844],[3.9702142,50.93591537]]]}},{"type":"Feature","id":"gebouw/Gebouw.19955104/0","properties":{"source":"Digitaal Vlaanderen Gebouwenregister","source_id":"gebouw/Gebouw.19955104/0","kind":"building","building":"official","height_m":8.1,"status":null},"geometry":{"type":"Polygon","coordinates":[[[3.96990028,50.93408866],[3.96992597,50.93411123],[3.96985497,50.9341435],[3.96982928,50.93412093],[3.96990028,50.93408866]]]}},{"type":"Feature","id":"gebouw/Gebouw.19955105/0","properties":{"source":"Digitaal Vlaanderen Gebouwenregister","source_id":"gebouw/Gebouw.19955105/0","kind":"building","building":"official","height_m":8.85,"status":null},"geometry":{"type":"Polygon","coordinates":[[[3.96966541,50.93423727],[3.96959649,50.9342703],[3.96957519,50.93425273],[3.96964384,50.93421949],[3.96966541,50.93423727]]]}},{"type":"Feature","id":"gebouw/Gebouw.19955106/0","properties":{"source":"Digitaal Vlaanderen Gebouwenregister","source_id":"gebouw/Gebouw.19955106/0","kind":"building","building":"official","height_m":5.1,"status":null},"geometry":{"type":"Polygon","coordinates":[[[3.96946151,50.93472064],[3.96943719,50.93473796],[3.96939342,50.93471341],[3.96941774,50.9346961],[3.96946151,50.93472064]]]}},{"type":"Feature","id":"gebouw/Gebouw.19955107/0","properties":{"source":"Digitaal Vlaanderen Gebouwenregister","source_id":"gebouw/Gebouw.19955107/0","kind":"building","building":"official","height_m":5.85,"status":null},"geometry":{"type":"Polygon","coordinates":[[[3.97242944,50.93537557],[3.9724373,50.93538748],[3.97238245,50.93540192],[3.97237298,50.93538755],[3.97236516,50.93537569],[3.97242001,50.93536125],[3.97242944,50.93537557]]]}},{"type":"Feature","id":"gebouw/Gebouw.19955565/0","properties":{"source":"Digitaal Vlaanderen Gebouwenregister","source_id":"gebouw/Gebouw.19955565/0","kind":"building","building":"official","height_m":7.35,"status":null},"geometry":{"type":"Polygon","coordinates":[[[3.97037945,50.93468951],[3.97027937,50.93473537],[3.97025458,50.93471377],[3.9703544,50.93466768],[3.97037945,50.93468951]]]}},{"type":"Feature","id":"gebouw/Gebouw.19956086/0","properties":{"source":"Digitaal Vlaanderen Gebouwenregister","source_id":"gebouw/Gebouw.19956086/0","kind":"building","building":"official","height_m":6.6,"status":null},"geometry":{"type":"Polygon","coordinates":[[[3.96611308,50.93413002],[3.9661556,50.93410733],[3.96624683,50.93417561],[3.96625626,50.93417058],[3.96628822,50.9341945],[3.96621521,50.93423345],[3.9661844,50.93421039],[3.96620547,50.93419915],[3.96611308,50.93413002]]]}},{"type":"Feature","id":"gebouw/Gebouw.19956109/0","properties":{"source":"Digitaal Vlaanderen Gebouwenregister","source_id":"gebouw/Gebouw.19956109/0","kind":"building","building":"official","height_m":5.85,"status":null},"geometry":{"type":"Polygon","coordinates":[[[3.97005387,50.93633139],[3.97020457,50.93640854],[3.97017915,50.93642837],[3.97002653,50.93635024],[3.97001182,50.93634271],[3.97003725,50.93632288],[3.97005387,50.93633139]]]}},{"type":"Feature","id":"gebouw/Gebouw.19956110/0","properties":{"source":"Digitaal Vlaanderen Gebouwenregister","source_id":"gebouw/Gebouw.19956110/0","kind":"building","building":"official","height_m":6.6,"status":null},"geometry":{"type":"Polygon","coordinates":[[[3.97141408,50.93755433],[3.97148716,50.93757599],[3.97147908,50.93758687],[3.97150608,50.93759487],[3.9714841,50.93762447],[3.97138687,50.93759279],[3.97141408,50.93755433]]]}},{"type":"Feature","id":"gebouw/Gebouw.19956212/0","properties":{"source":"Digitaal Vlaanderen Gebouwenregister","source_id":"gebouw/Gebouw.19956212/0","kind":"building","building":"official","height_m":6.6,"status":null},"geometry":{"type":"Polygon","coordinates":[[[3.96310456,50.935024],[3.96312592,50.93500563],[3.96316085,50.93502185],[3.9632041,50.93498467],[3.96322726,50.93499619],[3.96322205,50.93500011],[3.96332252,50.93504542],[3.96328867,50.93507407],[3.96332874,50.93509297],[3.96335894,50.93507061],[3.9633982,50.93509408],[3.96340435,50.93508865],[3.96351604,50.93514085],[3.96345156,50.93519343],[3.96331619,50.93512733],[3.96326508,50.93510237],[3.96315579,50.93504901],[3.96311652,50.93502984],[3.96310456,50.935024]]]}},{"type":"Feature","id":"gebouw/Gebouw.19956261/0","properties":{"source":"Digitaal Vlaanderen Gebouwenregister","source_id":"gebouw/Gebouw.19956261/0","kind":"building","building":"official","height_m":7.35,"status":null},"geometry":{"type":"Polygon","coordinates":[[[3.97115256,50.93962336],[3.97113747,50.93963184],[3.97117765,50.93966039],[3.97110455,50.93970145],[3.97097928,50.93960638],[3.97105248,50.93956745],[3.9710821,50.9395896],[3.97109755,50.93958164],[3.97115256,50.93962336]]]}},{"type":"Feature","id":"gebouw/Gebouw.19956262/0","properties":{"source":"Digitaal Vlaanderen Gebouwenregister","source_id":"gebouw/Gebouw.19956262/0","kind":"building","building":"official","height_m":8.1,"status":null},"geometry":{"type":"Polygon","coordinates":[[[3.9711311,50.9397216],[3.97116499,50.93970431],[3.97119666,50.9397291],[3.97116364,50.9397463],[3.9711311,50.9397216]]]}},{"type":"Feature","id":"gebouw/Gebouw.19956306/0","properties":{"source":"Digitaal Vlaanderen Gebouwenregister","source_id":"gebouw/Gebouw.19956306/0","kind":"building","building":"official","height_m":5.1,"status":null},"geometry":{"type":"Polygon","coordinates":[[[3.96480967,50.93461598],[3.96486928,50.93456498],[3.96491744,50.93458755],[3.96492832,50.93457801],[3.96498497,50.93460419],[3.96493939,50.93464377],[3.9650053,50.93467407],[3.96501705,50.93466387],[3.9650624,50.93468541],[3.965074,50.93467591],[3.96513655,50.93470853],[3.96509229,50.93474623],[3.96497078,50.93469029],[3.96493897,50.93467561],[3.9649153,50.93466469],[3.96480967,50.93461598]]]}},{"type":"Feature","id":"gebouw/Gebouw.19956307/0","properties":{"source":"Digitaal Vlaanderen Gebouwenregister","source_id":"gebouw/Gebouw.19956307/0","kind":"building","building":"official","height_m":5.85,"status":null},"geometry":{"type":"Polygon","coordinates":[[[3.96748571,50.93977863],[3.96752623,50.93975794],[3.96757805,50.93979847],[3.96753753,50.93981915],[3.96750891,50.93979677],[3.96748611,50.93977894],[3.96748571,50.93977863]]]}},{"type":"Feature","id":"gebouw/Gebouw.19956329/0","properties":{"source":"Digitaal Vlaanderen Gebouwenregister","source_id":"gebouw/Gebouw.19956329/0","kind":"building","building":"official","height_m":8.85,"status":null},"geometry":{"type":"Polygon","coordinates":[[[3.97026823,50.93460462],[3.97031209,50.93464412],[3.97024333,50.93467481],[3.97019214,50.93462871],[3.97026052,50.93459839],[3.97020276,50.93454638],[3.9702755,50.9345144],[3.97019875,50.93444537],[3.97012388,50.93447841],[3.970114,50.93446966],[3.9699949,50.93452332],[3.96987739,50.93441917],[3.96999988,50.93436399],[3.97006171,50.9344188],[3.97025577,50.93433137],[3.97029461,50.93436445],[3.97031,50.93435703],[3.97044384,50.93447756],[3.97043034,50.93448407],[3.97046444,50.93451973],[3.97026823,50.93460462]]]}},{"type":"Feature","id":"gebouw/Gebouw.19956340/0","properties":{"source":"Digitaal Vlaanderen Gebouwenregister","source_id":"gebouw/Gebouw.19956340/0","kind":"building","building":"official","height_m":8.1,"status":null},"geometry":{"type":"Polygon","coordinates":[[[3.96971835,50.93864601],[3.96964536,50.93872468],[3.96965536,50.93872838],[3.96966179,50.93873077],[3.96968192,50.93873822],[3.96973571,50.93875815],[3.96980871,50.93867949],[3.96971835,50.93864601]]]}},{"type":"Feature","id":"gebouw/Gebouw.20802253/0","properties":{"source":"Digitaal Vlaanderen Gebouwenregister","source_id":"gebouw/Gebouw.20802253/0","kind":"building","building":"official","height_m":5.85,"status":null},"geometry":{"type":"Polygon","coordinates":[[[3.96824673,50.93925689],[3.96829598,50.93929947],[3.96823687,50.93932677],[3.96818866,50.93928511],[3.96821987,50.93926994],[3.96824673,50.93925689]]]}},{"type":"Feature","id":"gebouw/Gebouw.20802254/0","properties":{"source":"Digitaal Vlaanderen Gebouwenregister","source_id":"gebouw/Gebouw.20802254/0","kind":"building","building":"official","height_m":6.6,"status":null},"geometry":{"type":"Polygon","coordinates":[[[3.96730001,50.93394471],[3.96728378,50.93395481],[3.96727014,50.9339633],[3.96724693,50.93397774],[3.96720213,50.93394901],[3.96722525,50.93393462],[3.9672385,50.93392637],[3.96725522,50.93391597],[3.96730001,50.93394471]]]}},{"type":"Feature","id":"gebouw/Gebouw.20802255/0","properties":{"source":"Digitaal Vlaanderen Gebouwenregister","source_id":"gebouw/Gebouw.20802255/0","kind":"building","building":"official","height_m":7.35,"status":null},"geometry":{"type":"Polygon","coordinates":[[[3.97129467,50.93982567],[3.97126317,50.9398022],[3.97133027,50.93976623],[3.97136177,50.93978969],[3.97129467,50.93982567]]]}},{"type":"Feature","id":"gebouw/Gebouw.20802256/0","properties":{"source":"Digitaal Vlaanderen Gebouwenregister","source_id":"gebouw/Gebouw.20802256/0","kind":"building","building":"official","height_m":8.1,"status":null},"geometry":{"type":"Polygon","coordinates":[[[3.97084587,50.93494035],[3.97094569,50.9350391],[3.97070003,50.93513826],[3.97067709,50.93511557],[3.9706002,50.93503951],[3.97084587,50.93494035]]]}},{"type":"Feature","id":"gebouw/Gebouw.20802258/0","properties":{"source":"Digitaal Vlaanderen Gebouwenregister","source_id":"gebouw/Gebouw.20802258/0","kind":"building","building":"official","height_m":5.1,"status":null},"geometry":{"type":"Polygon","coordinates":[[[3.97047335,50.93516086],[3.97053398,50.93513639],[3.97056051,50.93516263],[3.97067709,50.93511557],[3.97070003,50.93513826],[3.97052281,50.93520979],[3.97047335,50.93516086]]]}},{"type":"Feature","id":"gebouw/Gebouw.20802264/0","properties":{"source":"Digitaal Vlaanderen Gebouwenregister","source_id":"gebouw/Gebouw.20802264/0","kind":"building","building":"official","height_m":5.1,"status":null},"geometry":{"type":"Polygon","coordinates":[[[3.97323434,50.93465351],[3.97326278,50.9346944],[3.97320555,50.93471029],[3.97317711,50.9346694],[3.97323434,50.93465351]]]}},{"type":"Feature","id":"gebouw/Gebouw.20802277/0","properties":{"source":"Digitaal Vlaanderen Gebouwenregister","source_id":"gebouw/Gebouw.20802277/0","kind":"building","building":"official","height_m":5.85,"status":null},"geometry":{"type":"Polygon","coordinates":[[[3.97125311,50.93992301],[3.97130551,50.93996221],[3.97127114,50.93998056],[3.97121873,50.93994136],[3.97125311,50.93992301]]]}},{"type":"Feature","id":"gebouw/Gebouw.20802279/0","properties":{"source":"Digitaal Vlaanderen Gebouwenregister","source_id":"gebouw/Gebouw.20802279/0","kind":"building","building":"official","height_m":7.35,"status":null},"geometry":{"type":"Polygon","coordinates":[[[3.96883796,50.9402936],[3.96881337,50.94026613],[3.96878142,50.94027755],[3.9687788,50.94027849],[3.96876898,50.94028199],[3.96879357,50.94030947],[3.96880223,50.94030637],[3.96880456,50.94030554],[3.96883796,50.9402936]]]}},{"type":"Feature","id":"gebouw/Gebouw.20802280/0","properties":{"source":"Digitaal Vlaanderen Gebouwenregister","source_id":"gebouw/Gebouw.20802280/0","kind":"building","building":"official","height_m":8.1,"status":null},"geometry":{"type":"Polygon","coordinates":[[[3.96938733,50.9402145],[3.96942837,50.9402774],[3.96942602,50.94027801],[3.969409,50.94028244],[3.96935046,50.9403049],[3.96930426,50.94023411],[3.96937169,50.94021654],[3.96938272,50.94021367],[3.96938619,50.94021276],[3.96938733,50.9402145]]]}},{"type":"Feature","id":"gebouw/Gebouw.20802341/0","properties":{"source":"Digitaal Vlaanderen Gebouwenregister","source_id":"gebouw/Gebouw.20802341/0","kind":"building","building":"official","height_m":8.85,"status":null},"geometry":{"type":"Polygon","coordinates":[[[3.97002062,50.93406414],[3.96999814,50.93407534],[3.96996598,50.93409136],[3.96994251,50.93407098],[3.96999926,50.93404489],[3.96997946,50.9340277],[3.97001385,50.93401188],[3.97005201,50.93404501],[3.97004131,50.9340504],[3.9700182,50.93406204],[3.97002062,50.93406414]]]}},{"type":"Feature","id":"gebouw/Gebouw.20803149/0","properties":{"source":"Digitaal Vlaanderen Gebouwenregister","source_id":"gebouw/Gebouw.20803149/0","kind":"building","building":"official","height_m":7.35,"status":null},"geometry":{"type":"Polygon","coordinates":[[[3.97113649,50.93558714],[3.97110933,50.93556527],[3.97117973,50.93553036],[3.97119092,50.93552481],[3.97119019,50.93552422],[3.9711615,50.93550112],[3.97113284,50.93547804],[3.97106069,50.93551381],[3.97108967,50.93553715],[3.97102002,50.93557168],[3.97101875,50.93557065],[3.97096461,50.93559749],[3.97103055,50.9356506],[3.97108714,50.93562254],[3.97107873,50.93561577],[3.97113649,50.93558714]]]}},{"type":"Feature","id":"gebouw/Gebouw.20803204/0","properties":{"source":"Digitaal Vlaanderen Gebouwenregister","source_id":"gebouw/Gebouw.20803204/0","kind":"building","building":"official","height_m":8.1,"status":null},"geometry":{"type":"Polygon","coordinates":[[[3.96739933,50.93390651],[3.96735204,50.93392219],[3.96729141,50.93384074],[3.96733892,50.93382324],[3.96734227,50.93382785],[3.96739933,50.93390651]]]}},{"type":"Feature","id":"gebouw/Gebouw.20803205/0","properties":{"source":"Digitaal Vlaanderen Gebouwenregister","source_id":"gebouw/Gebouw.20803205/0","kind":"building","building":"official","height_m":8.85,"status":null},"geometry":{"type":"Polygon","coordinates":[[[3.96742823,50.93394635],[3.96738558,50.93395836],[3.96736833,50.93393202],[3.96740994,50.93392114],[3.96742823,50.93394635]]]}},{"type":"Feature","id":"gebouw/Gebouw.20803206/0","properties":{"source":"Digitaal Vlaanderen Gebouwenregister","source_id":"gebouw/Gebouw.20803206/0","kind":"building","building":"official","height_m":5.1,"status":null},"geometry":{"type":"Polygon","coordinates":[[[3.96729189,50.93947634],[3.96724647,50.93949946],[3.96719269,50.93945887],[3.96723443,50.93943416],[3.96725224,50.93944591],[3.96729189,50.93947634]]]}},{"type":"Feature","id":"gebouw/Gebouw.20803207/0","properties":{"source":"Digitaal Vlaanderen Gebouwenregister","source_id":"gebouw/Gebouw.20803207/0","kind":"building","building":"official","height_m":5.85,"status":null},"geometry":{"type":"Polygon","coordinates":[[[3.96743599,50.93958695],[3.96742347,50.93959345],[3.96741133,50.93959975],[3.96736709,50.93962269],[3.96728107,50.93955802],[3.96735124,50.9395219],[3.96743599,50.93958695]]]}},{"type":"Feature","id":"gebouw/Gebouw.20803254/0","properties":{"source":"Digitaal Vlaanderen Gebouwenregister","source_id":"gebouw/Gebouw.20803254/0","kind":"building","building":"official","height_m":5.1,"status":null},"geometry":{"type":"Polygon","coordinates":[[[3.97055228,50.93941228],[3.97046384,50.93934405],[3.97041818,50.93936767],[3.97049756,50.93942891],[3.97050662,50.93943591],[3.97055228,50.93941228]]]}},{"type":"Feature","id":"gebouw/Gebouw.20803255/0","properties":{"source":"Digitaal Vlaanderen Gebouwenregister","source_id":"gebouw/Gebouw.20803255/0","kind":"building","building":"official","height_m":5.85,"status":null},"geometry":{"type":"Polygon","coordinates":[[[3.97056681,50.94006441],[3.97052764,50.94003467],[3.97048865,50.94005531],[3.97054722,50.94010019],[3.97058668,50.94007963],[3.97056681,50.94006441]]]}},{"type":"Feature","id":"gebouw/Gebouw.20803256/0","properties":{"source":"Digitaal Vlaanderen Gebouwenregister","source_id":"gebouw/Gebouw.20803256/0","kind":"building","building":"official","height_m":6.6,"status":null},"geometry":{"type":"Polygon","coordinates":[[[3.97046068,50.94006915],[3.97039605,50.94002029],[3.97041537,50.94000979],[3.97042642,50.94000379],[3.97037797,50.9399686],[3.97036718,50.9399743],[3.97033147,50.93994766],[3.97025821,50.93998649],[3.97033993,50.94004788],[3.97040106,50.94009381],[3.97040686,50.94009816],[3.97044796,50.940076],[3.97046068,50.94006915]]]}},{"type":"Feature","id":"gebouw/Gebouw.30883372/0","properties":{"source":"Digitaal Vlaanderen Gebouwenregister","source_id":"gebouw/Gebouw.30883372/0","kind":"building","building":"official","height_m":8.1,"status":null},"geometry":{"type":"Polygon","coordinates":[[[3.97195855,50.93547963],[3.97191065,50.9355031],[3.97189198,50.93548788],[3.97184938,50.93545314],[3.97178308,50.93539909],[3.97172832,50.93535444],[3.97171715,50.93534534],[3.9717464,50.93533101],[3.97175977,50.93532506],[3.97185629,50.93527912],[3.97191984,50.93533093],[3.97198434,50.93538351],[3.97202523,50.93536346],[3.97202675,50.9353647],[3.97210634,50.93542959],[3.97202892,50.93546754],[3.97202109,50.93547137],[3.97201503,50.93546539],[3.9719798,50.93548545],[3.97196932,50.93547691],[3.97196736,50.93547531],[3.97195855,50.93547963]]]}},{"type":"Feature","id":"gebouw/Gebouw.30883377/0","properties":{"source":"Digitaal Vlaanderen Gebouwenregister","source_id":"gebouw/Gebouw.30883377/0","kind":"building","building":"official","height_m":7.35,"status":null},"geometry":{"type":"Polygon","coordinates":[[[3.9679578,50.93918344],[3.96799051,50.93915254],[3.96806124,50.93918243],[3.96802853,50.93921333],[3.9679578,50.93918344]]]}},{"type":"Feature","id":"gebouw/Gebouw.30883423/0","properties":{"source":"Digitaal Vlaanderen Gebouwenregister","source_id":"gebouw/Gebouw.30883423/0","kind":"building","building":"official","height_m":5.85,"status":null},"geometry":{"type":"Polygon","coordinates":[[[3.96682314,50.93406451],[3.96673552,50.9340001],[3.96680602,50.93396189],[3.96689364,50.93402631],[3.96682314,50.93406451]]]}},{"type":"Feature","id":"gebouw/Gebouw.30884441/0","properties":{"source":"Digitaal Vlaanderen Gebouwenregister","source_id":"gebouw/Gebouw.30884441/0","kind":"building","building":"official","height_m":8.85,"status":null},"geometry":{"type":"Polygon","coordinates":[[[3.96994379,50.94031864],[3.96988087,50.94034717],[3.96987491,50.94034987],[3.96983429,50.94036206],[3.96985979,50.9403949],[3.96997181,50.94034211],[3.96994379,50.94031864]]]}},{"type":"Feature","id":"gebouw/Gebouw.31008872/0","properties":{"source":"Digitaal Vlaanderen Gebouwenregister","source_id":"gebouw/Gebouw.31008872/0","kind":"building","building":"official","height_m":6.6,"status":null},"geometry":{"type":"Polygon","coordinates":[[[3.97202675,50.9353647],[3.97210634,50.93542959],[3.97202892,50.93546754],[3.97202109,50.93547137],[3.97201503,50.93546539],[3.9719798,50.93548545],[3.97196932,50.93547691],[3.97196736,50.93547531],[3.97195855,50.93547963],[3.97191065,50.9355031],[3.97189198,50.93548788],[3.97184938,50.93545314],[3.97198612,50.93538496],[3.97202675,50.9353647]]]}},{"type":"Feature","id":"gebouw/Gebouw.31008873/0","properties":{"source":"Digitaal Vlaanderen Gebouwenregister","source_id":"gebouw/Gebouw.31008873/0","kind":"building","building":"official","height_m":7.35,"status":null},"geometry":{"type":"Polygon","coordinates":[[[3.97191984,50.93533093],[3.97178308,50.93539909],[3.97172832,50.93535444],[3.97171715,50.93534534],[3.9717464,50.93533101],[3.97175977,50.93532506],[3.97185629,50.93527912],[3.97191984,50.93533093]]]}},{"type":"Feature","id":"gebouw/Gebouw.31008874/0","properties":{"source":"Digitaal Vlaanderen Gebouwenregister","source_id":"gebouw/Gebouw.31008874/0","kind":"building","building":"official","height_m":8.1,"status":null},"geometry":{"type":"Polygon","coordinates":[[[3.97198612,50.93538496],[3.97184938,50.93545314],[3.97178308,50.93539909],[3.97191984,50.93533093],[3.97198434,50.93538351],[3.97198612,50.93538496]]]}},{"type":"Feature","id":"gebouw/Gebouw.31089945/0","properties":{"source":"Digitaal Vlaanderen Gebouwenregister","source_id":"gebouw/Gebouw.31089945/0","kind":"building","building":"official","height_m":7.35,"status":null},"geometry":{"type":"Polygon","coordinates":[[[3.96910732,50.93846413],[3.96891205,50.9383739],[3.96887253,50.93840885],[3.96885619,50.93840103],[3.96878935,50.93836908],[3.96875801,50.93839526],[3.96878163,50.93840563],[3.9688455,50.93843367],[3.9688602,50.9384203],[3.96905914,50.93850764],[3.96910732,50.93846413]]]}},{"type":"Feature","id":"gebouw/Gebouw.31092860/0","properties":{"source":"Digitaal Vlaanderen Gebouwenregister","source_id":"gebouw/Gebouw.31092860/0","kind":"building","building":"official","height_m":6.6,"status":null},"geometry":{"type":"Polygon","coordinates":[[[3.9706002,50.93503951],[3.97083484,50.93495016],[3.97089778,50.93501315],[3.97085011,50.93503254],[3.97088251,50.93506506],[3.97070221,50.93513721],[3.9707035,50.9351386],[3.97048139,50.93522723],[3.97045667,50.9352025],[3.97049841,50.93518565],[3.97047335,50.93516086],[3.97053398,50.93513639],[3.97056051,50.93516263],[3.97067709,50.93511557],[3.9706002,50.93503951]]]}},{"type":"Feature","id":"gebouw/Gebouw.31193302/0","properties":{"source":"Digitaal Vlaanderen Gebouwenregister","source_id":"gebouw/Gebouw.31193302/0","kind":"building","building":"official","height_m":8.1,"status":null},"geometry":{"type":"Polygon","coordinates":[[[3.96340406,50.93598495],[3.96328515,50.93605712],[3.96323124,50.93602136],[3.96323912,50.93601635],[3.96320829,50.93599587],[3.96322293,50.93598707],[3.96323429,50.93598025],[3.96316167,50.93593228],[3.96312234,50.9359063],[3.96319646,50.93586131],[3.96325582,50.93590036],[3.96326604,50.93589415],[3.96340406,50.93598495]]]}},{"type":"Feature","id":"gebouw/Gebouw.31251497/0","properties":{"source":"Digitaal Vlaanderen Gebouwenregister","source_id":"gebouw/Gebouw.31251497/0","kind":"building","building":"official","height_m":8.85,"status":null},"geometry":{"type":"Polygon","coordinates":[[[3.97152139,50.93567188],[3.97152399,50.93567403],[3.97148962,50.93569067],[3.97146241,50.93566823],[3.97144651,50.93567593],[3.97140099,50.93566119],[3.9713582,50.93562541],[3.97134574,50.93559367],[3.97136229,50.93558566],[3.97134189,50.93556884],[3.97133994,50.93556724],[3.97135152,50.93556163],[3.97137966,50.93554743],[3.97147386,50.93549989],[3.9716232,50.93562263],[3.97152139,50.93567188]]]}},{"type":"Feature","id":"gebouw/Gebouw.31251525/0","properties":{"source":"Digitaal Vlaanderen Gebouwenregister","source_id":"gebouw/Gebouw.31251525/0","kind":"building","building":"official","height_m":7.35,"status":null},"geometry":{"type":"Polygon","coordinates":[[[3.96340788,50.93618251],[3.96330767,50.93611645],[3.96327675,50.93613518],[3.96327579,50.93613576],[3.96327907,50.93613792],[3.96332718,50.93616963],[3.96331311,50.93617815],[3.96330498,50.93618308],[3.96333282,50.93620143],[3.9633538,50.93621526],[3.96340788,50.93618251]]]}},{"type":"Feature","id":"gebouw/Gebouw.31326736/0","properties":{"source":"Digitaal Vlaanderen Gebouwenregister","source_id":"gebouw/Gebouw.31326736/0","kind":"building","building":"official","height_m":8.1,"status":null},"geometry":{"type":"Polygon","coordinates":[[[3.96946788,50.93752149],[3.96948612,50.93750567],[3.96955603,50.93753783],[3.9695378,50.93755366],[3.96946788,50.93752149]]]}},{"type":"Feature","id":"gebouw/Gebouw.31326838/0","properties":{"source":"Digitaal Vlaanderen Gebouwenregister","source_id":"gebouw/Gebouw.31326838/0","kind":"building","building":"official","height_m":8.1,"status":null},"geometry":{"type":"Polygon","coordinates":[[[3.96544094,50.9345504],[3.96547994,50.93452041],[3.96554676,50.93455509],[3.96550776,50.93458509],[3.96544094,50.9345504]]]}},{"type":"Feature","id":"gebouw/Gebouw.31328150/0","properties":{"source":"Digitaal Vlaanderen Gebouwenregister","source_id":"gebouw/Gebouw.31328150/0","kind":"building","building":"official","height_m":6.6,"status":null},"geometry":{"type":"Polygon","coordinates":[[[3.96541217,50.93447658],[3.96546641,50.93443614],[3.96554186,50.93447684],[3.96553825,50.93447949],[3.96557375,50.93450041],[3.96552725,50.93453289],[3.96549226,50.93451316],[3.96548644,50.93451743],[3.96541217,50.93447658]]]}},{"type":"Feature","id":"gebouw/Gebouw.31328151/0","properties":{"source":"Digitaal Vlaanderen Gebouwenregister","source_id":"gebouw/Gebouw.31328151/0","kind":"building","building":"official","height_m":7.35,"status":null},"geometry":{"type":"Polygon","coordinates":[[[3.96564296,50.93454911],[3.96561589,50.93456832],[3.96555444,50.93453595],[3.9655805,50.93451621],[3.96564296,50.93454911]]]}},{"type":"Feature","id":"gebouw/Gebouw.31361798/0","properties":{"source":"Digitaal Vlaanderen Gebouwenregister","source_id":"gebouw/Gebouw.31361798/0","kind":"building","building":"official","height_m":6.6,"status":null},"geometry":{"type":"Polygon","coordinates":[[[3.96794405,50.93910111],[3.96808871,50.93916337],[3.96809872,50.93916768],[3.9681559,50.93911574],[3.96800161,50.93904792],[3.96794405,50.93910111]]]}},{"type":"Feature","id":"gebouw/Gebouw.31524124/0","properties":{"source":"Digitaal Vlaanderen Gebouwenregister","source_id":"gebouw/Gebouw.31524124/0","kind":"building","building":"official","height_m":8.1,"status":null},"geometry":{"type":"Polygon","coordinates":[[[3.9700807,50.93726469],[3.97005241,50.93724695],[3.97003033,50.93726101],[3.97006146,50.93728053],[3.97006918,50.93728537],[3.97009119,50.93727126],[3.9700807,50.93726469]]]}},{"type":"Feature","id":"gebouw/Gebouw.31528054/0","properties":{"source":"Digitaal Vlaanderen Gebouwenregister","source_id":"gebouw/Gebouw.31528054/0","kind":"building","building":"official","height_m":8.1,"status":null},"geometry":{"type":"Polygon","coordinates":[[[3.9696225,50.94056217],[3.96960808,50.94054566],[3.96958224,50.94055467],[3.96959665,50.94057118],[3.9696225,50.94056217]]]}},{"type":"Feature","id":"gebouw/Gebouw.31539974/0","properties":{"source":"Digitaal Vlaanderen Gebouwenregister","source_id":"gebouw/Gebouw.31539974/0","kind":"building","building":"official","height_m":6.6,"status":null},"geometry":{"type":"Polygon","coordinates":[[[3.9653038,50.93396893],[3.96527964,50.93398016],[3.96531231,50.93400823],[3.96533647,50.933997],[3.9653038,50.93396893]]]}},{"type":"Feature","id":"gebouw/Gebouw.31550126/0","properties":{"source":"Digitaal Vlaanderen Gebouwenregister","source_id":"gebouw/Gebouw.31550126/0","kind":"building","building":"official","height_m":6.6,"status":null},"geometry":{"type":"Polygon","coordinates":[[[3.96825584,50.93912497],[3.96818023,50.93908814],[3.96817733,50.93909053],[3.96808871,50.93916337],[3.96805186,50.93919367],[3.96812819,50.93923016],[3.96813279,50.93923236],[3.96814302,50.93923728],[3.96814555,50.93923849],[3.96814561,50.93923852],[3.96820199,50.93919231],[3.9682736,50.93913362],[3.96826062,50.9391273],[3.96825584,50.93912497]]]}},{"type":"Feature","id":"gebouw/Gebouw.31697250/0","properties":{"source":"Digitaal Vlaanderen Gebouwenregister","source_id":"gebouw/Gebouw.31697250/0","kind":"building","building":"official","height_m":5.1,"status":null},"geometry":{"type":"Polygon","coordinates":[[[3.97116451,50.93407261],[3.97114373,50.93405764],[3.97112406,50.93405102],[3.97112002,50.93404819],[3.97111928,50.93404861],[3.97112345,50.93405153],[3.97114311,50.93405815],[3.97115777,50.93406871],[3.97115114,50.93407239],[3.97115695,50.93407658],[3.97114722,50.93408198],[3.97110744,50.93405332],[3.97109043,50.93406275],[3.97107149,50.9340491],[3.97097704,50.93410167],[3.97103824,50.93414548],[3.97116451,50.93407261]]]}},{"type":"Feature","id":"gebouw/Gebouw.31697252/0","properties":{"source":"Digitaal Vlaanderen Gebouwenregister","source_id":"gebouw/Gebouw.31697252/0","kind":"building","building":"official","height_m":6.6,"status":null},"geometry":{"type":"Polygon","coordinates":[[[3.97107739,50.93413026],[3.97114685,50.93417289],[3.9712718,50.93409429],[3.97120474,50.93405397],[3.97107739,50.93413026]]]}},{"type":"Feature","id":"gebouw/Gebouw.31697253/0","properties":{"source":"Digitaal Vlaanderen Gebouwenregister","source_id":"gebouw/Gebouw.31697253/0","kind":"building","building":"official","height_m":7.35,"status":null},"geometry":{"type":"Polygon","coordinates":[[[3.97099634,50.93439367],[3.97084202,50.93434708],[3.97088131,50.93429512],[3.97103563,50.93434171],[3.97099634,50.93439367]]]}},{"type":"Feature","id":"gebouw/Gebouw.31697254/0","properties":{"source":"Digitaal Vlaanderen Gebouwenregister","source_id":"gebouw/Gebouw.31697254/0","kind":"building","building":"official","height_m":8.1,"status":null},"geometry":{"type":"Polygon","coordinates":[[[3.97102622,50.93430711],[3.97101807,50.93430475],[3.97101375,50.93431073],[3.97100212,50.93430736],[3.97102811,50.93427138],[3.97100768,50.93426549],[3.9710195,50.93424913],[3.97090533,50.93421618],[3.97086674,50.93426909],[3.97102225,50.93431408],[3.97103761,50.93429278],[3.97103825,50.9342786],[3.97104037,50.93427533],[3.97103945,50.9342751],[3.97103726,50.93427847],[3.9710367,50.93429267],[3.97102622,50.93430711]]]}},{"type":"Feature","id":"gebouw/Gebouw.31844490/0","properties":{"source":"Digitaal Vlaanderen Gebouwenregister","source_id":"gebouw/Gebouw.31844490/0","kind":"building","building":"official","height_m":5.1,"status":null},"geometry":{"type":"Polygon","coordinates":[[[3.96992852,50.93903069],[3.96982253,50.9391236],[3.96989778,50.93915812],[3.97000426,50.93906542],[3.96992852,50.93903069]]]}},{"type":"Feature","id":"gebouw/Gebouw.31844545/0","properties":{"source":"Digitaal Vlaanderen Gebouwenregister","source_id":"gebouw/Gebouw.31844545/0","kind":"building","building":"official","height_m":5.85,"status":null},"geometry":{"type":"Polygon","coordinates":[[[3.96949359,50.93925008],[3.96945907,50.93922658],[3.96945845,50.93922694],[3.9694272,50.93924502],[3.96946254,50.93926907],[3.96949359,50.93925008]]]}},{"type":"Feature","id":"gebouw/Gebouw.31844565/0","properties":{"source":"Digitaal Vlaanderen Gebouwenregister","source_id":"gebouw/Gebouw.31844565/0","kind":"building","building":"official","height_m":7.35,"status":null},"geometry":{"type":"Polygon","coordinates":[[[3.96993882,50.93859744],[3.97001026,50.93862066],[3.97003296,50.93859277],[3.96996151,50.93856955],[3.96993882,50.93859744]]]}},{"type":"Feature","id":"gebouw/Gebouw.31844568/0","properties":{"source":"Digitaal Vlaanderen Gebouwenregister","source_id":"gebouw/Gebouw.31844568/0","kind":"building","building":"official","height_m":5.1,"status":null},"geometry":{"type":"Polygon","coordinates":[[[3.96819417,50.93869233],[3.96823657,50.93871214],[3.9682653,50.9386876],[3.9682229,50.93866779],[3.96819417,50.93869233]]]}},{"type":"Feature","id":"gebouw/Gebouw.31844581/0","properties":{"source":"Digitaal Vlaanderen Gebouwenregister","source_id":"gebouw/Gebouw.31844581/0","kind":"building","building":"official","height_m":5.85,"status":null},"geometry":{"type":"Polygon","coordinates":[[[3.96388487,50.93426725],[3.96384648,50.93425012],[3.96381982,50.93427398],[3.96385822,50.93429111],[3.96388487,50.93426725]]]}},{"type":"Feature","id":"gebouw/Gebouw.31844586/0","properties":{"source":"Digitaal Vlaanderen Gebouwenregister","source_id":"gebouw/Gebouw.31844586/0","kind":"building","building":"official","height_m":5.1,"status":null},"geometry":{"type":"Polygon","coordinates":[[[3.97360134,50.93964051],[3.97363173,50.93966233],[3.97369881,50.93962501],[3.97365544,50.93959388],[3.97359913,50.93962521],[3.97361211,50.93963452],[3.97360134,50.93964051]]]}},{"type":"Feature","id":"gebouw/Gebouw.31844608/0","properties":{"source":"Digitaal Vlaanderen Gebouwenregister","source_id":"gebouw/Gebouw.31844608/0","kind":"building","building":"official","height_m":8.1,"status":null},"geometry":{"type":"Polygon","coordinates":[[[3.96780661,50.93899115],[3.96787574,50.9390211],[3.96792138,50.93897906],[3.96785225,50.9389491],[3.96780661,50.93899115]]]}},{"type":"Feature","id":"gebouw/Gebouw.31844620/0","properties":{"source":"Digitaal Vlaanderen Gebouwenregister","source_id":"gebouw/Gebouw.31844620/0","kind":"building","building":"official","height_m":8.1,"status":null},"geometry":{"type":"Polygon","coordinates":[[[3.96587503,50.93520649],[3.96593637,50.93523382],[3.96596469,50.93520843],[3.96592461,50.93519058],[3.96591943,50.93519523],[3.96589817,50.93518576],[3.96587503,50.93520649]]]}},{"type":"Feature","id":"gebouw/Gebouw.31844656/0","properties":{"source":"Digitaal Vlaanderen Gebouwenregister","source_id":"gebouw/Gebouw.31844656/0","kind":"building","building":"official","height_m":8.1,"status":null},"geometry":{"type":"Polygon","coordinates":[[[3.9683621,50.93949018],[3.96833107,50.93950197],[3.96837122,50.93954413],[3.96839978,50.93953327],[3.9683821,50.9395147],[3.96838456,50.93951377],[3.9683621,50.93949018]]]}},{"type":"Feature","id":"gebouw/Gebouw.31844698/0","properties":{"source":"Digitaal Vlaanderen Gebouwenregister","source_id":"gebouw/Gebouw.31844698/0","kind":"building","building":"official","height_m":8.1,"status":null},"geometry":{"type":"Polygon","coordinates":[[[3.96966291,50.93934258],[3.96963048,50.93936404],[3.96966184,50.93938296],[3.96969427,50.9393615],[3.96966291,50.93934258]]]}},{"type":"Feature","id":"gebouw/Gebouw.31844708/0","properties":{"source":"Digitaal Vlaanderen Gebouwenregister","source_id":"gebouw/Gebouw.31844708/0","kind":"building","building":"official","height_m":6.6,"status":null},"geometry":{"type":"Polygon","coordinates":[[[3.97219431,50.93468346],[3.97214454,50.93463768],[3.97211359,50.93465112],[3.97216335,50.93469689],[3.97219431,50.93468346]]]}},{"type":"Feature","id":"gebouw/Gebouw.31844715/0","properties":{"source":"Digitaal Vlaanderen Gebouwenregister","source_id":"gebouw/Gebouw.31844715/0","kind":"building","building":"official","height_m":7.35,"status":null},"geometry":{"type":"Polygon","coordinates":[[[3.97147772,50.93569693],[3.97144279,50.9357401],[3.97149438,50.93575677],[3.97152931,50.93571359],[3.97147772,50.93569693]]]}},{"type":"Feature","id":"gebouw/Gebouw.31844720/0","properties":{"source":"Digitaal Vlaanderen Gebouwenregister","source_id":"gebouw/Gebouw.31844720/0","kind":"building","building":"official","height_m":6.6,"status":null},"geometry":{"type":"Polygon","coordinates":[[[3.96963907,50.93897821],[3.96970221,50.93900287],[3.9697362,50.93896813],[3.96967306,50.93894347],[3.96963907,50.93897821]]]}},{"type":"Feature","id":"gebouw/Gebouw.31844743/0","properties":{"source":"Digitaal Vlaanderen Gebouwenregister","source_id":"gebouw/Gebouw.31844743/0","kind":"building","building":"official","height_m":5.85,"status":null},"geometry":{"type":"Polygon","coordinates":[[[3.96866691,50.93720604],[3.96864667,50.93722767],[3.96871334,50.93725257],[3.96873358,50.93723094],[3.96866691,50.93720604]]]}},{"type":"Feature","id":"gebouw/Gebouw.31844801/0","properties":{"source":"Digitaal Vlaanderen Gebouwenregister","source_id":"gebouw/Gebouw.31844801/0","kind":"building","building":"official","height_m":8.85,"status":null},"geometry":{"type":"Polygon","coordinates":[[[3.97078656,50.93883561],[3.97077904,50.93884247],[3.97076271,50.93883733],[3.97072793,50.93886816],[3.97076902,50.93888543],[3.97081094,50.93884564],[3.97078656,50.93883561]]]}},{"type":"Feature","id":"gebouw/Gebouw.31844813/0","properties":{"source":"Digitaal Vlaanderen Gebouwenregister","source_id":"gebouw/Gebouw.31844813/0","kind":"building","building":"official","height_m":8.85,"status":null},"geometry":{"type":"Polygon","coordinates":[[[3.96950337,50.93867207],[3.96944393,50.93865005],[3.96942905,50.93864453],[3.96942252,50.938651],[3.96936755,50.93862886],[3.96937256,50.9386236],[3.96929416,50.93860073],[3.96928118,50.93859695],[3.96924304,50.93863651],[3.9693779,50.93869237],[3.96932719,50.93874263],[3.96940184,50.9387727],[3.96950337,50.93867207]]]}},{"type":"Feature","id":"gebouw/Gebouw.31844857/0","properties":{"source":"Digitaal Vlaanderen Gebouwenregister","source_id":"gebouw/Gebouw.31844857/0","kind":"building","building":"official","height_m":5.85,"status":null},"geometry":{"type":"Polygon","coordinates":[[[3.96476378,50.93393925],[3.9648059,50.9339644],[3.96484064,50.93394117],[3.96479853,50.93391602],[3.96476378,50.93393925]]]}},{"type":"Feature","id":"gebouw/Gebouw.31844867/0","properties":{"source":"Digitaal Vlaanderen Gebouwenregister","source_id":"gebouw/Gebouw.31844867/0","kind":"building","building":"official","height_m":8.85,"status":null},"geometry":{"type":"Polygon","coordinates":[[[3.97122631,50.93960793],[3.97118576,50.93962954],[3.97123239,50.93966447],[3.97127294,50.93964286],[3.97122631,50.93960793]]]}},{"type":"Feature","id":"gebouw/Gebouw.31844890/0","properties":{"source":"Digitaal Vlaanderen Gebouwenregister","source_id":"gebouw/Gebouw.31844890/0","kind":"building","building":"official","height_m":8.1,"status":null},"geometry":{"type":"Polygon","coordinates":[[[3.96857423,50.93825188],[3.96853672,50.93828329],[3.96857632,50.93830216],[3.96861382,50.93827076],[3.96857423,50.93825188]]]}},{"type":"Feature","id":"gebouw/Gebouw.31844937/0","properties":{"source":"Digitaal Vlaanderen Gebouwenregister","source_id":"gebouw/Gebouw.31844937/0","kind":"building","building":"official","height_m":7.35,"status":null},"geometry":{"type":"Polygon","coordinates":[[[3.96822194,50.93860197],[3.96832762,50.93865136],[3.96837245,50.93861307],[3.96826677,50.93856368],[3.96822194,50.93860197]]]}},{"type":"Feature","id":"gebouw/Gebouw.31844998/0","properties":{"source":"Digitaal Vlaanderen Gebouwenregister","source_id":"gebouw/Gebouw.31844998/0","kind":"building","building":"official","height_m":8.1,"status":null},"geometry":{"type":"Polygon","coordinates":[[[3.97112192,50.93568147],[3.97111938,50.93567935],[3.97102929,50.93572248],[3.97103403,50.93572643],[3.97108468,50.93576867],[3.97114216,50.93574116],[3.97117477,50.93572555],[3.97112192,50.93568147]]]}},{"type":"Feature","id":"gebouw/Gebouw.31845002/0","properties":{"source":"Digitaal Vlaanderen Gebouwenregister","source_id":"gebouw/Gebouw.31845002/0","kind":"building","building":"official","height_m":6.6,"status":null},"geometry":{"type":"Polygon","coordinates":[[[3.97160613,50.93875216],[3.97167507,50.93869119],[3.97162665,50.93866934],[3.97155771,50.93873031],[3.97160613,50.93875216]]]}},{"type":"Feature","id":"gebouw/Gebouw.31845007/0","properties":{"source":"Digitaal Vlaanderen Gebouwenregister","source_id":"gebouw/Gebouw.31845007/0","kind":"building","building":"official","height_m":5.85,"status":null},"geometry":{"type":"Polygon","coordinates":[[[3.96389214,50.934277],[3.96384925,50.93430511],[3.96387705,50.93432205],[3.96391994,50.93429394],[3.96389214,50.934277]]]}},{"type":"Feature","id":"gebouw/Gebouw.31845016/0","properties":{"source":"Digitaal Vlaanderen Gebouwenregister","source_id":"gebouw/Gebouw.31845016/0","kind":"building","building":"official","height_m":8.1,"status":null},"geometry":{"type":"Polygon","coordinates":[[[3.96853496,50.9383378],[3.96856418,50.93831539],[3.968524,50.93829446],[3.96849477,50.93831687],[3.96853496,50.9383378]]]}},{"type":"Feature","id":"gebouw/Gebouw.31845028/0","properties":{"source":"Digitaal Vlaanderen Gebouwenregister","source_id":"gebouw/Gebouw.31845028/0","kind":"building","building":"official","height_m":8.1,"status":null},"geometry":{"type":"Polygon","coordinates":[[[3.9639646,50.93633725],[3.9639041,50.93629933],[3.9638413,50.93633934],[3.9639018,50.93637726],[3.9639646,50.93633725]]]}},{"type":"Feature","id":"gebouw/Gebouw.31845046/0","properties":{"source":"Digitaal Vlaanderen Gebouwenregister","source_id":"gebouw/Gebouw.31845046/0","kind":"building","building":"official","height_m":8.1,"status":null},"geometry":{"type":"Polygon","coordinates":[[[3.97011468,50.93870875],[3.97006282,50.93868401],[3.97002433,50.93871621],[3.97007618,50.93874096],[3.97011468,50.93870875]]]}},{"type":"Feature","id":"gebouw/Gebouw.31845093/0","properties":{"source":"Digitaal Vlaanderen Gebouwenregister","source_id":"gebouw/Gebouw.31845093/0","kind":"building","building":"official","height_m":7.35,"status":null},"geometry":{"type":"Polygon","coordinates":[[[3.96965536,50.93872838],[3.96964536,50.93872468],[3.96961627,50.9387139],[3.96953979,50.93868556],[3.96953227,50.93868278],[3.96949614,50.93872107],[3.96961871,50.93876723],[3.96965536,50.93872838]]]}},{"type":"Feature","id":"gebouw/Gebouw.31845097/0","properties":{"source":"Digitaal Vlaanderen Gebouwenregister","source_id":"gebouw/Gebouw.31845097/0","kind":"building","building":"official","height_m":5.85,"status":null},"geometry":{"type":"Polygon","coordinates":[[[3.96952461,50.93886648],[3.96963638,50.93890962],[3.96965861,50.93888622],[3.96954632,50.93884363],[3.96952461,50.93886648]]]}},{"type":"Feature","id":"gebouw/Gebouw.31845106/0","properties":{"source":"Digitaal Vlaanderen Gebouwenregister","source_id":"gebouw/Gebouw.31845106/0","kind":"building","building":"official","height_m":8.1,"status":null},"geometry":{"type":"Polygon","coordinates":[[[3.97216427,50.93472074],[3.9721919,50.9347441],[3.97223979,50.93472149],[3.97221216,50.93469813],[3.97216427,50.93472074]]]}},{"type":"Feature","id":"gebouw/Gebouw.31845158/0","properties":{"source":"Digitaal Vlaanderen Gebouwenregister","source_id":"gebouw/Gebouw.31845158/0","kind":"building","building":"official","height_m":6.6,"status":null},"geometry":{"type":"Polygon","coordinates":[[[3.96843838,50.93815334],[3.96849087,50.93817927],[3.96850885,50.93816473],[3.96845636,50.93813881],[3.96843838,50.93815334]]]}},{"type":"Feature","id":"gebouw/Gebouw.31845256/0","properties":{"source":"Digitaal Vlaanderen Gebouwenregister","source_id":"gebouw/Gebouw.31845256/0","kind":"building","building":"official","height_m":8.1,"status":null},"geometry":{"type":"Polygon","coordinates":[[[3.9651021,50.93846341],[3.96506315,50.93848304],[3.96509353,50.9385071],[3.96513247,50.93848747],[3.9651021,50.93846341]]]}},{"type":"Feature","id":"gebouw/Gebouw.31845271/0","properties":{"source":"Digitaal Vlaanderen Gebouwenregister","source_id":"gebouw/Gebouw.31845271/0","kind":"building","building":"official","height_m":5.85,"status":null},"geometry":{"type":"Polygon","coordinates":[[[3.96845326,50.93811691],[3.96840478,50.93809537],[3.96840018,50.9380995],[3.96838188,50.93811595],[3.96843036,50.93813748],[3.96844777,50.93812184],[3.96845326,50.93811691]]]}},{"type":"Feature","id":"gebouw/Gebouw.31845272/0","properties":{"source":"Digitaal Vlaanderen Gebouwenregister","source_id":"gebouw/Gebouw.31845272/0","kind":"building","building":"official","height_m":6.6,"status":null},"geometry":{"type":"Polygon","coordinates":[[[3.96776689,50.93905639],[3.96769564,50.93902476],[3.96766129,50.93905565],[3.96773255,50.93908728],[3.96776689,50.93905639]]]}},{"type":"Feature","id":"gebouw/Gebouw.31845285/0","properties":{"source":"Digitaal Vlaanderen Gebouwenregister","source_id":"gebouw/Gebouw.31845285/0","kind":"building","building":"official","height_m":7.35,"status":null},"geometry":{"type":"Polygon","coordinates":[[[3.97022198,50.94043774],[3.97016133,50.94038887],[3.97011115,50.94041373],[3.97017179,50.94046261],[3.97022198,50.94043774]]]}},{"type":"Feature","id":"gebouw/Gebouw.31845421/0","properties":{"source":"Digitaal Vlaanderen Gebouwenregister","source_id":"gebouw/Gebouw.31845421/0","kind":"building","building":"official","height_m":5.85,"status":null},"geometry":{"type":"Polygon","coordinates":[[[3.96982929,50.93943504],[3.96978648,50.93941282],[3.96976249,50.93943127],[3.96980337,50.93945236],[3.96982929,50.93943504]]]}},{"type":"Feature","id":"gebouw/Gebouw.31845458/0","properties":{"source":"Digitaal Vlaanderen Gebouwenregister","source_id":"gebouw/Gebouw.31845458/0","kind":"building","building":"official","height_m":6.6,"status":null},"geometry":{"type":"Polygon","coordinates":[[[3.96937454,50.93942236],[3.96931209,50.9394621],[3.96934513,50.93948283],[3.96940758,50.93944309],[3.96937454,50.93942236]]]}},{"type":"Feature","id":"gebouw/Gebouw.31845483/0","properties":{"source":"Digitaal Vlaanderen Gebouwenregister","source_id":"gebouw/Gebouw.31845483/0","kind":"building","building":"official","height_m":7.35,"status":null},"geometry":{"type":"Polygon","coordinates":[[[3.96599779,50.93429455],[3.96588643,50.93420881],[3.96583355,50.93423623],[3.96582887,50.93423867],[3.96594023,50.93432441],[3.9659436,50.93432266],[3.96599779,50.93429455]]]}},{"type":"Feature","id":"gebouw/Gebouw.31845539/0","properties":{"source":"Digitaal Vlaanderen Gebouwenregister","source_id":"gebouw/Gebouw.31845539/0","kind":"building","building":"official","height_m":8.85,"status":null},"geometry":{"type":"Polygon","coordinates":[[[3.96934116,50.9392948],[3.96932014,50.93928037],[3.96925273,50.93931955],[3.96927361,50.93933388],[3.96934116,50.9392948]]]}},{"type":"Feature","id":"gebouw/Gebouw.32008173/0","properties":{"source":"Digitaal Vlaanderen Gebouwenregister","source_id":"gebouw/Gebouw.32008173/0","kind":"building","building":"official","height_m":7.35,"status":null},"geometry":{"type":"Polygon","coordinates":[[[3.97102225,50.93431408],[3.97086674,50.93426909],[3.97082814,50.93432199],[3.97094179,50.93435508],[3.9709537,50.93433875],[3.97097425,50.93434473],[3.97100044,50.93430881],[3.97101219,50.93431223],[3.97100784,50.93431819],[3.9710163,50.93432065],[3.97100572,50.9343351],[3.97098958,50.93434523],[3.97098689,50.93434811],[3.97098776,50.93434843],[3.97099037,50.93434562],[3.97100657,50.93433546],[3.97102225,50.93431408]]]}},{"type":"Feature","id":"gebouw/Gebouw.32008195/0","properties":{"source":"Digitaal Vlaanderen Gebouwenregister","source_id":"gebouw/Gebouw.32008195/0","kind":"building","building":"official","height_m":5.85,"status":null},"geometry":{"type":"Polygon","coordinates":[[[3.97103824,50.93414548],[3.97104016,50.93414687],[3.97106675,50.93413218],[3.97112574,50.93417445],[3.97122003,50.93412234],[3.97120111,50.93410867],[3.97121825,50.9340992],[3.9711747,50.93406774],[3.97118487,50.93406212],[3.97118927,50.93406529],[3.97119552,50.93406184],[3.97121712,50.93407761],[3.97122306,50.93409003],[3.97122757,50.93409324],[3.97122831,50.93409282],[3.97122395,50.93408972],[3.971218,50.9340773],[3.97119627,50.93406143],[3.9711913,50.93405783],[3.97116451,50.93407261],[3.97103824,50.93414548]]]}},{"type":"Feature","id":"gebouw/Gebouw.32032060/0","properties":{"source":"Digitaal Vlaanderen Gebouwenregister","source_id":"gebouw/Gebouw.32032060/0","kind":"building","building":"official","height_m":8.1,"status":null},"geometry":{"type":"Polygon","coordinates":[[[3.96920788,50.94042225],[3.96916836,50.9403843],[3.96908924,50.94041719],[3.96912876,50.94045514],[3.96920788,50.94042225]]]}},{"type":"Feature","id":"way/198188062","properties":{"source":"OpenStreetMap","source_id":"way/198188062","kind":"vegetation","landuse":"forest","natural":null,"name":null},"geometry":{"type":"Polygon","coordinates":[[[3.9634348,50.9392046],[3.9639107,50.9389808],[3.9640553,50.9390431],[3.9638754,50.9391292],[3.9639743,50.9392126],[3.9633257,50.9395067],[3.9632133,50.9393123],[3.9634348,50.9392046]]]}},{"type":"Feature","id":"way/198200692","properties":{"source":"OpenStreetMap","source_id":"way/198200692","kind":"vegetation","landuse":"forest","natural":null,"name":null},"geometry":{"type":"Polygon","coordinates":[[[3.9666252,50.9359954],[3.9654103,50.9369384],[3.9657052,50.9371572],[3.9660471,50.9369282],[3.9663833,50.9371022],[3.9674431,50.9362842],[3.967564,50.9361154],[3.9672709,50.9359897],[3.9670528,50.936153],[3.9666252,50.9359954]]]}},{"type":"Feature","id":"way/198200763","properties":{"source":"OpenStreetMap","source_id":"way/198200763","kind":"vegetation","landuse":"forest","natural":null,"name":null},"geometry":{"type":"Polygon","coordinates":[[[3.9639349,50.934265],[3.9637473,50.9344101],[3.9639272,50.9344981],[3.9641044,50.9343493],[3.9639349,50.934265]]]}},{"type":"Feature","id":"way/457967941","properties":{"source":"OpenStreetMap","source_id":"way/457967941","kind":"waterway","waterway":"stream","name":"Ter Erpenbeek"},"geometry":{"type":"LineString","coordinates":[[3.97364,50.9342798],[3.9737071,50.9344729]]}},{"type":"Feature","id":"way/457967942","properties":{"source":"OpenStreetMap","source_id":"way/457967942","kind":"waterway","waterway":"stream","name":"Ter Erpenbeek"},"geometry":{"type":"LineString","coordinates":[[3.9737071,50.9344729],[3.9737583,50.9345261],[3.9737653,50.9346423],[3.9737701,50.9346985],[3.9737194,50.9347585]]}},{"type":"Feature","id":"way/457967943","properties":{"source":"OpenStreetMap","source_id":"way/457967943","kind":"waterway","waterway":"stream","name":null},"geometry":{"type":"LineString","coordinates":[[3.9652332,50.9339864],[3.9660087,50.9339632],[3.966059,50.9339515],[3.9718039,50.9336636]]}},{"type":"Feature","id":"way/457967950","properties":{"source":"OpenStreetMap","source_id":"way/457967950","kind":"waterway","waterway":"stream","name":"Ter Erpenbeek"},"geometry":{"type":"LineString","coordinates":[[3.9735504,50.9349417],[3.9734834,50.934987]]}},{"type":"Feature","id":"way/457967951","properties":{"source":"OpenStreetMap","source_id":"way/457967951","kind":"waterway","waterway":"stream","name":"Ter Erpenbeek"},"geometry":{"type":"LineString","coordinates":[[3.9737194,50.9347585],[3.9737033,50.934774],[3.9735504,50.9349417]]}},{"type":"Feature","id":"way/457967952","properties":{"source":"OpenStreetMap","source_id":"way/457967952","kind":"waterway","waterway":"stream","name":null},"geometry":{"type":"LineString","coordinates":[[3.9638435,50.9339816],[3.9640161,50.934028],[3.9641556,50.9340614],[3.9642962,50.9340648],[3.964548,50.9340485],[3.9650584,50.9340072],[3.9652332,50.9339864]]}},{"type":"Feature","id":"way/457967954","properties":{"source":"OpenStreetMap","source_id":"way/457967954","kind":"waterway","waterway":"stream","name":null},"geometry":{"type":"LineString","coordinates":[[3.9718039,50.9336636],[3.9727759,50.9340525],[3.9732715,50.9342393],[3.9731793,50.9344617],[3.9737033,50.934774]]}},{"type":"Feature","id":"way/457968284","properties":{"source":"OpenStreetMap","source_id":"way/457968284","kind":"waterway","waterway":"stream","name":null},"geometry":{"type":"LineString","coordinates":[[3.9735652,50.9340989],[3.9735023,50.9341227],[3.9735896,50.934482],[3.9737653,50.9346423]]}},{"type":"Feature","id":"way/756034222","properties":{"source":"OpenStreetMap","source_id":"way/756034222","kind":"vegetation","landuse":"forest","natural":null,"name":null},"geometry":{"type":"Polygon","coordinates":[[[3.9698974,50.9354987],[3.9702053,50.9358939],[3.9706715,50.9361601],[3.9707007,50.9361773],[3.9714889,50.9356526],[3.971394,50.9355667],[3.9711432,50.9353435],[3.9709501,50.9351289],[3.9707437,50.9349149],[3.9698974,50.9354987]]]}},{"type":"Feature","id":"way/756075124","properties":{"source":"OpenStreetMap","source_id":"way/756075124","kind":"water","name":null},"geometry":{"type":"Polygon","coordinates":[[[3.9662918,50.93603],[3.9662948,50.9360347],[3.9663421,50.9360598],[3.9663669,50.9360632],[3.9665151,50.9360256],[3.9665275,50.9360089],[3.9665275,50.9359954],[3.9665167,50.9359789],[3.9664872,50.935963],[3.9664732,50.9359618],[3.9662918,50.93603]]]}}]}