{"type":"FeatureCollection","features":[{"type":"Feature","id":"gebouw/Gebouw.16461835/0","properties":{"source":"Digitaal Vlaanderen Gebouwenregister","source_id":"gebouw/Gebouw.16461835/0","kind":"building","height_m":8.6,"status":null},"geometry":{"type":"Polygon","coordinates":[[[4.06733855,50.93462919],[4.06731524,50.93466749],[4.06726064,50.93465422],[4.06728395,50.93461592],[4.06733855,50.93462919]]]}},{"type":"Feature","id":"gebouw/Gebouw.16461874/0","properties":{"source":"Digitaal Vlaanderen Gebouwenregister","source_id":"gebouw/Gebouw.16461874/0","kind":"building","height_m":6.44,"status":null},"geometry":{"type":"Polygon","coordinates":[[[4.06801972,50.93513339],[4.0680915,50.9351491],[4.06805992,50.93520403],[4.06811903,50.93521756],[4.06808068,50.93528787],[4.06791856,50.93524947],[4.06795304,50.93518606],[4.06795533,50.93518185],[4.06794017,50.93517889],[4.0679469,50.93516687],[4.0679447,50.93516614],[4.06793047,50.93516134],[4.06794601,50.93513257],[4.06795344,50.93511888],[4.06798814,50.93505498],[4.06799332,50.93505611],[4.06800689,50.93503137],[4.06806485,50.93504406],[4.06801972,50.93513339]]]}},{"type":"Feature","id":"gebouw/Gebouw.16461883/0","properties":{"source":"Digitaal Vlaanderen Gebouwenregister","source_id":"gebouw/Gebouw.16461883/0","kind":"building","height_m":7.88,"status":null},"geometry":{"type":"Polygon","coordinates":[[[4.0639512,50.93507828],[4.06391766,50.93505818],[4.06398528,50.93501394],[4.06401724,50.93503424],[4.0639512,50.93507828]]]}},{"type":"Feature","id":"gebouw/Gebouw.16461899/0","properties":{"source":"Digitaal Vlaanderen Gebouwenregister","source_id":"gebouw/Gebouw.16461899/0","kind":"building","height_m":9.32,"status":null},"geometry":{"type":"Polygon","coordinates":[[[4.06216783,50.92914809],[4.06211747,50.92916748],[4.06205208,50.92909968],[4.06211017,50.92907731],[4.06216006,50.92912904],[4.06219396,50.92911598],[4.06222885,50.92915215],[4.06229649,50.92912609],[4.06238772,50.92922069],[4.06227845,50.92926278],[4.06216783,50.92914809]]]}},{"type":"Feature","id":"gebouw/Gebouw.16461997/0","properties":{"source":"Digitaal Vlaanderen Gebouwenregister","source_id":"gebouw/Gebouw.16461997/0","kind":"building","height_m":9.32,"status":null},"geometry":{"type":"Polygon","coordinates":[[[4.06564613,50.93491586],[4.06560633,50.93501124],[4.06559835,50.93501014],[4.06558208,50.93505096],[4.0654058,50.9350229],[4.06542899,50.93496474],[4.06537674,50.93495642],[4.06540864,50.93492183],[4.06553124,50.93494155],[4.0655481,50.93490025],[4.06564613,50.93491586]]]}},{"type":"Feature","id":"gebouw/Gebouw.16462230/0","properties":{"source":"Digitaal Vlaanderen Gebouwenregister","source_id":"gebouw/Gebouw.16462230/0","kind":"building","height_m":5.72,"status":null},"geometry":{"type":"Polygon","coordinates":[[[4.06841489,50.92958105],[4.06839091,50.92960376],[4.06832264,50.92957388],[4.06845853,50.92944516],[4.06853022,50.9294718],[4.06843182,50.92956501],[4.06841489,50.92958105]]]}},{"type":"Feature","id":"gebouw/Gebouw.16462235/0","properties":{"source":"Digitaal Vlaanderen Gebouwenregister","source_id":"gebouw/Gebouw.16462235/0","kind":"building","height_m":9.32,"status":null},"geometry":{"type":"Polygon","coordinates":[[[4.06594635,50.92868596],[4.06592019,50.92867553],[4.06587472,50.92872107],[4.06584003,50.92870724],[4.06586094,50.92868625],[4.06601118,50.92853551],[4.06607401,50.92855896],[4.06594635,50.92868596]]]}},{"type":"Feature","id":"gebouw/Gebouw.16462251/0","properties":{"source":"Digitaal Vlaanderen Gebouwenregister","source_id":"gebouw/Gebouw.16462251/0","kind":"building","height_m":5.72,"status":null},"geometry":{"type":"Polygon","coordinates":[[[4.0682961,50.93404715],[4.06843366,50.93409867],[4.06839798,50.93413672],[4.06839179,50.9341344],[4.06831859,50.93421245],[4.06818722,50.93416325],[4.0682961,50.93404715]]]}},{"type":"Feature","id":"gebouw/Gebouw.16462258/0","properties":{"source":"Digitaal Vlaanderen Gebouwenregister","source_id":"gebouw/Gebouw.16462258/0","kind":"building","height_m":5.72,"status":null},"geometry":{"type":"Polygon","coordinates":[[[4.06590436,50.9290085],[4.06580622,50.92909602],[4.06573725,50.92906513],[4.0658354,50.92897761],[4.06590436,50.9290085]]]}},{"type":"Feature","id":"gebouw/Gebouw.16462268/0","properties":{"source":"Digitaal Vlaanderen Gebouwenregister","source_id":"gebouw/Gebouw.16462268/0","kind":"building","height_m":7.88,"status":null},"geometry":{"type":"Polygon","coordinates":[[[4.06290893,50.9345892],[4.06292387,50.93459901],[4.06292113,50.93460068],[4.06290738,50.93459163],[4.06289297,50.93459998],[4.06290678,50.93460916],[4.06288991,50.93461967],[4.06287529,50.9346098],[4.06276226,50.93453346],[4.06277279,50.93452707],[4.0627318,50.93449999],[4.06275918,50.93448345],[4.0628006,50.93451082],[4.06283794,50.93448825],[4.06295079,50.93456353],[4.06290893,50.9345892]]]}},{"type":"Feature","id":"gebouw/Gebouw.16462660/0","properties":{"source":"Digitaal Vlaanderen Gebouwenregister","source_id":"gebouw/Gebouw.16462660/0","kind":"building","height_m":7.88,"status":null},"geometry":{"type":"Polygon","coordinates":[[[4.06828791,50.93389488],[4.06823906,50.93386497],[4.06834149,50.93379817],[4.06844313,50.93386073],[4.06841814,50.93387751],[4.06846223,50.93390404],[4.0683858,50.93395434],[4.06831526,50.93391154],[4.06831927,50.9339088],[4.06829228,50.93389252],[4.06828791,50.93389488]]]}},{"type":"Feature","id":"gebouw/Gebouw.16471225/0","properties":{"source":"Digitaal Vlaanderen Gebouwenregister","source_id":"gebouw/Gebouw.16471225/0","kind":"building","height_m":5.72,"status":null},"geometry":{"type":"Polygon","coordinates":[[[4.06889293,50.92933541],[4.0688271,50.92940687],[4.06870297,50.92936049],[4.0687285,50.92933303],[4.06887159,50.92918288],[4.06899199,50.92922789],[4.06891805,50.92930814],[4.06883044,50.92927539],[4.06879003,50.92931857],[4.06885684,50.92934353],[4.06887182,50.92932752],[4.06889293,50.92933541]]]}},{"type":"Feature","id":"gebouw/Gebouw.16471303/0","properties":{"source":"Digitaal Vlaanderen Gebouwenregister","source_id":"gebouw/Gebouw.16471303/0","kind":"building","height_m":6.44,"status":null},"geometry":{"type":"Polygon","coordinates":[[[4.06754745,50.92880666],[4.0674148,50.928954],[4.06736207,50.92893417],[4.06749513,50.92878768],[4.06754745,50.92880666]]]}},{"type":"Feature","id":"gebouw/Gebouw.16471414/0","properties":{"source":"Digitaal Vlaanderen Gebouwenregister","source_id":"gebouw/Gebouw.16471414/0","kind":"building","height_m":5.72,"status":null},"geometry":{"type":"Polygon","coordinates":[[[4.06288701,50.9351953],[4.06284414,50.93517438],[4.06279247,50.93521683],[4.06283579,50.93523788],[4.06288701,50.9351953]]]}},{"type":"Feature","id":"gebouw/Gebouw.16471435/0","properties":{"source":"Digitaal Vlaanderen Gebouwenregister","source_id":"gebouw/Gebouw.16471435/0","kind":"building","height_m":5.72,"status":null},"geometry":{"type":"Polygon","coordinates":[[[4.05988254,50.9307397],[4.06016584,50.93057547],[4.06031,50.93067478],[4.0600287,50.93083786],[4.05988254,50.9307397]]]}},{"type":"Feature","id":"gebouw/Gebouw.16471502/0","properties":{"source":"Digitaal Vlaanderen Gebouwenregister","source_id":"gebouw/Gebouw.16471502/0","kind":"building","height_m":8.6,"status":null},"geometry":{"type":"Polygon","coordinates":[[[4.06764935,50.92885059],[4.06752063,50.92899313],[4.06746763,50.92897358],[4.06759574,50.92883113],[4.06764935,50.92885059]]]}},{"type":"Feature","id":"gebouw/Gebouw.16471540/0","properties":{"source":"Digitaal Vlaanderen Gebouwenregister","source_id":"gebouw/Gebouw.16471540/0","kind":"building","height_m":5.72,"status":null},"geometry":{"type":"Polygon","coordinates":[[[4.06903193,50.92972473],[4.06904219,50.92971394],[4.0692328,50.92978567],[4.06919683,50.92982384],[4.06922334,50.92983382],[4.0692188,50.92983859],[4.06914374,50.92991758],[4.06915575,50.92992214],[4.06908861,50.92999279],[4.06898339,50.92995286],[4.06908562,50.92984529],[4.06903057,50.92982439],[4.06901939,50.92983616],[4.06895078,50.92981013],[4.06900043,50.92975788],[4.06903193,50.92972473]]]}},{"type":"Feature","id":"gebouw/Gebouw.16471557/0","properties":{"source":"Digitaal Vlaanderen Gebouwenregister","source_id":"gebouw/Gebouw.16471557/0","kind":"building","height_m":7.88,"status":null},"geometry":{"type":"Polygon","coordinates":[[[4.06770146,50.92886351],[4.06757156,50.92901282],[4.06752063,50.92899313],[4.06764935,50.92885059],[4.06766348,50.92883295],[4.06767904,50.92881354],[4.06769264,50.9288175],[4.06767823,50.92883701],[4.06771405,50.9288476],[4.06770146,50.92886351]]]}},{"type":"Feature","id":"gebouw/Gebouw.16471558/0","properties":{"source":"Digitaal Vlaanderen Gebouwenregister","source_id":"gebouw/Gebouw.16471558/0","kind":"building","height_m":8.6,"status":null},"geometry":{"type":"Polygon","coordinates":[[[4.06582659,50.92863648],[4.06576012,50.92870318],[4.06564918,50.92864593],[4.06569839,50.92859656],[4.06582812,50.92846639],[4.06595092,50.92851172],[4.06582659,50.92863648]]]}},{"type":"Feature","id":"gebouw/Gebouw.16471712/0","properties":{"source":"Digitaal Vlaanderen Gebouwenregister","source_id":"gebouw/Gebouw.16471712/0","kind":"building","height_m":8.6,"status":null},"geometry":{"type":"Polygon","coordinates":[[[4.06522504,50.93507784],[4.06520503,50.93510694],[4.06513284,50.93508712],[4.06515285,50.93505802],[4.06522504,50.93507784]]]}},{"type":"Feature","id":"gebouw/Gebouw.16471749/0","properties":{"source":"Digitaal Vlaanderen Gebouwenregister","source_id":"gebouw/Gebouw.16471749/0","kind":"building","height_m":5.0,"status":null},"geometry":{"type":"Polygon","coordinates":[[[4.06440089,50.92993262],[4.06431698,50.929981],[4.06428499,50.92995889],[4.06440857,50.92988928],[4.06444063,50.92991117],[4.06440089,50.92993262]]]}},{"type":"Feature","id":"gebouw/Gebouw.16472034/0","properties":{"source":"Digitaal Vlaanderen Gebouwenregister","source_id":"gebouw/Gebouw.16472034/0","kind":"building","height_m":8.6,"status":null},"geometry":{"type":"Polygon","coordinates":[[[4.06247302,50.93242728],[4.06251653,50.93246692],[4.06240221,50.9325172],[4.0623587,50.93247756],[4.06247302,50.93242728]]]}},{"type":"Feature","id":"gebouw/Gebouw.16472068/0","properties":{"source":"Digitaal Vlaanderen Gebouwenregister","source_id":"gebouw/Gebouw.16472068/0","kind":"building","height_m":7.88,"status":null},"geometry":{"type":"Polygon","coordinates":[[[4.06495644,50.93425289],[4.06490431,50.93425264],[4.0649067,50.93421972],[4.06495863,50.93422],[4.06495644,50.93425289]]]}},{"type":"Feature","id":"gebouw/Gebouw.16472176/0","properties":{"source":"Digitaal Vlaanderen Gebouwenregister","source_id":"gebouw/Gebouw.16472176/0","kind":"building","height_m":5.0,"status":null},"geometry":{"type":"Polygon","coordinates":[[[4.06215466,50.93237118],[4.06200504,50.93246534],[4.06198228,50.93245036],[4.06185063,50.93236373],[4.06204301,50.93224265],[4.06219704,50.93234451],[4.06215466,50.93237118]]]}},{"type":"Feature","id":"gebouw/Gebouw.16473755/0","properties":{"source":"Digitaal Vlaanderen Gebouwenregister","source_id":"gebouw/Gebouw.16473755/0","kind":"building","height_m":7.88,"status":null},"geometry":{"type":"Polygon","coordinates":[[[4.06766597,50.93477757],[4.06767761,50.93475775],[4.06770924,50.93476511],[4.06769909,50.93478416],[4.06770774,50.93478624],[4.06769082,50.93481694],[4.06763093,50.93480512],[4.06764644,50.93477325],[4.06766597,50.93477757]]]}},{"type":"Feature","id":"gebouw/Gebouw.16473925/0","properties":{"source":"Digitaal Vlaanderen Gebouwenregister","source_id":"gebouw/Gebouw.16473925/0","kind":"building","height_m":9.32,"status":null},"geometry":{"type":"Polygon","coordinates":[[[4.06094517,50.92986923],[4.06082243,50.92974496],[4.06079002,50.92971214],[4.06076187,50.92972269],[4.06078879,50.92975138],[4.06080006,50.92974716],[4.06080447,50.92975186],[4.06081282,50.92976076],[4.06079742,50.92976653],[4.06080759,50.92977737],[4.06075523,50.92979699],[4.06085743,50.92990301],[4.06094517,50.92986923]]]}},{"type":"Feature","id":"gebouw/Gebouw.16473949/0","properties":{"source":"Digitaal Vlaanderen Gebouwenregister","source_id":"gebouw/Gebouw.16473949/0","kind":"building","height_m":6.44,"status":null},"geometry":{"type":"Polygon","coordinates":[[[4.06652409,50.93469621],[4.0664964,50.9347223],[4.06637398,50.93467041],[4.06645272,50.9345951],[4.06656048,50.93464121],[4.06652324,50.93467596],[4.06653086,50.93467901],[4.06651588,50.93469254],[4.06652409,50.93469621]]]}},{"type":"Feature","id":"gebouw/Gebouw.16473955/0","properties":{"source":"Digitaal Vlaanderen Gebouwenregister","source_id":"gebouw/Gebouw.16473955/0","kind":"building","height_m":5.72,"status":null},"geometry":{"type":"Polygon","coordinates":[[[4.06494131,50.93507213],[4.06489671,50.93518655],[4.06489087,50.93518565],[4.06483315,50.93517673],[4.06487864,50.93506258],[4.06494131,50.93507213]]]}},{"type":"Feature","id":"gebouw/Gebouw.16474132/0","properties":{"source":"Digitaal Vlaanderen Gebouwenregister","source_id":"gebouw/Gebouw.16474132/0","kind":"building","height_m":7.16,"status":null},"geometry":{"type":"Polygon","coordinates":[[[4.06129485,50.93238604],[4.06132128,50.93237121],[4.06133999,50.93236071],[4.06129708,50.93232985],[4.06126232,50.93234915],[4.06107486,50.93245433],[4.0611205,50.93248386],[4.06129485,50.93238604]]]}},{"type":"Feature","id":"gebouw/Gebouw.16474138/0","properties":{"source":"Digitaal Vlaanderen Gebouwenregister","source_id":"gebouw/Gebouw.16474138/0","kind":"building","height_m":6.44,"status":null},"geometry":{"type":"Polygon","coordinates":[[[4.06215466,50.93237118],[4.06217772,50.93238592],[4.06201357,50.93249254],[4.06198571,50.93247751],[4.06200504,50.93246534],[4.06215466,50.93237118]]]}},{"type":"Feature","id":"gebouw/Gebouw.16474295/0","properties":{"source":"Digitaal Vlaanderen Gebouwenregister","source_id":"gebouw/Gebouw.16474295/0","kind":"building","height_m":8.6,"status":null},"geometry":{"type":"Polygon","coordinates":[[[4.06889886,50.9345118],[4.06887059,50.93458056],[4.06882157,50.93457197],[4.06884963,50.93450372],[4.06889886,50.9345118]]]}},{"type":"Feature","id":"gebouw/Gebouw.16474454/0","properties":{"source":"Digitaal Vlaanderen Gebouwenregister","source_id":"gebouw/Gebouw.16474454/0","kind":"building","height_m":7.16,"status":null},"geometry":{"type":"Polygon","coordinates":[[[4.06736754,50.92856898],[4.06739934,50.92858076],[4.06737979,50.92860212],[4.06736175,50.92859551],[4.0673291,50.92858356],[4.06734932,50.92856223],[4.06736754,50.92856898]]]}},{"type":"Feature","id":"gebouw/Gebouw.16474457/0","properties":{"source":"Digitaal Vlaanderen Gebouwenregister","source_id":"gebouw/Gebouw.16474457/0","kind":"building","height_m":9.32,"status":null},"geometry":{"type":"Polygon","coordinates":[[[4.06797441,50.93329031],[4.06791442,50.93335721],[4.06780398,50.93331094],[4.06780624,50.93330845],[4.06778628,50.93329942],[4.06784164,50.93325068],[4.06793582,50.93328967],[4.06794487,50.93327907],[4.06797441,50.93329031]]]}},{"type":"Feature","id":"gebouw/Gebouw.16474616/0","properties":{"source":"Digitaal Vlaanderen Gebouwenregister","source_id":"gebouw/Gebouw.16474616/0","kind":"building","height_m":7.88,"status":null},"geometry":{"type":"Polygon","coordinates":[[[4.06127809,50.93332953],[4.06122711,50.93334908],[4.06118674,50.93331537],[4.06123766,50.93329179],[4.06127809,50.93332953]]]}},{"type":"Feature","id":"gebouw/Gebouw.16481641/0","properties":{"source":"Digitaal Vlaanderen Gebouwenregister","source_id":"gebouw/Gebouw.16481641/0","kind":"building","height_m":5.72,"status":null},"geometry":{"type":"Polygon","coordinates":[[[4.06701106,50.92916612],[4.06705268,50.92918166],[4.06702998,50.92920603],[4.06698934,50.92919067],[4.06701106,50.92916612]]]}},{"type":"Feature","id":"gebouw/Gebouw.16481651/0","properties":{"source":"Digitaal Vlaanderen Gebouwenregister","source_id":"gebouw/Gebouw.16481651/0","kind":"building","height_m":7.88,"status":null},"geometry":{"type":"Polygon","coordinates":[[[4.06952499,50.93042097],[4.06951846,50.93042801],[4.06945009,50.93040236],[4.06943212,50.93042155],[4.06942655,50.93041946],[4.06916188,50.93032008],[4.06905699,50.93028069],[4.06910721,50.93022626],[4.06933272,50.93030981],[4.06934626,50.93029512],[4.06949165,50.9303498],[4.06949677,50.93035173],[4.06953283,50.93031081],[4.06960487,50.93033431],[4.06955964,50.93038335],[4.06952499,50.93042097]]]}},{"type":"Feature","id":"gebouw/Gebouw.16481717/0","properties":{"source":"Digitaal Vlaanderen Gebouwenregister","source_id":"gebouw/Gebouw.16481717/0","kind":"building","height_m":5.0,"status":null},"geometry":{"type":"Polygon","coordinates":[[[4.06621357,50.9287542],[4.06619046,50.92874519],[4.06617279,50.92876329],[4.06613208,50.9287474],[4.06625561,50.92862686],[4.06631816,50.9286503],[4.06621357,50.9287542]]]}},{"type":"Feature","id":"gebouw/Gebouw.16481767/0","properties":{"source":"Digitaal Vlaanderen Gebouwenregister","source_id":"gebouw/Gebouw.16481767/0","kind":"building","height_m":5.72,"status":null},"geometry":{"type":"Polygon","coordinates":[[[4.06950232,50.93012079],[4.06953588,50.93008488],[4.06954456,50.9300756],[4.06956014,50.93005893],[4.06950143,50.93003381],[4.06958383,50.92994113],[4.06958235,50.92994062],[4.06958394,50.92993875],[4.06957764,50.92993661],[4.06957606,50.92993824],[4.06948197,50.92990394],[4.06948326,50.92990237],[4.06947708,50.92989995],[4.06947539,50.92990168],[4.06947273,50.92990065],[4.06938885,50.92999338],[4.06932087,50.92997039],[4.06926332,50.93003315],[4.06929284,50.93004528],[4.06927169,50.93006925],[4.06928263,50.93009944],[4.06940691,50.93014413],[4.06945437,50.93013745],[4.0694783,50.93011183],[4.06950232,50.93012079]]]}},{"type":"Feature","id":"gebouw/Gebouw.16481815/0","properties":{"source":"Digitaal Vlaanderen Gebouwenregister","source_id":"gebouw/Gebouw.16481815/0","kind":"building","height_m":5.0,"status":null},"geometry":{"type":"Polygon","coordinates":[[[4.06643328,50.92888554],[4.06641251,50.92890613],[4.06638328,50.92889477],[4.06638809,50.92888984],[4.06634453,50.92887288],[4.06645651,50.9287646],[4.06652831,50.92879136],[4.0665037,50.92881575],[4.06643328,50.92888554]]]}},{"type":"Feature","id":"gebouw/Gebouw.16481845/0","properties":{"source":"Digitaal Vlaanderen Gebouwenregister","source_id":"gebouw/Gebouw.16481845/0","kind":"building","height_m":6.44,"status":null},"geometry":{"type":"Polygon","coordinates":[[[4.06800211,50.93494536],[4.06797665,50.9349966],[4.06793423,50.93498826],[4.06795919,50.93493788],[4.06800211,50.93494536]]]}},{"type":"Feature","id":"gebouw/Gebouw.16481872/0","properties":{"source":"Digitaal Vlaanderen Gebouwenregister","source_id":"gebouw/Gebouw.16481872/0","kind":"building","height_m":5.72,"status":null},"geometry":{"type":"Polygon","coordinates":[[[4.0636088,50.93173237],[4.06375451,50.93166138],[4.06384156,50.93173271],[4.06369585,50.93180369],[4.06366414,50.93177771],[4.0636029,50.93180757],[4.06355297,50.93176666],[4.06361421,50.93173681],[4.0636088,50.93173237]]]}},{"type":"Feature","id":"gebouw/Gebouw.16481878/0","properties":{"source":"Digitaal Vlaanderen Gebouwenregister","source_id":"gebouw/Gebouw.16481878/0","kind":"building","height_m":5.0,"status":null},"geometry":{"type":"Polygon","coordinates":[[[4.06688207,50.92859595],[4.06677356,50.92871569],[4.06671812,50.92869533],[4.06678059,50.92862867],[4.06677258,50.92862547],[4.06681094,50.92857626],[4.06685938,50.92859114],[4.06687204,50.92857469],[4.06689496,50.92858173],[4.06688207,50.92859595]]]}},{"type":"Feature","id":"gebouw/Gebouw.16481894/0","properties":{"source":"Digitaal Vlaanderen Gebouwenregister","source_id":"gebouw/Gebouw.16481894/0","kind":"building","height_m":6.44,"status":null},"geometry":{"type":"Polygon","coordinates":[[[4.06191614,50.9325357],[4.06181262,50.93259748],[4.0618429,50.93261793],[4.06193963,50.93268325],[4.06205851,50.93261148],[4.06196056,50.9325481],[4.06192907,50.93252772],[4.06191614,50.9325357]]]}},{"type":"Feature","id":"gebouw/Gebouw.16481896/0","properties":{"source":"Digitaal Vlaanderen Gebouwenregister","source_id":"gebouw/Gebouw.16481896/0","kind":"building","height_m":7.88,"status":null},"geometry":{"type":"Polygon","coordinates":[[[4.0686756,50.92851857],[4.0686529,50.92854306],[4.06865173,50.92854259],[4.06864261,50.928552],[4.06864409,50.92855255],[4.0686331,50.9285644],[4.06863184,50.92856389],[4.06862369,50.92857252],[4.0686251,50.92857304],[4.068614,50.92858501],[4.06861261,50.92858453],[4.06859813,50.9285999],[4.06845452,50.92854587],[4.06848807,50.92851025],[4.0684713,50.92850395],[4.06851324,50.92845945],[4.0686756,50.92851857]]]}},{"type":"Feature","id":"gebouw/Gebouw.16481910/0","properties":{"source":"Digitaal Vlaanderen Gebouwenregister","source_id":"gebouw/Gebouw.16481910/0","kind":"building","height_m":7.88,"status":null},"geometry":{"type":"Polygon","coordinates":[[[4.06242758,50.92974392],[4.06248866,50.92980811],[4.06236534,50.92985496],[4.06224921,50.92973374],[4.06236156,50.92969076],[4.06237151,50.92968695],[4.06242758,50.92974392]]]}},{"type":"Feature","id":"gebouw/Gebouw.16481987/0","properties":{"source":"Digitaal Vlaanderen Gebouwenregister","source_id":"gebouw/Gebouw.16481987/0","kind":"building","height_m":7.88,"status":null},"geometry":{"type":"Polygon","coordinates":[[[4.06306514,50.92990823],[4.06317748,50.92999276],[4.06255565,50.9303228],[4.06232689,50.93015066],[4.06244867,50.93008602],[4.06243957,50.93007918],[4.06248959,50.93005263],[4.062499,50.93005971],[4.06268985,50.92995842],[4.06280597,50.93004579],[4.06306514,50.92990823]]]}},{"type":"Feature","id":"gebouw/Gebouw.16482020/0","properties":{"source":"Digitaal Vlaanderen Gebouwenregister","source_id":"gebouw/Gebouw.16482020/0","kind":"building","height_m":6.44,"status":null},"geometry":{"type":"Polygon","coordinates":[[[4.06119704,50.92977043],[4.06111192,50.92980306],[4.06104299,50.92973126],[4.06101812,50.92974078],[4.06097533,50.92969746],[4.06092581,50.92964732],[4.06097165,50.92963017],[4.06103864,50.92970158],[4.0611042,50.92967587],[4.06119704,50.92977043]]]}},{"type":"Feature","id":"gebouw/Gebouw.16482049/0","properties":{"source":"Digitaal Vlaanderen Gebouwenregister","source_id":"gebouw/Gebouw.16482049/0","kind":"building","height_m":7.16,"status":null},"geometry":{"type":"Polygon","coordinates":[[[4.06625424,50.93458924],[4.06625838,50.93458491],[4.06630608,50.93460523],[4.06626125,50.93464842],[4.06625577,50.93464597],[4.06624418,50.93465714],[4.06618221,50.93463145],[4.06619802,50.93461623],[4.0662037,50.93461858],[4.06624037,50.93458365],[4.06625424,50.93458924]]]}},{"type":"Feature","id":"gebouw/Gebouw.16482053/0","properties":{"source":"Digitaal Vlaanderen Gebouwenregister","source_id":"gebouw/Gebouw.16482053/0","kind":"building","height_m":5.0,"status":null},"geometry":{"type":"Polygon","coordinates":[[[4.06831347,50.93504386],[4.068283,50.93510227],[4.06826224,50.93509809],[4.06824062,50.93514261],[4.0681907,50.93513219],[4.06824177,50.93503003],[4.06831347,50.93504386]]]}},{"type":"Feature","id":"gebouw/Gebouw.16482099/0","properties":{"source":"Digitaal Vlaanderen Gebouwenregister","source_id":"gebouw/Gebouw.16482099/0","kind":"building","height_m":7.88,"status":null},"geometry":{"type":"Polygon","coordinates":[[[4.06203199,50.93339253],[4.0619897,50.93341781],[4.06195234,50.93339286],[4.06199463,50.93336758],[4.06203199,50.93339253]]]}},{"type":"Feature","id":"gebouw/Gebouw.16482145/0","properties":{"source":"Digitaal Vlaanderen Gebouwenregister","source_id":"gebouw/Gebouw.16482145/0","kind":"building","height_m":5.72,"status":null},"geometry":{"type":"Polygon","coordinates":[[[4.05980647,50.93085798],[4.05978348,50.93087117],[4.05982095,50.93089726],[4.05979044,50.93091477],[4.05980288,50.93092342],[4.05976523,50.93094727],[4.05970662,50.93090648],[4.05961246,50.93084095],[4.05968647,50.93079849],[4.05973199,50.93083018],[4.05975093,50.93081931],[4.05980647,50.93085798]]]}},{"type":"Feature","id":"gebouw/Gebouw.16482271/0","properties":{"source":"Digitaal Vlaanderen Gebouwenregister","source_id":"gebouw/Gebouw.16482271/0","kind":"building","height_m":5.72,"status":null},"geometry":{"type":"Polygon","coordinates":[[[4.06849611,50.93272427],[4.06850454,50.93271671],[4.0685429,50.93273379],[4.06864322,50.93264047],[4.06871402,50.93267027],[4.06863786,50.93274271],[4.06861482,50.93273308],[4.06854927,50.93279259],[4.06852701,50.93278279],[4.0684931,50.93281552],[4.06837967,50.93276502],[4.06844867,50.93270314],[4.06849611,50.93272427]]]}},{"type":"Feature","id":"gebouw/Gebouw.16482409/0","properties":{"source":"Digitaal Vlaanderen Gebouwenregister","source_id":"gebouw/Gebouw.16482409/0","kind":"building","height_m":9.32,"status":null},"geometry":{"type":"Polygon","coordinates":[[[4.06930712,50.93395494],[4.06927953,50.93398158],[4.06929579,50.93398886],[4.06929154,50.93399197],[4.06933392,50.93401128],[4.06933768,50.93400817],[4.06942387,50.93404595],[4.06946355,50.93400981],[4.0693929,50.93397884],[4.06938228,50.93398851],[4.06936686,50.93398162],[4.06932701,50.93396382],[4.06930712,50.93395494]]]}},{"type":"Feature","id":"gebouw/Gebouw.16482535/0","properties":{"source":"Digitaal Vlaanderen Gebouwenregister","source_id":"gebouw/Gebouw.16482535/0","kind":"building","height_m":9.32,"status":null},"geometry":{"type":"Polygon","coordinates":[[[4.06060324,50.93214319],[4.06076944,50.93204121],[4.06084805,50.93209298],[4.06081158,50.93211498],[4.06072204,50.932169],[4.0607,50.93215493],[4.06065848,50.93217956],[4.06060324,50.93214319]]]}},{"type":"Feature","id":"gebouw/Gebouw.16494579/0","properties":{"source":"Digitaal Vlaanderen Gebouwenregister","source_id":"gebouw/Gebouw.16494579/0","kind":"building","height_m":7.16,"status":null},"geometry":{"type":"Polygon","coordinates":[[[4.0602854,50.93055698],[4.0603521,50.93060076],[4.06034748,50.93060358],[4.06039892,50.93063735],[4.06036573,50.93065754],[4.06013435,50.93050109],[4.06010581,50.93048179],[4.06017431,50.93045021],[4.06025212,50.93050305],[4.06022634,50.93051821],[4.0602854,50.93055698]]]}},{"type":"Feature","id":"gebouw/Gebouw.16494581/0","properties":{"source":"Digitaal Vlaanderen Gebouwenregister","source_id":"gebouw/Gebouw.16494581/0","kind":"building","height_m":8.6,"status":null},"geometry":{"type":"Polygon","coordinates":[[[4.06688035,50.92875584],[4.06699713,50.92863414],[4.06702614,50.92860284],[4.06704325,50.92858438],[4.06709336,50.92860292],[4.06693454,50.92877668],[4.06688035,50.92875584]]]}},{"type":"Feature","id":"gebouw/Gebouw.16494925/0","properties":{"source":"Digitaal Vlaanderen Gebouwenregister","source_id":"gebouw/Gebouw.16494925/0","kind":"building","height_m":9.32,"status":null},"geometry":{"type":"Polygon","coordinates":[[[4.06138401,50.93255133],[4.0613511,50.93256974],[4.06129869,50.93259907],[4.06129785,50.93259954],[4.06125421,50.932571],[4.06142339,50.93247635],[4.06146498,50.93250603],[4.06138401,50.93255133]]]}},{"type":"Feature","id":"gebouw/Gebouw.16495127/0","properties":{"source":"Digitaal Vlaanderen Gebouwenregister","source_id":"gebouw/Gebouw.16495127/0","kind":"building","height_m":8.6,"status":null},"geometry":{"type":"Polygon","coordinates":[[[4.05914712,50.9314676],[4.05920017,50.93150205],[4.05914363,50.9315363],[4.0591789,50.93155955],[4.05912277,50.93159355],[4.05907976,50.93161959],[4.05907486,50.93161647],[4.05898842,50.93156132],[4.05914712,50.9314676]]]}},{"type":"Feature","id":"gebouw/Gebouw.16495129/0","properties":{"source":"Digitaal Vlaanderen Gebouwenregister","source_id":"gebouw/Gebouw.16495129/0","kind":"building","height_m":5.0,"status":null},"geometry":{"type":"Polygon","coordinates":[[[4.06787219,50.9299169],[4.06793237,50.92985647],[4.06799599,50.92988289],[4.06793211,50.92994379],[4.06787219,50.9299169]]]}},{"type":"Feature","id":"gebouw/Gebouw.16495261/0","properties":{"source":"Digitaal Vlaanderen Gebouwenregister","source_id":"gebouw/Gebouw.16495261/0","kind":"building","height_m":9.32,"status":null},"geometry":{"type":"Polygon","coordinates":[[[4.06510406,50.93445466],[4.06508178,50.93444671],[4.06504152,50.93443234],[4.06503675,50.93443064],[4.06494336,50.93453311],[4.06500158,50.93455708],[4.06504987,50.93450408],[4.06505676,50.93450659],[4.06510406,50.93445466]]]}},{"type":"Feature","id":"gebouw/Gebouw.16495286/0","properties":{"source":"Digitaal Vlaanderen Gebouwenregister","source_id":"gebouw/Gebouw.16495286/0","kind":"building","height_m":7.16,"status":null},"geometry":{"type":"Polygon","coordinates":[[[4.06490665,50.93451864],[4.06484027,50.93458321],[4.06478326,50.9345598],[4.0647709,50.93456177],[4.064749,50.93455277],[4.06474589,50.93454542],[4.06469467,50.93452414],[4.06466893,50.93451325],[4.0648159,50.93437448],[4.06497604,50.93444221],[4.0649002,50.93451599],[4.06490665,50.93451864]]]}},{"type":"Feature","id":"gebouw/Gebouw.16495364/0","properties":{"source":"Digitaal Vlaanderen Gebouwenregister","source_id":"gebouw/Gebouw.16495364/0","kind":"building","height_m":7.88,"status":null},"geometry":{"type":"Polygon","coordinates":[[[4.06369828,50.93495721],[4.06375361,50.9349981],[4.06372343,50.93501437],[4.06368271,50.93503632],[4.06363326,50.93499975],[4.06353926,50.93493021],[4.06351654,50.9349134],[4.06359103,50.93487795],[4.06369828,50.93495721]]]}},{"type":"Feature","id":"gebouw/Gebouw.16495431/0","properties":{"source":"Digitaal Vlaanderen Gebouwenregister","source_id":"gebouw/Gebouw.16495431/0","kind":"building","height_m":5.72,"status":null},"geometry":{"type":"Polygon","coordinates":[[[4.06449829,50.92905646],[4.06449166,50.92904991],[4.06447186,50.92903031],[4.06445093,50.92900961],[4.0643,50.92886028],[4.06420942,50.92889651],[4.06428079,50.92896986],[4.06431424,50.92895603],[4.06439063,50.92903454],[4.06440489,50.92902864],[4.06442676,50.92905173],[4.0644599,50.92903953],[4.06448325,50.92906267],[4.06449829,50.92905646]]]}},{"type":"Feature","id":"gebouw/Gebouw.16495433/0","properties":{"source":"Digitaal Vlaanderen Gebouwenregister","source_id":"gebouw/Gebouw.16495433/0","kind":"building","height_m":7.16,"status":null},"geometry":{"type":"Polygon","coordinates":[[[4.06792061,50.93453099],[4.06784825,50.9345938],[4.0677623,50.93455564],[4.06776301,50.93455502],[4.06782766,50.93449891],[4.0678357,50.93449193],[4.06792061,50.93453099]]]}},{"type":"Feature","id":"gebouw/Gebouw.16495454/0","properties":{"source":"Digitaal Vlaanderen Gebouwenregister","source_id":"gebouw/Gebouw.16495454/0","kind":"building","height_m":7.16,"status":null},"geometry":{"type":"Polygon","coordinates":[[[4.06144815,50.93313138],[4.06140503,50.93310235],[4.06148641,50.93305409],[4.0615455,50.93309388],[4.06158178,50.93307215],[4.06163986,50.93311058],[4.06150093,50.93319442],[4.06142644,50.93314426],[4.06144815,50.93313138]]]}},{"type":"Feature","id":"gebouw/Gebouw.16510149/0","properties":{"source":"Digitaal Vlaanderen Gebouwenregister","source_id":"gebouw/Gebouw.16510149/0","kind":"building","height_m":8.6,"status":null},"geometry":{"type":"Polygon","coordinates":[[[4.0645267,50.93422752],[4.06443837,50.93419159],[4.06436915,50.93425956],[4.0644577,50.9342956],[4.0645267,50.93422752]]]}},{"type":"Feature","id":"gebouw/Gebouw.16510222/0","properties":{"source":"Digitaal Vlaanderen Gebouwenregister","source_id":"gebouw/Gebouw.16510222/0","kind":"building","height_m":5.72,"status":null},"geometry":{"type":"Polygon","coordinates":[[[4.06384422,50.93472426],[4.06382437,50.93473484],[4.06374658,50.93467231],[4.06375012,50.9346703],[4.06392705,50.93457454],[4.06400941,50.93463623],[4.06384422,50.93472426]]]}},{"type":"Feature","id":"gebouw/Gebouw.16510225/0","properties":{"source":"Digitaal Vlaanderen Gebouwenregister","source_id":"gebouw/Gebouw.16510225/0","kind":"building","height_m":7.88,"status":null},"geometry":{"type":"Polygon","coordinates":[[[4.05978464,50.9310672],[4.05981185,50.93105226],[4.05984219,50.9310735],[4.0598278,50.93108316],[4.05990795,50.93113637],[4.05989692,50.93114332],[4.05986539,50.93112195],[4.05978464,50.9310672]]]}},{"type":"Feature","id":"gebouw/Gebouw.16510904/0","properties":{"source":"Digitaal Vlaanderen Gebouwenregister","source_id":"gebouw/Gebouw.16510904/0","kind":"building","height_m":7.88,"status":null},"geometry":{"type":"Polygon","coordinates":[[[4.06209503,50.9349493],[4.06205221,50.93498038],[4.06201076,50.93495886],[4.06205167,50.93492617],[4.06209503,50.9349493]]]}},{"type":"Feature","id":"gebouw/Gebouw.16510935/0","properties":{"source":"Digitaal Vlaanderen Gebouwenregister","source_id":"gebouw/Gebouw.16510935/0","kind":"building","height_m":5.0,"status":null},"geometry":{"type":"Polygon","coordinates":[[[4.06601118,50.92853551],[4.06586094,50.92868625],[4.06583375,50.92867541],[4.06585952,50.92864961],[4.06582659,50.92863648],[4.06595092,50.92851172],[4.06597307,50.92852007],[4.06597234,50.92852085],[4.06601118,50.92853551]]]}},{"type":"Feature","id":"gebouw/Gebouw.16513003/0","properties":{"source":"Digitaal Vlaanderen Gebouwenregister","source_id":"gebouw/Gebouw.16513003/0","kind":"building","height_m":7.16,"status":null},"geometry":{"type":"Polygon","coordinates":[[[4.06045385,50.93185816],[4.06031037,50.93194704],[4.0602833,50.93192917],[4.06028011,50.9319311],[4.06024385,50.93190706],[4.06039137,50.93182122],[4.06039501,50.9318191],[4.06041489,50.9318323],[4.06045385,50.93185816]]]}},{"type":"Feature","id":"gebouw/Gebouw.16513018/0","properties":{"source":"Digitaal Vlaanderen Gebouwenregister","source_id":"gebouw/Gebouw.16513018/0","kind":"building","height_m":7.88,"status":null},"geometry":{"type":"Polygon","coordinates":[[[4.06697077,50.93397289],[4.06691737,50.93396341],[4.06693247,50.93392943],[4.06698588,50.93393891],[4.06697077,50.93397289]]]}},{"type":"Feature","id":"gebouw/Gebouw.16513036/0","properties":{"source":"Digitaal Vlaanderen Gebouwenregister","source_id":"gebouw/Gebouw.16513036/0","kind":"building","height_m":5.72,"status":null},"geometry":{"type":"Polygon","coordinates":[[[4.06607522,50.92889087],[4.06603705,50.92892906],[4.06599323,50.92891113],[4.06603113,50.92887233],[4.06607522,50.92889087]]]}},{"type":"Feature","id":"gebouw/Gebouw.16513053/0","properties":{"source":"Digitaal Vlaanderen Gebouwenregister","source_id":"gebouw/Gebouw.16513053/0","kind":"building","height_m":7.88,"status":null},"geometry":{"type":"Polygon","coordinates":[[[4.06133775,50.93225884],[4.06137052,50.93223903],[4.06140629,50.93226267],[4.06137352,50.93228247],[4.06133775,50.93225884]]]}},{"type":"Feature","id":"gebouw/Gebouw.16513108/0","properties":{"source":"Digitaal Vlaanderen Gebouwenregister","source_id":"gebouw/Gebouw.16513108/0","kind":"building","height_m":7.16,"status":null},"geometry":{"type":"Polygon","coordinates":[[[4.06873943,50.93509249],[4.06875503,50.93505588],[4.0688176,50.93506652],[4.068802,50.93510313],[4.06878959,50.93510102],[4.06873943,50.93509249]]]}},{"type":"Feature","id":"gebouw/Gebouw.16513226/0","properties":{"source":"Digitaal Vlaanderen Gebouwenregister","source_id":"gebouw/Gebouw.16513226/0","kind":"building","height_m":6.44,"status":null},"geometry":{"type":"Polygon","coordinates":[[[4.0653693,50.93487168],[4.06525185,50.93499623],[4.06523582,50.93499012],[4.06519945,50.93498521],[4.06530013,50.93486385],[4.0653693,50.93487168]]]}},{"type":"Feature","id":"gebouw/Gebouw.16513234/0","properties":{"source":"Digitaal Vlaanderen Gebouwenregister","source_id":"gebouw/Gebouw.16513234/0","kind":"building","height_m":7.16,"status":null},"geometry":{"type":"Polygon","coordinates":[[[4.06775887,50.92871391],[4.0677555,50.92871812],[4.06772676,50.92875398],[4.06767586,50.9287368],[4.06770687,50.92870029],[4.06771051,50.928696],[4.06772192,50.92870023],[4.06775887,50.92871391]]]}},{"type":"Feature","id":"gebouw/Gebouw.16513269/0","properties":{"source":"Digitaal Vlaanderen Gebouwenregister","source_id":"gebouw/Gebouw.16513269/0","kind":"building","height_m":7.16,"status":null},"geometry":{"type":"Polygon","coordinates":[[[4.06055493,50.93199794],[4.06060006,50.93202766],[4.06061403,50.93201919],[4.0607063,50.93207995],[4.06060324,50.93214319],[4.06046525,50.93205233],[4.06055493,50.93199794]]]}},{"type":"Feature","id":"gebouw/Gebouw.16513277/0","properties":{"source":"Digitaal Vlaanderen Gebouwenregister","source_id":"gebouw/Gebouw.16513277/0","kind":"building","height_m":7.88,"status":null},"geometry":{"type":"Polygon","coordinates":[[[4.06905582,50.93497898],[4.06901153,50.9350784],[4.0688626,50.9350519],[4.06885829,50.93506157],[4.0687736,50.9350465],[4.06882469,50.93493183],[4.06890821,50.93494668],[4.06890572,50.93495228],[4.06905582,50.93497898]]]}},{"type":"Feature","id":"gebouw/Gebouw.16513280/0","properties":{"source":"Digitaal Vlaanderen Gebouwenregister","source_id":"gebouw/Gebouw.16513280/0","kind":"building","height_m":5.0,"status":null},"geometry":{"type":"Polygon","coordinates":[[[4.0643518,50.92982815],[4.06438996,50.92982258],[4.06440386,50.92986063],[4.0643657,50.9298662],[4.0643518,50.92982815]]]}},{"type":"Feature","id":"gebouw/Gebouw.16513410/0","properties":{"source":"Digitaal Vlaanderen Gebouwenregister","source_id":"gebouw/Gebouw.16513410/0","kind":"building","height_m":7.88,"status":null},"geometry":{"type":"Polygon","coordinates":[[[4.06856594,50.92961629],[4.06852928,50.92965101],[4.06848638,50.9296322],[4.06846431,50.92962253],[4.06847839,50.92960886],[4.06859485,50.92949575],[4.06866537,50.9295221],[4.06856594,50.92961629]]]}},{"type":"Feature","id":"gebouw/Gebouw.16513441/0","properties":{"source":"Digitaal Vlaanderen Gebouwenregister","source_id":"gebouw/Gebouw.16513441/0","kind":"building","height_m":5.0,"status":null},"geometry":{"type":"Polygon","coordinates":[[[4.06688071,50.93418616],[4.06683525,50.93416886],[4.06685836,50.93414462],[4.06690381,50.93416192],[4.06688071,50.93418616]]]}},{"type":"Feature","id":"gebouw/Gebouw.16513517/0","properties":{"source":"Digitaal Vlaanderen Gebouwenregister","source_id":"gebouw/Gebouw.16513517/0","kind":"building","height_m":9.32,"status":null},"geometry":{"type":"Polygon","coordinates":[[[4.06142339,50.93247635],[4.06125421,50.932571],[4.0612085,50.9325411],[4.06137999,50.93244515],[4.06142339,50.93247635]]]}},{"type":"Feature","id":"gebouw/Gebouw.16513557/0","properties":{"source":"Digitaal Vlaanderen Gebouwenregister","source_id":"gebouw/Gebouw.16513557/0","kind":"building","height_m":7.88,"status":null},"geometry":{"type":"Polygon","coordinates":[[[4.06367773,50.93289087],[4.06373378,50.93294357],[4.06355349,50.93301634],[4.06349869,50.9329608],[4.06351405,50.9329548],[4.06367773,50.93289087]]]}},{"type":"Feature","id":"gebouw/Gebouw.16513577/0","properties":{"source":"Digitaal Vlaanderen Gebouwenregister","source_id":"gebouw/Gebouw.16513577/0","kind":"building","height_m":7.16,"status":null},"geometry":{"type":"Polygon","coordinates":[[[4.0672152,50.92904639],[4.06711071,50.92915821],[4.06707489,50.92914482],[4.06711718,50.92909965],[4.06708167,50.92908631],[4.06714141,50.92901879],[4.0672152,50.92904639]]]}},{"type":"Feature","id":"gebouw/Gebouw.16513664/0","properties":{"source":"Digitaal Vlaanderen Gebouwenregister","source_id":"gebouw/Gebouw.16513664/0","kind":"building","height_m":9.32,"status":null},"geometry":{"type":"Polygon","coordinates":[[[4.06939259,50.93516789],[4.06948748,50.93520922],[4.06952101,50.93517666],[4.06942545,50.93513696],[4.06939259,50.93516789]]]}},{"type":"Feature","id":"gebouw/Gebouw.16513709/0","properties":{"source":"Digitaal Vlaanderen Gebouwenregister","source_id":"gebouw/Gebouw.16513709/0","kind":"building","height_m":6.44,"status":null},"geometry":{"type":"Polygon","coordinates":[[[4.06204432,50.9293517],[4.06197452,50.92927859],[4.06196536,50.92928208],[4.06189852,50.92921207],[4.06196599,50.92918635],[4.06201177,50.92923429],[4.06206577,50.9292137],[4.06215664,50.92930887],[4.06204432,50.9293517]]]}},{"type":"Feature","id":"gebouw/Gebouw.16513775/0","properties":{"source":"Digitaal Vlaanderen Gebouwenregister","source_id":"gebouw/Gebouw.16513775/0","kind":"building","height_m":8.6,"status":null},"geometry":{"type":"Polygon","coordinates":[[[4.06384898,50.9338067],[4.06375299,50.93373804],[4.06390998,50.93364899],[4.06400845,50.93371912],[4.06384898,50.9338067]]]}},{"type":"Feature","id":"gebouw/Gebouw.16513859/0","properties":{"source":"Digitaal Vlaanderen Gebouwenregister","source_id":"gebouw/Gebouw.16513859/0","kind":"building","height_m":8.6,"status":null},"geometry":{"type":"Polygon","coordinates":[[[4.0681168,50.92985042],[4.06807243,50.92983167],[4.06800595,50.9298945],[4.06804979,50.92991375],[4.0681168,50.92985042]]]}},{"type":"Feature","id":"gebouw/Gebouw.16513860/0","properties":{"source":"Digitaal Vlaanderen Gebouwenregister","source_id":"gebouw/Gebouw.16513860/0","kind":"building","height_m":9.32,"status":null},"geometry":{"type":"Polygon","coordinates":[[[4.06751695,50.92862432],[4.06754378,50.92863425],[4.06756125,50.92864072],[4.06752255,50.92868277],[4.06744329,50.92876887],[4.06741436,50.9288003],[4.06730901,50.92891475],[4.06725579,50.92889486],[4.06735984,50.92878005],[4.06736656,50.92877263],[4.06743712,50.92869719],[4.06747139,50.92866152],[4.0675087,50.92862126],[4.06751695,50.92862432]]]}},{"type":"Feature","id":"gebouw/Gebouw.16518260/0","properties":{"source":"Digitaal Vlaanderen Gebouwenregister","source_id":"gebouw/Gebouw.16518260/0","kind":"building","height_m":7.16,"status":null},"geometry":{"type":"Polygon","coordinates":[[[4.0647443,50.93267204],[4.06468482,50.93262677],[4.06474801,50.93259161],[4.06480854,50.93263594],[4.0647443,50.93267204]]]}},{"type":"Feature","id":"gebouw/Gebouw.16518310/0","properties":{"source":"Digitaal Vlaanderen Gebouwenregister","source_id":"gebouw/Gebouw.16518310/0","kind":"building","height_m":7.88,"status":null},"geometry":{"type":"Polygon","coordinates":[[[4.06237173,50.93501598],[4.06228128,50.9350853],[4.06214449,50.93501403],[4.06223493,50.93494471],[4.06237173,50.93501598]]]}},{"type":"Feature","id":"gebouw/Gebouw.16518463/0","properties":{"source":"Digitaal Vlaanderen Gebouwenregister","source_id":"gebouw/Gebouw.16518463/0","kind":"building","height_m":7.16,"status":null},"geometry":{"type":"Polygon","coordinates":[[[4.06940949,50.9294889],[4.06926937,50.92964373],[4.06920675,50.92962031],[4.06931779,50.92949978],[4.0693423,50.92947317],[4.0693482,50.92946676],[4.06934849,50.92946645],[4.06940949,50.9294889]]]}},{"type":"Feature","id":"gebouw/Gebouw.16518469/0","properties":{"source":"Digitaal Vlaanderen Gebouwenregister","source_id":"gebouw/Gebouw.16518469/0","kind":"building","height_m":6.44,"status":null},"geometry":{"type":"Polygon","coordinates":[[[4.06185983,50.93033892],[4.06180993,50.93035498],[4.06177539,50.93031214],[4.0618253,50.93029607],[4.06185983,50.93033892]]]}},{"type":"Feature","id":"gebouw/Gebouw.16518508/0","properties":{"source":"Digitaal Vlaanderen Gebouwenregister","source_id":"gebouw/Gebouw.16518508/0","kind":"building","height_m":9.32,"status":null},"geometry":{"type":"Polygon","coordinates":[[[4.06053563,50.92979534],[4.06051546,50.92977492],[4.06058671,50.92967402],[4.06065926,50.92974747],[4.06053563,50.92979534]]]}},{"type":"Feature","id":"gebouw/Gebouw.16518570/0","properties":{"source":"Digitaal Vlaanderen Gebouwenregister","source_id":"gebouw/Gebouw.16518570/0","kind":"building","height_m":8.6,"status":null},"geometry":{"type":"Polygon","coordinates":[[[4.05978547,50.93096135],[4.05973271,50.93099371],[4.05971152,50.93097926],[4.05966791,50.93094952],[4.05963206,50.93092507],[4.059601,50.9309427],[4.05952497,50.93089116],[4.05961246,50.93084095],[4.05971355,50.9309113],[4.05976523,50.93094727],[4.05978547,50.93096135]]]}},{"type":"Feature","id":"gebouw/Gebouw.16518587/0","properties":{"source":"Digitaal Vlaanderen Gebouwenregister","source_id":"gebouw/Gebouw.16518587/0","kind":"building","height_m":5.72,"status":null},"geometry":{"type":"Polygon","coordinates":[[[4.06529511,50.93504496],[4.06526825,50.93507409],[4.06520065,50.93505052],[4.06522939,50.93502005],[4.06523471,50.93502207],[4.06529511,50.93504496]]]}},{"type":"Feature","id":"gebouw/Gebouw.16518675/0","properties":{"source":"Digitaal Vlaanderen Gebouwenregister","source_id":"gebouw/Gebouw.16518675/0","kind":"building","height_m":8.6,"status":null},"geometry":{"type":"Polygon","coordinates":[[[4.06950285,50.9335997],[4.06939107,50.93370276],[4.06933634,50.93367878],[4.06934738,50.93366771],[4.06924974,50.93362872],[4.06933377,50.93354452],[4.0693357,50.93354529],[4.06934367,50.93353766],[4.06935411,50.93353637],[4.06936552,50.93354154],[4.06936665,50.93354063],[4.06940795,50.93355844],[4.06940003,50.93356573],[4.06942566,50.93357697],[4.06943353,50.93356968],[4.06950285,50.9335997]]]}},{"type":"Feature","id":"gebouw/Gebouw.16518683/0","properties":{"source":"Digitaal Vlaanderen Gebouwenregister","source_id":"gebouw/Gebouw.16518683/0","kind":"building","height_m":9.32,"status":null},"geometry":{"type":"Polygon","coordinates":[[[4.06595282,50.93504209],[4.06592493,50.93511302],[4.06591753,50.93511193],[4.06572354,50.93508325],[4.06571141,50.93508146],[4.06573473,50.935024],[4.065738,50.93502453],[4.06574338,50.93500921],[4.06595282,50.93504209]]]}},{"type":"Feature","id":"gebouw/Gebouw.16518728/0","properties":{"source":"Digitaal Vlaanderen Gebouwenregister","source_id":"gebouw/Gebouw.16518728/0","kind":"building","height_m":6.44,"status":null},"geometry":{"type":"Polygon","coordinates":[[[4.0668002,50.93434839],[4.06679764,50.93435061],[4.06682892,50.93436395],[4.06682507,50.93436784],[4.06685663,50.9343816],[4.06682344,50.9344133],[4.06681497,50.93440947],[4.06679827,50.93442541],[4.0668069,50.93442894],[4.06678554,50.93444882],[4.06675356,50.93443528],[4.06674943,50.93443917],[4.06671756,50.93442605],[4.06671524,50.93442826],[4.06668627,50.93441615],[4.06668871,50.93441381],[4.06665542,50.93440073],[4.06665883,50.93439748],[4.06662442,50.93438272],[4.06665542,50.93435563],[4.06669572,50.934328],[4.06671782,50.93431833],[4.0668002,50.93434839]]]}},{"type":"Feature","id":"gebouw/Gebouw.16518789/0","properties":{"source":"Digitaal Vlaanderen Gebouwenregister","source_id":"gebouw/Gebouw.16518789/0","kind":"building","height_m":5.0,"status":null},"geometry":{"type":"Polygon","coordinates":[[[4.06212458,50.93294174],[4.06213764,50.93293599],[4.06210114,50.93289851],[4.06188903,50.93298928],[4.06194028,50.9330229],[4.06212458,50.93294174]]]}},{"type":"Feature","id":"gebouw/Gebouw.16518852/0","properties":{"source":"Digitaal Vlaanderen Gebouwenregister","source_id":"gebouw/Gebouw.16518852/0","kind":"building","height_m":5.0,"status":null},"geometry":{"type":"Polygon","coordinates":[[[4.06842821,50.93518739],[4.06833849,50.93530096],[4.06826459,50.93527841],[4.0682131,50.9352627],[4.06828365,50.93517039],[4.0682953,50.93517394],[4.06830963,50.93515519],[4.06832125,50.93515873],[4.06836116,50.93510651],[4.06834585,50.93510183],[4.06834747,50.93509072],[4.06844287,50.93494823],[4.06846297,50.93495437],[4.06855938,50.93480772],[4.06863646,50.93482721],[4.0685392,50.93497763],[4.0684677,50.93508442],[4.06848723,50.93509038],[4.06844641,50.93515914],[4.06842821,50.93518739]]]}},{"type":"Feature","id":"gebouw/Gebouw.16518878/0","properties":{"source":"Digitaal Vlaanderen Gebouwenregister","source_id":"gebouw/Gebouw.16518878/0","kind":"building","height_m":8.6,"status":null},"geometry":{"type":"Polygon","coordinates":[[[4.06307533,50.92880087],[4.06314652,50.92881161],[4.06317497,50.9288159],[4.06318131,50.92879809],[4.06330013,50.92875193],[4.06337742,50.92883189],[4.06339565,50.92885075],[4.06333482,50.92887459],[4.06329852,50.92888849],[4.06325438,50.92890538],[4.06323869,50.92891156],[4.06320756,50.92892382],[4.06314167,50.92891355],[4.06312557,50.92895528],[4.06307729,50.92894828],[4.06307009,50.92896596],[4.06301533,50.92895774],[4.06302871,50.92892275],[4.06305808,50.92884597],[4.06307533,50.92880087]]]}},{"type":"Feature","id":"gebouw/Gebouw.16523204/0","properties":{"source":"Digitaal Vlaanderen Gebouwenregister","source_id":"gebouw/Gebouw.16523204/0","kind":"building","height_m":8.6,"status":null},"geometry":{"type":"Polygon","coordinates":[[[4.06204019,50.93287058],[4.06183919,50.93295659],[4.06179041,50.9329246],[4.06199582,50.9328367],[4.06202022,50.93282626],[4.06205906,50.93286251],[4.06204019,50.93287058]]]}},{"type":"Feature","id":"gebouw/Gebouw.16523297/0","properties":{"source":"Digitaal Vlaanderen Gebouwenregister","source_id":"gebouw/Gebouw.16523297/0","kind":"building","height_m":5.0,"status":null},"geometry":{"type":"Polygon","coordinates":[[[4.06629012,50.92902742],[4.06624821,50.92906896],[4.06620947,50.92905335],[4.06625327,50.92901186],[4.06629012,50.92902742]]]}},{"type":"Feature","id":"gebouw/Gebouw.16523406/0","properties":{"source":"Digitaal Vlaanderen Gebouwenregister","source_id":"gebouw/Gebouw.16523406/0","kind":"building","height_m":7.88,"status":null},"geometry":{"type":"Polygon","coordinates":[[[4.0676325,50.92920132],[4.06751746,50.92932203],[4.06738365,50.92927189],[4.0674987,50.92915118],[4.0676325,50.92920132]]]}},{"type":"Feature","id":"gebouw/Gebouw.16523413/0","properties":{"source":"Digitaal Vlaanderen Gebouwenregister","source_id":"gebouw/Gebouw.16523413/0","kind":"building","height_m":7.88,"status":null},"geometry":{"type":"Polygon","coordinates":[[[4.06789262,50.9293001],[4.06762829,50.92957517],[4.0675187,50.92953406],[4.06759459,50.92945367],[4.06778011,50.92925713],[4.06789262,50.9293001]]]}},{"type":"Feature","id":"gebouw/Gebouw.16523474/0","properties":{"source":"Digitaal Vlaanderen Gebouwenregister","source_id":"gebouw/Gebouw.16523474/0","kind":"building","height_m":6.44,"status":null},"geometry":{"type":"Polygon","coordinates":[[[4.06349131,50.93392801],[4.06373744,50.93379237],[4.06352904,50.93364286],[4.06328396,50.93377748],[4.06334599,50.93382315],[4.06342657,50.93377858],[4.0635097,50.93383879],[4.06342969,50.93388328],[4.06349131,50.93392801]]]}},{"type":"Feature","id":"gebouw/Gebouw.16523767/0","properties":{"source":"Digitaal Vlaanderen Gebouwenregister","source_id":"gebouw/Gebouw.16523767/0","kind":"building","height_m":5.72,"status":null},"geometry":{"type":"Polygon","coordinates":[[[4.06759574,50.92883113],[4.06746763,50.92897358],[4.0674148,50.928954],[4.06754745,50.92880666],[4.06755567,50.92879716],[4.06760836,50.92881627],[4.06759574,50.92883113]]]}},{"type":"Feature","id":"gebouw/Gebouw.16523777/0","properties":{"source":"Digitaal Vlaanderen Gebouwenregister","source_id":"gebouw/Gebouw.16523777/0","kind":"building","height_m":7.88,"status":null},"geometry":{"type":"Polygon","coordinates":[[[4.06376628,50.9347565],[4.06371844,50.93477985],[4.06367158,50.93480271],[4.06364995,50.93478475],[4.06369507,50.93476117],[4.06361513,50.93469781],[4.06359675,50.93468324],[4.06358338,50.93468872],[4.06353651,50.93465038],[4.06350293,50.93466636],[4.0634391,50.93461401],[4.06347234,50.93459789],[4.06346973,50.93459575],[4.06353254,50.9345653],[4.06366501,50.93467366],[4.06376628,50.9347565]]]}},{"type":"Feature","id":"gebouw/Gebouw.16523887/0","properties":{"source":"Digitaal Vlaanderen Gebouwenregister","source_id":"gebouw/Gebouw.16523887/0","kind":"building","height_m":6.44,"status":null},"geometry":{"type":"Polygon","coordinates":[[[4.06184252,50.92916132],[4.06179854,50.92917887],[4.0618123,50.92919264],[4.06182906,50.92920942],[4.06187752,50.92925792],[4.06192214,50.92924102],[4.06184252,50.92916132]]]}},{"type":"Feature","id":"gebouw/Gebouw.16523973/0","properties":{"source":"Digitaal Vlaanderen Gebouwenregister","source_id":"gebouw/Gebouw.16523973/0","kind":"building","height_m":7.88,"status":null},"geometry":{"type":"Polygon","coordinates":[[[4.06855013,50.934683],[4.06853493,50.93471419],[4.06853474,50.93471456],[4.06848656,50.9347052],[4.0684867,50.93470492],[4.06850195,50.93467362],[4.06855013,50.934683]]]}},{"type":"Feature","id":"gebouw/Gebouw.16524001/0","properties":{"source":"Digitaal Vlaanderen Gebouwenregister","source_id":"gebouw/Gebouw.16524001/0","kind":"building","height_m":7.88,"status":null},"geometry":{"type":"Polygon","coordinates":[[[4.06638737,50.93524329],[4.06638235,50.93524111],[4.06632975,50.93530062],[4.0662973,50.93528955],[4.06605788,50.93520957],[4.06604344,50.93520482],[4.06601203,50.93519451],[4.06606736,50.9351316],[4.06608496,50.93511159],[4.06609759,50.93509723],[4.06614378,50.93511332],[4.0661497,50.93511558],[4.0661214,50.9351495],[4.06632833,50.93521841],[4.06638528,50.93515281],[4.06636603,50.93514672],[4.06638492,50.9351218],[4.06621979,50.93509433],[4.06625369,50.93501325],[4.06649779,50.93505399],[4.06653458,50.93506013],[4.06644045,50.93516845],[4.06645126,50.93517327],[4.06638737,50.93524329]]]}},{"type":"Feature","id":"gebouw/Gebouw.16524037/0","properties":{"source":"Digitaal Vlaanderen Gebouwenregister","source_id":"gebouw/Gebouw.16524037/0","kind":"building","height_m":8.6,"status":null},"geometry":{"type":"Polygon","coordinates":[[[4.06882665,50.93006825],[4.06888246,50.93003327],[4.06894354,50.93006941],[4.06893646,50.93007695],[4.06900231,50.93010164],[4.06888359,50.93022808],[4.06876226,50.93018258],[4.06885134,50.93008771],[4.06885229,50.93008334],[4.06882665,50.93006825]]]}},{"type":"Feature","id":"gebouw/Gebouw.16524147/0","properties":{"source":"Digitaal Vlaanderen Gebouwenregister","source_id":"gebouw/Gebouw.16524147/0","kind":"building","height_m":7.16,"status":null},"geometry":{"type":"Polygon","coordinates":[[[4.06453076,50.93422917],[4.0645267,50.93422752],[4.0644577,50.9342956],[4.06454208,50.93432989],[4.06461131,50.93426192],[4.06453076,50.93422917]]]}},{"type":"Feature","id":"gebouw/Gebouw.16524165/0","properties":{"source":"Digitaal Vlaanderen Gebouwenregister","source_id":"gebouw/Gebouw.16524165/0","kind":"building","height_m":5.0,"status":null},"geometry":{"type":"Polygon","coordinates":[[[4.06420327,50.9301077],[4.06409988,50.93016594],[4.06404218,50.93012378],[4.06421264,50.9300266],[4.06427263,50.93006864],[4.06420327,50.9301077]]]}},{"type":"Feature","id":"gebouw/Gebouw.16525212/0","properties":{"source":"Digitaal Vlaanderen Gebouwenregister","source_id":"gebouw/Gebouw.16525212/0","kind":"building","height_m":7.88,"status":null},"geometry":{"type":"Polygon","coordinates":[[[4.06763158,50.93458569],[4.06760406,50.93463314],[4.06756329,50.9346237],[4.06759081,50.93457625],[4.06763158,50.93458569]]]}},{"type":"Feature","id":"gebouw/Gebouw.16525261/0","properties":{"source":"Digitaal Vlaanderen Gebouwenregister","source_id":"gebouw/Gebouw.16525261/0","kind":"building","height_m":7.88,"status":null},"geometry":{"type":"Polygon","coordinates":[[[4.05967345,50.93099182],[4.05961589,50.93102253],[4.05957679,50.93102193],[4.05955283,50.93100513],[4.05954981,50.93100685],[4.05941891,50.93091507],[4.05949659,50.93087083],[4.05952497,50.93089116],[4.059601,50.9309427],[4.05967345,50.93099182]]]}},{"type":"Feature","id":"gebouw/Gebouw.16525408/0","properties":{"source":"Digitaal Vlaanderen Gebouwenregister","source_id":"gebouw/Gebouw.16525408/0","kind":"building","height_m":7.88,"status":null},"geometry":{"type":"Polygon","coordinates":[[[4.06171309,50.93527313],[4.06149629,50.93535634],[4.06152466,50.93538612],[4.06142885,50.93542303],[4.06139972,50.9353934],[4.06133725,50.93532986],[4.06140011,50.9353054],[4.06135121,50.93525665],[4.06130363,50.93527671],[4.06124609,50.93522267],[4.06129674,50.93520217],[4.06111727,50.93502112],[4.06109593,50.9349996],[4.06115956,50.93497355],[4.06118034,50.93499447],[4.06121227,50.93498256],[4.06148007,50.93524698],[4.06158194,50.93520783],[4.06157288,50.93519688],[4.06161566,50.93518117],[4.06171309,50.93527313]]]}},{"type":"Feature","id":"gebouw/Gebouw.16525532/0","properties":{"source":"Digitaal Vlaanderen Gebouwenregister","source_id":"gebouw/Gebouw.16525532/0","kind":"building","height_m":6.44,"status":null},"geometry":{"type":"Polygon","coordinates":[[[4.05898842,50.93156132],[4.05898314,50.93156444],[4.05889605,50.93150428],[4.05905052,50.93142562],[4.05907352,50.93144404],[4.05908924,50.93143456],[4.05913724,50.93146713],[4.05914198,50.93146424],[4.05914509,50.93146628],[4.05914563,50.93146663],[4.05914712,50.9314676],[4.05898842,50.93156132]]]}},{"type":"Feature","id":"gebouw/Gebouw.16525581/0","properties":{"source":"Digitaal Vlaanderen Gebouwenregister","source_id":"gebouw/Gebouw.16525581/0","kind":"building","height_m":6.44,"status":null},"geometry":{"type":"Polygon","coordinates":[[[4.06672185,50.92852793],[4.06662018,50.92865835],[4.0665648,50.92863769],[4.06666465,50.9285096],[4.06672185,50.92852793]]]}},{"type":"Feature","id":"gebouw/Gebouw.16525611/0","properties":{"source":"Digitaal Vlaanderen Gebouwenregister","source_id":"gebouw/Gebouw.16525611/0","kind":"building","height_m":7.88,"status":null},"geometry":{"type":"Polygon","coordinates":[[[4.06765194,50.93043462],[4.06773853,50.93047282],[4.06767748,50.93052808],[4.06759089,50.93048988],[4.06765194,50.93043462]]]}},{"type":"Feature","id":"gebouw/Gebouw.16525729/0","properties":{"source":"Digitaal Vlaanderen Gebouwenregister","source_id":"gebouw/Gebouw.16525729/0","kind":"building","height_m":7.16,"status":null},"geometry":{"type":"Polygon","coordinates":[[[4.06726286,50.92861014],[4.06721811,50.92865833],[4.06719679,50.92865041],[4.06724154,50.92860222],[4.06726286,50.92861014]]]}},{"type":"Feature","id":"gebouw/Gebouw.16527848/0","properties":{"source":"Digitaal Vlaanderen Gebouwenregister","source_id":"gebouw/Gebouw.16527848/0","kind":"building","height_m":5.72,"status":null},"geometry":{"type":"Polygon","coordinates":[[[4.06760266,50.93336334],[4.06758328,50.93331747],[4.06764462,50.93330712],[4.06766399,50.93335299],[4.06760266,50.93336334]]]}},{"type":"Feature","id":"gebouw/Gebouw.16527863/0","properties":{"source":"Digitaal Vlaanderen Gebouwenregister","source_id":"gebouw/Gebouw.16527863/0","kind":"building","height_m":6.44,"status":null},"geometry":{"type":"Polygon","coordinates":[[[4.06592588,50.93473414],[4.06578062,50.9346849],[4.06584246,50.93460825],[4.06598869,50.93465821],[4.06592588,50.93473414]]]}},{"type":"Feature","id":"gebouw/Gebouw.16527895/0","properties":{"source":"Digitaal Vlaanderen Gebouwenregister","source_id":"gebouw/Gebouw.16527895/0","kind":"building","height_m":9.32,"status":null},"geometry":{"type":"Polygon","coordinates":[[[4.06701096,50.93455968],[4.06715837,50.93462133],[4.0670786,50.93469426],[4.06693273,50.93463436],[4.06701096,50.93455968]]]}},{"type":"Feature","id":"gebouw/Gebouw.16528036/0","properties":{"source":"Digitaal Vlaanderen Gebouwenregister","source_id":"gebouw/Gebouw.16528036/0","kind":"building","height_m":5.0,"status":null},"geometry":{"type":"Polygon","coordinates":[[[4.06760929,50.92865851],[4.06757231,50.92870035],[4.06752255,50.92868277],[4.06756125,50.92864072],[4.06760929,50.92865851]]]}},{"type":"Feature","id":"gebouw/Gebouw.16528099/0","properties":{"source":"Digitaal Vlaanderen Gebouwenregister","source_id":"gebouw/Gebouw.16528099/0","kind":"building","height_m":5.0,"status":null},"geometry":{"type":"Polygon","coordinates":[[[4.0614087,50.93295285],[4.0613678,50.93292326],[4.06139705,50.93290712],[4.06143795,50.9329367],[4.0614087,50.93295285]]]}},{"type":"Feature","id":"gebouw/Gebouw.16528216/0","properties":{"source":"Digitaal Vlaanderen Gebouwenregister","source_id":"gebouw/Gebouw.16528216/0","kind":"building","height_m":8.6,"status":null},"geometry":{"type":"Polygon","coordinates":[[[4.06875111,50.9295544],[4.06871363,50.92959272],[4.06876128,50.92961129],[4.06865425,50.92971994],[4.06857981,50.92969065],[4.06862866,50.92964105],[4.06856594,50.92961629],[4.06866537,50.9295221],[4.06875111,50.9295544]]]}},{"type":"Feature","id":"gebouw/Gebouw.16528224/0","properties":{"source":"Digitaal Vlaanderen Gebouwenregister","source_id":"gebouw/Gebouw.16528224/0","kind":"building","height_m":9.32,"status":null},"geometry":{"type":"Polygon","coordinates":[[[4.06602521,50.92868813],[4.06598037,50.92873273],[4.06592096,50.92871121],[4.06594635,50.92868596],[4.06607401,50.92855896],[4.06613282,50.92858109],[4.06602521,50.92868813]]]}},{"type":"Feature","id":"gebouw/Gebouw.16528335/0","properties":{"source":"Digitaal Vlaanderen Gebouwenregister","source_id":"gebouw/Gebouw.16528335/0","kind":"building","height_m":8.6,"status":null},"geometry":{"type":"Polygon","coordinates":[[[4.06427565,50.93436046],[4.06408419,50.9342826],[4.0641802,50.93418833],[4.06437166,50.93426619],[4.06427565,50.93436046]]]}},{"type":"Feature","id":"gebouw/Gebouw.16528367/0","properties":{"source":"Digitaal Vlaanderen Gebouwenregister","source_id":"gebouw/Gebouw.16528367/0","kind":"building","height_m":6.44,"status":null},"geometry":{"type":"Polygon","coordinates":[[[4.06106239,50.93323081],[4.06096429,50.93316317],[4.06100558,50.93313943],[4.06110368,50.93320707],[4.06106239,50.93323081]]]}},{"type":"Feature","id":"gebouw/Gebouw.16528402/0","properties":{"source":"Digitaal Vlaanderen Gebouwenregister","source_id":"gebouw/Gebouw.16528402/0","kind":"building","height_m":6.44,"status":null},"geometry":{"type":"Polygon","coordinates":[[[4.06305866,50.9345174],[4.06304197,50.93452754],[4.06304162,50.93452775],[4.06302689,50.93451748],[4.06291674,50.9344407],[4.06299277,50.93439469],[4.06312107,50.93447946],[4.06311782,50.93448143],[4.06310233,50.93447118],[4.06306053,50.93449717],[4.06307576,50.934507],[4.06307585,50.93450706],[4.06307305,50.93450865],[4.0630593,50.93449934],[4.06304493,50.93450809],[4.06305866,50.9345174]]]}},{"type":"Feature","id":"gebouw/Gebouw.16528657/0","properties":{"source":"Digitaal Vlaanderen Gebouwenregister","source_id":"gebouw/Gebouw.16528657/0","kind":"building","height_m":8.6,"status":null},"geometry":{"type":"Polygon","coordinates":[[[4.06210114,50.93289851],[4.06210684,50.93289607],[4.06208577,50.93287642],[4.0620588,50.93288796],[4.06204019,50.93287058],[4.06183919,50.93295659],[4.06188903,50.93298928],[4.06210114,50.93289851]]]}},{"type":"Feature","id":"gebouw/Gebouw.16530134/0","properties":{"source":"Digitaal Vlaanderen Gebouwenregister","source_id":"gebouw/Gebouw.16530134/0","kind":"building","height_m":8.6,"status":null},"geometry":{"type":"Polygon","coordinates":[[[4.0637548,50.93136803],[4.0637697,50.93136018],[4.06389873,50.93146708],[4.06378995,50.93151952],[4.06377577,50.93150777],[4.06376257,50.93151413],[4.06372942,50.93148667],[4.06369163,50.93150489],[4.06366026,50.9314789],[4.06365018,50.93148376],[4.0636028,50.93144114],[4.06360848,50.9314385],[4.06360627,50.93142043],[4.06362881,50.93141006],[4.06365228,50.93141695],[4.06370698,50.93139207],[4.06370428,50.93137275],[4.06372765,50.93136167],[4.0637548,50.93136803]]]}},{"type":"Feature","id":"gebouw/Gebouw.16530429/0","properties":{"source":"Digitaal Vlaanderen Gebouwenregister","source_id":"gebouw/Gebouw.16530429/0","kind":"building","height_m":9.32,"status":null},"geometry":{"type":"Polygon","coordinates":[[[4.06756601,50.93350098],[4.06764862,50.93349665],[4.06764821,50.93349156],[4.06766258,50.93349294],[4.06768079,50.93349766],[4.06769368,50.93350242],[4.06770364,50.93350615],[4.06773686,50.93350586],[4.06774006,50.93352819],[4.067751,50.93353806],[4.06775626,50.93354887],[4.0677611,50.93356117],[4.06776172,50.93357259],[4.06774429,50.9335733],[4.06774519,50.9335834],[4.06773214,50.93358379],[4.06771775,50.93358367],[4.06770601,50.93358334],[4.06769343,50.93358254],[4.06768399,50.93358183],[4.06768363,50.93358009],[4.06765858,50.93358123],[4.06765949,50.93359125],[4.06763589,50.93359234],[4.06763729,50.93360129],[4.06758005,50.93360439],[4.06756601,50.93350098]]]}},{"type":"Feature","id":"gebouw/Gebouw.16530519/0","properties":{"source":"Digitaal Vlaanderen Gebouwenregister","source_id":"gebouw/Gebouw.16530519/0","kind":"building","height_m":8.6,"status":null},"geometry":{"type":"Polygon","coordinates":[[[4.06921724,50.93387736],[4.06920885,50.9338726],[4.06919613,50.93388477],[4.06914079,50.93386059],[4.0691539,50.93384743],[4.06914577,50.93384332],[4.06922622,50.93377075],[4.06930033,50.93380404],[4.06921724,50.93387736]]]}},{"type":"Feature","id":"gebouw/Gebouw.16530532/0","properties":{"source":"Digitaal Vlaanderen Gebouwenregister","source_id":"gebouw/Gebouw.16530532/0","kind":"building","height_m":7.88,"status":null},"geometry":{"type":"Polygon","coordinates":[[[4.06925582,50.92947717],[4.06914495,50.92959753],[4.06903384,50.92955678],[4.0690365,50.92955389],[4.06912083,50.92946235],[4.06915816,50.92942184],[4.06923904,50.92945246],[4.06930854,50.92937915],[4.06929576,50.92937431],[4.06932129,50.92934738],[4.06932943,50.92935046],[4.06938373,50.92929318],[4.06941456,50.92930486],[4.06941823,50.92930625],[4.06925582,50.92947717]]]}},{"type":"Feature","id":"gebouw/Gebouw.16530536/0","properties":{"source":"Digitaal Vlaanderen Gebouwenregister","source_id":"gebouw/Gebouw.16530536/0","kind":"building","height_m":5.72,"status":null},"geometry":{"type":"Polygon","coordinates":[[[4.0673258,50.9344686],[4.0673064,50.93447414],[4.06726514,50.9344647],[4.0672564,50.93444993],[4.06718945,50.93443374],[4.06723337,50.93436125],[4.06728925,50.93437514],[4.06729826,50.93436073],[4.06743177,50.93439329],[4.06737761,50.93448198],[4.0673258,50.9344686]]]}},{"type":"Feature","id":"gebouw/Gebouw.16530612/0","properties":{"source":"Digitaal Vlaanderen Gebouwenregister","source_id":"gebouw/Gebouw.16530612/0","kind":"building","height_m":5.0,"status":null},"geometry":{"type":"Polygon","coordinates":[[[4.0614105,50.92945454],[4.06151577,50.92941262],[4.06155032,50.92944727],[4.06155336,50.92944606],[4.06157957,50.92947234],[4.06160245,50.92949529],[4.06159983,50.92949634],[4.06162293,50.92952028],[4.06161992,50.92952147],[4.06153178,50.92955575],[4.06147876,50.92950284],[4.06146603,50.92950776],[4.06144482,50.92948743],[4.0614105,50.92945454]]]}},{"type":"Feature","id":"gebouw/Gebouw.16530765/0","properties":{"source":"Digitaal Vlaanderen Gebouwenregister","source_id":"gebouw/Gebouw.16530765/0","kind":"building","height_m":9.32,"status":null},"geometry":{"type":"Polygon","coordinates":[[[4.06859485,50.92949575],[4.06847839,50.92960886],[4.06844513,50.92959429],[4.0684625,50.92957845],[4.06843182,50.92956501],[4.06853022,50.9294718],[4.06859485,50.92949575]]]}},{"type":"Feature","id":"gebouw/Gebouw.16530778/0","properties":{"source":"Digitaal Vlaanderen Gebouwenregister","source_id":"gebouw/Gebouw.16530778/0","kind":"building","height_m":8.6,"status":null},"geometry":{"type":"Polygon","coordinates":[[[4.06505584,50.92902261],[4.06517983,50.92912811],[4.06520591,50.92915013],[4.06519051,50.92915731],[4.06511166,50.92919407],[4.06510717,50.92919616],[4.06516122,50.92924246],[4.06520235,50.92927769],[4.06514392,50.92930494],[4.06510164,50.92926625],[4.0648125,50.92900163],[4.06482313,50.92899699],[4.06487391,50.92897483],[4.06483288,50.9289369],[4.06481841,50.92892353],[4.06480002,50.92890669],[4.06475121,50.928928],[4.06473371,50.92891198],[4.0646296,50.9288167],[4.06466912,50.92880095],[4.06466685,50.92879867],[4.06474808,50.9287663],[4.06478841,50.928798],[4.06484891,50.92885206],[4.06488121,50.92887512],[4.06505584,50.92902261]]]}},{"type":"Feature","id":"gebouw/Gebouw.16530794/0","properties":{"source":"Digitaal Vlaanderen Gebouwenregister","source_id":"gebouw/Gebouw.16530794/0","kind":"building","height_m":5.0,"status":null},"geometry":{"type":"Polygon","coordinates":[[[4.05900156,50.93052411],[4.05891815,50.93055175],[4.05890877,50.93054046],[4.05885459,50.93055841],[4.05886416,50.93056995],[4.05874715,50.93060873],[4.05867005,50.93051581],[4.05887327,50.93044848],[4.05884027,50.93040871],[4.05892032,50.93038218],[4.05898424,50.93045922],[4.0589556,50.93046871],[4.05900156,50.93052411]]]}},{"type":"Feature","id":"gebouw/Gebouw.16530797/0","properties":{"source":"Digitaal Vlaanderen Gebouwenregister","source_id":"gebouw/Gebouw.16530797/0","kind":"building","height_m":7.16,"status":null},"geometry":{"type":"Polygon","coordinates":[[[4.0650452,50.92879502],[4.0650796,50.92881807],[4.06499697,50.9288673],[4.06495003,50.92883582],[4.06487923,50.92887626],[4.0648498,50.92885159],[4.06492208,50.92881285],[4.06498083,50.92878137],[4.06500264,50.92876968],[4.06504097,50.92879736],[4.0650452,50.92879502]]]}},{"type":"Feature","id":"gebouw/Gebouw.16530822/0","properties":{"source":"Digitaal Vlaanderen Gebouwenregister","source_id":"gebouw/Gebouw.16530822/0","kind":"building","height_m":5.0,"status":null},"geometry":{"type":"Polygon","coordinates":[[[4.06149111,50.9335134],[4.06150338,50.93352507],[4.06133915,50.93359411],[4.06130379,50.93356053],[4.06135582,50.93353866],[4.0612941,50.93348003],[4.06145052,50.93341428],[4.06149642,50.93345789],[4.06153531,50.93349482],[4.06149111,50.9335134]]]}},{"type":"Feature","id":"gebouw/Gebouw.16530836/0","properties":{"source":"Digitaal Vlaanderen Gebouwenregister","source_id":"gebouw/Gebouw.16530836/0","kind":"building","height_m":5.0,"status":null},"geometry":{"type":"Polygon","coordinates":[[[4.06758005,50.93360439],[4.06748305,50.93360964],[4.06747879,50.93358445],[4.06743577,50.93358628],[4.06742895,50.93352232],[4.06751089,50.93351874],[4.0675073,50.93349751],[4.0675653,50.9334958],[4.06756601,50.93350098],[4.06758005,50.93360439]]]}},{"type":"Feature","id":"gebouw/Gebouw.16530854/0","properties":{"source":"Digitaal Vlaanderen Gebouwenregister","source_id":"gebouw/Gebouw.16530854/0","kind":"building","height_m":7.88,"status":null},"geometry":{"type":"Polygon","coordinates":[[[4.06766916,50.93445104],[4.06761904,50.93453291],[4.06748649,50.93450031],[4.06753691,50.93441867],[4.06759378,50.93443269],[4.06759179,50.93443584],[4.06761818,50.93444238],[4.06762042,50.93443912],[4.06766916,50.93445104]]]}},{"type":"Feature","id":"gebouw/Gebouw.16530892/0","properties":{"source":"Digitaal Vlaanderen Gebouwenregister","source_id":"gebouw/Gebouw.16530892/0","kind":"building","height_m":5.0,"status":null},"geometry":{"type":"Polygon","coordinates":[[[4.06193168,50.93171975],[4.06200368,50.93177303],[4.06197267,50.93178971],[4.06189947,50.93173539],[4.06193037,50.93171878],[4.06193168,50.93171975]]]}},{"type":"Feature","id":"gebouw/Gebouw.16531063/0","properties":{"source":"Digitaal Vlaanderen Gebouwenregister","source_id":"gebouw/Gebouw.16531063/0","kind":"building","height_m":7.16,"status":null},"geometry":{"type":"Polygon","coordinates":[[[4.06137999,50.93244515],[4.0612085,50.9325411],[4.06116427,50.93251217],[4.06134102,50.93241712],[4.06137999,50.93244515]]]}},{"type":"Feature","id":"gebouw/Gebouw.16532336/0","properties":{"source":"Digitaal Vlaanderen Gebouwenregister","source_id":"gebouw/Gebouw.16532336/0","kind":"building","height_m":6.44,"status":null},"geometry":{"type":"Polygon","coordinates":[[[4.06411319,50.93392983],[4.06406012,50.93392057],[4.06406051,50.9338996],[4.06403128,50.93389513],[4.06402811,50.93388544],[4.06402148,50.93387616],[4.06400977,50.93386438],[4.06399612,50.93385604],[4.06398531,50.93385161],[4.06397189,50.93384705],[4.06395095,50.93384402],[4.06394565,50.93382451],[4.06391196,50.933824],[4.06389878,50.93379113],[4.06393071,50.93377783],[4.06398111,50.93374902],[4.06405078,50.93376125],[4.06406741,50.933805],[4.0640962,50.93382356],[4.06416476,50.93383471],[4.06419863,50.93389857],[4.06415966,50.93392433],[4.06413151,50.93391267],[4.06411319,50.93392983]]]}},{"type":"Feature","id":"gebouw/Gebouw.16532471/0","properties":{"source":"Digitaal Vlaanderen Gebouwenregister","source_id":"gebouw/Gebouw.16532471/0","kind":"building","height_m":7.88,"status":null},"geometry":{"type":"Polygon","coordinates":[[[4.0657952,50.92893387],[4.06575596,50.92896366],[4.06578216,50.92897744],[4.06572438,50.92902131],[4.06548001,50.92889276],[4.06547768,50.92889452],[4.06509109,50.92869007],[4.06513323,50.92865886],[4.06508818,50.92863458],[4.06497022,50.92857099],[4.06503595,50.92852229],[4.06530301,50.92865174],[4.06545161,50.92872994],[4.06553533,50.92877237],[4.0655943,50.92880339],[4.06558881,50.92880756],[4.06557501,50.92881804],[4.0657952,50.92893387]]]}},{"type":"Feature","id":"gebouw/Gebouw.16532614/0","properties":{"source":"Digitaal Vlaanderen Gebouwenregister","source_id":"gebouw/Gebouw.16532614/0","kind":"building","height_m":5.0,"status":null},"geometry":{"type":"Polygon","coordinates":[[[4.06578379,50.93483916],[4.06572854,50.93482245],[4.06572628,50.93482529],[4.06536547,50.93471545],[4.0655056,50.93454202],[4.06553898,50.93455133],[4.06557184,50.93451175],[4.06559753,50.93449233],[4.06565006,50.93451267],[4.06564572,50.9345177],[4.06570734,50.93453926],[4.06565229,50.93460252],[4.06559197,50.93458073],[4.06558377,50.93457777],[4.06557735,50.93457545],[4.0655379,50.93462427],[4.06554382,50.93462677],[4.06549928,50.93468139],[4.0657733,50.93476628],[4.0658265,50.93478276],[4.06578379,50.93483916]]]}},{"type":"Feature","id":"gebouw/Gebouw.16532738/0","properties":{"source":"Digitaal Vlaanderen Gebouwenregister","source_id":"gebouw/Gebouw.16532738/0","kind":"building","height_m":8.6,"status":null},"geometry":{"type":"Polygon","coordinates":[[[4.06851136,50.93522596],[4.06846355,50.93533768],[4.06833849,50.93530096],[4.06842821,50.93518739],[4.06846552,50.93519666],[4.06846163,50.93520325],[4.06845742,50.9352104],[4.06851136,50.93522596]]]}},{"type":"Feature","id":"gebouw/Gebouw.16532770/0","properties":{"source":"Digitaal Vlaanderen Gebouwenregister","source_id":"gebouw/Gebouw.16532770/0","kind":"building","height_m":6.44,"status":null},"geometry":{"type":"Polygon","coordinates":[[[4.06300585,50.93105959],[4.06307396,50.93110989],[4.06304432,50.93112598],[4.06302228,50.93110492],[4.06301824,50.93110744],[4.06297886,50.93107306],[4.06300585,50.93105959]]]}},{"type":"Feature","id":"gebouw/Gebouw.16532824/0","properties":{"source":"Digitaal Vlaanderen Gebouwenregister","source_id":"gebouw/Gebouw.16532824/0","kind":"building","height_m":5.0,"status":null},"geometry":{"type":"Polygon","coordinates":[[[4.06275544,50.93470181],[4.0627386,50.93471207],[4.06273851,50.93471202],[4.06272373,50.93470235],[4.06261509,50.93462857],[4.06261122,50.93462595],[4.06268652,50.93458046],[4.06279881,50.93465594],[4.0627566,50.93468122],[4.06277261,50.93469128],[4.06277266,50.93469132],[4.06277275,50.93469137],[4.06276988,50.93469314],[4.06276978,50.93469308],[4.06276972,50.93469304],[4.06275556,50.9346838],[4.06274109,50.93469212],[4.06275537,50.93470176],[4.06275544,50.93470181]]]}},{"type":"Feature","id":"gebouw/Gebouw.16532892/0","properties":{"source":"Digitaal Vlaanderen Gebouwenregister","source_id":"gebouw/Gebouw.16532892/0","kind":"building","height_m":8.6,"status":null},"geometry":{"type":"Polygon","coordinates":[[[4.06663864,50.93458818],[4.06649797,50.93452909],[4.06653045,50.9344941],[4.06654803,50.93450065],[4.06659011,50.93445973],[4.06670313,50.93450745],[4.0666526,50.93455523],[4.06666685,50.93456136],[4.06663864,50.93458818]]]}},{"type":"Feature","id":"gebouw/Gebouw.16532969/0","properties":{"source":"Digitaal Vlaanderen Gebouwenregister","source_id":"gebouw/Gebouw.16532969/0","kind":"building","height_m":8.6,"status":null},"geometry":{"type":"Polygon","coordinates":[[[4.06813012,50.93422542],[4.0682561,50.93427568],[4.06822847,50.93430545],[4.06827335,50.93432321],[4.0682259,50.93437293],[4.06816991,50.93435214],[4.06817424,50.93434757],[4.06805653,50.93430246],[4.06808457,50.93427325],[4.06809173,50.93427587],[4.06813469,50.93423058],[4.06812726,50.93422777],[4.06813012,50.93422542]]]}},{"type":"Feature","id":"gebouw/Gebouw.16533112/0","properties":{"source":"Digitaal Vlaanderen Gebouwenregister","source_id":"gebouw/Gebouw.16533112/0","kind":"building","height_m":5.72,"status":null},"geometry":{"type":"Polygon","coordinates":[[[4.06754378,50.92863425],[4.06758294,50.92859199],[4.06773496,50.92864826],[4.0677321,50.92865135],[4.06775825,50.92866103],[4.06772192,50.92870023],[4.06771051,50.928696],[4.06769252,50.92868934],[4.06765943,50.92867708],[4.06760929,50.92865851],[4.06756125,50.92864072],[4.06754378,50.92863425]]]}},{"type":"Feature","id":"gebouw/Gebouw.16534650/0","properties":{"source":"Digitaal Vlaanderen Gebouwenregister","source_id":"gebouw/Gebouw.16534650/0","kind":"building","height_m":9.32,"status":null},"geometry":{"type":"Polygon","coordinates":[[[4.06611844,50.92901668],[4.0661309,50.92900395],[4.06614253,50.92900933],[4.06614861,50.92900348],[4.06616379,50.92900092],[4.06617786,50.92900663],[4.06618138,50.92901698],[4.06616435,50.92903517],[4.06613306,50.92902256],[4.06611844,50.92901668]]]}},{"type":"Feature","id":"gebouw/Gebouw.16534699/0","properties":{"source":"Digitaal Vlaanderen Gebouwenregister","source_id":"gebouw/Gebouw.16534699/0","kind":"building","height_m":9.32,"status":null},"geometry":{"type":"Polygon","coordinates":[[[4.06563863,50.9285726],[4.06561948,50.92859182],[4.06558292,50.92857715],[4.06560303,50.92855712],[4.06557965,50.92854774],[4.06570624,50.92842072],[4.06576713,50.92844367],[4.06563863,50.9285726]]]}},{"type":"Feature","id":"gebouw/Gebouw.16534964/0","properties":{"source":"Digitaal Vlaanderen Gebouwenregister","source_id":"gebouw/Gebouw.16534964/0","kind":"building","height_m":8.6,"status":null},"geometry":{"type":"Polygon","coordinates":[[[4.06535682,50.9298603],[4.06527839,50.92989404],[4.06524502,50.92986306],[4.06532345,50.92982932],[4.06535682,50.9298603]]]}},{"type":"Feature","id":"gebouw/Gebouw.16534967/0","properties":{"source":"Digitaal Vlaanderen Gebouwenregister","source_id":"gebouw/Gebouw.16534967/0","kind":"building","height_m":5.72,"status":null},"geometry":{"type":"Polygon","coordinates":[[[4.0673601,50.92877955],[4.06725579,50.92889486],[4.06714868,50.92885499],[4.06729907,50.9286926],[4.06735334,50.92863401],[4.0673645,50.92862196],[4.06747139,50.92866152],[4.06743712,50.92869719],[4.06739957,50.92868315],[4.06739589,50.92868628],[4.06738358,50.92868193],[4.06736072,50.92870818],[4.06735358,50.92870553],[4.06731053,50.92875181],[4.06736656,50.92877263],[4.0673601,50.92877955]]]}},{"type":"Feature","id":"gebouw/Gebouw.16534976/0","properties":{"source":"Digitaal Vlaanderen Gebouwenregister","source_id":"gebouw/Gebouw.16534976/0","kind":"building","height_m":7.16,"status":null},"geometry":{"type":"Polygon","coordinates":[[[4.06671909,50.93484967],[4.06682949,50.93486676],[4.06683762,50.93484903],[4.06689372,50.93485871],[4.06684909,50.93496745],[4.06679409,50.93495843],[4.06679828,50.93494606],[4.06668864,50.93492825],[4.06669995,50.93489905],[4.06669363,50.93489265],[4.06669801,50.93488189],[4.0667081,50.93487802],[4.06671909,50.93484967]]]}},{"type":"Feature","id":"gebouw/Gebouw.16535080/0","properties":{"source":"Digitaal Vlaanderen Gebouwenregister","source_id":"gebouw/Gebouw.16535080/0","kind":"building","height_m":6.44,"status":null},"geometry":{"type":"Polygon","coordinates":[[[4.06253385,50.93294698],[4.06245102,50.93286849],[4.06245929,50.93286553],[4.06246672,50.93284719],[4.06244466,50.93282635],[4.06241744,50.9328213],[4.06240798,50.93282517],[4.06240263,50.93282736],[4.06228201,50.93287791],[4.06214794,50.93293404],[4.06213764,50.93293599],[4.06218497,50.9329841],[4.06219174,50.93299102],[4.0622016,50.93298687],[4.06232048,50.93293677],[4.06234286,50.93295796],[4.06233218,50.93296246],[4.06238717,50.93301457],[4.06240963,50.9330051],[4.06240541,50.9330011],[4.06253385,50.93294698]]]}},{"type":"Feature","id":"gebouw/Gebouw.16535215/0","properties":{"source":"Digitaal Vlaanderen Gebouwenregister","source_id":"gebouw/Gebouw.16535215/0","kind":"building","height_m":7.88,"status":null},"geometry":{"type":"Polygon","coordinates":[[[4.05980994,50.93123586],[4.05983989,50.93125575],[4.05977144,50.93129691],[4.05974149,50.93127702],[4.05980994,50.93123586]]]}},{"type":"Feature","id":"gebouw/Gebouw.16535266/0","properties":{"source":"Digitaal Vlaanderen Gebouwenregister","source_id":"gebouw/Gebouw.16535266/0","kind":"building","height_m":9.32,"status":null},"geometry":{"type":"Polygon","coordinates":[[[4.06522368,50.92973445],[4.06528194,50.92971593],[4.06530854,50.92974933],[4.06525027,50.92976785],[4.06522368,50.92973445]]]}},{"type":"Feature","id":"gebouw/Gebouw.16535327/0","properties":{"source":"Digitaal Vlaanderen Gebouwenregister","source_id":"gebouw/Gebouw.16535327/0","kind":"building","height_m":7.88,"status":null},"geometry":{"type":"Polygon","coordinates":[[[4.06729907,50.9286926],[4.06724476,50.9286725],[4.06723737,50.92868029],[4.06721637,50.9287032],[4.06709515,50.9288354],[4.06714868,50.92885499],[4.06729907,50.9286926]]]}},{"type":"Feature","id":"gebouw/Gebouw.16535502/0","properties":{"source":"Digitaal Vlaanderen Gebouwenregister","source_id":"gebouw/Gebouw.16535502/0","kind":"building","height_m":7.88,"status":null},"geometry":{"type":"Polygon","coordinates":[[[4.0625708,50.93135931],[4.06253729,50.93137671],[4.06249528,50.93134402],[4.0625288,50.93132663],[4.0625708,50.93135931]]]}},{"type":"Feature","id":"gebouw/Gebouw.16537073/0","properties":{"source":"Digitaal Vlaanderen Gebouwenregister","source_id":"gebouw/Gebouw.16537073/0","kind":"building","height_m":5.0,"status":null},"geometry":{"type":"Polygon","coordinates":[[[4.06731402,50.93501268],[4.06725825,50.93509872],[4.06710506,50.93506242],[4.06716077,50.93496622],[4.06718197,50.9349296],[4.06718667,50.93493088],[4.06719473,50.93491528],[4.06721092,50.93489421],[4.0672415,50.93484629],[4.06736083,50.9348757],[4.06729311,50.93498106],[4.06732889,50.93498976],[4.06731402,50.93501268]]]}},{"type":"Feature","id":"gebouw/Gebouw.16537180/0","properties":{"source":"Digitaal Vlaanderen Gebouwenregister","source_id":"gebouw/Gebouw.16537180/0","kind":"building","height_m":6.44,"status":null},"geometry":{"type":"Polygon","coordinates":[[[4.06946562,50.92924944],[4.06942853,50.9292897],[4.0693791,50.92926919],[4.0694023,50.9292467],[4.0694192,50.92923032],[4.06946562,50.92924944]]]}},{"type":"Feature","id":"gebouw/Gebouw.16537191/0","properties":{"source":"Digitaal Vlaanderen Gebouwenregister","source_id":"gebouw/Gebouw.16537191/0","kind":"building","height_m":9.32,"status":null},"geometry":{"type":"Polygon","coordinates":[[[4.06023372,50.93133412],[4.06026533,50.93135548],[4.06022685,50.93137822],[4.06019524,50.93135686],[4.06023372,50.93133412]]]}},{"type":"Feature","id":"gebouw/Gebouw.16537237/0","properties":{"source":"Digitaal Vlaanderen Gebouwenregister","source_id":"gebouw/Gebouw.16537237/0","kind":"building","height_m":7.16,"status":null},"geometry":{"type":"Polygon","coordinates":[[[4.06199582,50.9328367],[4.06179041,50.9329246],[4.06174067,50.93289223],[4.0619564,50.93279992],[4.06199582,50.9328367]]]}},{"type":"Feature","id":"gebouw/Gebouw.16537320/0","properties":{"source":"Digitaal Vlaanderen Gebouwenregister","source_id":"gebouw/Gebouw.16537320/0","kind":"building","height_m":6.44,"status":null},"geometry":{"type":"Polygon","coordinates":[[[4.06846257,50.92982775],[4.06843919,50.92984944],[4.06840518,50.92983481],[4.06839283,50.92984628],[4.06834491,50.92982566],[4.06838014,50.92979229],[4.06846257,50.92982775]]]}},{"type":"Feature","id":"gebouw/Gebouw.16537326/0","properties":{"source":"Digitaal Vlaanderen Gebouwenregister","source_id":"gebouw/Gebouw.16537326/0","kind":"building","height_m":5.72,"status":null},"geometry":{"type":"Polygon","coordinates":[[[4.06399735,50.9299453],[4.06385551,50.93002254],[4.06381828,50.9299964],[4.06382395,50.92999323],[4.06378419,50.92996483],[4.06377832,50.92996791],[4.06377538,50.92996567],[4.06380926,50.92994633],[4.06380512,50.9299324],[4.06383872,50.92991227],[4.06386113,50.92991731],[4.0639154,50.92988689],[4.06399735,50.9299453]]]}},{"type":"Feature","id":"gebouw/Gebouw.16537398/0","properties":{"source":"Digitaal Vlaanderen Gebouwenregister","source_id":"gebouw/Gebouw.16537398/0","kind":"building","height_m":7.16,"status":null},"geometry":{"type":"Polygon","coordinates":[[[4.06693232,50.92862293],[4.06682724,50.92873544],[4.06677356,50.92871569],[4.06688207,50.92859595],[4.06693814,50.92861671],[4.06693232,50.92862293]]]}},{"type":"Feature","id":"gebouw/Gebouw.16537433/0","properties":{"source":"Digitaal Vlaanderen Gebouwenregister","source_id":"gebouw/Gebouw.16537433/0","kind":"building","height_m":7.16,"status":null},"geometry":{"type":"Polygon","coordinates":[[[4.06649726,50.93443034],[4.06644788,50.93441049],[4.0664745,50.93438405],[4.06652388,50.93440391],[4.06649726,50.93443034]]]}},{"type":"Feature","id":"gebouw/Gebouw.16537444/0","properties":{"source":"Digitaal Vlaanderen Gebouwenregister","source_id":"gebouw/Gebouw.16537444/0","kind":"building","height_m":5.0,"status":null},"geometry":{"type":"Polygon","coordinates":[[[4.05967603,50.93130554],[4.05969791,50.93132034],[4.05963345,50.93135837],[4.05961594,50.93134651],[4.05957613,50.93136999],[4.05951825,50.93133081],[4.05967211,50.93124005],[4.05972563,50.93127628],[4.05967603,50.93130554]]]}},{"type":"Feature","id":"gebouw/Gebouw.16537553/0","properties":{"source":"Digitaal Vlaanderen Gebouwenregister","source_id":"gebouw/Gebouw.16537553/0","kind":"building","height_m":7.88,"status":null},"geometry":{"type":"Polygon","coordinates":[[[4.06164252,50.93199085],[4.06168519,50.93201933],[4.06163916,50.93204687],[4.06159649,50.93201839],[4.06164252,50.93199085]]]}},{"type":"Feature","id":"gebouw/Gebouw.16537585/0","properties":{"source":"Digitaal Vlaanderen Gebouwenregister","source_id":"gebouw/Gebouw.16537585/0","kind":"building","height_m":5.72,"status":null},"geometry":{"type":"Polygon","coordinates":[[[4.06722944,50.93484812],[4.06721396,50.93487807],[4.06717018,50.93487053],[4.06718445,50.93483929],[4.06722944,50.93484812]]]}},{"type":"Feature","id":"gebouw/Gebouw.16537622/0","properties":{"source":"Digitaal Vlaanderen Gebouwenregister","source_id":"gebouw/Gebouw.16537622/0","kind":"building","height_m":7.16,"status":null},"geometry":{"type":"Polygon","coordinates":[[[4.06052965,50.9318112],[4.06058843,50.93185149],[4.06055751,50.93187275],[4.06049606,50.931832],[4.06045764,50.93180654],[4.06043844,50.93179383],[4.06047406,50.9317731],[4.06052965,50.9318112]]]}},{"type":"Feature","id":"gebouw/Gebouw.16537673/0","properties":{"source":"Digitaal Vlaanderen Gebouwenregister","source_id":"gebouw/Gebouw.16537673/0","kind":"building","height_m":8.6,"status":null},"geometry":{"type":"Polygon","coordinates":[[[4.06046632,50.93176779],[4.06047406,50.9317731],[4.06043844,50.93179383],[4.06040192,50.93181508],[4.06039501,50.9318191],[4.06024385,50.93190706],[4.06018276,50.93186657],[4.06034192,50.93177395],[4.06041406,50.93173197],[4.06046632,50.93176779]]]}},{"type":"Feature","id":"gebouw/Gebouw.16537785/0","properties":{"source":"Digitaal Vlaanderen Gebouwenregister","source_id":"gebouw/Gebouw.16537785/0","kind":"building","height_m":8.6,"status":null},"geometry":{"type":"Polygon","coordinates":[[[4.06033121,50.9314807],[4.06038561,50.93151794],[4.06032152,50.93155454],[4.0602691,50.93151806],[4.06033121,50.9314807]]]}},{"type":"Feature","id":"gebouw/Gebouw.16537847/0","properties":{"source":"Digitaal Vlaanderen Gebouwenregister","source_id":"gebouw/Gebouw.16537847/0","kind":"building","height_m":7.88,"status":null},"geometry":{"type":"Polygon","coordinates":[[[4.06576012,50.92870318],[4.06570634,50.92874047],[4.06566718,50.92872052],[4.06566319,50.92872364],[4.06562475,50.92870405],[4.06564229,50.9286903],[4.06556168,50.92864922],[4.06559395,50.92861743],[4.06564918,50.92864593],[4.06576012,50.92870318]]]}},{"type":"Feature","id":"gebouw/Gebouw.16537880/0","properties":{"source":"Digitaal Vlaanderen Gebouwenregister","source_id":"gebouw/Gebouw.16537880/0","kind":"building","height_m":6.44,"status":null},"geometry":{"type":"Polygon","coordinates":[[[4.06132927,50.92958283],[4.06132094,50.92958604],[4.06128857,50.92959853],[4.06131114,50.92961915],[4.061309,50.92962002],[4.06132423,50.92963605],[4.06120123,50.92968361],[4.0610992,50.92957627],[4.0612222,50.9295287],[4.06118371,50.92949322],[4.06121208,50.92948225],[4.06122235,50.92947828],[4.06132927,50.92958283]]]}},{"type":"Feature","id":"gebouw/Gebouw.16539824/0","properties":{"source":"Digitaal Vlaanderen Gebouwenregister","source_id":"gebouw/Gebouw.16539824/0","kind":"building","height_m":5.0,"status":null},"geometry":{"type":"Polygon","coordinates":[[[4.06613208,50.9287474],[4.06610019,50.92877851],[4.06604132,50.92875666],[4.06607277,50.92872538],[4.06608658,50.92871164],[4.06619466,50.92860413],[4.06625561,50.92862686],[4.06613208,50.9287474]]]}},{"type":"Feature","id":"gebouw/Gebouw.16540086/0","properties":{"source":"Digitaal Vlaanderen Gebouwenregister","source_id":"gebouw/Gebouw.16540086/0","kind":"building","height_m":7.16,"status":null},"geometry":{"type":"Polygon","coordinates":[[[4.06069754,50.92983722],[4.06078794,50.92992942],[4.06070149,50.92996327],[4.06066944,50.92993082],[4.06061273,50.92987341],[4.06064193,50.92986189],[4.06062817,50.92984786],[4.060681,50.92982717],[4.06069271,50.92983911],[4.06069754,50.92983722]]]}},{"type":"Feature","id":"gebouw/Gebouw.16540098/0","properties":{"source":"Digitaal Vlaanderen Gebouwenregister","source_id":"gebouw/Gebouw.16540098/0","kind":"building","height_m":5.72,"status":null},"geometry":{"type":"Polygon","coordinates":[[[4.06374704,50.92956732],[4.06339475,50.92971069],[4.06316553,50.92947526],[4.06315209,50.92946955],[4.06314102,50.92946208],[4.0631329,50.92945322],[4.06312814,50.92944344],[4.06312697,50.92943323],[4.06312947,50.92942311],[4.06313549,50.92941362],[4.06314385,50.92940577],[4.06315446,50.92939909],[4.06316691,50.92939383],[4.06318074,50.92939022],[4.06319544,50.92938836],[4.0631627,50.9293557],[4.06343669,50.92924707],[4.0635853,50.92940042],[4.06374704,50.92956732]]]}},{"type":"Feature","id":"gebouw/Gebouw.16540261/0","properties":{"source":"Digitaal Vlaanderen Gebouwenregister","source_id":"gebouw/Gebouw.16540261/0","kind":"building","height_m":7.16,"status":null},"geometry":{"type":"Polygon","coordinates":[[[4.06120386,50.92943302],[4.06123636,50.92946714],[4.06119718,50.92948204],[4.06116468,50.92944792],[4.06120386,50.92943302]]]}},{"type":"Feature","id":"gebouw/Gebouw.16540436/0","properties":{"source":"Digitaal Vlaanderen Gebouwenregister","source_id":"gebouw/Gebouw.16540436/0","kind":"building","height_m":7.16,"status":null},"geometry":{"type":"Polygon","coordinates":[[[4.0687285,50.92933303],[4.06861589,50.92929116],[4.06871235,50.92918829],[4.06871379,50.92918891],[4.06879868,50.92909836],[4.06879635,50.92909747],[4.06879936,50.92909445],[4.06880122,50.92909521],[4.06882063,50.92907491],[4.06881189,50.92907129],[4.06881458,50.92906871],[4.0688234,50.92907213],[4.06885091,50.92904291],[4.06884178,50.92903956],[4.06884432,50.92903672],[4.06885339,50.92903974],[4.06887261,50.92902035],[4.068869,50.92901885],[4.06887099,50.92901686],[4.06910158,50.92910892],[4.0691132,50.92911356],[4.06900829,50.92922569],[4.06900255,50.92923182],[4.06899199,50.92922789],[4.06887159,50.92918288],[4.0687285,50.92933303]]]}},{"type":"Feature","id":"gebouw/Gebouw.16541809/0","properties":{"source":"Digitaal Vlaanderen Gebouwenregister","source_id":"gebouw/Gebouw.16541809/0","kind":"building","height_m":7.88,"status":null},"geometry":{"type":"Polygon","coordinates":[[[4.06711592,50.93482564],[4.06713108,50.9347857],[4.06722688,50.93480022],[4.0672115,50.9348407],[4.06711592,50.93482564]]]}},{"type":"Feature","id":"gebouw/Gebouw.16541963/0","properties":{"source":"Digitaal Vlaanderen Gebouwenregister","source_id":"gebouw/Gebouw.16541963/0","kind":"building","height_m":7.88,"status":null},"geometry":{"type":"Polygon","coordinates":[[[4.06114683,50.93224888],[4.06093501,50.932363],[4.060931,50.93236036],[4.0609317,50.9323598],[4.06084632,50.93230317],[4.06084552,50.93230372],[4.06083964,50.93229969],[4.06096914,50.93222434],[4.06098978,50.93223851],[4.06104968,50.93220366],[4.0610524,50.93220553],[4.06108353,50.93218741],[4.06116443,50.9322394],[4.06114683,50.93224888]]]}},{"type":"Feature","id":"gebouw/Gebouw.16542132/0","properties":{"source":"Digitaal Vlaanderen Gebouwenregister","source_id":"gebouw/Gebouw.16542132/0","kind":"building","height_m":8.6,"status":null},"geometry":{"type":"Polygon","coordinates":[[[4.06749104,50.93422635],[4.06741221,50.93419823],[4.06744193,50.93416557],[4.06739734,50.9341497],[4.0674522,50.93408872],[4.06744159,50.93408529],[4.06744771,50.93407848],[4.06745866,50.93408191],[4.06747429,50.93406362],[4.06759852,50.93410604],[4.06749104,50.93422635]]]}},{"type":"Feature","id":"gebouw/Gebouw.16542194/0","properties":{"source":"Digitaal Vlaanderen Gebouwenregister","source_id":"gebouw/Gebouw.16542194/0","kind":"building","height_m":7.88,"status":null},"geometry":{"type":"Polygon","coordinates":[[[4.05944577,50.93178318],[4.05953744,50.93172786],[4.05957379,50.93175191],[4.05958513,50.93174512],[4.05963061,50.9317748],[4.05961939,50.9317814],[4.05965551,50.93180559],[4.05957827,50.93185165],[4.05957132,50.93184705],[4.05950979,50.93180633],[4.0594946,50.9318155],[4.05944577,50.93178318]]]}},{"type":"Feature","id":"gebouw/Gebouw.16542218/0","properties":{"source":"Digitaal Vlaanderen Gebouwenregister","source_id":"gebouw/Gebouw.16542218/0","kind":"building","height_m":5.0,"status":null},"geometry":{"type":"Polygon","coordinates":[[[4.06699713,50.92863414],[4.06688035,50.92875584],[4.06682724,50.92873544],[4.06693232,50.92862293],[4.06696443,50.92863482],[4.06697325,50.9286253],[4.06699713,50.92863414]]]}},{"type":"Feature","id":"gebouw/Gebouw.16542221/0","properties":{"source":"Digitaal Vlaanderen Gebouwenregister","source_id":"gebouw/Gebouw.16542221/0","kind":"building","height_m":7.16,"status":null},"geometry":{"type":"Polygon","coordinates":[[[4.06081533,50.93196252],[4.06075561,50.93199855],[4.06072751,50.93197993],[4.06070659,50.93199254],[4.06055313,50.93189085],[4.06056956,50.93188095],[4.0606529,50.93183073],[4.060825,50.93172702],[4.06097759,50.93182815],[4.06080317,50.93193325],[4.06078641,50.93194335],[4.06081533,50.93196252]]]}},{"type":"Feature","id":"gebouw/Gebouw.16542268/0","properties":{"source":"Digitaal Vlaanderen Gebouwenregister","source_id":"gebouw/Gebouw.16542268/0","kind":"building","height_m":5.72,"status":null},"geometry":{"type":"Polygon","coordinates":[[[4.06240061,50.93277212],[4.06234144,50.93276338],[4.06236276,50.93270579],[4.06242193,50.93271452],[4.06240061,50.93277212]]]}},{"type":"Feature","id":"gebouw/Gebouw.16542446/0","properties":{"source":"Digitaal Vlaanderen Gebouwenregister","source_id":"gebouw/Gebouw.16542446/0","kind":"building","height_m":7.88,"status":null},"geometry":{"type":"Polygon","coordinates":[[[4.06151798,50.93287355],[4.06143983,50.93291975],[4.06137289,50.93287592],[4.06133369,50.93289983],[4.06135414,50.93291323],[4.06132275,50.93293237],[4.06131656,50.93292831],[4.06130359,50.93293622],[4.0613098,50.93294029],[4.06127923,50.93295893],[4.06120941,50.93291321],[4.06138108,50.93280853],[4.06140244,50.9327955],[4.06151798,50.93287355]]]}},{"type":"Feature","id":"gebouw/Gebouw.16544292/0","properties":{"source":"Digitaal Vlaanderen Gebouwenregister","source_id":"gebouw/Gebouw.16544292/0","kind":"building","height_m":6.44,"status":null},"geometry":{"type":"Polygon","coordinates":[[[4.06713759,50.92863166],[4.06698672,50.92879615],[4.06693454,50.92877668],[4.06709336,50.92860292],[4.06714605,50.92862243],[4.06713759,50.92863166]]]}},{"type":"Feature","id":"gebouw/Gebouw.16544384/0","properties":{"source":"Digitaal Vlaanderen Gebouwenregister","source_id":"gebouw/Gebouw.16544384/0","kind":"building","height_m":7.16,"status":null},"geometry":{"type":"Polygon","coordinates":[[[4.06165325,50.92935181],[4.06156783,50.92926315],[4.06163748,50.92923635],[4.06164389,50.929243],[4.06172142,50.92921317],[4.06177763,50.92927151],[4.06180031,50.92926278],[4.06192668,50.92939393],[4.06181144,50.92943827],[4.06170789,50.92933079],[4.06165325,50.92935181]]]}},{"type":"Feature","id":"gebouw/Gebouw.16544444/0","properties":{"source":"Digitaal Vlaanderen Gebouwenregister","source_id":"gebouw/Gebouw.16544444/0","kind":"building","height_m":5.0,"status":null},"geometry":{"type":"Polygon","coordinates":[[[4.06045378,50.93148429],[4.06051317,50.93144928],[4.06054515,50.93147094],[4.06048576,50.93150595],[4.06045378,50.93148429]]]}},{"type":"Feature","id":"gebouw/Gebouw.16544458/0","properties":{"source":"Digitaal Vlaanderen Gebouwenregister","source_id":"gebouw/Gebouw.16544458/0","kind":"building","height_m":5.0,"status":null},"geometry":{"type":"Polygon","coordinates":[[[4.06680904,50.93424049],[4.06684947,50.93420222],[4.06686513,50.93418707],[4.06700151,50.93424422],[4.06692292,50.93431911],[4.0667867,50.93426202],[4.06680904,50.93424049]]]}},{"type":"Feature","id":"gebouw/Gebouw.16544484/0","properties":{"source":"Digitaal Vlaanderen Gebouwenregister","source_id":"gebouw/Gebouw.16544484/0","kind":"building","height_m":8.6,"status":null},"geometry":{"type":"Polygon","coordinates":[[[4.06360732,50.93408161],[4.06355102,50.93404289],[4.0636118,50.93400757],[4.0636681,50.9340463],[4.06360732,50.93408161]]]}},{"type":"Feature","id":"gebouw/Gebouw.16544541/0","properties":{"source":"Digitaal Vlaanderen Gebouwenregister","source_id":"gebouw/Gebouw.16544541/0","kind":"building","height_m":9.32,"status":null},"geometry":{"type":"Polygon","coordinates":[[[4.06454492,50.92894094],[4.06449654,50.9289615],[4.06436744,50.92883377],[4.06441678,50.92881436],[4.06449854,50.92889513],[4.06454492,50.92894094]]]}},{"type":"Feature","id":"gebouw/Gebouw.16544565/0","properties":{"source":"Digitaal Vlaanderen Gebouwenregister","source_id":"gebouw/Gebouw.16544565/0","kind":"building","height_m":6.44,"status":null},"geometry":{"type":"Polygon","coordinates":[[[4.06222947,50.93340103],[4.06218625,50.93337268],[4.0621219,50.93341148],[4.06216506,50.93343987],[4.06222947,50.93340103]]]}},{"type":"Feature","id":"gebouw/Gebouw.16544586/0","properties":{"source":"Digitaal Vlaanderen Gebouwenregister","source_id":"gebouw/Gebouw.16544586/0","kind":"building","height_m":6.44,"status":null},"geometry":{"type":"Polygon","coordinates":[[[4.06544625,50.92873401],[4.06549642,50.92869592],[4.06557889,50.92873929],[4.06552937,50.92877689],[4.06544625,50.92873401]]]}},{"type":"Feature","id":"gebouw/Gebouw.16544620/0","properties":{"source":"Digitaal Vlaanderen Gebouwenregister","source_id":"gebouw/Gebouw.16544620/0","kind":"building","height_m":5.72,"status":null},"geometry":{"type":"Polygon","coordinates":[[[4.06845429,50.92875588],[4.06840301,50.92881027],[4.06820212,50.92873462],[4.06817969,50.92875841],[4.0680183,50.92869808],[4.06804293,50.92867379],[4.06810547,50.92868494],[4.06816046,50.92870522],[4.06820109,50.92866123],[4.06830545,50.92870024],[4.06845429,50.92875588]]]}},{"type":"Feature","id":"gebouw/Gebouw.16544624/0","properties":{"source":"Digitaal Vlaanderen Gebouwenregister","source_id":"gebouw/Gebouw.16544624/0","kind":"building","height_m":8.6,"status":null},"geometry":{"type":"Polygon","coordinates":[[[4.06043226,50.93224013],[4.0605114,50.93229163],[4.06044837,50.93233031],[4.06036923,50.93227882],[4.06043226,50.93224013]]]}},{"type":"Feature","id":"gebouw/Gebouw.16544637/0","properties":{"source":"Digitaal Vlaanderen Gebouwenregister","source_id":"gebouw/Gebouw.16544637/0","kind":"building","height_m":7.88,"status":null},"geometry":{"type":"Polygon","coordinates":[[[4.06423763,50.92980106],[4.06418826,50.92983076],[4.0641617,50.92981313],[4.06421107,50.92978343],[4.06423763,50.92980106]]]}},{"type":"Feature","id":"gebouw/Gebouw.16544902/0","properties":{"source":"Digitaal Vlaanderen Gebouwenregister","source_id":"gebouw/Gebouw.16544902/0","kind":"building","height_m":7.16,"status":null},"geometry":{"type":"Polygon","coordinates":[[[4.06209109,50.93274229],[4.06198155,50.93278916],[4.06195766,50.93277079],[4.06195165,50.93276714],[4.06194596,50.9327624],[4.06194213,50.93275711],[4.06194124,50.93275169],[4.06194201,50.93274766],[4.06193274,50.93273853],[4.06204028,50.93269135],[4.06204481,50.93269581],[4.06219385,50.93263353],[4.06223961,50.93267873],[4.06209109,50.93274229]]]}},{"type":"Feature","id":"gebouw/Gebouw.16545017/0","properties":{"source":"Digitaal Vlaanderen Gebouwenregister","source_id":"gebouw/Gebouw.16545017/0","kind":"building","height_m":9.32,"status":null},"geometry":{"type":"Polygon","coordinates":[[[4.06302689,50.93451748],[4.0629848,50.93454305],[4.0629996,50.93455276],[4.06299694,50.93455437],[4.06298322,50.9345455],[4.06296875,50.93455399],[4.06298255,50.9345631],[4.06296557,50.93457338],[4.06295079,50.93456353],[4.06283794,50.93448825],[4.06291674,50.9344407],[4.06302689,50.93451748]]]}},{"type":"Feature","id":"gebouw/Gebouw.16545043/0","properties":{"source":"Digitaal Vlaanderen Gebouwenregister","source_id":"gebouw/Gebouw.16545043/0","kind":"building","height_m":7.88,"status":null},"geometry":{"type":"Polygon","coordinates":[[[4.06716077,50.93496622],[4.06710506,50.93506242],[4.06705736,50.93505111],[4.06707229,50.93502388],[4.06697404,50.93500048],[4.06701516,50.93493156],[4.06716077,50.93496622]]]}},{"type":"Feature","id":"gebouw/Gebouw.16545117/0","properties":{"source":"Digitaal Vlaanderen Gebouwenregister","source_id":"gebouw/Gebouw.16545117/0","kind":"building","height_m":5.72,"status":null},"geometry":{"type":"Polygon","coordinates":[[[4.06538801,50.93446774],[4.06524533,50.93441718],[4.06529974,50.93435809],[4.06531385,50.93436309],[4.06536802,50.93429785],[4.06549284,50.93434399],[4.06544001,50.93440744],[4.06544473,50.9344089],[4.06538801,50.93446774]]]}},{"type":"Feature","id":"gebouw/Gebouw.16546386/0","properties":{"source":"Digitaal Vlaanderen Gebouwenregister","source_id":"gebouw/Gebouw.16546386/0","kind":"building","height_m":7.16,"status":null},"geometry":{"type":"Polygon","coordinates":[[[4.06475406,50.92968544],[4.06495483,50.92960934],[4.06459162,50.92922581],[4.06457708,50.92921046],[4.06453843,50.92916965],[4.06448992,50.92911842],[4.06442676,50.92905173],[4.06440489,50.92902864],[4.06439063,50.92903454],[4.06431424,50.92895603],[4.06428079,50.92896986],[4.06428949,50.92897777],[4.0642628,50.92898794],[4.06425687,50.92898156],[4.06423176,50.92899201],[4.06419036,50.92900777],[4.0641541,50.92902167],[4.06413509,50.92902893],[4.06412878,50.92902244],[4.06397175,50.92908307],[4.06421735,50.92933712],[4.06393175,50.92944601],[4.06403726,50.92955653],[4.06418164,50.92950148],[4.06435586,50.92968398],[4.06443589,50.92965305],[4.06454351,50.92976524],[4.06466425,50.92971948],[4.06469072,50.92970945],[4.06473107,50.92969415],[4.06475406,50.92968544]]]}},{"type":"Feature","id":"gebouw/Gebouw.16546455/0","properties":{"source":"Digitaal Vlaanderen Gebouwenregister","source_id":"gebouw/Gebouw.16546455/0","kind":"building","height_m":6.44,"status":null},"geometry":{"type":"Polygon","coordinates":[[[4.06855376,50.9325807],[4.06851173,50.93262091],[4.06848214,50.93260856],[4.06852417,50.93256835],[4.06855376,50.9325807]]]}},{"type":"Feature","id":"gebouw/Gebouw.16546498/0","properties":{"source":"Digitaal Vlaanderen Gebouwenregister","source_id":"gebouw/Gebouw.16546498/0","kind":"building","height_m":7.16,"status":null},"geometry":{"type":"Polygon","coordinates":[[[4.06001262,50.93152319],[4.05997319,50.93154692],[4.05983433,50.93163046],[4.05980251,50.93160919],[4.05981115,50.93160358],[4.05979581,50.93159364],[4.05988247,50.93154022],[4.05989627,50.93154915],[4.05993134,50.93152753],[4.05992357,50.9315225],[4.05997418,50.9314913],[4.06001815,50.93151978],[4.06001262,50.93152319]]]}},{"type":"Feature","id":"gebouw/Gebouw.16546505/0","properties":{"source":"Digitaal Vlaanderen Gebouwenregister","source_id":"gebouw/Gebouw.16546505/0","kind":"building","height_m":7.16,"status":null},"geometry":{"type":"Polygon","coordinates":[[[4.06774887,50.92888383],[4.06762587,50.92903269],[4.06757156,50.92901282],[4.06770146,50.92886351],[4.06773151,50.92887238],[4.06772765,50.92887759],[4.06774887,50.92888383]]]}},{"type":"Feature","id":"gebouw/Gebouw.16546994/0","properties":{"source":"Digitaal Vlaanderen Gebouwenregister","source_id":"gebouw/Gebouw.16546994/0","kind":"building","height_m":6.44,"status":null},"geometry":{"type":"Polygon","coordinates":[[[4.06672978,50.92851776],[4.06677292,50.9285316],[4.06671127,50.92860836],[4.06673853,50.92861711],[4.06668689,50.92868326],[4.06662018,50.92865835],[4.06672185,50.92852793],[4.06672978,50.92851776]]]}},{"type":"Feature","id":"gebouw/Gebouw.16548240/0","properties":{"source":"Digitaal Vlaanderen Gebouwenregister","source_id":"gebouw/Gebouw.16548240/0","kind":"building","height_m":6.44,"status":null},"geometry":{"type":"Polygon","coordinates":[[[4.06534375,50.92861856],[4.06530261,50.92865153],[4.06529627,50.92865661],[4.06515254,50.92858245],[4.06514338,50.92857772],[4.06503595,50.92852229],[4.06509707,50.92847719],[4.06520151,50.92853009],[4.06525315,50.92855624],[4.06524826,50.92855996],[4.06530793,50.92859135],[4.06530142,50.9285963],[4.06534375,50.92861856]]]}},{"type":"Feature","id":"gebouw/Gebouw.16548242/0","properties":{"source":"Digitaal Vlaanderen Gebouwenregister","source_id":"gebouw/Gebouw.16548242/0","kind":"building","height_m":7.88,"status":null},"geometry":{"type":"Polygon","coordinates":[[[4.06631395,50.93486564],[4.0663095,50.93487643],[4.06630453,50.93487572],[4.06630561,50.93487277],[4.06624152,50.9348628],[4.0662439,50.93485771],[4.06621805,50.93485337],[4.06621485,50.93486141],[4.06614432,50.93485007],[4.06614577,50.93484647],[4.06616252,50.93480488],[4.06616322,50.93480315],[4.0661685,50.93480392],[4.0661804,50.9347732],[4.0662379,50.93478324],[4.0662433,50.93477181],[4.06634569,50.93478866],[4.06634223,50.93479706],[4.06631395,50.93486564]]]}},{"type":"Feature","id":"gebouw/Gebouw.16548248/0","properties":{"source":"Digitaal Vlaanderen Gebouwenregister","source_id":"gebouw/Gebouw.16548248/0","kind":"building","height_m":7.16,"status":null},"geometry":{"type":"Polygon","coordinates":[[[4.06864801,50.93446108],[4.06868934,50.93446865],[4.06866452,50.9345228],[4.06863186,50.93451815],[4.06860115,50.9345945],[4.06845116,50.93456699],[4.06847982,50.93449317],[4.06845012,50.93448793],[4.06847611,50.93442653],[4.06854205,50.9344377],[4.06854797,50.93442464],[4.06865558,50.93444411],[4.06864801,50.93446108]]]}},{"type":"Feature","id":"gebouw/Gebouw.16548362/0","properties":{"source":"Digitaal Vlaanderen Gebouwenregister","source_id":"gebouw/Gebouw.16548362/0","kind":"building","height_m":8.6,"status":null},"geometry":{"type":"Polygon","coordinates":[[[4.06126232,50.93234915],[4.06107486,50.93245433],[4.06103089,50.93242523],[4.06120077,50.93232992],[4.06122032,50.93231895],[4.06126232,50.93234915]]]}},{"type":"Feature","id":"gebouw/Gebouw.16548415/0","properties":{"source":"Digitaal Vlaanderen Gebouwenregister","source_id":"gebouw/Gebouw.16548415/0","kind":"building","height_m":6.44,"status":null},"geometry":{"type":"Polygon","coordinates":[[[4.06856717,50.93472037],[4.06859505,50.93466151],[4.06871891,50.93468514],[4.06869043,50.93474403],[4.06856717,50.93472037]]]}},{"type":"Feature","id":"gebouw/Gebouw.16548830/0","properties":{"source":"Digitaal Vlaanderen Gebouwenregister","source_id":"gebouw/Gebouw.16548830/0","kind":"building","height_m":7.88,"status":null},"geometry":{"type":"Polygon","coordinates":[[[4.06253389,50.93526429],[4.06267956,50.93533105],[4.06270726,50.93530693],[4.06265993,50.93528524],[4.0627249,50.93523067],[4.06262798,50.93518459],[4.06259035,50.9352162],[4.06257705,50.93520959],[4.06257422,50.93521187],[4.06258237,50.93521586],[4.06257217,50.93522432],[4.06256382,50.93522035],[4.06251971,50.93525683],[4.06253389,50.93526429]]]}},{"type":"Feature","id":"gebouw/Gebouw.16548834/0","properties":{"source":"Digitaal Vlaanderen Gebouwenregister","source_id":"gebouw/Gebouw.16548834/0","kind":"building","height_m":5.72,"status":null},"geometry":{"type":"Polygon","coordinates":[[[4.05976153,50.93118444],[4.05964303,50.93110336],[4.05974226,50.93104675],[4.05974875,50.93104305],[4.05978411,50.93106749],[4.05989692,50.93114332],[4.05988639,50.93114995],[4.05983316,50.93118348],[4.05980039,50.93116106],[4.05976153,50.93118444]]]}},{"type":"Feature","id":"gebouw/Gebouw.16549230/0","properties":{"source":"Digitaal Vlaanderen Gebouwenregister","source_id":"gebouw/Gebouw.16549230/0","kind":"building","height_m":8.6,"status":null},"geometry":{"type":"Polygon","coordinates":[[[4.06431046,50.93028476],[4.06430414,50.93028093],[4.06427814,50.93029481],[4.06409988,50.93016594],[4.06420327,50.9301077],[4.06422277,50.93012135],[4.06423559,50.93011404],[4.06428091,50.93014697],[4.06426749,50.93015434],[4.06438738,50.93024144],[4.06431046,50.93028476]]]}},{"type":"Feature","id":"gebouw/Gebouw.16550024/0","properties":{"source":"Digitaal Vlaanderen Gebouwenregister","source_id":"gebouw/Gebouw.16550024/0","kind":"building","height_m":5.72,"status":null},"geometry":{"type":"Polygon","coordinates":[[[4.0640461,50.93525369],[4.06400419,50.93523369],[4.06406602,50.93518254],[4.06410738,50.93520224],[4.0640461,50.93525369]]]}},{"type":"Feature","id":"gebouw/Gebouw.16550040/0","properties":{"source":"Digitaal Vlaanderen Gebouwenregister","source_id":"gebouw/Gebouw.16550040/0","kind":"building","height_m":7.16,"status":null},"geometry":{"type":"Polygon","coordinates":[[[4.06765943,50.92867708],[4.06762364,50.9287185],[4.06757231,50.92870035],[4.06760929,50.92865851],[4.06765943,50.92867708]]]}},{"type":"Feature","id":"gebouw/Gebouw.16550114/0","properties":{"source":"Digitaal Vlaanderen Gebouwenregister","source_id":"gebouw/Gebouw.16550114/0","kind":"building","height_m":5.0,"status":null},"geometry":{"type":"Polygon","coordinates":[[[4.0659309,50.93486291],[4.06592854,50.93486851],[4.06584996,50.93485525],[4.06588389,50.93477494],[4.06591268,50.93474773],[4.06598718,50.93476271],[4.06599855,50.93475131],[4.06600225,50.93475286],[4.06601617,50.93473966],[4.06604994,50.93475324],[4.06600137,50.93479936],[4.06596838,50.9347864],[4.0659623,50.9347886],[4.0659309,50.93486291]]]}},{"type":"Feature","id":"gebouw/Gebouw.16550134/0","properties":{"source":"Digitaal Vlaanderen Gebouwenregister","source_id":"gebouw/Gebouw.16550134/0","kind":"building","height_m":9.32,"status":null},"geometry":{"type":"Polygon","coordinates":[[[4.06006353,50.93220059],[4.05998921,50.93224025],[4.05996166,50.93222231],[4.05999656,50.93220124],[4.05998228,50.93219179],[4.05999046,50.93218686],[4.05992679,50.93214473],[4.05993239,50.93214142],[4.06005831,50.93206706],[4.06012862,50.93211359],[4.06002582,50.93217562],[4.06006353,50.93220059]]]}},{"type":"Feature","id":"gebouw/Gebouw.16550394/0","properties":{"source":"Digitaal Vlaanderen Gebouwenregister","source_id":"gebouw/Gebouw.16550394/0","kind":"building","height_m":5.0,"status":null},"geometry":{"type":"Polygon","coordinates":[[[4.06152422,50.92956896],[4.06145634,50.92959546],[4.06144875,50.92958822],[4.06140253,50.92960607],[4.06136624,50.92956855],[4.06132927,50.92958283],[4.06122235,50.92947828],[4.0612668,50.92946109],[4.06131015,50.92950586],[4.06133558,50.92949602],[4.06136745,50.92950063],[4.06138003,50.92951325],[4.06144482,50.92948743],[4.06146603,50.92950776],[4.06147876,50.92950284],[4.06153178,50.92955575],[4.0615171,50.92956147],[4.06152422,50.92956896]]]}},{"type":"Feature","id":"gebouw/Gebouw.16550397/0","properties":{"source":"Digitaal Vlaanderen Gebouwenregister","source_id":"gebouw/Gebouw.16550397/0","kind":"building","height_m":7.16,"status":null},"geometry":{"type":"Polygon","coordinates":[[[4.06778011,50.92925713],[4.06759459,50.92945367],[4.06756602,50.92944295],[4.06753883,50.92944753],[4.06753029,50.92942585],[4.06756562,50.92938823],[4.06753397,50.92937636],[4.0675535,50.92935556],[4.06750342,50.92933676],[4.06751746,50.92932203],[4.0676325,50.92920132],[4.06778011,50.92925713]]]}},{"type":"Feature","id":"gebouw/Gebouw.16550416/0","properties":{"source":"Digitaal Vlaanderen Gebouwenregister","source_id":"gebouw/Gebouw.16550416/0","kind":"building","height_m":5.72,"status":null},"geometry":{"type":"Polygon","coordinates":[[[4.06503966,50.93430636],[4.06509746,50.9342786],[4.06513574,50.93431041],[4.06507794,50.93433817],[4.06503966,50.93430636]]]}},{"type":"Feature","id":"gebouw/Gebouw.16550559/0","properties":{"source":"Digitaal Vlaanderen Gebouwenregister","source_id":"gebouw/Gebouw.16550559/0","kind":"building","height_m":7.88,"status":null},"geometry":{"type":"Polygon","coordinates":[[[4.06907106,50.9341198],[4.06915381,50.93404565],[4.06932196,50.93412047],[4.06924003,50.93419481],[4.06919709,50.93417591],[4.06919951,50.93417382],[4.0691732,50.93416185],[4.06911797,50.93421556],[4.06903824,50.93418059],[4.06909426,50.93413014],[4.06907106,50.9341198]]]}},{"type":"Feature","id":"gebouw/Gebouw.16550575/0","properties":{"source":"Digitaal Vlaanderen Gebouwenregister","source_id":"gebouw/Gebouw.16550575/0","kind":"building","height_m":9.32,"status":null},"geometry":{"type":"Polygon","coordinates":[[[4.06146171,50.93234072],[4.0614279,50.93231669],[4.06145987,50.93229872],[4.06149368,50.93232275],[4.06146171,50.93234072]]]}},{"type":"Feature","id":"gebouw/Gebouw.16550608/0","properties":{"source":"Digitaal Vlaanderen Gebouwenregister","source_id":"gebouw/Gebouw.16550608/0","kind":"building","height_m":7.88,"status":null},"geometry":{"type":"Polygon","coordinates":[[[4.06390266,50.93476804],[4.06386015,50.93479272],[4.06383899,50.93480501],[4.06377402,50.93476167],[4.06376628,50.9347565],[4.06366501,50.93467366],[4.06353254,50.9345653],[4.06376794,50.93445106],[4.06382571,50.93449871],[4.06385398,50.93452203],[4.06381672,50.93454073],[4.06378825,50.9345173],[4.06367019,50.93457616],[4.06368633,50.9345909],[4.06366501,50.93459958],[4.06370005,50.93462869],[4.06375012,50.9346703],[4.06374658,50.93467231],[4.06382437,50.93473484],[4.06384422,50.93472426],[4.06390266,50.93476804]]]}},{"type":"Feature","id":"gebouw/Gebouw.16550695/0","properties":{"source":"Digitaal Vlaanderen Gebouwenregister","source_id":"gebouw/Gebouw.16550695/0","kind":"building","height_m":5.0,"status":null},"geometry":{"type":"Polygon","coordinates":[[[4.0613089,50.9320935],[4.06126775,50.93211459],[4.06123988,50.93209292],[4.06128104,50.93207183],[4.0613089,50.9320935]]]}},{"type":"Feature","id":"gebouw/Gebouw.16550697/0","properties":{"source":"Digitaal Vlaanderen Gebouwenregister","source_id":"gebouw/Gebouw.16550697/0","kind":"building","height_m":6.44,"status":null},"geometry":{"type":"Polygon","coordinates":[[[4.06018079,50.93178249],[4.06014691,50.93175943],[4.06009989,50.93178724],[4.06007007,50.93176716],[4.06011997,50.93173785],[4.0602311,50.93167258],[4.06023499,50.93167029],[4.06029658,50.93171075],[4.06029964,50.93171275],[4.06018079,50.93178249]]]}},{"type":"Feature","id":"gebouw/Gebouw.16550746/0","properties":{"source":"Digitaal Vlaanderen Gebouwenregister","source_id":"gebouw/Gebouw.16550746/0","kind":"building","height_m":6.44,"status":null},"geometry":{"type":"Polygon","coordinates":[[[4.06043608,50.93194663],[4.06049336,50.93191178],[4.06051482,50.93189872],[4.06045385,50.93185816],[4.06031037,50.93194704],[4.06033132,50.93196088],[4.06032807,50.9319629],[4.06036697,50.93198868],[4.06043608,50.93194663]]]}},{"type":"Feature","id":"gebouw/Gebouw.16552820/0","properties":{"source":"Digitaal Vlaanderen Gebouwenregister","source_id":"gebouw/Gebouw.16552820/0","kind":"building","height_m":7.88,"status":null},"geometry":{"type":"Polygon","coordinates":[[[4.06360055,50.93483724],[4.06354525,50.93486564],[4.06350429,50.93488667],[4.06342039,50.93481878],[4.06346255,50.93479798],[4.06345202,50.93478937],[4.0634413,50.93479466],[4.06343284,50.93478813],[4.06341676,50.93479606],[4.06339236,50.93477632],[4.0634086,50.9347683],[4.06329976,50.93467927],[4.06336692,50.93464613],[4.06336781,50.93464685],[4.06360055,50.93483724]]]}},{"type":"Feature","id":"gebouw/Gebouw.16553035/0","properties":{"source":"Digitaal Vlaanderen Gebouwenregister","source_id":"gebouw/Gebouw.16553035/0","kind":"building","height_m":6.44,"status":null},"geometry":{"type":"Polygon","coordinates":[[[4.06783804,50.93420568],[4.06776652,50.93428298],[4.0677174,50.93426517],[4.06772192,50.93426032],[4.06762411,50.93422414],[4.06763694,50.93421013],[4.06763459,50.93420924],[4.06768964,50.93415085],[4.06783804,50.93420568]]]}},{"type":"Feature","id":"gebouw/Gebouw.16553345/0","properties":{"source":"Digitaal Vlaanderen Gebouwenregister","source_id":"gebouw/Gebouw.16553345/0","kind":"building","height_m":7.88,"status":null},"geometry":{"type":"Polygon","coordinates":[[[4.06411674,50.93401678],[4.06412029,50.93401818],[4.06397209,50.93416753],[4.06390048,50.93413916],[4.06404867,50.93398981],[4.064077,50.93400103],[4.06411674,50.93401678]]]}},{"type":"Feature","id":"gebouw/Gebouw.16553619/0","properties":{"source":"Digitaal Vlaanderen Gebouwenregister","source_id":"gebouw/Gebouw.16553619/0","kind":"building","height_m":8.6,"status":null},"geometry":{"type":"Polygon","coordinates":[[[4.06703973,50.93417393],[4.06690353,50.93411605],[4.06689488,50.93412387],[4.06684387,50.93410154],[4.06687227,50.93407444],[4.0669259,50.93406589],[4.06693161,50.93407015],[4.06696886,50.93403576],[4.06711892,50.93409953],[4.06703973,50.93417393]]]}},{"type":"Feature","id":"gebouw/Gebouw.16554822/0","properties":{"source":"Digitaal Vlaanderen Gebouwenregister","source_id":"gebouw/Gebouw.16554822/0","kind":"building","height_m":7.88,"status":null},"geometry":{"type":"Polygon","coordinates":[[[4.05945785,50.930221],[4.05949882,50.93021428],[4.05962572,50.93020301],[4.05964723,50.93025256],[4.05946747,50.93031212],[4.0594061,50.93023815],[4.05945785,50.930221]]]}},{"type":"Feature","id":"gebouw/Gebouw.16554877/0","properties":{"source":"Digitaal Vlaanderen Gebouwenregister","source_id":"gebouw/Gebouw.16554877/0","kind":"building","height_m":7.16,"status":null},"geometry":{"type":"Polygon","coordinates":[[[4.06848723,50.93509038],[4.06854494,50.93510686],[4.06849778,50.93517286],[4.06844641,50.93515914],[4.06848723,50.93509038]]]}},{"type":"Feature","id":"gebouw/Gebouw.16555032/0","properties":{"source":"Digitaal Vlaanderen Gebouwenregister","source_id":"gebouw/Gebouw.16555032/0","kind":"building","height_m":7.88,"status":null},"geometry":{"type":"Polygon","coordinates":[[[4.0602766,50.93134795],[4.06024746,50.93132752],[4.06029259,50.93130181],[4.06032173,50.93132224],[4.0602766,50.93134795]]]}},{"type":"Feature","id":"gebouw/Gebouw.16555080/0","properties":{"source":"Digitaal Vlaanderen Gebouwenregister","source_id":"gebouw/Gebouw.16555080/0","kind":"building","height_m":7.16,"status":null},"geometry":{"type":"Polygon","coordinates":[[[4.06860077,50.93387625],[4.06860432,50.93391796],[4.0685313,50.93392044],[4.06852775,50.93387873],[4.06860077,50.93387625]]]}},{"type":"Feature","id":"gebouw/Gebouw.16555141/0","properties":{"source":"Digitaal Vlaanderen Gebouwenregister","source_id":"gebouw/Gebouw.16555141/0","kind":"building","height_m":5.72,"status":null},"geometry":{"type":"Polygon","coordinates":[[[4.05917015,50.93183869],[4.05921199,50.93186477],[4.05918098,50.93188462],[4.05913914,50.93185853],[4.05917015,50.93183869]]]}},{"type":"Feature","id":"gebouw/Gebouw.16555142/0","properties":{"source":"Digitaal Vlaanderen Gebouwenregister","source_id":"gebouw/Gebouw.16555142/0","kind":"building","height_m":6.44,"status":null},"geometry":{"type":"Polygon","coordinates":[[[4.06832264,50.92957388],[4.06830336,50.92959214],[4.068264,50.92957634],[4.06823277,50.92956381],[4.0683813,50.92942092],[4.06838439,50.92941795],[4.06845853,50.92944516],[4.06832264,50.92957388]]]}},{"type":"Feature","id":"gebouw/Gebouw.16555163/0","properties":{"source":"Digitaal Vlaanderen Gebouwenregister","source_id":"gebouw/Gebouw.16555163/0","kind":"building","height_m":6.44,"status":null},"geometry":{"type":"Polygon","coordinates":[[[4.06110403,50.93284679],[4.06113328,50.93282888],[4.06118453,50.93279751],[4.0611905,50.93279385],[4.06113383,50.93275688],[4.06110311,50.93277549],[4.06102133,50.93272169],[4.06091017,50.93278917],[4.06094897,50.93281469],[4.06089828,50.93284546],[4.06093882,50.93287214],[4.06092586,50.93288],[4.06098559,50.9329193],[4.06110403,50.93284679]]]}},{"type":"Feature","id":"gebouw/Gebouw.16555168/0","properties":{"source":"Digitaal Vlaanderen Gebouwenregister","source_id":"gebouw/Gebouw.16555168/0","kind":"building","height_m":5.0,"status":null},"geometry":{"type":"Polygon","coordinates":[[[4.06027624,50.93096416],[4.06020056,50.93100848],[4.06018486,50.93099756],[4.06001727,50.93088094],[4.06009082,50.93083783],[4.06027624,50.93096416]]]}},{"type":"Feature","id":"gebouw/Gebouw.16555207/0","properties":{"source":"Digitaal Vlaanderen Gebouwenregister","source_id":"gebouw/Gebouw.16555207/0","kind":"building","height_m":7.88,"status":null},"geometry":{"type":"Polygon","coordinates":[[[4.06273463,50.93116139],[4.06262343,50.93122409],[4.06258049,50.93119367],[4.06284932,50.93104209],[4.06289227,50.93107251],[4.06273463,50.93116139]]]}},{"type":"Feature","id":"gebouw/Gebouw.16555292/0","properties":{"source":"Digitaal Vlaanderen Gebouwenregister","source_id":"gebouw/Gebouw.16555292/0","kind":"building","height_m":8.6,"status":null},"geometry":{"type":"Polygon","coordinates":[[[4.06189252,50.93247393],[4.06192287,50.93249358],[4.0618861,50.93251627],[4.06190485,50.9325284],[4.06191614,50.9325357],[4.06181262,50.93259748],[4.06180443,50.9325916],[4.06169216,50.93251614],[4.06179607,50.93245075],[4.06180412,50.93245595],[4.06183515,50.93243681],[4.06189252,50.93247393]]]}},{"type":"Feature","id":"gebouw/Gebouw.16555314/0","properties":{"source":"Digitaal Vlaanderen Gebouwenregister","source_id":"gebouw/Gebouw.16555314/0","kind":"building","height_m":9.32,"status":null},"geometry":{"type":"Polygon","coordinates":[[[4.06584191,50.9345971],[4.06580535,50.93463744],[4.06574077,50.93461457],[4.06575191,50.93460053],[4.06574266,50.93459743],[4.06576343,50.93457123],[4.06584191,50.9345971]]]}},{"type":"Feature","id":"gebouw/Gebouw.16555563/0","properties":{"source":"Digitaal Vlaanderen Gebouwenregister","source_id":"gebouw/Gebouw.16555563/0","kind":"building","height_m":7.16,"status":null},"geometry":{"type":"Polygon","coordinates":[[[4.06116171,50.93230185],[4.06108391,50.9323455],[4.06099001,50.93239818],[4.06098629,50.93239571],[4.06098552,50.93239631],[4.06093501,50.932363],[4.06114683,50.93224888],[4.06116443,50.9322394],[4.06117346,50.93223582],[4.06118431,50.93224414],[4.06113662,50.93226901],[4.06117276,50.93229565],[4.06116171,50.93230185]]]}},{"type":"Feature","id":"gebouw/Gebouw.16555607/0","properties":{"source":"Digitaal Vlaanderen Gebouwenregister","source_id":"gebouw/Gebouw.16555607/0","kind":"building","height_m":8.6,"status":null},"geometry":{"type":"Polygon","coordinates":[[[4.05913505,50.93043092],[4.0591246,50.93043437],[4.05911909,50.93042771],[4.05906607,50.93044524],[4.05899167,50.93035537],[4.05912078,50.93031268],[4.05920069,50.93040921],[4.05919256,50.9304119],[4.05913505,50.93043092]]]}},{"type":"Feature","id":"gebouw/Gebouw.16555634/0","properties":{"source":"Digitaal Vlaanderen Gebouwenregister","source_id":"gebouw/Gebouw.16555634/0","kind":"building","height_m":7.88,"status":null},"geometry":{"type":"Polygon","coordinates":[[[4.06910983,50.93489986],[4.06902136,50.93488384],[4.06901675,50.934894],[4.068966,50.93488482],[4.06896882,50.93487859],[4.06883049,50.93485355],[4.06886461,50.9347783],[4.06892603,50.93478942],[4.06893668,50.93476592],[4.0690699,50.93478955],[4.06905239,50.93482895],[4.06913552,50.93484317],[4.06910983,50.93489986]]]}},{"type":"Feature","id":"gebouw/Gebouw.16557510/0","properties":{"source":"Digitaal Vlaanderen Gebouwenregister","source_id":"gebouw/Gebouw.16557510/0","kind":"building","height_m":7.88,"status":null},"geometry":{"type":"Polygon","coordinates":[[[4.06608984,50.93476723],[4.06605433,50.93475332],[4.06609512,50.93471652],[4.06611637,50.93472603],[4.06610434,50.934737],[4.06611598,50.93474258],[4.06608984,50.93476723]]]}},{"type":"Feature","id":"gebouw/Gebouw.16557660/0","properties":{"source":"Digitaal Vlaanderen Gebouwenregister","source_id":"gebouw/Gebouw.16557660/0","kind":"building","height_m":5.0,"status":null},"geometry":{"type":"Polygon","coordinates":[[[4.06537674,50.93495642],[4.06534445,50.93494545],[4.06528884,50.93501034],[4.06525185,50.93499623],[4.0653693,50.93487168],[4.06544413,50.93488334],[4.06540864,50.93492183],[4.06537674,50.93495642]]]}},{"type":"Feature","id":"gebouw/Gebouw.16557775/0","properties":{"source":"Digitaal Vlaanderen Gebouwenregister","source_id":"gebouw/Gebouw.16557775/0","kind":"building","height_m":7.16,"status":null},"geometry":{"type":"Polygon","coordinates":[[[4.06379811,50.93365471],[4.06370719,50.93358992],[4.06377524,50.93355057],[4.0638687,50.93361602],[4.06379811,50.93365471]]]}},{"type":"Feature","id":"gebouw/Gebouw.16557787/0","properties":{"source":"Digitaal Vlaanderen Gebouwenregister","source_id":"gebouw/Gebouw.16557787/0","kind":"building","height_m":5.72,"status":null},"geometry":{"type":"Polygon","coordinates":[[[4.06869707,50.93389176],[4.06865034,50.93386381],[4.0686737,50.93384821],[4.06872044,50.93387616],[4.06869707,50.93389176]]]}},{"type":"Feature","id":"gebouw/Gebouw.16557822/0","properties":{"source":"Digitaal Vlaanderen Gebouwenregister","source_id":"gebouw/Gebouw.16557822/0","kind":"building","height_m":5.72,"status":null},"geometry":{"type":"Polygon","coordinates":[[[4.06218497,50.9329841],[4.06213764,50.93293599],[4.06212458,50.93294174],[4.06194028,50.9330229],[4.06199641,50.93305918],[4.0620005,50.93306183],[4.06218497,50.9329841]]]}},{"type":"Feature","id":"gebouw/Gebouw.16557828/0","properties":{"source":"Digitaal Vlaanderen Gebouwenregister","source_id":"gebouw/Gebouw.16557828/0","kind":"building","height_m":5.0,"status":null},"geometry":{"type":"Polygon","coordinates":[[[4.06161384,50.93024589],[4.06162415,50.93025664],[4.06156125,50.93028074],[4.06155044,50.93026947],[4.06150161,50.93028796],[4.06141856,50.93020037],[4.06142386,50.93019837],[4.06142542,50.93020016],[4.06149587,50.93017509],[4.06149462,50.93017367],[4.06153891,50.93015729],[4.06152798,50.93014577],[4.06152453,50.93014652],[4.06152135,50.93014308],[4.06159535,50.93011473],[4.06169232,50.93021582],[4.06161384,50.93024589]]]}},{"type":"Feature","id":"gebouw/Gebouw.16557837/0","properties":{"source":"Digitaal Vlaanderen Gebouwenregister","source_id":"gebouw/Gebouw.16557837/0","kind":"building","height_m":6.44,"status":null},"geometry":{"type":"Polygon","coordinates":[[[4.06837919,50.93406573],[4.06830369,50.93403765],[4.06832655,50.93401311],[4.06841098,50.93403013],[4.06837919,50.93406573]]]}},{"type":"Feature","id":"gebouw/Gebouw.16557986/0","properties":{"source":"Digitaal Vlaanderen Gebouwenregister","source_id":"gebouw/Gebouw.16557986/0","kind":"building","height_m":7.88,"status":null},"geometry":{"type":"Polygon","coordinates":[[[4.0679831,50.93409891],[4.06794529,50.93413672],[4.06790758,50.93412166],[4.06794539,50.93408385],[4.0679831,50.93409891]]]}},{"type":"Feature","id":"gebouw/Gebouw.16558038/0","properties":{"source":"Digitaal Vlaanderen Gebouwenregister","source_id":"gebouw/Gebouw.16558038/0","kind":"building","height_m":5.0,"status":null},"geometry":{"type":"Polygon","coordinates":[[[4.06504829,50.9345566],[4.06509374,50.93457202],[4.06496012,50.9347137],[4.06488435,50.9347015],[4.06494027,50.93463967],[4.06496167,50.93461602],[4.06498527,50.93462391],[4.06501476,50.93459242],[4.06504829,50.9345566]]]}},{"type":"Feature","id":"gebouw/Gebouw.16558312/0","properties":{"source":"Digitaal Vlaanderen Gebouwenregister","source_id":"gebouw/Gebouw.16558312/0","kind":"building","height_m":5.72,"status":null},"geometry":{"type":"Polygon","coordinates":[[[4.0641541,50.92902167],[4.06413509,50.92902893],[4.06412878,50.92902244],[4.06406263,50.92895446],[4.06407521,50.9289495],[4.06420942,50.92889651],[4.06428079,50.92896986],[4.06428949,50.92897777],[4.0642628,50.92898794],[4.06425687,50.92898156],[4.06423176,50.92899201],[4.06421449,50.92897264],[4.06417249,50.92898749],[4.06419036,50.92900777],[4.0641541,50.92902167]]]}},{"type":"Feature","id":"gebouw/Gebouw.16558322/0","properties":{"source":"Digitaal Vlaanderen Gebouwenregister","source_id":"gebouw/Gebouw.16558322/0","kind":"building","height_m":7.88,"status":null},"geometry":{"type":"Polygon","coordinates":[[[4.0676084,50.93505648],[4.06754674,50.93516296],[4.06748668,50.9351489],[4.06748487,50.93515182],[4.06725825,50.93509872],[4.06731402,50.93501268],[4.06746276,50.9350486],[4.06747087,50.93503353],[4.0674762,50.93502362],[4.0676084,50.93505648]]]}},{"type":"Feature","id":"gebouw/Gebouw.16558379/0","properties":{"source":"Digitaal Vlaanderen Gebouwenregister","source_id":"gebouw/Gebouw.16558379/0","kind":"building","height_m":8.6,"status":null},"geometry":{"type":"Polygon","coordinates":[[[4.06627401,50.9288454],[4.06624074,50.92887634],[4.06619375,50.92885805],[4.06621783,50.92883337],[4.06615753,50.92880986],[4.06621357,50.9287542],[4.06631816,50.9286503],[4.06638921,50.92867693],[4.06634546,50.92872286],[4.06638174,50.9287366],[4.06627401,50.9288454]]]}},{"type":"Feature","id":"gebouw/Gebouw.16558460/0","properties":{"source":"Digitaal Vlaanderen Gebouwenregister","source_id":"gebouw/Gebouw.16558460/0","kind":"building","height_m":6.44,"status":null},"geometry":{"type":"Polygon","coordinates":[[[4.06342272,50.92978328],[4.06342481,50.92977209],[4.06379806,50.92962338],[4.06389093,50.92971578],[4.06353272,50.92986037],[4.0634842,50.92981173],[4.06347289,50.92981821],[4.06342272,50.92978328]]]}},{"type":"Feature","id":"gebouw/Gebouw.16561104/0","properties":{"source":"Digitaal Vlaanderen Gebouwenregister","source_id":"gebouw/Gebouw.16561104/0","kind":"building","height_m":5.0,"status":null},"geometry":{"type":"Polygon","coordinates":[[[4.06018486,50.93099756],[4.06015818,50.93101362],[4.06014298,50.93100327],[4.06012951,50.93101114],[4.05994828,50.93088503],[4.05998892,50.93086121],[4.06001727,50.93088094],[4.06018486,50.93099756]]]}},{"type":"Feature","id":"gebouw/Gebouw.16561177/0","properties":{"source":"Digitaal Vlaanderen Gebouwenregister","source_id":"gebouw/Gebouw.16561177/0","kind":"building","height_m":7.16,"status":null},"geometry":{"type":"Polygon","coordinates":[[[4.06460378,50.92884926],[4.06449854,50.92889513],[4.06441678,50.92881436],[4.0644167,50.92881362],[4.06452419,50.92877023],[4.06458215,50.92882778],[4.06458007,50.92882932],[4.06458551,50.92883112],[4.06460378,50.92884926]]]}},{"type":"Feature","id":"gebouw/Gebouw.16561211/0","properties":{"source":"Digitaal Vlaanderen Gebouwenregister","source_id":"gebouw/Gebouw.16561211/0","kind":"building","height_m":6.44,"status":null},"geometry":{"type":"Polygon","coordinates":[[[4.06506123,50.92878547],[4.0650452,50.92879502],[4.06504097,50.92879736],[4.06500264,50.92876968],[4.06498082,50.92878137],[4.06491452,50.9287367],[4.06486814,50.92870003],[4.0648445,50.92871092],[4.06478505,50.92865938],[4.06488441,50.9286128],[4.06494528,50.92866466],[4.06495186,50.92866148],[4.06502464,50.92871401],[4.06498674,50.92873552],[4.06502212,50.92875924],[4.06506123,50.92878547]]]}},{"type":"Feature","id":"gebouw/Gebouw.16561252/0","properties":{"source":"Digitaal Vlaanderen Gebouwenregister","source_id":"gebouw/Gebouw.16561252/0","kind":"building","height_m":5.72,"status":null},"geometry":{"type":"Polygon","coordinates":[[[4.0622453,50.9348787],[4.06217144,50.93484032],[4.06226945,50.93476456],[4.06233683,50.93479936],[4.06230319,50.93482537],[4.06226159,50.93485091],[4.06226278,50.93486526],[4.0622453,50.9348787]]]}},{"type":"Feature","id":"gebouw/Gebouw.16561280/0","properties":{"source":"Digitaal Vlaanderen Gebouwenregister","source_id":"gebouw/Gebouw.16561280/0","kind":"building","height_m":5.72,"status":null},"geometry":{"type":"Polygon","coordinates":[[[4.06795304,50.93518606],[4.06795663,50.93518691],[4.06791856,50.93524947],[4.06754674,50.93516296],[4.0676084,50.93505648],[4.06764196,50.93499852],[4.06770702,50.93501474],[4.06764859,50.93511091],[4.06783442,50.93515301],[4.06783241,50.93515519],[4.0678507,50.93515904],[4.06788644,50.93509486],[4.0677688,50.93506891],[4.06779998,50.93501254],[4.06791341,50.93503784],[4.06792634,50.93501457],[4.06798293,50.93502691],[4.06796899,50.93505189],[4.06798814,50.93505498],[4.06795344,50.93511888],[4.06794601,50.93513257],[4.06793047,50.93516134],[4.06792245,50.93517543],[4.06792067,50.93517843],[4.06793597,50.93518204],[4.06795304,50.93518606]]]}},{"type":"Feature","id":"gebouw/Gebouw.16561387/0","properties":{"source":"Digitaal Vlaanderen Gebouwenregister","source_id":"gebouw/Gebouw.16561387/0","kind":"building","height_m":7.16,"status":null},"geometry":{"type":"Polygon","coordinates":[[[4.06645651,50.9287646],[4.06634453,50.92887288],[4.06627401,50.9288454],[4.06638174,50.9287366],[4.06645651,50.9287646]]]}},{"type":"Feature","id":"gebouw/Gebouw.16561468/0","properties":{"source":"Digitaal Vlaanderen Gebouwenregister","source_id":"gebouw/Gebouw.16561468/0","kind":"building","height_m":5.0,"status":null},"geometry":{"type":"Polygon","coordinates":[[[4.06876332,50.93515958],[4.06874086,50.93520723],[4.06869215,50.93519806],[4.06871461,50.93515041],[4.06876332,50.93515958]]]}},{"type":"Feature","id":"gebouw/Gebouw.16561498/0","properties":{"source":"Digitaal Vlaanderen Gebouwenregister","source_id":"gebouw/Gebouw.16561498/0","kind":"building","height_m":6.44,"status":null},"geometry":{"type":"Polygon","coordinates":[[[4.05938763,50.93177115],[4.05944292,50.93180891],[4.05942243,50.93182089],[4.05947103,50.93185408],[4.05943335,50.93187611],[4.0594193,50.93186656],[4.05932919,50.93180531],[4.05938763,50.93177115]]]}},{"type":"Feature","id":"gebouw/Gebouw.16561571/0","properties":{"source":"Digitaal Vlaanderen Gebouwenregister","source_id":"gebouw/Gebouw.16561571/0","kind":"building","height_m":8.6,"status":null},"geometry":{"type":"Polygon","coordinates":[[[4.0685043,50.92870173],[4.06845429,50.92875588],[4.06830545,50.92870024],[4.06832776,50.92867607],[4.06828571,50.92866056],[4.06831354,50.92863042],[4.0685043,50.92870173]]]}},{"type":"Feature","id":"gebouw/Gebouw.16561574/0","properties":{"source":"Digitaal Vlaanderen Gebouwenregister","source_id":"gebouw/Gebouw.16561574/0","kind":"building","height_m":5.72,"status":null},"geometry":{"type":"Polygon","coordinates":[[[4.05951479,50.93018544],[4.05944324,50.93016755],[4.05946715,50.93012936],[4.0595076,50.93013947],[4.05955326,50.93006787],[4.05968913,50.93010247],[4.05962572,50.93020301],[4.05949882,50.93021428],[4.05951479,50.93018544]]]}},{"type":"Feature","id":"gebouw/Gebouw.16561622/0","properties":{"source":"Digitaal Vlaanderen Gebouwenregister","source_id":"gebouw/Gebouw.16561622/0","kind":"building","height_m":5.0,"status":null},"geometry":{"type":"Polygon","coordinates":[[[4.06045209,50.93114664],[4.06049544,50.93117523],[4.0604708,50.93118947],[4.06042806,50.93116083],[4.06033182,50.93109634],[4.0603891,50.93106221],[4.0604842,50.93112641],[4.06045209,50.93114664]]]}},{"type":"Feature","id":"gebouw/Gebouw.16561794/0","properties":{"source":"Digitaal Vlaanderen Gebouwenregister","source_id":"gebouw/Gebouw.16561794/0","kind":"building","height_m":7.88,"status":null},"geometry":{"type":"Polygon","coordinates":[[[4.06329584,50.93497639],[4.06320102,50.93502338],[4.06312923,50.93496552],[4.06312462,50.93496789],[4.06310664,50.93495361],[4.06311131,50.9349513],[4.06307773,50.93492433],[4.06309682,50.9349149],[4.06309856,50.93490728],[4.06311611,50.93489838],[4.06312808,50.93489922],[4.06316713,50.93488019],[4.06321362,50.93491828],[4.0632269,50.9349117],[4.06327646,50.93495164],[4.06326944,50.93495511],[4.06329584,50.93497639]]]}},{"type":"Feature","id":"gebouw/Gebouw.16561992/0","properties":{"source":"Digitaal Vlaanderen Gebouwenregister","source_id":"gebouw/Gebouw.16561992/0","kind":"building","height_m":9.32,"status":null},"geometry":{"type":"Polygon","coordinates":[[[4.06266501,50.93473834],[4.06267947,50.93474781],[4.06266182,50.93475864],[4.06253642,50.93467623],[4.06253353,50.93467434],[4.06256997,50.9346522],[4.06257283,50.93465408],[4.06261509,50.93462857],[4.06272373,50.93470235],[4.06268184,50.9347276],[4.06269655,50.93473752],[4.0626966,50.93473755],[4.06269397,50.93473915],[4.06269392,50.93473912],[4.06267967,50.93472977],[4.06266501,50.93473834]]]}},{"type":"Feature","id":"gebouw/Gebouw.16562033/0","properties":{"source":"Digitaal Vlaanderen Gebouwenregister","source_id":"gebouw/Gebouw.16562033/0","kind":"building","height_m":8.6,"status":null},"geometry":{"type":"Polygon","coordinates":[[[4.06780725,50.92889138],[4.06768313,50.92905411],[4.06762587,50.92903269],[4.06774887,50.92888383],[4.06775722,50.92887371],[4.06780725,50.92889138]]]}},{"type":"Feature","id":"gebouw/Gebouw.16567343/0","properties":{"source":"Digitaal Vlaanderen Gebouwenregister","source_id":"gebouw/Gebouw.16567343/0","kind":"building","height_m":6.44,"status":null},"geometry":{"type":"Polygon","coordinates":[[[4.06944771,50.93017924],[4.06940376,50.93022779],[4.06918054,50.93014776],[4.06920208,50.93012376],[4.06922421,50.93009911],[4.06944771,50.93017924]]]}},{"type":"Feature","id":"gebouw/Gebouw.16567421/0","properties":{"source":"Digitaal Vlaanderen Gebouwenregister","source_id":"gebouw/Gebouw.16567421/0","kind":"building","height_m":7.16,"status":null},"geometry":{"type":"Polygon","coordinates":[[[4.06796464,50.93355919],[4.06794101,50.9335265],[4.06798558,50.93351364],[4.06800921,50.93354632],[4.06796464,50.93355919]]]}},{"type":"Feature","id":"gebouw/Gebouw.16567426/0","properties":{"source":"Digitaal Vlaanderen Gebouwenregister","source_id":"gebouw/Gebouw.16567426/0","kind":"building","height_m":5.72,"status":null},"geometry":{"type":"Polygon","coordinates":[[[4.06452254,50.92992787],[4.06445169,50.92996778],[4.06440089,50.92993262],[4.06444063,50.92991117],[4.06447212,50.92989296],[4.06452254,50.92992787]]]}},{"type":"Feature","id":"gebouw/Gebouw.16567462/0","properties":{"source":"Digitaal Vlaanderen Gebouwenregister","source_id":"gebouw/Gebouw.16567462/0","kind":"building","height_m":6.44,"status":null},"geometry":{"type":"Polygon","coordinates":[[[4.06614378,50.93511332],[4.06609759,50.93509723],[4.06608496,50.93511159],[4.06599742,50.93508454],[4.06604184,50.93502689],[4.06607148,50.93498843],[4.06618935,50.93500576],[4.06615172,50.93506305],[4.0661775,50.93507111],[4.06614378,50.93511332]]]}},{"type":"Feature","id":"gebouw/Gebouw.16567742/0","properties":{"source":"Digitaal Vlaanderen Gebouwenregister","source_id":"gebouw/Gebouw.16567742/0","kind":"building","height_m":6.44,"status":null},"geometry":{"type":"Polygon","coordinates":[[[4.0637834,50.9349077],[4.06384208,50.93495041],[4.06376787,50.93498942],[4.06371301,50.93494865],[4.06360778,50.93487044],[4.06367684,50.93483016],[4.0637834,50.9349077]]]}},{"type":"Feature","id":"gebouw/Gebouw.16567757/0","properties":{"source":"Digitaal Vlaanderen Gebouwenregister","source_id":"gebouw/Gebouw.16567757/0","kind":"building","height_m":7.16,"status":null},"geometry":{"type":"Polygon","coordinates":[[[4.06793837,50.93442778],[4.06799963,50.93436391],[4.0681147,50.93440799],[4.06810084,50.93442608],[4.06814499,50.93444227],[4.06807893,50.93451382],[4.06797656,50.93447635],[4.06799967,50.93445126],[4.06793837,50.93442778]]]}},{"type":"Feature","id":"gebouw/Gebouw.16567810/0","properties":{"source":"Digitaal Vlaanderen Gebouwenregister","source_id":"gebouw/Gebouw.16567810/0","kind":"building","height_m":5.0,"status":null},"geometry":{"type":"Polygon","coordinates":[[[4.06261292,50.93366015],[4.06255582,50.93369688],[4.0625498,50.93369292],[4.06252169,50.93367443],[4.06247675,50.93364487],[4.06247026,50.9336406],[4.06245022,50.9336528],[4.06242694,50.93363752],[4.06244701,50.93362531],[4.06242067,50.93360799],[4.06240289,50.9335963],[4.06239281,50.93358966],[4.0623694,50.93357427],[4.06234627,50.93355906],[4.06241113,50.93351996],[4.06243429,50.93353515],[4.06245772,50.93355053],[4.06248561,50.93356884],[4.06251198,50.93358615],[4.06254175,50.93360568],[4.06256003,50.93361768],[4.0625866,50.93363511],[4.06257996,50.93363914],[4.06261292,50.93366015]]]}},{"type":"Feature","id":"gebouw/Gebouw.16567852/0","properties":{"source":"Digitaal Vlaanderen Gebouwenregister","source_id":"gebouw/Gebouw.16567852/0","kind":"building","height_m":5.0,"status":null},"geometry":{"type":"Polygon","coordinates":[[[4.06367161,50.92931556],[4.06361102,50.92933923],[4.06346803,50.92920211],[4.06345572,50.9291891],[4.06345705,50.9291884],[4.06345679,50.9291873],[4.06345719,50.92918625],[4.06345834,50.92918522],[4.0635193,50.92916192],[4.06364974,50.92929349],[4.06365564,50.92929944],[4.06367161,50.92931556]]]}},{"type":"Feature","id":"gebouw/Gebouw.16567864/0","properties":{"source":"Digitaal Vlaanderen Gebouwenregister","source_id":"gebouw/Gebouw.16567864/0","kind":"building","height_m":8.6,"status":null},"geometry":{"type":"Polygon","coordinates":[[[4.06933721,50.93223276],[4.06931768,50.93221874],[4.0693045,50.93222607],[4.06928755,50.9322139],[4.0692305,50.93224563],[4.06926697,50.93227182],[4.06933721,50.93223276]]]}},{"type":"Feature","id":"gebouw/Gebouw.16568011/0","properties":{"source":"Digitaal Vlaanderen Gebouwenregister","source_id":"gebouw/Gebouw.16568011/0","kind":"building","height_m":8.6,"status":null},"geometry":{"type":"Polygon","coordinates":[[[4.06762192,50.93389529],[4.06756578,50.93387593],[4.06765216,50.9337826],[4.0677744,50.93382805],[4.06775734,50.93384637],[4.06776412,50.93384907],[4.0677233,50.9338938],[4.06771466,50.93389086],[4.06767536,50.93393635],[4.06760686,50.93391272],[4.06762192,50.93389529]]]}},{"type":"Feature","id":"gebouw/Gebouw.16568035/0","properties":{"source":"Digitaal Vlaanderen Gebouwenregister","source_id":"gebouw/Gebouw.16568035/0","kind":"building","height_m":5.72,"status":null},"geometry":{"type":"Polygon","coordinates":[[[4.0679209,50.92897487],[4.06797368,50.92891863],[4.06809847,50.92896537],[4.06808201,50.92898292],[4.06812197,50.92899958],[4.0681252,50.92899528],[4.06819345,50.92902195],[4.06809706,50.9291247],[4.06803955,50.92910316],[4.06804426,50.92909813],[4.06794703,50.92906179],[4.06794193,50.92906666],[4.06793997,50.92906592],[4.06786671,50.92903855],[4.06786427,50.92903764],[4.06792255,50.92897549],[4.0679209,50.92897487]]]}},{"type":"Feature","id":"gebouw/Gebouw.16568069/0","properties":{"source":"Digitaal Vlaanderen Gebouwenregister","source_id":"gebouw/Gebouw.16568069/0","kind":"building","height_m":5.0,"status":null},"geometry":{"type":"Polygon","coordinates":[[[4.06076223,50.93083118],[4.06079253,50.93085155],[4.06078443,50.93085641],[4.06081035,50.9308743],[4.06076459,50.93090091],[4.06074062,50.9308844],[4.06072455,50.93089351],[4.06069907,50.93087561],[4.06071534,50.93086637],[4.06070962,50.93086256],[4.06076223,50.93083118]]]}},{"type":"Feature","id":"gebouw/Gebouw.16568148/0","properties":{"source":"Digitaal Vlaanderen Gebouwenregister","source_id":"gebouw/Gebouw.16568148/0","kind":"building","height_m":6.44,"status":null},"geometry":{"type":"Polygon","coordinates":[[[4.06530013,50.93486385],[4.06519945,50.93498521],[4.06516363,50.93498038],[4.06518604,50.93495356],[4.06515918,50.9349516],[4.0652276,50.93485541],[4.06530013,50.93486385]]]}},{"type":"Feature","id":"gebouw/Gebouw.16568242/0","properties":{"source":"Digitaal Vlaanderen Gebouwenregister","source_id":"gebouw/Gebouw.16568242/0","kind":"building","height_m":8.6,"status":null},"geometry":{"type":"Polygon","coordinates":[[[4.06780601,50.92873137],[4.0678027,50.92873555],[4.06777517,50.92877034],[4.06772676,50.92875398],[4.0677555,50.92871812],[4.06775887,50.92871391],[4.06780601,50.92873137]]]}},{"type":"Feature","id":"gebouw/Gebouw.16571872/0","properties":{"source":"Digitaal Vlaanderen Gebouwenregister","source_id":"gebouw/Gebouw.16571872/0","kind":"building","height_m":6.44,"status":null},"geometry":{"type":"Polygon","coordinates":[[[4.06456987,50.92904754],[4.06455385,50.92905432],[4.06453168,50.92903337],[4.06452035,50.92903805],[4.06449672,50.92904782],[4.06447618,50.92902845],[4.06447186,50.92903031],[4.06445093,50.92900961],[4.0643,50.92886028],[4.06436744,50.92883377],[4.06449654,50.9289615],[4.06453553,50.92900007],[4.06452866,50.92900302],[4.06455198,50.92902498],[4.06454781,50.9290267],[4.06456987,50.92904754]]]}},{"type":"Feature","id":"gebouw/Gebouw.16571883/0","properties":{"source":"Digitaal Vlaanderen Gebouwenregister","source_id":"gebouw/Gebouw.16571883/0","kind":"building","height_m":9.32,"status":null},"geometry":{"type":"Polygon","coordinates":[[[4.06120077,50.93232992],[4.06103089,50.93242523],[4.06099001,50.93239818],[4.06108391,50.9323455],[4.06116171,50.93230185],[4.06120077,50.93232992]]]}},{"type":"Feature","id":"gebouw/Gebouw.16571909/0","properties":{"source":"Digitaal Vlaanderen Gebouwenregister","source_id":"gebouw/Gebouw.16571909/0","kind":"building","height_m":7.88,"status":null},"geometry":{"type":"Polygon","coordinates":[[[4.06270513,50.93122517],[4.06275904,50.93126879],[4.06272661,50.93128496],[4.0626727,50.93124133],[4.06270513,50.93122517]]]}},{"type":"Feature","id":"gebouw/Gebouw.16571917/0","properties":{"source":"Digitaal Vlaanderen Gebouwenregister","source_id":"gebouw/Gebouw.16571917/0","kind":"building","height_m":8.6,"status":null},"geometry":{"type":"Polygon","coordinates":[[[4.06910898,50.93096868],[4.06908668,50.93099279],[4.06902907,50.93096974],[4.0690527,50.93094616],[4.06910898,50.93096868]]]}},{"type":"Feature","id":"gebouw/Gebouw.16571938/0","properties":{"source":"Digitaal Vlaanderen Gebouwenregister","source_id":"gebouw/Gebouw.16571938/0","kind":"building","height_m":8.6,"status":null},"geometry":{"type":"Polygon","coordinates":[[[4.06457299,50.93447465],[4.06441788,50.93441095],[4.06448251,50.93434811],[4.06453037,50.93436777],[4.06455528,50.93434355],[4.06466252,50.93438759],[4.06457299,50.93447465]]]}},{"type":"Feature","id":"gebouw/Gebouw.16571955/0","properties":{"source":"Digitaal Vlaanderen Gebouwenregister","source_id":"gebouw/Gebouw.16571955/0","kind":"building","height_m":5.72,"status":null},"geometry":{"type":"Polygon","coordinates":[[[4.06756914,50.93473248],[4.06760262,50.93473947],[4.06758155,50.93477977],[4.06754819,50.93477255],[4.06756914,50.93473248]]]}},{"type":"Feature","id":"gebouw/Gebouw.16571977/0","properties":{"source":"Digitaal Vlaanderen Gebouwenregister","source_id":"gebouw/Gebouw.16571977/0","kind":"building","height_m":6.44,"status":null},"geometry":{"type":"Polygon","coordinates":[[[4.06460926,50.92919829],[4.06457062,50.92915748],[4.06453843,50.92916965],[4.06457708,50.92921046],[4.06460926,50.92919829]]]}},{"type":"Feature","id":"gebouw/Gebouw.16572152/0","properties":{"source":"Digitaal Vlaanderen Gebouwenregister","source_id":"gebouw/Gebouw.16572152/0","kind":"building","height_m":6.44,"status":null},"geometry":{"type":"Polygon","coordinates":[[[4.06097533,50.92969746],[4.06092556,50.92971654],[4.06093925,50.9297308],[4.06097934,50.92977256],[4.06097265,50.92977514],[4.06101574,50.92981983],[4.06098562,50.92983143],[4.06100122,50.92984766],[4.06094517,50.92986923],[4.06082243,50.92974496],[4.06091965,50.92970858],[4.0607902,50.92957057],[4.06083388,50.92955425],[4.06092581,50.92964732],[4.06097533,50.92969746]]]}},{"type":"Feature","id":"gebouw/Gebouw.16572270/0","properties":{"source":"Digitaal Vlaanderen Gebouwenregister","source_id":"gebouw/Gebouw.16572270/0","kind":"building","height_m":5.72,"status":null},"geometry":{"type":"Polygon","coordinates":[[[4.06005831,50.93206706],[4.05993239,50.93214142],[4.05985896,50.93209284],[4.05980914,50.93212293],[4.05976953,50.93209713],[4.05987438,50.93203382],[4.05991102,50.93205807],[4.05998095,50.93201587],[4.06005831,50.93206706]]]}},{"type":"Feature","id":"gebouw/Gebouw.16572272/0","properties":{"source":"Digitaal Vlaanderen Gebouwenregister","source_id":"gebouw/Gebouw.16572272/0","kind":"building","height_m":7.16,"status":null},"geometry":{"type":"Polygon","coordinates":[[[4.06749513,50.92878768],[4.06736207,50.92893417],[4.06730901,50.92891475],[4.06741382,50.92880089],[4.06741436,50.9288003],[4.06744329,50.92876887],[4.06749513,50.92878768]]]}},{"type":"Feature","id":"gebouw/Gebouw.16572498/0","properties":{"source":"Digitaal Vlaanderen Gebouwenregister","source_id":"gebouw/Gebouw.16572498/0","kind":"building","height_m":8.6,"status":null},"geometry":{"type":"Polygon","coordinates":[[[4.06666465,50.9285096],[4.0665648,50.92863769],[4.06650997,50.92861683],[4.06660543,50.92849437],[4.06660778,50.92849136],[4.06666465,50.9285096]]]}},{"type":"Feature","id":"gebouw/Gebouw.16572525/0","properties":{"source":"Digitaal Vlaanderen Gebouwenregister","source_id":"gebouw/Gebouw.16572525/0","kind":"building","height_m":7.88,"status":null},"geometry":{"type":"Polygon","coordinates":[[[4.06118488,50.93216345],[4.06123727,50.93219758],[4.06120973,50.93221446],[4.06115734,50.93218032],[4.06118488,50.93216345]]]}},{"type":"Feature","id":"gebouw/Gebouw.16572594/0","properties":{"source":"Digitaal Vlaanderen Gebouwenregister","source_id":"gebouw/Gebouw.16572594/0","kind":"building","height_m":7.16,"status":null},"geometry":{"type":"Polygon","coordinates":[[[4.06376257,50.92933948],[4.06372606,50.92935376],[4.06368301,50.92930976],[4.06369185,50.92930631],[4.06367113,50.92928513],[4.06364974,50.92929349],[4.0635193,50.92916192],[4.06356841,50.92914273],[4.06376257,50.92933948]]]}},{"type":"Feature","id":"gebouw/Gebouw.16572627/0","properties":{"source":"Digitaal Vlaanderen Gebouwenregister","source_id":"gebouw/Gebouw.16572627/0","kind":"building","height_m":5.72,"status":null},"geometry":{"type":"Polygon","coordinates":[[[4.06896655,50.9309206],[4.06899116,50.93092905],[4.06895738,50.93096831],[4.06893191,50.93095955],[4.06893629,50.93095447],[4.06809628,50.93066316],[4.06825832,50.93047485],[4.06830339,50.93049034],[4.06833434,50.93045437],[4.06855387,50.93052981],[4.06853568,50.93055095],[4.0685676,50.93056192],[4.06858174,50.93054549],[4.0686298,50.93056201],[4.06866462,50.93052155],[4.06872918,50.93054373],[4.06872532,50.93054822],[4.06921218,50.93071552],[4.06908202,50.93086678],[4.06902864,50.93084844],[4.06896655,50.9309206]]]}},{"type":"Feature","id":"gebouw/Gebouw.16572665/0","properties":{"source":"Digitaal Vlaanderen Gebouwenregister","source_id":"gebouw/Gebouw.16572665/0","kind":"building","height_m":7.88,"status":null},"geometry":{"type":"Polygon","coordinates":[[[4.0623172,50.93280512],[4.06228108,50.93277227],[4.06231255,50.93275846],[4.06234867,50.93279131],[4.0623172,50.93280512]]]}},{"type":"Feature","id":"gebouw/Gebouw.16572676/0","properties":{"source":"Digitaal Vlaanderen Gebouwenregister","source_id":"gebouw/Gebouw.16572676/0","kind":"building","height_m":5.72,"status":null},"geometry":{"type":"Polygon","coordinates":[[[4.0670786,50.93469426],[4.06699625,50.9347697],[4.06687594,50.9347175],[4.06688384,50.93471023],[4.06688249,50.93470942],[4.06689594,50.934697],[4.06687598,50.93468832],[4.06693273,50.93463436],[4.0670786,50.93469426]]]}},{"type":"Feature","id":"gebouw/Gebouw.16572698/0","properties":{"source":"Digitaal Vlaanderen Gebouwenregister","source_id":"gebouw/Gebouw.16572698/0","kind":"building","height_m":6.44,"status":null},"geometry":{"type":"Polygon","coordinates":[[[4.06291443,50.9311104],[4.0629694,50.931077],[4.06320378,50.9312559],[4.06318232,50.9312669],[4.06319057,50.9312739],[4.06317129,50.93128305],[4.06316338,50.93127657],[4.06313411,50.93129351],[4.06289516,50.93112113],[4.06286164,50.93114041],[4.06283758,50.93112447],[4.06286437,50.93110838],[4.06285379,50.9311014],[4.0628783,50.93108683],[4.06291443,50.9311104]]]}},{"type":"Feature","id":"gebouw/Gebouw.16572711/0","properties":{"source":"Digitaal Vlaanderen Gebouwenregister","source_id":"gebouw/Gebouw.16572711/0","kind":"building","height_m":5.72,"status":null},"geometry":{"type":"Polygon","coordinates":[[[4.06676536,50.93429986],[4.06674361,50.9343222],[4.06669959,50.93430507],[4.06672158,50.93428248],[4.06676536,50.93429986]]]}},{"type":"Feature","id":"gebouw/Gebouw.16572779/0","properties":{"source":"Digitaal Vlaanderen Gebouwenregister","source_id":"gebouw/Gebouw.16572779/0","kind":"building","height_m":9.32,"status":null},"geometry":{"type":"Polygon","coordinates":[[[4.06134102,50.93241712],[4.06116427,50.93251217],[4.0611205,50.93248386],[4.06129485,50.93238604],[4.06131527,50.93240072],[4.0613225,50.9323967],[4.06134667,50.93241408],[4.06134102,50.93241712]]]}},{"type":"Feature","id":"gebouw/Gebouw.16572787/0","properties":{"source":"Digitaal Vlaanderen Gebouwenregister","source_id":"gebouw/Gebouw.16572787/0","kind":"building","height_m":5.0,"status":null},"geometry":{"type":"Polygon","coordinates":[[[4.06065666,50.93180922],[4.06058843,50.93185149],[4.06052965,50.9318112],[4.06047406,50.9317731],[4.06046632,50.93176779],[4.06059629,50.93169546],[4.0606254,50.93167925],[4.06062747,50.9316523],[4.06058706,50.9316517],[4.06058821,50.93162096],[4.06053353,50.93162014],[4.0605346,50.93159179],[4.06050159,50.93156898],[4.0605438,50.93154459],[4.06049957,50.93151403],[4.0605719,50.93147222],[4.06061936,50.93150501],[4.06063124,50.93149815],[4.06070292,50.93154767],[4.06072579,50.93153445],[4.06078152,50.93153549],[4.06080102,50.93154938],[4.06079828,50.9315865],[4.06085937,50.9315883],[4.06085749,50.9316138],[4.06079078,50.93161183],[4.06078691,50.93166426],[4.06073168,50.93166263],[4.06073032,50.93168108],[4.06069293,50.93170212],[4.06075648,50.93174738],[4.06071171,50.93177511],[4.06065666,50.93180922]]]}},{"type":"Feature","id":"gebouw/Gebouw.16574148/0","properties":{"source":"Digitaal Vlaanderen Gebouwenregister","source_id":"gebouw/Gebouw.16574148/0","kind":"building","height_m":7.16,"status":null},"geometry":{"type":"Polygon","coordinates":[[[4.0598409,50.93134455],[4.05981541,50.93132751],[4.05990244,50.93127551],[4.06006917,50.93138695],[4.05990963,50.93148557],[4.05988466,50.93146861],[4.05985447,50.93148626],[4.05980966,50.93145565],[4.05981513,50.93145228],[4.05974219,50.93140353],[4.0598409,50.93134455]]]}},{"type":"Feature","id":"gebouw/Gebouw.16574150/0","properties":{"source":"Digitaal Vlaanderen Gebouwenregister","source_id":"gebouw/Gebouw.16574150/0","kind":"building","height_m":8.6,"status":null},"geometry":{"type":"Polygon","coordinates":[[[4.06364889,50.92937555],[4.0635853,50.92940042],[4.06343669,50.92924707],[4.06347116,50.92923321],[4.06345072,50.92921233],[4.06345005,50.92921152],[4.06344973,50.92921048],[4.06344997,50.92920969],[4.06345102,50.92920884],[4.06345217,50.92920828],[4.06346803,50.92920211],[4.06361102,50.92933923],[4.06364889,50.92937555]]]}},{"type":"Feature","id":"gebouw/Gebouw.16574167/0","properties":{"source":"Digitaal Vlaanderen Gebouwenregister","source_id":"gebouw/Gebouw.16574167/0","kind":"building","height_m":5.72,"status":null},"geometry":{"type":"Polygon","coordinates":[[[4.06834177,50.93440653],[4.06834554,50.93441034],[4.06833795,50.93441352],[4.06829487,50.93443162],[4.06826599,50.93439875],[4.06831487,50.9343794],[4.06834177,50.93440653]]]}},{"type":"Feature","id":"gebouw/Gebouw.16574228/0","properties":{"source":"Digitaal Vlaanderen Gebouwenregister","source_id":"gebouw/Gebouw.16574228/0","kind":"building","height_m":9.32,"status":null},"geometry":{"type":"Polygon","coordinates":[[[4.06324674,50.93314166],[4.06321825,50.93315246],[4.0631452,50.93308401],[4.06333568,50.93301401],[4.06336467,50.93304452],[4.06331838,50.93306219],[4.06332989,50.93307629],[4.06322613,50.93311692],[4.06324674,50.93314166]]]}},{"type":"Feature","id":"gebouw/Gebouw.16574250/0","properties":{"source":"Digitaal Vlaanderen Gebouwenregister","source_id":"gebouw/Gebouw.16574250/0","kind":"building","height_m":5.0,"status":null},"geometry":{"type":"Polygon","coordinates":[[[4.06281673,50.93464617],[4.06283054,50.93465539],[4.06281389,50.93466562],[4.06279881,50.93465594],[4.06268652,50.93458046],[4.06271962,50.93456044],[4.06271576,50.9345579],[4.06275942,50.93453154],[4.06276226,50.93453346],[4.06287529,50.9346098],[4.06283266,50.93463513],[4.06284806,50.93464503],[4.06284521,50.93464683],[4.06283093,50.9346374],[4.06281673,50.93464617]]]}},{"type":"Feature","id":"gebouw/Gebouw.16583483/0","properties":{"source":"Digitaal Vlaanderen Gebouwenregister","source_id":"gebouw/Gebouw.16583483/0","kind":"building","height_m":5.0,"status":null},"geometry":{"type":"Polygon","coordinates":[[[4.06897473,50.93466738],[4.06901033,50.93458782],[4.06901508,50.93458866],[4.06901461,50.93458947],[4.06914517,50.93461244],[4.06915656,50.93459006],[4.06923004,50.93460428],[4.06921986,50.93462528],[4.06923016,50.93462748],[4.06919549,50.9347062],[4.06897473,50.93466738]]]}},{"type":"Feature","id":"gebouw/Gebouw.16583560/0","properties":{"source":"Digitaal Vlaanderen Gebouwenregister","source_id":"gebouw/Gebouw.16583560/0","kind":"building","height_m":5.0,"status":null},"geometry":{"type":"Polygon","coordinates":[[[4.06932382,50.93430329],[4.06946863,50.93416947],[4.0695909,50.93422364],[4.06944708,50.93435655],[4.06932382,50.93430329]]]}},{"type":"Feature","id":"gebouw/Gebouw.16583600/0","properties":{"source":"Digitaal Vlaanderen Gebouwenregister","source_id":"gebouw/Gebouw.16583600/0","kind":"building","height_m":8.6,"status":null},"geometry":{"type":"Polygon","coordinates":[[[4.05938669,50.93109918],[4.05940576,50.93108726],[4.05946326,50.93112399],[4.05944297,50.93113668],[4.05944829,50.93114007],[4.05938591,50.93117906],[4.05942993,50.9312072],[4.05933337,50.9312653],[4.05919213,50.93117474],[4.0591829,50.93118053],[4.05906416,50.93110483],[4.05907476,50.93109819],[4.05901688,50.93106226],[4.05902372,50.93103783],[4.05909108,50.93099972],[4.05921212,50.93107705],[4.05927657,50.93103677],[4.05933858,50.93107638],[4.05934487,50.93107245],[4.05938669,50.93109918]]]}},{"type":"Feature","id":"gebouw/Gebouw.16583643/0","properties":{"source":"Digitaal Vlaanderen Gebouwenregister","source_id":"gebouw/Gebouw.16583643/0","kind":"building","height_m":9.32,"status":null},"geometry":{"type":"Polygon","coordinates":[[[4.06607337,50.92899852],[4.06598931,50.92907718],[4.06591529,50.9290465],[4.06596352,50.92900091],[4.06594685,50.92899231],[4.06597113,50.92897026],[4.06598764,50.92897811],[4.06603119,50.92893536],[4.0660688,50.92895166],[4.06605717,50.92896265],[4.0660959,50.92897743],[4.06607337,50.92899852]]]}},{"type":"Feature","id":"gebouw/Gebouw.16583747/0","properties":{"source":"Digitaal Vlaanderen Gebouwenregister","source_id":"gebouw/Gebouw.16583747/0","kind":"building","height_m":8.6,"status":null},"geometry":{"type":"Polygon","coordinates":[[[4.06934852,50.93087907],[4.06932366,50.93090892],[4.06925261,50.9308853],[4.06927747,50.93085544],[4.06934852,50.93087907]]]}},{"type":"Feature","id":"gebouw/Gebouw.16583762/0","properties":{"source":"Digitaal Vlaanderen Gebouwenregister","source_id":"gebouw/Gebouw.16583762/0","kind":"building","height_m":9.32,"status":null},"geometry":{"type":"Polygon","coordinates":[[[4.06156582,50.93254215],[4.06147439,50.93260051],[4.06142717,50.93256998],[4.06152263,50.93251103],[4.06163485,50.93244174],[4.06167869,50.9324701],[4.06156582,50.93254215]]]}},{"type":"Feature","id":"gebouw/Gebouw.16583852/0","properties":{"source":"Digitaal Vlaanderen Gebouwenregister","source_id":"gebouw/Gebouw.16583852/0","kind":"building","height_m":8.6,"status":null},"geometry":{"type":"Polygon","coordinates":[[[4.06023499,50.93167029],[4.0602311,50.93167258],[4.06011997,50.93173785],[4.06007007,50.93176716],[4.06004137,50.93174784],[4.06008889,50.93171972],[4.06005437,50.93169705],[4.06016932,50.93162716],[4.06023499,50.93167029]]]}},{"type":"Feature","id":"gebouw/Gebouw.16583925/0","properties":{"source":"Digitaal Vlaanderen Gebouwenregister","source_id":"gebouw/Gebouw.16583925/0","kind":"building","height_m":5.72,"status":null},"geometry":{"type":"Polygon","coordinates":[[[4.0691886,50.92888358],[4.06910053,50.92897833],[4.06895713,50.92892509],[4.0690452,50.92883034],[4.0691886,50.92888358]]]}},{"type":"Feature","id":"gebouw/Gebouw.16583926/0","properties":{"source":"Digitaal Vlaanderen Gebouwenregister","source_id":"gebouw/Gebouw.16583926/0","kind":"building","height_m":6.44,"status":null},"geometry":{"type":"Polygon","coordinates":[[[4.06721637,50.9287032],[4.06718889,50.92869358],[4.06717001,50.92871511],[4.06714222,50.92870539],[4.06704022,50.92881565],[4.06709515,50.9288354],[4.06721637,50.9287032]]]}},{"type":"Feature","id":"gebouw/Gebouw.16584001/0","properties":{"source":"Digitaal Vlaanderen Gebouwenregister","source_id":"gebouw/Gebouw.16584001/0","kind":"building","height_m":5.0,"status":null},"geometry":{"type":"Polygon","coordinates":[[[4.06824461,50.93013002],[4.06825321,50.93013345],[4.06820947,50.93017717],[4.06808245,50.93012644],[4.06809602,50.93011287],[4.06808971,50.93011035],[4.06808462,50.93010613],[4.06808086,50.93009994],[4.06807904,50.93009202],[4.06808017,50.93008505],[4.06808342,50.9300789],[4.06809005,50.93007316],[4.06809922,50.93006904],[4.06811006,50.93006708],[4.06811961,50.93006698],[4.06812597,50.93006727],[4.06813169,50.93006837],[4.06813749,50.93007069],[4.06820354,50.93000465],[4.06803764,50.92993839],[4.0681787,50.92980478],[4.06820098,50.92981347],[4.06826195,50.92983726],[4.06819791,50.92990378],[4.06828727,50.92993816],[4.06823257,50.92999495],[4.06834631,50.93004023],[4.06828805,50.93009867],[4.06827937,50.93009518],[4.06827654,50.93009785],[4.06827762,50.93009831],[4.0682486,50.93012759],[4.06824739,50.93012717],[4.06824461,50.93013002]]]}},{"type":"Feature","id":"gebouw/Gebouw.16584050/0","properties":{"source":"Digitaal Vlaanderen Gebouwenregister","source_id":"gebouw/Gebouw.16584050/0","kind":"building","height_m":5.0,"status":null},"geometry":{"type":"Polygon","coordinates":[[[4.06909672,50.93052118],[4.06903645,50.93058566],[4.0687995,50.93049715],[4.06880442,50.93049194],[4.06876221,50.93047603],[4.06878915,50.9304472],[4.06875598,50.93043495],[4.06878574,50.93040342],[4.06884801,50.93033745],[4.06893281,50.93036942],[4.06895166,50.93034945],[4.06896021,50.93035267],[4.06903569,50.9302727],[4.06904162,50.93027492],[4.06905699,50.93028069],[4.06916188,50.93032008],[4.06912949,50.93035474],[4.06907988,50.93033612],[4.06901492,50.93040563],[4.06899545,50.93039832],[4.06894349,50.93045392],[4.0689205,50.93044528],[4.06891689,50.93044915],[4.06890318,50.93044401],[4.06889053,50.93045754],[4.06899426,50.9304965],[4.0690038,50.93048629],[4.06909672,50.93052118]]]}},{"type":"Feature","id":"gebouw/Gebouw.16584060/0","properties":{"source":"Digitaal Vlaanderen Gebouwenregister","source_id":"gebouw/Gebouw.16584060/0","kind":"building","height_m":7.16,"status":null},"geometry":{"type":"Polygon","coordinates":[[[4.06491452,50.9287367],[4.06488871,50.92874925],[4.06478681,50.92879878],[4.06474808,50.9287663],[4.06475107,50.92876464],[4.06474202,50.92875524],[4.06468539,50.92870595],[4.06478505,50.92865938],[4.0648445,50.92871092],[4.06486814,50.92870003],[4.06491452,50.9287367]]]}},{"type":"Feature","id":"gebouw/Gebouw.16584074/0","properties":{"source":"Digitaal Vlaanderen Gebouwenregister","source_id":"gebouw/Gebouw.16584074/0","kind":"building","height_m":7.16,"status":null},"geometry":{"type":"Polygon","coordinates":[[[4.0615885,50.93153411],[4.06136454,50.93166145],[4.06116331,50.93152199],[4.06138579,50.93139389],[4.0615885,50.93153411]]]}},{"type":"Feature","id":"gebouw/Gebouw.16584092/0","properties":{"source":"Digitaal Vlaanderen Gebouwenregister","source_id":"gebouw/Gebouw.16584092/0","kind":"building","height_m":5.0,"status":null},"geometry":{"type":"Polygon","coordinates":[[[4.0663223,50.92927042],[4.06619692,50.92922739],[4.06622328,50.92919671],[4.06634866,50.92923974],[4.0663223,50.92927042]]]}},{"type":"Feature","id":"gebouw/Gebouw.16584254/0","properties":{"source":"Digitaal Vlaanderen Gebouwenregister","source_id":"gebouw/Gebouw.16584254/0","kind":"building","height_m":5.72,"status":null},"geometry":{"type":"Polygon","coordinates":[[[4.06233506,50.93490282],[4.06226278,50.93486526],[4.06226159,50.93485091],[4.06230319,50.93482537],[4.06234271,50.93484578],[4.06238222,50.93481533],[4.06242623,50.93483813],[4.06242995,50.93483538],[4.06253554,50.93488988],[4.06242596,50.93497408],[4.06231641,50.93491715],[4.06233506,50.93490282]]]}},{"type":"Feature","id":"gebouw/Gebouw.16584303/0","properties":{"source":"Digitaal Vlaanderen Gebouwenregister","source_id":"gebouw/Gebouw.16584303/0","kind":"building","height_m":5.72,"status":null},"geometry":{"type":"Polygon","coordinates":[[[4.05916793,50.93026134],[4.05929615,50.93021829],[4.05939633,50.93033746],[4.0592681,50.93038051],[4.05916793,50.93026134]]]}},{"type":"Feature","id":"gebouw/Gebouw.16595019/0","properties":{"source":"Digitaal Vlaanderen Gebouwenregister","source_id":"gebouw/Gebouw.16595019/0","kind":"building","height_m":5.0,"status":null},"geometry":{"type":"Polygon","coordinates":[[[4.05921807,50.93187232],[4.05928278,50.93183159],[4.05931478,50.93185234],[4.05929632,50.93187192],[4.05925357,50.93189863],[4.05921807,50.93187232]]]}},{"type":"Feature","id":"gebouw/Gebouw.16595066/0","properties":{"source":"Digitaal Vlaanderen Gebouwenregister","source_id":"gebouw/Gebouw.16595066/0","kind":"building","height_m":8.6,"status":null},"geometry":{"type":"Polygon","coordinates":[[[4.06497402,50.92931721],[4.06490922,50.92934309],[4.06457555,50.92903966],[4.06456457,50.9290288],[4.06457476,50.92902399],[4.06458717,50.92902453],[4.06459534,50.92903176],[4.06462461,50.92902007],[4.06464361,50.92901249],[4.06497402,50.92931721]]]}},{"type":"Feature","id":"gebouw/Gebouw.16595124/0","properties":{"source":"Digitaal Vlaanderen Gebouwenregister","source_id":"gebouw/Gebouw.16595124/0","kind":"building","height_m":5.0,"status":null},"geometry":{"type":"Polygon","coordinates":[[[4.06931779,50.92949978],[4.06920675,50.92962031],[4.06914494,50.92959753],[4.06925506,50.92947799],[4.06925582,50.92947717],[4.06931779,50.92949978]]]}},{"type":"Feature","id":"gebouw/Gebouw.16595448/0","properties":{"source":"Digitaal Vlaanderen Gebouwenregister","source_id":"gebouw/Gebouw.16595448/0","kind":"building","height_m":6.44,"status":null},"geometry":{"type":"Polygon","coordinates":[[[4.06505454,50.92902323],[4.06513088,50.92908723],[4.06515249,50.92907701],[4.06507651,50.92901284],[4.06505454,50.92902323]]]}},{"type":"Feature","id":"gebouw/Gebouw.16595760/0","properties":{"source":"Digitaal Vlaanderen Gebouwenregister","source_id":"gebouw/Gebouw.16595760/0","kind":"building","height_m":9.32,"status":null},"geometry":{"type":"Polygon","coordinates":[[[4.06734932,50.92856223],[4.0673291,50.92858356],[4.06727514,50.92856391],[4.0672956,50.92854234],[4.06734932,50.92856223]]]}},{"type":"Feature","id":"gebouw/Gebouw.16595803/0","properties":{"source":"Digitaal Vlaanderen Gebouwenregister","source_id":"gebouw/Gebouw.16595803/0","kind":"building","height_m":5.0,"status":null},"geometry":{"type":"Polygon","coordinates":[[[4.06619466,50.92860413],[4.06608658,50.92871164],[4.06602521,50.92868813],[4.06613282,50.92858109],[4.06619466,50.92860413]]]}},{"type":"Feature","id":"gebouw/Gebouw.16595808/0","properties":{"source":"Digitaal Vlaanderen Gebouwenregister","source_id":"gebouw/Gebouw.16595808/0","kind":"building","height_m":8.6,"status":null},"geometry":{"type":"Polygon","coordinates":[[[4.06116264,50.93110433],[4.06121282,50.93114076],[4.06115568,50.9311723],[4.0611055,50.93113587],[4.06116264,50.93110433]]]}},{"type":"Feature","id":"gebouw/Gebouw.16601701/0","properties":{"source":"Digitaal Vlaanderen Gebouwenregister","source_id":"gebouw/Gebouw.16601701/0","kind":"building","height_m":7.88,"status":null},"geometry":{"type":"Polygon","coordinates":[[[4.06715937,50.93399991],[4.06703436,50.93394805],[4.06713021,50.93385865],[4.06725316,50.93390966],[4.06715937,50.93399991]]]}},{"type":"Feature","id":"gebouw/Gebouw.16601722/0","properties":{"source":"Digitaal Vlaanderen Gebouwenregister","source_id":"gebouw/Gebouw.16601722/0","kind":"building","height_m":7.88,"status":null},"geometry":{"type":"Polygon","coordinates":[[[4.06209673,50.93187166],[4.06212248,50.93185698],[4.06219016,50.9319043],[4.06216441,50.93191899],[4.06209673,50.93187166]]]}},{"type":"Feature","id":"gebouw/Gebouw.16601793/0","properties":{"source":"Digitaal Vlaanderen Gebouwenregister","source_id":"gebouw/Gebouw.16601793/0","kind":"building","height_m":8.6,"status":null},"geometry":{"type":"Polygon","coordinates":[[[4.06737275,50.93455601],[4.06734731,50.93458893],[4.06729373,50.93457332],[4.06731868,50.93453993],[4.06737275,50.93455601]]]}},{"type":"Feature","id":"gebouw/Gebouw.16601930/0","properties":{"source":"Digitaal Vlaanderen Gebouwenregister","source_id":"gebouw/Gebouw.16601930/0","kind":"building","height_m":6.44,"status":null},"geometry":{"type":"Polygon","coordinates":[[[4.06487401,50.93500564],[4.06489742,50.93494647],[4.06487649,50.93494316],[4.0648801,50.93493403],[4.06490101,50.93493734],[4.0649022,50.93493431],[4.06492222,50.93488372],[4.06473191,50.93485365],[4.06471069,50.93490729],[4.06481362,50.93492355],[4.06478721,50.93499028],[4.06468529,50.93497418],[4.0646634,50.9350295],[4.06485272,50.93505941],[4.06487401,50.93500564]]]}},{"type":"Feature","id":"gebouw/Gebouw.16602002/0","properties":{"source":"Digitaal Vlaanderen Gebouwenregister","source_id":"gebouw/Gebouw.16602002/0","kind":"building","height_m":7.88,"status":null},"geometry":{"type":"Polygon","coordinates":[[[4.06816832,50.93512244],[4.06812342,50.93511221],[4.06814469,50.9350696],[4.06818946,50.93507916],[4.06816832,50.93512244]]]}},{"type":"Feature","id":"gebouw/Gebouw.16602045/0","properties":{"source":"Digitaal Vlaanderen Gebouwenregister","source_id":"gebouw/Gebouw.16602045/0","kind":"building","height_m":8.6,"status":null},"geometry":{"type":"Polygon","coordinates":[[[4.06299854,50.93235397],[4.06299238,50.9323566],[4.06293804,50.93237986],[4.06290944,50.93234942],[4.06295761,50.93233145],[4.06296368,50.93232918],[4.06297271,50.93232581],[4.06299854,50.93235397]]]}},{"type":"Feature","id":"gebouw/Gebouw.16602181/0","properties":{"source":"Digitaal Vlaanderen Gebouwenregister","source_id":"gebouw/Gebouw.16602181/0","kind":"building","height_m":5.72,"status":null},"geometry":{"type":"Polygon","coordinates":[[[4.06420973,50.93409962],[4.06425518,50.93411811],[4.06418644,50.93418559],[4.06414099,50.93416711],[4.06420973,50.93409962]]]}},{"type":"Feature","id":"gebouw/Gebouw.16602226/0","properties":{"source":"Digitaal Vlaanderen Gebouwenregister","source_id":"gebouw/Gebouw.16602226/0","kind":"building","height_m":7.88,"status":null},"geometry":{"type":"Polygon","coordinates":[[[4.06794419,50.93415645],[4.06785437,50.93412487],[4.06783341,50.93414817],[4.0679224,50.93417966],[4.06793212,50.93416938],[4.06794431,50.9341565],[4.06794419,50.93415645]]]}},{"type":"Feature","id":"gebouw/Gebouw.16602330/0","properties":{"source":"Digitaal Vlaanderen Gebouwenregister","source_id":"gebouw/Gebouw.16602330/0","kind":"building","height_m":7.16,"status":null},"geometry":{"type":"Polygon","coordinates":[[[4.06152658,50.93233952],[4.06154537,50.93235263],[4.06155079,50.93235642],[4.06158466,50.93238005],[4.06158949,50.93238342],[4.06161379,50.93240037],[4.06169588,50.93235061],[4.06160589,50.93229136],[4.06152658,50.93233952]]]}},{"type":"Feature","id":"gebouw/Gebouw.16602500/0","properties":{"source":"Digitaal Vlaanderen Gebouwenregister","source_id":"gebouw/Gebouw.16602500/0","kind":"building","height_m":8.6,"status":null},"geometry":{"type":"Polygon","coordinates":[[[4.06001262,50.93152319],[4.06009823,50.93157999],[4.06004799,50.93161023],[4.06005464,50.93161464],[4.05999843,50.93164847],[4.05998419,50.93163903],[4.05991239,50.93168225],[4.05989368,50.93166983],[4.05983433,50.93163046],[4.05997319,50.93154692],[4.06001262,50.93152319]]]}},{"type":"Feature","id":"gebouw/Gebouw.16602533/0","properties":{"source":"Digitaal Vlaanderen Gebouwenregister","source_id":"gebouw/Gebouw.16602533/0","kind":"building","height_m":7.16,"status":null},"geometry":{"type":"Polygon","coordinates":[[[4.06039391,50.9324559],[4.06046073,50.93241501],[4.06053824,50.93246559],[4.06038106,50.93256178],[4.06039335,50.9325698],[4.06024741,50.93265911],[4.06013776,50.93258756],[4.06037406,50.93244295],[4.06039391,50.9324559]]]}},{"type":"Feature","id":"gebouw/Gebouw.16602581/0","properties":{"source":"Digitaal Vlaanderen Gebouwenregister","source_id":"gebouw/Gebouw.16602581/0","kind":"building","height_m":6.44,"status":null},"geometry":{"type":"Polygon","coordinates":[[[4.0645138,50.93029261],[4.06448291,50.93030959],[4.06456849,50.93037178],[4.06446362,50.93042904],[4.06432632,50.93032862],[4.06432781,50.9303278],[4.06446129,50.93025445],[4.06446484,50.93025704],[4.0645138,50.93029261]]]}},{"type":"Feature","id":"gebouw/Gebouw.16607649/0","properties":{"source":"Digitaal Vlaanderen Gebouwenregister","source_id":"gebouw/Gebouw.16607649/0","kind":"building","height_m":6.44,"status":null},"geometry":{"type":"Polygon","coordinates":[[[4.06634947,50.92906995],[4.06632091,50.92909826],[4.06627407,50.92907938],[4.06630358,50.92905096],[4.06634947,50.92906995]]]}},{"type":"Feature","id":"gebouw/Gebouw.16607728/0","properties":{"source":"Digitaal Vlaanderen Gebouwenregister","source_id":"gebouw/Gebouw.16607728/0","kind":"building","height_m":7.88,"status":null},"geometry":{"type":"Polygon","coordinates":[[[4.06790952,50.9336695],[4.06800967,50.93360252],[4.06813253,50.93367567],[4.06803222,50.93374276],[4.06790952,50.9336695]]]}},{"type":"Feature","id":"gebouw/Gebouw.16607830/0","properties":{"source":"Digitaal Vlaanderen Gebouwenregister","source_id":"gebouw/Gebouw.16607830/0","kind":"building","height_m":5.72,"status":null},"geometry":{"type":"Polygon","coordinates":[[[4.064046,50.93003674],[4.06395256,50.93009131],[4.06394927,50.93008906],[4.0639543,50.93008599],[4.06390235,50.93004834],[4.06389659,50.93005139],[4.06385551,50.93002254],[4.06399735,50.9299453],[4.06407949,50.93000382],[4.06403546,50.93002954],[4.064046,50.93003674]]]}},{"type":"Feature","id":"gebouw/Gebouw.16607838/0","properties":{"source":"Digitaal Vlaanderen Gebouwenregister","source_id":"gebouw/Gebouw.16607838/0","kind":"building","height_m":6.44,"status":null},"geometry":{"type":"Polygon","coordinates":[[[4.06714222,50.92870539],[4.06718379,50.92866046],[4.06719185,50.92865174],[4.06713759,50.92863166],[4.06698672,50.92879615],[4.06704022,50.92881565],[4.06714222,50.92870539]]]}},{"type":"Feature","id":"gebouw/Gebouw.16607845/0","properties":{"source":"Digitaal Vlaanderen Gebouwenregister","source_id":"gebouw/Gebouw.16607845/0","kind":"building","height_m":6.44,"status":null},"geometry":{"type":"Polygon","coordinates":[[[4.06782351,50.93402287],[4.06790968,50.93392991],[4.06803291,50.93397552],[4.06794554,50.93406861],[4.0679423,50.93406739],[4.06783204,50.93402607],[4.06782692,50.93402415],[4.06782351,50.93402287]]]}},{"type":"Feature","id":"gebouw/Gebouw.16607918/0","properties":{"source":"Digitaal Vlaanderen Gebouwenregister","source_id":"gebouw/Gebouw.16607918/0","kind":"building","height_m":8.6,"status":null},"geometry":{"type":"Polygon","coordinates":[[[4.06921605,50.92930364],[4.06913095,50.92927247],[4.06939215,50.9289877],[4.06936227,50.92897711],[4.06938191,50.92895499],[4.06941281,50.92896595],[4.06942014,50.9289577],[4.0694521,50.92892172],[4.06947737,50.92893069],[4.06949952,50.92890575],[4.06956322,50.92892834],[4.06950736,50.92899124],[4.06935844,50.92915889],[4.06935522,50.92915773],[4.06923074,50.92929479],[4.06922582,50.92929299],[4.06921605,50.92930364]]]}},{"type":"Feature","id":"gebouw/Gebouw.16607933/0","properties":{"source":"Digitaal Vlaanderen Gebouwenregister","source_id":"gebouw/Gebouw.16607933/0","kind":"building","height_m":9.32,"status":null},"geometry":{"type":"Polygon","coordinates":[[[4.06182787,50.93509035],[4.06184715,50.93510061],[4.06196543,50.93501184],[4.06207267,50.93506786],[4.06196305,50.93515165],[4.06200183,50.93517217],[4.06194643,50.93521521],[4.06190654,50.93519446],[4.06190198,50.93519788],[4.06177477,50.9351302],[4.06182787,50.93509035]]]}},{"type":"Feature","id":"gebouw/Gebouw.16608081/0","properties":{"source":"Digitaal Vlaanderen Gebouwenregister","source_id":"gebouw/Gebouw.16608081/0","kind":"building","height_m":5.0,"status":null},"geometry":{"type":"Polygon","coordinates":[[[4.06821466,50.92977071],[4.0682959,50.92980205],[4.06826195,50.92983726],[4.06820098,50.92981347],[4.0681787,50.92980478],[4.06821466,50.92977071]]]}},{"type":"Feature","id":"gebouw/Gebouw.16608428/0","properties":{"source":"Digitaal Vlaanderen Gebouwenregister","source_id":"gebouw/Gebouw.16608428/0","kind":"building","height_m":7.88,"status":null},"geometry":{"type":"Polygon","coordinates":[[[4.06875768,50.93431158],[4.06875683,50.93431349],[4.06857539,50.93428136],[4.06859314,50.93424135],[4.06863502,50.93414692],[4.0686777,50.93415448],[4.06874778,50.93416688],[4.06881575,50.93417892],[4.06881646,50.93417905],[4.06877186,50.93427961],[4.06875768,50.93431158]]]}},{"type":"Feature","id":"gebouw/Gebouw.16608487/0","properties":{"source":"Digitaal Vlaanderen Gebouwenregister","source_id":"gebouw/Gebouw.16608487/0","kind":"building","height_m":5.0,"status":null},"geometry":{"type":"Polygon","coordinates":[[[4.06890447,50.92997423],[4.06887496,50.93000658],[4.06876223,50.92996551],[4.06879174,50.92993316],[4.06890447,50.92997423]]]}},{"type":"Feature","id":"gebouw/Gebouw.16736711/0","properties":{"source":"Digitaal Vlaanderen Gebouwenregister","source_id":"gebouw/Gebouw.16736711/0","kind":"building","height_m":8.6,"status":null},"geometry":{"type":"Polygon","coordinates":[[[4.06208598,50.92879704],[4.06213031,50.92882761],[4.06204589,50.92887651],[4.06197421,50.92882709],[4.06201911,50.92880108],[4.06191754,50.92873105],[4.06192267,50.92872808],[4.06191259,50.92872114],[4.06191578,50.92871929],[4.0618814,50.92869559],[4.06198613,50.92863492],[4.0621595,50.92875445],[4.06208598,50.92879704]]]}},{"type":"Feature","id":"gebouw/Gebouw.16746419/0","properties":{"source":"Digitaal Vlaanderen Gebouwenregister","source_id":"gebouw/Gebouw.16746419/0","kind":"building","height_m":7.88,"status":null},"geometry":{"type":"Polygon","coordinates":[[[4.06125348,50.92927468],[4.06119388,50.92929795],[4.06116352,50.92926601],[4.06122447,50.9292434],[4.06125348,50.92927468]]]}},{"type":"Feature","id":"gebouw/Gebouw.16751722/0","properties":{"source":"Digitaal Vlaanderen Gebouwenregister","source_id":"gebouw/Gebouw.16751722/0","kind":"building","height_m":5.72,"status":null},"geometry":{"type":"Polygon","coordinates":[[[4.05987206,50.9290317],[4.05987776,50.92916753],[4.05974601,50.92916974],[4.05974031,50.92903391],[4.05987206,50.9290317]]]}},{"type":"Feature","id":"gebouw/Gebouw.16751971/0","properties":{"source":"Digitaal Vlaanderen Gebouwenregister","source_id":"gebouw/Gebouw.16751971/0","kind":"building","height_m":8.6,"status":null},"geometry":{"type":"Polygon","coordinates":[[[4.06036152,50.92856648],[4.06032634,50.92858002],[4.06029799,50.92855061],[4.06031084,50.92854566],[4.06026805,50.92850126],[4.06030269,50.92848793],[4.06035471,50.92849507],[4.06043097,50.9284659],[4.06045264,50.92848852],[4.06049004,50.92847421],[4.06051836,50.92850379],[4.06050376,50.92850937],[4.0605438,50.92855119],[4.06053647,50.92855399],[4.06053486,50.92855235],[4.06049841,50.92856625],[4.06049997,50.92856784],[4.06049228,50.92857076],[4.0604751,50.9285528],[4.06038262,50.92858839],[4.06036152,50.92856648]]]}},{"type":"Feature","id":"gebouw/Gebouw.16754189/0","properties":{"source":"Digitaal Vlaanderen Gebouwenregister","source_id":"gebouw/Gebouw.16754189/0","kind":"building","height_m":7.88,"status":null},"geometry":{"type":"Polygon","coordinates":[[[4.06232035,50.92886415],[4.06241548,50.92893074],[4.06228946,50.92900264],[4.06219433,50.92893605],[4.06232035,50.92886415]]]}},{"type":"Feature","id":"gebouw/Gebouw.16754582/0","properties":{"source":"Digitaal Vlaanderen Gebouwenregister","source_id":"gebouw/Gebouw.16754582/0","kind":"building","height_m":8.6,"status":null},"geometry":{"type":"Polygon","coordinates":[[[4.06305808,50.92884597],[4.06302871,50.92892275],[4.06301533,50.92895774],[4.06295967,50.92894922],[4.06296646,50.92893205],[4.06293941,50.92892791],[4.06291818,50.92892466],[4.06292353,50.92891062],[4.06293407,50.92888301],[4.06289199,50.92887627],[4.06286734,50.92887231],[4.06284816,50.92885275],[4.06286457,50.92884641],[4.06285445,50.92883538],[4.06283801,50.92884168],[4.06282948,50.92883309],[4.06275486,50.92875568],[4.06275221,50.92875293],[4.06289469,50.9286983],[4.06290967,50.92869256],[4.06298116,50.92876651],[4.06296439,50.92878412],[4.06300395,50.92879009],[4.06307533,50.92880087],[4.06305808,50.92884597]]]}},{"type":"Feature","id":"gebouw/Gebouw.16754970/0","properties":{"source":"Digitaal Vlaanderen Gebouwenregister","source_id":"gebouw/Gebouw.16754970/0","kind":"building","height_m":5.72,"status":null},"geometry":{"type":"Polygon","coordinates":[[[4.0625979,50.92857194],[4.06260462,50.92857709],[4.06262828,50.92856476],[4.06263832,50.92857245],[4.06270198,50.92853927],[4.06274776,50.92857436],[4.06256804,50.92866735],[4.06251524,50.92862645],[4.06255579,50.92860538],[4.06254686,50.92859853],[4.0625979,50.92857194]]]}},{"type":"Feature","id":"gebouw/Gebouw.16758545/0","properties":{"source":"Digitaal Vlaanderen Gebouwenregister","source_id":"gebouw/Gebouw.16758545/0","kind":"building","height_m":9.32,"status":null},"geometry":{"type":"Polygon","coordinates":[[[4.05986051,50.92866958],[4.05985083,50.92867811],[4.05988185,50.92869218],[4.05991341,50.92866438],[4.05996218,50.92871676],[4.05990686,50.92876489],[4.05980166,50.92871697],[4.05979296,50.92872458],[4.0596562,50.92866258],[4.05972038,50.92860604],[4.05986051,50.92866958]]]}},{"type":"Feature","id":"gebouw/Gebouw.16760289/0","properties":{"source":"Digitaal Vlaanderen Gebouwenregister","source_id":"gebouw/Gebouw.16760289/0","kind":"building","height_m":5.0,"status":null},"geometry":{"type":"Polygon","coordinates":[[[4.06013009,50.92910208],[4.06015229,50.92910157],[4.06015696,50.92918199],[4.06001274,50.92918426],[4.06001027,50.92914969],[4.0600014,50.92914498],[4.06000153,50.92912369],[4.06000805,50.92911857],[4.06001612,50.92911834],[4.06001243,50.92906657],[4.06003119,50.92906604],[4.06003169,50.9290641],[4.06005678,50.92906357],[4.06005717,50.92906574],[4.06012789,50.9290641],[4.06013009,50.92910208]]]}},{"type":"Feature","id":"gebouw/Gebouw.16760586/0","properties":{"source":"Digitaal Vlaanderen Gebouwenregister","source_id":"gebouw/Gebouw.16760586/0","kind":"building","height_m":7.16,"status":null},"geometry":{"type":"Polygon","coordinates":[[[4.05932148,50.92934833],[4.05926804,50.92942489],[4.05921589,50.92940993],[4.05926163,50.92934923],[4.05926818,50.9293512],[4.05927852,50.92933748],[4.05932148,50.92934833]]]}},{"type":"Feature","id":"gebouw/Gebouw.16760716/0","properties":{"source":"Digitaal Vlaanderen Gebouwenregister","source_id":"gebouw/Gebouw.16760716/0","kind":"building","height_m":5.0,"status":null},"geometry":{"type":"Polygon","coordinates":[[[4.05949666,50.92946344],[4.05947751,50.92949459],[4.05953535,50.92950921],[4.05950695,50.92955409],[4.05957431,50.92957112],[4.05955344,50.92960409],[4.05959267,50.929614],[4.05953823,50.92970256],[4.059392,50.92966561],[4.05944355,50.92957632],[4.0593868,50.92955879],[4.05945231,50.92945223],[4.05949666,50.92946344]]]}},{"type":"Feature","id":"gebouw/Gebouw.16760825/0","properties":{"source":"Digitaal Vlaanderen Gebouwenregister","source_id":"gebouw/Gebouw.16760825/0","kind":"building","height_m":7.88,"status":null},"geometry":{"type":"Polygon","coordinates":[[[4.05953349,50.92911475],[4.05946702,50.92917283],[4.05942165,50.92915209],[4.05948812,50.92909401],[4.05953349,50.92911475]]]}},{"type":"Feature","id":"gebouw/Gebouw.16761684/0","properties":{"source":"Digitaal Vlaanderen Gebouwenregister","source_id":"gebouw/Gebouw.16761684/0","kind":"building","height_m":6.44,"status":null},"geometry":{"type":"Polygon","coordinates":[[[4.06131617,50.92902323],[4.06136021,50.92906742],[4.06131555,50.92908519],[4.06127103,50.92904052],[4.0612686,50.92904149],[4.06120781,50.92898049],[4.06125855,50.92896029],[4.06131983,50.92902177],[4.06131617,50.92902323]]]}},{"type":"Feature","id":"gebouw/Gebouw.16772801/0","properties":{"source":"Digitaal Vlaanderen Gebouwenregister","source_id":"gebouw/Gebouw.16772801/0","kind":"building","height_m":7.16,"status":null},"geometry":{"type":"Polygon","coordinates":[[[4.05945367,50.92924834],[4.05940851,50.92932093],[4.05935534,50.92930772],[4.0594005,50.92923513],[4.05945367,50.92924834]]]}},{"type":"Feature","id":"gebouw/Gebouw.16773227/0","properties":{"source":"Digitaal Vlaanderen Gebouwenregister","source_id":"gebouw/Gebouw.16773227/0","kind":"building","height_m":6.44,"status":null},"geometry":{"type":"Polygon","coordinates":[[[4.05921959,50.92950371],[4.0591568,50.92960584],[4.05910562,50.9295929],[4.05910984,50.92958624],[4.05905673,50.9295726],[4.05910709,50.92949723],[4.0591181,50.92948074],[4.05913225,50.92948451],[4.05916495,50.92949324],[4.05916729,50.92948974],[4.05918421,50.92949426],[4.05921959,50.92950371]]]}},{"type":"Feature","id":"gebouw/Gebouw.16775161/0","properties":{"source":"Digitaal Vlaanderen Gebouwenregister","source_id":"gebouw/Gebouw.16775161/0","kind":"building","height_m":7.88,"status":null},"geometry":{"type":"Polygon","coordinates":[[[4.05902474,50.92903581],[4.05898917,50.92909135],[4.05892966,50.92907602],[4.05896432,50.92902228],[4.05902474,50.92903581]]]}},{"type":"Feature","id":"gebouw/Gebouw.16775330/0","properties":{"source":"Digitaal Vlaanderen Gebouwenregister","source_id":"gebouw/Gebouw.16775330/0","kind":"building","height_m":8.6,"status":null},"geometry":{"type":"Polygon","coordinates":[[[4.0589506,50.92953877],[4.05884411,50.92951217],[4.0588358,50.92952546],[4.05876907,50.9295088],[4.05882037,50.92942869],[4.05878014,50.92941778],[4.05880745,50.92937513],[4.05884897,50.92938639],[4.05882479,50.92942179],[4.05894828,50.92945264],[4.05894529,50.92944817],[4.05894467,50.92944536],[4.05894534,50.92944067],[4.05895004,50.92943412],[4.05895876,50.92942852],[4.05896958,50.92942627],[4.05897827,50.92942616],[4.05898969,50.92942954],[4.05899792,50.92943558],[4.05900189,50.92944144],[4.05904413,50.92937548],[4.0590497,50.92937686],[4.05906501,50.92934288],[4.05911479,50.92935532],[4.05909493,50.92938708],[4.05910469,50.92938954],[4.05905279,50.92947059],[4.0590013,50.92945772],[4.0589506,50.92953877]]]}},{"type":"Feature","id":"gebouw/Gebouw.16781872/0","properties":{"source":"Digitaal Vlaanderen Gebouwenregister","source_id":"gebouw/Gebouw.16781872/0","kind":"building","height_m":6.44,"status":null},"geometry":{"type":"Polygon","coordinates":[[[4.06285421,50.92863849],[4.06282376,50.92861207],[4.06289711,50.92857831],[4.06286678,50.92855199],[4.06290917,50.92853248],[4.0629395,50.9285588],[4.06297111,50.92854426],[4.06300186,50.92857095],[4.06295967,50.92859037],[4.06285421,50.92863849]]]}},{"type":"Feature","id":"gebouw/Gebouw.16782244/0","properties":{"source":"Digitaal Vlaanderen Gebouwenregister","source_id":"gebouw/Gebouw.16782244/0","kind":"building","height_m":7.16,"status":null},"geometry":{"type":"Polygon","coordinates":[[[4.05995924,50.9298049],[4.0600248,50.92970114],[4.06026877,50.92976269],[4.06021402,50.92984847],[4.06002874,50.92980124],[4.06001743,50.92981958],[4.05995924,50.9298049]]]}},{"type":"Feature","id":"gebouw/Gebouw.16783538/0","properties":{"source":"Digitaal Vlaanderen Gebouwenregister","source_id":"gebouw/Gebouw.16783538/0","kind":"building","height_m":6.44,"status":null},"geometry":{"type":"Polygon","coordinates":[[[4.06024337,50.92901393],[4.06035855,50.92896971],[4.06045599,50.92907107],[4.06033488,50.92911756],[4.06028018,50.92906066],[4.0602858,50.92905814],[4.06024337,50.92901393]]]}},{"type":"Feature","id":"gebouw/Gebouw.16783954/0","properties":{"source":"Digitaal Vlaanderen Gebouwenregister","source_id":"gebouw/Gebouw.16783954/0","kind":"building","height_m":8.6,"status":null},"geometry":{"type":"Polygon","coordinates":[[[4.06060257,50.92914171],[4.06056504,50.92915611],[4.0605023,50.92909221],[4.06054132,50.92907731],[4.06060257,50.92914171]]]}},{"type":"Feature","id":"gebouw/Gebouw.16785366/0","properties":{"source":"Digitaal Vlaanderen Gebouwenregister","source_id":"gebouw/Gebouw.16785366/0","kind":"building","height_m":7.16,"status":null},"geometry":{"type":"Polygon","coordinates":[[[4.0600015,50.92857177],[4.05994776,50.92859306],[4.05993004,50.9285752],[4.05998378,50.92855391],[4.0600015,50.92857177]]]}},{"type":"Feature","id":"gebouw/Gebouw.16785924/0","properties":{"source":"Digitaal Vlaanderen Gebouwenregister","source_id":"gebouw/Gebouw.16785924/0","kind":"building","height_m":5.72,"status":null},"geometry":{"type":"Polygon","coordinates":[[[4.05914168,50.92878463],[4.05912573,50.92879866],[4.05905698,50.92876954],[4.05897225,50.9288424],[4.05904133,50.928874],[4.05905332,50.92886236],[4.05920625,50.92893062],[4.05917992,50.92895484],[4.05925193,50.92898613],[4.05937212,50.9288772],[4.05929209,50.92884147],[4.0592832,50.92884889],[4.05914168,50.92878463]]]}},{"type":"Feature","id":"gebouw/Gebouw.16794230/0","properties":{"source":"Digitaal Vlaanderen Gebouwenregister","source_id":"gebouw/Gebouw.16794230/0","kind":"building","height_m":8.6,"status":null},"geometry":{"type":"Polygon","coordinates":[[[4.05989011,50.9297192],[4.05984192,50.92970729],[4.05980408,50.92976617],[4.05975576,50.92975376],[4.05975289,50.92975749],[4.05968623,50.92974062],[4.05968873,50.92973689],[4.05963255,50.92972223],[4.05964796,50.92969604],[4.05964516,50.92969517],[4.05966985,50.92965203],[4.0596783,50.92965396],[4.05969485,50.92962504],[4.05976192,50.92964037],[4.05974604,50.92966811],[4.05975973,50.92967123],[4.05976366,50.92966436],[4.0597985,50.92967232],[4.05979184,50.92968395],[4.05981954,50.92969029],[4.05983168,50.92966907],[4.05984026,50.92967103],[4.05987545,50.92961416],[4.05994419,50.92963122],[4.05989011,50.9297192]]]}},{"type":"Feature","id":"gebouw/Gebouw.16794323/0","properties":{"source":"Digitaal Vlaanderen Gebouwenregister","source_id":"gebouw/Gebouw.16794323/0","kind":"building","height_m":5.0,"status":null},"geometry":{"type":"Polygon","coordinates":[[[4.06057126,50.92902584],[4.0604738,50.92892549],[4.06051865,50.92890809],[4.06051351,50.92890292],[4.06057744,50.9288776],[4.06065231,50.9289531],[4.06065777,50.92895094],[4.06066901,50.92894949],[4.06068277,50.92895194],[4.06069121,50.92895812],[4.06069455,50.92896536],[4.06069386,50.92897366],[4.0606921,50.92897579],[4.06068223,50.92897962],[4.06068448,50.92898193],[4.06057126,50.92902584]]]}},{"type":"Feature","id":"gebouw/Gebouw.16794804/0","properties":{"source":"Digitaal Vlaanderen Gebouwenregister","source_id":"gebouw/Gebouw.16794804/0","kind":"building","height_m":8.6,"status":null},"geometry":{"type":"Polygon","coordinates":[[[4.06202839,50.9289515],[4.06196768,50.92898478],[4.06193337,50.92895978],[4.06199409,50.9289265],[4.06202839,50.9289515]]]}},{"type":"Feature","id":"gebouw/Gebouw.16796726/0","properties":{"source":"Digitaal Vlaanderen Gebouwenregister","source_id":"gebouw/Gebouw.16796726/0","kind":"building","height_m":6.44,"status":null},"geometry":{"type":"Polygon","coordinates":[[[4.05935483,50.92931204],[4.05939607,50.92932339],[4.05937032,50.92936068],[4.05932857,50.92935013],[4.05935483,50.92931204]]]}},{"type":"Feature","id":"gebouw/Gebouw.16796770/0","properties":{"source":"Digitaal Vlaanderen Gebouwenregister","source_id":"gebouw/Gebouw.16796770/0","kind":"building","height_m":7.88,"status":null},"geometry":{"type":"Polygon","coordinates":[[[4.05936412,50.92937991],[4.05932104,50.92943981],[4.05926804,50.92942489],[4.05932148,50.92934833],[4.05936735,50.92936421],[4.05935711,50.9293778],[4.05936412,50.92937991]]]}},{"type":"Feature","id":"gebouw/Gebouw.16797037/0","properties":{"source":"Digitaal Vlaanderen Gebouwenregister","source_id":"gebouw/Gebouw.16797037/0","kind":"building","height_m":8.6,"status":null},"geometry":{"type":"Polygon","coordinates":[[[4.06144046,50.92897547],[4.06138875,50.92899731],[4.06136916,50.92897878],[4.06142087,50.92895695],[4.06144046,50.92897547]]]}},{"type":"Feature","id":"gebouw/Gebouw.16797261/0","properties":{"source":"Digitaal Vlaanderen Gebouwenregister","source_id":"gebouw/Gebouw.16797261/0","kind":"building","height_m":8.6,"status":null},"geometry":{"type":"Polygon","coordinates":[[[4.05995083,50.92925832],[4.06000312,50.92925803],[4.06000898,50.92936948],[4.05995506,50.92935338],[4.05995083,50.92925832]]]}},{"type":"Feature","id":"gebouw/Gebouw.16797454/0","properties":{"source":"Digitaal Vlaanderen Gebouwenregister","source_id":"gebouw/Gebouw.16797454/0","kind":"building","height_m":6.44,"status":null},"geometry":{"type":"Polygon","coordinates":[[[4.06123397,50.92884774],[4.06113738,50.92874723],[4.06125731,50.9287012],[4.06125294,50.92869673],[4.06136933,50.92865137],[4.06146497,50.92874937],[4.06136998,50.92878639],[4.06137641,50.92879308],[4.06123397,50.92884774]]]}},{"type":"Feature","id":"gebouw/Gebouw.16800836/0","properties":{"source":"Digitaal Vlaanderen Gebouwenregister","source_id":"gebouw/Gebouw.16800836/0","kind":"building","height_m":7.16,"status":null},"geometry":{"type":"Polygon","coordinates":[[[4.0593958,50.92901034],[4.05944214,50.92896884],[4.05943755,50.92896679],[4.05948247,50.92892656],[4.05959462,50.92897658],[4.05950336,50.9290583],[4.0593958,50.92901034]]]}},{"type":"Feature","id":"gebouw/Gebouw.16801305/0","properties":{"source":"Digitaal Vlaanderen Gebouwenregister","source_id":"gebouw/Gebouw.16801305/0","kind":"building","height_m":7.16,"status":null},"geometry":{"type":"Polygon","coordinates":[[[4.06276777,50.928564],[4.06279833,50.92858743],[4.06271349,50.92863163],[4.06274794,50.92865804],[4.06269514,50.92868555],[4.06267809,50.92867248],[4.06261738,50.9287046],[4.06256804,50.92866735],[4.06274776,50.92857436],[4.06276777,50.928564]]]}},{"type":"Feature","id":"gebouw/Gebouw.16801364/0","properties":{"source":"Digitaal Vlaanderen Gebouwenregister","source_id":"gebouw/Gebouw.16801364/0","kind":"building","height_m":9.32,"status":null},"geometry":{"type":"Polygon","coordinates":[[[4.06099192,50.92877195],[4.06106564,50.92884769],[4.06092259,50.92890331],[4.06084835,50.92882822],[4.06085322,50.9288263],[4.06084201,50.92881475],[4.06090459,50.92879037],[4.06091736,50.92880093],[4.06099192,50.92877195]]]}},{"type":"Feature","id":"gebouw/Gebouw.16814331/0","properties":{"source":"Digitaal Vlaanderen Gebouwenregister","source_id":"gebouw/Gebouw.16814331/0","kind":"building","height_m":6.44,"status":null},"geometry":{"type":"Polygon","coordinates":[[[4.06260414,50.92905964],[4.06265553,50.92909472],[4.06252029,50.92917368],[4.06237827,50.92907653],[4.0625111,50.92899612],[4.06251587,50.92899938],[4.06257925,50.92904265],[4.06260414,50.92905964]]]}},{"type":"Feature","id":"gebouw/Gebouw.16814423/0","properties":{"source":"Digitaal Vlaanderen Gebouwenregister","source_id":"gebouw/Gebouw.16814423/0","kind":"building","height_m":7.16,"status":null},"geometry":{"type":"Polygon","coordinates":[[[4.06068554,50.92910987],[4.06060771,50.92913974],[4.06060257,50.92914171],[4.06054132,50.92907731],[4.06053219,50.92906771],[4.06057888,50.92904988],[4.06058587,50.9290572],[4.06058983,50.92905569],[4.06064372,50.92911205],[4.06067588,50.92909977],[4.06068554,50.92910987]]]}},{"type":"Feature","id":"gebouw/Gebouw.16821298/0","properties":{"source":"Digitaal Vlaanderen Gebouwenregister","source_id":"gebouw/Gebouw.16821298/0","kind":"building","height_m":7.88,"status":null},"geometry":{"type":"Polygon","coordinates":[[[4.06017751,50.92859873],[4.06024466,50.92866759],[4.06012274,50.92871507],[4.06004356,50.92863387],[4.05999969,50.92865095],[4.05995442,50.92860453],[4.06001839,50.92857962],[4.06005591,50.9286181],[4.06011479,50.92859516],[4.06013457,50.92861545],[4.06017751,50.92859873]]]}},{"type":"Feature","id":"gebouw/Gebouw.16821390/0","properties":{"source":"Digitaal Vlaanderen Gebouwenregister","source_id":"gebouw/Gebouw.16821390/0","kind":"building","height_m":8.6,"status":null},"geometry":{"type":"Polygon","coordinates":[[[4.05921959,50.92950371],[4.0591568,50.92960584],[4.05920845,50.92961871],[4.05921249,50.92961223],[4.05926577,50.92962626],[4.05933964,50.92950944],[4.05927454,50.9294921],[4.05925967,50.92951439],[4.05921959,50.92950371]]]}},{"type":"Feature","id":"gebouw/Gebouw.16829368/0","properties":{"source":"Digitaal Vlaanderen Gebouwenregister","source_id":"gebouw/Gebouw.16829368/0","kind":"building","height_m":7.16,"status":null},"geometry":{"type":"Polygon","coordinates":[[[4.06145536,50.92899935],[4.06148091,50.92902462],[4.061414,50.92905164],[4.06138845,50.92902636],[4.06145536,50.92899935]]]}},{"type":"Feature","id":"gebouw/Gebouw.16987140/0","properties":{"source":"Digitaal Vlaanderen Gebouwenregister","source_id":"gebouw/Gebouw.16987140/0","kind":"building","height_m":6.44,"status":null},"geometry":{"type":"Polygon","coordinates":[[[4.05906545,50.93284829],[4.05906212,50.93284592],[4.05902494,50.93286594],[4.05902863,50.93286856],[4.05905673,50.93288857],[4.05909325,50.93286808],[4.05906545,50.93284829]]]}},{"type":"Feature","id":"gebouw/Gebouw.16987608/0","properties":{"source":"Digitaal Vlaanderen Gebouwenregister","source_id":"gebouw/Gebouw.16987608/0","kind":"building","height_m":5.72,"status":null},"geometry":{"type":"Polygon","coordinates":[[[4.06014948,50.93342114],[4.06016489,50.93337553],[4.06022736,50.93338395],[4.06021195,50.93342956],[4.06014948,50.93342114]]]}},{"type":"Feature","id":"gebouw/Gebouw.16987759/0","properties":{"source":"Digitaal Vlaanderen Gebouwenregister","source_id":"gebouw/Gebouw.16987759/0","kind":"building","height_m":8.6,"status":null},"geometry":{"type":"Polygon","coordinates":[[[4.05895227,50.93319378],[4.05883704,50.93326479],[4.05876574,50.93332837],[4.05871972,50.93330859],[4.05878939,50.93324398],[4.05892264,50.93316186],[4.05894499,50.93314809],[4.05898532,50.93317341],[4.05895227,50.93319378]]]}},{"type":"Feature","id":"gebouw/Gebouw.17000197/0","properties":{"source":"Digitaal Vlaanderen Gebouwenregister","source_id":"gebouw/Gebouw.17000197/0","kind":"building","height_m":7.88,"status":null},"geometry":{"type":"Polygon","coordinates":[[[4.05966687,50.93360382],[4.05957535,50.93367957],[4.05952197,50.93365662],[4.05966784,50.93353587],[4.05968148,50.93354246],[4.0596967,50.93354982],[4.05973805,50.93351471],[4.05975781,50.93352256],[4.05966687,50.93360382]]]}},{"type":"Feature","id":"gebouw/Gebouw.17000287/0","properties":{"source":"Digitaal Vlaanderen Gebouwenregister","source_id":"gebouw/Gebouw.17000287/0","kind":"building","height_m":7.16,"status":null},"geometry":{"type":"Polygon","coordinates":[[[4.06341225,50.93417844],[4.06343548,50.93419374],[4.06347668,50.93422087],[4.06351002,50.93424282],[4.06352695,50.93425398],[4.0635629,50.93427765],[4.06349945,50.93431612],[4.06349926,50.93431624],[4.0634619,50.93429139],[4.06344665,50.93428124],[4.06341349,50.93425919],[4.06338318,50.93423902],[4.06337251,50.93423192],[4.0633494,50.93421655],[4.06331999,50.93419699],[4.06338515,50.9341606],[4.06341225,50.93417844]]]}},{"type":"Feature","id":"gebouw/Gebouw.17000359/0","properties":{"source":"Digitaal Vlaanderen Gebouwenregister","source_id":"gebouw/Gebouw.17000359/0","kind":"building","height_m":8.6,"status":null},"geometry":{"type":"Polygon","coordinates":[[[4.05990415,50.9334074],[4.05985996,50.93344398],[4.05981326,50.93342045],[4.05982233,50.93340799],[4.05985602,50.9333801],[4.05990415,50.9334074]]]}},{"type":"Feature","id":"gebouw/Gebouw.17009930/0","properties":{"source":"Digitaal Vlaanderen Gebouwenregister","source_id":"gebouw/Gebouw.17009930/0","kind":"building","height_m":5.0,"status":null},"geometry":{"type":"Polygon","coordinates":[[[4.06226565,50.93440343],[4.06225008,50.93441275],[4.06223384,50.93440222],[4.06223395,50.93440215],[4.06224796,50.93439353],[4.06223448,50.93438437],[4.06222005,50.93439302],[4.06221753,50.93439143],[4.06221758,50.9343914],[4.06223287,50.93438201],[4.0621928,50.93435546],[4.06231109,50.93428426],[4.06238166,50.93433054],[4.06226565,50.93440343]]]}},{"type":"Feature","id":"gebouw/Gebouw.17010175/0","properties":{"source":"Digitaal Vlaanderen Gebouwenregister","source_id":"gebouw/Gebouw.17010175/0","kind":"building","height_m":5.0,"status":null},"geometry":{"type":"Polygon","coordinates":[[[4.06103711,50.93375651],[4.06106723,50.93374413],[4.06100486,50.93368352],[4.06094562,50.93367667],[4.06096721,50.93357238],[4.06081143,50.9335595],[4.06078578,50.93355738],[4.0607486,50.93373688],[4.06092518,50.93375148],[4.06093365,50.93375949],[4.06092998,50.93376104],[4.06095854,50.93378879],[4.06103711,50.93375651]],[[4.06082605,50.93367012],[4.06083418,50.9336205],[4.06091772,50.93362747],[4.06090876,50.93367656],[4.06082605,50.93367012]]]}},{"type":"Feature","id":"gebouw/Gebouw.17010279/0","properties":{"source":"Digitaal Vlaanderen Gebouwenregister","source_id":"gebouw/Gebouw.17010279/0","kind":"building","height_m":9.32,"status":null},"geometry":{"type":"Polygon","coordinates":[[[4.06241187,50.9344992],[4.0623963,50.93450868],[4.06237982,50.93449799],[4.06239401,50.93448939],[4.06238056,50.93448025],[4.06236615,50.93448902],[4.06236368,50.93448733],[4.06237923,50.93447772],[4.06233922,50.93445124],[4.06245511,50.93437872],[4.06252859,50.93442682],[4.06241187,50.9344992]]]}},{"type":"Feature","id":"gebouw/Gebouw.17010496/0","properties":{"source":"Digitaal Vlaanderen Gebouwenregister","source_id":"gebouw/Gebouw.17010496/0","kind":"building","height_m":9.32,"status":null},"geometry":{"type":"Polygon","coordinates":[[[4.05924044,50.93296603],[4.05919199,50.93299588],[4.05915357,50.93297155],[4.05920677,50.93293877],[4.05924371,50.93296401],[4.05924044,50.93296603]]]}},{"type":"Feature","id":"gebouw/Gebouw.17010500/0","properties":{"source":"Digitaal Vlaanderen Gebouwenregister","source_id":"gebouw/Gebouw.17010500/0","kind":"building","height_m":7.16,"status":null},"geometry":{"type":"Polygon","coordinates":[[[4.05989911,50.93284865],[4.05986716,50.93286661],[4.05981649,50.93283725],[4.05984183,50.93281996],[4.05989911,50.93284865]]]}},{"type":"Feature","id":"gebouw/Gebouw.17010555/0","properties":{"source":"Digitaal Vlaanderen Gebouwenregister","source_id":"gebouw/Gebouw.17010555/0","kind":"building","height_m":6.44,"status":null},"geometry":{"type":"Polygon","coordinates":[[[4.05975584,50.93330445],[4.05972347,50.93332599],[4.05969045,50.93330605],[4.05972457,50.93328274],[4.05975584,50.93330445]]]}},{"type":"Feature","id":"gebouw/Gebouw.17014887/0","properties":{"source":"Digitaal Vlaanderen Gebouwenregister","source_id":"gebouw/Gebouw.17014887/0","kind":"building","height_m":5.72,"status":null},"geometry":{"type":"Polygon","coordinates":[[[4.06185327,50.93408811],[4.06181981,50.93410865],[4.06180485,50.93409892],[4.06169297,50.93402619],[4.06167225,50.9340125],[4.06170493,50.93399207],[4.06172384,50.93400414],[4.0617656,50.93397802],[4.06188038,50.93405252],[4.0618383,50.93407837],[4.06185327,50.93408811]]]}},{"type":"Feature","id":"gebouw/Gebouw.17015068/0","properties":{"source":"Digitaal Vlaanderen Gebouwenregister","source_id":"gebouw/Gebouw.17015068/0","kind":"building","height_m":5.0,"status":null},"geometry":{"type":"Polygon","coordinates":[[[4.06260309,50.93447564],[4.06252859,50.93442682],[4.06241187,50.9344992],[4.06245213,50.93452575],[4.06243654,50.93453526],[4.06243645,50.93453532],[4.06243907,50.93453699],[4.06245354,50.93452829],[4.06246706,50.93453727],[4.06245284,50.93454598],[4.06246955,50.93455696],[4.06260309,50.93447564]]]}},{"type":"Feature","id":"gebouw/Gebouw.17015696/0","properties":{"source":"Digitaal Vlaanderen Gebouwenregister","source_id":"gebouw/Gebouw.17015696/0","kind":"building","height_m":8.6,"status":null},"geometry":{"type":"Polygon","coordinates":[[[4.0596454,50.93322778],[4.05959507,50.93326312],[4.05955046,50.93323639],[4.05960179,50.93320548],[4.0596454,50.93322778]]]}},{"type":"Feature","id":"gebouw/Gebouw.17017262/0","properties":{"source":"Digitaal Vlaanderen Gebouwenregister","source_id":"gebouw/Gebouw.17017262/0","kind":"building","height_m":7.16,"status":null},"geometry":{"type":"Polygon","coordinates":[[[4.05971578,50.93362427],[4.05962821,50.93370232],[4.05957535,50.93367957],[4.05966687,50.93360382],[4.05971578,50.93362427]]]}},{"type":"Feature","id":"gebouw/Gebouw.17017440/0","properties":{"source":"Digitaal Vlaanderen Gebouwenregister","source_id":"gebouw/Gebouw.17017440/0","kind":"building","height_m":9.32,"status":null},"geometry":{"type":"Polygon","coordinates":[[[4.06053055,50.93366201],[4.06058461,50.93366936],[4.06057532,50.93369662],[4.0606324,50.93370438],[4.0605986,50.93380508],[4.06048689,50.93379011],[4.06052318,50.93368362],[4.06053055,50.93366201]]]}},{"type":"Feature","id":"gebouw/Gebouw.17026050/0","properties":{"source":"Digitaal Vlaanderen Gebouwenregister","source_id":"gebouw/Gebouw.17026050/0","kind":"building","height_m":9.32,"status":null},"geometry":{"type":"Polygon","coordinates":[[[4.06023509,50.93416524],[4.06029307,50.93412521],[4.06032121,50.93414148],[4.06026323,50.93418151],[4.06023509,50.93416524]]]}},{"type":"Feature","id":"gebouw/Gebouw.17027819/0","properties":{"source":"Digitaal Vlaanderen Gebouwenregister","source_id":"gebouw/Gebouw.17027819/0","kind":"building","height_m":7.88,"status":null},"geometry":{"type":"Polygon","coordinates":[[[4.05942827,50.93248352],[4.05948081,50.93244686],[4.05948619,50.93244994],[4.05951067,50.93243286],[4.05954716,50.93245374],[4.05947014,50.93250748],[4.05942827,50.93248352]]]}},{"type":"Feature","id":"gebouw/Gebouw.17028109/0","properties":{"source":"Digitaal Vlaanderen Gebouwenregister","source_id":"gebouw/Gebouw.17028109/0","kind":"building","height_m":5.0,"status":null},"geometry":{"type":"Polygon","coordinates":[[[4.06207972,50.93394912],[4.06204615,50.93396972],[4.0620311,50.93395993],[4.06191521,50.93388448],[4.0619495,50.93386304],[4.06194774,50.93386192],[4.06198876,50.93383603],[4.06210649,50.93391361],[4.06206464,50.93393932],[4.06207972,50.93394912]]]}},{"type":"Feature","id":"gebouw/Gebouw.17028117/0","properties":{"source":"Digitaal Vlaanderen Gebouwenregister","source_id":"gebouw/Gebouw.17028117/0","kind":"building","height_m":5.72,"status":null},"geometry":{"type":"Polygon","coordinates":[[[4.0608089,50.93490906],[4.06076317,50.93486857],[4.06083181,50.93483997],[4.06088051,50.93487836],[4.0608089,50.93490906]]]}},{"type":"Feature","id":"gebouw/Gebouw.17028287/0","properties":{"source":"Digitaal Vlaanderen Gebouwenregister","source_id":"gebouw/Gebouw.17028287/0","kind":"building","height_m":7.16,"status":null},"geometry":{"type":"Polygon","coordinates":[[[4.05922665,50.93331323],[4.05911455,50.93338742],[4.05904853,50.93345023],[4.05900099,50.93342995],[4.05907189,50.93336807],[4.05918842,50.93329094],[4.05922665,50.93331323]]]}},{"type":"Feature","id":"gebouw/Gebouw.17028320/0","properties":{"source":"Digitaal Vlaanderen Gebouwenregister","source_id":"gebouw/Gebouw.17028320/0","kind":"building","height_m":5.72,"status":null},"geometry":{"type":"Polygon","coordinates":[[[4.06171606,50.93436392],[4.06163907,50.93442539],[4.0616439,50.93442781],[4.06163372,50.93443594],[4.06151786,50.93437799],[4.06160469,50.93430822],[4.06171606,50.93436392]]]}},{"type":"Feature","id":"gebouw/Gebouw.17033070/0","properties":{"source":"Digitaal Vlaanderen Gebouwenregister","source_id":"gebouw/Gebouw.17033070/0","kind":"building","height_m":8.6,"status":null},"geometry":{"type":"Polygon","coordinates":[[[4.06198018,50.93457165],[4.06189725,50.93464054],[4.06183753,50.93461081],[4.06186544,50.93458843],[4.06179484,50.93453871],[4.06189656,50.93445421],[4.06200169,50.93450656],[4.0619434,50.93455331],[4.06198018,50.93457165]]]}},{"type":"Feature","id":"gebouw/Gebouw.17040133/0","properties":{"source":"Digitaal Vlaanderen Gebouwenregister","source_id":"gebouw/Gebouw.17040133/0","kind":"building","height_m":8.6,"status":null},"geometry":{"type":"Polygon","coordinates":[[[4.05939636,50.93340264],[4.05930157,50.93346921],[4.05923543,50.93353123],[4.05918846,50.93351104],[4.05936783,50.93337495],[4.05937978,50.93336589],[4.05941756,50.93338776],[4.05939636,50.93340264]]]}},{"type":"Feature","id":"gebouw/Gebouw.17040324/0","properties":{"source":"Digitaal Vlaanderen Gebouwenregister","source_id":"gebouw/Gebouw.17040324/0","kind":"building","height_m":5.0,"status":null},"geometry":{"type":"Polygon","coordinates":[[[4.05946538,50.93384875],[4.05947031,50.93384423],[4.05954616,50.93377453],[4.05954625,50.93377444],[4.05952916,50.933767],[4.05951263,50.93375981],[4.05946588,50.93373948],[4.05944843,50.93373189],[4.05942941,50.93372362],[4.05940367,50.93374724],[4.05935336,50.93372536],[4.05922651,50.93384185],[4.0592924,50.9338702],[4.05936247,50.93380337],[4.05946538,50.93384875]]]}},{"type":"Feature","id":"gebouw/Gebouw.17040344/0","properties":{"source":"Digitaal Vlaanderen Gebouwenregister","source_id":"gebouw/Gebouw.17040344/0","kind":"building","height_m":9.32,"status":null},"geometry":{"type":"Polygon","coordinates":[[[4.06200421,50.93399547],[4.06197072,50.93401602],[4.06195569,50.93400626],[4.06184031,50.93393129],[4.06191521,50.93388448],[4.0620311,50.93395993],[4.06198917,50.93398569],[4.06200421,50.93399547]]]}},{"type":"Feature","id":"gebouw/Gebouw.17040480/0","properties":{"source":"Digitaal Vlaanderen Gebouwenregister","source_id":"gebouw/Gebouw.17040480/0","kind":"building","height_m":6.44,"status":null},"geometry":{"type":"Polygon","coordinates":[[[4.05973174,50.9341777],[4.05963608,50.93412588],[4.05969361,50.93408333],[4.05978927,50.93413515],[4.05973174,50.9341777]]]}},{"type":"Feature","id":"gebouw/Gebouw.17040659/0","properties":{"source":"Digitaal Vlaanderen Gebouwenregister","source_id":"gebouw/Gebouw.17040659/0","kind":"building","height_m":9.32,"status":null},"geometry":{"type":"Polygon","coordinates":[[[4.0595387,50.9331537],[4.05946878,50.93319773],[4.05943406,50.93317595],[4.05944867,50.93316628],[4.05950403,50.93312964],[4.0595387,50.9331537]]]}},{"type":"Feature","id":"gebouw/Gebouw.17040922/0","properties":{"source":"Digitaal Vlaanderen Gebouwenregister","source_id":"gebouw/Gebouw.17040922/0","kind":"building","height_m":7.16,"status":null},"geometry":{"type":"Polygon","coordinates":[[[4.06198165,50.93357493],[4.06196626,50.93358427],[4.06193389,50.93356296],[4.06194926,50.93355359],[4.06190863,50.93352685],[4.06189315,50.93353629],[4.0618896,50.93353396],[4.06201642,50.93345692],[4.06206148,50.93348663],[4.06206778,50.93348281],[4.06209931,50.93350359],[4.0620975,50.93350469],[4.06207637,50.9335175],[4.06205933,50.93352783],[4.06198165,50.93357493]]]}},{"type":"Feature","id":"gebouw/Gebouw.17060102/0","properties":{"source":"Digitaal Vlaanderen Gebouwenregister","source_id":"gebouw/Gebouw.17060102/0","kind":"building","height_m":7.16,"status":null},"geometry":{"type":"Polygon","coordinates":[[[4.05901797,50.93374337],[4.05898625,50.93373353],[4.0590191,50.93369131],[4.05905081,50.93370115],[4.05901797,50.93374337]]]}},{"type":"Feature","id":"gebouw/Gebouw.17060373/0","properties":{"source":"Digitaal Vlaanderen Gebouwenregister","source_id":"gebouw/Gebouw.17060373/0","kind":"building","height_m":5.72,"status":null},"geometry":{"type":"Polygon","coordinates":[[[4.0615962,50.93450046],[4.06164536,50.934524],[4.06157746,50.93458063],[4.06155162,50.93460217],[4.06150223,50.93457852],[4.0615962,50.93450046]]]}},{"type":"Feature","id":"gebouw/Gebouw.17064153/0","properties":{"source":"Digitaal Vlaanderen Gebouwenregister","source_id":"gebouw/Gebouw.17064153/0","kind":"building","height_m":5.72,"status":null},"geometry":{"type":"Polygon","coordinates":[[[4.06039169,50.93403548],[4.06033856,50.93407786],[4.06034218,50.93408706],[4.06032383,50.9341001],[4.06031135,50.93410074],[4.0602594,50.93407539],[4.06024636,50.93408496],[4.0602214,50.93407237],[4.0602284,50.93406739],[4.0601724,50.93403929],[4.06017988,50.93403424],[4.06017708,50.9340262],[4.06020439,50.93400393],[4.06019676,50.93397321],[4.06021128,50.93397175],[4.06025775,50.93396856],[4.06027501,50.93397712],[4.06028889,50.9339761],[4.06031347,50.9339884],[4.06031504,50.93399711],[4.06039169,50.93403548]]]}},{"type":"Feature","id":"gebouw/Gebouw.17064410/0","properties":{"source":"Digitaal Vlaanderen Gebouwenregister","source_id":"gebouw/Gebouw.17064410/0","kind":"building","height_m":9.32,"status":null},"geometry":{"type":"Polygon","coordinates":[[[4.0597203,50.93324748],[4.05962163,50.93317705],[4.05997199,50.93298105],[4.06007066,50.93305148],[4.0597203,50.93324748]]]}},{"type":"Feature","id":"gebouw/Gebouw.17064413/0","properties":{"source":"Digitaal Vlaanderen Gebouwenregister","source_id":"gebouw/Gebouw.17064413/0","kind":"building","height_m":6.44,"status":null},"geometry":{"type":"Polygon","coordinates":[[[4.0617122,50.93380394],[4.06167867,50.93382431],[4.06166346,50.93381415],[4.06153961,50.93373142],[4.06150928,50.93371116],[4.06150283,50.93370685],[4.06153489,50.93368742],[4.06154133,50.93369167],[4.06158719,50.93372189],[4.06160707,50.93373499],[4.06162214,50.93374493],[4.06166481,50.93371908],[4.06173954,50.93376831],[4.06169744,50.93379385],[4.0617122,50.93380394]]]}},{"type":"Feature","id":"gebouw/Gebouw.17069213/0","properties":{"source":"Digitaal Vlaanderen Gebouwenregister","source_id":"gebouw/Gebouw.17069213/0","kind":"building","height_m":5.0,"status":null},"geometry":{"type":"Polygon","coordinates":[[[4.05948034,50.93344958],[4.05939736,50.9335075],[4.05932902,50.9335716],[4.05928192,50.93355151],[4.05935217,50.93348782],[4.05943932,50.93342662],[4.05948034,50.93344958]]]}},{"type":"Feature","id":"gebouw/Gebouw.17069924/0","properties":{"source":"Digitaal Vlaanderen Gebouwenregister","source_id":"gebouw/Gebouw.17069924/0","kind":"building","height_m":7.88,"status":null},"geometry":{"type":"Polygon","coordinates":[[[4.06052318,50.93368362],[4.06048474,50.93367839],[4.06048713,50.9336714],[4.06041468,50.93366275],[4.06038247,50.93375727],[4.06040241,50.93375999],[4.06039665,50.93377799],[4.06048689,50.93379011],[4.06052318,50.93368362]]]}},{"type":"Feature","id":"gebouw/Gebouw.17076063/0","properties":{"source":"Digitaal Vlaanderen Gebouwenregister","source_id":"gebouw/Gebouw.17076063/0","kind":"building","height_m":7.88,"status":null},"geometry":{"type":"Polygon","coordinates":[[[4.06279768,50.93392732],[4.06271446,50.933873],[4.06275914,50.93384563],[4.06264397,50.93377281],[4.06260163,50.93379867],[4.06258664,50.93378886],[4.06255309,50.93380935],[4.06256764,50.93381906],[4.06264164,50.93386774],[4.06267913,50.9338924],[4.06268031,50.93389318],[4.06272278,50.93392111],[4.06276374,50.93394806],[4.06279768,50.93392732]]]}},{"type":"Feature","id":"gebouw/Gebouw.17079824/0","properties":{"source":"Digitaal Vlaanderen Gebouwenregister","source_id":"gebouw/Gebouw.17079824/0","kind":"building","height_m":9.32,"status":null},"geometry":{"type":"Polygon","coordinates":[[[4.06166346,50.93381415],[4.06153961,50.93373142],[4.06149464,50.93375866],[4.06142246,50.93370812],[4.06138943,50.93372816],[4.06145971,50.93377448],[4.06144533,50.93378319],[4.06157275,50.93386837],[4.06158855,50.93387894],[4.06163614,50.93385003],[4.06162057,50.93383979],[4.06166346,50.93381415]]]}},{"type":"Feature","id":"gebouw/Gebouw.17081884/0","properties":{"source":"Digitaal Vlaanderen Gebouwenregister","source_id":"gebouw/Gebouw.17081884/0","kind":"building","height_m":5.72,"status":null},"geometry":{"type":"Polygon","coordinates":[[[4.05927301,50.93333617],[4.05916379,50.93340846],[4.05909481,50.93347007],[4.05904853,50.93345023],[4.05911455,50.93338742],[4.05922665,50.93331323],[4.05923415,50.93330826],[4.05927683,50.93333364],[4.05927301,50.93333617]]]}},{"type":"Feature","id":"gebouw/Gebouw.17083407/0","properties":{"source":"Digitaal Vlaanderen Gebouwenregister","source_id":"gebouw/Gebouw.17083407/0","kind":"building","height_m":8.6,"status":null},"geometry":{"type":"Polygon","coordinates":[[[4.06344428,50.93438724],[4.06331072,50.93446828],[4.06329467,50.93445789],[4.06329477,50.93445783],[4.06330888,50.93444931],[4.06329509,50.93444002],[4.06328072,50.93444861],[4.0632805,50.93444874],[4.06327825,50.9344472],[4.06327841,50.9344471],[4.06329369,50.93443782],[4.06325363,50.93441116],[4.06337164,50.93434329],[4.06341055,50.93436891],[4.06341361,50.93436706],[4.06341846,50.93437025],[4.06344428,50.93438724]]]}},{"type":"Feature","id":"gebouw/Gebouw.17083499/0","properties":{"source":"Digitaal Vlaanderen Gebouwenregister","source_id":"gebouw/Gebouw.17083499/0","kind":"building","height_m":9.32,"status":null},"geometry":{"type":"Polygon","coordinates":[[[4.05966784,50.93353587],[4.05952197,50.93365662],[4.05946924,50.9336336],[4.05961057,50.93351662],[4.05961699,50.93351131],[4.05966784,50.93353587]]]}},{"type":"Feature","id":"gebouw/Gebouw.17088451/0","properties":{"source":"Digitaal Vlaanderen Gebouwenregister","source_id":"gebouw/Gebouw.17088451/0","kind":"building","height_m":6.44,"status":null},"geometry":{"type":"Polygon","coordinates":[[[4.05914012,50.93288786],[4.05911198,50.93290479],[4.05907649,50.93288043],[4.05909841,50.93286767],[4.05910457,50.93286409],[4.05914012,50.93288786]]]}},{"type":"Feature","id":"gebouw/Gebouw.17094028/0","properties":{"source":"Digitaal Vlaanderen Gebouwenregister","source_id":"gebouw/Gebouw.17094028/0","kind":"building","height_m":5.0,"status":null},"geometry":{"type":"Polygon","coordinates":[[[4.0621928,50.93435546],[4.0621773,50.93436479],[4.06216578,50.93435736],[4.06216074,50.9343541],[4.06217485,50.93434551],[4.06216153,50.93433629],[4.06214714,50.93434511],[4.06214709,50.93434514],[4.06214453,50.9343434],[4.06215992,50.9343341],[4.06211982,50.93430753],[4.06223544,50.93423648],[4.06226845,50.93425803],[4.06235208,50.93420708],[4.06234715,50.93420385],[4.06237333,50.93418791],[4.06240866,50.93421106],[4.06238162,50.93422753],[4.06239297,50.93423498],[4.06231109,50.93428426],[4.0621928,50.93435546]]]}},{"type":"Feature","id":"gebouw/Gebouw.17095641/0","properties":{"source":"Digitaal Vlaanderen Gebouwenregister","source_id":"gebouw/Gebouw.17095641/0","kind":"building","height_m":7.16,"status":null},"geometry":{"type":"Polygon","coordinates":[[[4.05897362,50.93332866],[4.05890692,50.93338865],[4.05890507,50.93339031],[4.05885955,50.93336839],[4.05892677,50.93330868],[4.05899079,50.93326923],[4.0590202,50.93328389],[4.05905239,50.93326384],[4.05905525,50.93326602],[4.05906245,50.9332715],[4.05904565,50.93328231],[4.05897362,50.93332866]]]}},{"type":"Feature","id":"gebouw/Gebouw.17095913/0","properties":{"source":"Digitaal Vlaanderen Gebouwenregister","source_id":"gebouw/Gebouw.17095913/0","kind":"building","height_m":6.44,"status":null},"geometry":{"type":"Polygon","coordinates":[[[4.05983562,50.93288434],[4.05988746,50.93292136],[4.05953782,50.93311707],[4.05948664,50.93308051],[4.05966356,50.93298106],[4.05970988,50.93295502],[4.05983562,50.93288434]]]}},{"type":"Feature","id":"gebouw/Gebouw.17096159/0","properties":{"source":"Digitaal Vlaanderen Gebouwenregister","source_id":"gebouw/Gebouw.17096159/0","kind":"building","height_m":7.16,"status":null},"geometry":{"type":"Polygon","coordinates":[[[4.06325363,50.93441116],[4.06323763,50.93442035],[4.06322181,50.93441005],[4.06322187,50.93441002],[4.06323592,50.93440137],[4.06322235,50.93439205],[4.06320775,50.93440076],[4.06320764,50.93440083],[4.06320558,50.93439934],[4.06322099,50.93438994],[4.06318049,50.93436282],[4.06329879,50.93429056],[4.06337551,50.93434106],[4.06337164,50.93434329],[4.06325363,50.93441116]]]}},{"type":"Feature","id":"gebouw/Gebouw.17103919/0","properties":{"source":"Digitaal Vlaanderen Gebouwenregister","source_id":"gebouw/Gebouw.17103919/0","kind":"building","height_m":5.0,"status":null},"geometry":{"type":"Polygon","coordinates":[[[4.06267159,50.93442742],[4.06264222,50.93440636],[4.06267677,50.93438713],[4.06270614,50.93440819],[4.06267159,50.93442742]]]}},{"type":"Feature","id":"gebouw/Gebouw.17105141/0","properties":{"source":"Digitaal Vlaanderen Gebouwenregister","source_id":"gebouw/Gebouw.17105141/0","kind":"building","height_m":7.88,"status":null},"geometry":{"type":"Polygon","coordinates":[[[4.05961057,50.93351662],[4.05946924,50.9336336],[4.05942131,50.93361246],[4.05956415,50.93349422],[4.05961057,50.93351662]]]}},{"type":"Feature","id":"gebouw/Gebouw.17105479/0","properties":{"source":"Digitaal Vlaanderen Gebouwenregister","source_id":"gebouw/Gebouw.17105479/0","kind":"building","height_m":9.32,"status":null},"geometry":{"type":"Polygon","coordinates":[[[4.06211982,50.93430753],[4.06210438,50.93431702],[4.06208798,50.93430638],[4.06208809,50.93430631],[4.06210222,50.93429759],[4.0620887,50.93428862],[4.06207421,50.93429719],[4.06207406,50.93429728],[4.06207156,50.93429564],[4.06207171,50.93429555],[4.06208705,50.9342861],[4.06204682,50.93425954],[4.06203123,50.93426895],[4.06202773,50.93426665],[4.06216073,50.93418533],[4.06216508,50.93418817],[4.06216226,50.93418989],[4.06220124,50.93421534],[4.06220466,50.93421325],[4.06223791,50.93423496],[4.06223544,50.93423648],[4.06211982,50.93430753]]]}},{"type":"Feature","id":"gebouw/Gebouw.17105569/0","properties":{"source":"Digitaal Vlaanderen Gebouwenregister","source_id":"gebouw/Gebouw.17105569/0","kind":"building","height_m":8.6,"status":null},"geometry":{"type":"Polygon","coordinates":[[[4.06023552,50.9336131],[4.06023064,50.93362735],[4.0603058,50.93363761],[4.06026876,50.93374664],[4.06014597,50.93372999],[4.06014142,50.9337434],[4.0600842,50.93373559],[4.06013099,50.93359882],[4.06023552,50.9336131]]]}},{"type":"Feature","id":"gebouw/Gebouw.17107570/0","properties":{"source":"Digitaal Vlaanderen Gebouwenregister","source_id":"gebouw/Gebouw.17107570/0","kind":"building","height_m":7.88,"status":null},"geometry":{"type":"Polygon","coordinates":[[[4.0606887,50.93497145],[4.06063697,50.93492742],[4.06072474,50.93488623],[4.06077648,50.93493025],[4.0606887,50.93497145]]]}},{"type":"Feature","id":"gebouw/Gebouw.17107902/0","properties":{"source":"Digitaal Vlaanderen Gebouwenregister","source_id":"gebouw/Gebouw.17107902/0","kind":"building","height_m":5.0,"status":null},"geometry":{"type":"Polygon","coordinates":[[[4.06014415,50.9346112],[4.06014141,50.93463395],[4.06010022,50.93463213],[4.06010265,50.93460681],[4.06010482,50.93458423],[4.06008614,50.93458392],[4.06009,50.93455179],[4.06011186,50.93455284],[4.06012248,50.93446655],[4.06027209,50.93447199],[4.06025538,50.93461458],[4.06014415,50.9346112]]]}},{"type":"Feature","id":"gebouw/Gebouw.17115013/0","properties":{"source":"Digitaal Vlaanderen Gebouwenregister","source_id":"gebouw/Gebouw.17115013/0","kind":"building","height_m":9.32,"status":null},"geometry":{"type":"Polygon","coordinates":[[[4.05950403,50.93312964],[4.05944867,50.93316628],[4.05942095,50.9331485],[4.05941378,50.93315307],[4.05940518,50.93314747],[4.0594215,50.93313667],[4.05946893,50.93310527],[4.05950403,50.93312964]]]}},{"type":"Feature","id":"gebouw/Gebouw.17115125/0","properties":{"source":"Digitaal Vlaanderen Gebouwenregister","source_id":"gebouw/Gebouw.17115125/0","kind":"building","height_m":9.32,"status":null},"geometry":{"type":"Polygon","coordinates":[[[4.06180485,50.93409892],[4.06176267,50.93412484],[4.0617776,50.93413442],[4.06174351,50.93415549],[4.06165312,50.93409659],[4.06161751,50.93407338],[4.06169297,50.93402619],[4.06180485,50.93409892]]]}},{"type":"Feature","id":"gebouw/Gebouw.17115141/0","properties":{"source":"Digitaal Vlaanderen Gebouwenregister","source_id":"gebouw/Gebouw.17115141/0","kind":"building","height_m":5.72,"status":null},"geometry":{"type":"Polygon","coordinates":[[[4.06227378,50.93376723],[4.06225838,50.93377652],[4.06222599,50.93375529],[4.06222605,50.93375526],[4.06224143,50.93374593],[4.0622008,50.93371918],[4.06231791,50.93364797],[4.06239132,50.93369637],[4.06227378,50.93376723]]]}},{"type":"Feature","id":"gebouw/Gebouw.17115145/0","properties":{"source":"Digitaal Vlaanderen Gebouwenregister","source_id":"gebouw/Gebouw.17115145/0","kind":"building","height_m":8.6,"status":null},"geometry":{"type":"Polygon","coordinates":[[[4.06303594,50.93426655],[4.0630191,50.93427652],[4.06300318,50.9342659],[4.06301678,50.93425732],[4.06300332,50.93424798],[4.06298911,50.9342566],[4.06298672,50.934255],[4.06300239,50.93424514],[4.0629625,50.93421906],[4.06303972,50.93417328],[4.06307721,50.93419854],[4.06312071,50.93417275],[4.06315555,50.93419572],[4.06315057,50.93419867],[4.06312588,50.93421329],[4.06311403,50.93422031],[4.06303594,50.93426655]]]}},{"type":"Feature","id":"gebouw/Gebouw.17118491/0","properties":{"source":"Digitaal Vlaanderen Gebouwenregister","source_id":"gebouw/Gebouw.17118491/0","kind":"building","height_m":8.6,"status":null},"geometry":{"type":"Polygon","coordinates":[[[4.06010712,50.93342902],[4.06004965,50.93341352],[4.06007378,50.93337773],[4.06013124,50.93339323],[4.06010712,50.93342902]]]}},{"type":"Feature","id":"gebouw/Gebouw.17118948/0","properties":{"source":"Digitaal Vlaanderen Gebouwenregister","source_id":"gebouw/Gebouw.17118948/0","kind":"building","height_m":5.0,"status":null},"geometry":{"type":"Polygon","coordinates":[[[4.06157275,50.93386837],[4.06154398,50.93388557],[4.06156013,50.93389619],[4.06152695,50.93391635],[4.06151054,50.93390555],[4.06143677,50.93385706],[4.06142116,50.93384679],[4.06140192,50.93383414],[4.06139806,50.93383161],[4.06134991,50.93379995],[4.06138328,50.93377973],[4.06141574,50.93380112],[4.06144533,50.93378319],[4.06157275,50.93386837]]]}},{"type":"Feature","id":"gebouw/Gebouw.17120571/0","properties":{"source":"Digitaal Vlaanderen Gebouwenregister","source_id":"gebouw/Gebouw.17120571/0","kind":"building","height_m":9.32,"status":null},"geometry":{"type":"Polygon","coordinates":[[[4.06043972,50.92976691],[4.06034095,50.92974251],[4.06039189,50.92966016],[4.06049066,50.92968456],[4.06043972,50.92976691]]]}},{"type":"Feature","id":"gebouw/Gebouw.17124092/0","properties":{"source":"Digitaal Vlaanderen Gebouwenregister","source_id":"gebouw/Gebouw.17124092/0","kind":"building","height_m":9.32,"status":null},"geometry":{"type":"Polygon","coordinates":[[[4.05953595,50.93346406],[4.05944119,50.93352965],[4.05937452,50.93359217],[4.05932902,50.9335716],[4.05939736,50.9335075],[4.05948034,50.93344958],[4.0594939,50.93344031],[4.05953595,50.93346406]]]}},{"type":"Feature","id":"gebouw/Gebouw.17124487/0","properties":{"source":"Digitaal Vlaanderen Gebouwenregister","source_id":"gebouw/Gebouw.17124487/0","kind":"building","height_m":6.44,"status":null},"geometry":{"type":"Polygon","coordinates":[[[4.06283796,50.93379743],[4.06275914,50.93384563],[4.06264397,50.93377281],[4.06262887,50.93376326],[4.06266233,50.93374284],[4.06267735,50.93375267],[4.0627197,50.93372681],[4.06270459,50.93371726],[4.06270788,50.93371517],[4.0627991,50.93377285],[4.06283796,50.93379743]]]}},{"type":"Feature","id":"gebouw/Gebouw.17124621/0","properties":{"source":"Digitaal Vlaanderen Gebouwenregister","source_id":"gebouw/Gebouw.17124621/0","kind":"building","height_m":7.16,"status":null},"geometry":{"type":"Polygon","coordinates":[[[4.0596641,50.93382563],[4.05961739,50.93380535],[4.05961579,50.93380464],[4.05959529,50.93379574],[4.05959411,50.93379523],[4.05954683,50.93377469],[4.05954625,50.93377444],[4.05954616,50.93377453],[4.05947031,50.93384423],[4.05946538,50.93384875],[4.05958012,50.93389987],[4.05963451,50.93385284],[4.0596641,50.93382563]]]}},{"type":"Feature","id":"gebouw/Gebouw.17125732/0","properties":{"source":"Digitaal Vlaanderen Gebouwenregister","source_id":"gebouw/Gebouw.17125732/0","kind":"building","height_m":5.72,"status":null},"geometry":{"type":"Polygon","coordinates":[[[4.06268201,50.93398683],[4.06269093,50.93399254],[4.06269109,50.93399264],[4.06262904,50.9340304],[4.06261148,50.93404109],[4.06252519,50.93398417],[4.06240046,50.93390188],[4.06243466,50.93388099],[4.06243475,50.93388105],[4.06244959,50.93389076],[4.06249164,50.93386509],[4.06256782,50.93391366],[4.06252571,50.93393929],[4.06254063,50.93394908],[4.06256049,50.9339621],[4.06256088,50.93396236],[4.06258944,50.9339811],[4.06263225,50.93395494],[4.06266527,50.9339761],[4.06268545,50.93396382],[4.06270199,50.93397467],[4.06268201,50.93398683]]]}},{"type":"Feature","id":"gebouw/Gebouw.17126605/0","properties":{"source":"Digitaal Vlaanderen Gebouwenregister","source_id":"gebouw/Gebouw.17126605/0","kind":"building","height_m":9.32,"status":null},"geometry":{"type":"Polygon","coordinates":[[[4.05956415,50.93349422],[4.05942131,50.93361246],[4.05937452,50.93359217],[4.05944119,50.93352965],[4.05953595,50.93346406],[4.05954908,50.93345509],[4.0595706,50.93346727],[4.05958278,50.93345868],[4.05959631,50.93346634],[4.05958266,50.93347597],[4.05958477,50.93347716],[4.05956415,50.93349422]]]}},{"type":"Feature","id":"gebouw/Gebouw.17133391/0","properties":{"source":"Digitaal Vlaanderen Gebouwenregister","source_id":"gebouw/Gebouw.17133391/0","kind":"building","height_m":6.44,"status":null},"geometry":{"type":"Polygon","coordinates":[[[4.05929663,50.93306754],[4.05928893,50.93307243],[4.05925787,50.93305292],[4.0592628,50.93304988],[4.05932302,50.93301278],[4.05935189,50.9330325],[4.05929663,50.93306754]]]}},{"type":"Feature","id":"gebouw/Gebouw.17133604/0","properties":{"source":"Digitaal Vlaanderen Gebouwenregister","source_id":"gebouw/Gebouw.17133604/0","kind":"building","height_m":8.6,"status":null},"geometry":{"type":"Polygon","coordinates":[[[4.0632263,50.93405613],[4.0632672,50.934083],[4.06329935,50.93410413],[4.06332299,50.93411967],[4.06335528,50.93414089],[4.06329022,50.93417723],[4.06325811,50.93415591],[4.06324145,50.93414485],[4.0632346,50.9341403],[4.06320262,50.93411907],[4.06316893,50.9340967],[4.06316196,50.93409207],[4.06311313,50.93405965],[4.0631772,50.93402387],[4.0632263,50.93405613]]]}},{"type":"Feature","id":"gebouw/Gebouw.17136921/0","properties":{"source":"Digitaal Vlaanderen Gebouwenregister","source_id":"gebouw/Gebouw.17136921/0","kind":"building","height_m":7.88,"status":null},"geometry":{"type":"Polygon","coordinates":[[[4.0622008,50.93371918],[4.06218543,50.93372853],[4.06215317,50.93370732],[4.06216855,50.93369795],[4.06212763,50.93367102],[4.06224473,50.93359974],[4.06231791,50.93364797],[4.0622008,50.93371918]]]}},{"type":"Feature","id":"gebouw/Gebouw.17140765/0","properties":{"source":"Digitaal Vlaanderen Gebouwenregister","source_id":"gebouw/Gebouw.17140765/0","kind":"building","height_m":8.6,"status":null},"geometry":{"type":"Polygon","coordinates":[[[4.06186418,50.93371161],[4.06183046,50.9337321],[4.0618157,50.93372239],[4.0617414,50.9336735],[4.06172514,50.9336628],[4.06170257,50.93364796],[4.0617821,50.93359977],[4.06182073,50.93362519],[4.06183779,50.93363641],[4.06190989,50.93368384],[4.06190578,50.93368634],[4.06189194,50.93367719],[4.06184991,50.93370195],[4.06186418,50.93371161]]]}},{"type":"Feature","id":"gebouw/Gebouw.17142391/0","properties":{"source":"Digitaal Vlaanderen Gebouwenregister","source_id":"gebouw/Gebouw.17142391/0","kind":"building","height_m":5.0,"status":null},"geometry":{"type":"Polygon","coordinates":[[[4.06192875,50.93404179],[4.06189539,50.93406226],[4.06188038,50.93405252],[4.0617656,50.93397802],[4.06184031,50.93393129],[4.06195569,50.93400626],[4.06191373,50.93403203],[4.06192875,50.93404179]]]}},{"type":"Feature","id":"gebouw/Gebouw.17142634/0","properties":{"source":"Digitaal Vlaanderen Gebouwenregister","source_id":"gebouw/Gebouw.17142634/0","kind":"building","height_m":8.6,"status":null},"geometry":{"type":"Polygon","coordinates":[[[4.05968417,50.93325469],[4.05954031,50.93334995],[4.059527,50.93334193],[4.05957495,50.93331017],[4.05954974,50.93329495],[4.05959507,50.93326312],[4.0596454,50.93322778],[4.05968417,50.93325469]]]}},{"type":"Feature","id":"gebouw/Gebouw.17150298/0","properties":{"source":"Digitaal Vlaanderen Gebouwenregister","source_id":"gebouw/Gebouw.17150298/0","kind":"building","height_m":7.88,"status":null},"geometry":{"type":"Polygon","coordinates":[[[4.0604881,50.93315937],[4.06048163,50.93316349],[4.06050805,50.93318009],[4.0604708,50.93320377],[4.06036714,50.93313866],[4.06041115,50.93311104],[4.0604881,50.93315937]]]}},{"type":"Feature","id":"gebouw/Gebouw.17153322/0","properties":{"source":"Digitaal Vlaanderen Gebouwenregister","source_id":"gebouw/Gebouw.17153322/0","kind":"building","height_m":7.88,"status":null},"geometry":{"type":"Polygon","coordinates":[[[4.05903534,50.93282178],[4.05903062,50.93281828],[4.05898117,50.93284495],[4.05898567,50.93284829],[4.05901601,50.93287075],[4.05902494,50.93286594],[4.05906212,50.93284592],[4.05906547,50.93284408],[4.05903534,50.93282178]]]}},{"type":"Feature","id":"gebouw/Gebouw.17162108/0","properties":{"source":"Digitaal Vlaanderen Gebouwenregister","source_id":"gebouw/Gebouw.17162108/0","kind":"building","height_m":8.6,"status":null},"geometry":{"type":"Polygon","coordinates":[[[4.06063374,50.93491297],[4.06036421,50.93502845],[4.0603603,50.93502481],[4.06032553,50.93499241],[4.06059506,50.93487692],[4.06062984,50.93490933],[4.06063374,50.93491297]]]}},{"type":"Feature","id":"gebouw/Gebouw.17163706/0","properties":{"source":"Digitaal Vlaanderen Gebouwenregister","source_id":"gebouw/Gebouw.17163706/0","kind":"building","height_m":5.0,"status":null},"geometry":{"type":"Polygon","coordinates":[[[4.06049198,50.93344119],[4.06044274,50.93343456],[4.0604531,50.93340374],[4.06050234,50.93341037],[4.06049198,50.93344119]]]}},{"type":"Feature","id":"gebouw/Gebouw.17163834/0","properties":{"source":"Digitaal Vlaanderen Gebouwenregister","source_id":"gebouw/Gebouw.17163834/0","kind":"building","height_m":6.44,"status":null},"geometry":{"type":"Polygon","coordinates":[[[4.06212763,50.93367102],[4.06211223,50.93368039],[4.06207982,50.93365907],[4.06209524,50.9336497],[4.06205459,50.93362295],[4.06217166,50.93355156],[4.06224473,50.93359974],[4.06212763,50.93367102]]]}},{"type":"Feature","id":"gebouw/Gebouw.17164331/0","properties":{"source":"Digitaal Vlaanderen Gebouwenregister","source_id":"gebouw/Gebouw.17164331/0","kind":"building","height_m":6.44,"status":null},"geometry":{"type":"Polygon","coordinates":[[[4.06093897,50.93413008],[4.06090684,50.93415515],[4.06092059,50.93416193],[4.06088809,50.9341886],[4.06086419,50.9341755],[4.06082095,50.93421254],[4.06083057,50.93421732],[4.06080733,50.93423602],[4.06087147,50.93426785],[4.06080965,50.93431758],[4.06074276,50.93428438],[4.06077026,50.93426226],[4.06066041,50.93420775],[4.0607093,50.93416841],[4.06076638,50.93416771],[4.06079053,50.93414936],[4.06075965,50.93413386],[4.06084068,50.9340694],[4.06091251,50.93410546],[4.06090373,50.93411259],[4.06093897,50.93413008]]]}},{"type":"Feature","id":"gebouw/Gebouw.17164401/0","properties":{"source":"Digitaal Vlaanderen Gebouwenregister","source_id":"gebouw/Gebouw.17164401/0","kind":"building","height_m":6.44,"status":null},"geometry":{"type":"Polygon","coordinates":[[[4.06318049,50.93436282],[4.06316477,50.93437243],[4.06314872,50.93436188],[4.0631628,50.93435313],[4.06314929,50.9343439],[4.06313469,50.93435269],[4.06313226,50.93435125],[4.06314794,50.93434171],[4.06310827,50.93431524],[4.06310778,50.93431492],[4.06322196,50.9342458],[4.06322684,50.93424901],[4.06326184,50.93427205],[4.06326642,50.93426927],[4.06329879,50.93429056],[4.06318049,50.93436282]]]}},{"type":"Feature","id":"gebouw/Gebouw.17174264/0","properties":{"source":"Digitaal Vlaanderen Gebouwenregister","source_id":"gebouw/Gebouw.17174264/0","kind":"building","height_m":6.44,"status":null},"geometry":{"type":"Polygon","coordinates":[[[4.05915357,50.93297155],[4.05915016,50.93297365],[4.05910991,50.93294827],[4.05917302,50.93291575],[4.05920677,50.93293877],[4.05915357,50.93297155]]]}},{"type":"Feature","id":"gebouw/Gebouw.17174925/0","properties":{"source":"Digitaal Vlaanderen Gebouwenregister","source_id":"gebouw/Gebouw.17174925/0","kind":"building","height_m":8.6,"status":null},"geometry":{"type":"Polygon","coordinates":[[[4.05921772,50.93327155],[4.05918842,50.93329094],[4.05907189,50.93336807],[4.05900099,50.93342995],[4.05895367,50.93340874],[4.05899983,50.93336722],[4.05902109,50.93334811],[4.05904529,50.93333253],[4.059104,50.93329475],[4.05914033,50.93327137],[4.05916855,50.93325322],[4.05917707,50.93324773],[4.05921772,50.93327155]]]}},{"type":"Feature","id":"gebouw/Gebouw.17176015/0","properties":{"source":"Digitaal Vlaanderen Gebouwenregister","source_id":"gebouw/Gebouw.17176015/0","kind":"building","height_m":7.16,"status":null},"geometry":{"type":"Polygon","coordinates":[[[4.06272278,50.93392111],[4.06268031,50.93389318],[4.06267913,50.9338924],[4.06263478,50.93391933],[4.06259728,50.93389466],[4.06264164,50.93386774],[4.06256764,50.93381906],[4.06252556,50.93384472],[4.06251064,50.93383496],[4.06251056,50.93383491],[4.06247693,50.93385543],[4.06249164,50.93386509],[4.0625677,50.93391373],[4.06258423,50.9339243],[4.0626038,50.93393682],[4.06260615,50.93393832],[4.06263219,50.93395498],[4.06265015,50.93396646],[4.06272278,50.93392111]]]}},{"type":"Feature","id":"gebouw/Gebouw.17176321/0","properties":{"source":"Digitaal Vlaanderen Gebouwenregister","source_id":"gebouw/Gebouw.17176321/0","kind":"building","height_m":5.72,"status":null},"geometry":{"type":"Polygon","coordinates":[[[4.06215497,50.93390293],[4.06212146,50.93392339],[4.06210649,50.93391361],[4.06198876,50.93383603],[4.06191644,50.9337884],[4.06194936,50.93376765],[4.06202819,50.93381759],[4.06207227,50.93379015],[4.06211126,50.93381582],[4.06219137,50.93386856],[4.0621871,50.93387093],[4.06218169,50.93386741],[4.06213987,50.9338931],[4.06215497,50.93390293]]]}},{"type":"Feature","id":"gebouw/Gebouw.17180137/0","properties":{"source":"Digitaal Vlaanderen Gebouwenregister","source_id":"gebouw/Gebouw.17180137/0","kind":"building","height_m":6.44,"status":null},"geometry":{"type":"Polygon","coordinates":[[[4.06179484,50.93453871],[4.06177794,50.93455275],[4.06172133,50.9345244],[4.06173802,50.93451112],[4.06169521,50.93448964],[4.06180037,50.93440595],[4.06189656,50.93445421],[4.06179484,50.93453871]]]}},{"type":"Feature","id":"gebouw/Gebouw.17187259/0","properties":{"source":"Digitaal Vlaanderen Gebouwenregister","source_id":"gebouw/Gebouw.17187259/0","kind":"building","height_m":8.6,"status":null},"geometry":{"type":"Polygon","coordinates":[[[4.06246798,50.93374248],[4.06233193,50.93382489],[4.06229901,50.93380331],[4.06229906,50.93380328],[4.06231445,50.93379391],[4.06227378,50.93376723],[4.06239132,50.93369637],[4.06243046,50.93372217],[4.06243396,50.93372005],[4.06246798,50.93374248]]]}},{"type":"Feature","id":"gebouw/Gebouw.17188008/0","properties":{"source":"Digitaal Vlaanderen Gebouwenregister","source_id":"gebouw/Gebouw.17188008/0","kind":"building","height_m":8.6,"status":null},"geometry":{"type":"Polygon","coordinates":[[[4.05946893,50.93310527],[4.0594215,50.93313667],[4.05938365,50.93311479],[4.05943502,50.93308173],[4.05945714,50.93309709],[4.05946893,50.93310527]]]}},{"type":"Feature","id":"gebouw/Gebouw.17207294/0","properties":{"source":"Digitaal Vlaanderen Gebouwenregister","source_id":"gebouw/Gebouw.17207294/0","kind":"building","height_m":9.32,"status":null},"geometry":{"type":"Polygon","coordinates":[[[4.05936725,50.93303725],[4.05939657,50.93305649],[4.05943502,50.93308173],[4.05938365,50.93311479],[4.05938057,50.93311678],[4.05933992,50.93309294],[4.05930762,50.93307399],[4.05929663,50.93306754],[4.05935189,50.9330325],[4.05935611,50.93302993],[4.05936725,50.93303725]]]}},{"type":"Feature","id":"gebouw/Gebouw.17222588/0","properties":{"source":"Digitaal Vlaanderen Gebouwenregister","source_id":"gebouw/Gebouw.17222588/0","kind":"building","height_m":8.6,"status":null},"geometry":{"type":"Polygon","coordinates":[[[4.05979201,50.93355634],[4.05982314,50.93357087],[4.05988626,50.93350846],[4.05993235,50.93352747],[4.05971366,50.93372903],[4.0596981,50.93372239],[4.0596911,50.93372866],[4.05962821,50.93370232],[4.05971578,50.93362427],[4.05979201,50.93355634]]]}},{"type":"Feature","id":"gebouw/Gebouw.17222641/0","properties":{"source":"Digitaal Vlaanderen Gebouwenregister","source_id":"gebouw/Gebouw.17222641/0","kind":"building","height_m":6.44,"status":null},"geometry":{"type":"Polygon","coordinates":[[[4.05931466,50.93336092],[4.05932757,50.93335238],[4.05934361,50.93334142],[4.05930191,50.93331704],[4.05927683,50.93333364],[4.05927301,50.93333617],[4.05916379,50.93340846],[4.05909481,50.93347007],[4.05914187,50.93349058],[4.05921048,50.93342987],[4.05931466,50.93336092]]]}},{"type":"Feature","id":"gebouw/Gebouw.17224618/0","properties":{"source":"Digitaal Vlaanderen Gebouwenregister","source_id":"gebouw/Gebouw.17224618/0","kind":"building","height_m":8.6,"status":null},"geometry":{"type":"Polygon","coordinates":[[[4.06205459,50.93362295],[4.06203931,50.93363227],[4.0620069,50.93361105],[4.06202228,50.93360167],[4.06198165,50.93357493],[4.06205933,50.93352783],[4.06209901,50.93355399],[4.06211635,50.93354349],[4.06213733,50.93353077],[4.06213878,50.9335299],[4.06217166,50.93355156],[4.06205459,50.93362295]]]}},{"type":"Feature","id":"gebouw/Gebouw.17237091/0","properties":{"source":"Digitaal Vlaanderen Gebouwenregister","source_id":"gebouw/Gebouw.17237091/0","kind":"building","height_m":7.88,"status":null},"geometry":{"type":"Polygon","coordinates":[[[4.06233922,50.93445124],[4.06232315,50.93446068],[4.06230699,50.93445014],[4.0623212,50.93444156],[4.06230756,50.93443233],[4.06229309,50.93444101],[4.06229071,50.93443952],[4.06229077,50.93443949],[4.06230601,50.93443009],[4.06226565,50.93440343],[4.06238166,50.93433054],[4.06245511,50.93437872],[4.06233922,50.93445124]]]}},{"type":"Feature","id":"gebouw/Gebouw.17250244/0","properties":{"source":"Digitaal Vlaanderen Gebouwenregister","source_id":"gebouw/Gebouw.17250244/0","kind":"building","height_m":7.88,"status":null},"geometry":{"type":"Polygon","coordinates":[[[4.05989252,50.93336943],[4.05979068,50.93329725],[4.06014136,50.93309966],[4.06024321,50.93317183],[4.05989252,50.93336943]]]}},{"type":"Feature","id":"gebouw/Gebouw.17250369/0","properties":{"source":"Digitaal Vlaanderen Gebouwenregister","source_id":"gebouw/Gebouw.17250369/0","kind":"building","height_m":7.16,"status":null},"geometry":{"type":"Polygon","coordinates":[[[4.05922455,50.93302599],[4.0592109,50.93301676],[4.05916678,50.93304283],[4.05914247,50.9330264],[4.05918418,50.9330007],[4.05919199,50.93299588],[4.05924044,50.93296603],[4.05927997,50.93299184],[4.05922455,50.93302599]]]}},{"type":"Feature","id":"gebouw/Gebouw.17253540/0","properties":{"source":"Digitaal Vlaanderen Gebouwenregister","source_id":"gebouw/Gebouw.17253540/0","kind":"building","height_m":7.16,"status":null},"geometry":{"type":"Polygon","coordinates":[[[4.05936783,50.93337495],[4.05918846,50.93351104],[4.05914187,50.93349058],[4.05921048,50.93342987],[4.05931466,50.93336092],[4.05932757,50.93335238],[4.05936783,50.93337495]]]}},{"type":"Feature","id":"gebouw/Gebouw.17253613/0","properties":{"source":"Digitaal Vlaanderen Gebouwenregister","source_id":"gebouw/Gebouw.17253613/0","kind":"building","height_m":9.32,"status":null},"geometry":{"type":"Polygon","coordinates":[[[4.05943932,50.93342662],[4.05935217,50.93348782],[4.05928192,50.93355151],[4.05923543,50.93353123],[4.05930157,50.93346921],[4.05939636,50.93340264],[4.05941756,50.93338776],[4.05946052,50.93341174],[4.05943932,50.93342662]]]}},{"type":"Feature","id":"gebouw/Gebouw.17259193/0","properties":{"source":"Digitaal Vlaanderen Gebouwenregister","source_id":"gebouw/Gebouw.17259193/0","kind":"building","height_m":5.0,"status":null},"geometry":{"type":"Polygon","coordinates":[[[4.05974959,50.93292011],[4.0597022,50.93295012],[4.05966503,50.93292643],[4.05971241,50.93289642],[4.05974959,50.93292011]]]}},{"type":"Feature","id":"gebouw/Gebouw.17259612/0","properties":{"source":"Digitaal Vlaanderen Gebouwenregister","source_id":"gebouw/Gebouw.17259612/0","kind":"building","height_m":9.32,"status":null},"geometry":{"type":"Polygon","coordinates":[[[4.06148923,50.934401],[4.06139772,50.93447452],[4.06135265,50.93451073],[4.06131223,50.93448598],[4.06135787,50.93444954],[4.06136651,50.93445386],[4.06145525,50.93438302],[4.06143432,50.93437255],[4.06145616,50.93435511],[4.06140189,50.93432797],[4.06147449,50.93426581],[4.06147565,50.93426635],[4.06149298,50.93425235],[4.06160469,50.93430822],[4.06151786,50.93437799],[4.06151249,50.9343823],[4.06150852,50.93438032],[4.06148516,50.93439897],[4.06148923,50.934401]]]}},{"type":"Feature","id":"gebouw/Gebouw.17263420/0","properties":{"source":"Digitaal Vlaanderen Gebouwenregister","source_id":"gebouw/Gebouw.17263420/0","kind":"building","height_m":9.32,"status":null},"geometry":{"type":"Polygon","coordinates":[[[4.05895301,50.93329251],[4.05892677,50.93330868],[4.05885955,50.93336839],[4.05881241,50.93334848],[4.05888005,50.93328575],[4.05896741,50.93323192],[4.05900861,50.93325825],[4.05899745,50.93326513],[4.05899079,50.93326923],[4.05895301,50.93329251]]]}},{"type":"Feature","id":"gebouw/Gebouw.17276006/0","properties":{"source":"Digitaal Vlaanderen Gebouwenregister","source_id":"gebouw/Gebouw.17276006/0","kind":"building","height_m":9.32,"status":null},"geometry":{"type":"Polygon","coordinates":[[[4.0615962,50.93450046],[4.06150223,50.93457852],[4.06145083,50.93455391],[4.06147796,50.93453129],[4.06149418,50.93453905],[4.06156079,50.93448351],[4.0615962,50.93450046]]]}},{"type":"Feature","id":"gebouw/Gebouw.17282104/0","properties":{"source":"Digitaal Vlaanderen Gebouwenregister","source_id":"gebouw/Gebouw.17282104/0","kind":"building","height_m":5.0,"status":null},"geometry":{"type":"Polygon","coordinates":[[[4.05975432,50.93291795],[4.05971864,50.93289252],[4.05977643,50.93286012],[4.05981211,50.93288554],[4.05975432,50.93291795]]]}},{"type":"Feature","id":"gebouw/Gebouw.17283461/0","properties":{"source":"Digitaal Vlaanderen Gebouwenregister","source_id":"gebouw/Gebouw.17283461/0","kind":"building","height_m":9.32,"status":null},"geometry":{"type":"Polygon","coordinates":[[[4.06073839,50.93353449],[4.06072063,50.93360467],[4.06064882,50.93359724],[4.06066693,50.9335271],[4.06073839,50.93353449]]]}},{"type":"Feature","id":"gebouw/Gebouw.17283471/0","properties":{"source":"Digitaal Vlaanderen Gebouwenregister","source_id":"gebouw/Gebouw.17283471/0","kind":"building","height_m":6.44,"status":null},"geometry":{"type":"Polygon","coordinates":[[[4.05958286,50.9332118],[4.05955626,50.93323198],[4.05953254,50.93321671],[4.0595749,50.93318867],[4.05958885,50.93319766],[4.05957489,50.93320631],[4.05958286,50.9332118]]]}},{"type":"Feature","id":"gebouw/Gebouw.17295802/0","properties":{"source":"Digitaal Vlaanderen Gebouwenregister","source_id":"gebouw/Gebouw.17295802/0","kind":"building","height_m":9.32,"status":null},"geometry":{"type":"Polygon","coordinates":[[[4.06021105,50.93333995],[4.06022819,50.93328686],[4.06075346,50.93335489],[4.06073632,50.93340798],[4.06021105,50.93333995]]]}},{"type":"Feature","id":"gebouw/Gebouw.17296328/0","properties":{"source":"Digitaal Vlaanderen Gebouwenregister","source_id":"gebouw/Gebouw.17296328/0","kind":"building","height_m":5.0,"status":null},"geometry":{"type":"Polygon","coordinates":[[[4.06178828,50.93375772],[4.06175456,50.9337782],[4.06173954,50.93376831],[4.06166481,50.93371908],[4.06164905,50.93370869],[4.06163007,50.93369619],[4.06162711,50.93369424],[4.06166107,50.93367366],[4.06168362,50.93368852],[4.06169942,50.93369894],[4.0617414,50.9336735],[4.0618157,50.93372239],[4.06177349,50.93374802],[4.06178828,50.93375772]]]}},{"type":"Feature","id":"gebouw/Gebouw.17296373/0","properties":{"source":"Digitaal Vlaanderen Gebouwenregister","source_id":"gebouw/Gebouw.17296373/0","kind":"building","height_m":7.16,"status":null},"geometry":{"type":"Polygon","coordinates":[[[4.05985602,50.9333801],[4.05982233,50.93340799],[4.05977963,50.93338511],[4.05981953,50.93335504],[4.05985947,50.93337724],[4.05985602,50.9333801]]]}},{"type":"Feature","id":"gebouw/Gebouw.17299996/0","properties":{"source":"Digitaal Vlaanderen Gebouwenregister","source_id":"gebouw/Gebouw.17299996/0","kind":"building","height_m":5.0,"status":null},"geometry":{"type":"Polygon","coordinates":[[[4.06018216,50.93335808],[4.06017357,50.93338055],[4.06016673,50.93337951],[4.0601664,50.93337906],[4.0601563,50.93340942],[4.06013831,50.93340665],[4.06015626,50.93335477],[4.06018216,50.93335808]]]}},{"type":"Feature","id":"gebouw/Gebouw.17300062/0","properties":{"source":"Digitaal Vlaanderen Gebouwenregister","source_id":"gebouw/Gebouw.17300062/0","kind":"building","height_m":7.16,"status":null},"geometry":{"type":"Polygon","coordinates":[[[4.06310778,50.93431492],[4.0630918,50.93432444],[4.06307582,50.93431402],[4.06308996,50.93430527],[4.06307619,50.93429604],[4.06306178,50.93430461],[4.06305952,50.93430304],[4.06307637,50.9342932],[4.06303594,50.93426655],[4.06311403,50.93422031],[4.06315333,50.93424639],[4.06316607,50.93423888],[4.06319011,50.9342247],[4.06319462,50.93422204],[4.06322653,50.93424303],[4.06322196,50.9342458],[4.06310778,50.93431492]]]}},{"type":"Feature","id":"gebouw/Gebouw.17300291/0","properties":{"source":"Digitaal Vlaanderen Gebouwenregister","source_id":"gebouw/Gebouw.17300291/0","kind":"building","height_m":5.72,"status":null},"geometry":{"type":"Polygon","coordinates":[[[4.06121098,50.93385808],[4.06117251,50.93383279],[4.06110844,50.93387171],[4.06114695,50.93389697],[4.06121098,50.93385808]]]}},{"type":"Feature","id":"gebouw/Gebouw.17320790/0","properties":{"source":"Digitaal Vlaanderen Gebouwenregister","source_id":"gebouw/Gebouw.17320790/0","kind":"building","height_m":7.88,"status":null},"geometry":{"type":"Polygon","coordinates":[[[4.0629625,50.93421906],[4.06294578,50.93422897],[4.06294566,50.93422904],[4.06292971,50.93421843],[4.06294334,50.93420984],[4.06292989,50.93420049],[4.06291567,50.93420911],[4.06291328,50.93420751],[4.06292895,50.93419765],[4.06288905,50.93417157],[4.06287254,50.93418094],[4.06286904,50.93417864],[4.06300205,50.93409732],[4.06304527,50.93412554],[4.06309839,50.93409332],[4.0631345,50.93411711],[4.06307753,50.93415088],[4.06303972,50.93417328],[4.0629625,50.93421906]]]}},{"type":"Feature","id":"gebouw/Gebouw.17321029/0","properties":{"source":"Digitaal Vlaanderen Gebouwenregister","source_id":"gebouw/Gebouw.17321029/0","kind":"building","height_m":8.6,"status":null},"geometry":{"type":"Polygon","coordinates":[[[4.05896741,50.93323192],[4.05888005,50.93328575],[4.05881241,50.93334848],[4.05876574,50.93332837],[4.05883704,50.93326479],[4.05895227,50.93319378],[4.0589906,50.93321763],[4.05896741,50.93323192]]]}},{"type":"Feature","id":"gebouw/Gebouw.17370182/0","properties":{"source":"Digitaal Vlaanderen Gebouwenregister","source_id":"gebouw/Gebouw.17370182/0","kind":"building","height_m":7.88,"status":null},"geometry":{"type":"Polygon","coordinates":[[[4.05902109,50.93334811],[4.05895367,50.93340874],[4.05890507,50.93339031],[4.05890692,50.93338865],[4.05897362,50.93332866],[4.05904565,50.93328231],[4.05906245,50.9332715],[4.059104,50.93329475],[4.05902109,50.93334811]]]}},{"type":"Feature","id":"gebouw/Gebouw.17414838/0","properties":{"source":"Digitaal Vlaanderen Gebouwenregister","source_id":"gebouw/Gebouw.17414838/0","kind":"building","height_m":5.0,"status":null},"geometry":{"type":"Polygon","coordinates":[[[4.05932302,50.93301278],[4.0592628,50.93304988],[4.05922455,50.93302599],[4.05927997,50.93299184],[4.05928636,50.9329879],[4.05932302,50.93301278]]]}},{"type":"Feature","id":"gebouw/Gebouw.17414840/0","properties":{"source":"Digitaal Vlaanderen Gebouwenregister","source_id":"gebouw/Gebouw.17414840/0","kind":"building","height_m":6.44,"status":null},"geometry":{"type":"Polygon","coordinates":[[[4.06151054,50.93390555],[4.06146701,50.93393157],[4.06148366,50.93394255],[4.06145022,50.93396281],[4.06143849,50.93395508],[4.06138468,50.93391962],[4.06127082,50.93384458],[4.0613043,50.9338243],[4.06135499,50.9338577],[4.06135904,50.93386037],[4.06137864,50.93387329],[4.06139365,50.93388318],[4.06143677,50.93385706],[4.06151054,50.93390555]]]}},{"type":"Feature","id":"gebouw/Gebouw.17612593/0","properties":{"source":"Digitaal Vlaanderen Gebouwenregister","source_id":"gebouw/Gebouw.17612593/0","kind":"building","height_m":8.6,"status":null},"geometry":{"type":"Polygon","coordinates":[[[4.0595749,50.93318867],[4.05953254,50.93321671],[4.05949245,50.93319093],[4.05954358,50.93315709],[4.05957766,50.93318075],[4.05958215,50.93318387],[4.0595749,50.93318867]]]}},{"type":"Feature","id":"gebouw/Gebouw.17711440/0","properties":{"source":"Digitaal Vlaanderen Gebouwenregister","source_id":"gebouw/Gebouw.17711440/0","kind":"building","height_m":8.6,"status":null},"geometry":{"type":"Polygon","coordinates":[[[4.06727514,50.92856391],[4.06725903,50.9285809],[4.06723525,50.92857219],[4.06724324,50.92856344],[4.0672113,50.92855129],[4.0672388,50.9285213],[4.0672956,50.92854234],[4.06727514,50.92856391]]]}},{"type":"Feature","id":"gebouw/Gebouw.18115012/0","properties":{"source":"Digitaal Vlaanderen Gebouwenregister","source_id":"gebouw/Gebouw.18115012/0","kind":"building","height_m":9.32,"status":null},"geometry":{"type":"Polygon","coordinates":[[[4.05987098,50.93366138],[4.05989204,50.93366437],[4.05990161,50.9336331],[4.05993186,50.93363559],[4.0599511,50.93358113],[4.06002843,50.93359165],[4.06000086,50.93367774],[4.05998695,50.93372182],[4.05985708,50.93370546],[4.05987098,50.93366138]]]}},{"type":"Feature","id":"gebouw/Gebouw.18196536/0","properties":{"source":"Digitaal Vlaanderen Gebouwenregister","source_id":"gebouw/Gebouw.18196536/0","kind":"building","height_m":5.72,"status":null},"geometry":{"type":"Polygon","coordinates":[[[4.0685043,50.92870173],[4.06831354,50.92863042],[4.06836408,50.92857608],[4.06855515,50.92864704],[4.0685043,50.92870173]]]}},{"type":"Feature","id":"gebouw/Gebouw.18249930/0","properties":{"source":"Digitaal Vlaanderen Gebouwenregister","source_id":"gebouw/Gebouw.18249930/0","kind":"building","height_m":9.32,"status":null},"geometry":{"type":"Polygon","coordinates":[[[4.06143259,50.9326247],[4.06138185,50.93265506],[4.06138094,50.9326556],[4.06135684,50.93263951],[4.06135762,50.93263904],[4.06137367,50.93262935],[4.06131459,50.93259149],[4.06130624,50.93259722],[4.06130879,50.9325987],[4.0613028,50.93260281],[4.06130259,50.93260296],[4.06129785,50.93259954],[4.06129869,50.93259907],[4.0613511,50.93256974],[4.06143259,50.9326247]]]}},{"type":"Feature","id":"gebouw/Gebouw.18511347/0","properties":{"source":"Digitaal Vlaanderen Gebouwenregister","source_id":"gebouw/Gebouw.18511347/0","kind":"building","height_m":5.72,"status":null},"geometry":{"type":"Polygon","coordinates":[[[4.05962647,50.93414211],[4.05967115,50.93409826],[4.05978774,50.9341469],[4.05974349,50.93419022],[4.05962647,50.93414211]]]}},{"type":"Feature","id":"gebouw/Gebouw.18729287/0","properties":{"source":"Digitaal Vlaanderen Gebouwenregister","source_id":"gebouw/Gebouw.18729287/0","kind":"building","height_m":7.16,"status":null},"geometry":{"type":"Polygon","coordinates":[[[4.06604344,50.93520482],[4.06599635,50.93526055],[4.06595573,50.93524912],[4.06600226,50.9351916],[4.06601203,50.93519451],[4.06604344,50.93520482]]]}},{"type":"Feature","id":"gebouw/Gebouw.18729312/0","properties":{"source":"Digitaal Vlaanderen Gebouwenregister","source_id":"gebouw/Gebouw.18729312/0","kind":"building","height_m":5.0,"status":null},"geometry":{"type":"Polygon","coordinates":[[[4.0623405,50.93284493],[4.06230887,50.93281565],[4.06234938,50.93279902],[4.06238165,50.93282912],[4.0623405,50.93284493]]]}},{"type":"Feature","id":"gebouw/Gebouw.18729313/0","properties":{"source":"Digitaal Vlaanderen Gebouwenregister","source_id":"gebouw/Gebouw.18729313/0","kind":"building","height_m":5.72,"status":null},"geometry":{"type":"Polygon","coordinates":[[[4.06254391,50.93216683],[4.06260673,50.93213146],[4.06269913,50.93219477],[4.06263394,50.93223094],[4.06254391,50.93216683]]]}},{"type":"Feature","id":"gebouw/Gebouw.18729314/0","properties":{"source":"Digitaal Vlaanderen Gebouwenregister","source_id":"gebouw/Gebouw.18729314/0","kind":"building","height_m":6.44,"status":null},"geometry":{"type":"Polygon","coordinates":[[[4.05894885,50.93199475],[4.05886366,50.93194015],[4.05895372,50.93188606],[4.05899288,50.93191389],[4.05902765,50.931893],[4.05906606,50.93191853],[4.05903341,50.93193814],[4.05903801,50.9319412],[4.05894885,50.93199475]]]}},{"type":"Feature","id":"gebouw/Gebouw.18729316/0","properties":{"source":"Digitaal Vlaanderen Gebouwenregister","source_id":"gebouw/Gebouw.18729316/0","kind":"building","height_m":7.88,"status":null},"geometry":{"type":"Polygon","coordinates":[[[4.0650757,50.92884035],[4.0651003,50.92882704],[4.06514541,50.92885963],[4.06511887,50.92887389],[4.0650757,50.92884035]]]}},{"type":"Feature","id":"gebouw/Gebouw.18729943/0","properties":{"source":"Digitaal Vlaanderen Gebouwenregister","source_id":"gebouw/Gebouw.18729943/0","kind":"building","height_m":5.72,"status":null},"geometry":{"type":"Polygon","coordinates":[[[4.06763245,50.92871242],[4.06765782,50.92868786],[4.06770055,50.92870323],[4.06767777,50.92872645],[4.06763245,50.92871242]]]}},{"type":"Feature","id":"gebouw/Gebouw.18730246/0","properties":{"source":"Digitaal Vlaanderen Gebouwenregister","source_id":"gebouw/Gebouw.18730246/0","kind":"building","height_m":7.16,"status":null},"geometry":{"type":"Polygon","coordinates":[[[4.05992748,50.92954018],[4.05995043,50.92950206],[4.05999407,50.92951242],[4.05996941,50.92955026],[4.05992748,50.92954018]]]}},{"type":"Feature","id":"gebouw/Gebouw.18730247/0","properties":{"source":"Digitaal Vlaanderen Gebouwenregister","source_id":"gebouw/Gebouw.18730247/0","kind":"building","height_m":7.88,"status":null},"geometry":{"type":"Polygon","coordinates":[[[4.0601157,50.93131439],[4.06016538,50.93128384],[4.06021243,50.9313155],[4.06016339,50.93134605],[4.0601157,50.93131439]]]}},{"type":"Feature","id":"gebouw/Gebouw.18730249/0","properties":{"source":"Digitaal Vlaanderen Gebouwenregister","source_id":"gebouw/Gebouw.18730249/0","kind":"building","height_m":9.32,"status":null},"geometry":{"type":"Polygon","coordinates":[[[4.06096589,50.93470551],[4.06095311,50.93471657],[4.06097572,50.93472792],[4.06095085,50.93474597],[4.06092618,50.93473414],[4.06082708,50.93468659],[4.06085106,50.93466637],[4.06086065,50.93465827],[4.06096589,50.93470551]]]}},{"type":"Feature","id":"gebouw/Gebouw.18730540/0","properties":{"source":"Digitaal Vlaanderen Gebouwenregister","source_id":"gebouw/Gebouw.18730540/0","kind":"building","height_m":7.16,"status":null},"geometry":{"type":"Polygon","coordinates":[[[4.06406166,50.93525216],[4.06414479,50.93518407],[4.06418749,50.9352031],[4.06410411,50.93527376],[4.06406166,50.93525216]]]}},{"type":"Feature","id":"gebouw/Gebouw.18730543/0","properties":{"source":"Digitaal Vlaanderen Gebouwenregister","source_id":"gebouw/Gebouw.18730543/0","kind":"building","height_m":9.32,"status":null},"geometry":{"type":"Polygon","coordinates":[[[4.06757083,50.93471649],[4.06759848,50.93466009],[4.06767488,50.93467682],[4.06764747,50.93473093],[4.06757083,50.93471649]]]}},{"type":"Feature","id":"gebouw/Gebouw.18730545/0","properties":{"source":"Digitaal Vlaanderen Gebouwenregister","source_id":"gebouw/Gebouw.18730545/0","kind":"building","height_m":5.72,"status":null},"geometry":{"type":"Polygon","coordinates":[[[4.06946723,50.93399526],[4.06950498,50.93395692],[4.06954941,50.93397461],[4.06951361,50.93401132],[4.06946723,50.93399526]]]}},{"type":"Feature","id":"gebouw/Gebouw.18963518/0","properties":{"source":"Digitaal Vlaanderen Gebouwenregister","source_id":"gebouw/Gebouw.18963518/0","kind":"building","height_m":5.0,"status":null},"geometry":{"type":"Polygon","coordinates":[[[4.0686777,50.93415448],[4.06870172,50.93410068],[4.06872311,50.9341045],[4.06873428,50.93407946],[4.06887015,50.93410368],[4.06887563,50.93409143],[4.06893301,50.93410165],[4.06890473,50.93416656],[4.06884672,50.93415622],[4.0688508,50.93414707],[4.06883152,50.93414361],[4.06881575,50.93417892],[4.06874778,50.93416688],[4.0686777,50.93415448]]]}},{"type":"Feature","id":"gebouw/Gebouw.18963522/0","properties":{"source":"Digitaal Vlaanderen Gebouwenregister","source_id":"gebouw/Gebouw.18963522/0","kind":"building","height_m":7.88,"status":null},"geometry":{"type":"Polygon","coordinates":[[[4.06352551,50.93508437],[4.0634279,50.93516467],[4.06342672,50.93516409],[4.06336815,50.9351355],[4.0633619,50.93513955],[4.06333256,50.93512563],[4.06340249,50.93506956],[4.0633899,50.93506353],[4.06346711,50.93500015],[4.06356801,50.9350494],[4.06356448,50.9350523],[4.06352551,50.93508437]]]}},{"type":"Feature","id":"gebouw/Gebouw.18964214/0","properties":{"source":"Digitaal Vlaanderen Gebouwenregister","source_id":"gebouw/Gebouw.18964214/0","kind":"building","height_m":7.16,"status":null},"geometry":{"type":"Polygon","coordinates":[[[4.06363791,50.93513926],[4.0635826,50.93511225],[4.06352551,50.93508437],[4.0634279,50.93516467],[4.06343087,50.93516611],[4.0634357,50.93516847],[4.06353602,50.93521745],[4.06354033,50.93521954],[4.06363791,50.93513926]]]}},{"type":"Feature","id":"gebouw/Gebouw.18964215/0","properties":{"source":"Digitaal Vlaanderen Gebouwenregister","source_id":"gebouw/Gebouw.18964215/0","kind":"building","height_m":7.88,"status":null},"geometry":{"type":"Polygon","coordinates":[[[4.06368078,50.93510399],[4.06366081,50.93512042],[4.06363791,50.93513926],[4.06354033,50.93521954],[4.06354482,50.93522174],[4.06360111,50.93524921],[4.06359611,50.93525346],[4.06362525,50.93526764],[4.06367771,50.93522473],[4.06368858,50.93523004],[4.06378217,50.93515348],[4.06368078,50.93510399]]]}},{"type":"Feature","id":"gebouw/Gebouw.19790082/0","properties":{"source":"Digitaal Vlaanderen Gebouwenregister","source_id":"gebouw/Gebouw.19790082/0","kind":"building","height_m":7.88,"status":null},"geometry":{"type":"Polygon","coordinates":[[[4.06067834,50.93199954],[4.06060008,50.93194722],[4.06059267,50.93195077],[4.0604599,50.93203084],[4.06045441,50.93203416],[4.06044476,50.93203997],[4.060445,50.93204012],[4.060524,50.93209171],[4.06052456,50.93209138],[4.06067834,50.93199954]]]}},{"type":"Feature","id":"gebouw/Gebouw.19793768/0","properties":{"source":"Digitaal Vlaanderen Gebouwenregister","source_id":"gebouw/Gebouw.19793768/0","kind":"building","height_m":5.72,"status":null},"geometry":{"type":"Polygon","coordinates":[[[4.06791089,50.93410082],[4.06797554,50.93412485],[4.06797304,50.93412555],[4.06795343,50.93414655],[4.06789022,50.93412265],[4.06791063,50.93410073],[4.06791089,50.93410082]]]}},{"type":"Feature","id":"gebouw/Gebouw.19870089/0","properties":{"source":"Digitaal Vlaanderen Gebouwenregister","source_id":"gebouw/Gebouw.19870089/0","kind":"building","height_m":5.72,"status":null},"geometry":{"type":"Polygon","coordinates":[[[4.06945009,50.93040236],[4.06949654,50.93035164],[4.06949165,50.9303498],[4.06934626,50.93029512],[4.06933272,50.93030981],[4.06918384,50.93025465],[4.06910721,50.93022626],[4.06905699,50.93028069],[4.06916188,50.93032008],[4.06943242,50.93042166],[4.06945009,50.93040236]]]}},{"type":"Feature","id":"gebouw/Gebouw.19870122/0","properties":{"source":"Digitaal Vlaanderen Gebouwenregister","source_id":"gebouw/Gebouw.19870122/0","kind":"building","height_m":9.32,"status":null},"geometry":{"type":"Polygon","coordinates":[[[4.05979044,50.93091477],[4.05977667,50.93092237],[4.05974019,50.93089601],[4.05971355,50.9309113],[4.05961246,50.93084095],[4.05968647,50.93079849],[4.05973199,50.93083018],[4.05975093,50.93081931],[4.05980647,50.93085798],[4.05978348,50.93087117],[4.05982095,50.93089726],[4.05979044,50.93091477]]]}},{"type":"Feature","id":"gebouw/Gebouw.19870123/0","properties":{"source":"Digitaal Vlaanderen Gebouwenregister","source_id":"gebouw/Gebouw.19870123/0","kind":"building","height_m":5.0,"status":null},"geometry":{"type":"Polygon","coordinates":[[[4.05980288,50.93092342],[4.05976523,50.93094727],[4.05971355,50.9309113],[4.05974019,50.93089601],[4.05977667,50.93092237],[4.05979044,50.93091477],[4.05980288,50.93092342]]]}},{"type":"Feature","id":"gebouw/Gebouw.19870246/0","properties":{"source":"Digitaal Vlaanderen Gebouwenregister","source_id":"gebouw/Gebouw.19870246/0","kind":"building","height_m":7.88,"status":null},"geometry":{"type":"Polygon","coordinates":[[[4.06678083,50.93430599],[4.06675474,50.93433136],[4.0668002,50.93434839],[4.06679764,50.93435061],[4.06682892,50.93436395],[4.06682507,50.93436784],[4.06685663,50.9343816],[4.06682344,50.9344133],[4.06681497,50.93440947],[4.06679827,50.93442541],[4.0668069,50.93442894],[4.06678554,50.93444882],[4.06675356,50.93443528],[4.06674943,50.93443917],[4.06671756,50.93442605],[4.06671524,50.93442826],[4.06668627,50.93441615],[4.06668871,50.93441381],[4.06665542,50.93440073],[4.06665883,50.93439748],[4.06662442,50.93438272],[4.06666241,50.93435084],[4.06662556,50.93433405],[4.06669144,50.93427053],[4.06672158,50.93428248],[4.06676536,50.93429986],[4.06678083,50.93430599]]]}},{"type":"Feature","id":"gebouw/Gebouw.19870291/0","properties":{"source":"Digitaal Vlaanderen Gebouwenregister","source_id":"gebouw/Gebouw.19870291/0","kind":"building","height_m":5.0,"status":null},"geometry":{"type":"Polygon","coordinates":[[[4.06368946,50.93469366],[4.06364238,50.9347194],[4.06359566,50.93468237],[4.06358338,50.93468872],[4.06353651,50.93465038],[4.06347234,50.93459789],[4.06346974,50.93459576],[4.06353254,50.9345653],[4.06366501,50.93467366],[4.06368946,50.93469366]]]}},{"type":"Feature","id":"gebouw/Gebouw.19870292/0","properties":{"source":"Digitaal Vlaanderen Gebouwenregister","source_id":"gebouw/Gebouw.19870292/0","kind":"building","height_m":5.72,"status":null},"geometry":{"type":"Polygon","coordinates":[[[4.06376628,50.9347565],[4.06371614,50.93478087],[4.06364238,50.9347194],[4.06368946,50.93469366],[4.06376628,50.9347565]]]}},{"type":"Feature","id":"gebouw/Gebouw.19870293/0","properties":{"source":"Digitaal Vlaanderen Gebouwenregister","source_id":"gebouw/Gebouw.19870293/0","kind":"building","height_m":6.44,"status":null},"geometry":{"type":"Polygon","coordinates":[[[4.06382437,50.93473484],[4.06374658,50.93467231],[4.06375012,50.9346703],[4.06370005,50.93462869],[4.06366501,50.93459958],[4.06368633,50.9345909],[4.06367019,50.93457616],[4.06378825,50.9345173],[4.06381672,50.93454073],[4.06385398,50.93452203],[4.06382571,50.93449871],[4.06376794,50.93445106],[4.06353254,50.9345653],[4.06366501,50.93467366],[4.06368946,50.93469366],[4.06377402,50.93476167],[4.06378231,50.93475725],[4.06382437,50.93473484]]]}},{"type":"Feature","id":"gebouw/Gebouw.19870294/0","properties":{"source":"Digitaal Vlaanderen Gebouwenregister","source_id":"gebouw/Gebouw.19870294/0","kind":"building","height_m":7.16,"status":null},"geometry":{"type":"Polygon","coordinates":[[[4.06384422,50.93472426],[4.06390266,50.93476804],[4.06386015,50.93479272],[4.06383899,50.93480501],[4.06377402,50.93476167],[4.06378231,50.93475725],[4.06382437,50.93473484],[4.06384422,50.93472426]]]}},{"type":"Feature","id":"gebouw/Gebouw.19870488/0","properties":{"source":"Digitaal Vlaanderen Gebouwenregister","source_id":"gebouw/Gebouw.19870488/0","kind":"building","height_m":5.72,"status":null},"geometry":{"type":"Polygon","coordinates":[[[4.06558881,50.92880756],[4.06557501,50.92881804],[4.0657952,50.92893387],[4.06575596,50.92896366],[4.06578216,50.92897744],[4.06572438,50.92902131],[4.06548001,50.92889276],[4.06547768,50.92889452],[4.06509109,50.92869007],[4.06513323,50.92865886],[4.06507895,50.9286296],[4.06514338,50.92857772],[4.06515254,50.92858245],[4.06529627,50.92865661],[4.06544625,50.92873401],[4.06552937,50.92877689],[4.06558881,50.92880756]]]}},{"type":"Feature","id":"gebouw/Gebouw.19870489/0","properties":{"source":"Digitaal Vlaanderen Gebouwenregister","source_id":"gebouw/Gebouw.19870489/0","kind":"building","height_m":6.44,"status":null},"geometry":{"type":"Polygon","coordinates":[[[4.06514338,50.92857772],[4.06507895,50.9286296],[4.06497022,50.92857099],[4.06503595,50.92852229],[4.06514338,50.92857772]]]}},{"type":"Feature","id":"gebouw/Gebouw.19870497/0","properties":{"source":"Digitaal Vlaanderen Gebouwenregister","source_id":"gebouw/Gebouw.19870497/0","kind":"building","height_m":7.16,"status":null},"geometry":{"type":"Polygon","coordinates":[[[4.06744329,50.92876887],[4.06741436,50.9288003],[4.06741382,50.92880089],[4.0673601,50.92877955],[4.06736656,50.92877263],[4.06743712,50.92869719],[4.06747139,50.92866152],[4.0675087,50.92862126],[4.06751695,50.92862432],[4.06754378,50.92863425],[4.06756125,50.92864072],[4.06752255,50.92868277],[4.06744329,50.92876887]]]}},{"type":"Feature","id":"gebouw/Gebouw.19870498/0","properties":{"source":"Digitaal Vlaanderen Gebouwenregister","source_id":"gebouw/Gebouw.19870498/0","kind":"building","height_m":7.88,"status":null},"geometry":{"type":"Polygon","coordinates":[[[4.06725579,50.92889486],[4.0673601,50.92877955],[4.06741382,50.92880089],[4.06730901,50.92891475],[4.06725579,50.92889486]]]}},{"type":"Feature","id":"gebouw/Gebouw.19870617/0","properties":{"source":"Digitaal Vlaanderen Gebouwenregister","source_id":"gebouw/Gebouw.19870617/0","kind":"building","height_m":7.88,"status":null},"geometry":{"type":"Polygon","coordinates":[[[4.06039137,50.93182122],[4.06024385,50.93190706],[4.06018276,50.93186657],[4.06033141,50.93178007],[4.06039137,50.93182122]]]}},{"type":"Feature","id":"gebouw/Gebouw.19870618/0","properties":{"source":"Digitaal Vlaanderen Gebouwenregister","source_id":"gebouw/Gebouw.19870618/0","kind":"building","height_m":8.6,"status":null},"geometry":{"type":"Polygon","coordinates":[[[4.06039501,50.9318191],[4.06039137,50.93182122],[4.06033141,50.93178007],[4.06041406,50.93173197],[4.06046632,50.93176779],[4.06047406,50.9317731],[4.06043844,50.93179383],[4.06040192,50.93181508],[4.06039501,50.9318191]]]}},{"type":"Feature","id":"gebouw/Gebouw.19870652/0","properties":{"source":"Digitaal Vlaanderen Gebouwenregister","source_id":"gebouw/Gebouw.19870652/0","kind":"building","height_m":7.88,"status":null},"geometry":{"type":"Polygon","coordinates":[[[4.06123554,50.92954274],[4.06128857,50.92959853],[4.06130757,50.92961589],[4.06131114,50.92961915],[4.061309,50.92962002],[4.06132423,50.92963605],[4.06120123,50.92968361],[4.0610992,50.92957627],[4.0612222,50.9295287],[4.06123554,50.92954274]]]}},{"type":"Feature","id":"gebouw/Gebouw.19870653/0","properties":{"source":"Digitaal Vlaanderen Gebouwenregister","source_id":"gebouw/Gebouw.19870653/0","kind":"building","height_m":8.6,"status":null},"geometry":{"type":"Polygon","coordinates":[[[4.06132927,50.92958283],[4.06132094,50.92958604],[4.06129816,50.92959484],[4.06128857,50.92959853],[4.06123554,50.92954274],[4.0612222,50.9295287],[4.06118371,50.92949322],[4.06121208,50.92948225],[4.06122235,50.92947828],[4.06132927,50.92958283]]]}},{"type":"Feature","id":"gebouw/Gebouw.19870915/0","properties":{"source":"Digitaal Vlaanderen Gebouwenregister","source_id":"gebouw/Gebouw.19870915/0","kind":"building","height_m":5.72,"status":null},"geometry":{"type":"Polygon","coordinates":[[[4.06138401,50.93255133],[4.06142107,50.9325765],[4.06142908,50.9325714],[4.06142717,50.93256998],[4.06152263,50.93251103],[4.06163485,50.93244174],[4.06167869,50.9324701],[4.06138094,50.9326556],[4.06135684,50.93263951],[4.06135762,50.93263904],[4.06137367,50.93262935],[4.06131459,50.93259149],[4.06130624,50.93259722],[4.06130879,50.9325987],[4.0613028,50.93260281],[4.06130259,50.93260296],[4.06129785,50.93259954],[4.06129869,50.93259907],[4.0613511,50.93256974],[4.06138401,50.93255133]]]}},{"type":"Feature","id":"gebouw/Gebouw.19870963/0","properties":{"source":"Digitaal Vlaanderen Gebouwenregister","source_id":"gebouw/Gebouw.19870963/0","kind":"building","height_m":5.0,"status":null},"geometry":{"type":"Polygon","coordinates":[[[4.05980039,50.93116106],[4.05976153,50.93118443],[4.05964303,50.93110336],[4.05974226,50.93104675],[4.05974889,50.93104297],[4.05978464,50.9310672],[4.05986539,50.93112195],[4.05980039,50.93116106]]]}},{"type":"Feature","id":"gebouw/Gebouw.19870964/0","properties":{"source":"Digitaal Vlaanderen Gebouwenregister","source_id":"gebouw/Gebouw.19870964/0","kind":"building","height_m":5.72,"status":null},"geometry":{"type":"Polygon","coordinates":[[[4.05989692,50.93114332],[4.05988639,50.93114995],[4.05983316,50.93118348],[4.05980039,50.93116106],[4.05986539,50.93112195],[4.05989692,50.93114332]]]}},{"type":"Feature","id":"gebouw/Gebouw.19871029/0","properties":{"source":"Digitaal Vlaanderen Gebouwenregister","source_id":"gebouw/Gebouw.19871029/0","kind":"building","height_m":7.16,"status":null},"geometry":{"type":"Polygon","coordinates":[[[4.06149629,50.93535634],[4.06139972,50.9353934],[4.06133725,50.93532986],[4.06140011,50.9353054],[4.06135121,50.93525665],[4.06130363,50.93527671],[4.06124609,50.93522267],[4.06129674,50.93520217],[4.06111727,50.93502112],[4.06109593,50.9349996],[4.06115956,50.93497355],[4.06118034,50.93499447],[4.06121227,50.93498256],[4.06148007,50.93524698],[4.06158194,50.93520783],[4.06157288,50.93519688],[4.06161566,50.93518117],[4.06171309,50.93527313],[4.06149629,50.93535634]]]}},{"type":"Feature","id":"gebouw/Gebouw.19871465/0","properties":{"source":"Digitaal Vlaanderen Gebouwenregister","source_id":"gebouw/Gebouw.19871465/0","kind":"building","height_m":8.6,"status":null},"geometry":{"type":"Polygon","coordinates":[[[4.06500264,50.92876968],[4.06498083,50.92878137],[4.06491452,50.9287367],[4.06486814,50.92870003],[4.0648445,50.92871092],[4.06478505,50.92865938],[4.06488441,50.9286128],[4.06494528,50.92866466],[4.06495186,50.92866148],[4.06502464,50.92871401],[4.06498674,50.92873552],[4.06502212,50.92875924],[4.06500264,50.92876968]]]}},{"type":"Feature","id":"gebouw/Gebouw.19871466/0","properties":{"source":"Digitaal Vlaanderen Gebouwenregister","source_id":"gebouw/Gebouw.19871466/0","kind":"building","height_m":9.32,"status":null},"geometry":{"type":"Polygon","coordinates":[[[4.0650452,50.92879502],[4.06504097,50.92879736],[4.06500264,50.92876968],[4.06502212,50.92875924],[4.06506123,50.92878547],[4.0650452,50.92879502]]]}},{"type":"Feature","id":"gebouw/Gebouw.19871467/0","properties":{"source":"Digitaal Vlaanderen Gebouwenregister","source_id":"gebouw/Gebouw.19871467/0","kind":"building","height_m":5.0,"status":null},"geometry":{"type":"Polygon","coordinates":[[[4.06520591,50.92915013],[4.06517971,50.92912817],[4.06513088,50.92908723],[4.06505454,50.92902323],[4.06489634,50.9288906],[4.06482166,50.9289265],[4.06485289,50.92895545],[4.06487391,50.92897483],[4.06511166,50.92919407],[4.06519051,50.92915731],[4.06520591,50.92915013]]]}},{"type":"Feature","id":"gebouw/Gebouw.19871468/0","properties":{"source":"Digitaal Vlaanderen Gebouwenregister","source_id":"gebouw/Gebouw.19871468/0","kind":"building","height_m":5.72,"status":null},"geometry":{"type":"Polygon","coordinates":[[[4.06511166,50.92919407],[4.06515767,50.92923654],[4.06509762,50.92926257],[4.0648125,50.92900163],[4.06482313,50.92899699],[4.06487391,50.92897483],[4.06511166,50.92919407]]]}},{"type":"Feature","id":"gebouw/Gebouw.19871469/0","properties":{"source":"Digitaal Vlaanderen Gebouwenregister","source_id":"gebouw/Gebouw.19871469/0","kind":"building","height_m":6.44,"status":null},"geometry":{"type":"Polygon","coordinates":[[[4.06482166,50.9289265],[4.06480002,50.92890669],[4.06475121,50.928928],[4.06473371,50.92891198],[4.0646296,50.9288167],[4.06466912,50.92880095],[4.06466685,50.92879867],[4.06474808,50.9287663],[4.06478681,50.92879878],[4.0648498,50.92885159],[4.06487923,50.92887626],[4.06489634,50.9288906],[4.06482166,50.9289265]]]}},{"type":"Feature","id":"gebouw/Gebouw.19871472/0","properties":{"source":"Digitaal Vlaanderen Gebouwenregister","source_id":"gebouw/Gebouw.19871472/0","kind":"building","height_m":8.6,"status":null},"geometry":{"type":"Polygon","coordinates":[[[4.06925582,50.92947717],[4.06925506,50.92947799],[4.06914494,50.92959753],[4.06903384,50.92955678],[4.0690365,50.92955389],[4.06912083,50.92946235],[4.06912422,50.92945867],[4.06920478,50.92948832],[4.06922461,50.92946679],[4.06925582,50.92947717]]]}},{"type":"Feature","id":"gebouw/Gebouw.19871473/0","properties":{"source":"Digitaal Vlaanderen Gebouwenregister","source_id":"gebouw/Gebouw.19871473/0","kind":"building","height_m":9.32,"status":null},"geometry":{"type":"Polygon","coordinates":[[[4.06925582,50.92947717],[4.06922461,50.92946679],[4.06920478,50.92948832],[4.06912422,50.92945867],[4.06915816,50.92942184],[4.06923904,50.92945246],[4.06930854,50.92937915],[4.06929576,50.92937431],[4.06932129,50.92934738],[4.06932943,50.92935046],[4.06938373,50.92929318],[4.06941456,50.92930486],[4.06928033,50.92945057],[4.06925582,50.92947717]]]}},{"type":"Feature","id":"gebouw/Gebouw.19871669/0","properties":{"source":"Digitaal Vlaanderen Gebouwenregister","source_id":"gebouw/Gebouw.19871669/0","kind":"building","height_m":9.32,"status":null},"geometry":{"type":"Polygon","coordinates":[[[4.06257996,50.93363914],[4.0625866,50.93363511],[4.06256003,50.93361768],[4.06254175,50.93360568],[4.06247675,50.93364487],[4.06252169,50.93367443],[4.06257996,50.93363914]]]}},{"type":"Feature","id":"gebouw/Gebouw.19871670/0","properties":{"source":"Digitaal Vlaanderen Gebouwenregister","source_id":"gebouw/Gebouw.19871670/0","kind":"building","height_m":5.0,"status":null},"geometry":{"type":"Polygon","coordinates":[[[4.06257996,50.93363914],[4.06261292,50.93366015],[4.06255582,50.93369688],[4.0625498,50.93369292],[4.06252169,50.93367443],[4.06257996,50.93363914]]]}},{"type":"Feature","id":"gebouw/Gebouw.19871671/0","properties":{"source":"Digitaal Vlaanderen Gebouwenregister","source_id":"gebouw/Gebouw.19871671/0","kind":"building","height_m":5.72,"status":null},"geometry":{"type":"Polygon","coordinates":[[[4.06247026,50.9336406],[4.06245022,50.9336528],[4.06242694,50.93363752],[4.06244701,50.93362531],[4.06247026,50.9336406]]]}},{"type":"Feature","id":"gebouw/Gebouw.19871724/0","properties":{"source":"Digitaal Vlaanderen Gebouwenregister","source_id":"gebouw/Gebouw.19871724/0","kind":"building","height_m":8.6,"status":null},"geometry":{"type":"Polygon","coordinates":[[[4.06449654,50.9289615],[4.06436744,50.92883377],[4.0643,50.92886028],[4.06445093,50.92900961],[4.06447186,50.92903031],[4.06449166,50.92904991],[4.06449829,50.92905646],[4.0645269,50.92904498],[4.0645654,50.9290296],[4.06456457,50.9290288],[4.06455813,50.92902243],[4.06453553,50.92900007],[4.06449654,50.9289615]]]}},{"type":"Feature","id":"gebouw/Gebouw.19871725/0","properties":{"source":"Digitaal Vlaanderen Gebouwenregister","source_id":"gebouw/Gebouw.19871725/0","kind":"building","height_m":9.32,"status":null},"geometry":{"type":"Polygon","coordinates":[[[4.06454781,50.9290267],[4.06456987,50.92904754],[4.06455385,50.92905432],[4.06453168,50.92903337],[4.06454781,50.9290267]]]}},{"type":"Feature","id":"gebouw/Gebouw.19871788/0","properties":{"source":"Digitaal Vlaanderen Gebouwenregister","source_id":"gebouw/Gebouw.19871788/0","kind":"building","height_m":9.32,"status":null},"geometry":{"type":"Polygon","coordinates":[[[4.06497402,50.92931721],[4.06490922,50.92934309],[4.06457925,50.92904303],[4.06459793,50.92903405],[4.06462567,50.92902071],[4.06464333,50.92901223],[4.06497402,50.92931721]]]}},{"type":"Feature","id":"gebouw/Gebouw.19871790/0","properties":{"source":"Digitaal Vlaanderen Gebouwenregister","source_id":"gebouw/Gebouw.19871790/0","kind":"building","height_m":5.72,"status":null},"geometry":{"type":"Polygon","coordinates":[[[4.06459793,50.92903405],[4.06457925,50.92904303],[4.06456457,50.9290288],[4.06457476,50.92902399],[4.06458717,50.92902453],[4.06459793,50.92903405]]]}},{"type":"Feature","id":"gebouw/Gebouw.19871819/0","properties":{"source":"Digitaal Vlaanderen Gebouwenregister","source_id":"gebouw/Gebouw.19871819/0","kind":"building","height_m":6.44,"status":null},"geometry":{"type":"Polygon","coordinates":[[[4.06607337,50.92899852],[4.06598931,50.92907718],[4.06591529,50.9290465],[4.06596352,50.92900091],[4.06594685,50.92899231],[4.06597113,50.92897026],[4.06598764,50.92897811],[4.06599785,50.92896808],[4.06607337,50.92899852]]]}},{"type":"Feature","id":"gebouw/Gebouw.19871820/0","properties":{"source":"Digitaal Vlaanderen Gebouwenregister","source_id":"gebouw/Gebouw.19871820/0","kind":"building","height_m":7.16,"status":null},"geometry":{"type":"Polygon","coordinates":[[[4.06603119,50.92893536],[4.0660688,50.92895166],[4.06605717,50.92896265],[4.0660959,50.92897743],[4.06607337,50.92899852],[4.06599785,50.92896808],[4.06603119,50.92893536]]]}},{"type":"Feature","id":"gebouw/Gebouw.19879835/0","properties":{"source":"Digitaal Vlaanderen Gebouwenregister","source_id":"gebouw/Gebouw.19879835/0","kind":"building","height_m":7.16,"status":null},"geometry":{"type":"Polygon","coordinates":[[[4.05955344,50.92960409],[4.05959267,50.929614],[4.05953823,50.92970256],[4.059392,50.92966561],[4.05944355,50.92957632],[4.05955344,50.92960409]]]}},{"type":"Feature","id":"gebouw/Gebouw.19879836/0","properties":{"source":"Digitaal Vlaanderen Gebouwenregister","source_id":"gebouw/Gebouw.19879836/0","kind":"building","height_m":7.88,"status":null},"geometry":{"type":"Polygon","coordinates":[[[4.05949666,50.92946344],[4.05947751,50.92949459],[4.05953535,50.92950921],[4.05950695,50.92955409],[4.05957431,50.92957112],[4.05955344,50.92960409],[4.05944355,50.92957632],[4.0593868,50.92955879],[4.05945231,50.92945223],[4.05949666,50.92946344]]]}},{"type":"Feature","id":"gebouw/Gebouw.19881041/0","properties":{"source":"Digitaal Vlaanderen Gebouwenregister","source_id":"gebouw/Gebouw.19881041/0","kind":"building","height_m":8.6,"status":null},"geometry":{"type":"Polygon","coordinates":[[[4.05905279,50.92947059],[4.0590013,50.92945772],[4.0589506,50.92953877],[4.05884411,50.92951217],[4.0588358,50.92952546],[4.05876907,50.9295088],[4.05882037,50.92942869],[4.05882479,50.92942179],[4.05894828,50.92945264],[4.05898832,50.92946264],[4.05900189,50.92944144],[4.05904413,50.92937548],[4.0590497,50.92937686],[4.05906501,50.92934288],[4.05911479,50.92935532],[4.05909493,50.92938708],[4.05910469,50.92938954],[4.05905279,50.92947059]]]}},{"type":"Feature","id":"gebouw/Gebouw.19881043/0","properties":{"source":"Digitaal Vlaanderen Gebouwenregister","source_id":"gebouw/Gebouw.19881043/0","kind":"building","height_m":5.0,"status":null},"geometry":{"type":"Polygon","coordinates":[[[4.05900189,50.92944144],[4.05898832,50.92946264],[4.05894828,50.92945264],[4.05894529,50.92944817],[4.05894467,50.92944536],[4.05894534,50.92944067],[4.05895004,50.92943412],[4.05895876,50.92942852],[4.05896958,50.92942627],[4.05897827,50.92942616],[4.05898969,50.92942954],[4.05899792,50.92943558],[4.05900189,50.92944144]]]}},{"type":"Feature","id":"gebouw/Gebouw.19892607/0","properties":{"source":"Digitaal Vlaanderen Gebouwenregister","source_id":"gebouw/Gebouw.19892607/0","kind":"building","height_m":5.0,"status":null},"geometry":{"type":"Polygon","coordinates":[[[4.062682,50.93398683],[4.06269093,50.93399254],[4.06269109,50.93399264],[4.06262904,50.9340304],[4.06261148,50.93404109],[4.06252519,50.93398417],[4.06240046,50.93390188],[4.06243466,50.93388099],[4.06243475,50.93388105],[4.06244959,50.93389076],[4.06249164,50.93386509],[4.0625677,50.93391373],[4.06252571,50.93393929],[4.06254063,50.93394908],[4.06256049,50.9339621],[4.06256088,50.93396236],[4.06258944,50.9339811],[4.06263219,50.93395498],[4.06265015,50.93396646],[4.06266524,50.93397611],[4.062682,50.93398683]]]}},{"type":"Feature","id":"gebouw/Gebouw.19892608/0","properties":{"source":"Digitaal Vlaanderen Gebouwenregister","source_id":"gebouw/Gebouw.19892608/0","kind":"building","height_m":5.72,"status":null},"geometry":{"type":"Polygon","coordinates":[[[4.06266524,50.93397611],[4.06268545,50.93396382],[4.06270199,50.93397467],[4.062682,50.93398683],[4.06266524,50.93397611]]]}},{"type":"Feature","id":"gebouw/Gebouw.20145681/0","properties":{"source":"Digitaal Vlaanderen Gebouwenregister","source_id":"gebouw/Gebouw.20145681/0","kind":"building","height_m":7.16,"status":null},"geometry":{"type":"Polygon","coordinates":[[[4.0673743,50.93473561],[4.06731244,50.93472108],[4.06734426,50.93466701],[4.06740612,50.93468154],[4.0673743,50.93473561]]]}},{"type":"Feature","id":"gebouw/Gebouw.20145691/0","properties":{"source":"Digitaal Vlaanderen Gebouwenregister","source_id":"gebouw/Gebouw.20145691/0","kind":"building","height_m":9.32,"status":null},"geometry":{"type":"Polygon","coordinates":[[[4.06361108,50.93503373],[4.06364894,50.93500293],[4.06368709,50.93502166],[4.06364923,50.93505246],[4.06361108,50.93503373]]]}},{"type":"Feature","id":"gebouw/Gebouw.20145692/0","properties":{"source":"Digitaal Vlaanderen Gebouwenregister","source_id":"gebouw/Gebouw.20145692/0","kind":"building","height_m":5.0,"status":null},"geometry":{"type":"Polygon","coordinates":[[[4.06366178,50.93495903],[4.06359933,50.93492373],[4.06365597,50.93488372],[4.06371842,50.93491901],[4.06366178,50.93495903]]]}},{"type":"Feature","id":"gebouw/Gebouw.20145693/0","properties":{"source":"Digitaal Vlaanderen Gebouwenregister","source_id":"gebouw/Gebouw.20145693/0","kind":"building","height_m":5.72,"status":null},"geometry":{"type":"Polygon","coordinates":[[[4.06392819,50.93494525],[4.06396161,50.93491822],[4.06403918,50.93495651],[4.06400576,50.93498354],[4.06392819,50.93494525]]]}},{"type":"Feature","id":"gebouw/Gebouw.20145696/0","properties":{"source":"Digitaal Vlaanderen Gebouwenregister","source_id":"gebouw/Gebouw.20145696/0","kind":"building","height_m":7.88,"status":null},"geometry":{"type":"Polygon","coordinates":[[[4.06010311,50.93350644],[4.06008205,50.93356614],[4.06003071,50.93355891],[4.06005551,50.93348862],[4.06005668,50.93348532],[4.06010311,50.93350644]]]}},{"type":"Feature","id":"gebouw/Gebouw.20145697/0","properties":{"source":"Digitaal Vlaanderen Gebouwenregister","source_id":"gebouw/Gebouw.20145697/0","kind":"building","height_m":8.6,"status":null},"geometry":{"type":"Polygon","coordinates":[[[4.05994759,50.93262579],[4.06001095,50.93258624],[4.0600503,50.93261142],[4.05998693,50.93265097],[4.05994759,50.93262579]]]}},{"type":"Feature","id":"gebouw/Gebouw.20146206/0","properties":{"source":"Digitaal Vlaanderen Gebouwenregister","source_id":"gebouw/Gebouw.20146206/0","kind":"building","height_m":7.16,"status":null},"geometry":{"type":"Polygon","coordinates":[[[4.05976241,50.92945783],[4.05980188,50.92939202],[4.05985271,50.92940419],[4.05981325,50.92947],[4.05976241,50.92945783]]]}},{"type":"Feature","id":"gebouw/Gebouw.20146207/0","properties":{"source":"Digitaal Vlaanderen Gebouwenregister","source_id":"gebouw/Gebouw.20146207/0","kind":"building","height_m":7.88,"status":null},"geometry":{"type":"Polygon","coordinates":[[[4.06084064,50.93337452],[4.06078317,50.93336783],[4.06081064,50.93327358],[4.06086812,50.93328027],[4.06084064,50.93337452]]]}},{"type":"Feature","id":"gebouw/Gebouw.20146208/0","properties":{"source":"Digitaal Vlaanderen Gebouwenregister","source_id":"gebouw/Gebouw.20146208/0","kind":"building","height_m":8.6,"status":null},"geometry":{"type":"Polygon","coordinates":[[[4.05938084,50.93368291],[4.05936624,50.93369614],[4.05936254,50.93369949],[4.05932097,50.93368117],[4.05930202,50.93369833],[4.05924219,50.93367196],[4.05926439,50.93365185],[4.05927943,50.93363822],[4.05938084,50.93368291]]]}},{"type":"Feature","id":"gebouw/Gebouw.20146211/0","properties":{"source":"Digitaal Vlaanderen Gebouwenregister","source_id":"gebouw/Gebouw.20146211/0","kind":"building","height_m":5.72,"status":null},"geometry":{"type":"Polygon","coordinates":[[[4.06365401,50.92984021],[4.06369352,50.92987949],[4.06359562,50.92991882],[4.06355611,50.92987955],[4.06365401,50.92984021]]]}},{"type":"Feature","id":"gebouw/Gebouw.20146212/0","properties":{"source":"Digitaal Vlaanderen Gebouwenregister","source_id":"gebouw/Gebouw.20146212/0","kind":"building","height_m":6.44,"status":null},"geometry":{"type":"Polygon","coordinates":[[[4.06452654,50.93017843],[4.06449495,50.93015628],[4.06441639,50.93020101],[4.06444818,50.93022331],[4.06445758,50.93021791],[4.06449967,50.93019336],[4.06452654,50.93017843]]]}},{"type":"Feature","id":"gebouw/Gebouw.20146936/0","properties":{"source":"Digitaal Vlaanderen Gebouwenregister","source_id":"gebouw/Gebouw.20146936/0","kind":"building","height_m":8.6,"status":null},"geometry":{"type":"Polygon","coordinates":[[[4.06200593,50.93183283],[4.06204953,50.93180903],[4.06213341,50.93187038],[4.06208982,50.93189418],[4.06200593,50.93183283]]]}},{"type":"Feature","id":"gebouw/Gebouw.20735071/0","properties":{"source":"Digitaal Vlaanderen Gebouwenregister","source_id":"gebouw/Gebouw.20735071/0","kind":"building","height_m":5.0,"status":null},"geometry":{"type":"Polygon","coordinates":[[[4.06321345,50.9347927],[4.06331994,50.93473994],[4.06338006,50.93471016],[4.06335904,50.93469273],[4.06332848,50.93470783],[4.0633234,50.93470399],[4.06342117,50.93465561],[4.06355097,50.93476134],[4.06348512,50.93479362],[4.06353477,50.93483406],[4.06336586,50.93491685],[4.06321345,50.9347927]]]}},{"type":"Feature","id":"gebouw/Gebouw.20980618/0","properties":{"source":"Digitaal Vlaanderen Gebouwenregister","source_id":"gebouw/Gebouw.20980618/0","kind":"building","height_m":5.72,"status":null},"geometry":{"type":"Polygon","coordinates":[[[4.06377566,50.92850612],[4.06375869,50.92848974],[4.064056,50.92837019],[4.06412876,50.92844422],[4.06414255,50.92843941],[4.06418292,50.92848153],[4.06400168,50.92855091],[4.06399267,50.9285415],[4.06392667,50.92856733],[4.06393559,50.92857642],[4.06387619,50.92859967],[4.06388467,50.92860832],[4.0638322,50.92862805],[4.06384704,50.92864346],[4.06369773,50.92870133],[4.06371607,50.92872041],[4.06361293,50.92876028],[4.06359363,50.92874034],[4.06353459,50.9287633],[4.06355397,50.92878321],[4.06350021,50.9288041],[4.063393,50.92869395],[4.06359281,50.92861136],[4.06357135,50.92859064],[4.06377566,50.92850612]]]}},{"type":"Feature","id":"gebouw/Gebouw.30642058/0","properties":{"source":"Digitaal Vlaanderen Gebouwenregister","source_id":"gebouw/Gebouw.30642058/0","kind":"building","height_m":9.32,"status":null},"geometry":{"type":"Polygon","coordinates":[[[4.05965155,50.93328707],[4.05968749,50.93326297],[4.05971808,50.93328118],[4.05968214,50.93330528],[4.05965155,50.93328707]]]}},{"type":"Feature","id":"gebouw/Gebouw.30642059/0","properties":{"source":"Digitaal Vlaanderen Gebouwenregister","source_id":"gebouw/Gebouw.30642059/0","kind":"building","height_m":5.0,"status":null},"geometry":{"type":"Polygon","coordinates":[[[4.06120539,50.93384404],[4.06117457,50.93382425],[4.06120904,50.93380282],[4.06123986,50.93382261],[4.06120539,50.93384404]]]}},{"type":"Feature","id":"gebouw/Gebouw.30642061/0","properties":{"source":"Digitaal Vlaanderen Gebouwenregister","source_id":"gebouw/Gebouw.30642061/0","kind":"building","height_m":6.44,"status":null},"geometry":{"type":"Polygon","coordinates":[[[4.06118732,50.93488038],[4.06123142,50.93484781],[4.06126523,50.9348663],[4.06122113,50.93489888],[4.06118732,50.93488038]]]}},{"type":"Feature","id":"gebouw/Gebouw.30642067/0","properties":{"source":"Digitaal Vlaanderen Gebouwenregister","source_id":"gebouw/Gebouw.30642067/0","kind":"building","height_m":5.72,"status":null},"geometry":{"type":"Polygon","coordinates":[[[4.0632971,50.93423824],[4.06333125,50.93421733],[4.06336183,50.93423636],[4.06332769,50.93425727],[4.0632971,50.93423824]]]}},{"type":"Feature","id":"gebouw/Gebouw.30642068/0","properties":{"source":"Digitaal Vlaanderen Gebouwenregister","source_id":"gebouw/Gebouw.30642068/0","kind":"building","height_m":6.44,"status":null},"geometry":{"type":"Polygon","coordinates":[[[4.06363829,50.93496426],[4.06365512,50.93497339],[4.06361511,50.93500557],[4.06356021,50.93497845],[4.06360218,50.93494469],[4.06363829,50.93496426]]]}},{"type":"Feature","id":"gebouw/Gebouw.30642764/0","properties":{"source":"Digitaal Vlaanderen Gebouwenregister","source_id":"gebouw/Gebouw.30642764/0","kind":"building","height_m":8.6,"status":null},"geometry":{"type":"Polygon","coordinates":[[[4.06359263,50.93331085],[4.06368995,50.93338551],[4.0635051,50.93348335],[4.06340652,50.93340772],[4.06359263,50.93331085]]]}},{"type":"Feature","id":"gebouw/Gebouw.30642766/0","properties":{"source":"Digitaal Vlaanderen Gebouwenregister","source_id":"gebouw/Gebouw.30642766/0","kind":"building","height_m":5.0,"status":null},"geometry":{"type":"Polygon","coordinates":[[[4.06848912,50.93401207],[4.06854138,50.93402291],[4.06852823,50.93404822],[4.06847597,50.93403738],[4.06848912,50.93401207]]]}},{"type":"Feature","id":"gebouw/Gebouw.30642767/0","properties":{"source":"Digitaal Vlaanderen Gebouwenregister","source_id":"gebouw/Gebouw.30642767/0","kind":"building","height_m":5.72,"status":null},"geometry":{"type":"Polygon","coordinates":[[[4.06769668,50.93404921],[4.06771462,50.93402978],[4.06778995,50.93405756],[4.06777202,50.93407698],[4.06769668,50.93404921]]]}},{"type":"Feature","id":"gebouw/Gebouw.30642768/0","properties":{"source":"Digitaal Vlaanderen Gebouwenregister","source_id":"gebouw/Gebouw.30642768/0","kind":"building","height_m":6.44,"status":null},"geometry":{"type":"Polygon","coordinates":[[[4.06875251,50.93468417],[4.06876542,50.934654],[4.06882076,50.93466346],[4.06880785,50.93469363],[4.06875251,50.93468417]]]}},{"type":"Feature","id":"gebouw/Gebouw.30643822/0","properties":{"source":"Digitaal Vlaanderen Gebouwenregister","source_id":"gebouw/Gebouw.30643822/0","kind":"building","height_m":9.32,"status":null},"geometry":{"type":"Polygon","coordinates":[[[4.06728877,50.93453835],[4.06736917,50.93455824],[4.06735249,50.93458516],[4.06727209,50.93456528],[4.06728877,50.93453835]]]}},{"type":"Feature","id":"gebouw/Gebouw.30644279/0","properties":{"source":"Digitaal Vlaanderen Gebouwenregister","source_id":"gebouw/Gebouw.30644279/0","kind":"building","height_m":5.72,"status":null},"geometry":{"type":"Polygon","coordinates":[[[4.06791856,50.93524947],[4.06795663,50.93518691],[4.06795304,50.93518606],[4.06793597,50.93518204],[4.06793794,50.93517845],[4.06794462,50.93516629],[4.0679447,50.93516614],[4.06794553,50.93516463],[4.06793047,50.93516134],[4.06794601,50.93513257],[4.06795344,50.93511888],[4.06798814,50.93505498],[4.06799332,50.93505611],[4.06800689,50.93503137],[4.06806485,50.93504406],[4.06801902,50.93513477],[4.06808671,50.93514843],[4.06813597,50.93505093],[4.06820346,50.93506455],[4.06811903,50.93521756],[4.06808068,50.93528787],[4.06791856,50.93524947]]]}},{"type":"Feature","id":"gebouw/Gebouw.30644286/0","properties":{"source":"Digitaal Vlaanderen Gebouwenregister","source_id":"gebouw/Gebouw.30644286/0","kind":"building","height_m":5.72,"status":null},"geometry":{"type":"Polygon","coordinates":[[[4.06927169,50.93006925],[4.06924094,50.93010511],[4.06921957,50.93013003],[4.06916233,50.93019679],[4.06913315,50.93018675],[4.06919087,50.93011974],[4.06921231,50.93009485],[4.06924295,50.93005928],[4.06927169,50.93006925]]]}},{"type":"Feature","id":"gebouw/Gebouw.30742916/0","properties":{"source":"Digitaal Vlaanderen Gebouwenregister","source_id":"gebouw/Gebouw.30742916/0","kind":"building","height_m":5.72,"status":null},"geometry":{"type":"Polygon","coordinates":[[[4.05902109,50.93334811],[4.05899983,50.93336722],[4.05895314,50.93334708],[4.05893856,50.93334076],[4.0589788,50.9333037],[4.05895301,50.93329251],[4.05899079,50.93326923],[4.05899745,50.93326513],[4.05902439,50.93328146],[4.05909316,50.93324075],[4.05914033,50.93327137],[4.059104,50.93329475],[4.05904529,50.93333253],[4.05902109,50.93334811]]]}},{"type":"Feature","id":"gebouw/Gebouw.30814519/0","properties":{"source":"Digitaal Vlaanderen Gebouwenregister","source_id":"gebouw/Gebouw.30814519/0","kind":"building","height_m":5.72,"status":null},"geometry":{"type":"Polygon","coordinates":[[[4.05974948,50.93192554],[4.05981976,50.9318833],[4.05985374,50.9319059],[4.05983312,50.93191828],[4.05991191,50.93197031],[4.05980966,50.93203238],[4.05976124,50.93200083],[4.05977135,50.93199463],[4.05972262,50.93196238],[4.05976583,50.93193631],[4.05974948,50.93192554]]]}},{"type":"Feature","id":"gebouw/Gebouw.30814521/0","properties":{"source":"Digitaal Vlaanderen Gebouwenregister","source_id":"gebouw/Gebouw.30814521/0","kind":"building","height_m":7.16,"status":null},"geometry":{"type":"Polygon","coordinates":[[[4.05932114,50.93211793],[4.05929135,50.93213596],[4.05928276,50.9321303],[4.0591781,50.93206135],[4.05924154,50.93202272],[4.05935494,50.93209732],[4.05934937,50.93210079],[4.05933453,50.93209105],[4.05930638,50.93210819],[4.05932114,50.93211793]]]}},{"type":"Feature","id":"gebouw/Gebouw.30814544/0","properties":{"source":"Digitaal Vlaanderen Gebouwenregister","source_id":"gebouw/Gebouw.30814544/0","kind":"building","height_m":8.6,"status":null},"geometry":{"type":"Polygon","coordinates":[[[4.05923326,50.93217115],[4.05922978,50.93217332],[4.05922116,50.93216764],[4.05911663,50.93209878],[4.0591781,50.93206135],[4.05928276,50.9321303],[4.05929135,50.93213596],[4.05929128,50.93213601],[4.05928729,50.93213842],[4.05927209,50.9321287],[4.05921827,50.93216132],[4.05923326,50.93217115]]]}},{"type":"Feature","id":"gebouw/Gebouw.30814545/0","properties":{"source":"Digitaal Vlaanderen Gebouwenregister","source_id":"gebouw/Gebouw.30814545/0","kind":"building","height_m":9.32,"status":null},"geometry":{"type":"Polygon","coordinates":[[[4.05919746,50.93219283],[4.05916101,50.93221502],[4.05915238,50.93220933],[4.059048,50.93214056],[4.05911663,50.93209878],[4.05922116,50.93216764],[4.05922978,50.93217332],[4.0592262,50.93217554],[4.05921104,50.9321656],[4.05918247,50.932183],[4.05919746,50.93219283]]]}},{"type":"Feature","id":"gebouw/Gebouw.30814546/0","properties":{"source":"Digitaal Vlaanderen Gebouwenregister","source_id":"gebouw/Gebouw.30814546/0","kind":"building","height_m":5.0,"status":null},"geometry":{"type":"Polygon","coordinates":[[[4.05910305,50.9322502],[4.05909719,50.93225358],[4.05898415,50.93217944],[4.059048,50.93214056],[4.05915238,50.93220933],[4.05916101,50.93221502],[4.0591606,50.93221527],[4.05915674,50.93221763],[4.05914156,50.93220767],[4.05908797,50.93224031],[4.05910305,50.9322502]]]}},{"type":"Feature","id":"gebouw/Gebouw.30814547/0","properties":{"source":"Digitaal Vlaanderen Gebouwenregister","source_id":"gebouw/Gebouw.30814547/0","kind":"building","height_m":5.72,"status":null},"geometry":{"type":"Polygon","coordinates":[[[4.0594256,50.93238998],[4.05936198,50.93242841],[4.05924949,50.93235405],[4.05925487,50.93235083],[4.05926952,50.93236064],[4.05932391,50.93232785],[4.05930914,50.93231807],[4.05931295,50.93231576],[4.05934484,50.93233677],[4.0594256,50.93238998]]]}},{"type":"Feature","id":"gebouw/Gebouw.30814548/0","properties":{"source":"Digitaal Vlaanderen Gebouwenregister","source_id":"gebouw/Gebouw.30814548/0","kind":"building","height_m":6.44,"status":null},"geometry":{"type":"Polygon","coordinates":[[[4.05949758,50.9323465],[4.0594256,50.93238998],[4.05934484,50.93233677],[4.05931295,50.93231576],[4.05931337,50.93231551],[4.05931523,50.93231438],[4.05933019,50.93232392],[4.059353,50.93231016],[4.05939616,50.93228413],[4.05938128,50.93227428],[4.05938478,50.93227218],[4.05941677,50.93229326],[4.05949758,50.9323465]]]}},{"type":"Feature","id":"gebouw/Gebouw.30814549/0","properties":{"source":"Digitaal Vlaanderen Gebouwenregister","source_id":"gebouw/Gebouw.30814549/0","kind":"building","height_m":7.16,"status":null},"geometry":{"type":"Polygon","coordinates":[[[4.05955928,50.93230923],[4.05949758,50.9323465],[4.05941677,50.93229326],[4.05938478,50.93227218],[4.05938851,50.93226996],[4.05940318,50.93227975],[4.05945781,50.93224681],[4.05944285,50.93223695],[4.05944636,50.93223483],[4.05947843,50.93225596],[4.05955928,50.93230923]]]}},{"type":"Feature","id":"gebouw/Gebouw.30814550/0","properties":{"source":"Digitaal Vlaanderen Gebouwenregister","source_id":"gebouw/Gebouw.30814550/0","kind":"building","height_m":7.88,"status":null},"geometry":{"type":"Polygon","coordinates":[[[4.05962816,50.9322676],[4.05955928,50.93230923],[4.05947843,50.93225596],[4.05944636,50.93223483],[4.05944643,50.93223479],[4.05945009,50.93223258],[4.05946496,50.93224243],[4.05949306,50.93222517],[4.05947817,50.93221555],[4.05951446,50.93219353],[4.05951512,50.93219314],[4.05954727,50.93221432],[4.05962816,50.9322676]]]}},{"type":"Feature","id":"gebouw/Gebouw.30814551/0","properties":{"source":"Digitaal Vlaanderen Gebouwenregister","source_id":"gebouw/Gebouw.30814551/0","kind":"building","height_m":8.6,"status":null},"geometry":{"type":"Polygon","coordinates":[[[4.05970016,50.93222413],[4.05962816,50.9322676],[4.05954727,50.93221432],[4.05951512,50.93219314],[4.05951936,50.93219056],[4.05953415,50.93220036],[4.059577,50.93217452],[4.05959987,50.93216073],[4.05958508,50.93215094],[4.05958715,50.93214968],[4.05961921,50.9321708],[4.05970016,50.93222413]]]}},{"type":"Feature","id":"gebouw/Gebouw.30814552/0","properties":{"source":"Digitaal Vlaanderen Gebouwenregister","source_id":"gebouw/Gebouw.30814552/0","kind":"building","height_m":9.32,"status":null},"geometry":{"type":"Polygon","coordinates":[[[4.05964866,50.93211227],[4.05976155,50.93218705],[4.05970016,50.93222413],[4.05961921,50.9321708],[4.05958715,50.93214968],[4.05958744,50.9321495],[4.05961684,50.93213158],[4.0596316,50.93214131],[4.05965817,50.93212527],[4.05964343,50.9321155],[4.05964866,50.93211227]]]}},{"type":"Feature","id":"gebouw/Gebouw.30834349/0","properties":{"source":"Digitaal Vlaanderen Gebouwenregister","source_id":"gebouw/Gebouw.30834349/0","kind":"building","height_m":5.0,"status":null},"geometry":{"type":"Polygon","coordinates":[[[4.06926714,50.93349572],[4.06914306,50.93360375],[4.06899284,50.93353568],[4.06908091,50.93345808],[4.06905787,50.93344764],[4.06909391,50.93341627],[4.06926714,50.93349572]]]}},{"type":"Feature","id":"gebouw/Gebouw.30909749/0","properties":{"source":"Digitaal Vlaanderen Gebouwenregister","source_id":"gebouw/Gebouw.30909749/0","kind":"building","height_m":7.16,"status":null},"geometry":{"type":"Polygon","coordinates":[[[4.0677901,50.93383354],[4.06783215,50.93384907],[4.06779218,50.93389228],[4.06775015,50.93387673],[4.0677901,50.93383354]]]}},{"type":"Feature","id":"gebouw/Gebouw.31144847/0","properties":{"source":"Digitaal Vlaanderen Gebouwenregister","source_id":"gebouw/Gebouw.31144847/0","kind":"building","height_m":9.32,"status":null},"geometry":{"type":"Polygon","coordinates":[[[4.06482313,50.92899699],[4.06480211,50.92897761],[4.06485289,50.92895545],[4.06487391,50.92897483],[4.06482313,50.92899699]]]}},{"type":"Feature","id":"gebouw/Gebouw.31144848/0","properties":{"source":"Digitaal Vlaanderen Gebouwenregister","source_id":"gebouw/Gebouw.31144848/0","kind":"building","height_m":5.0,"status":null},"geometry":{"type":"Polygon","coordinates":[[[4.06321596,50.93321465],[4.06313808,50.93313368],[4.06301882,50.9331782],[4.06308764,50.93325691],[4.06321596,50.93321465]]]}},{"type":"Feature","id":"gebouw/Gebouw.31144849/0","properties":{"source":"Digitaal Vlaanderen Gebouwenregister","source_id":"gebouw/Gebouw.31144849/0","kind":"building","height_m":5.72,"status":null},"geometry":{"type":"Polygon","coordinates":[[[4.06321596,50.93321465],[4.06313808,50.93313368],[4.0632909,50.93307498],[4.06336878,50.93315595],[4.06321596,50.93321465]]]}},{"type":"Feature","id":"gebouw/Gebouw.31144850/0","properties":{"source":"Digitaal Vlaanderen Gebouwenregister","source_id":"gebouw/Gebouw.31144850/0","kind":"building","height_m":6.44,"status":null},"geometry":{"type":"Polygon","coordinates":[[[4.06331108,50.9335345],[4.06324912,50.93348744],[4.0633505,50.93343414],[4.063445,50.93350591],[4.06332029,50.93357148],[4.06328775,50.93354677],[4.06331108,50.9335345]]]}},{"type":"Feature","id":"gebouw/Gebouw.31144870/0","properties":{"source":"Digitaal Vlaanderen Gebouwenregister","source_id":"gebouw/Gebouw.31144870/0","kind":"building","height_m":5.72,"status":null},"geometry":{"type":"Polygon","coordinates":[[[4.06692582,50.93416863],[4.06695062,50.93414603],[4.06699798,50.93416677],[4.06697318,50.93418938],[4.06692582,50.93416863]]]}},{"type":"Feature","id":"gebouw/Gebouw.31144883/0","properties":{"source":"Digitaal Vlaanderen Gebouwenregister","source_id":"gebouw/Gebouw.31144883/0","kind":"building","height_m":5.0,"status":null},"geometry":{"type":"Polygon","coordinates":[[[4.06867223,50.93277621],[4.06872901,50.93279923],[4.06882341,50.93270627],[4.06876662,50.93268324],[4.06867223,50.93277621]]]}},{"type":"Feature","id":"gebouw/Gebouw.31148862/0","properties":{"source":"Digitaal Vlaanderen Gebouwenregister","source_id":"gebouw/Gebouw.31148862/0","kind":"building","height_m":7.16,"status":null},"geometry":{"type":"Polygon","coordinates":[[[4.06927169,50.93006925],[4.0692431,50.93010259],[4.06929543,50.93012059],[4.06929277,50.93012369],[4.0692714,50.93014861],[4.06922814,50.93019907],[4.06917581,50.93018107],[4.06914668,50.93017105],[4.06919087,50.93011974],[4.06921231,50.93009485],[4.06924295,50.93005928],[4.06927169,50.93006925]]]}},{"type":"Feature","id":"gebouw/Gebouw.31150483/0","properties":{"source":"Digitaal Vlaanderen Gebouwenregister","source_id":"gebouw/Gebouw.31150483/0","kind":"building","height_m":5.0,"status":null},"geometry":{"type":"Polygon","coordinates":[[[4.06854927,50.93279259],[4.06863221,50.9327182],[4.06858216,50.93269727],[4.06858609,50.93269361],[4.06850136,50.93265588],[4.06837967,50.93276502],[4.0684931,50.93281552],[4.06852701,50.93278279],[4.06854927,50.93279259]]]}},{"type":"Feature","id":"gebouw/Gebouw.31150485/0","properties":{"source":"Digitaal Vlaanderen Gebouwenregister","source_id":"gebouw/Gebouw.31150485/0","kind":"building","height_m":6.44,"status":null},"geometry":{"type":"Polygon","coordinates":[[[4.06858609,50.93269361],[4.06858216,50.93269727],[4.06863221,50.9327182],[4.06865403,50.93272733],[4.06871402,50.93267027],[4.06864322,50.93264047],[4.06858609,50.93269361]]]}},{"type":"Feature","id":"gebouw/Gebouw.31150576/0","properties":{"source":"Digitaal Vlaanderen Gebouwenregister","source_id":"gebouw/Gebouw.31150576/0","kind":"building","height_m":6.44,"status":null},"geometry":{"type":"Polygon","coordinates":[[[4.05970988,50.93295502],[4.05966356,50.93298106],[4.05962133,50.93295089],[4.05966503,50.93292643],[4.0597022,50.93295012],[4.05970988,50.93295502]]]}},{"type":"Feature","id":"gebouw/Gebouw.31524630/0","properties":{"source":"Digitaal Vlaanderen Gebouwenregister","source_id":"gebouw/Gebouw.31524630/0","kind":"building","height_m":7.88,"status":null},"geometry":{"type":"Polygon","coordinates":[[[4.06055891,50.93007445],[4.06053008,50.93006741],[4.06052141,50.93008158],[4.06055023,50.93008862],[4.06055891,50.93007445]]]}},{"type":"Feature","id":"gebouw/Gebouw.31678345/0","properties":{"source":"Digitaal Vlaanderen Gebouwenregister","source_id":"gebouw/Gebouw.31678345/0","kind":"building","height_m":9.32,"status":null},"geometry":{"type":"Polygon","coordinates":[[[4.06207588,50.92890713],[4.06220445,50.92883233],[4.06214669,50.92879384],[4.06219038,50.92876766],[4.06215062,50.92873982],[4.06214785,50.92874148],[4.0621187,50.92872295],[4.06210435,50.92873098],[4.06209707,50.92872633],[4.06194503,50.92881644],[4.06207588,50.92890713]]]}},{"type":"Feature","id":"gebouw/Gebouw.31710952/0","properties":{"source":"Digitaal Vlaanderen Gebouwenregister","source_id":"gebouw/Gebouw.31710952/0","kind":"building","height_m":5.0,"status":null},"geometry":{"type":"Polygon","coordinates":[[[4.06228166,50.93343526],[4.06225208,50.93341586],[4.06218763,50.93345471],[4.06221717,50.93347414],[4.06228166,50.93343526]]]}},{"type":"Feature","id":"gebouw/Gebouw.31710979/0","properties":{"source":"Digitaal Vlaanderen Gebouwenregister","source_id":"gebouw/Gebouw.31710979/0","kind":"building","height_m":9.32,"status":null},"geometry":{"type":"Polygon","coordinates":[[[4.06284414,50.93517438],[4.0628164,50.93516084],[4.06276469,50.93520332],[4.06279247,50.93521683],[4.06284414,50.93517438]]]}},{"type":"Feature","id":"gebouw/Gebouw.31710992/0","properties":{"source":"Digitaal Vlaanderen Gebouwenregister","source_id":"gebouw/Gebouw.31710992/0","kind":"building","height_m":8.6,"status":null},"geometry":{"type":"Polygon","coordinates":[[[4.06125996,50.93389029],[4.06123575,50.93387436],[4.06117175,50.93391324],[4.06119599,50.93392915],[4.06125996,50.93389029]]]}},{"type":"Feature","id":"gebouw/Gebouw.31711045/0","properties":{"source":"Digitaal Vlaanderen Gebouwenregister","source_id":"gebouw/Gebouw.31711045/0","kind":"building","height_m":6.44,"status":null},"geometry":{"type":"Polygon","coordinates":[[[4.06225208,50.93341586],[4.06222947,50.93340103],[4.06216506,50.93343987],[4.06218393,50.93345228],[4.06218763,50.93345471],[4.06225208,50.93341586]]]}},{"type":"Feature","id":"gebouw/Gebouw.31711047/0","properties":{"source":"Digitaal Vlaanderen Gebouwenregister","source_id":"gebouw/Gebouw.31711047/0","kind":"building","height_m":7.88,"status":null},"geometry":{"type":"Polygon","coordinates":[[[4.06134981,50.93394936],[4.06134446,50.93394584],[4.06132181,50.93393095],[4.0612579,50.93396977],[4.06128594,50.93398816],[4.06134981,50.93394936]]]}},{"type":"Feature","id":"gebouw/Gebouw.31711055/0","properties":{"source":"Digitaal Vlaanderen Gebouwenregister","source_id":"gebouw/Gebouw.31711055/0","kind":"building","height_m":8.6,"status":null},"geometry":{"type":"Polygon","coordinates":[[[4.0629491,50.9352256],[4.06291877,50.9352108],[4.06286759,50.93525334],[4.06289729,50.93526777],[4.0629491,50.9352256]]]}},{"type":"Feature","id":"gebouw/Gebouw.31711071/0","properties":{"source":"Digitaal Vlaanderen Gebouwenregister","source_id":"gebouw/Gebouw.31711071/0","kind":"building","height_m":5.0,"status":null},"geometry":{"type":"Polygon","coordinates":[[[4.06138093,50.93396982],[4.06134981,50.93394936],[4.06128594,50.93398816],[4.06131709,50.9340086],[4.06138093,50.93396982]]]}},{"type":"Feature","id":"gebouw/Gebouw.31711073/0","properties":{"source":"Digitaal Vlaanderen Gebouwenregister","source_id":"gebouw/Gebouw.31711073/0","kind":"building","height_m":6.44,"status":null},"geometry":{"type":"Polygon","coordinates":[[[4.06251198,50.93358615],[4.06248561,50.93356884],[4.06242067,50.93360799],[4.06244701,50.93362531],[4.06251198,50.93358615]]]}},{"type":"Feature","id":"gebouw/Gebouw.31711081/0","properties":{"source":"Digitaal Vlaanderen Gebouwenregister","source_id":"gebouw/Gebouw.31711081/0","kind":"building","height_m":7.16,"status":null},"geometry":{"type":"Polygon","coordinates":[[[4.06231232,50.93345537],[4.06228166,50.93343526],[4.06221717,50.93347414],[4.06224779,50.93349428],[4.06231232,50.93345537]]]}},{"type":"Feature","id":"gebouw/Gebouw.31711919/0","properties":{"source":"Digitaal Vlaanderen Gebouwenregister","source_id":"gebouw/Gebouw.31711919/0","kind":"building","height_m":5.72,"status":null},"geometry":{"type":"Polygon","coordinates":[[[4.0628164,50.93516084],[4.06278235,50.93514423],[4.06273058,50.93518675],[4.06276469,50.93520332],[4.0628164,50.93516084]]]}},{"type":"Feature","id":"gebouw/Gebouw.31711942/0","properties":{"source":"Digitaal Vlaanderen Gebouwenregister","source_id":"gebouw/Gebouw.31711942/0","kind":"building","height_m":7.16,"status":null},"geometry":{"type":"Polygon","coordinates":[[[4.06248561,50.93356884],[4.06245772,50.93355053],[4.06239281,50.93358966],[4.06240289,50.9335963],[4.06242067,50.93360799],[4.06248561,50.93356884]]]}},{"type":"Feature","id":"gebouw/Gebouw.31711956/0","properties":{"source":"Digitaal Vlaanderen Gebouwenregister","source_id":"gebouw/Gebouw.31711956/0","kind":"building","height_m":7.16,"status":null},"geometry":{"type":"Polygon","coordinates":[[[4.06123575,50.93387436],[4.06121098,50.93385808],[4.06114695,50.93389697],[4.06117175,50.93391324],[4.06123575,50.93387436]]]}},{"type":"Feature","id":"gebouw/Gebouw.31711970/0","properties":{"source":"Digitaal Vlaanderen Gebouwenregister","source_id":"gebouw/Gebouw.31711970/0","kind":"building","height_m":7.16,"status":null},"geometry":{"type":"Polygon","coordinates":[[[4.06243429,50.93353515],[4.06241113,50.93351996],[4.06234627,50.93355906],[4.0623694,50.93357427],[4.06243429,50.93353515]]]}},{"type":"Feature","id":"gebouw/Gebouw.31711992/0","properties":{"source":"Digitaal Vlaanderen Gebouwenregister","source_id":"gebouw/Gebouw.31711992/0","kind":"building","height_m":7.88,"status":null},"geometry":{"type":"Polygon","coordinates":[[[4.06117251,50.93383279],[4.0611426,50.93381312],[4.0610686,50.93384557],[4.06110844,50.93387171],[4.06117251,50.93383279]]]}},{"type":"Feature","id":"gebouw/Gebouw.31711996/0","properties":{"source":"Digitaal Vlaanderen Gebouwenregister","source_id":"gebouw/Gebouw.31711996/0","kind":"building","height_m":5.72,"status":null},"geometry":{"type":"Polygon","coordinates":[[[4.06238094,50.93350038],[4.06237939,50.93349936],[4.06233839,50.93347247],[4.06227382,50.9335114],[4.06231631,50.93353935],[4.06238094,50.93350038]]]}},{"type":"Feature","id":"gebouw/Gebouw.31712015/0","properties":{"source":"Digitaal Vlaanderen Gebouwenregister","source_id":"gebouw/Gebouw.31712015/0","kind":"building","height_m":9.32,"status":null},"geometry":{"type":"Polygon","coordinates":[[[4.06132181,50.93393095],[4.06129093,50.93391065],[4.06122699,50.93394949],[4.0612579,50.93396977],[4.06132181,50.93393095]]]}},{"type":"Feature","id":"gebouw/Gebouw.31712017/0","properties":{"source":"Digitaal Vlaanderen Gebouwenregister","source_id":"gebouw/Gebouw.31712017/0","kind":"building","height_m":5.72,"status":null},"geometry":{"type":"Polygon","coordinates":[[[4.06233839,50.93347247],[4.06231232,50.93345537],[4.06224779,50.93349428],[4.06225636,50.93349992],[4.06227382,50.9335114],[4.06233839,50.93347247]]]}},{"type":"Feature","id":"gebouw/Gebouw.31712018/0","properties":{"source":"Digitaal Vlaanderen Gebouwenregister","source_id":"gebouw/Gebouw.31712018/0","kind":"building","height_m":6.44,"status":null},"geometry":{"type":"Polygon","coordinates":[[[4.06291877,50.9352108],[4.06288701,50.9351953],[4.06283579,50.93523788],[4.06286759,50.93525334],[4.06291877,50.9352108]]]}},{"type":"Feature","id":"gebouw/Gebouw.31712035/0","properties":{"source":"Digitaal Vlaanderen Gebouwenregister","source_id":"gebouw/Gebouw.31712035/0","kind":"building","height_m":8.6,"status":null},"geometry":{"type":"Polygon","coordinates":[[[4.06298405,50.93524265],[4.0629491,50.9352256],[4.06289729,50.93526777],[4.06293229,50.93528478],[4.06298405,50.93524265]]]}},{"type":"Feature","id":"gebouw/Gebouw.31712082/0","properties":{"source":"Digitaal Vlaanderen Gebouwenregister","source_id":"gebouw/Gebouw.31712082/0","kind":"building","height_m":7.16,"status":null},"geometry":{"type":"Polygon","coordinates":[[[4.06140903,50.9339883],[4.06140889,50.9339882],[4.0613975,50.93398071],[4.06138093,50.93396982],[4.06131709,50.9340086],[4.06134508,50.93402696],[4.06140903,50.9339883]]]}},{"type":"Feature","id":"gebouw/Gebouw.31712088/0","properties":{"source":"Digitaal Vlaanderen Gebouwenregister","source_id":"gebouw/Gebouw.31712088/0","kind":"building","height_m":6.44,"status":null},"geometry":{"type":"Polygon","coordinates":[[[4.06129093,50.93391065],[4.06125996,50.93389029],[4.06119599,50.93392915],[4.06122699,50.93394949],[4.06129093,50.93391065]]]}},{"type":"Feature","id":"gebouw/Gebouw.31712091/0","properties":{"source":"Digitaal Vlaanderen Gebouwenregister","source_id":"gebouw/Gebouw.31712091/0","kind":"building","height_m":8.6,"status":null},"geometry":{"type":"Polygon","coordinates":[[[4.06245772,50.93355053],[4.06243429,50.93353515],[4.0623694,50.93357427],[4.06239281,50.93358966],[4.06245772,50.93355053]]]}},{"type":"Feature","id":"gebouw/Gebouw.31712107/0","properties":{"source":"Digitaal Vlaanderen Gebouwenregister","source_id":"gebouw/Gebouw.31712107/0","kind":"building","height_m":5.0,"status":null},"geometry":{"type":"Polygon","coordinates":[[[4.06254175,50.93360568],[4.06251198,50.93358615],[4.06244701,50.93362531],[4.06247026,50.9336406],[4.06247675,50.93364487],[4.06254175,50.93360568]]]}},{"type":"Feature","id":"gebouw/Gebouw.31804915/0","properties":{"source":"Digitaal Vlaanderen Gebouwenregister","source_id":"gebouw/Gebouw.31804915/0","kind":"building","height_m":6.44,"status":null},"geometry":{"type":"Polygon","coordinates":[[[4.06778221,50.93004121],[4.06775391,50.9300689],[4.06780623,50.93009025],[4.06783453,50.93006255],[4.06778221,50.93004121]]]}},{"type":"Feature","id":"gebouw/Gebouw.31805329/0","properties":{"source":"Digitaal Vlaanderen Gebouwenregister","source_id":"gebouw/Gebouw.31805329/0","kind":"building","height_m":7.16,"status":null},"geometry":{"type":"Polygon","coordinates":[[[4.06041426,50.93064509],[4.06038292,50.93066291],[4.06043742,50.93070119],[4.06046876,50.93068338],[4.06041426,50.93064509]]]}},{"type":"Feature","id":"gebouw/Gebouw.31805903/0","properties":{"source":"Digitaal Vlaanderen Gebouwenregister","source_id":"gebouw/Gebouw.31805903/0","kind":"building","height_m":7.16,"status":null},"geometry":{"type":"Polygon","coordinates":[[[4.06816837,50.93369531],[4.06821916,50.93366277],[4.06818647,50.93364239],[4.06813567,50.93367493],[4.06816837,50.93369531]]]}},{"type":"Feature","id":"gebouw/Gebouw.31805968/0","properties":{"source":"Digitaal Vlaanderen Gebouwenregister","source_id":"gebouw/Gebouw.31805968/0","kind":"building","height_m":8.6,"status":null},"geometry":{"type":"Polygon","coordinates":[[[4.06177429,50.93466863],[4.06174063,50.9346949],[4.06179134,50.93472084],[4.061825,50.93469456],[4.06177429,50.93466863]]]}},{"type":"Feature","id":"gebouw/Gebouw.31806019/0","properties":{"source":"Digitaal Vlaanderen Gebouwenregister","source_id":"gebouw/Gebouw.31806019/0","kind":"building","height_m":5.0,"status":null},"geometry":{"type":"Polygon","coordinates":[[[4.06808011,50.93375392],[4.06813894,50.93371588],[4.06811876,50.93370342],[4.06805993,50.93374146],[4.06808011,50.93375392]]]}},{"type":"Feature","id":"gebouw/Gebouw.31806137/0","properties":{"source":"Digitaal Vlaanderen Gebouwenregister","source_id":"gebouw/Gebouw.31806137/0","kind":"building","height_m":9.32,"status":null},"geometry":{"type":"Polygon","coordinates":[[[4.06847021,50.93339698],[4.06841575,50.93337183],[4.06830789,50.93346506],[4.06836234,50.93349021],[4.06847021,50.93339698]]]}},{"type":"Feature","id":"gebouw/Gebouw.31806387/0","properties":{"source":"Digitaal Vlaanderen Gebouwenregister","source_id":"gebouw/Gebouw.31806387/0","kind":"building","height_m":7.88,"status":null},"geometry":{"type":"Polygon","coordinates":[[[4.06842253,50.93309885],[4.06834707,50.93316461],[4.06842463,50.93320074],[4.0683888,50.9332316],[4.06856568,50.9333136],[4.06862399,50.93326007],[4.06855065,50.93322762],[4.06860235,50.93318096],[4.06853767,50.93315235],[4.06851701,50.93316861],[4.0684651,50.93314433],[4.06848377,50.93312783],[4.06842253,50.93309885]]]}},{"type":"Feature","id":"gebouw/Gebouw.31806673/0","properties":{"source":"Digitaal Vlaanderen Gebouwenregister","source_id":"gebouw/Gebouw.31806673/0","kind":"building","height_m":7.16,"status":null},"geometry":{"type":"Polygon","coordinates":[[[4.06059267,50.93195077],[4.06051482,50.93189872],[4.06049336,50.93191178],[4.06043608,50.93194663],[4.06036697,50.93198868],[4.06037811,50.9319959],[4.06044476,50.93203997],[4.06045441,50.93203416],[4.0604599,50.93203084],[4.06059267,50.93195077]]]}},{"type":"Feature","id":"gebouw/Gebouw.32035725/0","properties":{"source":"Digitaal Vlaanderen Gebouwenregister","source_id":"gebouw/Gebouw.32035725/0","kind":"building","height_m":5.72,"status":null},"geometry":{"type":"Polygon","coordinates":[[[4.06888364,50.93373693],[4.06892306,50.93375994],[4.06893578,50.93375124],[4.06895384,50.93376179],[4.0689948,50.93373377],[4.06893733,50.93370022],[4.06888364,50.93373693]]]}},{"type":"Feature","id":"gebouw/Gebouw.32035770/0","properties":{"source":"Digitaal Vlaanderen Gebouwenregister","source_id":"gebouw/Gebouw.32035770/0","kind":"building","height_m":7.88,"status":null},"geometry":{"type":"Polygon","coordinates":[[[4.0695941,50.92869024],[4.06951971,50.92866534],[4.06942673,50.9287864],[4.06949888,50.92881241],[4.0695941,50.92869024]]]}},{"type":"Feature","id":"gebouw/Gebouw.32035813/0","properties":{"source":"Digitaal Vlaanderen Gebouwenregister","source_id":"gebouw/Gebouw.32035813/0","kind":"building","height_m":8.6,"status":null},"geometry":{"type":"Polygon","coordinates":[[[4.05980404,50.93228635],[4.05984405,50.93231386],[4.05987358,50.93229672],[4.05983356,50.9322692],[4.05980404,50.93228635]]]}},{"type":"Feature","id":"gebouw/Gebouw.32035845/0","properties":{"source":"Digitaal Vlaanderen Gebouwenregister","source_id":"gebouw/Gebouw.32035845/0","kind":"building","height_m":6.44,"status":null},"geometry":{"type":"Polygon","coordinates":[[[4.05946823,50.93246878],[4.05949805,50.9324913],[4.05953961,50.93246932],[4.05950979,50.9324468],[4.05946823,50.93246878]]]}},{"type":"Feature","id":"gebouw/Gebouw.32035911/0","properties":{"source":"Digitaal Vlaanderen Gebouwenregister","source_id":"gebouw/Gebouw.32035911/0","kind":"building","height_m":8.6,"status":null},"geometry":{"type":"Polygon","coordinates":[[[4.06293735,50.93321954],[4.0629994,50.93328996],[4.06307701,50.93326265],[4.06301496,50.93319223],[4.06293735,50.93321954]]]}},{"type":"Feature","id":"gebouw/Gebouw.32035945/0","properties":{"source":"Digitaal Vlaanderen Gebouwenregister","source_id":"gebouw/Gebouw.32035945/0","kind":"building","height_m":7.88,"status":null},"geometry":{"type":"Polygon","coordinates":[[[4.06158466,50.93238005],[4.06155079,50.93235642],[4.06151729,50.93237394],[4.06155084,50.93239792],[4.06158466,50.93238005]]]}},{"type":"Feature","id":"gebouw/Gebouw.32035959/0","properties":{"source":"Digitaal Vlaanderen Gebouwenregister","source_id":"gebouw/Gebouw.32035959/0","kind":"building","height_m":7.88,"status":null},"geometry":{"type":"Polygon","coordinates":[[[4.06793989,50.92994121],[4.06797756,50.92995614],[4.06800293,50.92993058],[4.06796526,50.92991565],[4.06793989,50.92994121]]]}},{"type":"Feature","id":"gebouw/Gebouw.32036066/0","properties":{"source":"Digitaal Vlaanderen Gebouwenregister","source_id":"gebouw/Gebouw.32036066/0","kind":"building","height_m":9.32,"status":null},"geometry":{"type":"Polygon","coordinates":[[[4.05965761,50.93236908],[4.05968812,50.93238991],[4.05972936,50.9323658],[4.05969885,50.93234496],[4.05965761,50.93236908]]]}},{"type":"Feature","id":"way/132316255","properties":{"source":"OpenStreetMap","source_id":"way/132316255","kind":"water","name":null,"waterway":null,"landuse":null},"geometry":{"type":"Polygon","coordinates":[[[4.0594643,50.9349303],[4.0595179,50.9348813],[4.0595984,50.934834],[4.0596999,50.9348043],[4.059813,50.934839],[4.0598318,50.9348644],[4.0599364,50.9348678],[4.0600754,50.9348837],[4.060159,50.9349235],[4.0601992,50.9349726],[4.0601939,50.9350098],[4.0602636,50.9350351],[4.0603736,50.9350537],[4.0604379,50.9350909],[4.0606311,50.935101],[4.0607357,50.9351078],[4.0608452,50.9351086],[4.0608966,50.9350554],[4.0610093,50.9350182],[4.0610924,50.9350148],[4.06113,50.9350824],[4.0609985,50.935216],[4.0607705,50.9353157],[4.060674,50.9353258],[4.0604567,50.9353258],[4.0603038,50.9353005],[4.0600973,50.9352667],[4.0600191,50.9352252],[4.0598586,50.9351534],[4.0595957,50.9350402],[4.0595206,50.9350216],[4.0594536,50.9350013],[4.0594643,50.9349303]]]}},{"type":"Feature","id":"way/132316268","properties":{"source":"OpenStreetMap","source_id":"way/132316268","kind":"water","name":null,"waterway":null,"landuse":null},"geometry":{"type":"Polygon","coordinates":[[[4.0616017,50.9350478],[4.0616064,50.9350171],[4.0615847,50.9349993],[4.061532,50.93499],[4.061474,50.9349711],[4.0613736,50.9349618],[4.0612965,50.9349701],[4.0612285,50.9349879],[4.061192,50.9350199],[4.061195,50.9350484],[4.0613081,50.9350861],[4.0613886,50.9351088],[4.0614816,50.9351078],[4.0615568,50.9350835],[4.0616017,50.9350478]]]}},{"type":"Feature","id":"way/132316274","properties":{"source":"OpenStreetMap","source_id":"way/132316274","kind":"water","name":null,"waterway":null,"landuse":null},"geometry":{"type":"Polygon","coordinates":[[[4.059526,50.9346125],[4.0594428,50.9347647],[4.0593141,50.9349557],[4.0592363,50.9350419],[4.05918,50.9350267],[4.0592466,50.9349395],[4.0593785,50.9347528],[4.05948,50.9345862],[4.0595095,50.9345474],[4.0595202,50.9345676],[4.059526,50.9346125]]]}},{"type":"Feature","id":"way/132696743","properties":{"source":"OpenStreetMap","source_id":"way/132696743","kind":"vegetation","name":null,"waterway":null,"landuse":"forest"},"geometry":{"type":"Polygon","coordinates":[[[4.0628462,50.9318768],[4.0639372,50.931264],[4.0630321,50.9305366],[4.062542,50.9301806],[4.0628611,50.9300748],[4.0635647,50.9306077],[4.0644228,50.9302093],[4.0653478,50.9308552],[4.0673056,50.9322753],[4.0647662,50.9331737],[4.0628462,50.9318768]]]}},{"type":"Feature","id":"way/281612474","properties":{"source":"OpenStreetMap","source_id":"way/281612474","kind":"waterway","name":null,"waterway":"stream","landuse":null},"geometry":{"type":"LineString","coordinates":[[4.0670259,50.930671],[4.0662611,50.9303796]]}},{"type":"Feature","id":"way/281612475","properties":{"source":"OpenStreetMap","source_id":"way/281612475","kind":"waterway","name":null,"waterway":"stream","landuse":null},"geometry":{"type":"LineString","coordinates":[[4.0699344,50.9320951],[4.0697135,50.9320469],[4.0695854,50.9319954],[4.0694027,50.9318957],[4.0692609,50.9317977],[4.0691272,50.9316723],[4.0690045,50.9315949],[4.06883,50.9314763],[4.06877,50.9314213],[4.0684891,50.9312323],[4.0670657,50.9306909]]}},{"type":"Feature","id":"way/281612479","properties":{"source":"OpenStreetMap","source_id":"way/281612479","kind":"waterway","name":null,"waterway":"stream","landuse":null},"geometry":{"type":"LineString","coordinates":[[4.0669978,50.9302016],[4.0668021,50.9301171],[4.0664761,50.9299763]]}},{"type":"Feature","id":"way/281612480","properties":{"source":"OpenStreetMap","source_id":"way/281612480","kind":"waterway","name":null,"waterway":"stream","landuse":null},"geometry":{"type":"LineString","coordinates":[[4.0668021,50.9301171],[4.065424,50.9307927]]}},{"type":"Feature","id":"way/1413570491","properties":{"source":"OpenStreetMap","source_id":"way/1413570491","kind":"water","name":null,"waterway":null,"landuse":null},"geometry":{"type":"Polygon","coordinates":[[[4.0681397,50.9296783],[4.0680943,50.9296873],[4.0680665,50.9296744],[4.0680799,50.9296328],[4.0681304,50.9295724],[4.0681603,50.9295509],[4.0682252,50.9295678],[4.0682654,50.9295938],[4.0682613,50.9296198],[4.0681984,50.9296666],[4.0681397,50.9296783]]]}},{"type":"Feature","id":"way/1413570492","properties":{"source":"OpenStreetMap","source_id":"way/1413570492","kind":"water","name":null,"waterway":null,"landuse":null},"geometry":{"type":"Polygon","coordinates":[[[4.0648281,50.9314294],[4.0649344,50.9314643],[4.0650983,50.9314182],[4.0652025,50.9313135],[4.0652202,50.931273],[4.0652977,50.9312005],[4.0653043,50.9311558],[4.0652645,50.9311055],[4.0651737,50.9311055],[4.0651205,50.9311362],[4.065105,50.9311837],[4.0650917,50.9312409],[4.0649499,50.9312842],[4.064868,50.9313121],[4.0647971,50.9313708],[4.0648281,50.9314294]]]}},{"type":"Feature","id":"way/1413570493","properties":{"source":"OpenStreetMap","source_id":"way/1413570493","kind":"water","name":null,"waterway":null,"landuse":null},"geometry":{"type":"Polygon","coordinates":[[[4.0636165,50.9329315],[4.0636256,50.9329554],[4.0636618,50.9329725],[4.0637253,50.9329677],[4.0637751,50.932982],[4.0638023,50.932983],[4.0638356,50.932962],[4.0638462,50.932923],[4.0638326,50.9328858],[4.0638129,50.9328773],[4.0637223,50.9328592],[4.0636845,50.9328716],[4.0636165,50.9329315]]]}},{"type":"Feature","id":"way/1526070807","properties":{"source":"OpenStreetMap","source_id":"way/1526070807","kind":"water","name":null,"waterway":null,"landuse":null},"geometry":{"type":"Polygon","coordinates":[[[4.0640648,50.9288798],[4.064083,50.9288886],[4.0641086,50.9288935],[4.0642067,50.9288812],[4.0642215,50.9288726],[4.0642294,50.9288607],[4.0642333,50.9288478],[4.0642304,50.9288361],[4.0642234,50.9288283],[4.0642092,50.9288227],[4.0641854,50.9288199],[4.0641565,50.9288208],[4.0641399,50.9288227],[4.0641252,50.9288261],[4.0641053,50.9288347],[4.0640752,50.928852],[4.0640638,50.9288619],[4.0640605,50.9288726],[4.0640648,50.9288798]]]}}]}