{"type":"FeatureCollection","features":[{"type":"Feature","id":"gebouw/Gebouw.16988964/0","properties":{"source":"Digitaal Vlaanderen Gebouwenregister","source_id":"gebouw/Gebouw.16988964/0","kind":"building","height_m":9.32,"status":null},"geometry":{"type":"Polygon","coordinates":[[[4.07877543,50.96351753],[4.07869985,50.96346834],[4.07867252,50.96348509],[4.07864421,50.96346667],[4.0785394,50.96353088],[4.07864328,50.9635985],[4.07877543,50.96351753]]]}},{"type":"Feature","id":"gebouw/Gebouw.16999647/0","properties":{"source":"Digitaal Vlaanderen Gebouwenregister","source_id":"gebouw/Gebouw.16999647/0","kind":"building","height_m":5.0,"status":null},"geometry":{"type":"Polygon","coordinates":[[[4.08004493,50.96562813],[4.0799955,50.96565713],[4.08004734,50.96569234],[4.08009678,50.96566331],[4.08004493,50.96562813]]]}},{"type":"Feature","id":"gebouw/Gebouw.16999921/0","properties":{"source":"Digitaal Vlaanderen Gebouwenregister","source_id":"gebouw/Gebouw.16999921/0","kind":"building","height_m":5.72,"status":null},"geometry":{"type":"Polygon","coordinates":[[[4.07182974,50.96278032],[4.07189357,50.96275022],[4.07204586,50.96287921],[4.07198493,50.96290788],[4.07196048,50.96288778],[4.07193069,50.96286329],[4.07189004,50.96282988],[4.07182974,50.96278032]]]}},{"type":"Feature","id":"gebouw/Gebouw.17008113/0","properties":{"source":"Digitaal Vlaanderen Gebouwenregister","source_id":"gebouw/Gebouw.17008113/0","kind":"building","height_m":7.16,"status":null},"geometry":{"type":"Polygon","coordinates":[[[4.07718921,50.96325271],[4.07710994,50.96328378],[4.07707878,50.96326078],[4.07711827,50.96324089],[4.0771206,50.96324181],[4.07717802,50.96319902],[4.0771381,50.96317766],[4.07721683,50.96311564],[4.07730565,50.96315943],[4.07722663,50.96322274],[4.07718921,50.96325271]]]}},{"type":"Feature","id":"gebouw/Gebouw.17015560/0","properties":{"source":"Digitaal Vlaanderen Gebouwenregister","source_id":"gebouw/Gebouw.17015560/0","kind":"building","height_m":6.44,"status":null},"geometry":{"type":"Polygon","coordinates":[[[4.07189738,50.96284372],[4.07192348,50.96286619],[4.07193069,50.96286329],[4.07196048,50.96288778],[4.07191347,50.96290992],[4.07185627,50.96286309],[4.07189738,50.96284372]]]}},{"type":"Feature","id":"gebouw/Gebouw.17015808/0","properties":{"source":"Digitaal Vlaanderen Gebouwenregister","source_id":"gebouw/Gebouw.17015808/0","kind":"building","height_m":8.6,"status":null},"geometry":{"type":"Polygon","coordinates":[[[4.0702066,50.96881486],[4.07031655,50.96879513],[4.07032131,50.96880551],[4.07032253,50.96880524],[4.07036897,50.9689164],[4.07032321,50.96892503],[4.07031284,50.96893488],[4.07026502,50.96894326],[4.0702066,50.96881486]]]}},{"type":"Feature","id":"gebouw/Gebouw.17025987/0","properties":{"source":"Digitaal Vlaanderen Gebouwenregister","source_id":"gebouw/Gebouw.17025987/0","kind":"building","height_m":9.32,"status":null},"geometry":{"type":"Polygon","coordinates":[[[4.0717894,50.96853666],[4.07188273,50.96851993],[4.07193446,50.96863738],[4.07191999,50.96865119],[4.07193632,50.96868788],[4.0719039,50.96869363],[4.07192028,50.96873044],[4.0718805,50.9687375],[4.071835,50.9686372],[4.0717894,50.96853666]]]}},{"type":"Feature","id":"gebouw/Gebouw.17026168/0","properties":{"source":"Digitaal Vlaanderen Gebouwenregister","source_id":"gebouw/Gebouw.17026168/0","kind":"building","height_m":8.6,"status":null},"geometry":{"type":"Polygon","coordinates":[[[4.07414952,50.96230539],[4.07408008,50.96224044],[4.07404198,50.96225634],[4.07399213,50.96220872],[4.07393518,50.9621543],[4.07392975,50.96215656],[4.07387538,50.96217925],[4.07401948,50.96231403],[4.07402635,50.96232046],[4.07406781,50.96230315],[4.07409436,50.96232853],[4.07414952,50.96230539]]]}},{"type":"Feature","id":"gebouw/Gebouw.17026255/0","properties":{"source":"Digitaal Vlaanderen Gebouwenregister","source_id":"gebouw/Gebouw.17026255/0","kind":"building","height_m":5.72,"status":null},"geometry":{"type":"Polygon","coordinates":[[[4.07945624,50.96400339],[4.07938448,50.9639705],[4.0794114,50.96394738],[4.07938727,50.96393645],[4.07938162,50.96394156],[4.07934242,50.96392344],[4.07933577,50.96392911],[4.07933275,50.96392773],[4.07943438,50.9638391],[4.0795019,50.96386997],[4.07951014,50.9638628],[4.07958067,50.96389512],[4.07945624,50.96400339]]]}},{"type":"Feature","id":"gebouw/Gebouw.17026531/0","properties":{"source":"Digitaal Vlaanderen Gebouwenregister","source_id":"gebouw/Gebouw.17026531/0","kind":"building","height_m":7.88,"status":null},"geometry":{"type":"Polygon","coordinates":[[[4.07293289,50.9627851],[4.0728753,50.96280829],[4.07281603,50.96276031],[4.07282395,50.96275642],[4.07276578,50.96270908],[4.07275767,50.96271306],[4.07269245,50.96266026],[4.0727528,50.96263044],[4.07282584,50.96268942],[4.07288232,50.96273502],[4.07293289,50.9627851]]]}},{"type":"Feature","id":"gebouw/Gebouw.17038553/0","properties":{"source":"Digitaal Vlaanderen Gebouwenregister","source_id":"gebouw/Gebouw.17038553/0","kind":"building","height_m":5.0,"status":null},"geometry":{"type":"Polygon","coordinates":[[[4.0796067,50.96457214],[4.07964415,50.96454293],[4.07969017,50.96456627],[4.07965469,50.96459392],[4.07959393,50.96464128],[4.07954791,50.964618],[4.0796067,50.96457214]]]}},{"type":"Feature","id":"gebouw/Gebouw.17039026/0","properties":{"source":"Digitaal Vlaanderen Gebouwenregister","source_id":"gebouw/Gebouw.17039026/0","kind":"building","height_m":7.88,"status":null},"geometry":{"type":"Polygon","coordinates":[[[4.07402715,50.96246435],[4.0738371,50.96254921],[4.07374615,50.96246797],[4.07393619,50.96238311],[4.07402715,50.96246435]]]}},{"type":"Feature","id":"gebouw/Gebouw.17039063/0","properties":{"source":"Digitaal Vlaanderen Gebouwenregister","source_id":"gebouw/Gebouw.17039063/0","kind":"building","height_m":9.32,"status":null},"geometry":{"type":"Polygon","coordinates":[[[4.07834271,50.9638122],[4.07833991,50.9638144],[4.07820612,50.96374663],[4.07828652,50.96368334],[4.07837104,50.96372616],[4.07838433,50.96371558],[4.07843376,50.96374069],[4.07841168,50.96375803],[4.07836763,50.96379263],[4.07834271,50.9638122]]]}},{"type":"Feature","id":"gebouw/Gebouw.17039227/0","properties":{"source":"Digitaal Vlaanderen Gebouwenregister","source_id":"gebouw/Gebouw.17039227/0","kind":"building","height_m":6.44,"status":null},"geometry":{"type":"Polygon","coordinates":[[[4.07854749,50.96642959],[4.07859789,50.96646297],[4.07856224,50.96648439],[4.07851187,50.96645095],[4.07854749,50.96642959]]]}},{"type":"Feature","id":"gebouw/Gebouw.17040377/0","properties":{"source":"Digitaal Vlaanderen Gebouwenregister","source_id":"gebouw/Gebouw.17040377/0","kind":"building","height_m":7.88,"status":null},"geometry":{"type":"Polygon","coordinates":[[[4.07030561,50.96330443],[4.07032487,50.96331421],[4.07027832,50.9633508],[4.07026909,50.96334608],[4.07024705,50.9633348],[4.07029349,50.96329829],[4.07030561,50.96330443]]]}},{"type":"Feature","id":"gebouw/Gebouw.17041026/0","properties":{"source":"Digitaal Vlaanderen Gebouwenregister","source_id":"gebouw/Gebouw.17041026/0","kind":"building","height_m":6.44,"status":null},"geometry":{"type":"Polygon","coordinates":[[[4.07957555,50.96336387],[4.07964156,50.9634084],[4.07953212,50.96347288],[4.07946611,50.96342835],[4.07957555,50.96336387]]]}},{"type":"Feature","id":"gebouw/Gebouw.17044586/0","properties":{"source":"Digitaal Vlaanderen Gebouwenregister","source_id":"gebouw/Gebouw.17044586/0","kind":"building","height_m":9.32,"status":null},"geometry":{"type":"Polygon","coordinates":[[[4.06963727,50.96293246],[4.06962898,50.9630062],[4.06957146,50.96300362],[4.06957975,50.96292988],[4.06963727,50.96293246]]]}},{"type":"Feature","id":"gebouw/Gebouw.17044589/0","properties":{"source":"Digitaal Vlaanderen Gebouwenregister","source_id":"gebouw/Gebouw.17044589/0","kind":"building","height_m":6.44,"status":null},"geometry":{"type":"Polygon","coordinates":[[[4.07438582,50.96229784],[4.07434149,50.96231585],[4.07428085,50.96225928],[4.07432396,50.96224085],[4.07438582,50.96229784]]]}},{"type":"Feature","id":"gebouw/Gebouw.17053352/0","properties":{"source":"Digitaal Vlaanderen Gebouwenregister","source_id":"gebouw/Gebouw.17053352/0","kind":"building","height_m":5.72,"status":null},"geometry":{"type":"Polygon","coordinates":[[[4.07820074,50.96574119],[4.07822658,50.96572173],[4.07822233,50.96571949],[4.07832311,50.96564939],[4.07833614,50.96565686],[4.07838871,50.96562029],[4.07846965,50.9656654],[4.07827699,50.96580323],[4.07823379,50.9657802],[4.0781988,50.96582015],[4.07813201,50.96579569],[4.0780977,50.96578311],[4.07808593,50.9657788],[4.07814069,50.96571919],[4.07820074,50.96574119]]]}},{"type":"Feature","id":"gebouw/Gebouw.17053607/0","properties":{"source":"Digitaal Vlaanderen Gebouwenregister","source_id":"gebouw/Gebouw.17053607/0","kind":"building","height_m":7.88,"status":null},"geometry":{"type":"Polygon","coordinates":[[[4.07863162,50.96402663],[4.07862108,50.96403601],[4.07862472,50.96403764],[4.0785236,50.96412767],[4.07845729,50.96409797],[4.07842819,50.96412388],[4.07837106,50.96409829],[4.07837576,50.96409411],[4.07830562,50.96406269],[4.0783305,50.96404054],[4.07831968,50.96403569],[4.078374,50.96398734],[4.07841301,50.9639526],[4.07841728,50.96395451],[4.07854332,50.9638423],[4.07871759,50.96392036],[4.07871594,50.96392183],[4.07869294,50.9639423],[4.07865938,50.96397218],[4.07863051,50.96399788],[4.07865273,50.96400783],[4.07863162,50.96402663]]]}},{"type":"Feature","id":"gebouw/Gebouw.17053733/0","properties":{"source":"Digitaal Vlaanderen Gebouwenregister","source_id":"gebouw/Gebouw.17053733/0","kind":"building","height_m":7.88,"status":null},"geometry":{"type":"Polygon","coordinates":[[[4.07118663,50.96271556],[4.0711462,50.96275765],[4.07113785,50.96275436],[4.07111269,50.96278294],[4.07109842,50.96277767],[4.07101238,50.96274587],[4.07105341,50.96270159],[4.07101496,50.96268749],[4.07094149,50.96266054],[4.07096548,50.96263445],[4.07118663,50.96271556]]]}},{"type":"Feature","id":"gebouw/Gebouw.17053769/0","properties":{"source":"Digitaal Vlaanderen Gebouwenregister","source_id":"gebouw/Gebouw.17053769/0","kind":"building","height_m":8.6,"status":null},"geometry":{"type":"Polygon","coordinates":[[[4.07689559,50.96281852],[4.0769477,50.96276461],[4.07694207,50.96276244],[4.07695494,50.9627511],[4.07694314,50.96274448],[4.07701066,50.96269649],[4.07712667,50.96263132],[4.07704231,50.96258255],[4.07701619,50.96260057],[4.07701168,50.96259796],[4.07683362,50.9627208],[4.07677432,50.96269853],[4.07671758,50.96275723],[4.07689043,50.96282387],[4.07689559,50.96281852]]]}},{"type":"Feature","id":"gebouw/Gebouw.17053982/0","properties":{"source":"Digitaal Vlaanderen Gebouwenregister","source_id":"gebouw/Gebouw.17053982/0","kind":"building","height_m":5.72,"status":null},"geometry":{"type":"Polygon","coordinates":[[[4.07488119,50.96265144],[4.07471115,50.96271815],[4.07468857,50.96269562],[4.07485864,50.96262854],[4.07488119,50.96265144]]]}},{"type":"Feature","id":"gebouw/Gebouw.17062151/0","properties":{"source":"Digitaal Vlaanderen Gebouwenregister","source_id":"gebouw/Gebouw.17062151/0","kind":"building","height_m":5.72,"status":null},"geometry":{"type":"Polygon","coordinates":[[[4.07744927,50.96254779],[4.07738517,50.96250997],[4.0775211,50.96241812],[4.07758519,50.96245594],[4.07744927,50.96254779]]]}},{"type":"Feature","id":"gebouw/Gebouw.17062768/0","properties":{"source":"Digitaal Vlaanderen Gebouwenregister","source_id":"gebouw/Gebouw.17062768/0","kind":"building","height_m":6.44,"status":null},"geometry":{"type":"Polygon","coordinates":[[[4.07327219,50.96893951],[4.0732198,50.96895513],[4.07319579,50.96892303],[4.07324951,50.96890701],[4.07326099,50.96892236],[4.07326977,50.96891974],[4.07328025,50.96893374],[4.07327014,50.96893676],[4.07327219,50.96893951]]]}},{"type":"Feature","id":"gebouw/Gebouw.17069563/0","properties":{"source":"Digitaal Vlaanderen Gebouwenregister","source_id":"gebouw/Gebouw.17069563/0","kind":"building","height_m":5.0,"status":null},"geometry":{"type":"Polygon","coordinates":[[[4.07486647,50.96259638],[4.0748431,50.96257377],[4.07489605,50.96255191],[4.07491944,50.96257451],[4.07486647,50.96259638]]]}},{"type":"Feature","id":"gebouw/Gebouw.17073053/0","properties":{"source":"Digitaal Vlaanderen Gebouwenregister","source_id":"gebouw/Gebouw.17073053/0","kind":"building","height_m":7.88,"status":null},"geometry":{"type":"Polygon","coordinates":[[[4.07921928,50.96389145],[4.07921753,50.96389284],[4.07908745,50.96382746],[4.07918113,50.96375313],[4.07923865,50.96378203],[4.07931121,50.9638185],[4.07921928,50.96389145]]]}},{"type":"Feature","id":"gebouw/Gebouw.17073331/0","properties":{"source":"Digitaal Vlaanderen Gebouwenregister","source_id":"gebouw/Gebouw.17073331/0","kind":"building","height_m":6.44,"status":null},"geometry":{"type":"Polygon","coordinates":[[[4.06982731,50.96311615],[4.06986227,50.96305682],[4.06985157,50.9630529],[4.0699308,50.96294895],[4.07001845,50.96297559],[4.06996303,50.96304829],[4.06993536,50.9630846],[4.06986553,50.96324583],[4.06977672,50.96323011],[4.06982731,50.96311615]]]}},{"type":"Feature","id":"gebouw/Gebouw.17076403/0","properties":{"source":"Digitaal Vlaanderen Gebouwenregister","source_id":"gebouw/Gebouw.17076403/0","kind":"building","height_m":5.72,"status":null},"geometry":{"type":"Polygon","coordinates":[[[4.07710191,50.96320617],[4.07705784,50.96322102],[4.07702547,50.96320521],[4.07708627,50.96315601],[4.077073,50.96314947],[4.07715342,50.96308439],[4.07721683,50.96311564],[4.0771381,50.96317766],[4.07710191,50.96320617]]]}},{"type":"Feature","id":"gebouw/Gebouw.17076405/0","properties":{"source":"Digitaal Vlaanderen Gebouwenregister","source_id":"gebouw/Gebouw.17076405/0","kind":"building","height_m":7.16,"status":null},"geometry":{"type":"Polygon","coordinates":[[[4.07974695,50.96399028],[4.07975248,50.96398549],[4.07976023,50.96398905],[4.07977431,50.96398706],[4.07979047,50.9639944],[4.07978958,50.96400294],[4.07980239,50.96400886],[4.079686,50.96410932],[4.07962996,50.96408343],[4.07966339,50.96405442],[4.07958174,50.96401683],[4.0796591,50.96394983],[4.07974695,50.96399028]]]}},{"type":"Feature","id":"gebouw/Gebouw.17076652/0","properties":{"source":"Digitaal Vlaanderen Gebouwenregister","source_id":"gebouw/Gebouw.17076652/0","kind":"building","height_m":8.6,"status":null},"geometry":{"type":"Polygon","coordinates":[[[4.07971203,50.96445997],[4.07979521,50.96439463],[4.07971504,50.96435787],[4.07963376,50.96442191],[4.07965638,50.96443234],[4.07968566,50.96444585],[4.07959737,50.96451189],[4.07962628,50.96452731],[4.07971203,50.96445997]]]}},{"type":"Feature","id":"gebouw/Gebouw.17081929/0","properties":{"source":"Digitaal Vlaanderen Gebouwenregister","source_id":"gebouw/Gebouw.17081929/0","kind":"building","height_m":7.88,"status":null},"geometry":{"type":"Polygon","coordinates":[[[4.07830459,50.96389748],[4.07830982,50.9639003],[4.07826176,50.96393796],[4.07816424,50.96388578],[4.07815839,50.96389013],[4.07807799,50.96384712],[4.078098,50.96383221],[4.07808362,50.96382451],[4.07810611,50.96380776],[4.07807971,50.96379363],[4.07809337,50.96378346],[4.07811891,50.96379724],[4.07823092,50.96385771],[4.07825645,50.9638377],[4.07833188,50.96387609],[4.07830459,50.96389748]]]}},{"type":"Feature","id":"gebouw/Gebouw.17082004/0","properties":{"source":"Digitaal Vlaanderen Gebouwenregister","source_id":"gebouw/Gebouw.17082004/0","kind":"building","height_m":6.44,"status":null},"geometry":{"type":"Polygon","coordinates":[[[4.07837847,50.96646618],[4.07840191,50.96645222],[4.0785863,50.96657564],[4.07856381,50.96658903],[4.07837847,50.96646618]]]}},{"type":"Feature","id":"gebouw/Gebouw.17087274/0","properties":{"source":"Digitaal Vlaanderen Gebouwenregister","source_id":"gebouw/Gebouw.17087274/0","kind":"building","height_m":5.72,"status":null},"geometry":{"type":"Polygon","coordinates":[[[4.0793077,50.96360323],[4.07943797,50.9635327],[4.0794381,50.96353263],[4.07949235,50.96350261],[4.07953547,50.96347876],[4.07945889,50.96342504],[4.07923264,50.96355367],[4.07930336,50.96360558],[4.0793077,50.96360323]]]}},{"type":"Feature","id":"gebouw/Gebouw.17087450/0","properties":{"source":"Digitaal Vlaanderen Gebouwenregister","source_id":"gebouw/Gebouw.17087450/0","kind":"building","height_m":6.44,"status":null},"geometry":{"type":"Polygon","coordinates":[[[4.07913361,50.96419598],[4.07908918,50.96423428],[4.07904731,50.96427036],[4.07903111,50.96426238],[4.07907466,50.96422712],[4.07905369,50.96421679],[4.07909681,50.96417916],[4.07913361,50.96419598]]]}},{"type":"Feature","id":"gebouw/Gebouw.17088392/0","properties":{"source":"Digitaal Vlaanderen Gebouwenregister","source_id":"gebouw/Gebouw.17088392/0","kind":"building","height_m":9.32,"status":null},"geometry":{"type":"Polygon","coordinates":[[[4.07850607,50.96486571],[4.07855781,50.96489227],[4.07851351,50.9649267],[4.07846176,50.96490016],[4.07850607,50.96486571]]]}},{"type":"Feature","id":"gebouw/Gebouw.17097559/0","properties":{"source":"Digitaal Vlaanderen Gebouwenregister","source_id":"gebouw/Gebouw.17097559/0","kind":"building","height_m":7.16,"status":null},"geometry":{"type":"Polygon","coordinates":[[[4.07819168,50.96362131],[4.07813629,50.96359278],[4.07808137,50.96363531],[4.07813694,50.96366393],[4.07819168,50.96362131]]]}},{"type":"Feature","id":"gebouw/Gebouw.17099398/0","properties":{"source":"Digitaal Vlaanderen Gebouwenregister","source_id":"gebouw/Gebouw.17099398/0","kind":"building","height_m":5.72,"status":null},"geometry":{"type":"Polygon","coordinates":[[[4.07486633,50.96229812],[4.0748711,50.96230279],[4.0747249,50.96236229],[4.07471924,50.96235727],[4.07466428,50.96230849],[4.07458161,50.96223511],[4.07469435,50.96218519],[4.07472142,50.96220885],[4.07480615,50.96228293],[4.07483772,50.96227008],[4.07486633,50.96229812]]]}},{"type":"Feature","id":"gebouw/Gebouw.17099513/0","properties":{"source":"Digitaal Vlaanderen Gebouwenregister","source_id":"gebouw/Gebouw.17099513/0","kind":"building","height_m":7.88,"status":null},"geometry":{"type":"Polygon","coordinates":[[[4.07726551,50.96268215],[4.07714791,50.96261622],[4.07712667,50.96263132],[4.07701066,50.96269649],[4.07708937,50.96274064],[4.07696959,50.96282579],[4.07702378,50.96285619],[4.07710202,50.96280185],[4.0771022,50.96280172],[4.07727041,50.9626849],[4.07726551,50.96268215]]]}},{"type":"Feature","id":"gebouw/Gebouw.17099643/0","properties":{"source":"Digitaal Vlaanderen Gebouwenregister","source_id":"gebouw/Gebouw.17099643/0","kind":"building","height_m":5.72,"status":null},"geometry":{"type":"Polygon","coordinates":[[[4.07034219,50.96343213],[4.07040238,50.9634658],[4.0703405,50.9635099],[4.07027684,50.96347429],[4.07034219,50.96343213]]]}},{"type":"Feature","id":"gebouw/Gebouw.17099754/0","properties":{"source":"Digitaal Vlaanderen Gebouwenregister","source_id":"gebouw/Gebouw.17099754/0","kind":"building","height_m":5.0,"status":null},"geometry":{"type":"Polygon","coordinates":[[[4.07877543,50.96351753],[4.07864328,50.9635985],[4.07872653,50.96365268],[4.07883279,50.96358757],[4.07882699,50.96358379],[4.07885286,50.96356793],[4.07877543,50.96351753]]]}},{"type":"Feature","id":"gebouw/Gebouw.17099951/0","properties":{"source":"Digitaal Vlaanderen Gebouwenregister","source_id":"gebouw/Gebouw.17099951/0","kind":"building","height_m":5.72,"status":null},"geometry":{"type":"Polygon","coordinates":[[[4.07992113,50.96726968],[4.07984974,50.96721465],[4.08004939,50.96711132],[4.08012079,50.96716635],[4.07992113,50.96726968]]]}},{"type":"Feature","id":"gebouw/Gebouw.17100251/0","properties":{"source":"Digitaal Vlaanderen Gebouwenregister","source_id":"gebouw/Gebouw.17100251/0","kind":"building","height_m":5.0,"status":null},"geometry":{"type":"Polygon","coordinates":[[[4.07982876,50.96719693],[4.07975692,50.96714162],[4.07995549,50.96703875],[4.08002736,50.96709407],[4.07982876,50.96719693]]]}},{"type":"Feature","id":"gebouw/Gebouw.17101747/0","properties":{"source":"Digitaal Vlaanderen Gebouwenregister","source_id":"gebouw/Gebouw.17101747/0","kind":"building","height_m":8.6,"status":null},"geometry":{"type":"Polygon","coordinates":[[[4.07209417,50.96879447],[4.07207121,50.96876633],[4.07217438,50.96873278],[4.07221577,50.96878352],[4.07227816,50.96876349],[4.07230849,50.96880056],[4.07204433,50.96888674],[4.07201279,50.96884808],[4.07203933,50.96883945],[4.07202183,50.96881799],[4.07209417,50.96879447]]]}},{"type":"Feature","id":"gebouw/Gebouw.17101870/0","properties":{"source":"Digitaal Vlaanderen Gebouwenregister","source_id":"gebouw/Gebouw.17101870/0","kind":"building","height_m":6.44,"status":null},"geometry":{"type":"Polygon","coordinates":[[[4.07052686,50.96892862],[4.07048347,50.96893626],[4.07042513,50.96880415],[4.07056228,50.96878],[4.07063308,50.96894031],[4.07053947,50.96895718],[4.07052686,50.96892862]]]}},{"type":"Feature","id":"gebouw/Gebouw.17102013/0","properties":{"source":"Digitaal Vlaanderen Gebouwenregister","source_id":"gebouw/Gebouw.17102013/0","kind":"building","height_m":8.6,"status":null},"geometry":{"type":"Polygon","coordinates":[[[4.07259625,50.96233257],[4.07250578,50.9624069],[4.07245929,50.96238423],[4.07244623,50.9623943],[4.07239085,50.9623676],[4.07249343,50.96228405],[4.07259625,50.96233257]]]}},{"type":"Feature","id":"gebouw/Gebouw.17107282/0","properties":{"source":"Digitaal Vlaanderen Gebouwenregister","source_id":"gebouw/Gebouw.17107282/0","kind":"building","height_m":7.16,"status":null},"geometry":{"type":"Polygon","coordinates":[[[4.08014947,50.96477685],[4.08016983,50.96478708],[4.08010623,50.96483781],[4.08022264,50.9648962],[4.08010391,50.96499007],[4.07999181,50.96493352],[4.08003447,50.96489967],[4.08002195,50.96489338],[4.08009275,50.96483718],[4.08002236,50.96480182],[4.08009089,50.96474742],[4.08011079,50.96475742],[4.08014947,50.96477685]]]}},{"type":"Feature","id":"gebouw/Gebouw.17107473/0","properties":{"source":"Digitaal Vlaanderen Gebouwenregister","source_id":"gebouw/Gebouw.17107473/0","kind":"building","height_m":8.6,"status":null},"geometry":{"type":"Polygon","coordinates":[[[4.07373268,50.96242963],[4.07365041,50.96246545],[4.0736844,50.9624964],[4.07372112,50.96252984],[4.07365662,50.96255793],[4.07361991,50.96252431],[4.07362191,50.96252345],[4.07359262,50.96249922],[4.07360694,50.96249231],[4.07358485,50.96247404],[4.07353299,50.96243114],[4.07354119,50.96242624],[4.07353314,50.96242086],[4.0735458,50.96239566],[4.07350959,50.96236161],[4.07350267,50.96236411],[4.07347265,50.96233102],[4.07347931,50.96232861],[4.07347463,50.96232404],[4.07355883,50.96228738],[4.07364836,50.96236938],[4.07365571,50.96236618],[4.07366092,50.96236391],[4.07373268,50.96242963]]]}},{"type":"Feature","id":"gebouw/Gebouw.17107493/0","properties":{"source":"Digitaal Vlaanderen Gebouwenregister","source_id":"gebouw/Gebouw.17107493/0","kind":"building","height_m":7.88,"status":null},"geometry":{"type":"Polygon","coordinates":[[[4.07917136,50.96374611],[4.07914385,50.96373101],[4.07920055,50.96368984],[4.07922799,50.96370488],[4.07917136,50.96374611]]]}},{"type":"Feature","id":"gebouw/Gebouw.17107863/0","properties":{"source":"Digitaal Vlaanderen Gebouwenregister","source_id":"gebouw/Gebouw.17107863/0","kind":"building","height_m":7.16,"status":null},"geometry":{"type":"Polygon","coordinates":[[[4.07804027,50.96337585],[4.07811984,50.9633112],[4.07814292,50.96328958],[4.07807043,50.96325537],[4.07806364,50.96325207],[4.0780582,50.96324943],[4.0780517,50.96325388],[4.07803939,50.9632623],[4.07802093,50.96327743],[4.07801305,50.96327342],[4.07801112,50.96327243],[4.07800235,50.96326797],[4.07797893,50.96328782],[4.07797798,50.96328862],[4.07793529,50.9633248],[4.07795202,50.96333294],[4.07796092,50.96332552],[4.07804555,50.96336606],[4.07803615,50.96337386],[4.07804027,50.96337585]]]}},{"type":"Feature","id":"gebouw/Gebouw.17111400/0","properties":{"source":"Digitaal Vlaanderen Gebouwenregister","source_id":"gebouw/Gebouw.17111400/0","kind":"building","height_m":8.6,"status":null},"geometry":{"type":"Polygon","coordinates":[[[4.07116134,50.96317149],[4.07120224,50.96315352],[4.07132145,50.96326234],[4.07127615,50.96328127],[4.07116134,50.96317149]]]}},{"type":"Feature","id":"gebouw/Gebouw.17111659/0","properties":{"source":"Digitaal Vlaanderen Gebouwenregister","source_id":"gebouw/Gebouw.17111659/0","kind":"building","height_m":8.6,"status":null},"geometry":{"type":"Polygon","coordinates":[[[4.07880671,50.96289492],[4.07877572,50.96287209],[4.07880521,50.96285612],[4.07876359,50.96282692],[4.0787912,50.96281195],[4.07882949,50.96284014],[4.07883644,50.96283638],[4.07887331,50.96286354],[4.07884088,50.96288115],[4.07883712,50.96287851],[4.07880671,50.96289492]]]}},{"type":"Feature","id":"gebouw/Gebouw.17113248/0","properties":{"source":"Digitaal Vlaanderen Gebouwenregister","source_id":"gebouw/Gebouw.17113248/0","kind":"building","height_m":8.6,"status":null},"geometry":{"type":"Polygon","coordinates":[[[4.07900825,50.96772651],[4.07899194,50.96774081],[4.07898383,50.96774792],[4.07889794,50.96770886],[4.07891922,50.96769021],[4.07892237,50.96768745],[4.07900825,50.96772651]]]}},{"type":"Feature","id":"gebouw/Gebouw.17115183/0","properties":{"source":"Digitaal Vlaanderen Gebouwenregister","source_id":"gebouw/Gebouw.17115183/0","kind":"building","height_m":5.72,"status":null},"geometry":{"type":"Polygon","coordinates":[[[4.07766905,50.96318958],[4.07772702,50.96314535],[4.07778001,50.9631717],[4.07772249,50.96321675],[4.07766905,50.96318958]]]}},{"type":"Feature","id":"gebouw/Gebouw.17118992/0","properties":{"source":"Digitaal Vlaanderen Gebouwenregister","source_id":"gebouw/Gebouw.17118992/0","kind":"building","height_m":6.44,"status":null},"geometry":{"type":"Polygon","coordinates":[[[4.0778696,50.96276563],[4.07777175,50.96283053],[4.07767067,50.96277144],[4.07776789,50.9627056],[4.0778696,50.96276563]]]}},{"type":"Feature","id":"gebouw/Gebouw.17119191/0","properties":{"source":"Digitaal Vlaanderen Gebouwenregister","source_id":"gebouw/Gebouw.17119191/0","kind":"building","height_m":8.6,"status":null},"geometry":{"type":"Polygon","coordinates":[[[4.07273491,50.96250696],[4.07260777,50.96247872],[4.07267786,50.96235126],[4.07279779,50.96237755],[4.07274892,50.96246621],[4.0727563,50.96246802],[4.0727517,50.96247681],[4.07273491,50.96250696]]]}},{"type":"Feature","id":"gebouw/Gebouw.17122088/0","properties":{"source":"Digitaal Vlaanderen Gebouwenregister","source_id":"gebouw/Gebouw.17122088/0","kind":"building","height_m":7.88,"status":null},"geometry":{"type":"Polygon","coordinates":[[[4.07188114,50.96881495],[4.07188549,50.96882492],[4.07182949,50.96883466],[4.07182532,50.96882511],[4.07179646,50.96875899],[4.07187246,50.96874576],[4.07190114,50.96881147],[4.07188114,50.96881495]]]}},{"type":"Feature","id":"gebouw/Gebouw.17122812/0","properties":{"source":"Digitaal Vlaanderen Gebouwenregister","source_id":"gebouw/Gebouw.17122812/0","kind":"building","height_m":5.0,"status":null},"geometry":{"type":"Polygon","coordinates":[[[4.08021559,50.96558908],[4.08025445,50.96561626],[4.08024805,50.96561981],[4.08020717,50.96564247],[4.08018563,50.96562698],[4.08009622,50.96556519],[4.08013229,50.9655433],[4.08014184,50.9655375],[4.08021559,50.96558908]]]}},{"type":"Feature","id":"gebouw/Gebouw.17123632/0","properties":{"source":"Digitaal Vlaanderen Gebouwenregister","source_id":"gebouw/Gebouw.17123632/0","kind":"building","height_m":5.72,"status":null},"geometry":{"type":"Polygon","coordinates":[[[4.07912705,50.96425177],[4.07913859,50.96429075],[4.07908298,50.96433837],[4.07901017,50.96430238],[4.07903597,50.96428014],[4.07904731,50.96427036],[4.07908918,50.96423428],[4.07913361,50.96419598],[4.07915361,50.96417874],[4.07924357,50.9641012],[4.07934186,50.96414592],[4.07923995,50.96423336],[4.07918064,50.9642058],[4.07912705,50.96425177]]]}},{"type":"Feature","id":"gebouw/Gebouw.17123680/0","properties":{"source":"Digitaal Vlaanderen Gebouwenregister","source_id":"gebouw/Gebouw.17123680/0","kind":"building","height_m":5.0,"status":null},"geometry":{"type":"Polygon","coordinates":[[[4.07037183,50.96329048],[4.07040703,50.96330777],[4.07035642,50.96334641],[4.07037023,50.96335371],[4.07033616,50.96337917],[4.07038439,50.9634049],[4.07039441,50.96341025],[4.07040619,50.96340145],[4.0704411,50.96342007],[4.07046222,50.96340429],[4.07054839,50.96345027],[4.07068121,50.96335101],[4.07056273,50.96328778],[4.07057389,50.96327944],[4.07048974,50.96323453],[4.07048333,50.96323932],[4.07044635,50.96321958],[4.07035955,50.96328445],[4.07037183,50.96329048]]]}},{"type":"Feature","id":"gebouw/Gebouw.17124145/0","properties":{"source":"Digitaal Vlaanderen Gebouwenregister","source_id":"gebouw/Gebouw.17124145/0","kind":"building","height_m":7.16,"status":null},"geometry":{"type":"Polygon","coordinates":[[[4.0727033,50.96869096],[4.07260341,50.96872281],[4.07257522,50.96868779],[4.07259015,50.968683],[4.07255156,50.96863572],[4.07265887,50.9686008],[4.0727049,50.96865719],[4.07268202,50.96866454],[4.0727033,50.96869096]]]}},{"type":"Feature","id":"gebouw/Gebouw.17125997/0","properties":{"source":"Digitaal Vlaanderen Gebouwenregister","source_id":"gebouw/Gebouw.17125997/0","kind":"building","height_m":5.0,"status":null},"geometry":{"type":"Polygon","coordinates":[[[4.07937044,50.96450352],[4.07939137,50.96451317],[4.07927081,50.96461739],[4.07931931,50.96463976],[4.07931667,50.96464182],[4.07918252,50.9647593],[4.07906558,50.96470554],[4.07928198,50.96451793],[4.07955169,50.96428291],[4.07955259,50.96428332],[4.07962869,50.96431828],[4.07954848,50.96438257],[4.07954238,50.96437975],[4.07947763,50.96443573],[4.07945888,50.96442707],[4.07937044,50.96450352]]]}},{"type":"Feature","id":"gebouw/Gebouw.17126047/0","properties":{"source":"Digitaal Vlaanderen Gebouwenregister","source_id":"gebouw/Gebouw.17126047/0","kind":"building","height_m":5.72,"status":null},"geometry":{"type":"Polygon","coordinates":[[[4.07470901,50.96825905],[4.07476168,50.96823407],[4.07476467,50.96823265],[4.07477612,50.96822722],[4.0747586,50.96821157],[4.07480252,50.96819196],[4.07479877,50.9681889],[4.07484492,50.96816638],[4.07485356,50.96817344],[4.07489559,50.96815293],[4.0747556,50.96803852],[4.07467054,50.96808001],[4.0746672,50.96807774],[4.07466382,50.96807932],[4.07464506,50.96806307],[4.07461826,50.96807491],[4.07459388,50.96805332],[4.0745275,50.96808355],[4.07456699,50.96812006],[4.07453467,50.96813803],[4.07456253,50.96816188],[4.07464892,50.96823585],[4.07465672,50.96823256],[4.07466486,50.96823936],[4.07466954,50.96823726],[4.07470901,50.96825905]]]}},{"type":"Feature","id":"gebouw/Gebouw.17128244/0","properties":{"source":"Digitaal Vlaanderen Gebouwenregister","source_id":"gebouw/Gebouw.17128244/0","kind":"building","height_m":5.0,"status":null},"geometry":{"type":"Polygon","coordinates":[[[4.0709837,50.96324703],[4.07103811,50.96322384],[4.07110078,50.96328251],[4.07104677,50.96330552],[4.0709837,50.96324703]]]}},{"type":"Feature","id":"gebouw/Gebouw.17129126/0","properties":{"source":"Digitaal Vlaanderen Gebouwenregister","source_id":"gebouw/Gebouw.17129126/0","kind":"building","height_m":5.0,"status":null},"geometry":{"type":"Polygon","coordinates":[[[4.07725942,50.96361648],[4.07727639,50.963605],[4.0774108,50.96351397],[4.07729997,50.96345003],[4.07737303,50.96342593],[4.07740828,50.96339578],[4.07745056,50.96341745],[4.07759828,50.96330254],[4.07751926,50.96326408],[4.07737287,50.96337877],[4.07735285,50.9633899],[4.07704297,50.96356204],[4.07702818,50.96357025],[4.07699828,50.96358687],[4.07716267,50.963682],[4.07725942,50.96361648]]]}},{"type":"Feature","id":"gebouw/Gebouw.17129312/0","properties":{"source":"Digitaal Vlaanderen Gebouwenregister","source_id":"gebouw/Gebouw.17129312/0","kind":"building","height_m":7.88,"status":null},"geometry":{"type":"Polygon","coordinates":[[[4.07986382,50.96572088],[4.07988674,50.965708],[4.07995384,50.96575334],[4.07996786,50.96574525],[4.07998344,50.96575602],[4.07994573,50.96577772],[4.07986382,50.96572088]]]}},{"type":"Feature","id":"gebouw/Gebouw.17129400/0","properties":{"source":"Digitaal Vlaanderen Gebouwenregister","source_id":"gebouw/Gebouw.17129400/0","kind":"building","height_m":5.72,"status":null},"geometry":{"type":"Polygon","coordinates":[[[4.07300694,50.96888601],[4.07304599,50.96893417],[4.07306863,50.96892685],[4.07310075,50.96896648],[4.07286303,50.96904282],[4.07283307,50.96900562],[4.0728954,50.96898565],[4.07285466,50.96893495],[4.07295852,50.96890157],[4.07300694,50.96888601]]]}},{"type":"Feature","id":"gebouw/Gebouw.17129575/0","properties":{"source":"Digitaal Vlaanderen Gebouwenregister","source_id":"gebouw/Gebouw.17129575/0","kind":"building","height_m":5.72,"status":null},"geometry":{"type":"Polygon","coordinates":[[[4.07443003,50.96246236],[4.07436008,50.96249266],[4.07431354,50.96245035],[4.07438334,50.9624198],[4.07443003,50.96246236]]]}},{"type":"Feature","id":"gebouw/Gebouw.17129764/0","properties":{"source":"Digitaal Vlaanderen Gebouwenregister","source_id":"gebouw/Gebouw.17129764/0","kind":"building","height_m":5.72,"status":null},"geometry":{"type":"Polygon","coordinates":[[[4.08014184,50.9655375],[4.08021559,50.96558908],[4.08024771,50.96556671],[4.08027188,50.96558093],[4.08031035,50.96555322],[4.08028561,50.9655403],[4.08029626,50.96553288],[4.08022399,50.96549159],[4.08028965,50.96544576],[4.08018841,50.96538792],[4.08013789,50.96542318],[4.08012606,50.96541644],[4.08012717,50.96541568],[4.08011356,50.96540777],[4.08011224,50.96540871],[4.08009773,50.96540045],[4.0800496,50.96543366],[4.08018448,50.96551161],[4.08014184,50.9655375]]]}},{"type":"Feature","id":"gebouw/Gebouw.17131049/0","properties":{"source":"Digitaal Vlaanderen Gebouwenregister","source_id":"gebouw/Gebouw.17131049/0","kind":"building","height_m":8.6,"status":null},"geometry":{"type":"Polygon","coordinates":[[[4.07452554,50.9625438],[4.07446822,50.96248482],[4.07459637,50.96243515],[4.07465369,50.96249412],[4.07452554,50.9625438]]]}},{"type":"Feature","id":"gebouw/Gebouw.17131167/0","properties":{"source":"Digitaal Vlaanderen Gebouwenregister","source_id":"gebouw/Gebouw.17131167/0","kind":"building","height_m":7.88,"status":null},"geometry":{"type":"Polygon","coordinates":[[[4.07843188,50.96549854],[4.07845413,50.96551025],[4.07848134,50.96548882],[4.07844719,50.96547154],[4.07842619,50.96548809],[4.07828689,50.96541669],[4.07826341,50.96543414],[4.07841515,50.96551161],[4.07843188,50.96549854]]]}},{"type":"Feature","id":"gebouw/Gebouw.17131612/0","properties":{"source":"Digitaal Vlaanderen Gebouwenregister","source_id":"gebouw/Gebouw.17131612/0","kind":"building","height_m":5.72,"status":null},"geometry":{"type":"Polygon","coordinates":[[[4.07880944,50.96331517],[4.07885453,50.96334391],[4.07874219,50.9634142],[4.0786964,50.96338271],[4.0787034,50.96337853],[4.07880944,50.96331517]]]}},{"type":"Feature","id":"gebouw/Gebouw.17133025/0","properties":{"source":"Digitaal Vlaanderen Gebouwenregister","source_id":"gebouw/Gebouw.17133025/0","kind":"building","height_m":5.0,"status":null},"geometry":{"type":"Polygon","coordinates":[[[4.07153858,50.9687641],[4.07158047,50.9687566],[4.07161532,50.96883029],[4.07163122,50.96886389],[4.07158885,50.96887141],[4.07153858,50.9687641]]]}},{"type":"Feature","id":"gebouw/Gebouw.17133336/0","properties":{"source":"Digitaal Vlaanderen Gebouwenregister","source_id":"gebouw/Gebouw.17133336/0","kind":"building","height_m":7.16,"status":null},"geometry":{"type":"Polygon","coordinates":[[[4.07402635,50.96232046],[4.07396283,50.96234697],[4.07388193,50.96226966],[4.07386694,50.96225533],[4.07383629,50.9622684],[4.07378048,50.96221995],[4.0738146,50.96220532],[4.07382821,50.96219948],[4.07387538,50.96217925],[4.07401948,50.96231403],[4.07402635,50.96232046]]]}},{"type":"Feature","id":"gebouw/Gebouw.17139976/0","properties":{"source":"Digitaal Vlaanderen Gebouwenregister","source_id":"gebouw/Gebouw.17139976/0","kind":"building","height_m":5.0,"status":null},"geometry":{"type":"Polygon","coordinates":[[[4.07985579,50.96756152],[4.0798421,50.96755069],[4.07970445,50.96762004],[4.07971835,50.96763104],[4.07964555,50.96766772],[4.07960385,50.96763471],[4.07958379,50.96764481],[4.07952646,50.96759944],[4.07995399,50.96738104],[4.08001222,50.96742649],[4.08001705,50.96742397],[4.08009421,50.96748293],[4.08008543,50.96748712],[4.08010922,50.96750508],[4.08003096,50.96754524],[4.08000751,50.9675266],[4.07988843,50.96758659],[4.07988375,50.96758289],[4.0798716,50.96758901],[4.07984423,50.96756735],[4.07985579,50.96756152]]]}},{"type":"Feature","id":"gebouw/Gebouw.17140812/0","properties":{"source":"Digitaal Vlaanderen Gebouwenregister","source_id":"gebouw/Gebouw.17140812/0","kind":"building","height_m":7.16,"status":null},"geometry":{"type":"Polygon","coordinates":[[[4.0716125,50.96892189],[4.07155727,50.96893169],[4.07155441,50.96892526],[4.07153675,50.9688856],[4.07153258,50.96888634],[4.07148264,50.96877417],[4.07153858,50.9687641],[4.07158885,50.96887141],[4.0716125,50.96892189]]]}},{"type":"Feature","id":"gebouw/Gebouw.17142242/0","properties":{"source":"Digitaal Vlaanderen Gebouwenregister","source_id":"gebouw/Gebouw.17142242/0","kind":"building","height_m":8.6,"status":null},"geometry":{"type":"Polygon","coordinates":[[[4.07743184,50.96307007],[4.07766956,50.96291385],[4.07761545,50.9628821],[4.07752691,50.96294234],[4.07749956,50.96292631],[4.07758136,50.96287066],[4.07754338,50.96284835],[4.07743581,50.96292418],[4.0774311,50.96292149],[4.07731024,50.96300023],[4.07743066,50.96307081],[4.07743184,50.96307007]]]}},{"type":"Feature","id":"gebouw/Gebouw.17142617/0","properties":{"source":"Digitaal Vlaanderen Gebouwenregister","source_id":"gebouw/Gebouw.17142617/0","kind":"building","height_m":6.44,"status":null},"geometry":{"type":"Polygon","coordinates":[[[4.07887314,50.96370858],[4.07898661,50.96361896],[4.07911353,50.96368282],[4.07899145,50.96377958],[4.07894242,50.96375491],[4.07895109,50.96374794],[4.07887314,50.96370858]]]}},{"type":"Feature","id":"gebouw/Gebouw.17142737/0","properties":{"source":"Digitaal Vlaanderen Gebouwenregister","source_id":"gebouw/Gebouw.17142737/0","kind":"building","height_m":7.16,"status":null},"geometry":{"type":"Polygon","coordinates":[[[4.07594032,50.96268668],[4.07584344,50.96278555],[4.07573258,50.96274224],[4.07576349,50.9627107],[4.0757321,50.96269843],[4.07579391,50.96263319],[4.07587005,50.96266196],[4.07588681,50.96266829],[4.07590239,50.96265205],[4.07595361,50.96267127],[4.07593926,50.96268626],[4.07594032,50.96268668]]]}},{"type":"Feature","id":"gebouw/Gebouw.17142792/0","properties":{"source":"Digitaal Vlaanderen Gebouwenregister","source_id":"gebouw/Gebouw.17142792/0","kind":"building","height_m":6.44,"status":null},"geometry":{"type":"Polygon","coordinates":[[[4.07106623,50.96315204],[4.07102315,50.96317062],[4.0709958,50.96314532],[4.07096006,50.96316074],[4.07086841,50.96307598],[4.07094827,50.96304154],[4.07106623,50.96315204]]]}},{"type":"Feature","id":"gebouw/Gebouw.17144288/0","properties":{"source":"Digitaal Vlaanderen Gebouwenregister","source_id":"gebouw/Gebouw.17144288/0","kind":"building","height_m":5.0,"status":null},"geometry":{"type":"Polygon","coordinates":[[[4.07520832,50.9623969],[4.07512967,50.96242778],[4.07516218,50.96246081],[4.07508778,50.96249002],[4.075057,50.96245876],[4.07508994,50.96244582],[4.07508206,50.96243862],[4.07507604,50.96243008],[4.07507361,50.96242051],[4.07507369,50.96241164],[4.07505406,50.96239201],[4.07497902,50.96242551],[4.07494724,50.96239594],[4.07502647,50.96235792],[4.07523745,50.9622567],[4.07526757,50.96227966],[4.07526315,50.96228185],[4.07527603,50.96229242],[4.07528814,50.96230236],[4.07530128,50.96229967],[4.0753069,50.96229712],[4.07534971,50.96233251],[4.0753518,50.96233146],[4.07535343,50.96233284],[4.0753461,50.96233628],[4.07524741,50.96238155],[4.07520832,50.9623969]]]}},{"type":"Feature","id":"gebouw/Gebouw.17144576/0","properties":{"source":"Digitaal Vlaanderen Gebouwenregister","source_id":"gebouw/Gebouw.17144576/0","kind":"building","height_m":5.72,"status":null},"geometry":{"type":"Polygon","coordinates":[[[4.07523745,50.9622567],[4.07503224,50.96235515],[4.07497917,50.96231329],[4.07504462,50.9622802],[4.07500175,50.96224639],[4.07512893,50.96219314],[4.07514247,50.96218709],[4.07517664,50.96221469],[4.07517879,50.96221371],[4.07518001,50.96221314],[4.07523745,50.9622567]]]}},{"type":"Feature","id":"gebouw/Gebouw.17144785/0","properties":{"source":"Digitaal Vlaanderen Gebouwenregister","source_id":"gebouw/Gebouw.17144785/0","kind":"building","height_m":5.0,"status":null},"geometry":{"type":"Polygon","coordinates":[[[4.07279017,50.9687647],[4.07268391,50.96879882],[4.07264549,50.96875112],[4.07263054,50.96875649],[4.07260341,50.96872281],[4.0727033,50.96869096],[4.07272108,50.96871303],[4.07274291,50.96870602],[4.07279017,50.9687647]]]}},{"type":"Feature","id":"gebouw/Gebouw.17144851/0","properties":{"source":"Digitaal Vlaanderen Gebouwenregister","source_id":"gebouw/Gebouw.17144851/0","kind":"building","height_m":7.16,"status":null},"geometry":{"type":"Polygon","coordinates":[[[4.07155274,50.9628989],[4.07141422,50.96277972],[4.07149096,50.96274416],[4.07161194,50.96284825],[4.07173548,50.96279099],[4.07163717,50.9627064],[4.07156048,50.96275078],[4.07146102,50.96268221],[4.07157833,50.96261435],[4.07167768,50.96268285],[4.07169897,50.96267283],[4.07181638,50.96277384],[4.07177491,50.96279307],[4.07183654,50.96284609],[4.0716964,50.96291104],[4.07163694,50.96285988],[4.07155274,50.9628989]]]}},{"type":"Feature","id":"gebouw/Gebouw.17148397/0","properties":{"source":"Digitaal Vlaanderen Gebouwenregister","source_id":"gebouw/Gebouw.17148397/0","kind":"building","height_m":5.0,"status":null},"geometry":{"type":"Polygon","coordinates":[[[4.0789784,50.96493817],[4.07886185,50.96502998],[4.07882823,50.96501426],[4.07881094,50.96500617],[4.07884599,50.96499159],[4.07893792,50.96491656],[4.0789784,50.96493817]]]}},{"type":"Feature","id":"gebouw/Gebouw.17149378/0","properties":{"source":"Digitaal Vlaanderen Gebouwenregister","source_id":"gebouw/Gebouw.17149378/0","kind":"building","height_m":5.72,"status":null},"geometry":{"type":"Polygon","coordinates":[[[4.07278954,50.96855629],[4.07275029,50.96856876],[4.07272878,50.96854176],[4.07276787,50.96852934],[4.07276938,50.96853122],[4.07277732,50.9685287],[4.07279502,50.96855092],[4.07278724,50.96855339],[4.07278954,50.96855629]]]}},{"type":"Feature","id":"gebouw/Gebouw.17152135/0","properties":{"source":"Digitaal Vlaanderen Gebouwenregister","source_id":"gebouw/Gebouw.17152135/0","kind":"building","height_m":5.0,"status":null},"geometry":{"type":"Polygon","coordinates":[[[4.07026735,50.9627938],[4.070314,50.96281487],[4.07024329,50.9628773],[4.07013289,50.96282744],[4.07024432,50.96272882],[4.07029866,50.96268072],[4.07026892,50.96266729],[4.07032458,50.96261814],[4.07035424,50.96263153],[4.0703673,50.96261997],[4.07055767,50.96270595],[4.07041025,50.96283323],[4.07035948,50.96281033],[4.0704455,50.96273438],[4.07037216,50.96270125],[4.07026735,50.9627938]]]}},{"type":"Feature","id":"gebouw/Gebouw.17153269/0","properties":{"source":"Digitaal Vlaanderen Gebouwenregister","source_id":"gebouw/Gebouw.17153269/0","kind":"building","height_m":5.0,"status":null},"geometry":{"type":"Polygon","coordinates":[[[4.06976463,50.96293895],[4.06982752,50.96294211],[4.06982298,50.96297813],[4.06976106,50.96296731],[4.06976463,50.96293895]]]}},{"type":"Feature","id":"gebouw/Gebouw.17153443/0","properties":{"source":"Digitaal Vlaanderen Gebouwenregister","source_id":"gebouw/Gebouw.17153443/0","kind":"building","height_m":9.32,"status":null},"geometry":{"type":"Polygon","coordinates":[[[4.07020713,50.96367296],[4.07014385,50.96371082],[4.07011526,50.96369177],[4.07017854,50.96365391],[4.07020713,50.96367296]]]}},{"type":"Feature","id":"gebouw/Gebouw.17153561/0","properties":{"source":"Digitaal Vlaanderen Gebouwenregister","source_id":"gebouw/Gebouw.17153561/0","kind":"building","height_m":8.6,"status":null},"geometry":{"type":"Polygon","coordinates":[[[4.07249391,50.96305164],[4.0725356,50.96307938],[4.07246934,50.96311904],[4.07242678,50.9630907],[4.07249391,50.96305164]]]}},{"type":"Feature","id":"gebouw/Gebouw.17154145/0","properties":{"source":"Digitaal Vlaanderen Gebouwenregister","source_id":"gebouw/Gebouw.17154145/0","kind":"building","height_m":5.72,"status":null},"geometry":{"type":"Polygon","coordinates":[[[4.07251253,50.96835268],[4.07257751,50.96843501],[4.07255082,50.96844341],[4.07251206,50.96845548],[4.07241147,50.96848681],[4.07238384,50.96845258],[4.07239928,50.96844783],[4.07236119,50.9684003],[4.07251253,50.96835268]]]}},{"type":"Feature","id":"gebouw/Gebouw.17158465/0","properties":{"source":"Digitaal Vlaanderen Gebouwenregister","source_id":"gebouw/Gebouw.17158465/0","kind":"building","height_m":6.44,"status":null},"geometry":{"type":"Polygon","coordinates":[[[4.07983076,50.96568846],[4.07979189,50.96571172],[4.079719,50.96566314],[4.07981074,50.96560825],[4.07991455,50.96567744],[4.07986459,50.96570733],[4.07984381,50.96569348],[4.0798409,50.96569522],[4.07983076,50.96568846]]]}},{"type":"Feature","id":"gebouw/Gebouw.17158876/0","properties":{"source":"Digitaal Vlaanderen Gebouwenregister","source_id":"gebouw/Gebouw.17158876/0","kind":"building","height_m":5.0,"status":null},"geometry":{"type":"Polygon","coordinates":[[[4.07070664,50.96291633],[4.07070383,50.96291941],[4.07057425,50.96287236],[4.07064099,50.96279906],[4.0707096,50.96282397],[4.07080086,50.96272372],[4.07070947,50.962691],[4.07075856,50.96263633],[4.07091228,50.96269137],[4.07086668,50.96274125],[4.07082251,50.96278957],[4.07070664,50.96291633]]]}},{"type":"Feature","id":"gebouw/Gebouw.17160254/0","properties":{"source":"Digitaal Vlaanderen Gebouwenregister","source_id":"gebouw/Gebouw.17160254/0","kind":"building","height_m":9.32,"status":null},"geometry":{"type":"Polygon","coordinates":[[[4.07963756,50.96442366],[4.07954848,50.96438257],[4.07962869,50.96431828],[4.07971504,50.96435787],[4.07963756,50.96442366]]]}},{"type":"Feature","id":"gebouw/Gebouw.17160783/0","properties":{"source":"Digitaal Vlaanderen Gebouwenregister","source_id":"gebouw/Gebouw.17160783/0","kind":"building","height_m":7.16,"status":null},"geometry":{"type":"Polygon","coordinates":[[[4.0713756,50.96876835],[4.07127509,50.96878583],[4.07121045,50.96863764],[4.07130654,50.96862093],[4.0713756,50.96876835]]]}},{"type":"Feature","id":"gebouw/Gebouw.17167812/0","properties":{"source":"Digitaal Vlaanderen Gebouwenregister","source_id":"gebouw/Gebouw.17167812/0","kind":"building","height_m":7.88,"status":null},"geometry":{"type":"Polygon","coordinates":[[[4.07169465,50.96542181],[4.07169941,50.96542543],[4.07164297,50.96545635],[4.07163799,50.96545268],[4.07158122,50.96541081],[4.07157638,50.96541329],[4.07155811,50.96539903],[4.07151471,50.96536516],[4.07160074,50.96531692],[4.07161925,50.96533008],[4.07164761,50.96535025],[4.07166648,50.96536368],[4.07163869,50.96537926],[4.07169465,50.96542181]]]}},{"type":"Feature","id":"gebouw/Gebouw.17167933/0","properties":{"source":"Digitaal Vlaanderen Gebouwenregister","source_id":"gebouw/Gebouw.17167933/0","kind":"building","height_m":9.32,"status":null},"geometry":{"type":"Polygon","coordinates":[[[4.07451813,50.96243813],[4.0745209,50.96244098],[4.07445354,50.9624641],[4.07441005,50.96241938],[4.07447524,50.96239407],[4.07451813,50.96243813]]]}},{"type":"Feature","id":"gebouw/Gebouw.17168930/0","properties":{"source":"Digitaal Vlaanderen Gebouwenregister","source_id":"gebouw/Gebouw.17168930/0","kind":"building","height_m":6.44,"status":null},"geometry":{"type":"Polygon","coordinates":[[[4.07305325,50.96875437],[4.07299875,50.96876793],[4.07298438,50.96874491],[4.07303888,50.96873135],[4.07305325,50.96875437]]]}},{"type":"Feature","id":"gebouw/Gebouw.17171093/0","properties":{"source":"Digitaal Vlaanderen Gebouwenregister","source_id":"gebouw/Gebouw.17171093/0","kind":"building","height_m":6.44,"status":null},"geometry":{"type":"Polygon","coordinates":[[[4.07228952,50.96259268],[4.07236406,50.96255534],[4.07248011,50.96264774],[4.07240557,50.96268508],[4.07228952,50.96259268]]]}},{"type":"Feature","id":"gebouw/Gebouw.17171463/0","properties":{"source":"Digitaal Vlaanderen Gebouwenregister","source_id":"gebouw/Gebouw.17171463/0","kind":"building","height_m":5.72,"status":null},"geometry":{"type":"Polygon","coordinates":[[[4.07487279,50.96246069],[4.07477945,50.962496],[4.07458889,50.96256807],[4.07457181,50.96254889],[4.07485358,50.96244087],[4.07487279,50.96246069]]]}},{"type":"Feature","id":"gebouw/Gebouw.17177685/0","properties":{"source":"Digitaal Vlaanderen Gebouwenregister","source_id":"gebouw/Gebouw.17177685/0","kind":"building","height_m":5.0,"status":null},"geometry":{"type":"Polygon","coordinates":[[[4.08007259,50.96571815],[4.08006226,50.96572406],[4.08019547,50.96581734],[4.08015144,50.96584241],[4.08001968,50.96575015],[4.08002593,50.96574641],[4.07994095,50.96568986],[4.07995176,50.96568338],[4.07989579,50.96564614],[4.07993403,50.96562323],[4.07998286,50.96565668],[4.08004065,50.96569627],[4.08007259,50.96571815]]]}},{"type":"Feature","id":"gebouw/Gebouw.17178080/0","properties":{"source":"Digitaal Vlaanderen Gebouwenregister","source_id":"gebouw/Gebouw.17178080/0","kind":"building","height_m":7.16,"status":null},"geometry":{"type":"Polygon","coordinates":[[[4.0788295,50.96674617],[4.07885966,50.96672801],[4.07897706,50.96680572],[4.0789469,50.96682388],[4.0788295,50.96674617]]]}},{"type":"Feature","id":"gebouw/Gebouw.17180418/0","properties":{"source":"Digitaal Vlaanderen Gebouwenregister","source_id":"gebouw/Gebouw.17180418/0","kind":"building","height_m":7.16,"status":null},"geometry":{"type":"Polygon","coordinates":[[[4.07729672,50.96328058],[4.07739446,50.96320292],[4.07730565,50.96315943],[4.07722663,50.96322274],[4.07725568,50.96323752],[4.07722698,50.9632603],[4.07723864,50.96326615],[4.07721013,50.96328882],[4.07724771,50.96330607],[4.07728718,50.96328816],[4.07729672,50.96328058]]]}},{"type":"Feature","id":"gebouw/Gebouw.17180665/0","properties":{"source":"Digitaal Vlaanderen Gebouwenregister","source_id":"gebouw/Gebouw.17180665/0","kind":"building","height_m":8.6,"status":null},"geometry":{"type":"Polygon","coordinates":[[[4.06959816,50.96308693],[4.06963166,50.96301147],[4.06981056,50.96304314],[4.06985157,50.9630529],[4.06986227,50.96305682],[4.06982731,50.96311615],[4.06978286,50.96310828],[4.06977818,50.9631188],[4.06959816,50.96308693]]]}},{"type":"Feature","id":"gebouw/Gebouw.17181902/0","properties":{"source":"Digitaal Vlaanderen Gebouwenregister","source_id":"gebouw/Gebouw.17181902/0","kind":"building","height_m":7.16,"status":null},"geometry":{"type":"Polygon","coordinates":[[[4.07273282,50.96260762],[4.07265256,50.96262796],[4.07262125,50.96260261],[4.07260345,50.9625882],[4.07268625,50.96258614],[4.07271537,50.96257876],[4.07273282,50.96260762]]]}},{"type":"Feature","id":"gebouw/Gebouw.17182003/0","properties":{"source":"Digitaal Vlaanderen Gebouwenregister","source_id":"gebouw/Gebouw.17182003/0","kind":"building","height_m":9.32,"status":null},"geometry":{"type":"Polygon","coordinates":[[[4.07468477,50.96242274],[4.07466009,50.96240093],[4.07473207,50.96236845],[4.07475675,50.96239026],[4.07468477,50.96242274]]]}},{"type":"Feature","id":"gebouw/Gebouw.17182659/0","properties":{"source":"Digitaal Vlaanderen Gebouwenregister","source_id":"gebouw/Gebouw.17182659/0","kind":"building","height_m":7.88,"status":null},"geometry":{"type":"Polygon","coordinates":[[[4.07086668,50.96274125],[4.07091616,50.96275896],[4.07087393,50.96280601],[4.07082251,50.96278957],[4.07086668,50.96274125]]]}},{"type":"Feature","id":"gebouw/Gebouw.17182835/0","properties":{"source":"Digitaal Vlaanderen Gebouwenregister","source_id":"gebouw/Gebouw.17182835/0","kind":"building","height_m":8.6,"status":null},"geometry":{"type":"Polygon","coordinates":[[[4.07570408,50.96260194],[4.07518326,50.96280798],[4.07504266,50.96267741],[4.07521205,50.96261261],[4.07529906,50.9626938],[4.07545723,50.96262818],[4.07545223,50.96262384],[4.07545123,50.96261451],[4.07545635,50.96260657],[4.07546542,50.96259955],[4.07547302,50.96259526],[4.0754806,50.96259347],[4.07540193,50.96253524],[4.07552762,50.96246881],[4.07570408,50.96260194]]]}},{"type":"Feature","id":"gebouw/Gebouw.17184020/0","properties":{"source":"Digitaal Vlaanderen Gebouwenregister","source_id":"gebouw/Gebouw.17184020/0","kind":"building","height_m":5.0,"status":null},"geometry":{"type":"Polygon","coordinates":[[[4.07796989,50.9638634],[4.07797733,50.96385691],[4.07797618,50.96385632],[4.07800984,50.96383104],[4.078099,50.96387815],[4.0780969,50.96387936],[4.07805817,50.96391105],[4.07796989,50.9638634]]]}},{"type":"Feature","id":"gebouw/Gebouw.17184214/0","properties":{"source":"Digitaal Vlaanderen Gebouwenregister","source_id":"gebouw/Gebouw.17184214/0","kind":"building","height_m":8.6,"status":null},"geometry":{"type":"Polygon","coordinates":[[[4.07097386,50.96896842],[4.07092572,50.96897622],[4.07091585,50.96895197],[4.07090673,50.96895345],[4.07087721,50.96888095],[4.07093063,50.96887224],[4.07097386,50.96896842]]]}},{"type":"Feature","id":"gebouw/Gebouw.17187204/0","properties":{"source":"Digitaal Vlaanderen Gebouwenregister","source_id":"gebouw/Gebouw.17187204/0","kind":"building","height_m":9.32,"status":null},"geometry":{"type":"Polygon","coordinates":[[[4.07844153,50.9663559],[4.07832323,50.96642957],[4.07832004,50.96643156],[4.07814243,50.96631505],[4.07814662,50.96631251],[4.07818993,50.96628618],[4.07825951,50.96633182],[4.07833493,50.96628598],[4.07844153,50.9663559]]]}},{"type":"Feature","id":"gebouw/Gebouw.17187212/0","properties":{"source":"Digitaal Vlaanderen Gebouwenregister","source_id":"gebouw/Gebouw.17187212/0","kind":"building","height_m":5.0,"status":null},"geometry":{"type":"Polygon","coordinates":[[[4.07928198,50.96451793],[4.07921832,50.96448867],[4.07939624,50.96433433],[4.07941467,50.96434281],[4.07946286,50.964301],[4.07936892,50.96425782],[4.07925275,50.96435859],[4.07927709,50.96436978],[4.07911153,50.9645134],[4.07909418,50.96450542],[4.07904798,50.9645455],[4.07899025,50.96451897],[4.07899943,50.96451102],[4.07903358,50.96448141],[4.07939387,50.96416914],[4.07958366,50.96425639],[4.07955169,50.96428291],[4.07928198,50.96451793]]]}},{"type":"Feature","id":"gebouw/Gebouw.17187560/0","properties":{"source":"Digitaal Vlaanderen Gebouwenregister","source_id":"gebouw/Gebouw.17187560/0","kind":"building","height_m":8.6,"status":null},"geometry":{"type":"Polygon","coordinates":[[[4.07028529,50.96299166],[4.07032282,50.96300369],[4.07028931,50.96304537],[4.07025178,50.96303334],[4.07028529,50.96299166]]]}},{"type":"Feature","id":"gebouw/Gebouw.17189517/0","properties":{"source":"Digitaal Vlaanderen Gebouwenregister","source_id":"gebouw/Gebouw.17189517/0","kind":"building","height_m":6.44,"status":null},"geometry":{"type":"Polygon","coordinates":[[[4.07003483,50.96334195],[4.06995936,50.96331489],[4.070087,50.96317294],[4.07012612,50.96318528],[4.07013561,50.96317489],[4.07018406,50.96319226],[4.07018963,50.96319426],[4.07018036,50.96320457],[4.07017528,50.96320227],[4.07016464,50.96319744],[4.07003483,50.96334195]]]}},{"type":"Feature","id":"gebouw/Gebouw.17189915/0","properties":{"source":"Digitaal Vlaanderen Gebouwenregister","source_id":"gebouw/Gebouw.17189915/0","kind":"building","height_m":5.72,"status":null},"geometry":{"type":"Polygon","coordinates":[[[4.07717199,50.96280825],[4.07721035,50.96282662],[4.07729323,50.9627576],[4.07734703,50.96278337],[4.07716594,50.96293417],[4.07707379,50.96289004],[4.07717199,50.96280825]]]}},{"type":"Feature","id":"gebouw/Gebouw.17192587/0","properties":{"source":"Digitaal Vlaanderen Gebouwenregister","source_id":"gebouw/Gebouw.17192587/0","kind":"building","height_m":9.32,"status":null},"geometry":{"type":"Polygon","coordinates":[[[4.07542577,50.96240485],[4.07533357,50.96244121],[4.07539716,50.962501],[4.07516332,50.96259282],[4.07510344,50.96253198],[4.07512192,50.96252469],[4.07519598,50.96249548],[4.07517582,50.96247502],[4.07525058,50.96244566],[4.07524572,50.96244073],[4.07525369,50.9624376],[4.07523612,50.96241975],[4.07527139,50.9624059],[4.07524741,50.96238155],[4.0753461,50.96233628],[4.07542577,50.96240485]]]}},{"type":"Feature","id":"gebouw/Gebouw.17194759/0","properties":{"source":"Digitaal Vlaanderen Gebouwenregister","source_id":"gebouw/Gebouw.17194759/0","kind":"building","height_m":5.72,"status":null},"geometry":{"type":"Polygon","coordinates":[[[4.07107581,50.96883269],[4.07097849,50.96884992],[4.07090838,50.96869202],[4.07100491,50.96867493],[4.0710721,50.96882444],[4.07107581,50.96883269]]]}},{"type":"Feature","id":"gebouw/Gebouw.17194881/0","properties":{"source":"Digitaal Vlaanderen Gebouwenregister","source_id":"gebouw/Gebouw.17194881/0","kind":"building","height_m":7.88,"status":null},"geometry":{"type":"Polygon","coordinates":[[[4.07759474,50.96306639],[4.07762641,50.96304636],[4.07758294,50.96302351],[4.07760002,50.96301055],[4.07757441,50.96299709],[4.07761146,50.96296897],[4.07764023,50.96298619],[4.07768712,50.96295496],[4.07769444,50.96295934],[4.07775427,50.96291864],[4.07770564,50.96289014],[4.07766956,50.96291385],[4.07743184,50.96307007],[4.07752312,50.96311933],[4.07759474,50.96306639]]]}},{"type":"Feature","id":"gebouw/Gebouw.17195002/0","properties":{"source":"Digitaal Vlaanderen Gebouwenregister","source_id":"gebouw/Gebouw.17195002/0","kind":"building","height_m":9.32,"status":null},"geometry":{"type":"Polygon","coordinates":[[[4.07164998,50.96371927],[4.07168596,50.96375382],[4.07170619,50.96377326],[4.07166625,50.96379117],[4.07160433,50.96373996],[4.07164998,50.96371927]]]}},{"type":"Feature","id":"gebouw/Gebouw.17195344/0","properties":{"source":"Digitaal Vlaanderen Gebouwenregister","source_id":"gebouw/Gebouw.17195344/0","kind":"building","height_m":8.6,"status":null},"geometry":{"type":"Polygon","coordinates":[[[4.07201642,50.96891233],[4.07181412,50.96897456],[4.07178702,50.96893944],[4.07198933,50.96887721],[4.07201642,50.96891233]]]}},{"type":"Feature","id":"gebouw/Gebouw.17196195/0","properties":{"source":"Digitaal Vlaanderen Gebouwenregister","source_id":"gebouw/Gebouw.17196195/0","kind":"building","height_m":6.44,"status":null},"geometry":{"type":"Polygon","coordinates":[[[4.07213952,50.9622705],[4.07229143,50.96239242],[4.0722153,50.96243025],[4.07220926,50.9624254],[4.07213456,50.96246252],[4.07198869,50.96234546],[4.07213952,50.9622705]]]}},{"type":"Feature","id":"gebouw/Gebouw.17196432/0","properties":{"source":"Digitaal Vlaanderen Gebouwenregister","source_id":"gebouw/Gebouw.17196432/0","kind":"building","height_m":5.72,"status":null},"geometry":{"type":"Polygon","coordinates":[[[4.07734324,50.96752915],[4.07740297,50.96756306],[4.07692606,50.96789704],[4.07686414,50.9678619],[4.07734324,50.96752915]]]}},{"type":"Feature","id":"gebouw/Gebouw.17196487/0","properties":{"source":"Digitaal Vlaanderen Gebouwenregister","source_id":"gebouw/Gebouw.17196487/0","kind":"building","height_m":5.0,"status":null},"geometry":{"type":"Polygon","coordinates":[[[4.07843084,50.96350771],[4.07852678,50.96343188],[4.07857413,50.96345577],[4.07858561,50.96344891],[4.07865784,50.96340575],[4.0786964,50.96338271],[4.0787034,50.96337853],[4.07880944,50.96331517],[4.07881681,50.96330812],[4.07881296,50.96330489],[4.07874696,50.96324951],[4.07861424,50.96333155],[4.07864729,50.96335186],[4.07860865,50.96337501],[4.07861213,50.96337733],[4.0785701,50.96340365],[4.07846683,50.96334978],[4.07844155,50.96335535],[4.07831972,50.96345164],[4.07843084,50.96350771]]]}},{"type":"Feature","id":"gebouw/Gebouw.17196544/0","properties":{"source":"Digitaal Vlaanderen Gebouwenregister","source_id":"gebouw/Gebouw.17196544/0","kind":"building","height_m":5.72,"status":null},"geometry":{"type":"Polygon","coordinates":[[[4.07924357,50.9641012],[4.07915361,50.96417874],[4.07911664,50.96416185],[4.07905151,50.96413209],[4.07906718,50.96411841],[4.0790574,50.96411393],[4.07913287,50.96404887],[4.07924357,50.9641012]]]}},{"type":"Feature","id":"gebouw/Gebouw.17198212/0","properties":{"source":"Digitaal Vlaanderen Gebouwenregister","source_id":"gebouw/Gebouw.17198212/0","kind":"building","height_m":7.16,"status":null},"geometry":{"type":"Polygon","coordinates":[[[4.07308397,50.96401351],[4.07312411,50.9639946],[4.07316702,50.96402831],[4.07312937,50.96405],[4.07308397,50.96401351]]]}},{"type":"Feature","id":"gebouw/Gebouw.17199479/0","properties":{"source":"Digitaal Vlaanderen Gebouwenregister","source_id":"gebouw/Gebouw.17199479/0","kind":"building","height_m":7.16,"status":null},"geometry":{"type":"Polygon","coordinates":[[[4.071835,50.9686372],[4.07169747,50.9686616],[4.07165131,50.96856067],[4.0717894,50.96853666],[4.071835,50.9686372]]]}},{"type":"Feature","id":"gebouw/Gebouw.17199715/0","properties":{"source":"Digitaal Vlaanderen Gebouwenregister","source_id":"gebouw/Gebouw.17199715/0","kind":"building","height_m":5.72,"status":null},"geometry":{"type":"Polygon","coordinates":[[[4.07702818,50.96357025],[4.07700878,50.96355756],[4.07702437,50.96354806],[4.07699496,50.96352882],[4.0770387,50.96350474],[4.07702652,50.96349582],[4.07704571,50.96348701],[4.07705538,50.96349388],[4.07706191,50.96349026],[4.07706729,50.96349324],[4.07730181,50.96336135],[4.07732082,50.9633719],[4.07733714,50.96336126],[4.07731561,50.9633507],[4.07736786,50.96331469],[4.07734489,50.96330367],[4.0773231,50.96332044],[4.07721845,50.9633701],[4.07723374,50.96338411],[4.07700447,50.96348382],[4.07697654,50.96349596],[4.07692566,50.96345227],[4.07695241,50.96344013],[4.07724771,50.96330607],[4.07728718,50.96328815],[4.07729671,50.96328058],[4.07739445,50.96320292],[4.07751926,50.96326407],[4.07737286,50.96337877],[4.07702818,50.96357025]]]}},{"type":"Feature","id":"gebouw/Gebouw.17201311/0","properties":{"source":"Digitaal Vlaanderen Gebouwenregister","source_id":"gebouw/Gebouw.17201311/0","kind":"building","height_m":5.72,"status":null},"geometry":{"type":"Polygon","coordinates":[[[4.07236218,50.96234203],[4.07232866,50.96236573],[4.07221438,50.96227321],[4.07225779,50.96225135],[4.07232621,50.96230553],[4.07236218,50.96234203]]]}},{"type":"Feature","id":"gebouw/Gebouw.17202144/0","properties":{"source":"Digitaal Vlaanderen Gebouwenregister","source_id":"gebouw/Gebouw.17202144/0","kind":"building","height_m":5.72,"status":null},"geometry":{"type":"Polygon","coordinates":[[[4.0764759,50.96235583],[4.07649772,50.96236784],[4.07636942,50.96246079],[4.0764244,50.96249106],[4.07638744,50.96251784],[4.07635567,50.96250035],[4.07627338,50.96255996],[4.07622713,50.9625345],[4.07647589,50.96235587],[4.0764759,50.96235583]]]}},{"type":"Feature","id":"gebouw/Gebouw.17202145/0","properties":{"source":"Digitaal Vlaanderen Gebouwenregister","source_id":"gebouw/Gebouw.17202145/0","kind":"building","height_m":6.44,"status":null},"geometry":{"type":"Polygon","coordinates":[[[4.07013289,50.96282744],[4.07008313,50.96287148],[4.07003491,50.96284884],[4.07002221,50.96285966],[4.06991762,50.96281004],[4.06997532,50.96276154],[4.07001864,50.96278209],[4.0700443,50.96276052],[4.07010253,50.96278815],[4.07012976,50.96276526],[4.07011989,50.96276058],[4.07014594,50.96273869],[4.07010882,50.96272108],[4.07015018,50.9626863],[4.07024432,50.96272882],[4.07013289,50.96282744]]]}},{"type":"Feature","id":"gebouw/Gebouw.17202148/0","properties":{"source":"Digitaal Vlaanderen Gebouwenregister","source_id":"gebouw/Gebouw.17202148/0","kind":"building","height_m":8.6,"status":null},"geometry":{"type":"Polygon","coordinates":[[[4.07685984,50.96316021],[4.07676059,50.96319762],[4.07667221,50.96310029],[4.07673177,50.96307871],[4.07671275,50.96305777],[4.07683467,50.96301359],[4.07687786,50.96306089],[4.07704162,50.96299727],[4.07711292,50.96306483],[4.07699281,50.9631101],[4.07685984,50.96316021]]]}},{"type":"Feature","id":"gebouw/Gebouw.17202192/0","properties":{"source":"Digitaal Vlaanderen Gebouwenregister","source_id":"gebouw/Gebouw.17202192/0","kind":"building","height_m":5.0,"status":null},"geometry":{"type":"Polygon","coordinates":[[[4.07988165,50.96443425],[4.07994301,50.96446237],[4.07986512,50.96453014],[4.07971203,50.96445997],[4.07979521,50.96439463],[4.07986223,50.96442534],[4.07988165,50.96443425]]]}},{"type":"Feature","id":"gebouw/Gebouw.17205273/0","properties":{"source":"Digitaal Vlaanderen Gebouwenregister","source_id":"gebouw/Gebouw.17205273/0","kind":"building","height_m":5.72,"status":null},"geometry":{"type":"Polygon","coordinates":[[[4.07797133,50.96345382],[4.07789831,50.96350993],[4.07787087,50.96351416],[4.0778095,50.96348274],[4.07776255,50.96351931],[4.07784185,50.96356245],[4.07782239,50.96357649],[4.07786842,50.96360193],[4.07783474,50.96362624],[4.077847,50.96363302],[4.07783094,50.96364461],[4.0777711,50.96361266],[4.07777988,50.96360591],[4.07774045,50.96358545],[4.07773465,50.96358981],[4.0776986,50.96356957],[4.07765782,50.96354668],[4.07772433,50.96349557],[4.07777081,50.96345984],[4.07784582,50.9634022],[4.07785631,50.96339413],[4.07797133,50.96345382]]]}},{"type":"Feature","id":"gebouw/Gebouw.17205751/0","properties":{"source":"Digitaal Vlaanderen Gebouwenregister","source_id":"gebouw/Gebouw.17205751/0","kind":"building","height_m":7.16,"status":null},"geometry":{"type":"Polygon","coordinates":[[[4.07019926,50.96307164],[4.070256,50.96309208],[4.07021686,50.96313542],[4.0701628,50.96311596],[4.07019896,50.96307154],[4.07019926,50.96307164]]]}},{"type":"Feature","id":"gebouw/Gebouw.17207130/0","properties":{"source":"Digitaal Vlaanderen Gebouwenregister","source_id":"gebouw/Gebouw.17207130/0","kind":"building","height_m":7.16,"status":null},"geometry":{"type":"Polygon","coordinates":[[[4.07077552,50.96871632],[4.07078657,50.9687407],[4.07079267,50.9687396],[4.07079988,50.96875549],[4.07081174,50.96875335],[4.07081503,50.96876061],[4.07082439,50.96875892],[4.07085406,50.96882435],[4.07085008,50.96882507],[4.07087224,50.96887393],[4.07073257,50.96889943],[4.07065908,50.96873736],[4.07077552,50.96871632]]]}},{"type":"Feature","id":"gebouw/Gebouw.17207408/0","properties":{"source":"Digitaal Vlaanderen Gebouwenregister","source_id":"gebouw/Gebouw.17207408/0","kind":"building","height_m":5.72,"status":null},"geometry":{"type":"Polygon","coordinates":[[[4.07239085,50.9623676],[4.072361,50.96239192],[4.07232866,50.96236573],[4.07236218,50.96234203],[4.07238569,50.96232241],[4.0723398,50.96230048],[4.07240825,50.96224335],[4.07249343,50.96228405],[4.07239085,50.9623676]]]}},{"type":"Feature","id":"gebouw/Gebouw.17207830/0","properties":{"source":"Digitaal Vlaanderen Gebouwenregister","source_id":"gebouw/Gebouw.17207830/0","kind":"building","height_m":7.16,"status":null},"geometry":{"type":"Polygon","coordinates":[[[4.07792374,50.96313083],[4.07777865,50.96324449],[4.07772249,50.96321675],[4.07778001,50.9631717],[4.07780324,50.9631535],[4.07782886,50.96316615],[4.07785972,50.96314198],[4.07785242,50.96313837],[4.07788591,50.96311214],[4.07792374,50.96313083]]]}},{"type":"Feature","id":"gebouw/Gebouw.17207884/0","properties":{"source":"Digitaal Vlaanderen Gebouwenregister","source_id":"gebouw/Gebouw.17207884/0","kind":"building","height_m":5.72,"status":null},"geometry":{"type":"Polygon","coordinates":[[[4.07888406,50.96395549],[4.07900441,50.96400971],[4.07893548,50.96407073],[4.07886873,50.96404067],[4.07884794,50.96405907],[4.07880082,50.96403784],[4.07888406,50.96395549]]]}},{"type":"Feature","id":"gebouw/Gebouw.17209088/0","properties":{"source":"Digitaal Vlaanderen Gebouwenregister","source_id":"gebouw/Gebouw.17209088/0","kind":"building","height_m":5.72,"status":null},"geometry":{"type":"Polygon","coordinates":[[[4.07183202,50.96224924],[4.07173144,50.96231909],[4.07160719,50.96225751],[4.07165411,50.96221708],[4.07167612,50.9622125],[4.07170345,50.96222513],[4.07173834,50.96219503],[4.07179172,50.9622197],[4.07178365,50.96222637],[4.07180221,50.96223535],[4.07180371,50.96223484],[4.07181238,50.96223863],[4.0718117,50.96223958],[4.07183202,50.96224924]]]}},{"type":"Feature","id":"gebouw/Gebouw.17213834/0","properties":{"source":"Digitaal Vlaanderen Gebouwenregister","source_id":"gebouw/Gebouw.17213834/0","kind":"building","height_m":5.72,"status":null},"geometry":{"type":"Polygon","coordinates":[[[4.06962703,50.96325387],[4.0696159,50.96326865],[4.06953708,50.96324497],[4.06957009,50.96320117],[4.06965164,50.96322567],[4.0696494,50.96322865],[4.06968368,50.96323895],[4.06966405,50.96326499],[4.06962703,50.96325387]]]}},{"type":"Feature","id":"gebouw/Gebouw.17214167/0","properties":{"source":"Digitaal Vlaanderen Gebouwenregister","source_id":"gebouw/Gebouw.17214167/0","kind":"building","height_m":8.6,"status":null},"geometry":{"type":"Polygon","coordinates":[[[4.07262465,50.96840795],[4.07258183,50.96842404],[4.0725553,50.96839339],[4.0725288,50.96836276],[4.07255682,50.9683531],[4.07258496,50.96838226],[4.07258781,50.96838141],[4.07259639,50.96838925],[4.07260474,50.96838652],[4.07262427,50.96840752],[4.07262465,50.96840795]]]}},{"type":"Feature","id":"gebouw/Gebouw.17223702/0","properties":{"source":"Digitaal Vlaanderen Gebouwenregister","source_id":"gebouw/Gebouw.17223702/0","kind":"building","height_m":9.32,"status":null},"geometry":{"type":"Polygon","coordinates":[[[4.07105239,50.96331074],[4.07109585,50.96329223],[4.07112146,50.96331621],[4.07107818,50.96333466],[4.07105239,50.96331074]]]}},{"type":"Feature","id":"gebouw/Gebouw.17225193/0","properties":{"source":"Digitaal Vlaanderen Gebouwenregister","source_id":"gebouw/Gebouw.17225193/0","kind":"building","height_m":9.32,"status":null},"geometry":{"type":"Polygon","coordinates":[[[4.07992599,50.96406729],[4.07994894,50.96404598],[4.08005092,50.96408977],[4.07992515,50.96420595],[4.07986568,50.96418027],[4.07989023,50.96415823],[4.07984413,50.96413831],[4.07980897,50.96412312],[4.07982145,50.96411228],[4.07981714,50.96411043],[4.07988332,50.96404897],[4.07992599,50.96406729]]]}},{"type":"Feature","id":"gebouw/Gebouw.17225428/0","properties":{"source":"Digitaal Vlaanderen Gebouwenregister","source_id":"gebouw/Gebouw.17225428/0","kind":"building","height_m":7.16,"status":null},"geometry":{"type":"Polygon","coordinates":[[[4.07715655,50.962269],[4.07711876,50.96224856],[4.07715218,50.96222391],[4.07718997,50.96224434],[4.07715655,50.962269]]]}},{"type":"Feature","id":"gebouw/Gebouw.17225635/0","properties":{"source":"Digitaal Vlaanderen Gebouwenregister","source_id":"gebouw/Gebouw.17225635/0","kind":"building","height_m":5.0,"status":null},"geometry":{"type":"Polygon","coordinates":[[[4.07649812,50.96262183],[4.07660553,50.96254376],[4.07660819,50.96254182],[4.07665044,50.96251111],[4.07656281,50.96246264],[4.07640802,50.96257464],[4.07649468,50.96262241],[4.07649663,50.96262101],[4.07649812,50.96262183]]]}},{"type":"Feature","id":"gebouw/Gebouw.17225975/0","properties":{"source":"Digitaal Vlaanderen Gebouwenregister","source_id":"gebouw/Gebouw.17225975/0","kind":"building","height_m":7.88,"status":null},"geometry":{"type":"Polygon","coordinates":[[[4.07699281,50.9631101],[4.07702122,50.9631413],[4.07694216,50.96316994],[4.07695719,50.96318648],[4.07690191,50.96320651],[4.07685984,50.96316021],[4.07699281,50.9631101]]]}},{"type":"Feature","id":"gebouw/Gebouw.17226048/0","properties":{"source":"Digitaal Vlaanderen Gebouwenregister","source_id":"gebouw/Gebouw.17226048/0","kind":"building","height_m":5.0,"status":null},"geometry":{"type":"Polygon","coordinates":[[[4.07820207,50.96398873],[4.07807291,50.96391993],[4.07803294,50.96394798],[4.07786228,50.96385212],[4.07779576,50.96389934],[4.07810065,50.9640706],[4.07820207,50.96398873]]]}},{"type":"Feature","id":"gebouw/Gebouw.17227396/0","properties":{"source":"Digitaal Vlaanderen Gebouwenregister","source_id":"gebouw/Gebouw.17227396/0","kind":"building","height_m":7.88,"status":null},"geometry":{"type":"Polygon","coordinates":[[[4.07967408,50.96334288],[4.07970917,50.96332149],[4.07974706,50.96334852],[4.07971215,50.96336842],[4.07967408,50.96334288]]]}},{"type":"Feature","id":"gebouw/Gebouw.17236771/0","properties":{"source":"Digitaal Vlaanderen Gebouwenregister","source_id":"gebouw/Gebouw.17236771/0","kind":"building","height_m":9.32,"status":null},"geometry":{"type":"Polygon","coordinates":[[[4.07880295,50.963919],[4.07888406,50.96395549],[4.07872682,50.96409489],[4.0786457,50.9640584],[4.07880295,50.963919]]]}},{"type":"Feature","id":"gebouw/Gebouw.17237134/0","properties":{"source":"Digitaal Vlaanderen Gebouwenregister","source_id":"gebouw/Gebouw.17237134/0","kind":"building","height_m":8.6,"status":null},"geometry":{"type":"Polygon","coordinates":[[[4.07173144,50.96231909],[4.07167763,50.96236281],[4.07158682,50.96231823],[4.07157003,50.96233187],[4.07148598,50.96229061],[4.07147937,50.96229598],[4.07146548,50.96230726],[4.07141172,50.96228086],[4.07150447,50.96220552],[4.07152894,50.96218563],[4.0715391,50.96219062],[4.07151376,50.96221121],[4.07160719,50.96225751],[4.07173144,50.96231909]]]}},{"type":"Feature","id":"gebouw/Gebouw.17237136/0","properties":{"source":"Digitaal Vlaanderen Gebouwenregister","source_id":"gebouw/Gebouw.17237136/0","kind":"building","height_m":5.0,"status":null},"geometry":{"type":"Polygon","coordinates":[[[4.07039651,50.96320075],[4.07035285,50.96325055],[4.07018643,50.96318956],[4.07021182,50.96316061],[4.07037961,50.96296924],[4.07038322,50.96296512],[4.0704368,50.96298333],[4.07044981,50.96298775],[4.07051424,50.96300965],[4.07047024,50.96307808],[4.07038225,50.96304822],[4.07037068,50.96306251],[4.07033572,50.96310568],[4.07029026,50.96316182],[4.07039651,50.96320075]]]}},{"type":"Feature","id":"gebouw/Gebouw.17237142/0","properties":{"source":"Digitaal Vlaanderen Gebouwenregister","source_id":"gebouw/Gebouw.17237142/0","kind":"building","height_m":9.32,"status":null},"geometry":{"type":"Polygon","coordinates":[[[4.07255082,50.96844341],[4.0725705,50.96846799],[4.07255232,50.96847379],[4.07259756,50.9685303],[4.07249213,50.96856396],[4.07245432,50.96851673],[4.07243921,50.96852119],[4.07241147,50.96848681],[4.07251206,50.96845548],[4.07255082,50.96844341]]]}},{"type":"Feature","id":"gebouw/Gebouw.17239477/0","properties":{"source":"Digitaal Vlaanderen Gebouwenregister","source_id":"gebouw/Gebouw.17239477/0","kind":"building","height_m":7.16,"status":null},"geometry":{"type":"Polygon","coordinates":[[[4.06966691,50.96280232],[4.06968413,50.96264662],[4.06988715,50.96265558],[4.06987879,50.96273111],[4.06982711,50.96272883],[4.06981824,50.962809],[4.06966691,50.96280232]]]}},{"type":"Feature","id":"gebouw/Gebouw.17241216/0","properties":{"source":"Digitaal Vlaanderen Gebouwenregister","source_id":"gebouw/Gebouw.17241216/0","kind":"building","height_m":9.32,"status":null},"geometry":{"type":"Polygon","coordinates":[[[4.07682582,50.96329917],[4.0767948,50.96330962],[4.07675662,50.96326675],[4.07678736,50.96325589],[4.07682582,50.96329917]]]}},{"type":"Feature","id":"gebouw/Gebouw.17259223/0","properties":{"source":"Digitaal Vlaanderen Gebouwenregister","source_id":"gebouw/Gebouw.17259223/0","kind":"building","height_m":6.44,"status":null},"geometry":{"type":"Polygon","coordinates":[[[4.07995086,50.96550382],[4.08003935,50.96556391],[4.08000388,50.96558474],[4.08005111,50.96561781],[4.07998286,50.96565668],[4.07993403,50.96562323],[4.07995807,50.96560882],[4.07988761,50.96556194],[4.07992068,50.96554212],[4.07990415,50.96553125],[4.07995086,50.96550382]]]}},{"type":"Feature","id":"gebouw/Gebouw.17259243/0","properties":{"source":"Digitaal Vlaanderen Gebouwenregister","source_id":"gebouw/Gebouw.17259243/0","kind":"building","height_m":5.72,"status":null},"geometry":{"type":"Polygon","coordinates":[[[4.07171219,50.96869376],[4.071635,50.96870722],[4.07162911,50.96869374],[4.07160213,50.96869844],[4.07159406,50.96869985],[4.07158437,50.96867769],[4.07156619,50.96868086],[4.0715234,50.96858297],[4.07165131,50.96856067],[4.07169747,50.9686616],[4.07171219,50.96869376]]]}},{"type":"Feature","id":"gebouw/Gebouw.17259634/0","properties":{"source":"Digitaal Vlaanderen Gebouwenregister","source_id":"gebouw/Gebouw.17259634/0","kind":"building","height_m":5.0,"status":null},"geometry":{"type":"Polygon","coordinates":[[[4.07305909,50.96399351],[4.07313556,50.96396089],[4.07315573,50.96397978],[4.07308064,50.96401083],[4.07305909,50.96399351]]]}},{"type":"Feature","id":"gebouw/Gebouw.17264799/0","properties":{"source":"Digitaal Vlaanderen Gebouwenregister","source_id":"gebouw/Gebouw.17264799/0","kind":"building","height_m":9.32,"status":null},"geometry":{"type":"Polygon","coordinates":[[[4.07298592,50.96254476],[4.07293791,50.96249601],[4.07297397,50.96248225],[4.07302071,50.96253109],[4.07298592,50.96254476]]]}},{"type":"Feature","id":"gebouw/Gebouw.17264884/0","properties":{"source":"Digitaal Vlaanderen Gebouwenregister","source_id":"gebouw/Gebouw.17264884/0","kind":"building","height_m":5.0,"status":null},"geometry":{"type":"Polygon","coordinates":[[[4.07206916,50.96261802],[4.07217278,50.96256669],[4.07248202,50.96281567],[4.072387,50.96286273],[4.07240519,50.96287737],[4.07231358,50.96292274],[4.0722948,50.96290762],[4.07220209,50.96295354],[4.07189361,50.96270516],[4.0720251,50.96264004],[4.07200616,50.96262479],[4.07205037,50.96260289],[4.07206916,50.96261802]]]}},{"type":"Feature","id":"gebouw/Gebouw.17265232/0","properties":{"source":"Digitaal Vlaanderen Gebouwenregister","source_id":"gebouw/Gebouw.17265232/0","kind":"building","height_m":8.6,"status":null},"geometry":{"type":"Polygon","coordinates":[[[4.07108657,50.96334243],[4.07104204,50.96336139],[4.07101681,50.96333776],[4.07101277,50.96333948],[4.0709358,50.96326741],[4.0709837,50.96324703],[4.07104677,50.96330552],[4.07105239,50.96331074],[4.07107818,50.96333466],[4.07108657,50.96334243]]]}},{"type":"Feature","id":"gebouw/Gebouw.17267089/0","properties":{"source":"Digitaal Vlaanderen Gebouwenregister","source_id":"gebouw/Gebouw.17267089/0","kind":"building","height_m":5.0,"status":null},"geometry":{"type":"Polygon","coordinates":[[[4.07295852,50.96890157],[4.07285466,50.96893495],[4.07281392,50.96888424],[4.07275116,50.96890478],[4.07272094,50.9688675],[4.07295838,50.96879075],[4.07299001,50.96882977],[4.07291893,50.96885274],[4.07295852,50.96890157]]]}},{"type":"Feature","id":"gebouw/Gebouw.17267097/0","properties":{"source":"Digitaal Vlaanderen Gebouwenregister","source_id":"gebouw/Gebouw.17267097/0","kind":"building","height_m":5.72,"status":null},"geometry":{"type":"Polygon","coordinates":[[[4.07631521,50.96245765],[4.07621641,50.9625286],[4.07616189,50.96249859],[4.07612344,50.96247743],[4.07613762,50.96246741],[4.07606628,50.96242771],[4.07614807,50.96236909],[4.07622022,50.96240924],[4.07621038,50.96241629],[4.0762401,50.96243283],[4.07624763,50.96243702],[4.07628726,50.9624109],[4.07629425,50.96241478],[4.07634766,50.9623765],[4.07639859,50.96233999],[4.07614307,50.96219782],[4.07610154,50.96217471],[4.0759889,50.96211204],[4.07617178,50.96198096],[4.07645431,50.9621394],[4.07641092,50.96217083],[4.07646101,50.9621984],[4.07666907,50.96204765],[4.07677582,50.96210641],[4.07656716,50.96225759],[4.07658224,50.96226589],[4.0764652,50.96234994],[4.07639314,50.96240169],[4.07631521,50.96245765]]]}},{"type":"Feature","id":"gebouw/Gebouw.17267189/0","properties":{"source":"Digitaal Vlaanderen Gebouwenregister","source_id":"gebouw/Gebouw.17267189/0","kind":"building","height_m":6.44,"status":null},"geometry":{"type":"Polygon","coordinates":[[[4.07753566,50.96257617],[4.0774803,50.96254585],[4.07747484,50.96254286],[4.07742496,50.96257829],[4.0772714,50.96268735],[4.07734185,50.96272596],[4.07754242,50.96257986],[4.07753566,50.96257617]]]}},{"type":"Feature","id":"gebouw/Gebouw.17267243/0","properties":{"source":"Digitaal Vlaanderen Gebouwenregister","source_id":"gebouw/Gebouw.17267243/0","kind":"building","height_m":5.0,"status":null},"geometry":{"type":"Polygon","coordinates":[[[4.07027027,50.96895481],[4.07022318,50.96896328],[4.07019526,50.96890141],[4.07014668,50.96891015],[4.07011141,50.96883199],[4.0702066,50.96881486],[4.07026502,50.96894326],[4.07027027,50.96895481]]]}},{"type":"Feature","id":"gebouw/Gebouw.17267404/0","properties":{"source":"Digitaal Vlaanderen Gebouwenregister","source_id":"gebouw/Gebouw.17267404/0","kind":"building","height_m":5.0,"status":null},"geometry":{"type":"Polygon","coordinates":[[[4.07778617,50.96309789],[4.07769781,50.96305387],[4.07765704,50.96308146],[4.07764091,50.96309238],[4.07756848,50.96314058],[4.07756643,50.96314195],[4.07766733,50.9631911],[4.07766838,50.96319024],[4.07766846,50.96319018],[4.07772531,50.96314447],[4.07778617,50.96309789]]]}},{"type":"Feature","id":"gebouw/Gebouw.17272575/0","properties":{"source":"Digitaal Vlaanderen Gebouwenregister","source_id":"gebouw/Gebouw.17272575/0","kind":"building","height_m":8.6,"status":null},"geometry":{"type":"Polygon","coordinates":[[[4.07388291,50.96274615],[4.07393461,50.96272429],[4.07398895,50.96277439],[4.07398682,50.9627753],[4.07401641,50.96280341],[4.07396994,50.9628245],[4.07393907,50.96279573],[4.07393701,50.96279661],[4.07388291,50.96274615]]]}},{"type":"Feature","id":"gebouw/Gebouw.17272817/0","properties":{"source":"Digitaal Vlaanderen Gebouwenregister","source_id":"gebouw/Gebouw.17272817/0","kind":"building","height_m":6.44,"status":null},"geometry":{"type":"Polygon","coordinates":[[[4.07123408,50.96881938],[4.07130158,50.96896891],[4.07135827,50.96895929],[4.07133045,50.96889392],[4.07132609,50.96889469],[4.07128834,50.96880976],[4.07123408,50.96881938]]]}},{"type":"Feature","id":"gebouw/Gebouw.17274039/0","properties":{"source":"Digitaal Vlaanderen Gebouwenregister","source_id":"gebouw/Gebouw.17274039/0","kind":"building","height_m":9.32,"status":null},"geometry":{"type":"Polygon","coordinates":[[[4.0748073,50.96281282],[4.07484141,50.9627998],[4.07487104,50.96283059],[4.07483691,50.96284364],[4.0748073,50.96281282]]]}},{"type":"Feature","id":"gebouw/Gebouw.17274049/0","properties":{"source":"Digitaal Vlaanderen Gebouwenregister","source_id":"gebouw/Gebouw.17274049/0","kind":"building","height_m":6.44,"status":null},"geometry":{"type":"Polygon","coordinates":[[[4.07094827,50.96304154],[4.07101855,50.96301123],[4.07113055,50.96311482],[4.07112047,50.96311916],[4.07114032,50.96314783],[4.07108651,50.96317104],[4.07106623,50.96315204],[4.07094827,50.96304154]]]}},{"type":"Feature","id":"gebouw/Gebouw.17274050/0","properties":{"source":"Digitaal Vlaanderen Gebouwenregister","source_id":"gebouw/Gebouw.17274050/0","kind":"building","height_m":7.16,"status":null},"geometry":{"type":"Polygon","coordinates":[[[4.07179621,50.96254004],[4.07176245,50.96256562],[4.07186485,50.96261951],[4.07179631,50.96267145],[4.07159147,50.96256364],[4.07169376,50.96248613],[4.07179621,50.96254004]]]}},{"type":"Feature","id":"gebouw/Gebouw.17277459/0","properties":{"source":"Digitaal Vlaanderen Gebouwenregister","source_id":"gebouw/Gebouw.17277459/0","kind":"building","height_m":7.16,"status":null},"geometry":{"type":"Polygon","coordinates":[[[4.07173525,50.96886206],[4.07174504,50.96888602],[4.07167979,50.96889665],[4.07167,50.96887269],[4.07173525,50.96886206]]]}},{"type":"Feature","id":"gebouw/Gebouw.17279360/0","properties":{"source":"Digitaal Vlaanderen Gebouwenregister","source_id":"gebouw/Gebouw.17279360/0","kind":"building","height_m":5.0,"status":null},"geometry":{"type":"Polygon","coordinates":[[[4.07922182,50.9677235],[4.07910803,50.96760922],[4.07915323,50.96759128],[4.07926701,50.96770555],[4.07922182,50.9677235]]]}},{"type":"Feature","id":"gebouw/Gebouw.17280061/0","properties":{"source":"Digitaal Vlaanderen Gebouwenregister","source_id":"gebouw/Gebouw.17280061/0","kind":"building","height_m":5.72,"status":null},"geometry":{"type":"Polygon","coordinates":[[[4.0782057,50.96621355],[4.07821679,50.96622054],[4.07810981,50.96628811],[4.07810549,50.96629084],[4.07803994,50.96624818],[4.07804493,50.96624511],[4.07786709,50.96612723],[4.07794457,50.96607287],[4.07812781,50.96618974],[4.07818615,50.96615326],[4.07811503,50.96610909],[4.07806042,50.96607518],[4.07808376,50.9660602],[4.07813871,50.96609568],[4.07821515,50.96614504],[4.07826059,50.96617438],[4.0782057,50.96621355]]]}},{"type":"Feature","id":"gebouw/Gebouw.17281650/0","properties":{"source":"Digitaal Vlaanderen Gebouwenregister","source_id":"gebouw/Gebouw.17281650/0","kind":"building","height_m":5.72,"status":null},"geometry":{"type":"Polygon","coordinates":[[[4.07081465,50.96331556],[4.0708941,50.96338904],[4.07084543,50.96341002],[4.07076598,50.96333654],[4.07081465,50.96331556]]]}},{"type":"Feature","id":"gebouw/Gebouw.17281805/0","properties":{"source":"Digitaal Vlaanderen Gebouwenregister","source_id":"gebouw/Gebouw.17281805/0","kind":"building","height_m":6.44,"status":null},"geometry":{"type":"Polygon","coordinates":[[[4.07416246,50.96221612],[4.07421426,50.96226261],[4.0741609,50.96227317],[4.07417222,50.96229573],[4.07414952,50.96230539],[4.07408008,50.96224044],[4.07407484,50.96223554],[4.07410374,50.96222292],[4.07409616,50.96220844],[4.07407086,50.96221373],[4.07402952,50.96213479],[4.07409659,50.96212078],[4.07410935,50.96211812],[4.07416246,50.96221612]]]}},{"type":"Feature","id":"gebouw/Gebouw.17282117/0","properties":{"source":"Digitaal Vlaanderen Gebouwenregister","source_id":"gebouw/Gebouw.17282117/0","kind":"building","height_m":9.32,"status":null},"geometry":{"type":"Polygon","coordinates":[[[4.07263645,50.96841675],[4.07266806,50.96845327],[4.07262572,50.96846788],[4.07259314,50.96843023],[4.07263315,50.96841777],[4.07263645,50.96841675]]]}},{"type":"Feature","id":"gebouw/Gebouw.17289975/0","properties":{"source":"Digitaal Vlaanderen Gebouwenregister","source_id":"gebouw/Gebouw.17289975/0","kind":"building","height_m":7.16,"status":null},"geometry":{"type":"Polygon","coordinates":[[[4.07387411,50.96258228],[4.0739459,50.96255067],[4.07407366,50.96266638],[4.07400187,50.96269799],[4.07387411,50.96258228]]]}},{"type":"Feature","id":"gebouw/Gebouw.17294371/0","properties":{"source":"Digitaal Vlaanderen Gebouwenregister","source_id":"gebouw/Gebouw.17294371/0","kind":"building","height_m":7.16,"status":null},"geometry":{"type":"Polygon","coordinates":[[[4.07735743,50.96286159],[4.07730993,50.96286644],[4.07730488,50.96286696],[4.07727887,50.9628897],[4.07727509,50.9628879],[4.0772004,50.96295048],[4.07727731,50.96298708],[4.07737588,50.96290626],[4.07738679,50.96291231],[4.07751396,50.96282775],[4.07746129,50.96279685],[4.07735743,50.96286159]]]}},{"type":"Feature","id":"gebouw/Gebouw.17301589/0","properties":{"source":"Digitaal Vlaanderen Gebouwenregister","source_id":"gebouw/Gebouw.17301589/0","kind":"building","height_m":7.88,"status":null},"geometry":{"type":"Polygon","coordinates":[[[4.07100491,50.96867493],[4.07109976,50.96865814],[4.07116622,50.96880777],[4.0710721,50.96882444],[4.07100491,50.96867493]]]}},{"type":"Feature","id":"gebouw/Gebouw.17301595/0","properties":{"source":"Digitaal Vlaanderen Gebouwenregister","source_id":"gebouw/Gebouw.17301595/0","kind":"building","height_m":7.16,"status":null},"geometry":{"type":"Polygon","coordinates":[[[4.07803328,50.96322876],[4.07794549,50.96318484],[4.07797789,50.96315886],[4.07799522,50.96316748],[4.07811847,50.96306866],[4.07804905,50.96303411],[4.0779612,50.96310191],[4.07792326,50.96313059],[4.07785592,50.96318223],[4.07777865,50.96324449],[4.07789031,50.96329976],[4.07803328,50.96322876]]]}},{"type":"Feature","id":"gebouw/Gebouw.17301902/0","properties":{"source":"Digitaal Vlaanderen Gebouwenregister","source_id":"gebouw/Gebouw.17301902/0","kind":"building","height_m":6.44,"status":null},"geometry":{"type":"Polygon","coordinates":[[[4.07696714,50.96250537],[4.07692092,50.96247967],[4.07684743,50.96253235],[4.07689363,50.96255805],[4.07696714,50.96250537]]]}},{"type":"Feature","id":"gebouw/Gebouw.17302150/0","properties":{"source":"Digitaal Vlaanderen Gebouwenregister","source_id":"gebouw/Gebouw.17302150/0","kind":"building","height_m":8.6,"status":null},"geometry":{"type":"Polygon","coordinates":[[[4.07811984,50.9633112],[4.07804027,50.96337585],[4.07812007,50.96341503],[4.07819987,50.96334884],[4.07811984,50.9633112]]]}},{"type":"Feature","id":"gebouw/Gebouw.17307328/0","properties":{"source":"Digitaal Vlaanderen Gebouwenregister","source_id":"gebouw/Gebouw.17307328/0","kind":"building","height_m":7.16,"status":null},"geometry":{"type":"Polygon","coordinates":[[[4.07783936,50.96272653],[4.07788805,50.96272449],[4.07789119,50.96275457],[4.07784249,50.9627566],[4.07783936,50.96272653]]]}},{"type":"Feature","id":"gebouw/Gebouw.17307871/0","properties":{"source":"Digitaal Vlaanderen Gebouwenregister","source_id":"gebouw/Gebouw.17307871/0","kind":"building","height_m":5.0,"status":null},"geometry":{"type":"Polygon","coordinates":[[[4.06993028,50.96381159],[4.06990242,50.96382749],[4.06985374,50.96379348],[4.0698816,50.96377758],[4.06993028,50.96381159]]]}},{"type":"Feature","id":"gebouw/Gebouw.17310862/0","properties":{"source":"Digitaal Vlaanderen Gebouwenregister","source_id":"gebouw/Gebouw.17310862/0","kind":"building","height_m":6.44,"status":null},"geometry":{"type":"Polygon","coordinates":[[[4.07669919,50.96301825],[4.0764726,50.96310494],[4.07640113,50.96303045],[4.07662772,50.96294375],[4.07669919,50.96301825]]]}},{"type":"Feature","id":"gebouw/Gebouw.17311110/0","properties":{"source":"Digitaal Vlaanderen Gebouwenregister","source_id":"gebouw/Gebouw.17311110/0","kind":"building","height_m":8.6,"status":null},"geometry":{"type":"Polygon","coordinates":[[[4.07130158,50.96896891],[4.07127968,50.96897279],[4.07127771,50.96896835],[4.07125188,50.96891025],[4.07121615,50.96891658],[4.07117741,50.96882942],[4.07123408,50.96881938],[4.07130158,50.96896891]]]}},{"type":"Feature","id":"gebouw/Gebouw.17311251/0","properties":{"source":"Digitaal Vlaanderen Gebouwenregister","source_id":"gebouw/Gebouw.17311251/0","kind":"building","height_m":9.32,"status":null},"geometry":{"type":"Polygon","coordinates":[[[4.07323902,50.96261747],[4.07321656,50.96259379],[4.07323336,50.96258769],[4.07321633,50.96257042],[4.07313286,50.96260399],[4.073074,50.96254478],[4.0731595,50.96251005],[4.07316514,50.96251544],[4.07324584,50.96248275],[4.07325086,50.96248835],[4.07326542,50.9624818],[4.07333464,50.96254343],[4.07328358,50.96256386],[4.07330756,50.96258914],[4.07323902,50.96261747]]]}},{"type":"Feature","id":"gebouw/Gebouw.17311456/0","properties":{"source":"Digitaal Vlaanderen Gebouwenregister","source_id":"gebouw/Gebouw.17311456/0","kind":"building","height_m":5.72,"status":null},"geometry":{"type":"Polygon","coordinates":[[[4.08009856,50.96587511],[4.08003292,50.96591357],[4.07991533,50.9658335],[4.07998098,50.96579506],[4.08009856,50.96587511]]]}},{"type":"Feature","id":"gebouw/Gebouw.17311461/0","properties":{"source":"Digitaal Vlaanderen Gebouwenregister","source_id":"gebouw/Gebouw.17311461/0","kind":"building","height_m":9.32,"status":null},"geometry":{"type":"Polygon","coordinates":[[[4.07082167,50.96326164],[4.07075022,50.96329271],[4.07062772,50.96318038],[4.0706996,50.96314912],[4.07082167,50.96326164]]]}},{"type":"Feature","id":"gebouw/Gebouw.17311462/0","properties":{"source":"Digitaal Vlaanderen Gebouwenregister","source_id":"gebouw/Gebouw.17311462/0","kind":"building","height_m":5.0,"status":null},"geometry":{"type":"Polygon","coordinates":[[[4.07130654,50.96862093],[4.0714025,50.9686042],[4.0714673,50.9687524],[4.0713756,50.96876835],[4.07130654,50.96862093]]]}},{"type":"Feature","id":"gebouw/Gebouw.17318877/0","properties":{"source":"Digitaal Vlaanderen Gebouwenregister","source_id":"gebouw/Gebouw.17318877/0","kind":"building","height_m":6.44,"status":null},"geometry":{"type":"Polygon","coordinates":[[[4.07068049,50.96363946],[4.07065823,50.96362227],[4.07066611,50.96361801],[4.07067041,50.96362118],[4.07068273,50.96361452],[4.07054739,50.96352027],[4.07052576,50.9635319],[4.0705419,50.96354325],[4.07048807,50.96357376],[4.07056366,50.96363261],[4.07042552,50.96371076],[4.07048357,50.96375403],[4.07068049,50.96363946]]]}},{"type":"Feature","id":"gebouw/Gebouw.17319169/0","properties":{"source":"Digitaal Vlaanderen Gebouwenregister","source_id":"gebouw/Gebouw.17319169/0","kind":"building","height_m":5.0,"status":null},"geometry":{"type":"Polygon","coordinates":[[[4.07013587,50.96314408],[4.07008798,50.96312832],[4.07007684,50.96313976],[4.06993908,50.96308839],[4.06995947,50.9630616],[4.06997008,50.96304768],[4.06998576,50.96302708],[4.07000483,50.96303392],[4.07002809,50.96300806],[4.07020064,50.96306997],[4.07019896,50.96307154],[4.0701628,50.96311596],[4.07015558,50.96312349],[4.07013587,50.96314408]]]}},{"type":"Feature","id":"gebouw/Gebouw.17319527/0","properties":{"source":"Digitaal Vlaanderen Gebouwenregister","source_id":"gebouw/Gebouw.17319527/0","kind":"building","height_m":5.72,"status":null},"geometry":{"type":"Polygon","coordinates":[[[4.07660553,50.96254376],[4.07649812,50.96262183],[4.07649994,50.96262284],[4.07655096,50.96265114],[4.07659134,50.96262211],[4.07667504,50.96266855],[4.07680795,50.962573],[4.07672857,50.96252897],[4.07666336,50.96257585],[4.07660553,50.96254376]]]}},{"type":"Feature","id":"gebouw/Gebouw.17320918/0","properties":{"source":"Digitaal Vlaanderen Gebouwenregister","source_id":"gebouw/Gebouw.17320918/0","kind":"building","height_m":9.32,"status":null},"geometry":{"type":"Polygon","coordinates":[[[4.07769109,50.96264403],[4.0777526,50.96260121],[4.07779138,50.96262343],[4.07775662,50.96264762],[4.07776457,50.96265218],[4.07773744,50.96267085],[4.07769109,50.96264403]]]}},{"type":"Feature","id":"gebouw/Gebouw.17321169/0","properties":{"source":"Digitaal Vlaanderen Gebouwenregister","source_id":"gebouw/Gebouw.17321169/0","kind":"building","height_m":8.6,"status":null},"geometry":{"type":"Polygon","coordinates":[[[4.07077738,50.9631153],[4.07092581,50.96325143],[4.07084754,50.96328548],[4.07082167,50.96326164],[4.0706996,50.96314912],[4.07077738,50.9631153]]]}},{"type":"Feature","id":"gebouw/Gebouw.17321170/0","properties":{"source":"Digitaal Vlaanderen Gebouwenregister","source_id":"gebouw/Gebouw.17321170/0","kind":"building","height_m":9.32,"status":null},"geometry":{"type":"Polygon","coordinates":[[[4.07776622,50.96300494],[4.07770697,50.96304582],[4.07766413,50.96302107],[4.07765937,50.96301831],[4.07767462,50.96300809],[4.07772133,50.96297678],[4.07776622,50.96300494]]]}},{"type":"Feature","id":"gebouw/Gebouw.17322342/0","properties":{"source":"Digitaal Vlaanderen Gebouwenregister","source_id":"gebouw/Gebouw.17322342/0","kind":"building","height_m":6.44,"status":null},"geometry":{"type":"Polygon","coordinates":[[[4.07097561,50.96886497],[4.07093063,50.96887224],[4.07097386,50.96896842],[4.07097705,50.96897552],[4.07102907,50.96896706],[4.07098678,50.96886316],[4.07097561,50.96886497]]]}},{"type":"Feature","id":"gebouw/Gebouw.17356048/0","properties":{"source":"Digitaal Vlaanderen Gebouwenregister","source_id":"gebouw/Gebouw.17356048/0","kind":"building","height_m":7.16,"status":null},"geometry":{"type":"Polygon","coordinates":[[[4.07757312,50.96373749],[4.07750826,50.96369994],[4.0774759,50.9637221],[4.07742319,50.96369048],[4.07748851,50.9636461],[4.0774487,50.96362227],[4.07757718,50.96353234],[4.07761878,50.96355686],[4.07763184,50.96354849],[4.07768457,50.96357918],[4.07768819,50.9635767],[4.07773052,50.96360008],[4.07762403,50.96367669],[4.077614,50.9636839],[4.07763659,50.96369697],[4.07757312,50.96373749]]]}},{"type":"Feature","id":"gebouw/Gebouw.17370032/0","properties":{"source":"Digitaal Vlaanderen Gebouwenregister","source_id":"gebouw/Gebouw.17370032/0","kind":"building","height_m":5.72,"status":null},"geometry":{"type":"Polygon","coordinates":[[[4.07967121,50.96507251],[4.07970259,50.96504577],[4.07974965,50.96506775],[4.07971825,50.96509454],[4.07967121,50.96507251]]]}},{"type":"Feature","id":"gebouw/Gebouw.17385757/0","properties":{"source":"Digitaal Vlaanderen Gebouwenregister","source_id":"gebouw/Gebouw.17385757/0","kind":"building","height_m":7.88,"status":null},"geometry":{"type":"Polygon","coordinates":[[[4.07927684,50.96480178],[4.07936305,50.96473406],[4.07942482,50.96468555],[4.07942823,50.96468287],[4.07935212,50.96464377],[4.07933962,50.96465361],[4.07919589,50.96476545],[4.07914273,50.96480681],[4.07922338,50.96484377],[4.07927684,50.96480178]]]}},{"type":"Feature","id":"gebouw/Gebouw.17433541/0","properties":{"source":"Digitaal Vlaanderen Gebouwenregister","source_id":"gebouw/Gebouw.17433541/0","kind":"building","height_m":9.32,"status":null},"geometry":{"type":"Polygon","coordinates":[[[4.07325184,50.96275071],[4.07324701,50.96275292],[4.07324142,50.96275547],[4.07320114,50.96277389],[4.07314827,50.96272778],[4.07319418,50.96270678],[4.07319897,50.96270459],[4.07325184,50.96275071]]]}},{"type":"Feature","id":"gebouw/Gebouw.17433546/0","properties":{"source":"Digitaal Vlaanderen Gebouwenregister","source_id":"gebouw/Gebouw.17433546/0","kind":"building","height_m":7.88,"status":null},"geometry":{"type":"Polygon","coordinates":[[[4.07943003,50.96468822],[4.07945925,50.96466554],[4.07949956,50.96468626],[4.07947021,50.96470904],[4.07949019,50.9647193],[4.07942811,50.96476749],[4.07936305,50.96473406],[4.07942482,50.96468555],[4.07943003,50.96468822]]]}},{"type":"Feature","id":"gebouw/Gebouw.18114677/0","properties":{"source":"Digitaal Vlaanderen Gebouwenregister","source_id":"gebouw/Gebouw.18114677/0","kind":"building","height_m":5.0,"status":null},"geometry":{"type":"Polygon","coordinates":[[[4.07904158,50.96412756],[4.07890916,50.9642417],[4.07871726,50.96415589],[4.07878317,50.96409711],[4.07892135,50.9641589],[4.07907409,50.96402412],[4.07907545,50.96402292],[4.07913287,50.96404887],[4.0790574,50.96411393],[4.07904158,50.96412756]]]}},{"type":"Feature","id":"gebouw/Gebouw.18115475/0","properties":{"source":"Digitaal Vlaanderen Gebouwenregister","source_id":"gebouw/Gebouw.18115475/0","kind":"building","height_m":5.0,"status":null},"geometry":{"type":"Polygon","coordinates":[[[4.0795501,50.9636145],[4.07948678,50.96356831],[4.07943797,50.9635327],[4.0793077,50.96360323],[4.07942378,50.96368555],[4.0795501,50.9636145]]]}},{"type":"Feature","id":"gebouw/Gebouw.18468031/0","properties":{"source":"Digitaal Vlaanderen Gebouwenregister","source_id":"gebouw/Gebouw.18468031/0","kind":"building","height_m":5.72,"status":null},"geometry":{"type":"Polygon","coordinates":[[[4.07642067,50.96238081],[4.07639873,50.96239659],[4.07638574,50.96240593],[4.0763837,50.96240741],[4.07621641,50.9625286],[4.07627338,50.96255996],[4.07632522,50.96252326],[4.07634322,50.96253306],[4.07649729,50.96242397],[4.07642153,50.9623813],[4.07642067,50.96238081]]]}},{"type":"Feature","id":"gebouw/Gebouw.18729307/0","properties":{"source":"Digitaal Vlaanderen Gebouwenregister","source_id":"gebouw/Gebouw.18729307/0","kind":"building","height_m":6.44,"status":null},"geometry":{"type":"Polygon","coordinates":[[[4.07031764,50.96360684],[4.07032719,50.96361231],[4.07036175,50.96359232],[4.0704335,50.96364147],[4.07027461,50.96373371],[4.07019835,50.96368684],[4.07025608,50.96365345],[4.07024859,50.96364815],[4.07031764,50.96360684]]]}},{"type":"Feature","id":"gebouw/Gebouw.18729308/0","properties":{"source":"Digitaal Vlaanderen Gebouwenregister","source_id":"gebouw/Gebouw.18729308/0","kind":"building","height_m":7.16,"status":null},"geometry":{"type":"Polygon","coordinates":[[[4.07107326,50.96355373],[4.07101282,50.9635795],[4.07097688,50.96354676],[4.07103626,50.96352098],[4.07107326,50.96355373]]]}},{"type":"Feature","id":"gebouw/Gebouw.18729533/0","properties":{"source":"Digitaal Vlaanderen Gebouwenregister","source_id":"gebouw/Gebouw.18729533/0","kind":"building","height_m":7.88,"status":null},"geometry":{"type":"Polygon","coordinates":[[[4.07389279,50.9627252],[4.07385772,50.96274088],[4.07382602,50.96271437],[4.0738628,50.96269907],[4.07389279,50.9627252]]]}},{"type":"Feature","id":"gebouw/Gebouw.18729534/0","properties":{"source":"Digitaal Vlaanderen Gebouwenregister","source_id":"gebouw/Gebouw.18729534/0","kind":"building","height_m":8.6,"status":null},"geometry":{"type":"Polygon","coordinates":[[[4.07424971,50.96254085],[4.07420755,50.96255938],[4.07418162,50.96253438],[4.07422314,50.96251599],[4.07424971,50.96254085]]]}},{"type":"Feature","id":"gebouw/Gebouw.18729535/0","properties":{"source":"Digitaal Vlaanderen Gebouwenregister","source_id":"gebouw/Gebouw.18729535/0","kind":"building","height_m":9.32,"status":null},"geometry":{"type":"Polygon","coordinates":[[[4.07546428,50.96283005],[4.07543009,50.96286824],[4.07531197,50.96282209],[4.07534874,50.96278337],[4.07546428,50.96283005]]]}},{"type":"Feature","id":"gebouw/Gebouw.18729536/0","properties":{"source":"Digitaal Vlaanderen Gebouwenregister","source_id":"gebouw/Gebouw.18729536/0","kind":"building","height_m":5.0,"status":null},"geometry":{"type":"Polygon","coordinates":[[[4.07692164,50.9636211],[4.07678581,50.96354674],[4.07676878,50.96355923],[4.07681876,50.96358699],[4.07690379,50.96363421],[4.07692164,50.9636211]]]}},{"type":"Feature","id":"gebouw/Gebouw.18729537/0","properties":{"source":"Digitaal Vlaanderen Gebouwenregister","source_id":"gebouw/Gebouw.18729537/0","kind":"building","height_m":5.72,"status":null},"geometry":{"type":"Polygon","coordinates":[[[4.07715244,50.96329871],[4.07709673,50.96332207],[4.07707995,50.96330441],[4.07713565,50.96328187],[4.07715244,50.96329871]]]}},{"type":"Feature","id":"gebouw/Gebouw.18729538/0","properties":{"source":"Digitaal Vlaanderen Gebouwenregister","source_id":"gebouw/Gebouw.18729538/0","kind":"building","height_m":6.44,"status":null},"geometry":{"type":"Polygon","coordinates":[[[4.07897229,50.96323574],[4.07899784,50.96325318],[4.0789024,50.96331213],[4.07887287,50.96329329],[4.07885551,50.9632822],[4.07895182,50.96322176],[4.07897229,50.96323574]]]}},{"type":"Feature","id":"gebouw/Gebouw.18729539/0","properties":{"source":"Digitaal Vlaanderen Gebouwenregister","source_id":"gebouw/Gebouw.18729539/0","kind":"building","height_m":7.16,"status":null},"geometry":{"type":"Polygon","coordinates":[[[4.07893475,50.96321277],[4.07888782,50.96323778],[4.0788546,50.96321263],[4.07890154,50.96318721],[4.07893475,50.96321277]]]}},{"type":"Feature","id":"gebouw/Gebouw.18729540/0","properties":{"source":"Digitaal Vlaanderen Gebouwenregister","source_id":"gebouw/Gebouw.18729540/0","kind":"building","height_m":7.88,"status":null},"geometry":{"type":"Polygon","coordinates":[[[4.07794709,50.96405721],[4.07789152,50.96409831],[4.07788899,50.96409699],[4.07782299,50.96414448],[4.07778025,50.9641208],[4.07784516,50.96407409],[4.07784121,50.96407203],[4.07789699,50.96403106],[4.07794709,50.96405721]]]}},{"type":"Feature","id":"gebouw/Gebouw.18729541/0","properties":{"source":"Digitaal Vlaanderen Gebouwenregister","source_id":"gebouw/Gebouw.18729541/0","kind":"building","height_m":8.6,"status":null},"geometry":{"type":"Polygon","coordinates":[[[4.07847231,50.96419994],[4.07839938,50.96420714],[4.07839256,50.96417747],[4.07846591,50.96417109],[4.07847231,50.96419994]]]}},{"type":"Feature","id":"gebouw/Gebouw.18729542/0","properties":{"source":"Digitaal Vlaanderen Gebouwenregister","source_id":"gebouw/Gebouw.18729542/0","kind":"building","height_m":9.32,"status":null},"geometry":{"type":"Polygon","coordinates":[[[4.07979207,50.96721301],[4.07958952,50.9673141],[4.07951582,50.96725985],[4.07972224,50.96715702],[4.07979207,50.96721301]]]}},{"type":"Feature","id":"gebouw/Gebouw.18729543/0","properties":{"source":"Digitaal Vlaanderen Gebouwenregister","source_id":"gebouw/Gebouw.18729543/0","kind":"building","height_m":5.0,"status":null},"geometry":{"type":"Polygon","coordinates":[[[4.07988166,50.9672883],[4.07967932,50.96738938],[4.07960692,50.96733432],[4.07980947,50.9672327],[4.07988166,50.9672883]]]}},{"type":"Feature","id":"gebouw/Gebouw.18729544/0","properties":{"source":"Digitaal Vlaanderen Gebouwenregister","source_id":"gebouw/Gebouw.18729544/0","kind":"building","height_m":5.72,"status":null},"geometry":{"type":"Polygon","coordinates":[[[4.07977772,50.96746226],[4.07968829,50.96739361],[4.07988912,50.96729306],[4.0799792,50.96736117],[4.07977772,50.96746226]]]}},{"type":"Feature","id":"gebouw/Gebouw.18964124/0","properties":{"source":"Digitaal Vlaanderen Gebouwenregister","source_id":"gebouw/Gebouw.18964124/0","kind":"building","height_m":7.88,"status":null},"geometry":{"type":"Polygon","coordinates":[[[4.07135991,50.96249282],[4.07116951,50.96240193],[4.07128531,50.96230533],[4.07147571,50.96239622],[4.07135991,50.96249282]]]}},{"type":"Feature","id":"gebouw/Gebouw.18964125/0","properties":{"source":"Digitaal Vlaanderen Gebouwenregister","source_id":"gebouw/Gebouw.18964125/0","kind":"building","height_m":8.6,"status":null},"geometry":{"type":"Polygon","coordinates":[[[4.0711808,50.96262694],[4.07099041,50.96253606],[4.07110608,50.96243926],[4.07129648,50.96253015],[4.0711808,50.96262694]]]}},{"type":"Feature","id":"gebouw/Gebouw.19790116/0","properties":{"source":"Digitaal Vlaanderen Gebouwenregister","source_id":"gebouw/Gebouw.19790116/0","kind":"building","height_m":7.16,"status":null},"geometry":{"type":"Polygon","coordinates":[[[4.07232145,50.96832697],[4.07235663,50.96837462],[4.07230358,50.96838991],[4.07226556,50.96834266],[4.0722627,50.96833911],[4.07231897,50.96832362],[4.07232145,50.96832697]]]}},{"type":"Feature","id":"gebouw/Gebouw.19790119/0","properties":{"source":"Digitaal Vlaanderen Gebouwenregister","source_id":"gebouw/Gebouw.19790119/0","kind":"building","height_m":9.32,"status":null},"geometry":{"type":"Polygon","coordinates":[[[4.07268563,50.96257548],[4.07266904,50.96254963],[4.0727235,50.96253688],[4.07273913,50.96256265],[4.07268563,50.96257548]]]}},{"type":"Feature","id":"gebouw/Gebouw.19892704/0","properties":{"source":"Digitaal Vlaanderen Gebouwenregister","source_id":"gebouw/Gebouw.19892704/0","kind":"building","height_m":9.32,"status":null},"geometry":{"type":"Polygon","coordinates":[[[4.07939473,50.96448212],[4.07939678,50.96448031],[4.07941756,50.96448972],[4.07954238,50.96437975],[4.07954848,50.96438257],[4.07954884,50.96438274],[4.07963376,50.96442191],[4.07971504,50.96435787],[4.07962567,50.96431686],[4.07955274,50.96428339],[4.07955259,50.96428332],[4.07955169,50.96428291],[4.07934815,50.96446028],[4.07928198,50.96451793],[4.07906558,50.96470554],[4.07919589,50.96476545],[4.07933962,50.96465361],[4.07931667,50.96464182],[4.07931931,50.96463976],[4.07927081,50.96461739],[4.07939137,50.96451317],[4.07937044,50.96450352],[4.07939473,50.96448212]]]}},{"type":"Feature","id":"gebouw/Gebouw.19892808/0","properties":{"source":"Digitaal Vlaanderen Gebouwenregister","source_id":"gebouw/Gebouw.19892808/0","kind":"building","height_m":8.6,"status":null},"geometry":{"type":"Polygon","coordinates":[[[4.07484122,50.96231359],[4.0747249,50.96236229],[4.07471924,50.96235727],[4.07466428,50.96230849],[4.07458161,50.96223511],[4.07469435,50.96218519],[4.07472142,50.96220885],[4.07480615,50.96228293],[4.07484122,50.96231359]]]}},{"type":"Feature","id":"gebouw/Gebouw.19892809/0","properties":{"source":"Digitaal Vlaanderen Gebouwenregister","source_id":"gebouw/Gebouw.19892809/0","kind":"building","height_m":9.32,"status":null},"geometry":{"type":"Polygon","coordinates":[[[4.07486988,50.96230159],[4.07484122,50.96231359],[4.07480615,50.96228293],[4.07483772,50.96227008],[4.07486988,50.96230159]]]}},{"type":"Feature","id":"gebouw/Gebouw.19893571/0","properties":{"source":"Digitaal Vlaanderen Gebouwenregister","source_id":"gebouw/Gebouw.19893571/0","kind":"building","height_m":8.6,"status":null},"geometry":{"type":"Polygon","coordinates":[[[4.07830983,50.96390029],[4.07826176,50.96393796],[4.07816424,50.96388578],[4.07815839,50.96389013],[4.07807799,50.96384712],[4.078098,50.96383221],[4.07808362,50.96382451],[4.07810611,50.96380776],[4.07807971,50.96379363],[4.07809238,50.96378419],[4.07823059,50.96385797],[4.07830459,50.96389748],[4.07830983,50.96390029]]]}},{"type":"Feature","id":"gebouw/Gebouw.19893572/0","properties":{"source":"Digitaal Vlaanderen Gebouwenregister","source_id":"gebouw/Gebouw.19893572/0","kind":"building","height_m":9.32,"status":null},"geometry":{"type":"Polygon","coordinates":[[[4.07823059,50.96385797],[4.07830459,50.96389748],[4.07836377,50.96384941],[4.07832956,50.9638323],[4.07829763,50.96385865],[4.07825645,50.9638377],[4.07823059,50.96385797]]]}},{"type":"Feature","id":"gebouw/Gebouw.19894286/0","properties":{"source":"Digitaal Vlaanderen Gebouwenregister","source_id":"gebouw/Gebouw.19894286/0","kind":"building","height_m":9.32,"status":null},"geometry":{"type":"Polygon","coordinates":[[[4.07734489,50.96330367],[4.07729672,50.96328058],[4.07728718,50.96328816],[4.07724771,50.96330607],[4.07695241,50.96344013],[4.07692567,50.96345227],[4.07697654,50.96349596],[4.07700447,50.96348382],[4.07723374,50.96338411],[4.07721845,50.9633701],[4.0773231,50.96332044],[4.07734489,50.96330367]]]}},{"type":"Feature","id":"gebouw/Gebouw.19894287/0","properties":{"source":"Digitaal Vlaanderen Gebouwenregister","source_id":"gebouw/Gebouw.19894287/0","kind":"building","height_m":5.0,"status":null},"geometry":{"type":"Polygon","coordinates":[[[4.07751926,50.96326408],[4.07739446,50.96320292],[4.07729672,50.96328058],[4.07734489,50.96330367],[4.07736786,50.96331469],[4.07731561,50.9633507],[4.07733714,50.96336126],[4.07737287,50.96337877],[4.07751926,50.96326408]]]}},{"type":"Feature","id":"gebouw/Gebouw.19894288/0","properties":{"source":"Digitaal Vlaanderen Gebouwenregister","source_id":"gebouw/Gebouw.19894288/0","kind":"building","height_m":5.72,"status":null},"geometry":{"type":"Polygon","coordinates":[[[4.07735285,50.9633899],[4.07730181,50.96336135],[4.07706729,50.96349324],[4.07706191,50.96349026],[4.07705538,50.96349388],[4.07704571,50.96348701],[4.07702652,50.96349582],[4.0770387,50.96350474],[4.07699496,50.96352882],[4.07704297,50.96356204],[4.07735285,50.9633899]]]}},{"type":"Feature","id":"gebouw/Gebouw.19894989/0","properties":{"source":"Digitaal Vlaanderen Gebouwenregister","source_id":"gebouw/Gebouw.19894989/0","kind":"building","height_m":6.44,"status":null},"geometry":{"type":"Polygon","coordinates":[[[4.06991994,50.96312021],[4.06986553,50.96324583],[4.06981877,50.96323756],[4.06977672,50.96323011],[4.06982731,50.96311615],[4.06978286,50.96310828],[4.06977818,50.9631188],[4.06959816,50.96308693],[4.06963166,50.96301147],[4.06981056,50.96304314],[4.06985157,50.9630529],[4.0699308,50.96294895],[4.07001845,50.96297559],[4.06996303,50.96304829],[4.06996248,50.96304901],[4.06995416,50.96305993],[4.06993536,50.9630846],[4.06991994,50.96312021]]]}},{"type":"Feature","id":"gebouw/Gebouw.19895419/0","properties":{"source":"Digitaal Vlaanderen Gebouwenregister","source_id":"gebouw/Gebouw.19895419/0","kind":"building","height_m":8.6,"status":null},"geometry":{"type":"Polygon","coordinates":[[[4.07533357,50.96244121],[4.07519598,50.96249548],[4.07517582,50.96247502],[4.07525058,50.96244567],[4.07524572,50.96244073],[4.0752537,50.9624376],[4.07523612,50.96241975],[4.07527139,50.9624059],[4.07524529,50.96237939],[4.0753461,50.96233628],[4.07535795,50.96234648],[4.07538213,50.96236728],[4.07542437,50.96240364],[4.07542577,50.96240485],[4.07533357,50.96244121]]]}},{"type":"Feature","id":"gebouw/Gebouw.19895420/0","properties":{"source":"Digitaal Vlaanderen Gebouwenregister","source_id":"gebouw/Gebouw.19895420/0","kind":"building","height_m":9.32,"status":null},"geometry":{"type":"Polygon","coordinates":[[[4.07533357,50.96244121],[4.07539716,50.962501],[4.07516332,50.96259282],[4.07510344,50.96253198],[4.07512192,50.96252469],[4.07519598,50.96249548],[4.07533357,50.96244121]]]}},{"type":"Feature","id":"gebouw/Gebouw.19895421/0","properties":{"source":"Digitaal Vlaanderen Gebouwenregister","source_id":"gebouw/Gebouw.19895421/0","kind":"building","height_m":5.0,"status":null},"geometry":{"type":"Polygon","coordinates":[[[4.07513039,50.96242852],[4.07508994,50.96244582],[4.07508206,50.96243862],[4.07507604,50.96243008],[4.07507361,50.96242051],[4.07507369,50.96241164],[4.07505406,50.96239201],[4.07497902,50.96242551],[4.07494724,50.96239594],[4.07502647,50.96235792],[4.07503224,50.96235515],[4.07523745,50.9622567],[4.07526757,50.96227966],[4.07526315,50.96228185],[4.07527603,50.96229242],[4.07528814,50.96230236],[4.07530128,50.96229967],[4.0753069,50.96229712],[4.07534971,50.96233251],[4.0753518,50.96233146],[4.07535343,50.96233284],[4.0753461,50.96233628],[4.07524529,50.96237939],[4.07513039,50.96242852]]]}},{"type":"Feature","id":"gebouw/Gebouw.19895422/0","properties":{"source":"Digitaal Vlaanderen Gebouwenregister","source_id":"gebouw/Gebouw.19895422/0","kind":"building","height_m":5.72,"status":null},"geometry":{"type":"Polygon","coordinates":[[[4.07513039,50.96242852],[4.07516218,50.96246081],[4.07508778,50.96249002],[4.0750578,50.96245957],[4.07508994,50.96244582],[4.07513039,50.96242852]]]}},{"type":"Feature","id":"gebouw/Gebouw.19896002/0","properties":{"source":"Digitaal Vlaanderen Gebouwenregister","source_id":"gebouw/Gebouw.19896002/0","kind":"building","height_m":5.0,"status":null},"geometry":{"type":"Polygon","coordinates":[[[4.07364836,50.96236938],[4.07365571,50.96236618],[4.07366092,50.96236391],[4.07373268,50.96242963],[4.07365041,50.96246545],[4.07357865,50.96239974],[4.07364836,50.96236938]]]}},{"type":"Feature","id":"gebouw/Gebouw.19896003/0","properties":{"source":"Digitaal Vlaanderen Gebouwenregister","source_id":"gebouw/Gebouw.19896003/0","kind":"building","height_m":5.72,"status":null},"geometry":{"type":"Polygon","coordinates":[[[4.07372112,50.96252984],[4.07365662,50.96255793],[4.07361991,50.96252431],[4.07362191,50.96252345],[4.07359262,50.96249922],[4.07360694,50.96249231],[4.07358485,50.96247404],[4.07353299,50.96243114],[4.07354119,50.96242624],[4.07353314,50.96242086],[4.0735458,50.96239566],[4.07350959,50.96236161],[4.07350267,50.96236411],[4.07347265,50.96233102],[4.07347931,50.96232861],[4.07347463,50.96232404],[4.07355883,50.96228738],[4.07364836,50.96236938],[4.07357865,50.96239974],[4.07365041,50.96246545],[4.0736844,50.9624964],[4.07372112,50.96252984]]]}},{"type":"Feature","id":"gebouw/Gebouw.19896398/0","properties":{"source":"Digitaal Vlaanderen Gebouwenregister","source_id":"gebouw/Gebouw.19896398/0","kind":"building","height_m":7.88,"status":null},"geometry":{"type":"Polygon","coordinates":[[[4.07041025,50.96283323],[4.07035948,50.96281033],[4.0704455,50.96273438],[4.07037216,50.96270125],[4.07026735,50.9627938],[4.070314,50.96281487],[4.07024329,50.9628773],[4.07013289,50.96282744],[4.07024432,50.96272882],[4.07029866,50.96268072],[4.07030929,50.96267132],[4.07035424,50.96263153],[4.0703673,50.96261997],[4.07055767,50.96270595],[4.07041025,50.96283323]]]}},{"type":"Feature","id":"gebouw/Gebouw.19896399/0","properties":{"source":"Digitaal Vlaanderen Gebouwenregister","source_id":"gebouw/Gebouw.19896399/0","kind":"building","height_m":8.6,"status":null},"geometry":{"type":"Polygon","coordinates":[[[4.0703673,50.96261997],[4.07035424,50.96263153],[4.07030929,50.96267132],[4.07027865,50.96265748],[4.07033675,50.96260617],[4.0703673,50.96261997]]]}},{"type":"Feature","id":"gebouw/Gebouw.19897717/0","properties":{"source":"Digitaal Vlaanderen Gebouwenregister","source_id":"gebouw/Gebouw.19897717/0","kind":"building","height_m":5.0,"status":null},"geometry":{"type":"Polygon","coordinates":[[[4.07876359,50.96282692],[4.0787912,50.96281195],[4.07882949,50.96284014],[4.07883644,50.96283638],[4.07887331,50.96286354],[4.07884088,50.96288115],[4.07883712,50.96287851],[4.07880521,50.96285612],[4.07876359,50.96282692]]]}},{"type":"Feature","id":"gebouw/Gebouw.19897718/0","properties":{"source":"Digitaal Vlaanderen Gebouwenregister","source_id":"gebouw/Gebouw.19897718/0","kind":"building","height_m":5.72,"status":null},"geometry":{"type":"Polygon","coordinates":[[[4.07883712,50.96287851],[4.07880671,50.96289492],[4.07877572,50.96287209],[4.07880521,50.96285612],[4.07883712,50.96287851]]]}},{"type":"Feature","id":"gebouw/Gebouw.19901793/0","properties":{"source":"Digitaal Vlaanderen Gebouwenregister","source_id":"gebouw/Gebouw.19901793/0","kind":"building","height_m":6.44,"status":null},"geometry":{"type":"Polygon","coordinates":[[[4.07016464,50.96319744],[4.07003483,50.96334195],[4.06995936,50.96331489],[4.070087,50.96317294],[4.07012612,50.96318528],[4.07016464,50.96319744]]]}},{"type":"Feature","id":"gebouw/Gebouw.19901794/0","properties":{"source":"Digitaal Vlaanderen Gebouwenregister","source_id":"gebouw/Gebouw.19901794/0","kind":"building","height_m":7.16,"status":null},"geometry":{"type":"Polygon","coordinates":[[[4.07018406,50.96319226],[4.0701763,50.96320112],[4.07016464,50.96319744],[4.07012612,50.96318528],[4.07013561,50.96317489],[4.07018406,50.96319226]]]}},{"type":"Feature","id":"gebouw/Gebouw.19902665/0","properties":{"source":"Digitaal Vlaanderen Gebouwenregister","source_id":"gebouw/Gebouw.19902665/0","kind":"building","height_m":9.32,"status":null},"geometry":{"type":"Polygon","coordinates":[[[4.07750826,50.96369994],[4.0774759,50.9637221],[4.07742319,50.96369048],[4.07748851,50.9636461],[4.0774487,50.96362227],[4.07757718,50.96353234],[4.07761878,50.96355686],[4.07763184,50.96354849],[4.07768457,50.96357918],[4.07757827,50.96365199],[4.07757463,50.96365448],[4.07750826,50.96369994]]]}},{"type":"Feature","id":"gebouw/Gebouw.19902666/0","properties":{"source":"Digitaal Vlaanderen Gebouwenregister","source_id":"gebouw/Gebouw.19902666/0","kind":"building","height_m":5.0,"status":null},"geometry":{"type":"Polygon","coordinates":[[[4.07768819,50.9635767],[4.07768458,50.96357918],[4.07757828,50.96365199],[4.07757463,50.96365448],[4.07762075,50.96367905],[4.07773052,50.96360008],[4.07768819,50.9635767]]]}},{"type":"Feature","id":"gebouw/Gebouw.19902667/0","properties":{"source":"Digitaal Vlaanderen Gebouwenregister","source_id":"gebouw/Gebouw.19902667/0","kind":"building","height_m":5.72,"status":null},"geometry":{"type":"Polygon","coordinates":[[[4.07762074,50.96367905],[4.077614,50.9636839],[4.07763659,50.96369697],[4.07757312,50.96373749],[4.07750826,50.96369994],[4.07757463,50.96365448],[4.07762074,50.96367905]]]}},{"type":"Feature","id":"gebouw/Gebouw.19904672/0","properties":{"source":"Digitaal Vlaanderen Gebouwenregister","source_id":"gebouw/Gebouw.19904672/0","kind":"building","height_m":7.88,"status":null},"geometry":{"type":"Polygon","coordinates":[[[4.07642067,50.96238081],[4.07645192,50.96235834],[4.07652294,50.96230727],[4.07658124,50.96226534],[4.07656716,50.96225759],[4.07677582,50.96210641],[4.07666907,50.96204765],[4.07646101,50.9621984],[4.07641092,50.96217083],[4.07645431,50.9621394],[4.07617178,50.96198096],[4.0759889,50.96211204],[4.07610154,50.96217471],[4.07614307,50.96219782],[4.07639859,50.96233999],[4.0763542,50.96237181],[4.07639873,50.96239659],[4.07642067,50.96238081]]]}},{"type":"Feature","id":"gebouw/Gebouw.19904673/0","properties":{"source":"Digitaal Vlaanderen Gebouwenregister","source_id":"gebouw/Gebouw.19904673/0","kind":"building","height_m":8.6,"status":null},"geometry":{"type":"Polygon","coordinates":[[[4.07624763,50.96243702],[4.07626141,50.96244469],[4.07617564,50.96250616],[4.07612344,50.96247743],[4.07613762,50.96246741],[4.07606628,50.96242771],[4.07614807,50.96236909],[4.07622022,50.96240924],[4.07621038,50.96241629],[4.0762401,50.96243283],[4.07624763,50.96243702]]]}},{"type":"Feature","id":"gebouw/Gebouw.19904674/0","properties":{"source":"Digitaal Vlaanderen Gebouwenregister","source_id":"gebouw/Gebouw.19904674/0","kind":"building","height_m":9.32,"status":null},"geometry":{"type":"Polygon","coordinates":[[[4.07621641,50.9625286],[4.0763837,50.96240741],[4.07638574,50.96240593],[4.07639873,50.96239659],[4.0763542,50.96237181],[4.07634098,50.96238129],[4.07629425,50.96241478],[4.07628727,50.9624109],[4.07624763,50.96243702],[4.07626141,50.96244469],[4.07617564,50.96250616],[4.07621641,50.9625286]]]}},{"type":"Feature","id":"gebouw/Gebouw.19906272/0","properties":{"source":"Digitaal Vlaanderen Gebouwenregister","source_id":"gebouw/Gebouw.19906272/0","kind":"building","height_m":5.72,"status":null},"geometry":{"type":"Polygon","coordinates":[[[4.0701628,50.96311596],[4.07015929,50.96311962],[4.06996765,50.96305086],[4.06998576,50.96302708],[4.07000483,50.96303392],[4.07002809,50.96300806],[4.07020064,50.96306997],[4.07019896,50.96307154],[4.0701628,50.96311596]]]}},{"type":"Feature","id":"gebouw/Gebouw.19906273/0","properties":{"source":"Digitaal Vlaanderen Gebouwenregister","source_id":"gebouw/Gebouw.19906273/0","kind":"building","height_m":6.44,"status":null},"geometry":{"type":"Polygon","coordinates":[[[4.07021686,50.96313542],[4.07019855,50.96315569],[4.07017455,50.96314705],[4.07015674,50.96316678],[4.06993908,50.96308839],[4.06995947,50.9630616],[4.06996765,50.96305086],[4.07015929,50.96311962],[4.0701628,50.96311596],[4.07021686,50.96313542]]]}},{"type":"Feature","id":"gebouw/Gebouw.19930779/0","properties":{"source":"Digitaal Vlaanderen Gebouwenregister","source_id":"gebouw/Gebouw.19930779/0","kind":"building","height_m":5.72,"status":null},"geometry":{"type":"Polygon","coordinates":[[[4.07957903,50.96363561],[4.0795501,50.9636145],[4.07942378,50.96368555],[4.07946127,50.96371213],[4.07958848,50.96364251],[4.07957903,50.96363561]]]}},{"type":"Feature","id":"gebouw/Gebouw.20145352/0","properties":{"source":"Digitaal Vlaanderen Gebouwenregister","source_id":"gebouw/Gebouw.20145352/0","kind":"building","height_m":7.16,"status":null},"geometry":{"type":"Polygon","coordinates":[[[4.07946667,50.96750129],[4.07939051,50.96744114],[4.079594,50.9673384],[4.07967017,50.96739854],[4.07946667,50.96750129]]]}},{"type":"Feature","id":"gebouw/Gebouw.20145353/0","properties":{"source":"Digitaal Vlaanderen Gebouwenregister","source_id":"gebouw/Gebouw.20145353/0","kind":"building","height_m":7.88,"status":null},"geometry":{"type":"Polygon","coordinates":[[[4.07947058,50.96750409],[4.07967262,50.96740113],[4.0797654,50.96747373],[4.07956336,50.96757668],[4.07947058,50.96750409]]]}},{"type":"Feature","id":"gebouw/Gebouw.20145357/0","properties":{"source":"Digitaal Vlaanderen Gebouwenregister","source_id":"gebouw/Gebouw.20145357/0","kind":"building","height_m":5.72,"status":null},"geometry":{"type":"Polygon","coordinates":[[[4.07347758,50.96262063],[4.07352775,50.96259989],[4.07357062,50.96264125],[4.07352045,50.96266199],[4.07347758,50.96262063]]]}},{"type":"Feature","id":"gebouw/Gebouw.20145362/0","properties":{"source":"Digitaal Vlaanderen Gebouwenregister","source_id":"gebouw/Gebouw.20145362/0","kind":"building","height_m":9.32,"status":null},"geometry":{"type":"Polygon","coordinates":[[[4.07890092,50.96457223],[4.07884691,50.9645457],[4.07889243,50.96450874],[4.07894644,50.96453526],[4.07890092,50.96457223]]]}},{"type":"Feature","id":"gebouw/Gebouw.20145363/0","properties":{"source":"Digitaal Vlaanderen Gebouwenregister","source_id":"gebouw/Gebouw.20145363/0","kind":"building","height_m":5.0,"status":null},"geometry":{"type":"Polygon","coordinates":[[[4.07642072,50.96326742],[4.07645015,50.96329834],[4.07633552,50.96334186],[4.07630609,50.96331095],[4.07642072,50.96326742]]]}},{"type":"Feature","id":"gebouw/Gebouw.20145364/0","properties":{"source":"Digitaal Vlaanderen Gebouwenregister","source_id":"gebouw/Gebouw.20145364/0","kind":"building","height_m":5.72,"status":null},"geometry":{"type":"Polygon","coordinates":[[[4.07628229,50.96320765],[4.07626526,50.963214],[4.07620355,50.96323702],[4.07617645,50.96320782],[4.07625533,50.96317861],[4.07628229,50.96320765]]]}},{"type":"Feature","id":"gebouw/Gebouw.20146599/0","properties":{"source":"Digitaal Vlaanderen Gebouwenregister","source_id":"gebouw/Gebouw.20146599/0","kind":"building","height_m":7.88,"status":null},"geometry":{"type":"Polygon","coordinates":[[[4.07497907,50.9681283],[4.07502277,50.96810123],[4.07507957,50.96813778],[4.0750573,50.96815528],[4.0750243,50.96813728],[4.07500837,50.96814715],[4.07497907,50.9681283]]]}},{"type":"Feature","id":"gebouw/Gebouw.20146600/0","properties":{"source":"Digitaal Vlaanderen Gebouwenregister","source_id":"gebouw/Gebouw.20146600/0","kind":"building","height_m":8.6,"status":null},"geometry":{"type":"Polygon","coordinates":[[[4.07464487,50.9680593],[4.07462532,50.96804263],[4.07468482,50.9680148],[4.07470437,50.96803148],[4.07464487,50.9680593]]]}},{"type":"Feature","id":"gebouw/Gebouw.20146601/0","properties":{"source":"Digitaal Vlaanderen Gebouwenregister","source_id":"gebouw/Gebouw.20146601/0","kind":"building","height_m":9.32,"status":null},"geometry":{"type":"Polygon","coordinates":[[[4.07492026,50.96251307],[4.07490651,50.96249892],[4.07492686,50.96249104],[4.07492333,50.96248741],[4.07500534,50.96245562],[4.07502261,50.96247339],[4.07492026,50.96251307]]]}},{"type":"Feature","id":"gebouw/Gebouw.20146605/0","properties":{"source":"Digitaal Vlaanderen Gebouwenregister","source_id":"gebouw/Gebouw.20146605/0","kind":"building","height_m":7.16,"status":null},"geometry":{"type":"Polygon","coordinates":[[[4.07979185,50.96357767],[4.07977488,50.96356646],[4.07969412,50.96361517],[4.07971102,50.96362634],[4.07971338,50.9636279],[4.07971752,50.96363064],[4.07974385,50.96364805],[4.07982461,50.96359934],[4.07980102,50.96358374],[4.07979564,50.96358018],[4.07979185,50.96357767]]]}},{"type":"Feature","id":"gebouw/Gebouw.20147127/0","properties":{"source":"Digitaal Vlaanderen Gebouwenregister","source_id":"gebouw/Gebouw.20147127/0","kind":"building","height_m":5.0,"status":null},"geometry":{"type":"Polygon","coordinates":[[[4.07934815,50.96446028],[4.07955169,50.96428291],[4.07958366,50.96425639],[4.07939387,50.96416914],[4.07902915,50.96448552],[4.07909155,50.9645142],[4.07925959,50.96436843],[4.07926329,50.9643692],[4.07926733,50.96436957],[4.07927155,50.96436948],[4.07927573,50.9643689],[4.07927968,50.96436784],[4.0792832,50.96436637],[4.07928615,50.96436459],[4.07928847,50.96436261],[4.07929023,50.96436042],[4.07929142,50.96435796],[4.07929192,50.96435531],[4.07929165,50.96435261],[4.07929059,50.96434999],[4.07928883,50.96434757],[4.07928649,50.96434546],[4.07928374,50.96434371],[4.0792747,50.96433955],[4.07936892,50.96425782],[4.07943755,50.96428937],[4.07939862,50.96432313],[4.07938899,50.96431871],[4.07920181,50.96448108],[4.07928198,50.96451793],[4.07934815,50.96446028]]]}},{"type":"Feature","id":"gebouw/Gebouw.20147128/0","properties":{"source":"Digitaal Vlaanderen Gebouwenregister","source_id":"gebouw/Gebouw.20147128/0","kind":"building","height_m":5.72,"status":null},"geometry":{"type":"Polygon","coordinates":[[[4.07901874,50.96449428],[4.07899943,50.96451102],[4.07899026,50.96451897],[4.07904798,50.9645455],[4.07907645,50.96452083],[4.07901874,50.96449428]]]}},{"type":"Feature","id":"gebouw/Gebouw.30642321/0","properties":{"source":"Digitaal Vlaanderen Gebouwenregister","source_id":"gebouw/Gebouw.30642321/0","kind":"building","height_m":7.16,"status":null},"geometry":{"type":"Polygon","coordinates":[[[4.07252969,50.96240661],[4.07257847,50.96237165],[4.0726101,50.96238925],[4.07256132,50.96242422],[4.07252969,50.96240661]]]}},{"type":"Feature","id":"gebouw/Gebouw.30642322/0","properties":{"source":"Digitaal Vlaanderen Gebouwenregister","source_id":"gebouw/Gebouw.30642322/0","kind":"building","height_m":7.88,"status":null},"geometry":{"type":"Polygon","coordinates":[[[4.0742189,50.96248917],[4.07427771,50.96246597],[4.07431967,50.96250841],[4.07426087,50.9625316],[4.0742189,50.96248917]]]}},{"type":"Feature","id":"gebouw/Gebouw.30642326/0","properties":{"source":"Digitaal Vlaanderen Gebouwenregister","source_id":"gebouw/Gebouw.30642326/0","kind":"building","height_m":5.72,"status":null},"geometry":{"type":"Polygon","coordinates":[[[4.07750979,50.9637407],[4.07748169,50.96372528],[4.0774759,50.9637221],[4.07746912,50.96371829],[4.07742367,50.96369273],[4.07741366,50.96369975],[4.07738484,50.96371995],[4.07747372,50.96376739],[4.07750124,50.96374703],[4.07750979,50.9637407]]]}},{"type":"Feature","id":"gebouw/Gebouw.30642327/0","properties":{"source":"Digitaal Vlaanderen Gebouwenregister","source_id":"gebouw/Gebouw.30642327/0","kind":"building","height_m":6.44,"status":null},"geometry":{"type":"Polygon","coordinates":[[[4.08001702,50.96734412],[4.07992467,50.96727207],[4.08012652,50.96716906],[4.08022201,50.96724399],[4.08001702,50.96734412]]]}},{"type":"Feature","id":"gebouw/Gebouw.30642328/0","properties":{"source":"Digitaal Vlaanderen Gebouwenregister","source_id":"gebouw/Gebouw.30642328/0","kind":"building","height_m":7.16,"status":null},"geometry":{"type":"Polygon","coordinates":[[[4.08002733,50.96709305],[4.07982776,50.96719559],[4.07975496,50.9671391],[4.07995454,50.96703656],[4.08002733,50.96709305]]]}},{"type":"Feature","id":"gebouw/Gebouw.30642329/0","properties":{"source":"Digitaal Vlaanderen Gebouwenregister","source_id":"gebouw/Gebouw.30642329/0","kind":"building","height_m":7.88,"status":null},"geometry":{"type":"Polygon","coordinates":[[[4.08012182,50.96716549],[4.0799181,50.96726882],[4.07984336,50.96721006],[4.08004707,50.96710673],[4.08012182,50.96716549]]]}},{"type":"Feature","id":"gebouw/Gebouw.30642331/0","properties":{"source":"Digitaal Vlaanderen Gebouwenregister","source_id":"gebouw/Gebouw.30642331/0","kind":"building","height_m":9.32,"status":null},"geometry":{"type":"Polygon","coordinates":[[[4.07480415,50.9686782],[4.07483923,50.96863647],[4.07487209,50.96864748],[4.07483701,50.96868921],[4.07480415,50.9686782]]]}},{"type":"Feature","id":"gebouw/Gebouw.30706992/0","properties":{"source":"Digitaal Vlaanderen Gebouwenregister","source_id":"gebouw/Gebouw.30706992/0","kind":"building","height_m":5.72,"status":null},"geometry":{"type":"Polygon","coordinates":[[[4.07622022,50.96240924],[4.07614807,50.96236909],[4.07606628,50.96242771],[4.07613762,50.96246741],[4.07612344,50.96247743],[4.07616973,50.96250291],[4.07617564,50.96250616],[4.07626141,50.96244469],[4.07624763,50.96243702],[4.0762401,50.96243283],[4.07623707,50.96243114],[4.07621038,50.96241629],[4.07622022,50.96240924]]]}},{"type":"Feature","id":"gebouw/Gebouw.30909670/0","properties":{"source":"Digitaal Vlaanderen Gebouwenregister","source_id":"gebouw/Gebouw.30909670/0","kind":"building","height_m":5.72,"status":null},"geometry":{"type":"Polygon","coordinates":[[[4.08022708,50.96415058],[4.08014438,50.96411445],[4.08005924,50.96419216],[4.07999865,50.96424746],[4.0800807,50.96428362],[4.08008092,50.96428372],[4.08011162,50.96425587],[4.08022708,50.96415058]]]}},{"type":"Feature","id":"gebouw/Gebouw.30909687/0","properties":{"source":"Digitaal Vlaanderen Gebouwenregister","source_id":"gebouw/Gebouw.30909687/0","kind":"building","height_m":7.88,"status":null},"geometry":{"type":"Polygon","coordinates":[[[4.0760789,50.96287484],[4.07596788,50.96283226],[4.07602093,50.9627771],[4.07599623,50.96276762],[4.0760517,50.96270882],[4.07615801,50.9627488],[4.07614555,50.96276201],[4.0761749,50.96277305],[4.0760789,50.96287484]]]}},{"type":"Feature","id":"gebouw/Gebouw.31035395/0","properties":{"source":"Digitaal Vlaanderen Gebouwenregister","source_id":"gebouw/Gebouw.31035395/0","kind":"building","height_m":9.32,"status":null},"geometry":{"type":"Polygon","coordinates":[[[4.07785592,50.96318223],[4.07792326,50.96313059],[4.07788591,50.96311214],[4.07785242,50.96313838],[4.07785972,50.96314198],[4.07782886,50.96316615],[4.07780324,50.9631535],[4.07778001,50.9631717],[4.07772531,50.96314447],[4.07766846,50.96319018],[4.07766838,50.96319024],[4.07777865,50.96324449],[4.07785592,50.96318223]]]}},{"type":"Feature","id":"gebouw/Gebouw.31144738/0","properties":{"source":"Digitaal Vlaanderen Gebouwenregister","source_id":"gebouw/Gebouw.31144738/0","kind":"building","height_m":6.44,"status":null},"geometry":{"type":"Polygon","coordinates":[[[4.07957767,50.96732446],[4.07937532,50.96742812],[4.07930123,50.96737044],[4.07950357,50.96726678],[4.07957767,50.96732446]]]}},{"type":"Feature","id":"gebouw/Gebouw.31144739/0","properties":{"source":"Digitaal Vlaanderen Gebouwenregister","source_id":"gebouw/Gebouw.31144739/0","kind":"building","height_m":7.16,"status":null},"geometry":{"type":"Polygon","coordinates":[[[4.07998028,50.96736098],[4.07977818,50.96746422],[4.07968854,50.96739425],[4.07989064,50.96729101],[4.07998028,50.96736098]]]}},{"type":"Feature","id":"gebouw/Gebouw.31144769/0","properties":{"source":"Digitaal Vlaanderen Gebouwenregister","source_id":"gebouw/Gebouw.31144769/0","kind":"building","height_m":8.6,"status":null},"geometry":{"type":"Polygon","coordinates":[[[4.07386113,50.96280266],[4.07378861,50.96283541],[4.07377268,50.96282061],[4.07375965,50.9628085],[4.07383117,50.9627762],[4.07386113,50.96280266]]]}},{"type":"Feature","id":"gebouw/Gebouw.31255122/0","properties":{"source":"Digitaal Vlaanderen Gebouwenregister","source_id":"gebouw/Gebouw.31255122/0","kind":"building","height_m":7.16,"status":null},"geometry":{"type":"Polygon","coordinates":[[[4.07752156,50.96613666],[4.07781107,50.96593849],[4.07776403,50.9659109],[4.07787157,50.96583742],[4.07777727,50.96578282],[4.07767211,50.96585528],[4.07762305,50.96582664],[4.0773313,50.96602591],[4.07752156,50.96613666]]]}},{"type":"Feature","id":"gebouw/Gebouw.31255189/0","properties":{"source":"Digitaal Vlaanderen Gebouwenregister","source_id":"gebouw/Gebouw.31255189/0","kind":"building","height_m":5.0,"status":null},"geometry":{"type":"Polygon","coordinates":[[[4.07818877,50.96624243],[4.07828002,50.96618693],[4.07833248,50.96615503],[4.07824471,50.9660984],[4.07819228,50.96613027],[4.07815204,50.96615473],[4.07808413,50.96611046],[4.07801329,50.96615434],[4.0780885,50.96620313],[4.07810915,50.96619051],[4.07818877,50.96624243]]]}},{"type":"Feature","id":"gebouw/Gebouw.31805585/0","properties":{"source":"Digitaal Vlaanderen Gebouwenregister","source_id":"gebouw/Gebouw.31805585/0","kind":"building","height_m":5.0,"status":null},"geometry":{"type":"Polygon","coordinates":[[[4.07663832,50.96235951],[4.07657251,50.96240693],[4.07660466,50.96242447],[4.07666992,50.96237675],[4.07663832,50.96235951]]]}},{"type":"Feature","id":"gebouw/Gebouw.31805959/0","properties":{"source":"Digitaal Vlaanderen Gebouwenregister","source_id":"gebouw/Gebouw.31805959/0","kind":"building","height_m":7.16,"status":null},"geometry":{"type":"Polygon","coordinates":[[[4.07879958,50.96350093],[4.07885082,50.96347081],[4.07882082,50.96345046],[4.07876958,50.96348058],[4.07879958,50.96350093]]]}},{"type":"Feature","id":"gebouw/Gebouw.31806241/0","properties":{"source":"Digitaal Vlaanderen Gebouwenregister","source_id":"gebouw/Gebouw.31806241/0","kind":"building","height_m":8.6,"status":null},"geometry":{"type":"Polygon","coordinates":[[[4.07555032,50.96517146],[4.07553286,50.96515718],[4.07546039,50.9651925],[4.07548082,50.96520771],[4.07552143,50.96523794],[4.07559046,50.9652043],[4.07555032,50.96517146]]]}},{"type":"Feature","id":"gebouw/Gebouw.31806413/0","properties":{"source":"Digitaal Vlaanderen Gebouwenregister","source_id":"gebouw/Gebouw.31806413/0","kind":"building","height_m":6.44,"status":null},"geometry":{"type":"Polygon","coordinates":[[[4.0774714,50.96357353],[4.0774941,50.96355713],[4.07742986,50.96352167],[4.07740716,50.96353807],[4.0774714,50.96357353]]]}},{"type":"Feature","id":"gebouw/Gebouw.31806751/0","properties":{"source":"Digitaal Vlaanderen Gebouwenregister","source_id":"gebouw/Gebouw.31806751/0","kind":"building","height_m":7.88,"status":null},"geometry":{"type":"Polygon","coordinates":[[[4.07013742,50.96337836],[4.07018192,50.96339429],[4.0701813,50.96339498],[4.07024319,50.96341332],[4.07025694,50.9633991],[4.07023964,50.96334476],[4.07022812,50.96334063],[4.07022127,50.96334819],[4.07017826,50.96333279],[4.07013742,50.96337836]]]}},{"type":"Feature","id":"gebouw/Gebouw.31806779/0","properties":{"source":"Digitaal Vlaanderen Gebouwenregister","source_id":"gebouw/Gebouw.31806779/0","kind":"building","height_m":7.88,"status":null},"geometry":{"type":"Polygon","coordinates":[[[4.07984773,50.96721162],[4.07992196,50.96726939],[4.08012684,50.9671644],[4.0800526,50.96710664],[4.07984773,50.96721162]]]}},{"type":"Feature","id":"gebouw/Gebouw.31806780/0","properties":{"source":"Digitaal Vlaanderen Gebouwenregister","source_id":"gebouw/Gebouw.31806780/0","kind":"building","height_m":8.6,"status":null},"geometry":{"type":"Polygon","coordinates":[[[4.07975563,50.96714109],[4.07982614,50.96719597],[4.08003343,50.96708979],[4.07996292,50.9670349],[4.07975563,50.96714109]]]}},{"type":"Feature","id":"gebouw/Gebouw.32032178/0","properties":{"source":"Digitaal Vlaanderen Gebouwenregister","source_id":"gebouw/Gebouw.32032178/0","kind":"building","height_m":7.16,"status":null},"geometry":{"type":"Polygon","coordinates":[[[4.07652294,50.96230727],[4.07645192,50.96235834],[4.07648401,50.96237575],[4.07655413,50.9623242],[4.07652294,50.96230727]]]}},{"type":"Feature","id":"gebouw/Gebouw.32036008/0","properties":{"source":"Digitaal Vlaanderen Gebouwenregister","source_id":"gebouw/Gebouw.32036008/0","kind":"building","height_m":7.88,"status":null},"geometry":{"type":"Polygon","coordinates":[[[4.07948678,50.96356831],[4.0795501,50.9636145],[4.07957903,50.96363561],[4.07962381,50.96361162],[4.07953145,50.96354418],[4.07948678,50.96356831]]]}},{"type":"Feature","id":"gebouw/Gebouw.32036025/0","properties":{"source":"Digitaal Vlaanderen Gebouwenregister","source_id":"gebouw/Gebouw.32036025/0","kind":"building","height_m":5.0,"status":null},"geometry":{"type":"Polygon","coordinates":[[[4.07945815,50.96330869],[4.07948601,50.96332826],[4.07954935,50.96329233],[4.07952149,50.96327275],[4.07945815,50.96330869]]]}},{"type":"Feature","id":"way/131725909","properties":{"source":"OpenStreetMap","source_id":"way/131725909","kind":"waterway","name":"koekeroelbeek","waterway":"stream","landuse":null},"geometry":{"type":"LineString","coordinates":[[4.0841305,50.9681391],[4.0836549,50.9683227],[4.0836283,50.9683666],[4.0836901,50.9684716],[4.0836373,50.96862],[4.0834541,50.968701],[4.0830437,50.9687382],[4.0827514,50.9687855],[4.0826398,50.9688602],[4.082577,50.9689612],[4.0825406,50.9691946],[4.0825844,50.9693977],[4.0824993,50.969505],[4.0824751,50.9695895],[4.0824054,50.9696385],[4.0823069,50.9696335],[4.0822214,50.9696591],[4.0817724,50.9695135],[4.0810482,50.9692821],[4.0809956,50.969274],[4.0809221,50.9692753],[4.0808363,50.969277],[4.0807569,50.9692841],[4.080655,50.9693145],[4.0805584,50.9693297],[4.0805144,50.969326],[4.080434,50.9692551],[4.0801963,50.9691287],[4.0800729,50.9690966],[4.07975,50.9690253],[4.0796454,50.9690118],[4.0793772,50.9690068],[4.0792833,50.9690203],[4.0791476,50.969046],[4.0790376,50.9690358],[4.0789822,50.9690144],[4.0789227,50.9689978],[4.0788713,50.9690341],[4.0788354,50.9690642],[4.0787908,50.9690578],[4.0787295,50.9690181],[4.0786503,50.9689882],[4.0785736,50.9689767],[4.078477,50.9689767],[4.0783742,50.9689595],[4.0782721,50.968924],[4.0782092,50.9689015],[4.0781444,50.9688889],[4.0780173,50.9688547],[4.0779674,50.9688264],[4.0779261,50.9687652],[4.0778896,50.9687132],[4.0778145,50.9685983],[4.077741,50.9685186],[4.0776659,50.9684561],[4.0775962,50.968424],[4.0774765,50.9683737],[4.0773548,50.9683193],[4.0772781,50.9682791],[4.0772073,50.9682805],[4.077093,50.9682605],[4.0769937,50.9681963],[4.0769455,50.9681592],[4.0767765,50.9681321],[4.0766346,50.9680581],[4.0765241,50.9679516],[4.0764109,50.967841],[4.0762584,50.9677637],[4.0761771,50.9676746],[4.0761354,50.9676288],[4.0754785,50.967103],[4.0746713,50.9666545],[4.0742552,50.9665967],[4.0739789,50.9666305],[4.0738073,50.9666406],[4.0735605,50.9666761],[4.0734184,50.9666812],[4.0733084,50.9666693],[4.0732172,50.9666508],[4.0728739,50.9666051],[4.0726405,50.9665731],[4.0721727,50.9664714],[4.072036,50.966419],[4.0718466,50.9662521],[4.0716401,50.9659328],[4.0714512,50.9657805],[4.0712527,50.9656504],[4.0710446,50.9654937],[4.070889,50.965448],[4.0706814,50.965392],[4.0705339,50.9653582],[4.0703569,50.9652974],[4.0700994,50.9652146],[4.0686508,50.9648178]]}},{"type":"Feature","id":"way/146628557","properties":{"source":"OpenStreetMap","source_id":"way/146628557","kind":"vegetation","name":null,"waterway":null,"landuse":"forest"},"geometry":{"type":"Polygon","coordinates":[[[4.0753294,50.9632917],[4.0757945,50.9637004],[4.075491,50.9638232],[4.0750621,50.9633917],[4.0753294,50.9632917]]]}},{"type":"Feature","id":"way/146628558","properties":{"source":"OpenStreetMap","source_id":"way/146628558","kind":"vegetation","name":null,"waterway":null,"landuse":"forest"},"geometry":{"type":"Polygon","coordinates":[[[4.0722538,50.9669247],[4.072454,50.9668584],[4.0724422,50.9666501],[4.072406,50.9665574],[4.0723812,50.9664938],[4.0721488,50.9664331],[4.0719893,50.9663338],[4.0718521,50.9661503],[4.0717511,50.9660151],[4.0723497,50.965684],[4.0721213,50.9655563],[4.0716034,50.9658291],[4.0713139,50.9656047],[4.0711298,50.9654921],[4.0710777,50.9654645],[4.0707173,50.9653356],[4.0705204,50.9652649],[4.0708197,50.9650801],[4.070674,50.9649945],[4.0702554,50.9652326],[4.0700959,50.9651607],[4.0702101,50.965059],[4.0698171,50.9647942],[4.0708892,50.964254],[4.070775,50.9641838],[4.0697336,50.9647644],[4.0695303,50.9646574],[4.0696278,50.9644662],[4.0695191,50.9644469],[4.069471,50.9646018],[4.0692743,50.9647799],[4.0687422,50.9646346],[4.068571,50.9645797],[4.0685213,50.9646143],[4.0685529,50.9647223],[4.0686253,50.9648468],[4.0687336,50.9648753],[4.0697196,50.9651344],[4.0698477,50.9652203],[4.0697475,50.9653378],[4.0696807,50.9653975],[4.0697614,50.9654764],[4.0700427,50.965536],[4.0702822,50.9654852],[4.0705857,50.9655062],[4.0706804,50.9655535],[4.0706999,50.9656342],[4.0711034,50.9659272],[4.0720959,50.9667432],[4.0722538,50.9669247]]]}},{"type":"Feature","id":"way/146628559","properties":{"source":"OpenStreetMap","source_id":"way/146628559","kind":"vegetation","name":null,"waterway":null,"landuse":"forest"},"geometry":{"type":"Polygon","coordinates":[[[4.075222,50.9651256],[4.0761358,50.964721],[4.0772038,50.9652512],[4.0760953,50.9658125],[4.0753047,50.9651925],[4.075222,50.9651256]]]}},{"type":"Feature","id":"way/146628563","properties":{"source":"OpenStreetMap","source_id":"way/146628563","kind":"vegetation","name":null,"waterway":null,"landuse":"forest"},"geometry":{"type":"Polygon","coordinates":[[[4.0785793,50.9658267],[4.0789741,50.9659773],[4.0792754,50.9657503],[4.0792202,50.9657168],[4.0793502,50.965627],[4.07987,50.9652679],[4.079554,50.9651094],[4.0785793,50.9658267]]]}},{"type":"Feature","id":"way/146634432","properties":{"source":"OpenStreetMap","source_id":"way/146634432","kind":"vegetation","name":null,"waterway":null,"landuse":"forest"},"geometry":{"type":"Polygon","coordinates":[[[4.0724595,50.9620192],[4.0719443,50.9617771],[4.0714542,50.9621297],[4.0723815,50.9625681],[4.0724082,50.9625462],[4.0725542,50.9624261],[4.0721615,50.9622472],[4.0724595,50.9620192]]]}},{"type":"Feature","id":"way/1413570458","properties":{"source":"OpenStreetMap","source_id":"way/1413570458","kind":"water","name":null,"waterway":null,"landuse":null},"geometry":{"type":"Polygon","coordinates":[[[4.0714157,50.9688335],[4.0714344,50.9688448],[4.0714701,50.9688512],[4.0715025,50.9688496],[4.0715391,50.9688448],[4.0715672,50.9688282],[4.0715808,50.9688094],[4.0715867,50.968788],[4.0715825,50.9687676],[4.0715612,50.968751],[4.0715272,50.9687376],[4.0714897,50.9687349],[4.0714429,50.9687429],[4.0714182,50.9687569],[4.0714046,50.9687762],[4.0713961,50.968804],[4.0714157,50.9688335]]]}},{"type":"Feature","id":"way/1413570459","properties":{"source":"OpenStreetMap","source_id":"way/1413570459","kind":"water","name":null,"waterway":null,"landuse":null},"geometry":{"type":"Polygon","coordinates":[[[4.0756082,50.9684149],[4.0755945,50.9684201],[4.075571,50.9684005],[4.0753911,50.9684957],[4.0758363,50.9688687],[4.0758507,50.9688757],[4.0758711,50.9688762],[4.0758814,50.9688682],[4.0758975,50.968851],[4.0760363,50.9686672],[4.0758076,50.9684868],[4.0757546,50.9685119],[4.0757151,50.9684901],[4.0757104,50.9684922],[4.0757023,50.9684854],[4.0756945,50.9684887],[4.0756082,50.9684149]]]}}]}