{"type":"FeatureCollection","features":[{"type":"Feature","id":"gebouw/Gebouw.15653664/0","properties":{"source":"Digitaal Vlaanderen Gebouwenregister","source_id":"gebouw/Gebouw.15653664/0","kind":"building","height_m":8.6,"status":null},"geometry":{"type":"Polygon","coordinates":[[[4.10846256,50.96301648],[4.10846212,50.96301657],[4.10844094,50.96302103],[4.10842282,50.96298119],[4.10841457,50.96298268],[4.10837946,50.96290489],[4.10842319,50.96289702],[4.10841721,50.96288369],[4.10849961,50.96287013],[4.10854014,50.96295993],[4.1085704,50.96295376],[4.10856866,50.96294906],[4.10878134,50.96292073],[4.10879159,50.96294716],[4.10880251,50.96297533],[4.10853549,50.9630164],[4.10852914,50.96300245],[4.10846256,50.96301648]]]}},{"type":"Feature","id":"gebouw/Gebouw.15654552/0","properties":{"source":"Digitaal Vlaanderen Gebouwenregister","source_id":"gebouw/Gebouw.15654552/0","kind":"building","height_m":7.88,"status":null},"geometry":{"type":"Polygon","coordinates":[[[4.10982984,50.96498469],[4.1098262,50.96498921],[4.10980016,50.96502152],[4.1097432,50.96500321],[4.10977172,50.96496782],[4.10982984,50.96498469]]]}},{"type":"Feature","id":"gebouw/Gebouw.15673072/0","properties":{"source":"Digitaal Vlaanderen Gebouwenregister","source_id":"gebouw/Gebouw.15673072/0","kind":"building","height_m":6.44,"status":null},"geometry":{"type":"Polygon","coordinates":[[[4.10636302,50.96815196],[4.10614744,50.96811997],[4.10615983,50.96808668],[4.10647201,50.96813301],[4.10645017,50.96819169],[4.10635357,50.96817735],[4.10636302,50.96815196]]]}},{"type":"Feature","id":"gebouw/Gebouw.15675769/0","properties":{"source":"Digitaal Vlaanderen Gebouwenregister","source_id":"gebouw/Gebouw.15675769/0","kind":"building","height_m":7.88,"status":null},"geometry":{"type":"Polygon","coordinates":[[[4.11042658,50.96418259],[4.11047969,50.96417586],[4.11049295,50.96421762],[4.11043985,50.96422435],[4.11042658,50.96418259]]]}},{"type":"Feature","id":"gebouw/Gebouw.15681965/0","properties":{"source":"Digitaal Vlaanderen Gebouwenregister","source_id":"gebouw/Gebouw.15681965/0","kind":"building","height_m":8.6,"status":null},"geometry":{"type":"Polygon","coordinates":[[[4.10723907,50.96810097],[4.1072931,50.96810281],[4.10729068,50.96813118],[4.10723666,50.96812934],[4.10723907,50.96810097]]]}},{"type":"Feature","id":"gebouw/Gebouw.15684001/0","properties":{"source":"Digitaal Vlaanderen Gebouwenregister","source_id":"gebouw/Gebouw.15684001/0","kind":"building","height_m":7.88,"status":null},"geometry":{"type":"Polygon","coordinates":[[[4.11059577,50.96394204],[4.11059877,50.9639486],[4.11058638,50.96394967],[4.11042303,50.96396382],[4.11041907,50.96395918],[4.11040236,50.96393963],[4.1104474,50.96392647],[4.11048614,50.96390454],[4.11056122,50.96389891],[4.11057555,50.96389784],[4.11059577,50.96394204]]]}},{"type":"Feature","id":"gebouw/Gebouw.15684332/0","properties":{"source":"Digitaal Vlaanderen Gebouwenregister","source_id":"gebouw/Gebouw.15684332/0","kind":"building","height_m":9.32,"status":null},"geometry":{"type":"Polygon","coordinates":[[[4.10905967,50.96471985],[4.1090667,50.9647211],[4.10905282,50.96475237],[4.10906635,50.9647547],[4.10904796,50.96479992],[4.10899513,50.96479003],[4.10900409,50.96476704],[4.10896428,50.96475962],[4.10895749,50.96475835],[4.10897895,50.96471243],[4.10893568,50.96470482],[4.10890387,50.96469923],[4.10903791,50.9646001],[4.109041,50.96460069],[4.1090519,50.96460276],[4.10909358,50.96461067],[4.10912045,50.96461577],[4.10909139,50.96468879],[4.10907538,50.9646863],[4.10905967,50.96471985]]]}},{"type":"Feature","id":"gebouw/Gebouw.15684743/0","properties":{"source":"Digitaal Vlaanderen Gebouwenregister","source_id":"gebouw/Gebouw.15684743/0","kind":"building","height_m":7.88,"status":null},"geometry":{"type":"Polygon","coordinates":[[[4.10749156,50.96385136],[4.10747146,50.96382012],[4.10752346,50.96380658],[4.10747387,50.96373076],[4.10731365,50.96377193],[4.10734003,50.96381289],[4.10737253,50.96380454],[4.10739412,50.96383806],[4.10736029,50.96384762],[4.10738066,50.96388036],[4.10749156,50.96385136]]]}},{"type":"Feature","id":"gebouw/Gebouw.15694338/0","properties":{"source":"Digitaal Vlaanderen Gebouwenregister","source_id":"gebouw/Gebouw.15694338/0","kind":"building","height_m":6.44,"status":null},"geometry":{"type":"Polygon","coordinates":[[[4.11077844,50.96391371],[4.11060247,50.96394085],[4.11057555,50.96389784],[4.11055697,50.96386815],[4.11058074,50.96385605],[4.1104961,50.96379251],[4.11050184,50.9637896],[4.11056227,50.96375896],[4.110569,50.96375555],[4.11061037,50.9637867],[4.11069554,50.96374347],[4.11074787,50.96377972],[4.11076528,50.96379177],[4.11067049,50.96383988],[4.11065176,50.96382361],[4.11064485,50.96382677],[4.11066164,50.96384129],[4.11061497,50.96385346],[4.11060514,50.9638449],[4.11059379,50.96385009],[4.11060209,50.96386119],[4.1107268,50.96384196],[4.1107243,50.96383547],[4.11074528,50.96383206],[4.11074798,50.9638387],[4.11077844,50.96391371]]]}},{"type":"Feature","id":"gebouw/Gebouw.15701934/0","properties":{"source":"Digitaal Vlaanderen Gebouwenregister","source_id":"gebouw/Gebouw.15701934/0","kind":"building","height_m":7.16,"status":null},"geometry":{"type":"Polygon","coordinates":[[[4.11218842,50.96669336],[4.11211319,50.96676826],[4.11182604,50.96665325],[4.11190128,50.96657835],[4.11218842,50.96669336]]]}},{"type":"Feature","id":"gebouw/Gebouw.15702050/0","properties":{"source":"Digitaal Vlaanderen Gebouwenregister","source_id":"gebouw/Gebouw.15702050/0","kind":"building","height_m":5.0,"status":null},"geometry":{"type":"Polygon","coordinates":[[[4.11020177,50.96807725],[4.11022204,50.96802271],[4.11028788,50.96803247],[4.1102676,50.96808701],[4.11020177,50.96807725]]]}},{"type":"Feature","id":"gebouw/Gebouw.15706933/0","properties":{"source":"Digitaal Vlaanderen Gebouwenregister","source_id":"gebouw/Gebouw.15706933/0","kind":"building","height_m":7.88,"status":null},"geometry":{"type":"Polygon","coordinates":[[[4.10809544,50.96604263],[4.10803538,50.96606049],[4.10799525,50.96600842],[4.10789283,50.96605456],[4.1078685,50.96603108],[4.10797595,50.96598376],[4.10798975,50.96597768],[4.10802738,50.96596111],[4.10803403,50.9659662],[4.1080432,50.96597323],[4.10804562,50.96597231],[4.10809544,50.96604263]]]}},{"type":"Feature","id":"gebouw/Gebouw.15708818/0","properties":{"source":"Digitaal Vlaanderen Gebouwenregister","source_id":"gebouw/Gebouw.15708818/0","kind":"building","height_m":9.32,"status":null},"geometry":{"type":"Polygon","coordinates":[[[4.10762371,50.96390128],[4.1076575,50.96395499],[4.10765904,50.96395488],[4.10766567,50.96396562],[4.10766433,50.96396598],[4.10767136,50.96397648],[4.10757804,50.964],[4.10758393,50.96400955],[4.10752949,50.96402375],[4.10748215,50.96394815],[4.10737743,50.96397517],[4.10732628,50.96389458],[4.10738066,50.96388036],[4.10749156,50.96385136],[4.1075304,50.96391265],[4.10756771,50.96390286],[4.10757441,50.96391373],[4.10762371,50.96390128]]]}},{"type":"Feature","id":"gebouw/Gebouw.15709012/0","properties":{"source":"Digitaal Vlaanderen Gebouwenregister","source_id":"gebouw/Gebouw.15709012/0","kind":"building","height_m":7.88,"status":null},"geometry":{"type":"Polygon","coordinates":[[[4.10709295,50.96305745],[4.10713171,50.96311655],[4.10693903,50.96316695],[4.10689987,50.96310718],[4.10709295,50.96305745]]]}},{"type":"Feature","id":"gebouw/Gebouw.15709366/0","properties":{"source":"Digitaal Vlaanderen Gebouwenregister","source_id":"gebouw/Gebouw.15709366/0","kind":"building","height_m":5.72,"status":null},"geometry":{"type":"Polygon","coordinates":[[[4.10334564,50.96855333],[4.10345231,50.96860362],[4.10352089,50.96854562],[4.10342244,50.96849901],[4.10348289,50.96845561],[4.10364347,50.96853105],[4.10344529,50.96869864],[4.1033991,50.96867687],[4.10335376,50.96865549],[4.10331066,50.96863517],[4.10326364,50.968613],[4.10334564,50.96855333]]]}},{"type":"Feature","id":"gebouw/Gebouw.15716320/0","properties":{"source":"Digitaal Vlaanderen Gebouwenregister","source_id":"gebouw/Gebouw.15716320/0","kind":"building","height_m":7.88,"status":null},"geometry":{"type":"Polygon","coordinates":[[[4.10362022,50.96353077],[4.10371325,50.96353916],[4.10371179,50.96354558],[4.10374302,50.9635484],[4.10373519,50.96358301],[4.10370399,50.96358019],[4.10368625,50.96365855],[4.1036784,50.96369324],[4.10375251,50.96369248],[4.10375334,50.96372505],[4.10376834,50.9637249],[4.10377206,50.96378433],[4.103754,50.96378484],[4.1037562,50.96381609],[4.10365059,50.96381906],[4.1036504,50.96381636],[4.10356386,50.96381879],[4.10356413,50.96381741],[4.10362022,50.96353077]]]}},{"type":"Feature","id":"gebouw/Gebouw.15718067/0","properties":{"source":"Digitaal Vlaanderen Gebouwenregister","source_id":"gebouw/Gebouw.15718067/0","kind":"building","height_m":5.72,"status":null},"geometry":{"type":"Polygon","coordinates":[[[4.10504628,50.96504067],[4.1051059,50.96512359],[4.10495957,50.9651647],[4.10491094,50.96509857],[4.10483112,50.96512126],[4.10478078,50.9650546],[4.10476366,50.96505426],[4.10474382,50.96502365],[4.1047533,50.96501585],[4.10470531,50.96494939],[4.10477248,50.96493005],[4.10479036,50.9649249],[4.10486966,50.9650347],[4.1048712,50.96503683],[4.10490305,50.96508093],[4.10495535,50.96506623],[4.10504628,50.96504067]]]}},{"type":"Feature","id":"gebouw/Gebouw.15720511/0","properties":{"source":"Digitaal Vlaanderen Gebouwenregister","source_id":"gebouw/Gebouw.15720511/0","kind":"building","height_m":6.44,"status":null},"geometry":{"type":"Polygon","coordinates":[[[4.10900018,50.96314838],[4.10901118,50.9631714],[4.10901546,50.96318036],[4.10901642,50.96318238],[4.10881695,50.9632135],[4.1088036,50.96317905],[4.10881643,50.96317705],[4.10879854,50.96313953],[4.10878935,50.96312025],[4.10882441,50.96311357],[4.10883416,50.96313397],[4.108836,50.96313783],[4.10885059,50.96313506],[4.10891334,50.96312162],[4.10891859,50.96313286],[4.10898659,50.96311991],[4.10899233,50.96313194],[4.10900018,50.96314838]]]}},{"type":"Feature","id":"gebouw/Gebouw.15720889/0","properties":{"source":"Digitaal Vlaanderen Gebouwenregister","source_id":"gebouw/Gebouw.15720889/0","kind":"building","height_m":6.44,"status":null},"geometry":{"type":"Polygon","coordinates":[[[4.10791131,50.96790029],[4.10784212,50.96790121],[4.10784291,50.96792501],[4.10747372,50.9679317],[4.1074716,50.96786774],[4.10791004,50.96786193],[4.10791131,50.96790029]]]}},{"type":"Feature","id":"gebouw/Gebouw.15725250/0","properties":{"source":"Digitaal Vlaanderen Gebouwenregister","source_id":"gebouw/Gebouw.15725250/0","kind":"building","height_m":6.44,"status":null},"geometry":{"type":"Polygon","coordinates":[[[4.1066021,50.96292448],[4.10660045,50.96292189],[4.10657773,50.96288623],[4.10662424,50.96287441],[4.10663056,50.96288433],[4.10670196,50.96286619],[4.10668235,50.96283542],[4.10674059,50.96282062],[4.10675641,50.96284545],[4.10681186,50.96283135],[4.10680324,50.96281782],[4.10691482,50.96278863],[4.10694508,50.96283477],[4.10676249,50.96288093],[4.1066021,50.96292448]]]}},{"type":"Feature","id":"gebouw/Gebouw.15725582/0","properties":{"source":"Digitaal Vlaanderen Gebouwenregister","source_id":"gebouw/Gebouw.15725582/0","kind":"building","height_m":8.6,"status":null},"geometry":{"type":"Polygon","coordinates":[[[4.10865591,50.96510216],[4.1086978,50.96507284],[4.10875285,50.96510421],[4.10871096,50.96513353],[4.10865591,50.96510216]]]}},{"type":"Feature","id":"gebouw/Gebouw.15729706/0","properties":{"source":"Digitaal Vlaanderen Gebouwenregister","source_id":"gebouw/Gebouw.15729706/0","kind":"building","height_m":9.32,"status":null},"geometry":{"type":"Polygon","coordinates":[[[4.10699838,50.96346461],[4.10692459,50.96348281],[4.10689987,50.9634491],[4.10697183,50.9634275],[4.10699838,50.96346461]]]}},{"type":"Feature","id":"gebouw/Gebouw.15741412/0","properties":{"source":"Digitaal Vlaanderen Gebouwenregister","source_id":"gebouw/Gebouw.15741412/0","kind":"building","height_m":5.72,"status":null},"geometry":{"type":"Polygon","coordinates":[[[4.10800611,50.96616766],[4.10806183,50.96626474],[4.10800907,50.96627681],[4.10800177,50.96626235],[4.10789128,50.96628859],[4.10784745,50.96621503],[4.10796071,50.96618911],[4.1079551,50.96617934],[4.10800611,50.96616766]]]}},{"type":"Feature","id":"gebouw/Gebouw.15742090/0","properties":{"source":"Digitaal Vlaanderen Gebouwenregister","source_id":"gebouw/Gebouw.15742090/0","kind":"building","height_m":5.0,"status":null},"geometry":{"type":"Polygon","coordinates":[[[4.1122487,50.96405325],[4.11221138,50.96406088],[4.1121857,50.96401067],[4.11222661,50.96400241],[4.1122487,50.96405325]]]}},{"type":"Feature","id":"gebouw/Gebouw.15743833/0","properties":{"source":"Digitaal Vlaanderen Gebouwenregister","source_id":"gebouw/Gebouw.15743833/0","kind":"building","height_m":5.0,"status":null},"geometry":{"type":"Polygon","coordinates":[[[4.10985108,50.96549996],[4.10979859,50.96548587],[4.10982273,50.96545],[4.10987523,50.96546409],[4.10985108,50.96549996]]]}},{"type":"Feature","id":"gebouw/Gebouw.15744108/0","properties":{"source":"Digitaal Vlaanderen Gebouwenregister","source_id":"gebouw/Gebouw.15744108/0","kind":"building","height_m":6.44,"status":null},"geometry":{"type":"Polygon","coordinates":[[[4.1096992,50.96361575],[4.10971138,50.96364995],[4.10976731,50.96364201],[4.10978356,50.96368764],[4.10963529,50.96370869],[4.10963213,50.96369983],[4.1095739,50.96370809],[4.10955558,50.96366023],[4.10956285,50.96365913],[4.10955685,50.96364273],[4.10955041,50.96364373],[4.10954806,50.96363775],[4.1096992,50.96361575]]]}},{"type":"Feature","id":"gebouw/Gebouw.15744281/0","properties":{"source":"Digitaal Vlaanderen Gebouwenregister","source_id":"gebouw/Gebouw.15744281/0","kind":"building","height_m":5.0,"status":null},"geometry":{"type":"Polygon","coordinates":[[[4.11133133,50.96340157],[4.11130313,50.96337599],[4.11135733,50.96335217],[4.11138553,50.96337775],[4.11133133,50.96340157]]]}},{"type":"Feature","id":"gebouw/Gebouw.15747354/0","properties":{"source":"Digitaal Vlaanderen Gebouwenregister","source_id":"gebouw/Gebouw.15747354/0","kind":"building","height_m":5.0,"status":null},"geometry":{"type":"Polygon","coordinates":[[[4.11034768,50.96431582],[4.11029394,50.96432018],[4.11028381,50.96427044],[4.11033755,50.96426608],[4.11034768,50.96431582]]]}},{"type":"Feature","id":"gebouw/Gebouw.15750601/0","properties":{"source":"Digitaal Vlaanderen Gebouwenregister","source_id":"gebouw/Gebouw.15750601/0","kind":"building","height_m":9.32,"status":null},"geometry":{"type":"Polygon","coordinates":[[[4.10799913,50.96569089],[4.10800169,50.96569379],[4.1080306,50.96568488],[4.10804967,50.9657034],[4.10802471,50.96571409],[4.108019,50.96570837],[4.10799483,50.96571861],[4.10800216,50.96572596],[4.10790136,50.96577119],[4.10787658,50.96574889],[4.10787408,50.96574664],[4.10792695,50.96572307],[4.10798876,50.96569551],[4.10799913,50.96569089]]]}},{"type":"Feature","id":"gebouw/Gebouw.15759538/0","properties":{"source":"Digitaal Vlaanderen Gebouwenregister","source_id":"gebouw/Gebouw.15759538/0","kind":"building","height_m":7.88,"status":null},"geometry":{"type":"Polygon","coordinates":[[[4.10997003,50.96346601],[4.10998609,50.96351144],[4.1098726,50.96352744],[4.10985669,50.96348246],[4.10997003,50.96346601]]]}},{"type":"Feature","id":"gebouw/Gebouw.15765449/0","properties":{"source":"Digitaal Vlaanderen Gebouwenregister","source_id":"gebouw/Gebouw.15765449/0","kind":"building","height_m":5.0,"status":null},"geometry":{"type":"Polygon","coordinates":[[[4.10734316,50.96763939],[4.10737002,50.96764225],[4.10736969,50.96764341],[4.10736955,50.96764391],[4.10734877,50.96771678],[4.10734861,50.96771734],[4.10734462,50.96771689],[4.107166,50.96769657],[4.10716925,50.9676852],[4.10690609,50.96765526],[4.10692217,50.96759889],[4.10725425,50.96763667],[4.10726596,50.96759562],[4.10727961,50.96754779],[4.10736679,50.96755786],[4.10735208,50.96760859],[4.10734316,50.96763939]]]}},{"type":"Feature","id":"gebouw/Gebouw.15768885/0","properties":{"source":"Digitaal Vlaanderen Gebouwenregister","source_id":"gebouw/Gebouw.15768885/0","kind":"building","height_m":9.32,"status":null},"geometry":{"type":"Polygon","coordinates":[[[4.10966968,50.96300169],[4.10967546,50.96301609],[4.10965411,50.96301951],[4.10966408,50.96304431],[4.10949182,50.96307193],[4.1094896,50.96306685],[4.1094774,50.96303892],[4.10947478,50.96303293],[4.10959769,50.96301323],[4.10966968,50.96300169]]]}},{"type":"Feature","id":"gebouw/Gebouw.15771912/0","properties":{"source":"Digitaal Vlaanderen Gebouwenregister","source_id":"gebouw/Gebouw.15771912/0","kind":"building","height_m":6.44,"status":null},"geometry":{"type":"Polygon","coordinates":[[[4.11077437,50.96465521],[4.1107351,50.96466285],[4.11071282,50.96466719],[4.11070525,50.96465167],[4.11069418,50.96462899],[4.11068006,50.96463174],[4.11067954,50.96463066],[4.1106401,50.96454988],[4.11064813,50.96454832],[4.11071576,50.96453515],[4.11077437,50.96465521]]]}},{"type":"Feature","id":"gebouw/Gebouw.15771931/0","properties":{"source":"Digitaal Vlaanderen Gebouwenregister","source_id":"gebouw/Gebouw.15771931/0","kind":"building","height_m":5.0,"status":null},"geometry":{"type":"Polygon","coordinates":[[[4.10928939,50.96448259],[4.10928371,50.96449653],[4.10926079,50.96449271],[4.10924163,50.96448952],[4.10923768,50.96448887],[4.10903898,50.96445579],[4.10905215,50.96442423],[4.10903878,50.964422],[4.10905261,50.96438888],[4.10906456,50.96439087],[4.1090711,50.96437519],[4.10908341,50.96437722],[4.10916704,50.96439101],[4.10926183,50.96440663],[4.1093062,50.96431449],[4.10939703,50.96433193],[4.10941646,50.96433566],[4.10935905,50.96445488],[4.10934849,50.96445309],[4.10930446,50.96444562],[4.10928939,50.96448259]]]}},{"type":"Feature","id":"gebouw/Gebouw.15777071/0","properties":{"source":"Digitaal Vlaanderen Gebouwenregister","source_id":"gebouw/Gebouw.15777071/0","kind":"building","height_m":6.44,"status":null},"geometry":{"type":"Polygon","coordinates":[[[4.10712913,50.96821417],[4.10696481,50.96819106],[4.10693391,50.96827687],[4.10701386,50.9682894],[4.107006,50.96830942],[4.10709271,50.968323],[4.10712346,50.96824475],[4.10711748,50.96824381],[4.10712913,50.96821417]]]}},{"type":"Feature","id":"gebouw/Gebouw.15777184/0","properties":{"source":"Digitaal Vlaanderen Gebouwenregister","source_id":"gebouw/Gebouw.15777184/0","kind":"building","height_m":7.16,"status":null},"geometry":{"type":"Polygon","coordinates":[[[4.11134403,50.96448059],[4.11133082,50.96445364],[4.11141155,50.96443785],[4.11142477,50.9644648],[4.11134403,50.96448059]]]}},{"type":"Feature","id":"gebouw/Gebouw.15784694/0","properties":{"source":"Digitaal Vlaanderen Gebouwenregister","source_id":"gebouw/Gebouw.15784694/0","kind":"building","height_m":6.44,"status":null},"geometry":{"type":"Polygon","coordinates":[[[4.11022238,50.96791832],[4.11018112,50.96805426],[4.10918341,50.96793119],[4.10922639,50.96779306],[4.11022238,50.96791832]]]}},{"type":"Feature","id":"gebouw/Gebouw.15788178/0","properties":{"source":"Digitaal Vlaanderen Gebouwenregister","source_id":"gebouw/Gebouw.15788178/0","kind":"building","height_m":5.0,"status":null},"geometry":{"type":"Polygon","coordinates":[[[4.10971478,50.96640066],[4.10976035,50.96629171],[4.10971523,50.96628519],[4.10970169,50.96631963],[4.10968119,50.96631587],[4.10967658,50.96632618],[4.10965416,50.96632285],[4.10962874,50.96638705],[4.10971478,50.96640066]]]}},{"type":"Feature","id":"gebouw/Gebouw.15790355/0","properties":{"source":"Digitaal Vlaanderen Gebouwenregister","source_id":"gebouw/Gebouw.15790355/0","kind":"building","height_m":5.0,"status":null},"geometry":{"type":"Polygon","coordinates":[[[4.10711486,50.96848812],[4.10705459,50.96848823],[4.10705385,50.96849794],[4.10691854,50.9684982],[4.10691749,50.96841236],[4.10703043,50.96841241],[4.10703169,50.96837817],[4.10712905,50.96837811],[4.10712914,50.96843174],[4.10711462,50.96843182],[4.10711486,50.96848812]]]}},{"type":"Feature","id":"gebouw/Gebouw.15792644/0","properties":{"source":"Digitaal Vlaanderen Gebouwenregister","source_id":"gebouw/Gebouw.15792644/0","kind":"building","height_m":5.0,"status":null},"geometry":{"type":"Polygon","coordinates":[[[4.10470037,50.96867679],[4.10473631,50.9686392],[4.10478497,50.96865775],[4.10478907,50.96865346],[4.10487267,50.96868533],[4.10489407,50.96866295],[4.10496834,50.96869126],[4.10496041,50.96869956],[4.10500123,50.96871512],[4.10495352,50.96876502],[4.10491235,50.96874933],[4.10483872,50.96872126],[4.10481659,50.9687444],[4.1047327,50.96871241],[4.10474902,50.96869534],[4.10470037,50.96867679]]]}},{"type":"Feature","id":"gebouw/Gebouw.15793035/0","properties":{"source":"Digitaal Vlaanderen Gebouwenregister","source_id":"gebouw/Gebouw.15793035/0","kind":"building","height_m":9.32,"status":null},"geometry":{"type":"Polygon","coordinates":[[[4.10917429,50.96494362],[4.10913852,50.9650036],[4.10913751,50.9650053],[4.1090252,50.96497337],[4.10896585,50.96493989],[4.10892409,50.96491633],[4.10889009,50.96489714],[4.10875575,50.96482135],[4.10879368,50.96479424],[4.10883574,50.9648191],[4.10886412,50.9648002],[4.1089453,50.96485055],[4.10892503,50.96486765],[4.10896373,50.96488962],[4.10905491,50.96494138],[4.1090762,50.96490595],[4.10913901,50.964921],[4.10913135,50.96493375],[4.10917429,50.96494362]]]}},{"type":"Feature","id":"gebouw/Gebouw.15798094/0","properties":{"source":"Digitaal Vlaanderen Gebouwenregister","source_id":"gebouw/Gebouw.15798094/0","kind":"building","height_m":7.88,"status":null},"geometry":{"type":"Polygon","coordinates":[[[4.10327398,50.9681004],[4.10334729,50.96813673],[4.10338775,50.96815678],[4.103393,50.96815221],[4.10346915,50.96819181],[4.10354075,50.9681332],[4.1035599,50.96814254],[4.10363372,50.96808211],[4.10350396,50.96801891],[4.10350077,50.96802124],[4.10342802,50.96798185],[4.10327398,50.9681004]]]}},{"type":"Feature","id":"gebouw/Gebouw.15800962/0","properties":{"source":"Digitaal Vlaanderen Gebouwenregister","source_id":"gebouw/Gebouw.15800962/0","kind":"building","height_m":6.44,"status":null},"geometry":{"type":"Polygon","coordinates":[[[4.10302873,50.96845098],[4.10306157,50.96846823],[4.1030014,50.9685139],[4.10290118,50.96846125],[4.10290123,50.96846121],[4.10315547,50.96826824],[4.10322012,50.9683022],[4.10325014,50.96827941],[4.10332799,50.96832031],[4.10322135,50.96839833],[4.10314854,50.96836005],[4.10302873,50.96845098]]]}},{"type":"Feature","id":"gebouw/Gebouw.15803335/0","properties":{"source":"Digitaal Vlaanderen Gebouwenregister","source_id":"gebouw/Gebouw.15803335/0","kind":"building","height_m":6.44,"status":null},"geometry":{"type":"Polygon","coordinates":[[[4.10464241,50.96591459],[4.10466962,50.96595846],[4.10453276,50.96599231],[4.10450932,50.96595452],[4.10450585,50.96594892],[4.10464241,50.96591459]]]}},{"type":"Feature","id":"gebouw/Gebouw.15803395/0","properties":{"source":"Digitaal Vlaanderen Gebouwenregister","source_id":"gebouw/Gebouw.15803395/0","kind":"building","height_m":9.32,"status":null},"geometry":{"type":"Polygon","coordinates":[[[4.11219888,50.96809395],[4.11227805,50.96814442],[4.112058,50.96823286],[4.11198838,50.96815737],[4.11213539,50.96810332],[4.11214502,50.96811376],[4.11219888,50.96809395]]]}},{"type":"Feature","id":"gebouw/Gebouw.15805133/0","properties":{"source":"Digitaal Vlaanderen Gebouwenregister","source_id":"gebouw/Gebouw.15805133/0","kind":"building","height_m":5.72,"status":null},"geometry":{"type":"Polygon","coordinates":[[[4.10383007,50.9682064],[4.10389879,50.9682409],[4.10383832,50.96828892],[4.10376584,50.96825251],[4.1038266,50.96820465],[4.10383007,50.9682064]]]}},{"type":"Feature","id":"gebouw/Gebouw.15805382/0","properties":{"source":"Digitaal Vlaanderen Gebouwenregister","source_id":"gebouw/Gebouw.15805382/0","kind":"building","height_m":8.6,"status":null},"geometry":{"type":"Polygon","coordinates":[[[4.10800718,50.96248289],[4.10796257,50.96250061],[4.10793442,50.96247235],[4.10797902,50.96245463],[4.10800718,50.96248289]]]}},{"type":"Feature","id":"gebouw/Gebouw.15808464/0","properties":{"source":"Digitaal Vlaanderen Gebouwenregister","source_id":"gebouw/Gebouw.15808464/0","kind":"building","height_m":5.0,"status":null},"geometry":{"type":"Polygon","coordinates":[[[4.10849988,50.96382163],[4.10852528,50.96387172],[4.10841535,50.96389395],[4.10838995,50.96384386],[4.10849988,50.96382163]]]}},{"type":"Feature","id":"gebouw/Gebouw.15820887/0","properties":{"source":"Digitaal Vlaanderen Gebouwenregister","source_id":"gebouw/Gebouw.15820887/0","kind":"building","height_m":8.6,"status":null},"geometry":{"type":"Polygon","coordinates":[[[4.1084062,50.96285913],[4.10848742,50.96284313],[4.10854015,50.96295993],[4.10842282,50.96298119],[4.10841457,50.96298268],[4.10837946,50.96290489],[4.10842319,50.96289702],[4.1084062,50.96285913]]]}},{"type":"Feature","id":"gebouw/Gebouw.15823496/0","properties":{"source":"Digitaal Vlaanderen Gebouwenregister","source_id":"gebouw/Gebouw.15823496/0","kind":"building","height_m":7.16,"status":null},"geometry":{"type":"Polygon","coordinates":[[[4.10815445,50.96239004],[4.10814253,50.96239273],[4.10816737,50.96243664],[4.10828737,50.96240957],[4.10826563,50.96236928],[4.10815445,50.96239004]]]}},{"type":"Feature","id":"gebouw/Gebouw.15828920/0","properties":{"source":"Digitaal Vlaanderen Gebouwenregister","source_id":"gebouw/Gebouw.15828920/0","kind":"building","height_m":6.44,"status":null},"geometry":{"type":"Polygon","coordinates":[[[4.10867444,50.96257699],[4.10860043,50.96259061],[4.10860974,50.9626138],[4.10849073,50.96263285],[4.10848708,50.96262077],[4.10844142,50.96262571],[4.1084377,50.96261274],[4.10840059,50.96261914],[4.10836854,50.96253845],[4.10842494,50.96253004],[4.10845747,50.96252519],[4.10846806,50.96255229],[4.10857886,50.96253619],[4.10857268,50.96251884],[4.10863529,50.9625047],[4.10867605,50.9625767],[4.10867444,50.96257699]]]}},{"type":"Feature","id":"gebouw/Gebouw.15829595/0","properties":{"source":"Digitaal Vlaanderen Gebouwenregister","source_id":"gebouw/Gebouw.15829595/0","kind":"building","height_m":8.6,"status":null},"geometry":{"type":"Polygon","coordinates":[[[4.10721585,50.96662569],[4.1072129,50.96661567],[4.10720821,50.96661654],[4.10720262,50.96660155],[4.10718038,50.96654187],[4.1073679,50.96651476],[4.10737083,50.96652234],[4.10739121,50.96657514],[4.10728563,50.96659133],[4.10729432,50.96661424],[4.10721585,50.96662569]]]}},{"type":"Feature","id":"gebouw/Gebouw.15831862/0","properties":{"source":"Digitaal Vlaanderen Gebouwenregister","source_id":"gebouw/Gebouw.15831862/0","kind":"building","height_m":7.88,"status":null},"geometry":{"type":"Polygon","coordinates":[[[4.10849613,50.9624193],[4.10831385,50.96245125],[4.10829894,50.96242519],[4.10835031,50.96241338],[4.10834136,50.96239785],[4.10853609,50.96235112],[4.10856939,50.96240646],[4.10849613,50.9624193]]]}},{"type":"Feature","id":"gebouw/Gebouw.15841285/0","properties":{"source":"Digitaal Vlaanderen Gebouwenregister","source_id":"gebouw/Gebouw.15841285/0","kind":"building","height_m":8.6,"status":null},"geometry":{"type":"Polygon","coordinates":[[[4.1092712,50.9639717],[4.1093208,50.96399356],[4.1091979,50.96410475],[4.10909686,50.96406022],[4.10920156,50.9639635],[4.10925564,50.96398685],[4.1092712,50.9639717]]]}},{"type":"Feature","id":"gebouw/Gebouw.15846337/0","properties":{"source":"Digitaal Vlaanderen Gebouwenregister","source_id":"gebouw/Gebouw.15846337/0","kind":"building","height_m":7.16,"status":null},"geometry":{"type":"Polygon","coordinates":[[[4.10600823,50.962951],[4.10607461,50.96293183],[4.10609312,50.9629574],[4.10602674,50.96297657],[4.10600823,50.962951]]]}},{"type":"Feature","id":"gebouw/Gebouw.15847243/0","properties":{"source":"Digitaal Vlaanderen Gebouwenregister","source_id":"gebouw/Gebouw.15847243/0","kind":"building","height_m":9.32,"status":null},"geometry":{"type":"Polygon","coordinates":[[[4.10888077,50.96229292],[4.10872546,50.9623381],[4.10867335,50.96227626],[4.10867616,50.96227532],[4.10874817,50.96225111],[4.10873664,50.96222822],[4.10881779,50.96220946],[4.10887752,50.96228861],[4.10888077,50.96229292]]]}},{"type":"Feature","id":"gebouw/Gebouw.15848590/0","properties":{"source":"Digitaal Vlaanderen Gebouwenregister","source_id":"gebouw/Gebouw.15848590/0","kind":"building","height_m":6.44,"status":null},"geometry":{"type":"Polygon","coordinates":[[[4.11007725,50.9637368],[4.11006525,50.96369772],[4.11002219,50.9637026],[4.11003683,50.96374269],[4.11003024,50.96378558],[4.11007724,50.96377862],[4.11007725,50.9637368]]]}},{"type":"Feature","id":"gebouw/Gebouw.15848845/0","properties":{"source":"Digitaal Vlaanderen Gebouwenregister","source_id":"gebouw/Gebouw.15848845/0","kind":"building","height_m":8.6,"status":null},"geometry":{"type":"Polygon","coordinates":[[[4.10219399,50.96468839],[4.102159,50.96464222],[4.10220379,50.96462868],[4.10223879,50.96467486],[4.10219399,50.96468839]]]}},{"type":"Feature","id":"gebouw/Gebouw.15859025/0","properties":{"source":"Digitaal Vlaanderen Gebouwenregister","source_id":"gebouw/Gebouw.15859025/0","kind":"building","height_m":5.0,"status":null},"geometry":{"type":"Polygon","coordinates":[[[4.1092462,50.96482049],[4.10924363,50.96481999],[4.10923246,50.96484388],[4.10908801,50.96481611],[4.10910382,50.96478319],[4.10916471,50.96479314],[4.10916273,50.96479839],[4.10917297,50.96480046],[4.10919197,50.96476006],[4.10912136,50.96474666],[4.10917879,50.96462705],[4.10921124,50.96463329],[4.1093042,50.96465115],[4.10930671,50.96465076],[4.10931865,50.96466597],[4.109321,50.96466896],[4.10931975,50.96466925],[4.1092462,50.96482049]]]}},{"type":"Feature","id":"gebouw/Gebouw.15864718/0","properties":{"source":"Digitaal Vlaanderen Gebouwenregister","source_id":"gebouw/Gebouw.15864718/0","kind":"building","height_m":6.44,"status":null},"geometry":{"type":"Polygon","coordinates":[[[4.10394657,50.96497389],[4.10389165,50.96498232],[4.10388533,50.96496482],[4.10374158,50.96498608],[4.10368762,50.9648406],[4.10384133,50.96481542],[4.10384401,50.96482271],[4.10386676,50.96488454],[4.10391376,50.96487804],[4.10391673,50.96488672],[4.10391904,50.96489347],[4.10394657,50.96497389]]]}},{"type":"Feature","id":"gebouw/Gebouw.15873603/0","properties":{"source":"Digitaal Vlaanderen Gebouwenregister","source_id":"gebouw/Gebouw.15873603/0","kind":"building","height_m":7.88,"status":null},"geometry":{"type":"Polygon","coordinates":[[[4.10726178,50.96341813],[4.1072701,50.96343122],[4.10728826,50.96342672],[4.10731355,50.96345956],[4.10709798,50.96352579],[4.1070352,50.9634425],[4.10709755,50.9634236],[4.10711644,50.96345126],[4.10725816,50.96341243],[4.10726178,50.96341813]]]}},{"type":"Feature","id":"gebouw/Gebouw.15876034/0","properties":{"source":"Digitaal Vlaanderen Gebouwenregister","source_id":"gebouw/Gebouw.15876034/0","kind":"building","height_m":9.32,"status":null},"geometry":{"type":"Polygon","coordinates":[[[4.10936326,50.963178],[4.1092216,50.96320071],[4.10919869,50.96314556],[4.10918873,50.96312158],[4.10918719,50.96311789],[4.10932858,50.96309446],[4.10932947,50.9630966],[4.10936326,50.963178]]]}},{"type":"Feature","id":"gebouw/Gebouw.15876164/0","properties":{"source":"Digitaal Vlaanderen Gebouwenregister","source_id":"gebouw/Gebouw.15876164/0","kind":"building","height_m":7.16,"status":null},"geometry":{"type":"Polygon","coordinates":[[[4.10811053,50.96739579],[4.10800458,50.96734255],[4.10809107,50.96727391],[4.10831758,50.96738773],[4.1082396,50.96744961],[4.10811905,50.96738903],[4.10811053,50.96739579]]]}},{"type":"Feature","id":"gebouw/Gebouw.15878829/0","properties":{"source":"Digitaal Vlaanderen Gebouwenregister","source_id":"gebouw/Gebouw.15878829/0","kind":"building","height_m":5.72,"status":null},"geometry":{"type":"Polygon","coordinates":[[[4.10669427,50.96271711],[4.10668095,50.96268886],[4.10671249,50.9626806],[4.10671037,50.96267738],[4.10681741,50.96264934],[4.10681873,50.96265134],[4.10682313,50.96265018],[4.10679732,50.962611],[4.10667018,50.96264314],[4.10662731,50.96265398],[4.10656794,50.96266899],[4.1065006,50.96268601],[4.1065457,50.96275467],[4.10659574,50.96274202],[4.10669427,50.96271711]]]}},{"type":"Feature","id":"gebouw/Gebouw.15879710/0","properties":{"source":"Digitaal Vlaanderen Gebouwenregister","source_id":"gebouw/Gebouw.15879710/0","kind":"building","height_m":5.0,"status":null},"geometry":{"type":"Polygon","coordinates":[[[4.11009409,50.96356674],[4.10997049,50.96358522],[4.10998332,50.96362265],[4.11010789,50.96360386],[4.11009409,50.96356674]]]}},{"type":"Feature","id":"gebouw/Gebouw.15882220/0","properties":{"source":"Digitaal Vlaanderen Gebouwenregister","source_id":"gebouw/Gebouw.15882220/0","kind":"building","height_m":7.88,"status":null},"geometry":{"type":"Polygon","coordinates":[[[4.11088427,50.96769059],[4.11084525,50.96767288],[4.11094904,50.96758523],[4.11098622,50.96760194],[4.11088427,50.96769059]]]}},{"type":"Feature","id":"gebouw/Gebouw.15882279/0","properties":{"source":"Digitaal Vlaanderen Gebouwenregister","source_id":"gebouw/Gebouw.15882279/0","kind":"building","height_m":5.0,"status":null},"geometry":{"type":"Polygon","coordinates":[[[4.10771946,50.96316181],[4.1076714,50.96316941],[4.107659,50.96313696],[4.10770716,50.96312962],[4.10770864,50.96313349],[4.10774022,50.96312868],[4.10775005,50.96315441],[4.10771847,50.96315923],[4.10771946,50.96316181]]]}},{"type":"Feature","id":"gebouw/Gebouw.15889706/0","properties":{"source":"Digitaal Vlaanderen Gebouwenregister","source_id":"gebouw/Gebouw.15889706/0","kind":"building","height_m":5.0,"status":null},"geometry":{"type":"Polygon","coordinates":[[[4.10666924,50.96813837],[4.10655717,50.96812294],[4.10656376,50.96810386],[4.10667582,50.96811929],[4.10666924,50.96813837]]]}},{"type":"Feature","id":"gebouw/Gebouw.15891611/0","properties":{"source":"Digitaal Vlaanderen Gebouwenregister","source_id":"gebouw/Gebouw.15891611/0","kind":"building","height_m":5.72,"status":null},"geometry":{"type":"Polygon","coordinates":[[[4.10947919,50.96315941],[4.1094311,50.96316712],[4.10936326,50.963178],[4.1092216,50.96320071],[4.10923194,50.96322543],[4.10923982,50.96324425],[4.10924005,50.9632448],[4.10924797,50.96324347],[4.10927897,50.9632383],[4.10928491,50.96325249],[4.10927939,50.96325341],[4.10928396,50.96326354],[4.10928917,50.96326268],[4.10929098,50.96326703],[4.10940644,50.96324787],[4.10939515,50.96322074],[4.10949763,50.96320373],[4.10947919,50.96315941]]]}},{"type":"Feature","id":"gebouw/Gebouw.15908830/0","properties":{"source":"Digitaal Vlaanderen Gebouwenregister","source_id":"gebouw/Gebouw.15908830/0","kind":"building","height_m":5.0,"status":null},"geometry":{"type":"Polygon","coordinates":[[[4.10688958,50.9627518],[4.10674228,50.96279032],[4.10666561,50.96281037],[4.10666554,50.96281039],[4.10665157,50.96278907],[4.1067277,50.96276808],[4.10671085,50.96274239],[4.10670671,50.96273608],[4.10680248,50.96270661],[4.10680366,50.96270902],[4.10685256,50.96269534],[4.10688958,50.9627518]]]}},{"type":"Feature","id":"gebouw/Gebouw.15911458/0","properties":{"source":"Digitaal Vlaanderen Gebouwenregister","source_id":"gebouw/Gebouw.15911458/0","kind":"building","height_m":7.16,"status":null},"geometry":{"type":"Polygon","coordinates":[[[4.10918187,50.96487617],[4.10916183,50.96490344],[4.10903733,50.96486696],[4.10905737,50.96483969],[4.10918187,50.96487617]]]}},{"type":"Feature","id":"gebouw/Gebouw.15914771/0","properties":{"source":"Digitaal Vlaanderen Gebouwenregister","source_id":"gebouw/Gebouw.15914771/0","kind":"building","height_m":8.6,"status":null},"geometry":{"type":"Polygon","coordinates":[[[4.10935809,50.96764215],[4.10939646,50.96764687],[4.10990224,50.96770903],[4.10985445,50.96786024],[4.10985253,50.96786634],[4.1092276,50.9677891],[4.10914133,50.96777931],[4.10915647,50.96772991],[4.10904246,50.96771674],[4.10907541,50.96761471],[4.1091865,50.96762808],[4.10918842,50.9676197],[4.1092362,50.96762603],[4.10924542,50.96759274],[4.10909171,50.96757394],[4.10912159,50.96747534],[4.10932424,50.96750119],[4.10934259,50.96744505],[4.10941756,50.96745402],[4.10937606,50.96758532],[4.10935809,50.96764215]]]}},{"type":"Feature","id":"gebouw/Gebouw.15917406/0","properties":{"source":"Digitaal Vlaanderen Gebouwenregister","source_id":"gebouw/Gebouw.15917406/0","kind":"building","height_m":5.72,"status":null},"geometry":{"type":"Polygon","coordinates":[[[4.10193732,50.96641092],[4.10190556,50.96637935],[4.10179541,50.96626988],[4.10173411,50.96629515],[4.10184639,50.96640377],[4.10181599,50.96641632],[4.10185111,50.96645093],[4.10193732,50.96641092]]]}},{"type":"Feature","id":"gebouw/Gebouw.15924413/0","properties":{"source":"Digitaal Vlaanderen Gebouwenregister","source_id":"gebouw/Gebouw.15924413/0","kind":"building","height_m":5.72,"status":null},"geometry":{"type":"Polygon","coordinates":[[[4.11121853,50.96383364],[4.11110911,50.96388495],[4.111042,50.96382787],[4.1110379,50.96382978],[4.11099192,50.96378861],[4.11097063,50.96376955],[4.11097612,50.96376695],[4.11093194,50.96372937],[4.11092788,50.96373128],[4.11076809,50.96358823],[4.1108497,50.96355008],[4.11088466,50.96357938],[4.11094366,50.96355309],[4.11098883,50.96359094],[4.11104823,50.96364347],[4.11107144,50.96366363],[4.11107616,50.96366133],[4.11111981,50.96370021],[4.11106387,50.96372692],[4.11106081,50.96372838],[4.11108278,50.96374591],[4.1110486,50.96376197],[4.11109315,50.96379947],[4.11114851,50.96377409],[4.11121853,50.96383364]]]}},{"type":"Feature","id":"gebouw/Gebouw.15938455/0","properties":{"source":"Digitaal Vlaanderen Gebouwenregister","source_id":"gebouw/Gebouw.15938455/0","kind":"building","height_m":5.72,"status":null},"geometry":{"type":"Polygon","coordinates":[[[4.10455816,50.96533063],[4.10462237,50.96531474],[4.10464936,50.96535844],[4.10458796,50.96537355],[4.10455816,50.96533063]]]}},{"type":"Feature","id":"gebouw/Gebouw.15938466/0","properties":{"source":"Digitaal Vlaanderen Gebouwenregister","source_id":"gebouw/Gebouw.15938466/0","kind":"building","height_m":8.6,"status":null},"geometry":{"type":"Polygon","coordinates":[[[4.10870674,50.9642499],[4.10875596,50.9642701],[4.10867082,50.96435284],[4.10858979,50.96431959],[4.10859807,50.96431217],[4.1085643,50.96429835],[4.10855661,50.96430595],[4.10849143,50.96427942],[4.10851455,50.96425686],[4.10851281,50.964256],[4.10857587,50.9641962],[4.10870674,50.9642499]]]}},{"type":"Feature","id":"gebouw/Gebouw.15940134/0","properties":{"source":"Digitaal Vlaanderen Gebouwenregister","source_id":"gebouw/Gebouw.15940134/0","kind":"building","height_m":5.0,"status":null},"geometry":{"type":"Polygon","coordinates":[[[4.10908257,50.96265343],[4.10890955,50.96269558],[4.10885927,50.96262685],[4.10902067,50.96257976],[4.10900136,50.96255336],[4.1091092,50.96253058],[4.10913356,50.96257973],[4.10916065,50.96263441],[4.10908257,50.96265343]]]}},{"type":"Feature","id":"gebouw/Gebouw.15945452/0","properties":{"source":"Digitaal Vlaanderen Gebouwenregister","source_id":"gebouw/Gebouw.15945452/0","kind":"building","height_m":8.6,"status":null},"geometry":{"type":"Polygon","coordinates":[[[4.10826563,50.96236928],[4.10815445,50.96239004],[4.10815219,50.9623861],[4.10814547,50.9623744],[4.10812207,50.96233361],[4.10822105,50.96231256],[4.10820882,50.96228709],[4.10824744,50.9622799],[4.10840221,50.96225109],[4.1084299,50.96230652],[4.10825087,50.96234219],[4.10826563,50.96236928]]]}},{"type":"Feature","id":"gebouw/Gebouw.15948182/0","properties":{"source":"Digitaal Vlaanderen Gebouwenregister","source_id":"gebouw/Gebouw.15948182/0","kind":"building","height_m":8.6,"status":null},"geometry":{"type":"Polygon","coordinates":[[[4.10878914,50.96753033],[4.1087318,50.9675752],[4.10845903,50.9674362],[4.10843387,50.96742338],[4.10849121,50.96737852],[4.10878914,50.96753033]]]}},{"type":"Feature","id":"gebouw/Gebouw.15950079/0","properties":{"source":"Digitaal Vlaanderen Gebouwenregister","source_id":"gebouw/Gebouw.15950079/0","kind":"building","height_m":8.6,"status":null},"geometry":{"type":"Polygon","coordinates":[[[4.10797674,50.96399258],[4.10797995,50.96399831],[4.10793447,50.96400847],[4.1079241,50.96398994],[4.10789069,50.96399739],[4.10783825,50.96391209],[4.1079204,50.96389195],[4.10795145,50.9639474],[4.10797674,50.96399258]]]}},{"type":"Feature","id":"gebouw/Gebouw.15950204/0","properties":{"source":"Digitaal Vlaanderen Gebouwenregister","source_id":"gebouw/Gebouw.15950204/0","kind":"building","height_m":7.88,"status":null},"geometry":{"type":"Polygon","coordinates":[[[4.11070476,50.96427266],[4.11061194,50.96429006],[4.11056922,50.96419913],[4.11061526,50.96419051],[4.11063631,50.96417565],[4.11062195,50.96414326],[4.11071475,50.96412631],[4.110721,50.96414099],[4.11072263,50.96414081],[4.11077676,50.96425917],[4.11070476,50.96427266]]]}},{"type":"Feature","id":"gebouw/Gebouw.15955995/0","properties":{"source":"Digitaal Vlaanderen Gebouwenregister","source_id":"gebouw/Gebouw.15955995/0","kind":"building","height_m":9.32,"status":null},"geometry":{"type":"Polygon","coordinates":[[[4.10654485,50.96275982],[4.10656238,50.96278887],[4.10652189,50.96279905],[4.10650496,50.96277056],[4.10654485,50.96275982]]]}},{"type":"Feature","id":"gebouw/Gebouw.15960812/0","properties":{"source":"Digitaal Vlaanderen Gebouwenregister","source_id":"gebouw/Gebouw.15960812/0","kind":"building","height_m":5.0,"status":null},"geometry":{"type":"Polygon","coordinates":[[[4.10741445,50.96364925],[4.107285,50.96369463],[4.1072324,50.96363346],[4.10722211,50.96363692],[4.1071883,50.96359517],[4.10731261,50.96355129],[4.10736698,50.96361273],[4.10737878,50.96360867],[4.10741445,50.96364925]]]}},{"type":"Feature","id":"gebouw/Gebouw.15962852/0","properties":{"source":"Digitaal Vlaanderen Gebouwenregister","source_id":"gebouw/Gebouw.15962852/0","kind":"building","height_m":7.16,"status":null},"geometry":{"type":"Polygon","coordinates":[[[4.10354673,50.96485449],[4.10353248,50.96481399],[4.10359354,50.96480542],[4.10360779,50.96484593],[4.10354673,50.96485449]]]}},{"type":"Feature","id":"gebouw/Gebouw.15966108/0","properties":{"source":"Digitaal Vlaanderen Gebouwenregister","source_id":"gebouw/Gebouw.15966108/0","kind":"building","height_m":7.88,"status":null},"geometry":{"type":"Polygon","coordinates":[[[4.10395567,50.9652445],[4.10368035,50.96531054],[4.10363715,50.9652387],[4.10365798,50.96523371],[4.10362856,50.96518479],[4.10362155,50.96517313],[4.10370901,50.96515216],[4.10374306,50.96520878],[4.10390751,50.96516937],[4.10395567,50.9652445]]]}},{"type":"Feature","id":"gebouw/Gebouw.15968703/0","properties":{"source":"Digitaal Vlaanderen Gebouwenregister","source_id":"gebouw/Gebouw.15968703/0","kind":"building","height_m":6.44,"status":null},"geometry":{"type":"Polygon","coordinates":[[[4.10805377,50.96266879],[4.10801957,50.9626739],[4.10799404,50.96260946],[4.10802813,50.96260408],[4.10805377,50.96266879]]]}},{"type":"Feature","id":"gebouw/Gebouw.15976596/0","properties":{"source":"Digitaal Vlaanderen Gebouwenregister","source_id":"gebouw/Gebouw.15976596/0","kind":"building","height_m":9.32,"status":null},"geometry":{"type":"Polygon","coordinates":[[[4.10525032,50.96459038],[4.10529446,50.96466622],[4.10506023,50.9647205],[4.1050162,50.96464473],[4.10505316,50.96463615],[4.10508117,50.96462964],[4.10525032,50.96459038]]]}},{"type":"Feature","id":"gebouw/Gebouw.15979438/0","properties":{"source":"Digitaal Vlaanderen Gebouwenregister","source_id":"gebouw/Gebouw.15979438/0","kind":"building","height_m":9.32,"status":null},"geometry":{"type":"Polygon","coordinates":[[[4.10529953,50.96529499],[4.10500672,50.96536377],[4.10494435,50.9652579],[4.10493588,50.96524351],[4.10522869,50.96517473],[4.10523035,50.96517755],[4.10529953,50.96529499]]]}},{"type":"Feature","id":"gebouw/Gebouw.15983975/0","properties":{"source":"Digitaal Vlaanderen Gebouwenregister","source_id":"gebouw/Gebouw.15983975/0","kind":"building","height_m":5.0,"status":null},"geometry":{"type":"Polygon","coordinates":[[[4.10425102,50.96477157],[4.10426794,50.96480146],[4.10430852,50.96479231],[4.10432914,50.96482877],[4.1043676,50.9648201],[4.10440301,50.96488271],[4.10422284,50.96492334],[4.10417993,50.96484748],[4.10415233,50.96485391],[4.10413243,50.96479714],[4.10425102,50.96477157]]]}},{"type":"Feature","id":"gebouw/Gebouw.15986734/0","properties":{"source":"Digitaal Vlaanderen Gebouwenregister","source_id":"gebouw/Gebouw.15986734/0","kind":"building","height_m":5.72,"status":null},"geometry":{"type":"Polygon","coordinates":[[[4.10941712,50.96819484],[4.10935559,50.96820647],[4.1093412,50.96817612],[4.10940273,50.96816449],[4.10941712,50.96819484]]]}},{"type":"Feature","id":"gebouw/Gebouw.15998678/0","properties":{"source":"Digitaal Vlaanderen Gebouwenregister","source_id":"gebouw/Gebouw.15998678/0","kind":"building","height_m":7.16,"status":null},"geometry":{"type":"Polygon","coordinates":[[[4.10525384,50.96506599],[4.10509734,50.96510726],[4.10498592,50.96494477],[4.10488551,50.96496903],[4.10484525,50.96489668],[4.10490694,50.96488299],[4.10491607,50.96489961],[4.10503508,50.96486837],[4.10511009,50.96484859],[4.10525384,50.96506599]]]}},{"type":"Feature","id":"gebouw/Gebouw.15998812/0","properties":{"source":"Digitaal Vlaanderen Gebouwenregister","source_id":"gebouw/Gebouw.15998812/0","kind":"building","height_m":7.88,"status":null},"geometry":{"type":"Polygon","coordinates":[[[4.10840221,50.96225109],[4.10824744,50.9622799],[4.10820814,50.96220737],[4.1082697,50.96219425],[4.10827393,50.96220216],[4.10836821,50.96218319],[4.10840221,50.96225109]]]}},{"type":"Feature","id":"gebouw/Gebouw.15998867/0","properties":{"source":"Digitaal Vlaanderen Gebouwenregister","source_id":"gebouw/Gebouw.15998867/0","kind":"building","height_m":7.16,"status":null},"geometry":{"type":"Polygon","coordinates":[[[4.11115232,50.96703374],[4.11127524,50.96708959],[4.1110812,50.96725925],[4.11106035,50.96724998],[4.11097167,50.96721044],[4.11096231,50.96720626],[4.11085748,50.96715954],[4.11105169,50.96698802],[4.11115232,50.96703374]]]}},{"type":"Feature","id":"gebouw/Gebouw.16004108/0","properties":{"source":"Digitaal Vlaanderen Gebouwenregister","source_id":"gebouw/Gebouw.16004108/0","kind":"building","height_m":5.72,"status":null},"geometry":{"type":"Polygon","coordinates":[[[4.1018764,50.96594387],[4.10164891,50.96571759],[4.10172192,50.96568883],[4.10169299,50.96566322],[4.10169414,50.96566269],[4.10173964,50.96564151],[4.10185207,50.96558919],[4.1020541,50.96577829],[4.10213135,50.96585058],[4.10208409,50.96586975],[4.10196816,50.96591679],[4.10196174,50.96591029],[4.1018764,50.96594387]],[[4.101755,50.96569949],[4.10189459,50.96583708],[4.10194253,50.96581952],[4.10193797,50.96581394],[4.10197749,50.96579953],[4.10188649,50.96571186],[4.10187472,50.96571553],[4.10182442,50.96566903],[4.101755,50.96569949]]]}},{"type":"Feature","id":"gebouw/Gebouw.16006309/0","properties":{"source":"Digitaal Vlaanderen Gebouwenregister","source_id":"gebouw/Gebouw.16006309/0","kind":"building","height_m":7.88,"status":null},"geometry":{"type":"Polygon","coordinates":[[[4.11166566,50.96404032],[4.11166303,50.96403408],[4.111618,50.96404162],[4.11158285,50.96396074],[4.11165413,50.9639478],[4.11166576,50.96397384],[4.11171171,50.96396613],[4.11173783,50.96402821],[4.11166566,50.96404032]]]}},{"type":"Feature","id":"gebouw/Gebouw.16006901/0","properties":{"source":"Digitaal Vlaanderen Gebouwenregister","source_id":"gebouw/Gebouw.16006901/0","kind":"building","height_m":5.72,"status":null},"geometry":{"type":"Polygon","coordinates":[[[4.10903728,50.96397403],[4.10896537,50.96398795],[4.10891764,50.96388957],[4.10896073,50.96388124],[4.10894417,50.96384712],[4.10908367,50.9638204],[4.10910636,50.96386765],[4.1090925,50.96387078],[4.10911985,50.96392714],[4.10902357,50.96394577],[4.10903728,50.96397403]]]}},{"type":"Feature","id":"gebouw/Gebouw.16008540/0","properties":{"source":"Digitaal Vlaanderen Gebouwenregister","source_id":"gebouw/Gebouw.16008540/0","kind":"building","height_m":6.44,"status":null},"geometry":{"type":"Polygon","coordinates":[[[4.10732287,50.96413432],[4.10728976,50.96403922],[4.10721649,50.96404939],[4.10715083,50.96405851],[4.10718394,50.9641536],[4.10732287,50.96413432]]]}},{"type":"Feature","id":"gebouw/Gebouw.16009141/0","properties":{"source":"Digitaal Vlaanderen Gebouwenregister","source_id":"gebouw/Gebouw.16009141/0","kind":"building","height_m":5.72,"status":null},"geometry":{"type":"Polygon","coordinates":[[[4.10773625,50.96349724],[4.10784185,50.96347711],[4.1078652,50.96352595],[4.10775661,50.96354458],[4.10773625,50.96349724]]]}},{"type":"Feature","id":"gebouw/Gebouw.16011506/0","properties":{"source":"Digitaal Vlaanderen Gebouwenregister","source_id":"gebouw/Gebouw.16011506/0","kind":"building","height_m":5.0,"status":null},"geometry":{"type":"Polygon","coordinates":[[[4.11023785,50.96412952],[4.11033353,50.964121],[4.11035737,50.96422778],[4.11009075,50.96425152],[4.11007025,50.96416353],[4.11024217,50.96414755],[4.11023785,50.96412952]]]}},{"type":"Feature","id":"gebouw/Gebouw.16013660/0","properties":{"source":"Digitaal Vlaanderen Gebouwenregister","source_id":"gebouw/Gebouw.16013660/0","kind":"building","height_m":8.6,"status":null},"geometry":{"type":"Polygon","coordinates":[[[4.11196766,50.96748274],[4.11192545,50.96751528],[4.11187568,50.96748905],[4.11191158,50.96746189],[4.11183799,50.96742311],[4.11187032,50.96739865],[4.11174943,50.96733494],[4.11193072,50.96719778],[4.11199762,50.96723304],[4.1119663,50.96725674],[4.11197708,50.96726242],[4.11188282,50.96733375],[4.11204801,50.9674208],[4.1119963,50.96746067],[4.11196766,50.96748274]]]}},{"type":"Feature","id":"gebouw/Gebouw.16013845/0","properties":{"source":"Digitaal Vlaanderen Gebouwenregister","source_id":"gebouw/Gebouw.16013845/0","kind":"building","height_m":5.72,"status":null},"geometry":{"type":"Polygon","coordinates":[[[4.10901258,50.96360653],[4.10913487,50.96358275],[4.10917897,50.96367318],[4.10920216,50.96366872],[4.10922144,50.9637085],[4.10907,50.96373777],[4.10904247,50.96368132],[4.10897386,50.96369466],[4.10894688,50.96363934],[4.10889985,50.96364848],[4.10886543,50.96357789],[4.10898707,50.96355423],[4.10901258,50.96360653]]]}},{"type":"Feature","id":"gebouw/Gebouw.16016547/0","properties":{"source":"Digitaal Vlaanderen Gebouwenregister","source_id":"gebouw/Gebouw.16016547/0","kind":"building","height_m":5.72,"status":null},"geometry":{"type":"Polygon","coordinates":[[[4.10897783,50.96439462],[4.10894643,50.96446435],[4.10877614,50.96443378],[4.10867837,50.96441622],[4.1088028,50.96429523],[4.10884675,50.96431338],[4.10882271,50.96436677],[4.10897783,50.96439462]]]}},{"type":"Feature","id":"gebouw/Gebouw.16024932/0","properties":{"source":"Digitaal Vlaanderen Gebouwenregister","source_id":"gebouw/Gebouw.16024932/0","kind":"building","height_m":5.0,"status":null},"geometry":{"type":"Polygon","coordinates":[[[4.10362699,50.96839112],[4.10364461,50.96837761],[4.10361701,50.96836326],[4.10353931,50.96842284],[4.1035643,50.96843584],[4.10353214,50.96846049],[4.10364136,50.96851158],[4.10366798,50.96848892],[4.10372818,50.96843769],[4.10362699,50.96839112]]]}},{"type":"Feature","id":"gebouw/Gebouw.16028132/0","properties":{"source":"Digitaal Vlaanderen Gebouwenregister","source_id":"gebouw/Gebouw.16028132/0","kind":"building","height_m":5.72,"status":null},"geometry":{"type":"Polygon","coordinates":[[[4.10697183,50.9634275],[4.10689987,50.9634491],[4.10686306,50.96339893],[4.10693552,50.96337682],[4.10697183,50.9634275]]]}},{"type":"Feature","id":"gebouw/Gebouw.16032961/0","properties":{"source":"Digitaal Vlaanderen Gebouwenregister","source_id":"gebouw/Gebouw.16032961/0","kind":"building","height_m":5.0,"status":null},"geometry":{"type":"Polygon","coordinates":[[[4.10908257,50.96265343],[4.10910806,50.96269002],[4.10906175,50.96270273],[4.10912488,50.96279355],[4.10922293,50.96276919],[4.10924552,50.96280797],[4.10902922,50.9628639],[4.1090088,50.96283638],[4.10896137,50.96277247],[4.10890527,50.96269689],[4.10890955,50.96269558],[4.10908257,50.96265343]]]}},{"type":"Feature","id":"gebouw/Gebouw.16033016/0","properties":{"source":"Digitaal Vlaanderen Gebouwenregister","source_id":"gebouw/Gebouw.16033016/0","kind":"building","height_m":9.32,"status":null},"geometry":{"type":"Polygon","coordinates":[[[4.11026669,50.9629561],[4.11026146,50.9629153],[4.11029339,50.96291367],[4.11029863,50.96295446],[4.11026669,50.9629561]]]}},{"type":"Feature","id":"gebouw/Gebouw.16042658/0","properties":{"source":"Digitaal Vlaanderen Gebouwenregister","source_id":"gebouw/Gebouw.16042658/0","kind":"building","height_m":6.44,"status":null},"geometry":{"type":"Polygon","coordinates":[[[4.11012389,50.9634329],[4.11007796,50.96342727],[4.11009944,50.96335692],[4.11014537,50.96336255],[4.11012389,50.9634329]]]}},{"type":"Feature","id":"gebouw/Gebouw.16048400/0","properties":{"source":"Digitaal Vlaanderen Gebouwenregister","source_id":"gebouw/Gebouw.16048400/0","kind":"building","height_m":7.88,"status":null},"geometry":{"type":"Polygon","coordinates":[[[4.11011816,50.9659088],[4.11008063,50.96588818],[4.11010924,50.96586741],[4.11014677,50.96588804],[4.11011816,50.9659088]]]}},{"type":"Feature","id":"gebouw/Gebouw.16061816/0","properties":{"source":"Digitaal Vlaanderen Gebouwenregister","source_id":"gebouw/Gebouw.16061816/0","kind":"building","height_m":5.72,"status":null},"geometry":{"type":"Polygon","coordinates":[[[4.10847703,50.96360129],[4.10848421,50.96361617],[4.10845341,50.9636221],[4.10845564,50.96362672],[4.10839474,50.96363844],[4.10838704,50.96361907],[4.10847703,50.96360129]]]}},{"type":"Feature","id":"gebouw/Gebouw.16069810/0","properties":{"source":"Digitaal Vlaanderen Gebouwenregister","source_id":"gebouw/Gebouw.16069810/0","kind":"building","height_m":5.72,"status":null},"geometry":{"type":"Polygon","coordinates":[[[4.10282317,50.96482246],[4.1027875,50.96477735],[4.102728,50.96479612],[4.1027638,50.96484139],[4.10260966,50.96488254],[4.10261468,50.96488842],[4.10271193,50.96500158],[4.10279845,50.96497601],[4.10280579,50.96497384],[4.10278365,50.96494687],[4.10274985,50.96490255],[4.10281878,50.9648836],[4.10281684,50.96488079],[4.10278908,50.9648405],[4.10278821,50.96483923],[4.10278497,50.9648345],[4.10282317,50.96482246]]]}},{"type":"Feature","id":"gebouw/Gebouw.16075600/0","properties":{"source":"Digitaal Vlaanderen Gebouwenregister","source_id":"gebouw/Gebouw.16075600/0","kind":"building","height_m":6.44,"status":null},"geometry":{"type":"Polygon","coordinates":[[[4.10786667,50.96236744],[4.10776246,50.96238041],[4.10774599,50.96232762],[4.10785019,50.96231465],[4.10786667,50.96236744]]]}},{"type":"Feature","id":"gebouw/Gebouw.16078338/0","properties":{"source":"Digitaal Vlaanderen Gebouwenregister","source_id":"gebouw/Gebouw.16078338/0","kind":"building","height_m":7.16,"status":null},"geometry":{"type":"Polygon","coordinates":[[[4.10344584,50.96470485],[4.10347399,50.96474999],[4.10318659,50.96482147],[4.10312935,50.96472969],[4.10323587,50.9647032],[4.10341675,50.96465822],[4.10344584,50.96470485]]]}},{"type":"Feature","id":"gebouw/Gebouw.16080662/0","properties":{"source":"Digitaal Vlaanderen Gebouwenregister","source_id":"gebouw/Gebouw.16080662/0","kind":"building","height_m":7.16,"status":null},"geometry":{"type":"Polygon","coordinates":[[[4.10983534,50.96384573],[4.10963449,50.96387496],[4.10961734,50.9638273],[4.10964883,50.96382258],[4.10965677,50.96381499],[4.10964413,50.96378103],[4.1097186,50.96376998],[4.10972112,50.96377676],[4.1097928,50.96376612],[4.10980886,50.96380928],[4.10981898,50.96381013],[4.10982551,50.9638121],[4.10982987,50.96381574],[4.10983298,50.96382327],[4.10983006,50.96383145],[4.10983534,50.96384573]]]}},{"type":"Feature","id":"gebouw/Gebouw.16085901/0","properties":{"source":"Digitaal Vlaanderen Gebouwenregister","source_id":"gebouw/Gebouw.16085901/0","kind":"building","height_m":9.32,"status":null},"geometry":{"type":"Polygon","coordinates":[[[4.10502276,50.96463347],[4.10501139,50.96463615],[4.10501124,50.96463619],[4.10497086,50.96464572],[4.10495549,50.96461968],[4.10499651,50.96461084],[4.1050079,50.96460838],[4.10502276,50.96463347]]]}},{"type":"Feature","id":"gebouw/Gebouw.16088600/0","properties":{"source":"Digitaal Vlaanderen Gebouwenregister","source_id":"gebouw/Gebouw.16088600/0","kind":"building","height_m":7.16,"status":null},"geometry":{"type":"Polygon","coordinates":[[[4.10895078,50.96458506],[4.10894332,50.96460241],[4.10886772,50.96468144],[4.10883172,50.96467558],[4.10887297,50.96457172],[4.10895078,50.96458506]]]}},{"type":"Feature","id":"gebouw/Gebouw.16088731/0","properties":{"source":"Digitaal Vlaanderen Gebouwenregister","source_id":"gebouw/Gebouw.16088731/0","kind":"building","height_m":5.72,"status":null},"geometry":{"type":"Polygon","coordinates":[[[4.11018969,50.96437665],[4.11016785,50.96440893],[4.11010178,50.9643912],[4.10975737,50.96429877],[4.10978749,50.96425292],[4.10990429,50.96428443],[4.10988834,50.96430799],[4.10999527,50.96433684],[4.1100025,50.96432615],[4.11018969,50.96437665]]]}},{"type":"Feature","id":"gebouw/Gebouw.16088806/0","properties":{"source":"Digitaal Vlaanderen Gebouwenregister","source_id":"gebouw/Gebouw.16088806/0","kind":"building","height_m":9.32,"status":null},"geometry":{"type":"Polygon","coordinates":[[[4.10256937,50.96481514],[4.10249595,50.96484037],[4.10246218,50.96480117],[4.10253559,50.96477594],[4.10256937,50.96481514]]]}},{"type":"Feature","id":"gebouw/Gebouw.16093032/0","properties":{"source":"Digitaal Vlaanderen Gebouwenregister","source_id":"gebouw/Gebouw.16093032/0","kind":"building","height_m":7.88,"status":null},"geometry":{"type":"Polygon","coordinates":[[[4.10279584,50.96887289],[4.10272066,50.96880632],[4.10297278,50.96869277],[4.10323007,50.96892055],[4.10301772,50.96901619],[4.10299132,50.96899281],[4.10298089,50.9689975],[4.10294819,50.96896855],[4.1029026,50.96898907],[4.10277962,50.96888019],[4.10279584,50.96887289]],[[4.10296274,50.96877113],[4.10285711,50.96881839],[4.10300391,50.96894833],[4.10310869,50.9689016],[4.10296274,50.96877113]]]}},{"type":"Feature","id":"gebouw/Gebouw.16093277/0","properties":{"source":"Digitaal Vlaanderen Gebouwenregister","source_id":"gebouw/Gebouw.16093277/0","kind":"building","height_m":7.88,"status":null},"geometry":{"type":"Polygon","coordinates":[[[4.10911684,50.96475606],[4.10911387,50.96476225],[4.10906635,50.9647547],[4.10905282,50.96475237],[4.1090667,50.9647211],[4.10905967,50.96471985],[4.10907538,50.9646863],[4.10909139,50.96468879],[4.10912045,50.96461577],[4.10917629,50.96462643],[4.10917624,50.96462655],[4.10913493,50.96471839],[4.10912136,50.96474666],[4.10911684,50.96475606]]]}},{"type":"Feature","id":"gebouw/Gebouw.16096304/0","properties":{"source":"Digitaal Vlaanderen Gebouwenregister","source_id":"gebouw/Gebouw.16096304/0","kind":"building","height_m":5.0,"status":null},"geometry":{"type":"Polygon","coordinates":[[[4.10693686,50.96457491],[4.10688588,50.96463293],[4.10685497,50.96461845],[4.10690908,50.96456567],[4.10693686,50.96457491]]]}},{"type":"Feature","id":"gebouw/Gebouw.16104991/0","properties":{"source":"Digitaal Vlaanderen Gebouwenregister","source_id":"gebouw/Gebouw.16104991/0","kind":"building","height_m":5.0,"status":null},"geometry":{"type":"Polygon","coordinates":[[[4.1066499,50.96825609],[4.10649376,50.96823497],[4.10652354,50.96814722],[4.10667967,50.96816834],[4.1066499,50.96825609]]]}},{"type":"Feature","id":"gebouw/Gebouw.16110630/0","properties":{"source":"Digitaal Vlaanderen Gebouwenregister","source_id":"gebouw/Gebouw.16110630/0","kind":"building","height_m":7.88,"status":null},"geometry":{"type":"Polygon","coordinates":[[[4.1099995,50.96465079],[4.10983186,50.964601],[4.10985302,50.96457287],[4.11001918,50.96462337],[4.1099995,50.96465079]]]}},{"type":"Feature","id":"gebouw/Gebouw.16113298/0","properties":{"source":"Digitaal Vlaanderen Gebouwenregister","source_id":"gebouw/Gebouw.16113298/0","kind":"building","height_m":8.6,"status":null},"geometry":{"type":"Polygon","coordinates":[[[4.10900689,50.96433335],[4.10899015,50.96436889],[4.10889453,50.96435093],[4.10891127,50.96431539],[4.10900689,50.96433335]]]}},{"type":"Feature","id":"gebouw/Gebouw.16116643/0","properties":{"source":"Digitaal Vlaanderen Gebouwenregister","source_id":"gebouw/Gebouw.16116643/0","kind":"building","height_m":7.88,"status":null},"geometry":{"type":"Polygon","coordinates":[[[4.1085628,50.96465869],[4.10853146,50.96469342],[4.10843926,50.96466463],[4.1085672,50.96451035],[4.10862236,50.96452866],[4.10867226,50.96453734],[4.1085628,50.96465869]]]}},{"type":"Feature","id":"gebouw/Gebouw.16116682/0","properties":{"source":"Digitaal Vlaanderen Gebouwenregister","source_id":"gebouw/Gebouw.16116682/0","kind":"building","height_m":5.72,"status":null},"geometry":{"type":"Polygon","coordinates":[[[4.1096992,50.96361575],[4.10954806,50.96363775],[4.10952217,50.96356755],[4.10975624,50.96353312],[4.10978139,50.96360378],[4.1096992,50.96361575]]]}},{"type":"Feature","id":"gebouw/Gebouw.16116904/0","properties":{"source":"Digitaal Vlaanderen Gebouwenregister","source_id":"gebouw/Gebouw.16116904/0","kind":"building","height_m":9.32,"status":null},"geometry":{"type":"Polygon","coordinates":[[[4.10384533,50.96455336],[4.10381312,50.96455886],[4.10378419,50.96449132],[4.1038164,50.96448582],[4.10384533,50.96455336]]]}},{"type":"Feature","id":"gebouw/Gebouw.16119414/0","properties":{"source":"Digitaal Vlaanderen Gebouwenregister","source_id":"gebouw/Gebouw.16119414/0","kind":"building","height_m":7.16,"status":null},"geometry":{"type":"Polygon","coordinates":[[[4.10690908,50.96456567],[4.10685497,50.96461845],[4.10670623,50.96454882],[4.10671833,50.96453864],[4.10674087,50.96454938],[4.10674875,50.96454232],[4.10685626,50.9645914],[4.10688585,50.96455796],[4.10690908,50.96456567]]]}},{"type":"Feature","id":"gebouw/Gebouw.16122871/0","properties":{"source":"Digitaal Vlaanderen Gebouwenregister","source_id":"gebouw/Gebouw.16122871/0","kind":"building","height_m":6.44,"status":null},"geometry":{"type":"Polygon","coordinates":[[[4.10443408,50.96479714],[4.10435114,50.96481345],[4.10431826,50.96474049],[4.1043962,50.96472516],[4.10443408,50.96479714]]]}},{"type":"Feature","id":"gebouw/Gebouw.16125530/0","properties":{"source":"Digitaal Vlaanderen Gebouwenregister","source_id":"gebouw/Gebouw.16125530/0","kind":"building","height_m":5.72,"status":null},"geometry":{"type":"Polygon","coordinates":[[[4.10584828,50.96266695],[4.10586756,50.96269399],[4.1059546,50.96266924],[4.10593531,50.9626422],[4.10584828,50.96266695]]]}},{"type":"Feature","id":"gebouw/Gebouw.16127885/0","properties":{"source":"Digitaal Vlaanderen Gebouwenregister","source_id":"gebouw/Gebouw.16127885/0","kind":"building","height_m":7.88,"status":null},"geometry":{"type":"Polygon","coordinates":[[[4.10278179,50.96506383],[4.10276896,50.96506817],[4.10274145,50.96503725],[4.10274808,50.96503489],[4.10273512,50.96502044],[4.10270306,50.96503181],[4.10268369,50.96500993],[4.10271193,50.96500158],[4.10279845,50.96497601],[4.10285164,50.96504018],[4.10278179,50.96506383]]]}},{"type":"Feature","id":"gebouw/Gebouw.16130213/0","properties":{"source":"Digitaal Vlaanderen Gebouwenregister","source_id":"gebouw/Gebouw.16130213/0","kind":"building","height_m":5.72,"status":null},"geometry":{"type":"Polygon","coordinates":[[[4.10940592,50.9629415],[4.10918321,50.9629772],[4.10916036,50.96292181],[4.10921821,50.9629127],[4.10921259,50.96289973],[4.10938947,50.96286916],[4.10940619,50.96290987],[4.10939377,50.96291191],[4.10940592,50.9629415]]]}},{"type":"Feature","id":"gebouw/Gebouw.16131065/0","properties":{"source":"Digitaal Vlaanderen Gebouwenregister","source_id":"gebouw/Gebouw.16131065/0","kind":"building","height_m":9.32,"status":null},"geometry":{"type":"Polygon","coordinates":[[[4.10746549,50.96710202],[4.10747425,50.9671183],[4.10744888,50.96712466],[4.10748572,50.96719015],[4.10751124,50.96723552],[4.10745869,50.96724731],[4.10742499,50.96725487],[4.10740094,50.96721016],[4.10735696,50.9671284],[4.10740504,50.96711809],[4.10740316,50.96711458],[4.10746511,50.9671013],[4.10746549,50.96710202]]]}},{"type":"Feature","id":"gebouw/Gebouw.16132909/0","properties":{"source":"Digitaal Vlaanderen Gebouwenregister","source_id":"gebouw/Gebouw.16132909/0","kind":"building","height_m":6.44,"status":null},"geometry":{"type":"Polygon","coordinates":[[[4.10843926,50.96466463],[4.1085672,50.96451035],[4.10846842,50.96447915],[4.10833309,50.96464999],[4.1082899,50.96463659],[4.10820059,50.96460888],[4.1081239,50.96470586],[4.10820264,50.96473058],[4.10810011,50.96485474],[4.1081212,50.96486189],[4.10824179,50.96490275],[4.10833593,50.96493465],[4.10841768,50.96483584],[4.10832377,50.96480389],[4.10833337,50.96479231],[4.10842291,50.96468434],[4.10843926,50.96466463]]]}},{"type":"Feature","id":"gebouw/Gebouw.16141041/0","properties":{"source":"Digitaal Vlaanderen Gebouwenregister","source_id":"gebouw/Gebouw.16141041/0","kind":"building","height_m":5.0,"status":null},"geometry":{"type":"Polygon","coordinates":[[[4.10695399,50.9644653],[4.10692297,50.96447225],[4.10693415,50.96449215],[4.10675327,50.9645327],[4.1067397,50.96450857],[4.10672767,50.96451127],[4.10669195,50.96444581],[4.10675314,50.9644325],[4.10675592,50.96443758],[4.10684254,50.9644197],[4.10683852,50.964412],[4.1069135,50.96439641],[4.10692018,50.9644085],[4.10692185,50.96440812],[4.10695399,50.9644653]]]}},{"type":"Feature","id":"gebouw/Gebouw.16142576/0","properties":{"source":"Digitaal Vlaanderen Gebouwenregister","source_id":"gebouw/Gebouw.16142576/0","kind":"building","height_m":6.44,"status":null},"geometry":{"type":"Polygon","coordinates":[[[4.10984201,50.96496628],[4.10973273,50.96493132],[4.10975304,50.96490601],[4.10986232,50.96494097],[4.10984201,50.96496628]]]}},{"type":"Feature","id":"gebouw/Gebouw.16143523/0","properties":{"source":"Digitaal Vlaanderen Gebouwenregister","source_id":"gebouw/Gebouw.16143523/0","kind":"building","height_m":7.88,"status":null},"geometry":{"type":"Polygon","coordinates":[[[4.11144418,50.96738283],[4.11154703,50.96743876],[4.11061599,50.96811571],[4.11054542,50.96807756],[4.11063373,50.96801351],[4.11056466,50.96797618],[4.1112697,50.96746627],[4.11130346,50.96748469],[4.11144418,50.96738283]]]}},{"type":"Feature","id":"gebouw/Gebouw.16150558/0","properties":{"source":"Digitaal Vlaanderen Gebouwenregister","source_id":"gebouw/Gebouw.16150558/0","kind":"building","height_m":7.88,"status":null},"geometry":{"type":"Polygon","coordinates":[[[4.11209953,50.96370996],[4.11211458,50.96374461],[4.11215607,50.96384008],[4.11216839,50.96386843],[4.11225217,50.96385326],[4.1122431,50.96382828],[4.11221719,50.96383219],[4.11219219,50.96377708],[4.11226868,50.96376325],[4.11223311,50.96368557],[4.11209953,50.96370996]]]}},{"type":"Feature","id":"gebouw/Gebouw.16150635/0","properties":{"source":"Digitaal Vlaanderen Gebouwenregister","source_id":"gebouw/Gebouw.16150635/0","kind":"building","height_m":7.88,"status":null},"geometry":{"type":"Polygon","coordinates":[[[4.10812425,50.96423061],[4.10814965,50.96425092],[4.10815231,50.9642517],[4.10812863,50.9642962],[4.10809791,50.96429742],[4.10810272,50.96432863],[4.1080745,50.96432932],[4.10801114,50.96431364],[4.10802742,50.96429314],[4.10797679,50.96427997],[4.10775851,50.96422319],[4.10779112,50.96417319],[4.10781282,50.96413993],[4.10789909,50.96416219],[4.10810225,50.9642146],[4.10810367,50.96421415],[4.10812425,50.96423061]]]}},{"type":"Feature","id":"gebouw/Gebouw.16154736/0","properties":{"source":"Digitaal Vlaanderen Gebouwenregister","source_id":"gebouw/Gebouw.16154736/0","kind":"building","height_m":7.16,"status":null},"geometry":{"type":"Polygon","coordinates":[[[4.10948825,50.96497498],[4.10947655,50.96499451],[4.10935861,50.96496636],[4.10941898,50.9648655],[4.10969731,50.96494624],[4.10967282,50.96497981],[4.1095142,50.96493162],[4.10949361,50.96496602],[4.10948825,50.96497498]]]}},{"type":"Feature","id":"gebouw/Gebouw.16155484/0","properties":{"source":"Digitaal Vlaanderen Gebouwenregister","source_id":"gebouw/Gebouw.16155484/0","kind":"building","height_m":6.44,"status":null},"geometry":{"type":"Polygon","coordinates":[[[4.10816188,50.96268982],[4.10814769,50.96273661],[4.10807587,50.96272793],[4.10809006,50.96268114],[4.10816188,50.96268982]]]}},{"type":"Feature","id":"gebouw/Gebouw.16157538/0","properties":{"source":"Digitaal Vlaanderen Gebouwenregister","source_id":"gebouw/Gebouw.16157538/0","kind":"building","height_m":8.6,"status":null},"geometry":{"type":"Polygon","coordinates":[[[4.10913751,50.9650053],[4.10910482,50.96505824],[4.10887985,50.96499953],[4.10889682,50.96497861],[4.10890526,50.96498073],[4.10891103,50.96497155],[4.10894148,50.96497918],[4.10896585,50.96493989],[4.1090252,50.96497337],[4.10913751,50.9650053]]]}},{"type":"Feature","id":"gebouw/Gebouw.16160282/0","properties":{"source":"Digitaal Vlaanderen Gebouwenregister","source_id":"gebouw/Gebouw.16160282/0","kind":"building","height_m":8.6,"status":null},"geometry":{"type":"Polygon","coordinates":[[[4.11076868,50.96621635],[4.11058787,50.96611749],[4.11047597,50.96620661],[4.11052696,50.96623216],[4.11058556,50.96618431],[4.11067709,50.96623435],[4.11063193,50.96627029],[4.11060626,50.96625743],[4.11057233,50.96628443],[4.11054263,50.96626955],[4.11047217,50.96632562],[4.11056984,50.96637456],[4.11076868,50.96621635]]]}},{"type":"Feature","id":"gebouw/Gebouw.16161070/0","properties":{"source":"Digitaal Vlaanderen Gebouwenregister","source_id":"gebouw/Gebouw.16161070/0","kind":"building","height_m":6.44,"status":null},"geometry":{"type":"Polygon","coordinates":[[[4.10618402,50.96240679],[4.106124,50.96241834],[4.10610598,50.96238098],[4.106166,50.96236944],[4.10618402,50.96240679]]]}},{"type":"Feature","id":"gebouw/Gebouw.16173345/0","properties":{"source":"Digitaal Vlaanderen Gebouwenregister","source_id":"gebouw/Gebouw.16173345/0","kind":"building","height_m":9.32,"status":null},"geometry":{"type":"Polygon","coordinates":[[[4.1073751,50.96670415],[4.10739556,50.96675835],[4.10725537,50.96677945],[4.10722953,50.96668271],[4.10737892,50.96666052],[4.10739418,50.96670149],[4.1073751,50.96670415]]]}},{"type":"Feature","id":"gebouw/Gebouw.16179020/0","properties":{"source":"Digitaal Vlaanderen Gebouwenregister","source_id":"gebouw/Gebouw.16179020/0","kind":"building","height_m":7.88,"status":null},"geometry":{"type":"Polygon","coordinates":[[[4.1037579,50.96514173],[4.10387329,50.96511599],[4.10388822,50.96514268],[4.10377284,50.96516842],[4.1037579,50.96514173]]]}},{"type":"Feature","id":"gebouw/Gebouw.16181763/0","properties":{"source":"Digitaal Vlaanderen Gebouwenregister","source_id":"gebouw/Gebouw.16181763/0","kind":"building","height_m":7.16,"status":null},"geometry":{"type":"Polygon","coordinates":[[[4.10838731,50.96376439],[4.10837146,50.96373353],[4.10844514,50.96371844],[4.10846099,50.9637493],[4.10838731,50.96376439]]]}},{"type":"Feature","id":"gebouw/Gebouw.16182140/0","properties":{"source":"Digitaal Vlaanderen Gebouwenregister","source_id":"gebouw/Gebouw.16182140/0","kind":"building","height_m":6.44,"status":null},"geometry":{"type":"Polygon","coordinates":[[[4.10919162,50.96222661],[4.10922984,50.96221792],[4.10926237,50.96221053],[4.10930017,50.96227686],[4.10926687,50.96228443],[4.10924239,50.96224148],[4.10920494,50.96224999],[4.10919162,50.96222661]]]}},{"type":"Feature","id":"gebouw/Gebouw.16182227/0","properties":{"source":"Digitaal Vlaanderen Gebouwenregister","source_id":"gebouw/Gebouw.16182227/0","kind":"building","height_m":8.6,"status":null},"geometry":{"type":"Polygon","coordinates":[[[4.10967894,50.96486997],[4.10967353,50.96487698],[4.10956567,50.96484379],[4.10963744,50.96475078],[4.1097453,50.96478397],[4.10971258,50.96482637],[4.10967894,50.96486997]]]}},{"type":"Feature","id":"gebouw/Gebouw.16184319/0","properties":{"source":"Digitaal Vlaanderen Gebouwenregister","source_id":"gebouw/Gebouw.16184319/0","kind":"building","height_m":7.88,"status":null},"geometry":{"type":"Polygon","coordinates":[[[4.10807559,50.96593366],[4.10815477,50.96589782],[4.10809255,50.965843],[4.10807662,50.96585021],[4.10801499,50.96579591],[4.10795174,50.96582453],[4.10807559,50.96593366]]]}},{"type":"Feature","id":"gebouw/Gebouw.16184736/0","properties":{"source":"Digitaal Vlaanderen Gebouwenregister","source_id":"gebouw/Gebouw.16184736/0","kind":"building","height_m":5.72,"status":null},"geometry":{"type":"Polygon","coordinates":[[[4.10982581,50.96588847],[4.1097739,50.96586521],[4.10980593,50.9658367],[4.10976485,50.9658183],[4.10968736,50.96588608],[4.10972603,50.9659037],[4.1096352,50.96598315],[4.10964461,50.96598736],[4.10969935,50.96601189],[4.10982581,50.96588847]]]}},{"type":"Feature","id":"gebouw/Gebouw.16184819/0","properties":{"source":"Digitaal Vlaanderen Gebouwenregister","source_id":"gebouw/Gebouw.16184819/0","kind":"building","height_m":5.0,"status":null},"geometry":{"type":"Polygon","coordinates":[[[4.11099435,50.96358846],[4.11107366,50.96355277],[4.11116202,50.9636335],[4.1110879,50.96366585],[4.11105845,50.96363894],[4.11105346,50.96364112],[4.11099435,50.96358846]]]}},{"type":"Feature","id":"gebouw/Gebouw.16194577/0","properties":{"source":"Digitaal Vlaanderen Gebouwenregister","source_id":"gebouw/Gebouw.16194577/0","kind":"building","height_m":5.0,"status":null},"geometry":{"type":"Polygon","coordinates":[[[4.11169141,50.96415562],[4.1116445,50.96416375],[4.11162198,50.96411891],[4.11164921,50.96411345],[4.11167118,50.96410905],[4.1116758,50.96411969],[4.11169141,50.96415562]]]}},{"type":"Feature","id":"gebouw/Gebouw.16200830/0","properties":{"source":"Digitaal Vlaanderen Gebouwenregister","source_id":"gebouw/Gebouw.16200830/0","kind":"building","height_m":6.44,"status":null},"geometry":{"type":"Polygon","coordinates":[[[4.11115643,50.96351548],[4.111197,50.9634974],[4.11126045,50.96355061],[4.11121818,50.96357072],[4.11115643,50.96351548]]]}},{"type":"Feature","id":"gebouw/Gebouw.16202820/0","properties":{"source":"Digitaal Vlaanderen Gebouwenregister","source_id":"gebouw/Gebouw.16202820/0","kind":"building","height_m":7.88,"status":null},"geometry":{"type":"Polygon","coordinates":[[[4.11196766,50.96748274],[4.1119963,50.96746067],[4.11208935,50.96751485],[4.1120644,50.96753373],[4.11196766,50.96748274]]]}},{"type":"Feature","id":"gebouw/Gebouw.16203661/0","properties":{"source":"Digitaal Vlaanderen Gebouwenregister","source_id":"gebouw/Gebouw.16203661/0","kind":"building","height_m":8.6,"status":null},"geometry":{"type":"Polygon","coordinates":[[[4.1088792,50.96615364],[4.10888307,50.96615094],[4.10876093,50.9660811],[4.10875607,50.96608449],[4.10867523,50.96614087],[4.10879687,50.96621042],[4.1088011,50.96620747],[4.10880818,50.96621151],[4.10881673,50.96620555],[4.1088478,50.96622331],[4.10890664,50.96618228],[4.10887517,50.96616479],[4.10888577,50.9661574],[4.1088792,50.96615364]]]}},{"type":"Feature","id":"gebouw/Gebouw.16205718/0","properties":{"source":"Digitaal Vlaanderen Gebouwenregister","source_id":"gebouw/Gebouw.16205718/0","kind":"building","height_m":7.88,"status":null},"geometry":{"type":"Polygon","coordinates":[[[4.10805733,50.96863816],[4.10769995,50.96864749],[4.10769803,50.96861822],[4.10769439,50.96861821],[4.10769343,50.96860751],[4.10769745,50.96860749],[4.10769634,50.96857434],[4.10798425,50.96857049],[4.1079769,50.96843707],[4.10759327,50.96845071],[4.10758915,50.96840458],[4.10780185,50.9683961],[4.10780211,50.96840137],[4.10810029,50.96839797],[4.10810523,50.96857055],[4.10809332,50.96857068],[4.10809332,50.96857086],[4.10809522,50.96863717],[4.10805733,50.96863816]]]}},{"type":"Feature","id":"gebouw/Gebouw.16208409/0","properties":{"source":"Digitaal Vlaanderen Gebouwenregister","source_id":"gebouw/Gebouw.16208409/0","kind":"building","height_m":5.0,"status":null},"geometry":{"type":"Polygon","coordinates":[[[4.10912357,50.96617087],[4.10909202,50.96619501],[4.10902559,50.9661604],[4.10905714,50.96613625],[4.10912357,50.96617087]]]}},{"type":"Feature","id":"gebouw/Gebouw.16216515/0","properties":{"source":"Digitaal Vlaanderen Gebouwenregister","source_id":"gebouw/Gebouw.16216515/0","kind":"building","height_m":5.0,"status":null},"geometry":{"type":"Polygon","coordinates":[[[4.10722659,50.96667167],[4.1072185,50.96667289],[4.10716096,50.96668164],[4.10716474,50.96669157],[4.10714159,50.96669508],[4.10713068,50.96666645],[4.10721322,50.96665761],[4.10722256,50.96665661],[4.10722566,50.96666819],[4.10722659,50.96667167]]]}},{"type":"Feature","id":"gebouw/Gebouw.16227260/0","properties":{"source":"Digitaal Vlaanderen Gebouwenregister","source_id":"gebouw/Gebouw.16227260/0","kind":"building","height_m":5.0,"status":null},"geometry":{"type":"Polygon","coordinates":[[[4.10395695,50.9648885],[4.10390273,50.96474462],[4.10393566,50.96473996],[4.10392585,50.96470994],[4.10398898,50.9646998],[4.10403519,50.96483285],[4.10402906,50.96483326],[4.10404335,50.96487605],[4.10408397,50.96487003],[4.10409379,50.96487459],[4.10410504,50.96490628],[4.104098,50.96491398],[4.10411099,50.96494911],[4.10394657,50.96497389],[4.10391904,50.96489347],[4.10395695,50.9648885]]]}},{"type":"Feature","id":"gebouw/Gebouw.16227610/0","properties":{"source":"Digitaal Vlaanderen Gebouwenregister","source_id":"gebouw/Gebouw.16227610/0","kind":"building","height_m":5.0,"status":null},"geometry":{"type":"Polygon","coordinates":[[[4.10696579,50.96771963],[4.10704379,50.96772552],[4.10703365,50.96777905],[4.10695565,50.96777316],[4.10696579,50.96771963]]]}},{"type":"Feature","id":"gebouw/Gebouw.16242040/0","properties":{"source":"Digitaal Vlaanderen Gebouwenregister","source_id":"gebouw/Gebouw.16242040/0","kind":"building","height_m":7.16,"status":null},"geometry":{"type":"Polygon","coordinates":[[[4.10831549,50.96440335],[4.10827141,50.96445401],[4.10836556,50.96448602],[4.10833443,50.96452073],[4.1083523,50.96452687],[4.10831722,50.96456727],[4.10830129,50.96456155],[4.10829873,50.96456315],[4.10826649,50.9645526],[4.10820249,50.96453164],[4.10814712,50.96451351],[4.10826189,50.96438476],[4.10831549,50.96440335]]]}},{"type":"Feature","id":"gebouw/Gebouw.16245686/0","properties":{"source":"Digitaal Vlaanderen Gebouwenregister","source_id":"gebouw/Gebouw.16245686/0","kind":"building","height_m":6.44,"status":null},"geometry":{"type":"Polygon","coordinates":[[[4.10694994,50.96669694],[4.10686583,50.96671241],[4.10689115,50.96676833],[4.10697526,50.96675286],[4.10694994,50.96669694]]]}},{"type":"Feature","id":"gebouw/Gebouw.16245902/0","properties":{"source":"Digitaal Vlaanderen Gebouwenregister","source_id":"gebouw/Gebouw.16245902/0","kind":"building","height_m":5.72,"status":null},"geometry":{"type":"Polygon","coordinates":[[[4.10812694,50.96455511],[4.10815457,50.96456494],[4.10813556,50.96458625],[4.10813357,50.96458848],[4.10810933,50.96461565],[4.10808566,50.96460723],[4.10806889,50.96460126],[4.10809166,50.96457572],[4.1081141,50.96455054],[4.10812694,50.96455511]]]}},{"type":"Feature","id":"gebouw/Gebouw.16263253/0","properties":{"source":"Digitaal Vlaanderen Gebouwenregister","source_id":"gebouw/Gebouw.16263253/0","kind":"building","height_m":9.32,"status":null},"geometry":{"type":"Polygon","coordinates":[[[4.1084904,50.96355538],[4.10846803,50.96350438],[4.10852574,50.9634945],[4.10877501,50.9634518],[4.1087716,50.96339756],[4.10879662,50.96339422],[4.1088072,50.96341653],[4.1088782,50.96340438],[4.10886334,50.96336978],[4.10890148,50.96336325],[4.1088616,50.96327036],[4.10896094,50.96325335],[4.10899987,50.96324671],[4.1090674,50.96323518],[4.10916809,50.96346479],[4.10880817,50.96352773],[4.1087981,50.96350467],[4.10869645,50.96352244],[4.10870102,50.96353288],[4.10863795,50.96354392],[4.10863211,50.9635306],[4.1084904,50.96355538]]]}},{"type":"Feature","id":"gebouw/Gebouw.16266101/0","properties":{"source":"Digitaal Vlaanderen Gebouwenregister","source_id":"gebouw/Gebouw.16266101/0","kind":"building","height_m":8.6,"status":null},"geometry":{"type":"Polygon","coordinates":[[[4.11069019,50.96373977],[4.11076832,50.96369497],[4.11084473,50.96375145],[4.11076528,50.96379177],[4.11074787,50.96377972],[4.11069554,50.96374347],[4.11069019,50.96373977]]]}},{"type":"Feature","id":"gebouw/Gebouw.16266131/0","properties":{"source":"Digitaal Vlaanderen Gebouwenregister","source_id":"gebouw/Gebouw.16266131/0","kind":"building","height_m":5.0,"status":null},"geometry":{"type":"Polygon","coordinates":[[[4.10892966,50.96612185],[4.10889229,50.96610505],[4.10887757,50.96611629],[4.10881841,50.9660854],[4.1088376,50.96607073],[4.10882596,50.96606427],[4.1088566,50.96604087],[4.1089629,50.96609637],[4.10892966,50.96612185]]]}},{"type":"Feature","id":"gebouw/Gebouw.16268810/0","properties":{"source":"Digitaal Vlaanderen Gebouwenregister","source_id":"gebouw/Gebouw.16268810/0","kind":"building","height_m":8.6,"status":null},"geometry":{"type":"Polygon","coordinates":[[[4.10917021,50.96416827],[4.1091891,50.96417619],[4.10918198,50.96418439],[4.1091575,50.96421257],[4.10913255,50.96420392],[4.10913856,50.96419745],[4.10909933,50.96418083],[4.10912087,50.96416406],[4.10913462,50.96415335],[4.10917021,50.96416827]]]}},{"type":"Feature","id":"gebouw/Gebouw.16268830/0","properties":{"source":"Digitaal Vlaanderen Gebouwenregister","source_id":"gebouw/Gebouw.16268830/0","kind":"building","height_m":7.88,"status":null},"geometry":{"type":"Polygon","coordinates":[[[4.10960178,50.96622633],[4.10966309,50.966167],[4.10975323,50.96620413],[4.10967482,50.96628001],[4.10962734,50.96626045],[4.10964444,50.96624391],[4.10960178,50.96622633]]]}},{"type":"Feature","id":"gebouw/Gebouw.16271064/0","properties":{"source":"Digitaal Vlaanderen Gebouwenregister","source_id":"gebouw/Gebouw.16271064/0","kind":"building","height_m":8.6,"status":null},"geometry":{"type":"Polygon","coordinates":[[[4.1112378,50.96633392],[4.11111535,50.96645343],[4.11076865,50.96631178],[4.11089111,50.96619227],[4.1112378,50.96633392]]]}},{"type":"Feature","id":"gebouw/Gebouw.16271550/0","properties":{"source":"Digitaal Vlaanderen Gebouwenregister","source_id":"gebouw/Gebouw.16271550/0","kind":"building","height_m":5.72,"status":null},"geometry":{"type":"Polygon","coordinates":[[[4.10651194,50.96251013],[4.10645576,50.96252445],[4.10643839,50.96249728],[4.10649457,50.96248296],[4.10651194,50.96251013]]]}},{"type":"Feature","id":"gebouw/Gebouw.16273760/0","properties":{"source":"Digitaal Vlaanderen Gebouwenregister","source_id":"gebouw/Gebouw.16273760/0","kind":"building","height_m":9.32,"status":null},"geometry":{"type":"Polygon","coordinates":[[[4.10676906,50.96365419],[4.10683033,50.96363237],[4.1068499,50.96365428],[4.10678863,50.9636761],[4.10676906,50.96365419]]]}},{"type":"Feature","id":"gebouw/Gebouw.16276750/0","properties":{"source":"Digitaal Vlaanderen Gebouwenregister","source_id":"gebouw/Gebouw.16276750/0","kind":"building","height_m":5.0,"status":null},"geometry":{"type":"Polygon","coordinates":[[[4.11206687,50.96385624],[4.11215607,50.96384008],[4.11211458,50.96374461],[4.11196166,50.96377227],[4.11200484,50.96386746],[4.11206687,50.96385624]]]}},{"type":"Feature","id":"gebouw/Gebouw.16276987/0","properties":{"source":"Digitaal Vlaanderen Gebouwenregister","source_id":"gebouw/Gebouw.16276987/0","kind":"building","height_m":9.32,"status":null},"geometry":{"type":"Polygon","coordinates":[[[4.10975918,50.96587814],[4.10971488,50.96585839],[4.10976125,50.96581692],[4.10980555,50.96583667],[4.10975918,50.96587814]]]}},{"type":"Feature","id":"gebouw/Gebouw.16277101/0","properties":{"source":"Digitaal Vlaanderen Gebouwenregister","source_id":"gebouw/Gebouw.16277101/0","kind":"building","height_m":5.72,"status":null},"geometry":{"type":"Polygon","coordinates":[[[4.10907055,50.96511321],[4.10892946,50.96507639],[4.10889526,50.96513232],[4.10903522,50.96516741],[4.1090363,50.96516768],[4.10907055,50.96511321]]]}},{"type":"Feature","id":"gebouw/Gebouw.16293301/0","properties":{"source":"Digitaal Vlaanderen Gebouwenregister","source_id":"gebouw/Gebouw.16293301/0","kind":"building","height_m":7.16,"status":null},"geometry":{"type":"Polygon","coordinates":[[[4.1087003,50.96361583],[4.10868913,50.96359117],[4.10870992,50.96358742],[4.1086973,50.96355953],[4.10878007,50.96354459],[4.10880447,50.96359848],[4.10872128,50.9636135],[4.10872067,50.96361215],[4.1087003,50.96361583]]]}},{"type":"Feature","id":"gebouw/Gebouw.16295250/0","properties":{"source":"Digitaal Vlaanderen Gebouwenregister","source_id":"gebouw/Gebouw.16295250/0","kind":"building","height_m":9.32,"status":null},"geometry":{"type":"Polygon","coordinates":[[[4.10986319,50.96392111],[4.10986566,50.96392075],[4.10986808,50.9639274],[4.10969324,50.96395291],[4.10969167,50.96395005],[4.10969458,50.96394983],[4.10968993,50.96393514],[4.10966197,50.96393347],[4.10966196,50.963936],[4.1096569,50.96393598],[4.10963449,50.96387496],[4.10983534,50.96384573],[4.10986319,50.96392111]]]}},{"type":"Feature","id":"gebouw/Gebouw.16295698/0","properties":{"source":"Digitaal Vlaanderen Gebouwenregister","source_id":"gebouw/Gebouw.16295698/0","kind":"building","height_m":9.32,"status":null},"geometry":{"type":"Polygon","coordinates":[[[4.1116074,50.96362227],[4.11150331,50.96353095],[4.11145784,50.96355121],[4.11146737,50.96355993],[4.11138953,50.96359471],[4.11150973,50.96370197],[4.11155296,50.96368265],[4.1115264,50.96365897],[4.1116074,50.96362227]]]}},{"type":"Feature","id":"gebouw/Gebouw.16298600/0","properties":{"source":"Digitaal Vlaanderen Gebouwenregister","source_id":"gebouw/Gebouw.16298600/0","kind":"building","height_m":7.16,"status":null},"geometry":{"type":"Polygon","coordinates":[[[4.10334564,50.96855333],[4.10333659,50.96854863],[4.10345654,50.96845661],[4.10339589,50.96842509],[4.10327531,50.96851118],[4.10320081,50.96847583],[4.10311915,50.96854447],[4.10326364,50.968613],[4.10334564,50.96855333]]]}},{"type":"Feature","id":"gebouw/Gebouw.16300754/0","properties":{"source":"Digitaal Vlaanderen Gebouwenregister","source_id":"gebouw/Gebouw.16300754/0","kind":"building","height_m":5.72,"status":null},"geometry":{"type":"Polygon","coordinates":[[[4.11169358,50.96731799],[4.11166571,50.967338],[4.11159061,50.9672963],[4.11157349,50.9673086],[4.11151787,50.96727772],[4.11152741,50.96727087],[4.11152247,50.96726405],[4.11154211,50.96724936],[4.11154866,50.96725093],[4.11155615,50.96724554],[4.11148555,50.96720853],[4.11154347,50.96716262],[4.11167484,50.9672285],[4.11182343,50.9671218],[4.11188356,50.96715519],[4.11167286,50.96730649],[4.11169358,50.96731799]]]}},{"type":"Feature","id":"gebouw/Gebouw.16301108/0","properties":{"source":"Digitaal Vlaanderen Gebouwenregister","source_id":"gebouw/Gebouw.16301108/0","kind":"building","height_m":8.6,"status":null},"geometry":{"type":"Polygon","coordinates":[[[4.11236085,50.9673963],[4.11225557,50.96745889],[4.11229442,50.96748494],[4.11222691,50.96752507],[4.1121418,50.96747258],[4.11209717,50.96744505],[4.11211951,50.96743066],[4.11212969,50.96743747],[4.11213648,50.96743263],[4.11217034,50.96745628],[4.11221948,50.96742429],[4.11215296,50.96737993],[4.11209158,50.96743699],[4.11205862,50.96742127],[4.11221772,50.96729961],[4.11229975,50.96735468],[4.11230762,50.96735997],[4.11230587,50.9673611],[4.11231528,50.96736773],[4.11231706,50.96736693],[4.11236085,50.9673963]]]}},{"type":"Feature","id":"gebouw/Gebouw.16303105/0","properties":{"source":"Digitaal Vlaanderen Gebouwenregister","source_id":"gebouw/Gebouw.16303105/0","kind":"building","height_m":5.0,"status":null},"geometry":{"type":"Polygon","coordinates":[[[4.10716697,50.96789099],[4.10702681,50.96788626],[4.10703196,50.9678255],[4.10717212,50.96783024],[4.10716697,50.96789099]]]}},{"type":"Feature","id":"gebouw/Gebouw.16306041/0","properties":{"source":"Digitaal Vlaanderen Gebouwenregister","source_id":"gebouw/Gebouw.16306041/0","kind":"building","height_m":7.16,"status":null},"geometry":{"type":"Polygon","coordinates":[[[4.10794019,50.96240715],[4.1078966,50.9624141],[4.10787154,50.96235483],[4.10791514,50.96234752],[4.10794019,50.96240715]]]}},{"type":"Feature","id":"gebouw/Gebouw.16306474/0","properties":{"source":"Digitaal Vlaanderen Gebouwenregister","source_id":"gebouw/Gebouw.16306474/0","kind":"building","height_m":6.44,"status":null},"geometry":{"type":"Polygon","coordinates":[[[4.11225226,50.96691468],[4.11226297,50.96692149],[4.11212626,50.96700722],[4.11205151,50.96695969],[4.11218821,50.96687396],[4.11225226,50.96691468]]]}},{"type":"Feature","id":"gebouw/Gebouw.16312871/0","properties":{"source":"Digitaal Vlaanderen Gebouwenregister","source_id":"gebouw/Gebouw.16312871/0","kind":"building","height_m":5.72,"status":null},"geometry":{"type":"Polygon","coordinates":[[[4.1099727,50.96594554],[4.10992076,50.96598386],[4.10988628,50.96596531],[4.10989328,50.96595907],[4.10988491,50.96595443],[4.10988793,50.96595139],[4.10991613,50.96592894],[4.1099265,50.96592047],[4.1099727,50.96594554]]]}},{"type":"Feature","id":"gebouw/Gebouw.16313022/0","properties":{"source":"Digitaal Vlaanderen Gebouwenregister","source_id":"gebouw/Gebouw.16313022/0","kind":"building","height_m":8.6,"status":null},"geometry":{"type":"Polygon","coordinates":[[[4.11141981,50.96374378],[4.11130129,50.96379787],[4.11122734,50.96373324],[4.11134585,50.96367916],[4.11141981,50.96374378]]]}},{"type":"Feature","id":"gebouw/Gebouw.16317683/0","properties":{"source":"Digitaal Vlaanderen Gebouwenregister","source_id":"gebouw/Gebouw.16317683/0","kind":"building","height_m":7.88,"status":null},"geometry":{"type":"Polygon","coordinates":[[[4.10245476,50.96473111],[4.10244455,50.96471817],[4.10243136,50.96470147],[4.10238525,50.96471598],[4.10236209,50.96468666],[4.10232379,50.96469871],[4.10227116,50.96463205],[4.10230946,50.96461999],[4.10238867,50.96459505],[4.10241066,50.96462291],[4.10243193,50.96464986],[4.10244428,50.96464597],[4.1024612,50.96466741],[4.10259912,50.96462399],[4.10263811,50.96467338],[4.10245476,50.96473111]]]}},{"type":"Feature","id":"gebouw/Gebouw.16320482/0","properties":{"source":"Digitaal Vlaanderen Gebouwenregister","source_id":"gebouw/Gebouw.16320482/0","kind":"building","height_m":7.16,"status":null},"geometry":{"type":"Polygon","coordinates":[[[4.1030887,50.96466455],[4.1032923,50.96461814],[4.10323527,50.96451864],[4.10327062,50.96451056],[4.10325629,50.96448556],[4.10338772,50.96446275],[4.1034205,50.96445706],[4.10344327,50.96445311],[4.1034317,50.96442653],[4.10340689,50.96443084],[4.10339771,50.96440314],[4.10311752,50.96445784],[4.10311277,50.96444427],[4.1029822,50.96446312],[4.10299085,50.96448789],[4.10299159,50.96449],[4.10299252,50.96449266],[4.10306199,50.96448335],[4.10312186,50.96447532],[4.10313272,50.96450142],[4.10313527,50.96450757],[4.10313685,50.96451135],[4.10317462,50.96450262],[4.10319112,50.96453107],[4.10319164,50.96453198],[4.10320618,50.96455705],[4.10321787,50.96457723],[4.10307017,50.96461137],[4.10306713,50.96460614],[4.10302293,50.96452989],[4.10301734,50.96452024],[4.10292816,50.96454085],[4.10298389,50.96463699],[4.10306598,50.9646208],[4.1030887,50.96466455]]]}},{"type":"Feature","id":"gebouw/Gebouw.16325960/0","properties":{"source":"Digitaal Vlaanderen Gebouwenregister","source_id":"gebouw/Gebouw.16325960/0","kind":"building","height_m":5.0,"status":null},"geometry":{"type":"Polygon","coordinates":[[[4.10829597,50.96579593],[4.10829909,50.96579894],[4.10816586,50.96585533],[4.10810679,50.96579969],[4.10814378,50.9657846],[4.10812383,50.96576509],[4.10813945,50.96575872],[4.10811026,50.96573018],[4.1082123,50.96568856],[4.10825778,50.96573302],[4.10827031,50.96572811],[4.10827538,50.96573333],[4.1082387,50.96574963],[4.10826096,50.96577096],[4.10826591,50.96576942],[4.10827851,50.96577907],[4.10829597,50.96579593]]]}},{"type":"Feature","id":"gebouw/Gebouw.16333463/0","properties":{"source":"Digitaal Vlaanderen Gebouwenregister","source_id":"gebouw/Gebouw.16333463/0","kind":"building","height_m":9.32,"status":null},"geometry":{"type":"Polygon","coordinates":[[[4.10975476,50.96465232],[4.10974988,50.9646591],[4.1095769,50.96460947],[4.10962866,50.96453754],[4.10980164,50.96458717],[4.10979498,50.96459642],[4.10975476,50.96465232]]]}},{"type":"Feature","id":"gebouw/Gebouw.16336866/0","properties":{"source":"Digitaal Vlaanderen Gebouwenregister","source_id":"gebouw/Gebouw.16336866/0","kind":"building","height_m":5.0,"status":null},"geometry":{"type":"Polygon","coordinates":[[[4.10684401,50.96300885],[4.10676249,50.96288093],[4.10694508,50.96283477],[4.10698477,50.96289629],[4.10698983,50.96289509],[4.10703038,50.96295877],[4.10702827,50.96295931],[4.10702904,50.96296051],[4.10704778,50.96298991],[4.10698023,50.96300708],[4.10696179,50.96297808],[4.10684401,50.96300885]]]}},{"type":"Feature","id":"gebouw/Gebouw.16338690/0","properties":{"source":"Digitaal Vlaanderen Gebouwenregister","source_id":"gebouw/Gebouw.16338690/0","kind":"building","height_m":7.88,"status":null},"geometry":{"type":"Polygon","coordinates":[[[4.10959469,50.96326638],[4.10944575,50.96329078],[4.109433,50.96325975],[4.10958194,50.96323535],[4.10959469,50.96326638]]]}},{"type":"Feature","id":"gebouw/Gebouw.16339223/0","properties":{"source":"Digitaal Vlaanderen Gebouwenregister","source_id":"gebouw/Gebouw.16339223/0","kind":"building","height_m":8.6,"status":null},"geometry":{"type":"Polygon","coordinates":[[[4.1061316,50.96311714],[4.10610154,50.96307413],[4.10617342,50.9630541],[4.10620347,50.96309711],[4.1061316,50.96311714]]]}},{"type":"Feature","id":"gebouw/Gebouw.16346596/0","properties":{"source":"Digitaal Vlaanderen Gebouwenregister","source_id":"gebouw/Gebouw.16346596/0","kind":"building","height_m":5.0,"status":null},"geometry":{"type":"Polygon","coordinates":[[[4.11089092,50.96379874],[4.11093745,50.96388878],[4.11077844,50.96391371],[4.11074798,50.9638387],[4.11074528,50.96383206],[4.11077461,50.9638273],[4.11076973,50.96381145],[4.11084545,50.96380017],[4.11084445,50.96379673],[4.11086805,50.96379307],[4.11089092,50.96379874]]]}},{"type":"Feature","id":"gebouw/Gebouw.16346626/0","properties":{"source":"Digitaal Vlaanderen Gebouwenregister","source_id":"gebouw/Gebouw.16346626/0","kind":"building","height_m":6.44,"status":null},"geometry":{"type":"Polygon","coordinates":[[[4.10838392,50.96343277],[4.10833025,50.96344238],[4.10829125,50.96335561],[4.10834492,50.96334599],[4.10838392,50.96343277]]]}},{"type":"Feature","id":"gebouw/Gebouw.16352796/0","properties":{"source":"Digitaal Vlaanderen Gebouwenregister","source_id":"gebouw/Gebouw.16352796/0","kind":"building","height_m":8.6,"status":null},"geometry":{"type":"Polygon","coordinates":[[[4.10334214,50.96378392],[4.1033274,50.96385712],[4.10322396,50.96384881],[4.10329289,50.96350643],[4.10341266,50.96351604],[4.10335847,50.96378523],[4.10334214,50.96378392]]]}},{"type":"Feature","id":"gebouw/Gebouw.16357602/0","properties":{"source":"Digitaal Vlaanderen Gebouwenregister","source_id":"gebouw/Gebouw.16357602/0","kind":"building","height_m":6.44,"status":null},"geometry":{"type":"Polygon","coordinates":[[[4.10658111,50.96230934],[4.10651374,50.96232809],[4.10652163,50.96234212],[4.10651073,50.96234459],[4.10653239,50.96238278],[4.10649639,50.96239093],[4.10651539,50.96242444],[4.10667943,50.96238733],[4.106641,50.96231958],[4.10659276,50.9623305],[4.10658111,50.96230934]]]}},{"type":"Feature","id":"gebouw/Gebouw.16365827/0","properties":{"source":"Digitaal Vlaanderen Gebouwenregister","source_id":"gebouw/Gebouw.16365827/0","kind":"building","height_m":6.44,"status":null},"geometry":{"type":"Polygon","coordinates":[[[4.10797234,50.96370098],[4.10800138,50.96369525],[4.10810976,50.96367384],[4.10826419,50.96364333],[4.10838704,50.96361907],[4.10835209,50.9635271],[4.10797798,50.963601],[4.1077056,50.9636548],[4.1077358,50.96371534],[4.10778499,50.96370569],[4.10778538,50.96370641],[4.10788877,50.96368382],[4.10787537,50.96365938],[4.10805677,50.96362261],[4.10806759,50.96364392],[4.10795369,50.96366685],[4.10797234,50.96370098]]]}},{"type":"Feature","id":"gebouw/Gebouw.16368588/0","properties":{"source":"Digitaal Vlaanderen Gebouwenregister","source_id":"gebouw/Gebouw.16368588/0","kind":"building","height_m":8.6,"status":null},"geometry":{"type":"Polygon","coordinates":[[[4.10894984,50.96238444],[4.10880675,50.96243382],[4.10879762,50.96242328],[4.10872425,50.96233848],[4.10872546,50.9623381],[4.10888077,50.96229292],[4.10894984,50.96238444]]]}},{"type":"Feature","id":"gebouw/Gebouw.16373429/0","properties":{"source":"Digitaal Vlaanderen Gebouwenregister","source_id":"gebouw/Gebouw.16373429/0","kind":"building","height_m":6.44,"status":null},"geometry":{"type":"Polygon","coordinates":[[[4.10361173,50.96502018],[4.10353465,50.96503183],[4.10352803,50.96501445],[4.10335615,50.96503961],[4.10332175,50.96494794],[4.10332454,50.96494752],[4.10344172,50.96492998],[4.10357026,50.96491075],[4.10361173,50.96502018]]]}},{"type":"Feature","id":"gebouw/Gebouw.16374077/0","properties":{"source":"Digitaal Vlaanderen Gebouwenregister","source_id":"gebouw/Gebouw.16374077/0","kind":"building","height_m":9.32,"status":null},"geometry":{"type":"Polygon","coordinates":[[[4.10353018,50.96399085],[4.10356386,50.96381879],[4.10356413,50.96381741],[4.10357595,50.96375701],[4.1035796,50.96373832],[4.10359027,50.96368381],[4.10362022,50.96353077],[4.10358188,50.96352731],[4.10353004,50.96379812],[4.10350413,50.96379616],[4.10346555,50.9639994],[4.1034711,50.963999],[4.10347174,50.9639999],[4.10352697,50.96399293],[4.10352679,50.96399187],[4.10352807,50.9639918],[4.1035281,50.96399085],[4.10353018,50.96399085]]]}},{"type":"Feature","id":"gebouw/Gebouw.16374132/0","properties":{"source":"Digitaal Vlaanderen Gebouwenregister","source_id":"gebouw/Gebouw.16374132/0","kind":"building","height_m":8.6,"status":null},"geometry":{"type":"Polygon","coordinates":[[[4.11092308,50.96426886],[4.11089762,50.96427346],[4.11086011,50.96419073],[4.11092529,50.96417895],[4.11088702,50.96409454],[4.11099415,50.96407516],[4.11099241,50.9640707],[4.1110628,50.96405767],[4.11108141,50.96409858],[4.11108643,50.96409767],[4.11111191,50.96415337],[4.11098625,50.96417629],[4.11102086,50.96425195],[4.11096254,50.9642625],[4.11097143,50.96428212],[4.11100469,50.96427611],[4.11106225,50.96440307],[4.11096184,50.96442122],[4.11090441,50.96429455],[4.11093243,50.96428949],[4.11092308,50.96426886]]]}},{"type":"Feature","id":"gebouw/Gebouw.16379568/0","properties":{"source":"Digitaal Vlaanderen Gebouwenregister","source_id":"gebouw/Gebouw.16379568/0","kind":"building","height_m":6.44,"status":null},"geometry":{"type":"Polygon","coordinates":[[[4.10792695,50.96572307],[4.10787408,50.96574664],[4.10784947,50.96572506],[4.10790355,50.965701],[4.10792695,50.96572307]]]}},{"type":"Feature","id":"gebouw/Gebouw.16381368/0","properties":{"source":"Digitaal Vlaanderen Gebouwenregister","source_id":"gebouw/Gebouw.16381368/0","kind":"building","height_m":7.16,"status":null},"geometry":{"type":"Polygon","coordinates":[[[4.10649727,50.96810744],[4.10643473,50.96809896],[4.10644464,50.96806983],[4.10650717,50.96807831],[4.10649727,50.96810744]]]}},{"type":"Feature","id":"gebouw/Gebouw.16387417/0","properties":{"source":"Digitaal Vlaanderen Gebouwenregister","source_id":"gebouw/Gebouw.16387417/0","kind":"building","height_m":7.88,"status":null},"geometry":{"type":"Polygon","coordinates":[[[4.10805633,50.96451852],[4.10812019,50.96454371],[4.10812244,50.9645412],[4.10814712,50.96451351],[4.10826189,50.96438476],[4.10823988,50.96437727],[4.10823913,50.96437815],[4.1081232,50.9643369],[4.10805978,50.96440798],[4.1080937,50.96442005],[4.10804103,50.96447909],[4.10807934,50.96449273],[4.10805633,50.96451852]]]}},{"type":"Feature","id":"gebouw/Gebouw.16389969/0","properties":{"source":"Digitaal Vlaanderen Gebouwenregister","source_id":"gebouw/Gebouw.16389969/0","kind":"building","height_m":5.72,"status":null},"geometry":{"type":"Polygon","coordinates":[[[4.10166946,50.96651949],[4.1015946,50.96654262],[4.10156605,50.96650578],[4.10164091,50.96648265],[4.10166946,50.96651949]]]}},{"type":"Feature","id":"gebouw/Gebouw.16395881/0","properties":{"source":"Digitaal Vlaanderen Gebouwenregister","source_id":"gebouw/Gebouw.16395881/0","kind":"building","height_m":8.6,"status":null},"geometry":{"type":"Polygon","coordinates":[[[4.10994689,50.96608842],[4.10992929,50.96610141],[4.10985044,50.9660588],[4.1099907,50.96595531],[4.10999632,50.96595117],[4.11012243,50.96601932],[4.11011657,50.96602364],[4.11004149,50.96607902],[4.11002661,50.96607098],[4.10999424,50.96605348],[4.10994689,50.96608842]]]}},{"type":"Feature","id":"gebouw/Gebouw.16397967/0","properties":{"source":"Digitaal Vlaanderen Gebouwenregister","source_id":"gebouw/Gebouw.16397967/0","kind":"building","height_m":8.6,"status":null},"geometry":{"type":"Polygon","coordinates":[[[4.10616243,50.96335052],[4.10613892,50.96331073],[4.10618399,50.96330011],[4.1062075,50.9633399],[4.10616243,50.96335052]]]}},{"type":"Feature","id":"gebouw/Gebouw.16402952/0","properties":{"source":"Digitaal Vlaanderen Gebouwenregister","source_id":"gebouw/Gebouw.16402952/0","kind":"building","height_m":9.32,"status":null},"geometry":{"type":"Polygon","coordinates":[[[4.10648063,50.9623728],[4.10646325,50.96234215],[4.1063993,50.96235995],[4.10631439,50.96238359],[4.10633326,50.96241063],[4.10648063,50.9623728]]]}},{"type":"Feature","id":"gebouw/Gebouw.16406181/0","properties":{"source":"Digitaal Vlaanderen Gebouwenregister","source_id":"gebouw/Gebouw.16406181/0","kind":"building","height_m":5.72,"status":null},"geometry":{"type":"Polygon","coordinates":[[[4.10705363,50.96336331],[4.10705036,50.96335896],[4.10701556,50.96336941],[4.10697886,50.96332068],[4.10701308,50.9633104],[4.10697435,50.96325898],[4.10700101,50.96325097],[4.10698824,50.96323403],[4.10707173,50.96320904],[4.10708994,50.9632333],[4.10713243,50.9632206],[4.10720554,50.96331769],[4.10705363,50.96336331]]]}},{"type":"Feature","id":"gebouw/Gebouw.16408587/0","properties":{"source":"Digitaal Vlaanderen Gebouwenregister","source_id":"gebouw/Gebouw.16408587/0","kind":"building","height_m":9.32,"status":null},"geometry":{"type":"Polygon","coordinates":[[[4.110528,50.96385497],[4.11047843,50.96388153],[4.11043599,50.96384995],[4.11044746,50.9638438],[4.11048556,50.96382338],[4.110528,50.96385497]]]}},{"type":"Feature","id":"gebouw/Gebouw.16413863/0","properties":{"source":"Digitaal Vlaanderen Gebouwenregister","source_id":"gebouw/Gebouw.16413863/0","kind":"building","height_m":7.88,"status":null},"geometry":{"type":"Polygon","coordinates":[[[4.10882495,50.96469151],[4.10882055,50.96470187],[4.10869994,50.96468166],[4.10875755,50.96455186],[4.10887297,50.96457172],[4.10883172,50.96467558],[4.10882495,50.96469151]]]}},{"type":"Feature","id":"gebouw/Gebouw.16416696/0","properties":{"source":"Digitaal Vlaanderen Gebouwenregister","source_id":"gebouw/Gebouw.16416696/0","kind":"building","height_m":6.44,"status":null},"geometry":{"type":"Polygon","coordinates":[[[4.10968917,50.96321014],[4.10973458,50.96316845],[4.10978562,50.96319062],[4.10974021,50.96323231],[4.10968917,50.96321014]]]}},{"type":"Feature","id":"gebouw/Gebouw.16419349/0","properties":{"source":"Digitaal Vlaanderen Gebouwenregister","source_id":"gebouw/Gebouw.16419349/0","kind":"building","height_m":6.44,"status":null},"geometry":{"type":"Polygon","coordinates":[[[4.10845747,50.96252519],[4.10842494,50.96253004],[4.10838461,50.9624641],[4.10845526,50.96244777],[4.10847644,50.96248151],[4.10852634,50.96246967],[4.10859756,50.96245277],[4.10862571,50.96250009],[4.10845747,50.96252519]]]}},{"type":"Feature","id":"gebouw/Gebouw.16421857/0","properties":{"source":"Digitaal Vlaanderen Gebouwenregister","source_id":"gebouw/Gebouw.16421857/0","kind":"building","height_m":7.88,"status":null},"geometry":{"type":"Polygon","coordinates":[[[4.10302068,50.96503852],[4.10290647,50.96507621],[4.10287294,50.96503351],[4.10286559,50.96502414],[4.10308049,50.96496063],[4.10310862,50.96500949],[4.10302068,50.96503852]]]}},{"type":"Feature","id":"gebouw/Gebouw.16422164/0","properties":{"source":"Digitaal Vlaanderen Gebouwenregister","source_id":"gebouw/Gebouw.16422164/0","kind":"building","height_m":7.16,"status":null},"geometry":{"type":"Polygon","coordinates":[[[4.10797798,50.963601],[4.10796767,50.96357977],[4.10784825,50.96360289],[4.10784565,50.96359752],[4.10780316,50.96360575],[4.10777961,50.96355725],[4.10766867,50.96357873],[4.1077056,50.9636548],[4.10797798,50.963601]]]}},{"type":"Feature","id":"gebouw/Gebouw.16425072/0","properties":{"source":"Digitaal Vlaanderen Gebouwenregister","source_id":"gebouw/Gebouw.16425072/0","kind":"building","height_m":9.32,"status":null},"geometry":{"type":"Polygon","coordinates":[[[4.10898826,50.96321979],[4.10882894,50.96324442],[4.10882647,50.96323806],[4.10881695,50.9632135],[4.10901642,50.96318238],[4.10902108,50.96319211],[4.10903117,50.96321316],[4.10898826,50.96321979]]]}},{"type":"Feature","id":"gebouw/Gebouw.16427524/0","properties":{"source":"Digitaal Vlaanderen Gebouwenregister","source_id":"gebouw/Gebouw.16427524/0","kind":"building","height_m":5.72,"status":null},"geometry":{"type":"Polygon","coordinates":[[[4.10967837,50.96338109],[4.10971303,50.96347343],[4.1095006,50.96350647],[4.10947507,50.96344101],[4.10955693,50.96342837],[4.10954712,50.96340222],[4.10967837,50.96338109]]]}},{"type":"Feature","id":"gebouw/Gebouw.16427853/0","properties":{"source":"Digitaal Vlaanderen Gebouwenregister","source_id":"gebouw/Gebouw.16427853/0","kind":"building","height_m":5.72,"status":null},"geometry":{"type":"Polygon","coordinates":[[[4.10968446,50.96280273],[4.10975048,50.96279224],[4.10976258,50.96282262],[4.10969656,50.96283311],[4.10968446,50.96280273]]]}},{"type":"Feature","id":"gebouw/Gebouw.16430417/0","properties":{"source":"Digitaal Vlaanderen Gebouwenregister","source_id":"gebouw/Gebouw.16430417/0","kind":"building","height_m":7.16,"status":null},"geometry":{"type":"Polygon","coordinates":[[[4.10852473,50.96329603],[4.10844108,50.96330925],[4.10835563,50.9631516],[4.10844492,50.96313057],[4.10852077,50.96328782],[4.10852473,50.96329603]]]}},{"type":"Feature","id":"gebouw/Gebouw.16435480/0","properties":{"source":"Digitaal Vlaanderen Gebouwenregister","source_id":"gebouw/Gebouw.16435480/0","kind":"building","height_m":8.6,"status":null},"geometry":{"type":"Polygon","coordinates":[[[4.1089055,50.96409131],[4.10885666,50.96407267],[4.10888361,50.9640445],[4.10893246,50.96406315],[4.1089055,50.96409131]]]}},{"type":"Feature","id":"gebouw/Gebouw.16436025/0","properties":{"source":"Digitaal Vlaanderen Gebouwenregister","source_id":"gebouw/Gebouw.16436025/0","kind":"building","height_m":7.88,"status":null},"geometry":{"type":"Polygon","coordinates":[[[4.106604,50.96261417],[4.10664713,50.9626029],[4.10665652,50.9626193],[4.10667018,50.96264314],[4.10679732,50.962611],[4.10676476,50.96256008],[4.10670792,50.96257546],[4.10669427,50.96255449],[4.1065662,50.96258774],[4.10655941,50.96257742],[4.10655856,50.96257612],[4.10654399,50.96255395],[4.10646501,50.96257464],[4.10647742,50.96259353],[4.10647256,50.96259481],[4.10649458,50.96262833],[4.1064159,50.96264894],[4.10644885,50.9626991],[4.1065006,50.96268601],[4.10656794,50.96266899],[4.10662731,50.96265398],[4.1066135,50.9626304],[4.106604,50.96261417]]]}},{"type":"Feature","id":"gebouw/Gebouw.16438874/0","properties":{"source":"Digitaal Vlaanderen Gebouwenregister","source_id":"gebouw/Gebouw.16438874/0","kind":"building","height_m":7.88,"status":null},"geometry":{"type":"Polygon","coordinates":[[[4.11120452,50.96647603],[4.11128468,50.96650918],[4.11130143,50.96649303],[4.11136566,50.96651959],[4.11127718,50.96660546],[4.11122835,50.9665854],[4.11122474,50.96658539],[4.11118344,50.96656839],[4.11118363,50.96656763],[4.11113359,50.96654692],[4.11114567,50.96653512],[4.11114396,50.96653442],[4.11120452,50.96647603]]]}},{"type":"Feature","id":"gebouw/Gebouw.16441550/0","properties":{"source":"Digitaal Vlaanderen Gebouwenregister","source_id":"gebouw/Gebouw.16441550/0","kind":"building","height_m":9.32,"status":null},"geometry":{"type":"Polygon","coordinates":[[[4.10800138,50.96369525],[4.10810976,50.96367384],[4.10811973,50.96369769],[4.10801208,50.96371973],[4.10800138,50.96369525]]]}},{"type":"Feature","id":"gebouw/Gebouw.16446130/0","properties":{"source":"Digitaal Vlaanderen Gebouwenregister","source_id":"gebouw/Gebouw.16446130/0","kind":"building","height_m":5.72,"status":null},"geometry":{"type":"Polygon","coordinates":[[[4.10875755,50.96455186],[4.10869994,50.96468166],[4.1085628,50.96465869],[4.10867226,50.96453734],[4.10872482,50.96454629],[4.10875755,50.96455186]]]}},{"type":"Feature","id":"gebouw/Gebouw.16446680/0","properties":{"source":"Digitaal Vlaanderen Gebouwenregister","source_id":"gebouw/Gebouw.16446680/0","kind":"building","height_m":8.6,"status":null},"geometry":{"type":"Polygon","coordinates":[[[4.10917549,50.96559506],[4.10909806,50.96557228],[4.10903661,50.96555352],[4.1090914,50.96547646],[4.10912776,50.96542765],[4.10926821,50.96546937],[4.10917549,50.96559506]]]}},{"type":"Feature","id":"gebouw/Gebouw.16446926/0","properties":{"source":"Digitaal Vlaanderen Gebouwenregister","source_id":"gebouw/Gebouw.16446926/0","kind":"building","height_m":9.32,"status":null},"geometry":{"type":"Polygon","coordinates":[[[4.10885974,50.9652543],[4.10889432,50.9652627],[4.1088899,50.96526996],[4.10895081,50.96528527],[4.10895351,50.96528595],[4.10892808,50.96532625],[4.10892025,50.96533865],[4.10891131,50.96535281],[4.10891109,50.96535316],[4.10888348,50.9653969],[4.10888273,50.96539809],[4.10887735,50.96540665],[4.10887698,50.9654072],[4.10875733,50.96537709],[4.10877491,50.96534804],[4.10864928,50.96527867],[4.10868612,50.96525107],[4.10871979,50.96522584],[4.10875104,50.96524217],[4.10879821,50.96520633],[4.10884572,50.96523109],[4.10886709,50.96524223],[4.10885974,50.9652543]]]}},{"type":"Feature","id":"gebouw/Gebouw.16449719/0","properties":{"source":"Digitaal Vlaanderen Gebouwenregister","source_id":"gebouw/Gebouw.16449719/0","kind":"building","height_m":9.32,"status":null},"geometry":{"type":"Polygon","coordinates":[[[4.10904452,50.96593173],[4.10905318,50.96592554],[4.10906157,50.9659298],[4.10912547,50.96588223],[4.10921672,50.96593074],[4.10911193,50.96600935],[4.1091552,50.96603237],[4.10909147,50.96608014],[4.10904644,50.96605692],[4.10907926,50.96603232],[4.10897865,50.96597879],[4.10904452,50.96593173]]]}},{"type":"Feature","id":"gebouw/Gebouw.16456405/0","properties":{"source":"Digitaal Vlaanderen Gebouwenregister","source_id":"gebouw/Gebouw.16456405/0","kind":"building","height_m":5.0,"status":null},"geometry":{"type":"Polygon","coordinates":[[[4.10825273,50.96602081],[4.1081928,50.96600251],[4.10826308,50.96591087],[4.1083661,50.96594238],[4.10831748,50.96600578],[4.10833425,50.96601094],[4.10831267,50.96603912],[4.10830787,50.96603765],[4.10825273,50.96602081]]]}},{"type":"Feature","id":"gebouw/Gebouw.16457065/0","properties":{"source":"Digitaal Vlaanderen Gebouwenregister","source_id":"gebouw/Gebouw.16457065/0","kind":"building","height_m":6.44,"status":null},"geometry":{"type":"Polygon","coordinates":[[[4.11076289,50.96258471],[4.11071309,50.96262447],[4.11046698,50.96282103],[4.11040714,50.9628063],[4.11034487,50.96279097],[4.11009557,50.96272961],[4.10948781,50.96258],[4.10943617,50.96256729],[4.10939843,50.962558],[4.10933936,50.96259087],[4.10924912,50.96256842],[4.10925767,50.96255393],[4.10918774,50.96253638],[4.10922032,50.96248305],[4.10930212,50.96250248],[4.10935568,50.96241453],[4.10936543,50.96239853],[4.10937139,50.96238874],[4.10938209,50.96237117],[4.10944946,50.96226054],[4.11076289,50.96258471]]]}},{"type":"Feature","id":"gebouw/Gebouw.16457269/0","properties":{"source":"Digitaal Vlaanderen Gebouwenregister","source_id":"gebouw/Gebouw.16457269/0","kind":"building","height_m":7.16,"status":null},"geometry":{"type":"Polygon","coordinates":[[[4.10807585,50.9677225],[4.10806345,50.96776373],[4.10801313,50.9677577],[4.10800117,50.96779747],[4.10805,50.96780333],[4.10803692,50.96784679],[4.1079456,50.96783584],[4.10794491,50.96783813],[4.10788162,50.96783017],[4.10780527,50.96782057],[4.10782385,50.96776231],[4.10789621,50.96777111],[4.10790351,50.96774727],[4.10765807,50.96770439],[4.10764445,50.9677113],[4.10761767,50.96770656],[4.10761173,50.96769618],[4.10760221,50.96769439],[4.1076254,50.96764211],[4.1080266,50.96771371],[4.10807585,50.9677225]]]}},{"type":"Feature","id":"gebouw/Gebouw.16459051/0","properties":{"source":"Digitaal Vlaanderen Gebouwenregister","source_id":"gebouw/Gebouw.16459051/0","kind":"building","height_m":5.0,"status":null},"geometry":{"type":"Polygon","coordinates":[[[4.11107467,50.96649835],[4.11103335,50.9664818],[4.11107552,50.96643982],[4.11111684,50.96645637],[4.11107467,50.96649835]]]}},{"type":"Feature","id":"gebouw/Gebouw.16459476/0","properties":{"source":"Digitaal Vlaanderen Gebouwenregister","source_id":"gebouw/Gebouw.16459476/0","kind":"building","height_m":8.6,"status":null},"geometry":{"type":"Polygon","coordinates":[[[4.10812149,50.96223388],[4.10810461,50.9621993],[4.10804554,50.96221182],[4.1079525,50.96223154],[4.10792323,50.96223774],[4.10793398,50.96225693],[4.10796442,50.96225014],[4.10797165,50.96226307],[4.10812149,50.96223388]]]}},{"type":"Feature","id":"gebouw/Gebouw.16459560/0","properties":{"source":"Digitaal Vlaanderen Gebouwenregister","source_id":"gebouw/Gebouw.16459560/0","kind":"building","height_m":8.6,"status":null},"geometry":{"type":"Polygon","coordinates":[[[4.11166969,50.96673831],[4.11158043,50.96669994],[4.11166579,50.96662075],[4.11189437,50.96671898],[4.11181036,50.96679782],[4.11180814,50.96679673],[4.11179553,50.96680885],[4.11170164,50.96676819],[4.11172288,50.96674774],[4.1116785,50.96672997],[4.11166969,50.96673831]]]}},{"type":"Feature","id":"gebouw/Gebouw.16459799/0","properties":{"source":"Digitaal Vlaanderen Gebouwenregister","source_id":"gebouw/Gebouw.16459799/0","kind":"building","height_m":9.32,"status":null},"geometry":{"type":"Polygon","coordinates":[[[4.10909025,50.96424755],[4.10911986,50.9642566],[4.10907502,50.96431504],[4.10904541,50.96430599],[4.10909025,50.96424755]]]}},{"type":"Feature","id":"gebouw/Gebouw.16464165/0","properties":{"source":"Digitaal Vlaanderen Gebouwenregister","source_id":"gebouw/Gebouw.16464165/0","kind":"building","height_m":7.88,"status":null},"geometry":{"type":"Polygon","coordinates":[[[4.10187196,50.96835939],[4.10177525,50.9684069],[4.10168297,50.968332],[4.10165622,50.96834514],[4.10164857,50.9683489],[4.10157636,50.96829025],[4.1017222,50.9682164],[4.10179222,50.96827331],[4.10177588,50.96828141],[4.10187196,50.96835939]]]}},{"type":"Feature","id":"gebouw/Gebouw.16464536/0","properties":{"source":"Digitaal Vlaanderen Gebouwenregister","source_id":"gebouw/Gebouw.16464536/0","kind":"building","height_m":7.88,"status":null},"geometry":{"type":"Polygon","coordinates":[[[4.1116758,50.96411969],[4.11177716,50.96410181],[4.11179183,50.9641382],[4.11169141,50.96415562],[4.1116758,50.96411969]]]}},{"type":"Feature","id":"gebouw/Gebouw.16490138/0","properties":{"source":"Digitaal Vlaanderen Gebouwenregister","source_id":"gebouw/Gebouw.16490138/0","kind":"building","height_m":5.0,"status":null},"geometry":{"type":"Polygon","coordinates":[[[4.10910482,50.96505824],[4.10887985,50.96499953],[4.10886894,50.96502295],[4.10889193,50.96502871],[4.10887147,50.96506125],[4.10892946,50.96507639],[4.10907055,50.96511321],[4.10910482,50.96505824]]]}},{"type":"Feature","id":"gebouw/Gebouw.16490242/0","properties":{"source":"Digitaal Vlaanderen Gebouwenregister","source_id":"gebouw/Gebouw.16490242/0","kind":"building","height_m":9.32,"status":null},"geometry":{"type":"Polygon","coordinates":[[[4.10355211,50.96459561],[4.10358232,50.96459149],[4.10361996,50.96470136],[4.10366559,50.96469512],[4.10368545,50.96474926],[4.10370142,50.96475783],[4.10370705,50.96477502],[4.10369624,50.96478714],[4.1036212,50.9647973],[4.10355211,50.96459561]]]}},{"type":"Feature","id":"gebouw/Gebouw.16508399/0","properties":{"source":"Digitaal Vlaanderen Gebouwenregister","source_id":"gebouw/Gebouw.16508399/0","kind":"building","height_m":8.6,"status":null},"geometry":{"type":"Polygon","coordinates":[[[4.10651373,50.96232809],[4.10646168,50.96233939],[4.1063993,50.96235995],[4.10637391,50.96232252],[4.10633903,50.96233196],[4.10630954,50.96228847],[4.10641,50.9622613],[4.1064372,50.96230141],[4.10651619,50.96228004],[4.10649697,50.9622517],[4.10646468,50.96220409],[4.1065828,50.96217214],[4.10661527,50.96222],[4.10666081,50.96228715],[4.1065811,50.96230934],[4.10651373,50.96232809]]]}},{"type":"Feature","id":"gebouw/Gebouw.16515818/0","properties":{"source":"Digitaal Vlaanderen Gebouwenregister","source_id":"gebouw/Gebouw.16515818/0","kind":"building","height_m":7.88,"status":null},"geometry":{"type":"Polygon","coordinates":[[[4.10289942,50.96491266],[4.10292404,50.96494489],[4.10285485,50.96496596],[4.10284926,50.96495922],[4.10280579,50.96497384],[4.10278365,50.96494687],[4.10289942,50.96491266]]]}},{"type":"Feature","id":"gebouw/Gebouw.16516105/0","properties":{"source":"Digitaal Vlaanderen Gebouwenregister","source_id":"gebouw/Gebouw.16516105/0","kind":"building","height_m":7.88,"status":null},"geometry":{"type":"Polygon","coordinates":[[[4.10727451,50.96800002],[4.10726877,50.96804643],[4.10716751,50.96804144],[4.10717325,50.96799503],[4.10727451,50.96800002]]]}},{"type":"Feature","id":"gebouw/Gebouw.16516269/0","properties":{"source":"Digitaal Vlaanderen Gebouwenregister","source_id":"gebouw/Gebouw.16516269/0","kind":"building","height_m":5.0,"status":null},"geometry":{"type":"Polygon","coordinates":[[[4.10626055,50.96271914],[4.10622813,50.9626715],[4.10626763,50.96266078],[4.10630005,50.96270842],[4.10626055,50.96271914]]]}},{"type":"Feature","id":"gebouw/Gebouw.16521341/0","properties":{"source":"Digitaal Vlaanderen Gebouwenregister","source_id":"gebouw/Gebouw.16521341/0","kind":"building","height_m":7.88,"status":null},"geometry":{"type":"Polygon","coordinates":[[[4.10703027,50.96674283],[4.10698888,50.96674925],[4.10696949,50.96669937],[4.10701088,50.96669295],[4.10703027,50.96674283]]]}},{"type":"Feature","id":"gebouw/Gebouw.16521541/0","properties":{"source":"Digitaal Vlaanderen Gebouwenregister","source_id":"gebouw/Gebouw.16521541/0","kind":"building","height_m":5.72,"status":null},"geometry":{"type":"Polygon","coordinates":[[[4.10388634,50.9655448],[4.10394276,50.96553046],[4.10387957,50.96543661],[4.10377803,50.96546408],[4.10381986,50.96553367],[4.10387212,50.96552114],[4.10388634,50.9655448]]]}},{"type":"Feature","id":"gebouw/Gebouw.16521615/0","properties":{"source":"Digitaal Vlaanderen Gebouwenregister","source_id":"gebouw/Gebouw.16521615/0","kind":"building","height_m":8.6,"status":null},"geometry":{"type":"Polygon","coordinates":[[[4.11156877,50.9640499],[4.11158307,50.96408388],[4.11151911,50.96409461],[4.1114645,50.96397358],[4.11150839,50.96396569],[4.11151158,50.96397369],[4.11158285,50.96396074],[4.111618,50.96404162],[4.11156877,50.9640499]]]}},{"type":"Feature","id":"gebouw/Gebouw.16679988/0","properties":{"source":"Digitaal Vlaanderen Gebouwenregister","source_id":"gebouw/Gebouw.16679988/0","kind":"building","height_m":7.16,"status":null},"geometry":{"type":"Polygon","coordinates":[[[4.10646222,50.96875238],[4.10643957,50.9687442],[4.10643665,50.96874741],[4.10637224,50.96872416],[4.10639405,50.96870007],[4.10648112,50.96873151],[4.10646222,50.96875238]]]}},{"type":"Feature","id":"gebouw/Gebouw.16688533/0","properties":{"source":"Digitaal Vlaanderen Gebouwenregister","source_id":"gebouw/Gebouw.16688533/0","kind":"building","height_m":5.72,"status":null},"geometry":{"type":"Polygon","coordinates":[[[4.11124857,50.96420604],[4.11114452,50.96400132],[4.11131596,50.96396657],[4.11139182,50.96411583],[4.11149244,50.96409544],[4.11155717,50.96422279],[4.1116046,50.96421318],[4.11164146,50.96428569],[4.11115376,50.96438455],[4.11108036,50.96424013],[4.11124857,50.96420604]]]}},{"type":"Feature","id":"gebouw/Gebouw.16688677/0","properties":{"source":"Digitaal Vlaanderen Gebouwenregister","source_id":"gebouw/Gebouw.16688677/0","kind":"building","height_m":8.6,"status":null},"geometry":{"type":"Polygon","coordinates":[[[4.108347,50.96589605],[4.1083275,50.96592253],[4.10826804,50.96590507],[4.10828753,50.96587859],[4.108347,50.96589605]]]}},{"type":"Feature","id":"gebouw/Gebouw.16734284/0","properties":{"source":"Digitaal Vlaanderen Gebouwenregister","source_id":"gebouw/Gebouw.16734284/0","kind":"building","height_m":5.0,"status":null},"geometry":{"type":"Polygon","coordinates":[[[4.10458289,50.96904824],[4.10443024,50.9689759],[4.10437204,50.96902445],[4.10426975,50.9689761],[4.10433404,50.96892187],[4.10434134,50.96892533],[4.10438835,50.96888568],[4.1043344,50.96886018],[4.10451987,50.96870374],[4.10457893,50.96873165],[4.10461223,50.96870356],[4.10469866,50.96874441],[4.10467018,50.96876843],[4.10476897,50.96881123],[4.10476458,50.96881606],[4.10481989,50.96883736],[4.10478778,50.9688706],[4.10482617,50.96888538],[4.10468912,50.9690273],[4.1046524,50.96901057],[4.10463579,50.969003],[4.10458289,50.96904824]],[[4.10460235,50.96897626],[4.10466093,50.96891355],[4.1047056,50.96886574],[4.10461032,50.96882571],[4.10455303,50.96880165],[4.10451435,50.9687854],[4.10447695,50.96881874],[4.10440112,50.96888636],[4.10448789,50.96892782],[4.10455179,50.96895835],[4.10455559,50.96895466],[4.10460235,50.96897626]]]}},{"type":"Feature","id":"gebouw/Gebouw.16734979/0","properties":{"source":"Digitaal Vlaanderen Gebouwenregister","source_id":"gebouw/Gebouw.16734979/0","kind":"building","height_m":6.44,"status":null},"geometry":{"type":"Polygon","coordinates":[[[4.11179775,50.96536544],[4.11185727,50.96531127],[4.11180696,50.96528734],[4.11182839,50.96526937],[4.11177556,50.96524425],[4.11174022,50.96527387],[4.11175206,50.96528058],[4.11169098,50.96533643],[4.11172763,50.96535386],[4.1117442,50.96533997],[4.11179334,50.96536334],[4.11179775,50.96536544]]]}},{"type":"Feature","id":"gebouw/Gebouw.16767530/0","properties":{"source":"Digitaal Vlaanderen Gebouwenregister","source_id":"gebouw/Gebouw.16767530/0","kind":"building","height_m":7.16,"status":null},"geometry":{"type":"Polygon","coordinates":[[[4.10727563,50.96723973],[4.10718318,50.96708354],[4.10709264,50.96710491],[4.10710889,50.96713237],[4.10707178,50.96714113],[4.10714251,50.96727115],[4.10714451,50.96727482],[4.10712011,50.96728012],[4.10713932,50.96731542],[4.10711081,50.96732161],[4.10712415,50.96734614],[4.10731233,50.96730173],[4.10727563,50.96723973]]]}},{"type":"Feature","id":"gebouw/Gebouw.16777705/0","properties":{"source":"Digitaal Vlaanderen Gebouwenregister","source_id":"gebouw/Gebouw.16777705/0","kind":"building","height_m":5.0,"status":null},"geometry":{"type":"Polygon","coordinates":[[[4.10943477,50.96301182],[4.10921236,50.96304822],[4.10918321,50.9629772],[4.10940592,50.9629415],[4.10940926,50.96294966],[4.10943477,50.96301182]]]}},{"type":"Feature","id":"gebouw/Gebouw.16791184/0","properties":{"source":"Digitaal Vlaanderen Gebouwenregister","source_id":"gebouw/Gebouw.16791184/0","kind":"building","height_m":7.88,"status":null},"geometry":{"type":"Polygon","coordinates":[[[4.10853198,50.96405452],[4.10857611,50.96407272],[4.108432,50.9642121],[4.10838314,50.96419195],[4.10852123,50.96405008],[4.10853198,50.96405452]]]}},{"type":"Feature","id":"gebouw/Gebouw.16791256/0","properties":{"source":"Digitaal Vlaanderen Gebouwenregister","source_id":"gebouw/Gebouw.16791256/0","kind":"building","height_m":9.32,"status":null},"geometry":{"type":"Polygon","coordinates":[[[4.10852123,50.96405008],[4.10838314,50.96419195],[4.10814255,50.96409274],[4.10820816,50.9640293],[4.10822662,50.96403691],[4.10824491,50.96401922],[4.10829467,50.96403974],[4.10827527,50.9640585],[4.10840684,50.96411275],[4.10842303,50.9640971],[4.1084134,50.96409313],[4.10849166,50.96401745],[4.10833459,50.96395268],[4.10838703,50.96390197],[4.10839347,50.96390463],[4.10840648,50.96391],[4.10858848,50.96398505],[4.10852123,50.96405008]]]}},{"type":"Feature","id":"gebouw/Gebouw.16804451/0","properties":{"source":"Digitaal Vlaanderen Gebouwenregister","source_id":"gebouw/Gebouw.16804451/0","kind":"building","height_m":9.32,"status":null},"geometry":{"type":"Polygon","coordinates":[[[4.1099142,50.96774268],[4.1099229,50.96771355],[4.10996924,50.96771906],[4.10996054,50.96774819],[4.1099142,50.96774268]]]}},{"type":"Feature","id":"gebouw/Gebouw.16830684/0","properties":{"source":"Digitaal Vlaanderen Gebouwenregister","source_id":"gebouw/Gebouw.16830684/0","kind":"building","height_m":7.16,"status":null},"geometry":{"type":"Polygon","coordinates":[[[4.11219831,50.96673873],[4.11226556,50.9667532],[4.11224553,50.96679033],[4.11217827,50.96677586],[4.11219831,50.96673873]]]}},{"type":"Feature","id":"gebouw/Gebouw.16840300/0","properties":{"source":"Digitaal Vlaanderen Gebouwenregister","source_id":"gebouw/Gebouw.16840300/0","kind":"building","height_m":5.72,"status":null},"geometry":{"type":"Polygon","coordinates":[[[4.11010178,50.9643912],[4.11008042,50.96442275],[4.11000929,50.96440354],[4.1100036,50.96441193],[4.10995931,50.96439997],[4.10995104,50.96441218],[4.11001956,50.96443069],[4.11006861,50.96444394],[4.11004985,50.96447163],[4.10970485,50.96437904],[4.1097497,50.96431282],[4.10974839,50.96431248],[4.10975737,50.96429877],[4.11010178,50.9643912]]]}},{"type":"Feature","id":"gebouw/Gebouw.16870710/0","properties":{"source":"Digitaal Vlaanderen Gebouwenregister","source_id":"gebouw/Gebouw.16870710/0","kind":"building","height_m":7.16,"status":null},"geometry":{"type":"Polygon","coordinates":[[[4.108376,50.96357585],[4.1083419,50.96348828],[4.1084107,50.9634776],[4.1084448,50.96356517],[4.108376,50.96357585]]]}},{"type":"Feature","id":"gebouw/Gebouw.16881351/0","properties":{"source":"Digitaal Vlaanderen Gebouwenregister","source_id":"gebouw/Gebouw.16881351/0","kind":"building","height_m":7.88,"status":null},"geometry":{"type":"Polygon","coordinates":[[[4.10975506,50.96298217],[4.10974189,50.96294918],[4.10981375,50.96293773],[4.10982693,50.96297073],[4.10975506,50.96298217]]]}},{"type":"Feature","id":"gebouw/Gebouw.18114998/0","properties":{"source":"Digitaal Vlaanderen Gebouwenregister","source_id":"gebouw/Gebouw.18114998/0","kind":"building","height_m":9.32,"status":null},"geometry":{"type":"Polygon","coordinates":[[[4.10967837,50.96338109],[4.10954712,50.96340222],[4.10954658,50.96340082],[4.10953681,50.96337552],[4.10945397,50.96338837],[4.10942814,50.96332308],[4.10964001,50.96329123],[4.10967837,50.96338109]]]}},{"type":"Feature","id":"gebouw/Gebouw.18115565/0","properties":{"source":"Digitaal Vlaanderen Gebouwenregister","source_id":"gebouw/Gebouw.18115565/0","kind":"building","height_m":9.32,"status":null},"geometry":{"type":"Polygon","coordinates":[[[4.10853098,50.96562251],[4.10848649,50.96565095],[4.10843559,50.96561944],[4.1083928,50.96564695],[4.10829504,50.96558705],[4.10838511,50.96552938],[4.10839055,50.96553263],[4.10853579,50.96561944],[4.10853098,50.96562251]]]}},{"type":"Feature","id":"gebouw/Gebouw.18115567/0","properties":{"source":"Digitaal Vlaanderen Gebouwenregister","source_id":"gebouw/Gebouw.18115567/0","kind":"building","height_m":5.72,"status":null},"geometry":{"type":"Polygon","coordinates":[[[4.10861272,50.96537256],[4.10861832,50.96536891],[4.10870593,50.9654245],[4.10866969,50.96544825],[4.10868806,50.96545991],[4.10872577,50.96543709],[4.10876851,50.96546421],[4.10873617,50.96548489],[4.10873485,50.96548408],[4.10873072,50.96548701],[4.10873172,50.96548771],[4.10868143,50.96552022],[4.10852901,50.96542699],[4.10853491,50.96542315],[4.10857871,50.96539467],[4.10860898,50.96541252],[4.10864171,50.96539075],[4.10861272,50.96537256]]]}},{"type":"Feature","id":"gebouw/Gebouw.18153513/0","properties":{"source":"Digitaal Vlaanderen Gebouwenregister","source_id":"gebouw/Gebouw.18153513/0","kind":"building","height_m":5.0,"status":null},"geometry":{"type":"Polygon","coordinates":[[[4.11164046,50.9634213],[4.11180564,50.9635714],[4.11171485,50.96361231],[4.11154637,50.96346329],[4.11164046,50.9634213]]]}},{"type":"Feature","id":"gebouw/Gebouw.18250093/0","properties":{"source":"Digitaal Vlaanderen Gebouwenregister","source_id":"gebouw/Gebouw.18250093/0","kind":"building","height_m":5.72,"status":null},"geometry":{"type":"Polygon","coordinates":[[[4.10762032,50.96355628],[4.10759408,50.96350809],[4.10764396,50.96349779],[4.10765153,50.96351101],[4.10768235,50.96350503],[4.10769812,50.96353417],[4.10766778,50.96354055],[4.10766973,50.96354492],[4.10762032,50.96355628]]]}},{"type":"Feature","id":"gebouw/Gebouw.18505418/0","properties":{"source":"Digitaal Vlaanderen Gebouwenregister","source_id":"gebouw/Gebouw.18505418/0","kind":"building","height_m":5.72,"status":null},"geometry":{"type":"Polygon","coordinates":[[[4.10780428,50.96785285],[4.10780095,50.96793478],[4.10774547,50.96793411],[4.10765266,50.96793299],[4.10757636,50.96793207],[4.10757829,50.96785116],[4.10780428,50.96785285]]]}},{"type":"Feature","id":"gebouw/Gebouw.18508485/0","properties":{"source":"Digitaal Vlaanderen Gebouwenregister","source_id":"gebouw/Gebouw.18508485/0","kind":"building","height_m":6.44,"status":null},"geometry":{"type":"Polygon","coordinates":[[[4.1091193,50.96611825],[4.10906726,50.96615544],[4.10902322,50.96613089],[4.10907513,50.96609494],[4.1091193,50.96611825]]]}},{"type":"Feature","id":"gebouw/Gebouw.18730546/0","properties":{"source":"Digitaal Vlaanderen Gebouwenregister","source_id":"gebouw/Gebouw.18730546/0","kind":"building","height_m":6.44,"status":null},"geometry":{"type":"Polygon","coordinates":[[[4.11221219,50.96396924],[4.11217639,50.96397543],[4.11215973,50.96394202],[4.11219752,50.96393548],[4.11221219,50.96396924]]]}},{"type":"Feature","id":"gebouw/Gebouw.18730547/0","properties":{"source":"Digitaal Vlaanderen Gebouwenregister","source_id":"gebouw/Gebouw.18730547/0","kind":"building","height_m":7.16,"status":null},"geometry":{"type":"Polygon","coordinates":[[[4.11137509,50.96433968],[4.11139438,50.96437186],[4.11128155,50.96439453],[4.1112639,50.96436222],[4.11137509,50.96433968]]]}},{"type":"Feature","id":"gebouw/Gebouw.18730550/0","properties":{"source":"Digitaal Vlaanderen Gebouwenregister","source_id":"gebouw/Gebouw.18730550/0","kind":"building","height_m":9.32,"status":null},"geometry":{"type":"Polygon","coordinates":[[[4.11205968,50.96755043],[4.11201525,50.96758194],[4.11198566,50.96756443],[4.112029,50.96753373],[4.11205968,50.96755043]]]}},{"type":"Feature","id":"gebouw/Gebouw.18730714/0","properties":{"source":"Digitaal Vlaanderen Gebouwenregister","source_id":"gebouw/Gebouw.18730714/0","kind":"building","height_m":6.44,"status":null},"geometry":{"type":"Polygon","coordinates":[[[4.11133082,50.96445364],[4.11134403,50.96448059],[4.11126275,50.96449808],[4.11124741,50.96447132],[4.11133082,50.96445364]]]}},{"type":"Feature","id":"gebouw/Gebouw.18730715/0","properties":{"source":"Digitaal Vlaanderen Gebouwenregister","source_id":"gebouw/Gebouw.18730715/0","kind":"building","height_m":7.16,"status":null},"geometry":{"type":"Polygon","coordinates":[[[4.10992497,50.96477943],[4.10991583,50.96478957],[4.10990322,50.96480356],[4.10983863,50.96478243],[4.10984983,50.96476952],[4.10986016,50.96475763],[4.10992497,50.96477943]]]}},{"type":"Feature","id":"gebouw/Gebouw.18730717/0","properties":{"source":"Digitaal Vlaanderen Gebouwenregister","source_id":"gebouw/Gebouw.18730717/0","kind":"building","height_m":8.6,"status":null},"geometry":{"type":"Polygon","coordinates":[[[4.10933465,50.96712789],[4.10930444,50.96715441],[4.10926418,50.96713519],[4.10929342,50.96710943],[4.10933465,50.96712789]]]}},{"type":"Feature","id":"gebouw/Gebouw.18730807/0","properties":{"source":"Digitaal Vlaanderen Gebouwenregister","source_id":"gebouw/Gebouw.18730807/0","kind":"building","height_m":7.88,"status":null},"geometry":{"type":"Polygon","coordinates":[[[4.11015427,50.96330445],[4.11007659,50.96331328],[4.11006689,50.96328029],[4.11014419,50.96327171],[4.11015427,50.96330445]]]}},{"type":"Feature","id":"gebouw/Gebouw.18730813/0","properties":{"source":"Digitaal Vlaanderen Gebouwenregister","source_id":"gebouw/Gebouw.18730813/0","kind":"building","height_m":7.16,"status":null},"geometry":{"type":"Polygon","coordinates":[[[4.10664651,50.96320956],[4.10659902,50.96322214],[4.10658228,50.9631969],[4.10662912,50.96318473],[4.10664651,50.96320956]]]}},{"type":"Feature","id":"gebouw/Gebouw.18730814/0","properties":{"source":"Digitaal Vlaanderen Gebouwenregister","source_id":"gebouw/Gebouw.18730814/0","kind":"building","height_m":7.88,"status":null},"geometry":{"type":"Polygon","coordinates":[[[4.10846212,50.96301657],[4.10846398,50.96302033],[4.1084802,50.9630532],[4.10845529,50.96305796],[4.10844363,50.96303755],[4.10842329,50.96304056],[4.10841697,50.96302608],[4.10844094,50.96302103],[4.10846212,50.96301657]]]}},{"type":"Feature","id":"gebouw/Gebouw.18730815/0","properties":{"source":"Digitaal Vlaanderen Gebouwenregister","source_id":"gebouw/Gebouw.18730815/0","kind":"building","height_m":8.6,"status":null},"geometry":{"type":"Polygon","coordinates":[[[4.1077803,50.96520625],[4.10771853,50.96524563],[4.10769304,50.96523095],[4.10775478,50.96519119],[4.10777937,50.9652057],[4.1077803,50.96520625]]]}},{"type":"Feature","id":"gebouw/Gebouw.18730816/0","properties":{"source":"Digitaal Vlaanderen Gebouwenregister","source_id":"gebouw/Gebouw.18730816/0","kind":"building","height_m":9.32,"status":null},"geometry":{"type":"Polygon","coordinates":[[[4.10825098,50.96554481],[4.1082111,50.9655719],[4.10808889,50.96549665],[4.10812977,50.96547017],[4.10817096,50.96549553],[4.10825098,50.96554481]]]}},{"type":"Feature","id":"gebouw/Gebouw.18730817/0","properties":{"source":"Digitaal Vlaanderen Gebouwenregister","source_id":"gebouw/Gebouw.18730817/0","kind":"building","height_m":5.0,"status":null},"geometry":{"type":"Polygon","coordinates":[[[4.10797085,50.96589152],[4.10794009,50.96590415],[4.10784914,50.96582547],[4.10787561,50.96581269],[4.10797085,50.96589152]]]}},{"type":"Feature","id":"gebouw/Gebouw.18730818/0","properties":{"source":"Digitaal Vlaanderen Gebouwenregister","source_id":"gebouw/Gebouw.18730818/0","kind":"building","height_m":5.72,"status":null},"geometry":{"type":"Polygon","coordinates":[[[4.10794861,50.96582822],[4.10791849,50.96584072],[4.10788507,50.96580852],[4.10791369,50.96579643],[4.10794861,50.96582822]]]}},{"type":"Feature","id":"gebouw/Gebouw.18730865/0","properties":{"source":"Digitaal Vlaanderen Gebouwenregister","source_id":"gebouw/Gebouw.18730865/0","kind":"building","height_m":9.32,"status":null},"geometry":{"type":"Polygon","coordinates":[[[4.11006988,50.96396259],[4.11002116,50.96396669],[4.11001274,50.96393064],[4.11006136,50.96392611],[4.11006988,50.96396259]]]}},{"type":"Feature","id":"gebouw/Gebouw.18730866/0","properties":{"source":"Digitaal Vlaanderen Gebouwenregister","source_id":"gebouw/Gebouw.18730866/0","kind":"building","height_m":5.0,"status":null},"geometry":{"type":"Polygon","coordinates":[[[4.11012342,50.96318436],[4.11013542,50.96321289],[4.11003079,50.96323044],[4.11001848,50.96320118],[4.11012342,50.96318436]]]}},{"type":"Feature","id":"gebouw/Gebouw.18942448/0","properties":{"source":"Digitaal Vlaanderen Gebouwenregister","source_id":"gebouw/Gebouw.18942448/0","kind":"building","height_m":5.0,"status":null},"geometry":{"type":"Polygon","coordinates":[[[4.10688224,50.96776822],[4.10677336,50.96776377],[4.10677961,50.96770982],[4.10688854,50.96771499],[4.10688224,50.96776822]]]}},{"type":"Feature","id":"gebouw/Gebouw.18951241/0","properties":{"source":"Digitaal Vlaanderen Gebouwenregister","source_id":"gebouw/Gebouw.18951241/0","kind":"building","height_m":5.72,"status":null},"geometry":{"type":"Polygon","coordinates":[[[4.10954174,50.96622042],[4.10934941,50.96639607],[4.10930118,50.96637479],[4.10948439,50.96619538],[4.10954174,50.96622042]]]}},{"type":"Feature","id":"gebouw/Gebouw.18951798/0","properties":{"source":"Digitaal Vlaanderen Gebouwenregister","source_id":"gebouw/Gebouw.18951798/0","kind":"building","height_m":8.6,"status":null},"geometry":{"type":"Polygon","coordinates":[[[4.10869793,50.96275988],[4.108503,50.96280166],[4.10847528,50.96274938],[4.10844466,50.96269161],[4.10844105,50.96268481],[4.1085271,50.96266549],[4.10853593,50.96268269],[4.10864399,50.96265953],[4.10869793,50.96275988]]]}},{"type":"Feature","id":"gebouw/Gebouw.18959297/0","properties":{"source":"Digitaal Vlaanderen Gebouwenregister","source_id":"gebouw/Gebouw.18959297/0","kind":"building","height_m":5.0,"status":null},"geometry":{"type":"Polygon","coordinates":[[[4.10689987,50.96310718],[4.10682028,50.96312768],[4.10679412,50.96308776],[4.1068563,50.96307151],[4.10685032,50.96306238],[4.10686584,50.96305833],[4.1068488,50.96303232],[4.10692408,50.96301261],[4.10694171,50.96303952],[4.10706081,50.9630084],[4.10709295,50.96305745],[4.10689987,50.96310718]]]}},{"type":"Feature","id":"gebouw/Gebouw.18964908/0","properties":{"source":"Digitaal Vlaanderen Gebouwenregister","source_id":"gebouw/Gebouw.18964908/0","kind":"building","height_m":7.88,"status":null},"geometry":{"type":"Polygon","coordinates":[[[4.10501379,50.96474468],[4.10476463,50.96480118],[4.10470278,50.9646902],[4.10495082,50.96463395],[4.10501379,50.96474468]]]}},{"type":"Feature","id":"gebouw/Gebouw.18974984/0","properties":{"source":"Digitaal Vlaanderen Gebouwenregister","source_id":"gebouw/Gebouw.18974984/0","kind":"building","height_m":5.0,"status":null},"geometry":{"type":"Polygon","coordinates":[[[4.10777703,50.96622134],[4.10771959,50.96623399],[4.10767755,50.96615789],[4.10773498,50.96614523],[4.10777703,50.96622134]]]}},{"type":"Feature","id":"gebouw/Gebouw.18975269/0","properties":{"source":"Digitaal Vlaanderen Gebouwenregister","source_id":"gebouw/Gebouw.18975269/0","kind":"building","height_m":8.6,"status":null},"geometry":{"type":"Polygon","coordinates":[[[4.11130628,50.96674083],[4.11121385,50.96670561],[4.11129122,50.96662466],[4.11130471,50.9666298],[4.11141707,50.96651224],[4.11149601,50.96654232],[4.1115416,50.96655969],[4.11149387,50.96660964],[4.11144827,50.96659226],[4.11130628,50.96674083]]]}},{"type":"Feature","id":"gebouw/Gebouw.18975398/0","properties":{"source":"Digitaal Vlaanderen Gebouwenregister","source_id":"gebouw/Gebouw.18975398/0","kind":"building","height_m":5.72,"status":null},"geometry":{"type":"Polygon","coordinates":[[[4.10334884,50.96830505],[4.10345163,50.96835905],[4.10337978,50.96841359],[4.10334973,50.9683978],[4.10329684,50.96843795],[4.10322135,50.96839833],[4.10332799,50.96832031],[4.10334884,50.96830505]]]}},{"type":"Feature","id":"gebouw/Gebouw.18975767/0","properties":{"source":"Digitaal Vlaanderen Gebouwenregister","source_id":"gebouw/Gebouw.18975767/0","kind":"building","height_m":9.32,"status":null},"geometry":{"type":"Polygon","coordinates":[[[4.10714082,50.96821328],[4.10713006,50.9682118],[4.10709935,50.96820738],[4.10702115,50.96819513],[4.1070262,50.96818225],[4.10687571,50.96815868],[4.10689679,50.96810502],[4.10690704,50.96810663],[4.10692294,50.96801003],[4.10689206,50.96800744],[4.10689701,50.96798618],[4.10690107,50.96796871],[4.10702651,50.96797923],[4.1070175,50.96801796],[4.10699344,50.96812137],[4.10704318,50.96812835],[4.10704105,50.9681344],[4.10715545,50.96815044],[4.10728512,50.96816862],[4.10727044,50.96821037],[4.10714557,50.96819287],[4.10714082,50.96821328]]]}},{"type":"Feature","id":"gebouw/Gebouw.18984783/0","properties":{"source":"Digitaal Vlaanderen Gebouwenregister","source_id":"gebouw/Gebouw.18984783/0","kind":"building","height_m":9.32,"status":null},"geometry":{"type":"Polygon","coordinates":[[[4.10955193,50.96584215],[4.10974616,50.96557501],[4.10986394,50.96560916],[4.10986565,50.96560681],[4.10991952,50.96553272],[4.10992439,50.96552602],[4.10944907,50.96538821],[4.10941844,50.96543034],[4.10939096,50.96546814],[4.10926306,50.96564405],[4.1093949,50.96568194],[4.10934366,50.96575242],[4.10947459,50.96579038],[4.10945954,50.96581029],[4.10948783,50.96581881],[4.10948523,50.96582281],[4.10955193,50.96584215]]]}},{"type":"Feature","id":"gebouw/Gebouw.18991462/0","properties":{"source":"Digitaal Vlaanderen Gebouwenregister","source_id":"gebouw/Gebouw.18991462/0","kind":"building","height_m":5.0,"status":null},"geometry":{"type":"Polygon","coordinates":[[[4.10728487,50.96664714],[4.10722256,50.96665661],[4.10713068,50.96666645],[4.10711129,50.96661555],[4.10726398,50.96659235],[4.10728487,50.96664714]]]}},{"type":"Feature","id":"gebouw/Gebouw.19286527/0","properties":{"source":"Digitaal Vlaanderen Gebouwenregister","source_id":"gebouw/Gebouw.19286527/0","kind":"building","height_m":5.72,"status":null},"geometry":{"type":"Polygon","coordinates":[[[4.11215169,50.96342986],[4.11213264,50.96343815],[4.11199926,50.96331578],[4.11219855,50.96322915],[4.11224989,50.96327624],[4.11227973,50.96326327],[4.11236958,50.96334571],[4.11235974,50.96335013],[4.11235566,50.96334652],[4.11221252,50.96340862],[4.11220909,50.96340489],[4.11215169,50.96342986]]]}},{"type":"Feature","id":"gebouw/Gebouw.19790163/0","properties":{"source":"Digitaal Vlaanderen Gebouwenregister","source_id":"gebouw/Gebouw.19790163/0","kind":"building","height_m":5.72,"status":null},"geometry":{"type":"Polygon","coordinates":[[[4.10651892,50.9624726],[4.10651885,50.96247249],[4.10649372,50.96242959],[4.10639092,50.96245595],[4.10641806,50.96249817],[4.10651541,50.96247348],[4.10651892,50.9624726]]]}},{"type":"Feature","id":"gebouw/Gebouw.19840440/0","properties":{"source":"Digitaal Vlaanderen Gebouwenregister","source_id":"gebouw/Gebouw.19840440/0","kind":"building","height_m":7.88,"status":null},"geometry":{"type":"Polygon","coordinates":[[[4.11077844,50.96391371],[4.11060247,50.96394085],[4.11057555,50.96389784],[4.11055697,50.96386815],[4.11058074,50.96385605],[4.11059379,50.96385009],[4.11060209,50.96386119],[4.1107268,50.96384196],[4.1107243,50.96383547],[4.11074528,50.96383206],[4.11074798,50.9638387],[4.11077844,50.96391371]]]}},{"type":"Feature","id":"gebouw/Gebouw.19840441/0","properties":{"source":"Digitaal Vlaanderen Gebouwenregister","source_id":"gebouw/Gebouw.19840441/0","kind":"building","height_m":8.6,"status":null},"geometry":{"type":"Polygon","coordinates":[[[4.11059379,50.96385009],[4.11060514,50.9638449],[4.11064485,50.96382677],[4.11065176,50.96382361],[4.11074787,50.96377972],[4.11069554,50.96374347],[4.11061037,50.9637867],[4.11058071,50.96376436],[4.110569,50.96375555],[4.11056558,50.96375728],[4.11056227,50.96375896],[4.11050184,50.9637896],[4.1104961,50.96379251],[4.11058074,50.96385605],[4.11059379,50.96385009]]]}},{"type":"Feature","id":"gebouw/Gebouw.19840442/0","properties":{"source":"Digitaal Vlaanderen Gebouwenregister","source_id":"gebouw/Gebouw.19840442/0","kind":"building","height_m":9.32,"status":null},"geometry":{"type":"Polygon","coordinates":[[[4.11076528,50.96379177],[4.11067049,50.96383988],[4.11065176,50.96382361],[4.11074787,50.96377972],[4.11076528,50.96379177]]]}},{"type":"Feature","id":"gebouw/Gebouw.19840443/0","properties":{"source":"Digitaal Vlaanderen Gebouwenregister","source_id":"gebouw/Gebouw.19840443/0","kind":"building","height_m":5.0,"status":null},"geometry":{"type":"Polygon","coordinates":[[[4.11064485,50.96382677],[4.11066164,50.96384129],[4.11061497,50.96385346],[4.11060514,50.9638449],[4.11064485,50.96382677]]]}},{"type":"Feature","id":"gebouw/Gebouw.19841181/0","properties":{"source":"Digitaal Vlaanderen Gebouwenregister","source_id":"gebouw/Gebouw.19841181/0","kind":"building","height_m":7.16,"status":null},"geometry":{"type":"Polygon","coordinates":[[[4.10901642,50.96318238],[4.10881695,50.9632135],[4.1088036,50.96317905],[4.10881643,50.96317705],[4.10880128,50.96314527],[4.108836,50.96313783],[4.10885059,50.96313506],[4.10891334,50.96312162],[4.10891859,50.96313286],[4.10898659,50.96311991],[4.108989,50.96312496],[4.10899234,50.96313194],[4.10900018,50.96314838],[4.10901118,50.9631714],[4.10901546,50.96318036],[4.10901642,50.96318238]]]}},{"type":"Feature","id":"gebouw/Gebouw.19841182/0","properties":{"source":"Digitaal Vlaanderen Gebouwenregister","source_id":"gebouw/Gebouw.19841182/0","kind":"building","height_m":7.88,"status":null},"geometry":{"type":"Polygon","coordinates":[[[4.108836,50.96313783],[4.10880128,50.96314527],[4.10878935,50.96312025],[4.10882441,50.96311357],[4.10883416,50.96313397],[4.108836,50.96313783]]]}},{"type":"Feature","id":"gebouw/Gebouw.19846126/0","properties":{"source":"Digitaal Vlaanderen Gebouwenregister","source_id":"gebouw/Gebouw.19846126/0","kind":"building","height_m":9.32,"status":null},"geometry":{"type":"Polygon","coordinates":[[[4.10676249,50.96288093],[4.10694508,50.96283477],[4.10691482,50.96278863],[4.10680324,50.96281782],[4.10681186,50.96283135],[4.10675641,50.96284545],[4.10674059,50.96282062],[4.10668235,50.96283542],[4.10670196,50.96286619],[4.10663056,50.96288433],[4.10663202,50.96288662],[4.106647,50.96291012],[4.10676249,50.96288093]]]}},{"type":"Feature","id":"gebouw/Gebouw.19846127/0","properties":{"source":"Digitaal Vlaanderen Gebouwenregister","source_id":"gebouw/Gebouw.19846127/0","kind":"building","height_m":5.0,"status":null},"geometry":{"type":"Polygon","coordinates":[[[4.106647,50.96291012],[4.10660045,50.96292189],[4.10657773,50.96288623],[4.10662424,50.96287441],[4.10663056,50.96288433],[4.106647,50.96291012]]]}},{"type":"Feature","id":"gebouw/Gebouw.19850636/0","properties":{"source":"Digitaal Vlaanderen Gebouwenregister","source_id":"gebouw/Gebouw.19850636/0","kind":"building","height_m":5.72,"status":null},"geometry":{"type":"Polygon","coordinates":[[[4.10714557,50.96819287],[4.10714022,50.96821585],[4.10712913,50.96821417],[4.10709852,50.96820951],[4.10702018,50.96819759],[4.1070262,50.96818225],[4.10687571,50.96815868],[4.10689562,50.96810806],[4.10704226,50.96813096],[4.10704105,50.9681344],[4.10715545,50.96815044],[4.10714557,50.96819287]]]}},{"type":"Feature","id":"gebouw/Gebouw.19850637/0","properties":{"source":"Digitaal Vlaanderen Gebouwenregister","source_id":"gebouw/Gebouw.19850637/0","kind":"building","height_m":6.44,"status":null},"geometry":{"type":"Polygon","coordinates":[[[4.10715545,50.96815044],[4.10728512,50.96816862],[4.10727044,50.96821037],[4.10714557,50.96819287],[4.10715545,50.96815044]]]}},{"type":"Feature","id":"gebouw/Gebouw.19850766/0","properties":{"source":"Digitaal Vlaanderen Gebouwenregister","source_id":"gebouw/Gebouw.19850766/0","kind":"building","height_m":8.6,"status":null},"geometry":{"type":"Polygon","coordinates":[[[4.10917429,50.96494362],[4.10913852,50.9650036],[4.10913751,50.9650053],[4.1090252,50.96497337],[4.10896585,50.96493989],[4.10892409,50.96491633],[4.10889009,50.96489714],[4.10892503,50.96486765],[4.10896373,50.96488962],[4.10905491,50.96494138],[4.1090762,50.96490595],[4.10913901,50.964921],[4.10913135,50.96493375],[4.10917429,50.96494362]]]}},{"type":"Feature","id":"gebouw/Gebouw.19850767/0","properties":{"source":"Digitaal Vlaanderen Gebouwenregister","source_id":"gebouw/Gebouw.19850767/0","kind":"building","height_m":9.32,"status":null},"geometry":{"type":"Polygon","coordinates":[[[4.10892503,50.96486765],[4.10889009,50.96489714],[4.10875575,50.96482135],[4.10879368,50.96479424],[4.10883574,50.9648191],[4.10886412,50.9648002],[4.1089453,50.96485055],[4.10892503,50.96486765]]]}},{"type":"Feature","id":"gebouw/Gebouw.19851121/0","properties":{"source":"Digitaal Vlaanderen Gebouwenregister","source_id":"gebouw/Gebouw.19851121/0","kind":"building","height_m":7.16,"status":null},"geometry":{"type":"Polygon","coordinates":[[[4.10714713,50.96665429],[4.10700738,50.96667579],[4.10699371,50.96664136],[4.10713281,50.96662107],[4.10714713,50.96665429]]]}},{"type":"Feature","id":"gebouw/Gebouw.19852106/0","properties":{"source":"Digitaal Vlaanderen Gebouwenregister","source_id":"gebouw/Gebouw.19852106/0","kind":"building","height_m":5.72,"status":null},"geometry":{"type":"Polygon","coordinates":[[[4.10929165,50.96472703],[4.10922673,50.96471487],[4.10918837,50.96479655],[4.1091438,50.9647882],[4.10914806,50.96477913],[4.10910935,50.96477188],[4.10911387,50.96476225],[4.10911684,50.96475606],[4.10915636,50.96476346],[4.10917408,50.96472573],[4.10913493,50.96471839],[4.10917624,50.96462655],[4.10917629,50.96462643],[4.10917885,50.96462693],[4.10921123,50.96463331],[4.10930795,50.96465234],[4.10931158,50.96465306],[4.10931924,50.96466579],[4.10932047,50.96466783],[4.10932033,50.96466811],[4.10931981,50.96466923],[4.10930053,50.96471028],[4.10929258,50.9647272],[4.10929165,50.96472703]]]}},{"type":"Feature","id":"gebouw/Gebouw.19854226/0","properties":{"source":"Digitaal Vlaanderen Gebouwenregister","source_id":"gebouw/Gebouw.19854226/0","kind":"building","height_m":5.0,"status":null},"geometry":{"type":"Polygon","coordinates":[[[4.11102782,50.96374337],[4.11097612,50.96376695],[4.11093194,50.96372937],[4.11092788,50.96373128],[4.11076809,50.96358823],[4.11084314,50.96355314],[4.1108497,50.96355008],[4.11088466,50.96357938],[4.11095098,50.96354983],[4.11099435,50.96358846],[4.11105346,50.96364111],[4.11107616,50.96366133],[4.11111981,50.96370021],[4.11112069,50.96370099],[4.11106387,50.96372692],[4.11102782,50.96374337]]]}},{"type":"Feature","id":"gebouw/Gebouw.19854227/0","properties":{"source":"Digitaal Vlaanderen Gebouwenregister","source_id":"gebouw/Gebouw.19854227/0","kind":"building","height_m":5.72,"status":null},"geometry":{"type":"Polygon","coordinates":[[[4.11102782,50.96374337],[4.1110486,50.96376197],[4.11109315,50.96379947],[4.11114851,50.96377409],[4.11121853,50.96383364],[4.11110911,50.96388495],[4.111042,50.96382787],[4.1110379,50.96382978],[4.11099192,50.96378861],[4.11097063,50.96376956],[4.11097056,50.96376949],[4.11097612,50.96376695],[4.11102782,50.96374337]]]}},{"type":"Feature","id":"gebouw/Gebouw.19855107/0","properties":{"source":"Digitaal Vlaanderen Gebouwenregister","source_id":"gebouw/Gebouw.19855107/0","kind":"building","height_m":9.32,"status":null},"geometry":{"type":"Polygon","coordinates":[[[4.10670671,50.96273608],[4.10680248,50.96270661],[4.10680366,50.96270902],[4.10685256,50.96269534],[4.10688958,50.9627518],[4.10674228,50.96279032],[4.1067277,50.96276808],[4.10671085,50.96274239],[4.10670671,50.96273608]]]}},{"type":"Feature","id":"gebouw/Gebouw.19855108/0","properties":{"source":"Digitaal Vlaanderen Gebouwenregister","source_id":"gebouw/Gebouw.19855108/0","kind":"building","height_m":5.0,"status":null},"geometry":{"type":"Polygon","coordinates":[[[4.10666562,50.96281037],[4.10666554,50.96281039],[4.10665157,50.96278907],[4.1067277,50.96276808],[4.10674228,50.96279032],[4.10666562,50.96281037]]]}},{"type":"Feature","id":"gebouw/Gebouw.19855139/0","properties":{"source":"Digitaal Vlaanderen Gebouwenregister","source_id":"gebouw/Gebouw.19855139/0","kind":"building","height_m":7.16,"status":null},"geometry":{"type":"Polygon","coordinates":[[[4.10939636,50.96764722],[4.10990068,50.96771395],[4.10985253,50.96786634],[4.10914133,50.96777931],[4.10915647,50.96772991],[4.10904246,50.96771674],[4.10907541,50.96761471],[4.1091865,50.96762808],[4.10918842,50.9676197],[4.1092362,50.96762603],[4.10935809,50.96764216],[4.10939636,50.96764722]]]}},{"type":"Feature","id":"gebouw/Gebouw.19855140/0","properties":{"source":"Digitaal Vlaanderen Gebouwenregister","source_id":"gebouw/Gebouw.19855140/0","kind":"building","height_m":7.88,"status":null},"geometry":{"type":"Polygon","coordinates":[[[4.1092362,50.96762603],[4.10924542,50.96759274],[4.10909171,50.96757394],[4.10912159,50.96747534],[4.10932424,50.96750119],[4.10934259,50.96744505],[4.10941756,50.96745402],[4.10937606,50.96758532],[4.10935809,50.96764216],[4.1092362,50.96762603]]]}},{"type":"Feature","id":"gebouw/Gebouw.19861323/0","properties":{"source":"Digitaal Vlaanderen Gebouwenregister","source_id":"gebouw/Gebouw.19861323/0","kind":"building","height_m":9.32,"status":null},"geometry":{"type":"Polygon","coordinates":[[[4.11140497,50.96754205],[4.11154703,50.96743876],[4.11144418,50.96738283],[4.11130346,50.96748469],[4.11129394,50.96748017],[4.11123029,50.96744994],[4.11101045,50.96760994],[4.11100666,50.9676127],[4.11117617,50.96770842],[4.11118095,50.96770494],[4.11140497,50.96754205]]]}},{"type":"Feature","id":"gebouw/Gebouw.19861324/0","properties":{"source":"Digitaal Vlaanderen Gebouwenregister","source_id":"gebouw/Gebouw.19861324/0","kind":"building","height_m":5.0,"status":null},"geometry":{"type":"Polygon","coordinates":[[[4.11063373,50.96801351],[4.11066941,50.96803308],[4.11072189,50.96799492],[4.11075622,50.96801375],[4.11061599,50.96811571],[4.11054542,50.96807756],[4.11063373,50.96801351]]]}},{"type":"Feature","id":"gebouw/Gebouw.19863499/0","properties":{"source":"Digitaal Vlaanderen Gebouwenregister","source_id":"gebouw/Gebouw.19863499/0","kind":"building","height_m":8.6,"status":null},"geometry":{"type":"Polygon","coordinates":[[[4.10991952,50.96553272],[4.10986565,50.96560681],[4.1099162,50.9656218],[4.10997157,50.96554809],[4.10991952,50.96553272]]]}},{"type":"Feature","id":"gebouw/Gebouw.19863549/0","properties":{"source":"Digitaal Vlaanderen Gebouwenregister","source_id":"gebouw/Gebouw.19863549/0","kind":"building","height_m":9.32,"status":null},"geometry":{"type":"Polygon","coordinates":[[[4.11144827,50.96659226],[4.11130628,50.96674083],[4.11121385,50.96670561],[4.11129122,50.96662466],[4.11130471,50.9666298],[4.11141707,50.96651224],[4.11149601,50.96654232],[4.11144827,50.96659226]]]}},{"type":"Feature","id":"gebouw/Gebouw.19863550/0","properties":{"source":"Digitaal Vlaanderen Gebouwenregister","source_id":"gebouw/Gebouw.19863550/0","kind":"building","height_m":5.0,"status":null},"geometry":{"type":"Polygon","coordinates":[[[4.1115416,50.96655969],[4.11149387,50.96660964],[4.11144827,50.96659226],[4.11149601,50.96654232],[4.1115416,50.96655969]]]}},{"type":"Feature","id":"gebouw/Gebouw.19865434/0","properties":{"source":"Digitaal Vlaanderen Gebouwenregister","source_id":"gebouw/Gebouw.19865434/0","kind":"building","height_m":5.72,"status":null},"geometry":{"type":"Polygon","coordinates":[[[4.10916809,50.96346479],[4.10880817,50.96352773],[4.1087981,50.96350467],[4.10877501,50.9634518],[4.1087716,50.96339756],[4.10879662,50.96339422],[4.1088072,50.96341653],[4.1088782,50.96340438],[4.10886334,50.96336978],[4.10890148,50.96336325],[4.1088616,50.96327036],[4.10896094,50.96325335],[4.10899987,50.96324671],[4.1090674,50.96323518],[4.10907585,50.96325445],[4.10916809,50.96346479]]]}},{"type":"Feature","id":"gebouw/Gebouw.19865435/0","properties":{"source":"Digitaal Vlaanderen Gebouwenregister","source_id":"gebouw/Gebouw.19865435/0","kind":"building","height_m":6.44,"status":null},"geometry":{"type":"Polygon","coordinates":[[[4.1087981,50.96350467],[4.10869645,50.96352244],[4.10870102,50.96353288],[4.10863795,50.96354392],[4.10863211,50.9635306],[4.10846298,50.96356018],[4.10842511,50.96347681],[4.10843893,50.9634745],[4.10844188,50.96348125],[4.10844644,50.96348045],[4.10844743,50.96348234],[4.10849972,50.96347347],[4.10850857,50.96349398],[4.10851128,50.96349363],[4.10851241,50.96349579],[4.10877501,50.9634518],[4.1087981,50.96350467]]]}},{"type":"Feature","id":"gebouw/Gebouw.19866861/0","properties":{"source":"Digitaal Vlaanderen Gebouwenregister","source_id":"gebouw/Gebouw.19866861/0","kind":"building","height_m":5.0,"status":null},"geometry":{"type":"Polygon","coordinates":[[[4.10695692,50.96297935],[4.10684401,50.96300885],[4.10676249,50.96288093],[4.10694508,50.96283477],[4.10698477,50.96289629],[4.10698983,50.96289509],[4.10703038,50.96295877],[4.10702827,50.96295931],[4.10702904,50.96296051],[4.10696179,50.96297808],[4.10695692,50.96297935]]]}},{"type":"Feature","id":"gebouw/Gebouw.19866862/0","properties":{"source":"Digitaal Vlaanderen Gebouwenregister","source_id":"gebouw/Gebouw.19866862/0","kind":"building","height_m":5.72,"status":null},"geometry":{"type":"Polygon","coordinates":[[[4.10702904,50.96296051],[4.10704778,50.96298991],[4.10698023,50.96300708],[4.10696179,50.96297808],[4.10702904,50.96296051]]]}},{"type":"Feature","id":"gebouw/Gebouw.19868520/0","properties":{"source":"Digitaal Vlaanderen Gebouwenregister","source_id":"gebouw/Gebouw.19868520/0","kind":"building","height_m":5.0,"status":null},"geometry":{"type":"Polygon","coordinates":[[[4.10658111,50.96230934],[4.10666082,50.96228715],[4.10660824,50.96220963],[4.10649064,50.96224237],[4.10651619,50.96228004],[4.1064372,50.96230141],[4.10641,50.9622613],[4.10630954,50.96228847],[4.10633903,50.96233196],[4.10632192,50.96233751],[4.10632795,50.96234711],[4.1062877,50.96235719],[4.10630565,50.96238577],[4.10631439,50.96238359],[4.1063993,50.96235995],[4.10646325,50.96234215],[4.10651374,50.96232809],[4.10658111,50.96230934]]]}},{"type":"Feature","id":"gebouw/Gebouw.20073486/0","properties":{"source":"Digitaal Vlaanderen Gebouwenregister","source_id":"gebouw/Gebouw.20073486/0","kind":"building","height_m":9.32,"status":null},"geometry":{"type":"Polygon","coordinates":[[[4.10849992,50.96300861],[4.10852914,50.96300245],[4.10852976,50.96300382],[4.10853549,50.9630164],[4.1085604,50.96301257],[4.10858984,50.96300804],[4.10880251,50.96297533],[4.10880232,50.96297485],[4.10879159,50.96294716],[4.10878134,50.96292073],[4.10856866,50.96294906],[4.1085704,50.96295376],[4.10854014,50.96295993],[4.10850951,50.96288397],[4.10837946,50.96290489],[4.10841457,50.96298268],[4.10842282,50.96298119],[4.10844094,50.96302103],[4.10846212,50.96301657],[4.10846256,50.96301648],[4.10849992,50.96300861]]]}},{"type":"Feature","id":"gebouw/Gebouw.20145312/0","properties":{"source":"Digitaal Vlaanderen Gebouwenregister","source_id":"gebouw/Gebouw.20145312/0","kind":"building","height_m":8.6,"status":null},"geometry":{"type":"Polygon","coordinates":[[[4.10771125,50.96797758],[4.10772079,50.96797781],[4.10771811,50.96802078],[4.10771713,50.96803642],[4.10763239,50.96803431],[4.10763606,50.9679757],[4.10771125,50.96797758]]]}},{"type":"Feature","id":"gebouw/Gebouw.20145315/0","properties":{"source":"Digitaal Vlaanderen Gebouwenregister","source_id":"gebouw/Gebouw.20145315/0","kind":"building","height_m":5.72,"status":null},"geometry":{"type":"Polygon","coordinates":[[[4.10861154,50.96333826],[4.10846614,50.9633641],[4.1084478,50.96332291],[4.10859319,50.96329708],[4.10861154,50.96333826]]]}},{"type":"Feature","id":"gebouw/Gebouw.20145316/0","properties":{"source":"Digitaal Vlaanderen Gebouwenregister","source_id":"gebouw/Gebouw.20145316/0","kind":"building","height_m":6.44,"status":null},"geometry":{"type":"Polygon","coordinates":[[[4.10995128,50.96320756],[4.10989705,50.96321632],[4.10976188,50.96323815],[4.10976349,50.96324206],[4.1097767,50.96327423],[4.10996593,50.96324325],[4.10995128,50.96320756]]]}},{"type":"Feature","id":"gebouw/Gebouw.20145319/0","properties":{"source":"Digitaal Vlaanderen Gebouwenregister","source_id":"gebouw/Gebouw.20145319/0","kind":"building","height_m":8.6,"status":null},"geometry":{"type":"Polygon","coordinates":[[[4.10794491,50.96783813],[4.1079442,50.96784047],[4.10798037,50.96784481],[4.10797639,50.96785806],[4.10797154,50.96787418],[4.10787197,50.96786223],[4.10787719,50.9678449],[4.10788162,50.96783017],[4.10794491,50.96783813]]]}},{"type":"Feature","id":"gebouw/Gebouw.20145320/0","properties":{"source":"Digitaal Vlaanderen Gebouwenregister","source_id":"gebouw/Gebouw.20145320/0","kind":"building","height_m":9.32,"status":null},"geometry":{"type":"Polygon","coordinates":[[[4.11094929,50.96721809],[4.11106707,50.96727161],[4.11107236,50.96727401],[4.11087628,50.96744606],[4.11087054,50.96744344],[4.1107576,50.96739213],[4.11064965,50.96734307],[4.11084489,50.96717065],[4.11094929,50.96721809]]]}},{"type":"Feature","id":"gebouw/Gebouw.20145321/0","properties":{"source":"Digitaal Vlaanderen Gebouwenregister","source_id":"gebouw/Gebouw.20145321/0","kind":"building","height_m":5.0,"status":null},"geometry":{"type":"Polygon","coordinates":[[[4.10892047,50.96618005],[4.1089499,50.96616011],[4.10905734,50.96622014],[4.10901701,50.96624747],[4.10898574,50.96622907],[4.10899411,50.96622339],[4.10892047,50.96618005]]]}},{"type":"Feature","id":"gebouw/Gebouw.20145323/0","properties":{"source":"Digitaal Vlaanderen Gebouwenregister","source_id":"gebouw/Gebouw.20145323/0","kind":"building","height_m":6.44,"status":null},"geometry":{"type":"Polygon","coordinates":[[[4.10803622,50.9624999],[4.10804719,50.96252817],[4.10797054,50.96254003],[4.10796014,50.96251324],[4.10795857,50.96250921],[4.10803622,50.9624999]]]}},{"type":"Feature","id":"gebouw/Gebouw.20145329/0","properties":{"source":"Digitaal Vlaanderen Gebouwenregister","source_id":"gebouw/Gebouw.20145329/0","kind":"building","height_m":5.72,"status":null},"geometry":{"type":"Polygon","coordinates":[[[4.11084314,50.96355314],[4.11076809,50.96358823],[4.11073397,50.96355768],[4.11080793,50.96352311],[4.11084314,50.96355314]]]}},{"type":"Feature","id":"gebouw/Gebouw.20146733/0","properties":{"source":"Digitaal Vlaanderen Gebouwenregister","source_id":"gebouw/Gebouw.20146733/0","kind":"building","height_m":8.6,"status":null},"geometry":{"type":"Polygon","coordinates":[[[4.10165871,50.96613743],[4.101786,50.96626435],[4.10175793,50.96627558],[4.10163063,50.96614866],[4.10165871,50.96613743]]]}},{"type":"Feature","id":"gebouw/Gebouw.20146734/0","properties":{"source":"Digitaal Vlaanderen Gebouwenregister","source_id":"gebouw/Gebouw.20146734/0","kind":"building","height_m":9.32,"status":null},"geometry":{"type":"Polygon","coordinates":[[[4.10681014,50.96770804],[4.10689043,50.96771478],[4.10687948,50.96776685],[4.10679918,50.96776011],[4.10681014,50.96770804]]]}},{"type":"Feature","id":"gebouw/Gebouw.20146735/0","properties":{"source":"Digitaal Vlaanderen Gebouwenregister","source_id":"gebouw/Gebouw.20146735/0","kind":"building","height_m":5.0,"status":null},"geometry":{"type":"Polygon","coordinates":[[[4.10656167,50.96771487],[4.10660983,50.9677025],[4.10662618,50.96772787],[4.10657801,50.96774025],[4.10656167,50.96771487]]]}},{"type":"Feature","id":"gebouw/Gebouw.20146736/0","properties":{"source":"Digitaal Vlaanderen Gebouwenregister","source_id":"gebouw/Gebouw.20146736/0","kind":"building","height_m":5.72,"status":null},"geometry":{"type":"Polygon","coordinates":[[[4.10374547,50.96466532],[4.10375824,50.96469377],[4.10369894,50.96470438],[4.10368618,50.96467593],[4.10374547,50.96466532]]]}},{"type":"Feature","id":"gebouw/Gebouw.20146743/0","properties":{"source":"Digitaal Vlaanderen Gebouwenregister","source_id":"gebouw/Gebouw.20146743/0","kind":"building","height_m":5.72,"status":null},"geometry":{"type":"Polygon","coordinates":[[[4.10921857,50.96230936],[4.10914323,50.96232658],[4.10912468,50.9622942],[4.10918249,50.96228099],[4.1092302,50.96227008],[4.1092458,50.96229729],[4.10921561,50.96230419],[4.10921857,50.96230936]]]}},{"type":"Feature","id":"gebouw/Gebouw.20146744/0","properties":{"source":"Digitaal Vlaanderen Gebouwenregister","source_id":"gebouw/Gebouw.20146744/0","kind":"building","height_m":6.44,"status":null},"geometry":{"type":"Polygon","coordinates":[[[4.10979123,50.96302058],[4.10984178,50.96301331],[4.10986026,50.96306453],[4.10980971,50.96307181],[4.10979123,50.96302058]]]}},{"type":"Feature","id":"gebouw/Gebouw.20146745/0","properties":{"source":"Digitaal Vlaanderen Gebouwenregister","source_id":"gebouw/Gebouw.20146745/0","kind":"building","height_m":7.16,"status":null},"geometry":{"type":"Polygon","coordinates":[[[4.11140325,50.96332147],[4.111405,50.96332305],[4.11141483,50.96333194],[4.11137649,50.96334886],[4.11136513,50.96333859],[4.11136348,50.9633371],[4.11130034,50.96328003],[4.11133868,50.96326312],[4.11140325,50.96332147]]]}},{"type":"Feature","id":"gebouw/Gebouw.20146746/0","properties":{"source":"Digitaal Vlaanderen Gebouwenregister","source_id":"gebouw/Gebouw.20146746/0","kind":"building","height_m":7.88,"status":null},"geometry":{"type":"Polygon","coordinates":[[[4.11125115,50.96348236],[4.11131933,50.96354286],[4.1112834,50.96355901],[4.11121539,50.96349843],[4.11125115,50.96348236]]]}},{"type":"Feature","id":"gebouw/Gebouw.20147022/0","properties":{"source":"Digitaal Vlaanderen Gebouwenregister","source_id":"gebouw/Gebouw.20147022/0","kind":"building","height_m":5.0,"status":null},"geometry":{"type":"Polygon","coordinates":[[[4.1028101,50.96469681],[4.10272129,50.96471933],[4.10271616,50.96471143],[4.10261554,50.96473749],[4.10257249,50.9646712],[4.10258554,50.96466782],[4.10258866,50.96467263],[4.10261094,50.96466686],[4.10260842,50.96466298],[4.10263669,50.96465566],[4.10263888,50.96465902],[4.10266174,50.9646531],[4.10265933,50.96464938],[4.10267467,50.96464541],[4.10266235,50.96462644],[4.10267734,50.96462256],[4.10265261,50.96458448],[4.10272674,50.96456569],[4.1028101,50.96469681]]]}},{"type":"Feature","id":"gebouw/Gebouw.20147023/0","properties":{"source":"Digitaal Vlaanderen Gebouwenregister","source_id":"gebouw/Gebouw.20147023/0","kind":"building","height_m":5.72,"status":null},"geometry":{"type":"Polygon","coordinates":[[[4.10255414,50.96478715],[4.10246878,50.96480884],[4.10245771,50.96479243],[4.10240561,50.96471527],[4.102494,50.9646928],[4.10255414,50.96478715]]]}},{"type":"Feature","id":"gebouw/Gebouw.20147024/0","properties":{"source":"Digitaal Vlaanderen Gebouwenregister","source_id":"gebouw/Gebouw.20147024/0","kind":"building","height_m":6.44,"status":null},"geometry":{"type":"Polygon","coordinates":[[[4.10256659,50.96481621],[4.10249518,50.96483947],[4.10247749,50.96484524],[4.10246004,50.96482388],[4.10247699,50.96481836],[4.10254914,50.96479486],[4.10256659,50.96481621]]]}},{"type":"Feature","id":"gebouw/Gebouw.20484990/0","properties":{"source":"Digitaal Vlaanderen Gebouwenregister","source_id":"gebouw/Gebouw.20484990/0","kind":"building","height_m":5.72,"status":null},"geometry":{"type":"Polygon","coordinates":[[[4.11131947,50.964133],[4.11125422,50.96414473],[4.11123676,50.96410599],[4.11117828,50.9641165],[4.11114571,50.96404427],[4.11120603,50.96403343],[4.11120528,50.96403179],[4.11127058,50.96402004],[4.11127169,50.96402252],[4.11131947,50.964133]]]}},{"type":"Feature","id":"gebouw/Gebouw.20495007/0","properties":{"source":"Digitaal Vlaanderen Gebouwenregister","source_id":"gebouw/Gebouw.20495007/0","kind":"building","height_m":5.72,"status":null},"geometry":{"type":"Polygon","coordinates":[[[4.10914597,50.96591526],[4.10924233,50.96596209],[4.10917988,50.9660133],[4.10912965,50.9660545],[4.10903334,50.96600768],[4.10914597,50.96591526]]]}},{"type":"Feature","id":"gebouw/Gebouw.20499791/0","properties":{"source":"Digitaal Vlaanderen Gebouwenregister","source_id":"gebouw/Gebouw.20499791/0","kind":"building","height_m":7.88,"status":null},"geometry":{"type":"Polygon","coordinates":[[[4.11103622,50.9636759],[4.11118802,50.96380929],[4.11110694,50.96384608],[4.11095514,50.96371269],[4.11103622,50.9636759]]]}},{"type":"Feature","id":"gebouw/Gebouw.20980653/0","properties":{"source":"Digitaal Vlaanderen Gebouwenregister","source_id":"gebouw/Gebouw.20980653/0","kind":"building","height_m":5.72,"status":null},"geometry":{"type":"Polygon","coordinates":[[[4.11024321,50.96378921],[4.11029941,50.96379122],[4.11029726,50.96381517],[4.1103357,50.96381655],[4.11033069,50.96387238],[4.1103193,50.9638719],[4.11031435,50.96391926],[4.11031406,50.96391926],[4.11023062,50.96391575],[4.11024061,50.96381536],[4.11024321,50.96378921]]]}},{"type":"Feature","id":"gebouw/Gebouw.20980685/0","properties":{"source":"Digitaal Vlaanderen Gebouwenregister","source_id":"gebouw/Gebouw.20980685/0","kind":"building","height_m":8.6,"status":null},"geometry":{"type":"Polygon","coordinates":[[[4.11024061,50.96381536],[4.11023062,50.96391575],[4.11013119,50.96391176],[4.11013405,50.96388327],[4.11012693,50.9638829],[4.11013508,50.96380336],[4.11013922,50.96380353],[4.11014189,50.96377758],[4.11024396,50.96378168],[4.11024321,50.96378921],[4.11024061,50.96381536]]]}},{"type":"Feature","id":"gebouw/Gebouw.20980688/0","properties":{"source":"Digitaal Vlaanderen Gebouwenregister","source_id":"gebouw/Gebouw.20980688/0","kind":"building","height_m":5.72,"status":null},"geometry":{"type":"Polygon","coordinates":[[[4.10715859,50.96796981],[4.1071564,50.96799012],[4.10715218,50.96802925],[4.10714191,50.96812439],[4.10705181,50.96812051],[4.10705679,50.96807437],[4.10697221,50.96807073],[4.10697827,50.96801467],[4.10698249,50.96797553],[4.10698368,50.96796457],[4.10715859,50.96796981]]]}},{"type":"Feature","id":"gebouw/Gebouw.30642353/0","properties":{"source":"Digitaal Vlaanderen Gebouwenregister","source_id":"gebouw/Gebouw.30642353/0","kind":"building","height_m":5.0,"status":null},"geometry":{"type":"Polygon","coordinates":[[[4.110121,50.96331227],[4.11015835,50.96331682],[4.11014615,50.96335679],[4.110097,50.96335081],[4.11010814,50.96331427],[4.11010919,50.96331083],[4.110121,50.96331227]]]}},{"type":"Feature","id":"gebouw/Gebouw.30642354/0","properties":{"source":"Digitaal Vlaanderen Gebouwenregister","source_id":"gebouw/Gebouw.30642354/0","kind":"building","height_m":5.72,"status":null},"geometry":{"type":"Polygon","coordinates":[[[4.11095005,50.96360839],[4.11099435,50.96358846],[4.11105346,50.96364112],[4.11100909,50.96366098],[4.11095005,50.96360839]]]}},{"type":"Feature","id":"gebouw/Gebouw.30642355/0","properties":{"source":"Digitaal Vlaanderen Gebouwenregister","source_id":"gebouw/Gebouw.30642355/0","kind":"building","height_m":6.44,"status":null},"geometry":{"type":"Polygon","coordinates":[[[4.1109738,50.96471353],[4.11094848,50.96466208],[4.11099221,50.9646535],[4.11101753,50.96470494],[4.1109738,50.96471353]]]}},{"type":"Feature","id":"gebouw/Gebouw.30642356/0","properties":{"source":"Digitaal Vlaanderen Gebouwenregister","source_id":"gebouw/Gebouw.30642356/0","kind":"building","height_m":7.16,"status":null},"geometry":{"type":"Polygon","coordinates":[[[4.10820685,50.96525064],[4.10824969,50.96522379],[4.10831231,50.96526364],[4.10826947,50.96529048],[4.10820685,50.96525064]]]}},{"type":"Feature","id":"gebouw/Gebouw.30642357/0","properties":{"source":"Digitaal Vlaanderen Gebouwenregister","source_id":"gebouw/Gebouw.30642357/0","kind":"building","height_m":7.88,"status":null},"geometry":{"type":"Polygon","coordinates":[[[4.10812324,50.96786699],[4.10814465,50.96787036],[4.10813798,50.96788728],[4.1081127,50.96788331],[4.10798016,50.96786248],[4.10798683,50.96784555],[4.10812324,50.96786699]]]}},{"type":"Feature","id":"gebouw/Gebouw.30642365/0","properties":{"source":"Digitaal Vlaanderen Gebouwenregister","source_id":"gebouw/Gebouw.30642365/0","kind":"building","height_m":8.6,"status":null},"geometry":{"type":"Polygon","coordinates":[[[4.10388693,50.96551577],[4.1039261,50.96550616],[4.10395283,50.9655496],[4.10391366,50.96555921],[4.10388693,50.96551577]]]}},{"type":"Feature","id":"gebouw/Gebouw.30642367/0","properties":{"source":"Digitaal Vlaanderen Gebouwenregister","source_id":"gebouw/Gebouw.30642367/0","kind":"building","height_m":5.0,"status":null},"geometry":{"type":"Polygon","coordinates":[[[4.11204815,50.96306984],[4.11208592,50.96305365],[4.11215333,50.96311635],[4.11211555,50.96313255],[4.11204815,50.96306984]]]}},{"type":"Feature","id":"gebouw/Gebouw.30644539/0","properties":{"source":"Digitaal Vlaanderen Gebouwenregister","source_id":"gebouw/Gebouw.30644539/0","kind":"building","height_m":6.44,"status":null},"geometry":{"type":"Polygon","coordinates":[[[4.10817096,50.96549553],[4.10822155,50.96546277],[4.10830157,50.96551204],[4.10825098,50.96554481],[4.10817096,50.96549553]]]}},{"type":"Feature","id":"gebouw/Gebouw.30909754/0","properties":{"source":"Digitaal Vlaanderen Gebouwenregister","source_id":"gebouw/Gebouw.30909754/0","kind":"building","height_m":5.72,"status":null},"geometry":{"type":"Polygon","coordinates":[[[4.10702904,50.96296051],[4.10704705,50.962988],[4.10697475,50.96300656],[4.10695692,50.96297935],[4.10696179,50.96297808],[4.10702904,50.96296051]]]}},{"type":"Feature","id":"gebouw/Gebouw.31034959/0","properties":{"source":"Digitaal Vlaanderen Gebouwenregister","source_id":"gebouw/Gebouw.31034959/0","kind":"building","height_m":7.88,"status":null},"geometry":{"type":"Polygon","coordinates":[[[4.10951013,50.96514909],[4.10935696,50.96510108],[4.1093885,50.96506095],[4.10948199,50.96506485],[4.10955775,50.9650885],[4.10951013,50.96514909]]]}},{"type":"Feature","id":"gebouw/Gebouw.31035041/0","properties":{"source":"Digitaal Vlaanderen Gebouwenregister","source_id":"gebouw/Gebouw.31035041/0","kind":"building","height_m":6.44,"status":null},"geometry":{"type":"Polygon","coordinates":[[[4.11145561,50.96412708],[4.11132727,50.96415014],[4.1113231,50.96414105],[4.11131947,50.964133],[4.11127169,50.96402252],[4.11127058,50.96402004],[4.1113718,50.96400185],[4.11141026,50.96408588],[4.11143504,50.96408143],[4.11145561,50.96412708]]]}},{"type":"Feature","id":"gebouw/Gebouw.31144789/0","properties":{"source":"Digitaal Vlaanderen Gebouwenregister","source_id":"gebouw/Gebouw.31144789/0","kind":"building","height_m":7.88,"status":null},"geometry":{"type":"Polygon","coordinates":[[[4.11016911,50.96370857],[4.11011571,50.96370692],[4.11012285,50.96361494],[4.1101965,50.96361722],[4.11019396,50.96364991],[4.11017372,50.96364928],[4.11016911,50.96370857]]]}},{"type":"Feature","id":"gebouw/Gebouw.31144790/0","properties":{"source":"Digitaal Vlaanderen Gebouwenregister","source_id":"gebouw/Gebouw.31144790/0","kind":"building","height_m":8.6,"status":null},"geometry":{"type":"Polygon","coordinates":[[[4.11040751,50.96372415],[4.11035119,50.96372216],[4.11035861,50.96363869],[4.11041493,50.96364068],[4.11040751,50.96372415]]]}},{"type":"Feature","id":"gebouw/Gebouw.31144806/0","properties":{"source":"Digitaal Vlaanderen Gebouwenregister","source_id":"gebouw/Gebouw.31144806/0","kind":"building","height_m":5.0,"status":null},"geometry":{"type":"Polygon","coordinates":[[[4.10383988,50.96446235],[4.10368628,50.96450472],[4.10363468,50.96451895],[4.10360951,50.96448256],[4.10365892,50.96446893],[4.10381471,50.96442596],[4.10383988,50.96446235]]]}},{"type":"Feature","id":"gebouw/Gebouw.31144808/0","properties":{"source":"Digitaal Vlaanderen Gebouwenregister","source_id":"gebouw/Gebouw.31144808/0","kind":"building","height_m":6.44,"status":null},"geometry":{"type":"Polygon","coordinates":[[[4.10917288,50.96417157],[4.10914248,50.9641997],[4.10905528,50.96416211],[4.10908568,50.96413399],[4.10917288,50.96417157]]]}},{"type":"Feature","id":"gebouw/Gebouw.31149227/0","properties":{"source":"Digitaal Vlaanderen Gebouwenregister","source_id":"gebouw/Gebouw.31149227/0","kind":"building","height_m":7.88,"status":null},"geometry":{"type":"Polygon","coordinates":[[[4.11099221,50.9646535],[4.11094739,50.9646623],[4.11092237,50.96461147],[4.1109672,50.96460267],[4.11099221,50.9646535]]]}},{"type":"Feature","id":"gebouw/Gebouw.31150409/0","properties":{"source":"Digitaal Vlaanderen Gebouwenregister","source_id":"gebouw/Gebouw.31150409/0","kind":"building","height_m":7.16,"status":null},"geometry":{"type":"Polygon","coordinates":[[[4.10375208,50.96372506],[4.10364665,50.96372614],[4.10364732,50.96373682],[4.10364854,50.96375627],[4.10357595,50.96375701],[4.10356413,50.96381741],[4.10356386,50.96381879],[4.1036504,50.96381636],[4.10365059,50.96381906],[4.1037562,50.96381609],[4.103754,50.96378484],[4.10377206,50.96378433],[4.10376834,50.9637249],[4.10375208,50.96372506]]]}},{"type":"Feature","id":"gebouw/Gebouw.31150410/0","properties":{"source":"Digitaal Vlaanderen Gebouwenregister","source_id":"gebouw/Gebouw.31150410/0","kind":"building","height_m":7.88,"status":null},"geometry":{"type":"Polygon","coordinates":[[[4.10364732,50.96373682],[4.10364665,50.96372614],[4.10375208,50.96372506],[4.10374911,50.96369224],[4.10367957,50.96368806],[4.10370336,50.96357344],[4.10374916,50.9635758],[4.10375387,50.96354482],[4.10362022,50.96353077],[4.10359027,50.96368381],[4.1035796,50.96373832],[4.10364732,50.96373682]]]}},{"type":"Feature","id":"gebouw/Gebouw.31150445/0","properties":{"source":"Digitaal Vlaanderen Gebouwenregister","source_id":"gebouw/Gebouw.31150445/0","kind":"building","height_m":7.88,"status":null},"geometry":{"type":"Polygon","coordinates":[[[4.10805733,50.96863816],[4.10809522,50.96863717],[4.10809332,50.96857086],[4.10809332,50.96857068],[4.10810523,50.96857055],[4.10809507,50.96838615],[4.10779842,50.96839267],[4.10779863,50.96839623],[4.10780121,50.96844332],[4.10780169,50.96845194],[4.1079775,50.96844807],[4.10798425,50.96857049],[4.10769634,50.96857434],[4.10769745,50.96860749],[4.10769343,50.96860751],[4.10769439,50.96861821],[4.10769803,50.96861822],[4.10769995,50.96864749],[4.10805733,50.96863816]]]}},{"type":"Feature","id":"gebouw/Gebouw.31150447/0","properties":{"source":"Digitaal Vlaanderen Gebouwenregister","source_id":"gebouw/Gebouw.31150447/0","kind":"building","height_m":9.32,"status":null},"geometry":{"type":"Polygon","coordinates":[[[4.10779863,50.96839623],[4.10758915,50.96840458],[4.10759327,50.96845071],[4.10780121,50.96844332],[4.10779863,50.96839623]]]}},{"type":"Feature","id":"gebouw/Gebouw.31804679/0","properties":{"source":"Digitaal Vlaanderen Gebouwenregister","source_id":"gebouw/Gebouw.31804679/0","kind":"building","height_m":7.88,"status":null},"geometry":{"type":"Polygon","coordinates":[[[4.1090299,50.96814795],[4.10904958,50.96819002],[4.10916464,50.96816856],[4.10914496,50.96812649],[4.1090299,50.96814795]]]}},{"type":"Feature","id":"gebouw/Gebouw.31805342/0","properties":{"source":"Digitaal Vlaanderen Gebouwenregister","source_id":"gebouw/Gebouw.31805342/0","kind":"building","height_m":6.44,"status":null},"geometry":{"type":"Polygon","coordinates":[[[4.10763329,50.96803681],[4.10771753,50.96803825],[4.10772006,50.96797896],[4.10763583,50.96797752],[4.10763329,50.96803681]]]}},{"type":"Feature","id":"gebouw/Gebouw.31805523/0","properties":{"source":"Digitaal Vlaanderen Gebouwenregister","source_id":"gebouw/Gebouw.31805523/0","kind":"building","height_m":5.72,"status":null},"geometry":{"type":"Polygon","coordinates":[[[4.11143684,50.96476271],[4.1114909,50.96475396],[4.11147267,50.96470907],[4.1114186,50.96471783],[4.11143684,50.96476271]]]}},{"type":"Feature","id":"gebouw/Gebouw.31805655/0","properties":{"source":"Digitaal Vlaanderen Gebouwenregister","source_id":"gebouw/Gebouw.31805655/0","kind":"building","height_m":5.0,"status":null},"geometry":{"type":"Polygon","coordinates":[[[4.10791126,50.96238384],[4.10799072,50.96237039],[4.10798011,50.96234538],[4.10790065,50.96235883],[4.10791126,50.96238384]]]}},{"type":"Feature","id":"gebouw/Gebouw.31805831/0","properties":{"source":"Digitaal Vlaanderen Gebouwenregister","source_id":"gebouw/Gebouw.31805831/0","kind":"building","height_m":5.72,"status":null},"geometry":{"type":"Polygon","coordinates":[[[4.11134723,50.96340269],[4.11138838,50.9633855],[4.11135005,50.9633515],[4.11131067,50.96337002],[4.11134723,50.96340269]]]}},{"type":"Feature","id":"gebouw/Gebouw.31806330/0","properties":{"source":"Digitaal Vlaanderen Gebouwenregister","source_id":"gebouw/Gebouw.31806330/0","kind":"building","height_m":7.16,"status":null},"geometry":{"type":"Polygon","coordinates":[[[4.10961294,50.96511315],[4.10972676,50.96514798],[4.10974169,50.96512853],[4.10962786,50.9650937],[4.10961294,50.96511315]]]}},{"type":"Feature","id":"gebouw/Gebouw.31806363/0","properties":{"source":"Digitaal Vlaanderen Gebouwenregister","source_id":"gebouw/Gebouw.31806363/0","kind":"building","height_m":5.72,"status":null},"geometry":{"type":"Polygon","coordinates":[[[4.11150078,50.96427826],[4.11152761,50.96427274],[4.1115308,50.96427892],[4.11156269,50.96427236],[4.1115601,50.96426735],[4.11156976,50.96426536],[4.11152583,50.96418022],[4.1114866,50.96418772],[4.1115099,50.96423871],[4.1114832,50.9642442],[4.11150078,50.96427826]]]}},{"type":"Feature","id":"gebouw/Gebouw.31806475/0","properties":{"source":"Digitaal Vlaanderen Gebouwenregister","source_id":"gebouw/Gebouw.31806475/0","kind":"building","height_m":5.72,"status":null},"geometry":{"type":"Polygon","coordinates":[[[4.10704763,50.96623041],[4.10695748,50.96625426],[4.10698292,50.96629279],[4.10707307,50.96626894],[4.10704763,50.96623041]]]}},{"type":"Feature","id":"gebouw/Gebouw.31806565/0","properties":{"source":"Digitaal Vlaanderen Gebouwenregister","source_id":"gebouw/Gebouw.31806565/0","kind":"building","height_m":5.0,"status":null},"geometry":{"type":"Polygon","coordinates":[[[4.10678496,50.9631313],[4.10680312,50.963127],[4.10678597,50.96309813],[4.10676593,50.96310288],[4.1067478,50.96310718],[4.10675247,50.96311504],[4.10673156,50.96311999],[4.10674004,50.96313427],[4.10676208,50.96312905],[4.10676607,50.96313577],[4.10678496,50.9631313]]]}},{"type":"Feature","id":"gebouw/Gebouw.31809289/0","properties":{"source":"Digitaal Vlaanderen Gebouwenregister","source_id":"gebouw/Gebouw.31809289/0","kind":"building","height_m":5.72,"status":null},"geometry":{"type":"Polygon","coordinates":[[[4.10881983,50.96307799],[4.10891958,50.96305798],[4.10887992,50.96297911],[4.10878017,50.96299912],[4.10881983,50.96307799]]]}},{"type":"Feature","id":"gebouw/Gebouw.32035735/0","properties":{"source":"Digitaal Vlaanderen Gebouwenregister","source_id":"gebouw/Gebouw.32035735/0","kind":"building","height_m":7.88,"status":null},"geometry":{"type":"Polygon","coordinates":[[[4.11094705,50.96466154],[4.11097314,50.96471638],[4.1110176,50.96470794],[4.11099151,50.9646531],[4.11094705,50.96466154]]]}},{"type":"Feature","id":"gebouw/Gebouw.32035742/0","properties":{"source":"Digitaal Vlaanderen Gebouwenregister","source_id":"gebouw/Gebouw.32035742/0","kind":"building","height_m":7.88,"status":null},"geometry":{"type":"Polygon","coordinates":[[[4.10663202,50.96288662],[4.10663056,50.96288433],[4.10662424,50.96287441],[4.10661271,50.96285632],[4.10657006,50.96286605],[4.10659002,50.9628974],[4.10663202,50.96288662]]]}},{"type":"Feature","id":"gebouw/Gebouw.32035775/0","properties":{"source":"Digitaal Vlaanderen Gebouwenregister","source_id":"gebouw/Gebouw.32035775/0","kind":"building","height_m":6.44,"status":null},"geometry":{"type":"Polygon","coordinates":[[[4.11011565,50.96328341],[4.11009454,50.96323137],[4.11003893,50.96324037],[4.11006004,50.96329241],[4.11011565,50.96328341]]]}},{"type":"Feature","id":"gebouw/Gebouw.32035913/0","properties":{"source":"Digitaal Vlaanderen Gebouwenregister","source_id":"gebouw/Gebouw.32035913/0","kind":"building","height_m":5.0,"status":null},"geometry":{"type":"Polygon","coordinates":[[[4.11022347,50.96318743],[4.11026566,50.963195],[4.11027923,50.96316484],[4.11023704,50.96315727],[4.11022347,50.96318743]]]}},{"type":"Feature","id":"gebouw/Gebouw.32047437/0","properties":{"source":"Digitaal Vlaanderen Gebouwenregister","source_id":"gebouw/Gebouw.32047437/0","kind":"building","height_m":6.44,"status":null},"geometry":{"type":"Polygon","coordinates":[[[4.10980566,50.96598827],[4.10986078,50.96593922],[4.10988386,50.96594956],[4.10988793,50.96595139],[4.10991613,50.96592894],[4.10991206,50.96592711],[4.10982581,50.96588847],[4.10969935,50.96601189],[4.10978805,50.96605187],[4.10978842,50.96605204],[4.10983721,50.96600241],[4.10980566,50.96598827]]]}},{"type":"Feature","id":"way/96932343","properties":{"source":"OpenStreetMap","source_id":"way/96932343","kind":"vegetation","name":null,"waterway":null,"landuse":"forest"},"geometry":{"type":"Polygon","coordinates":[[[4.1071531,50.9667237],[4.108147,50.9664006],[4.1077624,50.965974],[4.1076427,50.9658736],[4.1074954,50.9657684],[4.1072415,50.9658785],[4.106881,50.9660087],[4.1071128,50.9662799],[4.1071531,50.9667237]]]}},{"type":"Feature","id":"way/160369073","properties":{"source":"OpenStreetMap","source_id":"way/160369073","kind":"vegetation","name":null,"waterway":null,"landuse":"forest"},"geometry":{"type":"Polygon","coordinates":[[[4.1086751,50.9696229],[4.1088104,50.9695058],[4.1095595,50.9688745],[4.1092982,50.9687167],[4.1092049,50.9685941],[4.1091703,50.9685521],[4.1092289,50.9685035],[4.1093169,50.9685572],[4.1093542,50.9686176],[4.1093676,50.9686562],[4.1097995,50.9686781],[4.1099994,50.9686008],[4.1102687,50.9684615],[4.11017,50.9682886],[4.1102247,50.9682758],[4.1103554,50.968493],[4.1086751,50.9696229]]]}},{"type":"Feature","id":"way/160369106","properties":{"source":"OpenStreetMap","source_id":"way/160369106","kind":"vegetation","name":null,"waterway":null,"landuse":"forest"},"geometry":{"type":"Polygon","coordinates":[[[4.1085572,50.9692531],[4.1085432,50.9695495],[4.1070874,50.9691208],[4.1070309,50.9691897],[4.1061417,50.9689441],[4.106441,50.9685565],[4.1065658,50.9684452],[4.1066199,50.9684322],[4.1067632,50.9682945],[4.1068838,50.9681616],[4.1072081,50.9680286],[4.1064389,50.9675395],[4.1070723,50.967143],[4.1073363,50.9671453],[4.1075276,50.9671422],[4.1076228,50.9671406],[4.1084634,50.9670326],[4.1085357,50.9672712],[4.1085654,50.9673852],[4.1085428,50.9675419],[4.1084749,50.9677199],[4.1084033,50.9677081],[4.1083354,50.9676392],[4.10757,50.9678007],[4.1073853,50.9678743],[4.1073928,50.9679455],[4.1074305,50.9680025],[4.1080262,50.9680381],[4.1080036,50.9682233],[4.1079244,50.9681996],[4.1078732,50.9684206],[4.1075554,50.9683743],[4.1075085,50.9684903],[4.1075851,50.9685035],[4.1075663,50.9685411],[4.1074305,50.9688121],[4.1079716,50.9689902],[4.1079282,50.9691018],[4.1079131,50.9691837],[4.1079169,50.9692466],[4.1080262,50.969287],[4.1081714,50.9692941],[4.1085572,50.9692531]]]}},{"type":"Feature","id":"way/160392598","properties":{"source":"OpenStreetMap","source_id":"way/160392598","kind":"vegetation","name":null,"waterway":null,"landuse":"forest"},"geometry":{"type":"Polygon","coordinates":[[[4.1118887,50.963128],[4.1121153,50.9633317],[4.1119305,50.9634051],[4.1117514,50.9634309],[4.111667,50.9636663],[4.1115492,50.9636566],[4.1114776,50.9640273],[4.1114008,50.9640257],[4.1114827,50.9635808],[4.1113598,50.9635534],[4.1113087,50.9635647],[4.1113266,50.9636147],[4.1113061,50.9636518],[4.1111858,50.9636534],[4.111267,50.9633988],[4.1113291,50.9634051],[4.1113778,50.9633149],[4.1117207,50.9633568],[4.1118,50.9632278],[4.1118887,50.963128]]]}},{"type":"Feature","id":"way/160392610","properties":{"source":"OpenStreetMap","source_id":"way/160392610","kind":"vegetation","name":null,"waterway":null,"landuse":"forest"},"geometry":{"type":"Polygon","coordinates":[[[4.1035875,50.9631461],[4.1044816,50.9632086],[4.1044798,50.9632587],[4.1044026,50.9632535],[4.1037196,50.9632074],[4.1036715,50.9634078],[4.1033016,50.9633891],[4.1028651,50.9643956],[4.1033911,50.9643687],[4.1035938,50.9643583],[4.103616,50.9644119],[4.1028799,50.9644678],[4.1032815,50.9648758],[4.1035014,50.9650992],[4.1029687,50.9653019],[4.1032344,50.9655764],[4.1031593,50.9656086],[4.1026469,50.9650805],[4.1017739,50.9654207],[4.1017332,50.9653787],[4.1023435,50.9651248],[4.1021623,50.9649897],[4.102203,50.9649617],[4.1020756,50.9648548],[4.1020103,50.9648186],[4.1018298,50.9646802],[4.1017696,50.9645945],[4.1013014,50.9642815],[4.1013956,50.964242],[4.1021123,50.964723],[4.10274,50.9643738],[4.1020129,50.9639817],[4.1027819,50.9630361],[4.1035352,50.9631843],[4.1035875,50.9631461]]]}},{"type":"Feature","id":"way/160392640","properties":{"source":"OpenStreetMap","source_id":"way/160392640","kind":"water","name":null,"waterway":null,"landuse":null},"geometry":{"type":"Polygon","coordinates":[[[4.1122649,50.9627269],[4.1121726,50.9628363],[4.1120839,50.9629081],[4.1120368,50.9629343],[4.1119536,50.9629012],[4.111883,50.9628739],[4.1118486,50.9628591],[4.1118505,50.9628146],[4.1118776,50.9627907],[4.1121762,50.9625422],[4.1122196,50.9625753],[4.1122884,50.9625753],[4.1123644,50.9625673],[4.112406,50.9625673],[4.112406,50.9625889],[4.1123662,50.9626288],[4.1123246,50.9626721],[4.1122649,50.9627269]]]}},{"type":"Feature","id":"way/160464711","properties":{"source":"OpenStreetMap","source_id":"way/160464711","kind":"vegetation","name":null,"waterway":null,"landuse":"forest"},"geometry":{"type":"Polygon","coordinates":[[[4.1118299,50.96495],[4.1117228,50.9649054],[4.1116407,50.9648721],[4.1111739,50.9647472],[4.1109884,50.96501],[4.1110679,50.9650329],[4.110952,50.965158],[4.1110845,50.9652102],[4.1110017,50.9653207],[4.1112786,50.9653973],[4.1114217,50.9652798],[4.1114868,50.9653137],[4.1117832,50.9651342],[4.1118864,50.9650663],[4.1118299,50.96495]]]}},{"type":"Feature","id":"way/160464736","properties":{"source":"OpenStreetMap","source_id":"way/160464736","kind":"vegetation","name":null,"waterway":null,"landuse":"forest"},"geometry":{"type":"Polygon","coordinates":[[[4.1107203,50.9654312],[4.1106871,50.965475],[4.1104653,50.9654145],[4.1104388,50.9655],[4.1104653,50.9655355],[4.1105415,50.9655084],[4.1106772,50.9655376],[4.1106342,50.9656147],[4.1111043,50.965769],[4.1110514,50.9658858],[4.1111143,50.9659004],[4.1109984,50.966013],[4.1111074,50.9660673],[4.1113274,50.9658354],[4.1111972,50.9657789],[4.1112174,50.9655541],[4.1111254,50.965523],[4.1107203,50.9654312]]]}},{"type":"Feature","id":"way/1077365765","properties":{"source":"OpenStreetMap","source_id":"way/1077365765","kind":"water","name":null,"waterway":null,"landuse":null},"geometry":{"type":"Polygon","coordinates":[[[4.1026253,50.9649161],[4.1026703,50.9649338],[4.1026958,50.9649466],[4.1027394,50.964983],[4.1027559,50.9649901],[4.1027755,50.9649921],[4.1027903,50.9649897],[4.1028099,50.9649823],[4.1028329,50.9649689],[4.1028553,50.9649583],[4.1028762,50.964944],[4.1028824,50.9649347],[4.1028852,50.9649236],[4.1028855,50.9649068],[4.1028811,50.9648972],[4.1028728,50.9648838],[4.1028604,50.9648777],[4.1028474,50.9648773],[4.1028298,50.9648806],[4.102801,50.9648894],[4.10278,50.9649035],[4.1027662,50.9649148],[4.1027456,50.9649195],[4.1027205,50.9649185],[4.1027064,50.9649126],[4.1026848,50.9648985],[4.1026789,50.9648697],[4.1026462,50.9648245],[4.1026444,50.9648197],[4.1026321,50.964816],[4.1026221,50.9648184],[4.1025895,50.9648213],[4.1025608,50.9648254],[4.1025326,50.9648431],[4.1025223,50.9648572],[4.1025229,50.9648683],[4.1025267,50.9648818],[4.1025446,50.9649054],[4.1025578,50.9649121],[4.1025816,50.9649143],[4.1026033,50.9649145],[4.1026253,50.9649161]]]}},{"type":"Feature","id":"way/1111603841","properties":{"source":"OpenStreetMap","source_id":"way/1111603841","kind":"water","name":null,"waterway":null,"landuse":null},"geometry":{"type":"Polygon","coordinates":[[[4.1070817,50.9686684],[4.1070939,50.9686837],[4.1071438,50.968706],[4.1071669,50.9687075],[4.1071937,50.9687006],[4.1072618,50.9687129],[4.1072837,50.968706],[4.1072886,50.9686975],[4.1073592,50.9686768],[4.1073847,50.9686531],[4.1073969,50.9686255],[4.1073933,50.9685987],[4.1073628,50.9685764],[4.1073373,50.9685703],[4.1072959,50.9685642],[4.1072922,50.9685573],[4.1072922,50.9685404],[4.107263,50.9685381],[4.1072229,50.9685634],[4.1072277,50.9685948],[4.1071255,50.9686493],[4.1070951,50.9686585],[4.1070817,50.9686684]]]}},{"type":"Feature","id":"way/1111603842","properties":{"source":"OpenStreetMap","source_id":"way/1111603842","kind":"water","name":null,"waterway":null,"landuse":null},"geometry":{"type":"Polygon","coordinates":[[[4.1087857,50.9675443],[4.1087888,50.9675601],[4.1087941,50.9675687],[4.1088327,50.967572],[4.1088479,50.9675734],[4.1088827,50.9675839],[4.1088963,50.9675858],[4.1089168,50.9675773],[4.1090615,50.9674714],[4.1090857,50.9674456],[4.1090895,50.9674127],[4.1090872,50.9673964],[4.1090676,50.9673788],[4.1090471,50.9673678],[4.1090122,50.9673545],[4.1089713,50.9673483],[4.1089365,50.9673483],[4.1089176,50.9673516],[4.1088842,50.9673793],[4.108863,50.9674041],[4.1088259,50.9674637],[4.1087857,50.9675443]]]}}]}