{"type":"FeatureCollection","features":[{"type":"Feature","id":"gebouw/Gebouw.15676118/0","properties":{"source":"Digitaal Vlaanderen Gebouwenregister","source_id":"gebouw/Gebouw.15676118/0","kind":"building","height_m":7.16,"status":null},"geometry":{"type":"Polygon","coordinates":[[[4.11364702,50.94765587],[4.11371611,50.94756944],[4.11372456,50.94757166],[4.11373556,50.94755489],[4.11373871,50.94755009],[4.11381395,50.9475698],[4.11379979,50.94759136],[4.11380723,50.94759331],[4.11368245,50.94774807],[4.1136084,50.94772481],[4.11365474,50.94765862],[4.11364702,50.94765587]]]}},{"type":"Feature","id":"gebouw/Gebouw.15697540/0","properties":{"source":"Digitaal Vlaanderen Gebouwenregister","source_id":"gebouw/Gebouw.15697540/0","kind":"building","height_m":8.6,"status":null},"geometry":{"type":"Polygon","coordinates":[[[4.11533641,50.94875946],[4.11526727,50.9487351],[4.11528347,50.94871675],[4.11519244,50.9486852],[4.11526733,50.94859899],[4.11533947,50.948624],[4.11533176,50.9486322],[4.115421,50.94866364],[4.11533641,50.94875946]]]}},{"type":"Feature","id":"gebouw/Gebouw.15716100/0","properties":{"source":"Digitaal Vlaanderen Gebouwenregister","source_id":"gebouw/Gebouw.15716100/0","kind":"building","height_m":5.72,"status":null},"geometry":{"type":"Polygon","coordinates":[[[4.11574726,50.94829974],[4.11589178,50.94810133],[4.11571596,50.94805023],[4.11573753,50.9480206],[4.11541295,50.94792814],[4.11532034,50.94794939],[4.11517213,50.94815435],[4.11556155,50.94826672],[4.11556719,50.94825987],[4.11558422,50.94826364],[4.11574595,50.94829945],[4.11574726,50.94829974]]]}},{"type":"Feature","id":"gebouw/Gebouw.15774718/0","properties":{"source":"Digitaal Vlaanderen Gebouwenregister","source_id":"gebouw/Gebouw.15774718/0","kind":"building","height_m":5.72,"status":null},"geometry":{"type":"Polygon","coordinates":[[[4.11348793,50.94754796],[4.11355588,50.9474515],[4.11367049,50.94748372],[4.11361105,50.94756513],[4.11354995,50.94754732],[4.11353932,50.94756241],[4.11348793,50.94754796]]]}},{"type":"Feature","id":"gebouw/Gebouw.15790711/0","properties":{"source":"Digitaal Vlaanderen Gebouwenregister","source_id":"gebouw/Gebouw.15790711/0","kind":"building","height_m":9.32,"status":null},"geometry":{"type":"Polygon","coordinates":[[[4.11354673,50.94714442],[4.11351987,50.94718213],[4.11347429,50.94716917],[4.11350115,50.94713147],[4.11354673,50.94714442]]]}},{"type":"Feature","id":"gebouw/Gebouw.15808602/0","properties":{"source":"Digitaal Vlaanderen Gebouwenregister","source_id":"gebouw/Gebouw.15808602/0","kind":"building","height_m":8.6,"status":null},"geometry":{"type":"Polygon","coordinates":[[[4.11434108,50.94754809],[4.11426597,50.94752649],[4.11429912,50.9474805],[4.11437422,50.94750211],[4.11434108,50.94754809]]]}},{"type":"Feature","id":"gebouw/Gebouw.15832011/0","properties":{"source":"Digitaal Vlaanderen Gebouwenregister","source_id":"gebouw/Gebouw.15832011/0","kind":"building","height_m":9.32,"status":null},"geometry":{"type":"Polygon","coordinates":[[[4.11465035,50.9478287],[4.11469166,50.94777417],[4.11474771,50.94779111],[4.11470641,50.94784564],[4.11465035,50.9478287]]]}},{"type":"Feature","id":"gebouw/Gebouw.15871015/0","properties":{"source":"Digitaal Vlaanderen Gebouwenregister","source_id":"gebouw/Gebouw.15871015/0","kind":"building","height_m":9.32,"status":null},"geometry":{"type":"Polygon","coordinates":[[[4.11492147,50.94845348],[4.11487511,50.94852516],[4.11471105,50.94848316],[4.11475759,50.94841119],[4.11492147,50.94845348]]]}},{"type":"Feature","id":"gebouw/Gebouw.15950090/0","properties":{"source":"Digitaal Vlaanderen Gebouwenregister","source_id":"gebouw/Gebouw.15950090/0","kind":"building","height_m":6.44,"status":null},"geometry":{"type":"Polygon","coordinates":[[[4.11354331,50.94814779],[4.11348888,50.94824713],[4.11343083,50.94823444],[4.11347211,50.9481591],[4.11341458,50.94814652],[4.11336017,50.94813462],[4.11341928,50.94802673],[4.11358927,50.94806389],[4.11354331,50.94814779]]]}},{"type":"Feature","id":"gebouw/Gebouw.15974369/0","properties":{"source":"Digitaal Vlaanderen Gebouwenregister","source_id":"gebouw/Gebouw.15974369/0","kind":"building","height_m":8.6,"status":null},"geometry":{"type":"Polygon","coordinates":[[[4.11443121,50.94778936],[4.11436627,50.94787262],[4.11427271,50.9478435],[4.11428115,50.94783194],[4.11422733,50.94781431],[4.11421013,50.94783574],[4.11411635,50.94780591],[4.11419596,50.94770606],[4.11425596,50.94772473],[4.11424963,50.94773285],[4.11433271,50.94775871],[4.11443121,50.94778936]]]}},{"type":"Feature","id":"gebouw/Gebouw.15987172/0","properties":{"source":"Digitaal Vlaanderen Gebouwenregister","source_id":"gebouw/Gebouw.15987172/0","kind":"building","height_m":8.6,"status":null},"geometry":{"type":"Polygon","coordinates":[[[4.11606366,50.9479496],[4.11602358,50.94799417],[4.11597188,50.94797561],[4.11597622,50.94797079],[4.11595589,50.94796349],[4.11598682,50.94792909],[4.11601084,50.94793771],[4.11601844,50.94792927],[4.11604203,50.94793773],[4.11603924,50.94794084],[4.11606366,50.9479496]]]}},{"type":"Feature","id":"gebouw/Gebouw.15992869/0","properties":{"source":"Digitaal Vlaanderen Gebouwenregister","source_id":"gebouw/Gebouw.15992869/0","kind":"building","height_m":7.88,"status":null},"geometry":{"type":"Polygon","coordinates":[[[4.11292267,50.94817729],[4.11288905,50.9481799],[4.11288196,50.94815397],[4.11287516,50.94815471],[4.11286803,50.94812867],[4.11293325,50.94812155],[4.11293887,50.94814647],[4.11291204,50.9481498],[4.11292267,50.94817729]]]}},{"type":"Feature","id":"gebouw/Gebouw.16093374/0","properties":{"source":"Digitaal Vlaanderen Gebouwenregister","source_id":"gebouw/Gebouw.16093374/0","kind":"building","height_m":7.16,"status":null},"geometry":{"type":"Polygon","coordinates":[[[4.11473881,50.94800776],[4.11482403,50.9478963],[4.11476996,50.9478798],[4.11474442,50.9479132],[4.11471631,50.94790462],[4.11465663,50.94798268],[4.11473881,50.94800776]]]}},{"type":"Feature","id":"gebouw/Gebouw.16102650/0","properties":{"source":"Digitaal Vlaanderen Gebouwenregister","source_id":"gebouw/Gebouw.16102650/0","kind":"building","height_m":7.88,"status":null},"geometry":{"type":"Polygon","coordinates":[[[4.1151154,50.94870221],[4.11515461,50.94865835],[4.11519732,50.94867358],[4.11515812,50.94871744],[4.1151154,50.94870221]]]}},{"type":"Feature","id":"gebouw/Gebouw.16108323/0","properties":{"source":"Digitaal Vlaanderen Gebouwenregister","source_id":"gebouw/Gebouw.16108323/0","kind":"building","height_m":5.0,"status":null},"geometry":{"type":"Polygon","coordinates":[[[4.11571596,50.94805023],[4.11589178,50.94810133],[4.11574726,50.94829974],[4.11574595,50.94829945],[4.11558422,50.94826364],[4.11556719,50.94825987],[4.11571596,50.94805023]]]}},{"type":"Feature","id":"gebouw/Gebouw.16194914/0","properties":{"source":"Digitaal Vlaanderen Gebouwenregister","source_id":"gebouw/Gebouw.16194914/0","kind":"building","height_m":5.72,"status":null},"geometry":{"type":"Polygon","coordinates":[[[4.11264013,50.94786087],[4.11260244,50.9479384],[4.1125887,50.94796666],[4.11256471,50.948016],[4.11248252,50.94800094],[4.11253288,50.94790391],[4.1125578,50.94784777],[4.11264013,50.94786087]]]}},{"type":"Feature","id":"gebouw/Gebouw.16208390/0","properties":{"source":"Digitaal Vlaanderen Gebouwenregister","source_id":"gebouw/Gebouw.16208390/0","kind":"building","height_m":6.44,"status":null},"geometry":{"type":"Polygon","coordinates":[[[4.11332583,50.94750151],[4.11326195,50.94748372],[4.11334497,50.9473648],[4.11335207,50.94736677],[4.11337054,50.94734032],[4.1134476,50.94736179],[4.11343064,50.94738608],[4.11347664,50.9473989],[4.11339212,50.94751998],[4.1133837,50.94751763],[4.11332583,50.94750151]]]}},{"type":"Feature","id":"gebouw/Gebouw.16219333/0","properties":{"source":"Digitaal Vlaanderen Gebouwenregister","source_id":"gebouw/Gebouw.16219333/0","kind":"building","height_m":7.88,"status":null},"geometry":{"type":"Polygon","coordinates":[[[4.1138282,50.9477086],[4.11388147,50.94764133],[4.11402034,50.94768455],[4.11396107,50.94775961],[4.11391055,50.94774369],[4.1139161,50.94773638],[4.1138282,50.9477086]]]}},{"type":"Feature","id":"gebouw/Gebouw.16219585/0","properties":{"source":"Digitaal Vlaanderen Gebouwenregister","source_id":"gebouw/Gebouw.16219585/0","kind":"building","height_m":7.88,"status":null},"geometry":{"type":"Polygon","coordinates":[[[4.11286049,50.94804173],[4.1127986,50.94802977],[4.11280942,50.94800427],[4.1127999,50.9480022],[4.11282752,50.94794646],[4.11282897,50.94794666],[4.11283904,50.94792659],[4.11290139,50.94793831],[4.11289966,50.94794225],[4.11290434,50.94794285],[4.11290395,50.94794377],[4.11292998,50.94794872],[4.11294051,50.94792704],[4.11298917,50.94793644],[4.11294398,50.94802979],[4.11287292,50.94801606],[4.11286049,50.94804173]]]}},{"type":"Feature","id":"gebouw/Gebouw.16226926/0","properties":{"source":"Digitaal Vlaanderen Gebouwenregister","source_id":"gebouw/Gebouw.16226926/0","kind":"building","height_m":6.44,"status":null},"geometry":{"type":"Polygon","coordinates":[[[4.11315123,50.94803106],[4.1131719,50.94799483],[4.11321668,50.94800502],[4.11322669,50.94798703],[4.11331092,50.94800527],[4.1132716,50.94807772],[4.11325175,50.94807342],[4.11321567,50.94813991],[4.11320986,50.94813865],[4.11319327,50.94816774],[4.11311003,50.9481488],[4.11312494,50.94812267],[4.11306553,50.94810915],[4.11309991,50.94804886],[4.11315004,50.94806027],[4.11316492,50.94803418],[4.11315123,50.94803106]]]}},{"type":"Feature","id":"gebouw/Gebouw.16261053/0","properties":{"source":"Digitaal Vlaanderen Gebouwenregister","source_id":"gebouw/Gebouw.16261053/0","kind":"building","height_m":7.88,"status":null},"geometry":{"type":"Polygon","coordinates":[[[4.11537994,50.94781715],[4.11551112,50.94764678],[4.11551739,50.94764871],[4.11554261,50.94761595],[4.11567663,50.94765713],[4.11565101,50.94768991],[4.11570655,50.94770712],[4.11557437,50.94787738],[4.11537994,50.94781715]]]}},{"type":"Feature","id":"gebouw/Gebouw.16265924/0","properties":{"source":"Digitaal Vlaanderen Gebouwenregister","source_id":"gebouw/Gebouw.16265924/0","kind":"building","height_m":7.16,"status":null},"geometry":{"type":"Polygon","coordinates":[[[4.11314862,50.94853976],[4.1131227,50.94857746],[4.11311824,50.94857632],[4.11308642,50.94856823],[4.11311077,50.94853001],[4.11314862,50.94853976]]]}},{"type":"Feature","id":"gebouw/Gebouw.16268744/0","properties":{"source":"Digitaal Vlaanderen Gebouwenregister","source_id":"gebouw/Gebouw.16268744/0","kind":"building","height_m":6.44,"status":null},"geometry":{"type":"Polygon","coordinates":[[[4.11295419,50.94822817],[4.11294959,50.94823736],[4.11292859,50.94827939],[4.11288541,50.94827078],[4.11290595,50.94822971],[4.11291102,50.94821956],[4.11295419,50.94822817]]]}},{"type":"Feature","id":"gebouw/Gebouw.16279300/0","properties":{"source":"Digitaal Vlaanderen Gebouwenregister","source_id":"gebouw/Gebouw.16279300/0","kind":"building","height_m":6.44,"status":null},"geometry":{"type":"Polygon","coordinates":[[[4.11414342,50.94851697],[4.11412005,50.94856222],[4.11408363,50.94855471],[4.11410699,50.94850947],[4.11414342,50.94851697]]]}},{"type":"Feature","id":"gebouw/Gebouw.16292940/0","properties":{"source":"Digitaal Vlaanderen Gebouwenregister","source_id":"gebouw/Gebouw.16292940/0","kind":"building","height_m":9.32,"status":null},"geometry":{"type":"Polygon","coordinates":[[[4.11374694,50.94731292],[4.11380266,50.9473264],[4.11378628,50.94735342],[4.11373056,50.94733995],[4.11374694,50.94731292]]]}},{"type":"Feature","id":"gebouw/Gebouw.16298274/0","properties":{"source":"Digitaal Vlaanderen Gebouwenregister","source_id":"gebouw/Gebouw.16298274/0","kind":"building","height_m":9.32,"status":null},"geometry":{"type":"Polygon","coordinates":[[[4.11368262,50.94849762],[4.11368223,50.94849841],[4.11349374,50.94837341],[4.11350829,50.94834356],[4.11351593,50.9483279],[4.11367604,50.94843407],[4.1136864,50.94841199],[4.11372047,50.94841838],[4.11370485,50.94845108],[4.11368262,50.94849762]]]}},{"type":"Feature","id":"gebouw/Gebouw.16320719/0","properties":{"source":"Digitaal Vlaanderen Gebouwenregister","source_id":"gebouw/Gebouw.16320719/0","kind":"building","height_m":6.44,"status":null},"geometry":{"type":"Polygon","coordinates":[[[4.11441314,50.94833678],[4.11435957,50.94843461],[4.11425171,50.94841058],[4.11421039,50.94840138],[4.11426365,50.94830411],[4.11441314,50.94833678]]]}},{"type":"Feature","id":"gebouw/Gebouw.16333502/0","properties":{"source":"Digitaal Vlaanderen Gebouwenregister","source_id":"gebouw/Gebouw.16333502/0","kind":"building","height_m":7.16,"status":null},"geometry":{"type":"Polygon","coordinates":[[[4.11228648,50.94739414],[4.11229206,50.94737927],[4.11263265,50.94742255],[4.11261343,50.94749515],[4.11260588,50.94749409],[4.11259217,50.9475347],[4.11253491,50.94752622],[4.11253182,50.9475347],[4.11245947,50.94752458],[4.11241839,50.94751883],[4.11236912,50.94751194],[4.11236824,50.94751385],[4.11231702,50.94750765],[4.11232001,50.94749983],[4.11226193,50.94749254],[4.11226568,50.94748055],[4.11227427,50.94745301],[4.11226496,50.94745148],[4.11228648,50.94739414]]]}},{"type":"Feature","id":"gebouw/Gebouw.16344724/0","properties":{"source":"Digitaal Vlaanderen Gebouwenregister","source_id":"gebouw/Gebouw.16344724/0","kind":"building","height_m":7.88,"status":null},"geometry":{"type":"Polygon","coordinates":[[[4.11245922,50.94819468],[4.11240984,50.9482018],[4.1123986,50.94817069],[4.11244797,50.94816357],[4.11245922,50.94819468]]]}},{"type":"Feature","id":"gebouw/Gebouw.16379723/0","properties":{"source":"Digitaal Vlaanderen Gebouwenregister","source_id":"gebouw/Gebouw.16379723/0","kind":"building","height_m":7.16,"status":null},"geometry":{"type":"Polygon","coordinates":[[[4.11456576,50.94857604],[4.11451943,50.94856538],[4.11451854,50.94856694],[4.11450505,50.94856384],[4.11449533,50.9485807],[4.11442396,50.94856428],[4.11444811,50.94852239],[4.11445709,50.94852445],[4.11453991,50.94837924],[4.11464708,50.94840389],[4.11462623,50.94844007],[4.11464655,50.94844474],[4.11458425,50.94855285],[4.11457972,50.94855181],[4.11456576,50.94857604]]]}},{"type":"Feature","id":"gebouw/Gebouw.16381873/0","properties":{"source":"Digitaal Vlaanderen Gebouwenregister","source_id":"gebouw/Gebouw.16381873/0","kind":"building","height_m":7.88,"status":null},"geometry":{"type":"Polygon","coordinates":[[[4.11273039,50.94729294],[4.11278955,50.94720835],[4.11286946,50.94723065],[4.11281029,50.94731524],[4.11273039,50.94729294]]]}},{"type":"Feature","id":"gebouw/Gebouw.16405379/0","properties":{"source":"Digitaal Vlaanderen Gebouwenregister","source_id":"gebouw/Gebouw.16405379/0","kind":"building","height_m":7.88,"status":null},"geometry":{"type":"Polygon","coordinates":[[[4.11467469,50.94784843],[4.11462767,50.94783323],[4.11462126,50.94784114],[4.11454178,50.94781544],[4.11446607,50.94790712],[4.11447425,50.94790982],[4.11447026,50.94791517],[4.11451161,50.94792785],[4.11451599,50.94792282],[4.11459397,50.94794804],[4.11467469,50.94784843]]]}},{"type":"Feature","id":"gebouw/Gebouw.16414161/0","properties":{"source":"Digitaal Vlaanderen Gebouwenregister","source_id":"gebouw/Gebouw.16414161/0","kind":"building","height_m":5.72,"status":null},"geometry":{"type":"Polygon","coordinates":[[[4.11438272,50.94855906],[4.11443083,50.94856724],[4.11441014,50.94861579],[4.11436204,50.94860761],[4.11438272,50.94855906]]]}},{"type":"Feature","id":"gebouw/Gebouw.16427649/0","properties":{"source":"Digitaal Vlaanderen Gebouwenregister","source_id":"gebouw/Gebouw.16427649/0","kind":"building","height_m":5.0,"status":null},"geometry":{"type":"Polygon","coordinates":[[[4.1138961,50.94753984],[4.11386722,50.94757882],[4.11383603,50.94756947],[4.11386527,50.94753058],[4.1138961,50.94753984]]]}},{"type":"Feature","id":"gebouw/Gebouw.16487430/0","properties":{"source":"Digitaal Vlaanderen Gebouwenregister","source_id":"gebouw/Gebouw.16487430/0","kind":"building","height_m":5.72,"status":null},"geometry":{"type":"Polygon","coordinates":[[[4.11383449,50.94750503],[4.1137828,50.9474894],[4.11381006,50.94745342],[4.11386175,50.94746905],[4.11383449,50.94750503]]]}},{"type":"Feature","id":"gebouw/Gebouw.16559938/0","properties":{"source":"Digitaal Vlaanderen Gebouwenregister","source_id":"gebouw/Gebouw.16559938/0","kind":"building","height_m":7.16,"status":null},"geometry":{"type":"Polygon","coordinates":[[[4.11371814,50.94423796],[4.11376872,50.94427061],[4.1137362,50.94429073],[4.11368561,50.94425808],[4.11371814,50.94423796]]]}},{"type":"Feature","id":"gebouw/Gebouw.16559949/0","properties":{"source":"Digitaal Vlaanderen Gebouwenregister","source_id":"gebouw/Gebouw.16559949/0","kind":"building","height_m":5.0,"status":null},"geometry":{"type":"Polygon","coordinates":[[[4.1174855,50.9438329],[4.11752194,50.94386],[4.11747872,50.9438832],[4.11744229,50.9438561],[4.1174855,50.9438329]]]}},{"type":"Feature","id":"gebouw/Gebouw.16560013/0","properties":{"source":"Digitaal Vlaanderen Gebouwenregister","source_id":"gebouw/Gebouw.16560013/0","kind":"building","height_m":5.72,"status":null},"geometry":{"type":"Polygon","coordinates":[[[4.11721923,50.94227973],[4.11719569,50.94230247],[4.11719097,50.94230053],[4.11714847,50.94228297],[4.1171511,50.94228043],[4.11717201,50.94226022],[4.11721923,50.94227973]]]}},{"type":"Feature","id":"gebouw/Gebouw.16560028/0","properties":{"source":"Digitaal Vlaanderen Gebouwenregister","source_id":"gebouw/Gebouw.16560028/0","kind":"building","height_m":6.44,"status":null},"geometry":{"type":"Polygon","coordinates":[[[4.11848598,50.94401608],[4.11850347,50.94402209],[4.11856901,50.943946],[4.11862534,50.94396537],[4.1185617,50.94403924],[4.11860217,50.94405316],[4.11856098,50.94410097],[4.11851737,50.94408598],[4.11850792,50.94409695],[4.11843725,50.94407266],[4.11848598,50.94401608]]]}},{"type":"Feature","id":"gebouw/Gebouw.16560040/0","properties":{"source":"Digitaal Vlaanderen Gebouwenregister","source_id":"gebouw/Gebouw.16560040/0","kind":"building","height_m":5.0,"status":null},"geometry":{"type":"Polygon","coordinates":[[[4.11953661,50.94557918],[4.11937391,50.9457155],[4.11930399,50.9456822],[4.11940995,50.94559342],[4.1194473,50.94556213],[4.11946669,50.94554588],[4.11953661,50.94557918]]]}},{"type":"Feature","id":"gebouw/Gebouw.16560041/0","properties":{"source":"Digitaal Vlaanderen Gebouwenregister","source_id":"gebouw/Gebouw.16560041/0","kind":"building","height_m":5.72,"status":null},"geometry":{"type":"Polygon","coordinates":[[[4.11367045,50.94426626],[4.11371966,50.94429901],[4.1136685,50.94432964],[4.11361801,50.94429738],[4.11367045,50.94426626]]]}},{"type":"Feature","id":"gebouw/Gebouw.16560044/0","properties":{"source":"Digitaal Vlaanderen Gebouwenregister","source_id":"gebouw/Gebouw.16560044/0","kind":"building","height_m":7.88,"status":null},"geometry":{"type":"Polygon","coordinates":[[[4.11393277,50.94404196],[4.1139848,50.94407631],[4.11395545,50.94409683],[4.11390033,50.94406229],[4.11393277,50.94404196]]]}},{"type":"Feature","id":"gebouw/Gebouw.16560078/0","properties":{"source":"Digitaal Vlaanderen Gebouwenregister","source_id":"gebouw/Gebouw.16560078/0","kind":"building","height_m":7.16,"status":null},"geometry":{"type":"Polygon","coordinates":[[[4.11483926,50.94333163],[4.11482067,50.94329746],[4.11488983,50.94328244],[4.11490843,50.94331661],[4.11483926,50.94333163]]]}},{"type":"Feature","id":"gebouw/Gebouw.16560125/0","properties":{"source":"Digitaal Vlaanderen Gebouwenregister","source_id":"gebouw/Gebouw.16560125/0","kind":"building","height_m":5.72,"status":null},"geometry":{"type":"Polygon","coordinates":[[[4.11676795,50.94361416],[4.11679776,50.94359845],[4.11687758,50.9436589],[4.11684776,50.94367461],[4.11676795,50.94361416]]]}},{"type":"Feature","id":"gebouw/Gebouw.16560157/0","properties":{"source":"Digitaal Vlaanderen Gebouwenregister","source_id":"gebouw/Gebouw.16560157/0","kind":"building","height_m":8.6,"status":null},"geometry":{"type":"Polygon","coordinates":[[[4.12200014,50.943891],[4.12203673,50.94386199],[4.12211303,50.94390039],[4.12207644,50.94392941],[4.12200014,50.943891]]]}},{"type":"Feature","id":"gebouw/Gebouw.16560165/0","properties":{"source":"Digitaal Vlaanderen Gebouwenregister","source_id":"gebouw/Gebouw.16560165/0","kind":"building","height_m":9.32,"status":null},"geometry":{"type":"Polygon","coordinates":[[[4.11807418,50.94442184],[4.11812433,50.94439062],[4.11805629,50.94434767],[4.11800614,50.94437803],[4.11807418,50.94442184]]]}},{"type":"Feature","id":"gebouw/Gebouw.16560168/0","properties":{"source":"Digitaal Vlaanderen Gebouwenregister","source_id":"gebouw/Gebouw.16560168/0","kind":"building","height_m":6.44,"status":null},"geometry":{"type":"Polygon","coordinates":[[[4.11336391,50.94586307],[4.11333665,50.94588611],[4.11325714,50.94584858],[4.11328339,50.94582642],[4.11336391,50.94586307]]]}},{"type":"Feature","id":"gebouw/Gebouw.16560181/0","properties":{"source":"Digitaal Vlaanderen Gebouwenregister","source_id":"gebouw/Gebouw.16560181/0","kind":"building","height_m":5.72,"status":null},"geometry":{"type":"Polygon","coordinates":[[[4.112744,50.94525982],[4.11280315,50.9452118],[4.11284871,50.9452342],[4.11278956,50.94528222],[4.112744,50.94525982]]]}},{"type":"Feature","id":"gebouw/Gebouw.16560183/0","properties":{"source":"Digitaal Vlaanderen Gebouwenregister","source_id":"gebouw/Gebouw.16560183/0","kind":"building","height_m":7.16,"status":null},"geometry":{"type":"Polygon","coordinates":[[[4.11275352,50.94575671],[4.1127504,50.94575945],[4.11261064,50.94569536],[4.11266497,50.94564807],[4.11274539,50.94568495],[4.11273364,50.94569502],[4.11275706,50.94570534],[4.11275868,50.94570426],[4.11276379,50.94570708],[4.1127651,50.94570607],[4.1127955,50.94571994],[4.11278268,50.94573117],[4.11275352,50.94575671]]]}},{"type":"Feature","id":"gebouw/Gebouw.16560340/0","properties":{"source":"Digitaal Vlaanderen Gebouwenregister","source_id":"gebouw/Gebouw.16560340/0","kind":"building","height_m":9.32,"status":null},"geometry":{"type":"Polygon","coordinates":[[[4.11791008,50.94452885],[4.1179845,50.9444848],[4.11800852,50.94450099],[4.11795988,50.94452978],[4.11795747,50.94452815],[4.11793168,50.94454341],[4.11791008,50.94452885]]]}},{"type":"Feature","id":"gebouw/Gebouw.16560403/0","properties":{"source":"Digitaal Vlaanderen Gebouwenregister","source_id":"gebouw/Gebouw.16560403/0","kind":"building","height_m":9.32,"status":null},"geometry":{"type":"Polygon","coordinates":[[[4.11943141,50.94461681],[4.11945815,50.94463109],[4.11946756,50.94462406],[4.11948744,50.94463468],[4.11947746,50.94464214],[4.11948063,50.94464384],[4.11942191,50.94468773],[4.11937211,50.94466114],[4.11943141,50.94461681]]]}},{"type":"Feature","id":"gebouw/Gebouw.16560415/0","properties":{"source":"Digitaal Vlaanderen Gebouwenregister","source_id":"gebouw/Gebouw.16560415/0","kind":"building","height_m":7.88,"status":null},"geometry":{"type":"Polygon","coordinates":[[[4.12202689,50.94618033],[4.12203121,50.94618674],[4.12200369,50.94619415],[4.12194556,50.94620979],[4.12194167,50.94620403],[4.12193156,50.94618903],[4.12201721,50.94616598],[4.12202689,50.94618033]]]}},{"type":"Feature","id":"gebouw/Gebouw.16560420/0","properties":{"source":"Digitaal Vlaanderen Gebouwenregister","source_id":"gebouw/Gebouw.16560420/0","kind":"building","height_m":6.44,"status":null},"geometry":{"type":"Polygon","coordinates":[[[4.11671164,50.94393424],[4.11670704,50.94393645],[4.11668514,50.94394698],[4.11659894,50.94387539],[4.11661284,50.94386871],[4.11662543,50.94386266],[4.11671164,50.94393424]]]}},{"type":"Feature","id":"gebouw/Gebouw.16560432/0","properties":{"source":"Digitaal Vlaanderen Gebouwenregister","source_id":"gebouw/Gebouw.16560432/0","kind":"building","height_m":5.0,"status":null},"geometry":{"type":"Polygon","coordinates":[[[4.11875135,50.94446271],[4.11872878,50.94448619],[4.11864202,50.94444794],[4.11866686,50.94442546],[4.11875135,50.94446271]]]}},{"type":"Feature","id":"gebouw/Gebouw.16560434/0","properties":{"source":"Digitaal Vlaanderen Gebouwenregister","source_id":"gebouw/Gebouw.16560434/0","kind":"building","height_m":6.44,"status":null},"geometry":{"type":"Polygon","coordinates":[[[4.12030418,50.94597682],[4.12034384,50.9460137],[4.12034692,50.94601237],[4.12035774,50.94602243],[4.12030225,50.94604625],[4.12025177,50.94599931],[4.12030418,50.94597682]]]}},{"type":"Feature","id":"gebouw/Gebouw.16560447/0","properties":{"source":"Digitaal Vlaanderen Gebouwenregister","source_id":"gebouw/Gebouw.16560447/0","kind":"building","height_m":5.72,"status":null},"geometry":{"type":"Polygon","coordinates":[[[4.11906741,50.94423852],[4.11902636,50.94426623],[4.11899225,50.94424607],[4.11903331,50.94421836],[4.11906741,50.94423852]]]}},{"type":"Feature","id":"gebouw/Gebouw.16560462/0","properties":{"source":"Digitaal Vlaanderen Gebouwenregister","source_id":"gebouw/Gebouw.16560462/0","kind":"building","height_m":6.44,"status":null},"geometry":{"type":"Polygon","coordinates":[[[4.12284492,50.9471052],[4.1229009,50.94713558],[4.12287988,50.94715104],[4.1228239,50.94712066],[4.12284492,50.9471052]]]}},{"type":"Feature","id":"gebouw/Gebouw.16560484/0","properties":{"source":"Digitaal Vlaanderen Gebouwenregister","source_id":"gebouw/Gebouw.16560484/0","kind":"building","height_m":7.16,"status":null},"geometry":{"type":"Polygon","coordinates":[[[4.11371002,50.94545913],[4.113566,50.94539492],[4.11352499,50.94543163],[4.11359511,50.94546289],[4.11359085,50.94546688],[4.1135843,50.94547301],[4.11355812,50.94549752],[4.11355733,50.94549826],[4.11363355,50.94553076],[4.11371002,50.94545913]]]}},{"type":"Feature","id":"gebouw/Gebouw.16560507/0","properties":{"source":"Digitaal Vlaanderen Gebouwenregister","source_id":"gebouw/Gebouw.16560507/0","kind":"building","height_m":8.6,"status":null},"geometry":{"type":"Polygon","coordinates":[[[4.11655992,50.94280665],[4.11645358,50.94285356],[4.11637896,50.94278605],[4.1164853,50.94273913],[4.11655992,50.94280665]]]}},{"type":"Feature","id":"gebouw/Gebouw.16560535/0","properties":{"source":"Digitaal Vlaanderen Gebouwenregister","source_id":"gebouw/Gebouw.16560535/0","kind":"building","height_m":8.6,"status":null},"geometry":{"type":"Polygon","coordinates":[[[4.12283276,50.9475722],[4.12289064,50.94753178],[4.12293349,50.94755627],[4.12287561,50.94759669],[4.12283276,50.9475722]]]}},{"type":"Feature","id":"gebouw/Gebouw.16560587/0","properties":{"source":"Digitaal Vlaanderen Gebouwenregister","source_id":"gebouw/Gebouw.16560587/0","kind":"building","height_m":5.72,"status":null},"geometry":{"type":"Polygon","coordinates":[[[4.11261773,50.94511394],[4.11264801,50.94508847],[4.11271636,50.9451209],[4.11268607,50.94514637],[4.11261773,50.94511394]]]}},{"type":"Feature","id":"gebouw/Gebouw.16560596/0","properties":{"source":"Digitaal Vlaanderen Gebouwenregister","source_id":"gebouw/Gebouw.16560596/0","kind":"building","height_m":7.16,"status":null},"geometry":{"type":"Polygon","coordinates":[[[4.117408,50.94237608],[4.1173832,50.94239738],[4.11737861,50.94240132],[4.11734406,50.94238526],[4.11734964,50.94238047],[4.11737345,50.94236003],[4.117408,50.94237608]]]}},{"type":"Feature","id":"gebouw/Gebouw.16560613/0","properties":{"source":"Digitaal Vlaanderen Gebouwenregister","source_id":"gebouw/Gebouw.16560613/0","kind":"building","height_m":9.32,"status":null},"geometry":{"type":"Polygon","coordinates":[[[4.11456197,50.9455705],[4.11455411,50.94557893],[4.11454106,50.94557408],[4.11452089,50.94556657],[4.11451233,50.94557576],[4.11443331,50.94554636],[4.11445841,50.94551943],[4.11447034,50.94550664],[4.11453968,50.94553243],[4.11453278,50.94553984],[4.11456394,50.94555143],[4.11457568,50.9455558],[4.11456197,50.9455705]]]}},{"type":"Feature","id":"gebouw/Gebouw.16560647/0","properties":{"source":"Digitaal Vlaanderen Gebouwenregister","source_id":"gebouw/Gebouw.16560647/0","kind":"building","height_m":8.6,"status":null},"geometry":{"type":"Polygon","coordinates":[[[4.11942599,50.94469334],[4.11934621,50.94466413],[4.11931088,50.94470016],[4.1193793,50.94472619],[4.11942599,50.94469334]]]}},{"type":"Feature","id":"gebouw/Gebouw.16560650/0","properties":{"source":"Digitaal Vlaanderen Gebouwenregister","source_id":"gebouw/Gebouw.16560650/0","kind":"building","height_m":5.72,"status":null},"geometry":{"type":"Polygon","coordinates":[[[4.11338744,50.94531532],[4.11345846,50.94534724],[4.11340454,50.94540663],[4.11333788,50.94538247],[4.1133293,50.94537936],[4.11338744,50.94531532]]]}},{"type":"Feature","id":"gebouw/Gebouw.16560655/0","properties":{"source":"Digitaal Vlaanderen Gebouwenregister","source_id":"gebouw/Gebouw.16560655/0","kind":"building","height_m":9.32,"status":null},"geometry":{"type":"Polygon","coordinates":[[[4.11813366,50.94386712],[4.11823502,50.94378836],[4.11827511,50.94380938],[4.11821533,50.94385476],[4.11817296,50.94388693],[4.11813366,50.94386712]]]}},{"type":"Feature","id":"gebouw/Gebouw.16560658/0","properties":{"source":"Digitaal Vlaanderen Gebouwenregister","source_id":"gebouw/Gebouw.16560658/0","kind":"building","height_m":6.44,"status":null},"geometry":{"type":"Polygon","coordinates":[[[4.12019271,50.94597877],[4.1201699,50.9459888],[4.12013621,50.94595823],[4.12021655,50.9459229],[4.12024391,50.94594773],[4.12019645,50.94596861],[4.12018945,50.94596225],[4.12017939,50.94596668],[4.12019271,50.94597877]]]}},{"type":"Feature","id":"gebouw/Gebouw.16560791/0","properties":{"source":"Digitaal Vlaanderen Gebouwenregister","source_id":"gebouw/Gebouw.16560791/0","kind":"building","height_m":6.44,"status":null},"geometry":{"type":"Polygon","coordinates":[[[4.12158826,50.94654872],[4.12151614,50.9465744],[4.12149559,50.94655157],[4.12156363,50.94652424],[4.12158826,50.94654872]]]}},{"type":"Feature","id":"gebouw/Gebouw.16560793/0","properties":{"source":"Digitaal Vlaanderen Gebouwenregister","source_id":"gebouw/Gebouw.16560793/0","kind":"building","height_m":7.88,"status":null},"geometry":{"type":"Polygon","coordinates":[[[4.12128256,50.94455874],[4.12131895,50.94453074],[4.12138714,50.94456612],[4.12135074,50.94459412],[4.12128256,50.94455874]]]}},{"type":"Feature","id":"gebouw/Gebouw.16560794/0","properties":{"source":"Digitaal Vlaanderen Gebouwenregister","source_id":"gebouw/Gebouw.16560794/0","kind":"building","height_m":8.6,"status":null},"geometry":{"type":"Polygon","coordinates":[[[4.11354664,50.94454927],[4.11357745,50.9445293],[4.11363004,50.94456167],[4.11359924,50.94458164],[4.11354664,50.94454927]]]}},{"type":"Feature","id":"gebouw/Gebouw.16560859/0","properties":{"source":"Digitaal Vlaanderen Gebouwenregister","source_id":"gebouw/Gebouw.16560859/0","kind":"building","height_m":5.0,"status":null},"geometry":{"type":"Polygon","coordinates":[[[4.11536719,50.94312911],[4.11539759,50.94311767],[4.11543963,50.94316226],[4.11540923,50.9431737],[4.11536719,50.94312911]]]}},{"type":"Feature","id":"gebouw/Gebouw.16560864/0","properties":{"source":"Digitaal Vlaanderen Gebouwenregister","source_id":"gebouw/Gebouw.16560864/0","kind":"building","height_m":8.6,"status":null},"geometry":{"type":"Polygon","coordinates":[[[4.12214779,50.94604786],[4.12218762,50.94610891],[4.12208848,50.94613473],[4.12204864,50.94607368],[4.12214779,50.94604786]]]}},{"type":"Feature","id":"gebouw/Gebouw.16560871/0","properties":{"source":"Digitaal Vlaanderen Gebouwenregister","source_id":"gebouw/Gebouw.16560871/0","kind":"building","height_m":8.6,"status":null},"geometry":{"type":"Polygon","coordinates":[[[4.11946872,50.94612533],[4.11953615,50.94609768],[4.11956039,50.94612128],[4.11949296,50.94614893],[4.11946872,50.94612533]]]}},{"type":"Feature","id":"gebouw/Gebouw.16562933/0","properties":{"source":"Digitaal Vlaanderen Gebouwenregister","source_id":"gebouw/Gebouw.16562933/0","kind":"building","height_m":6.44,"status":null},"geometry":{"type":"Polygon","coordinates":[[[4.12231911,50.94303477],[4.12228405,50.94310374],[4.12222042,50.94309083],[4.12225548,50.94302186],[4.12231911,50.94303477]]]}},{"type":"Feature","id":"gebouw/Gebouw.16563093/0","properties":{"source":"Digitaal Vlaanderen Gebouwenregister","source_id":"gebouw/Gebouw.16563093/0","kind":"building","height_m":5.72,"status":null},"geometry":{"type":"Polygon","coordinates":[[[4.1192394,50.94257142],[4.11931055,50.94260369],[4.11926627,50.94264266],[4.11919512,50.94261039],[4.1192394,50.94257142]]]}},{"type":"Feature","id":"gebouw/Gebouw.16563108/0","properties":{"source":"Digitaal Vlaanderen Gebouwenregister","source_id":"gebouw/Gebouw.16563108/0","kind":"building","height_m":6.44,"status":null},"geometry":{"type":"Polygon","coordinates":[[[4.11796739,50.9430781],[4.11803006,50.94311326],[4.11800219,50.94313309],[4.11793952,50.94309793],[4.11796739,50.9430781]]]}},{"type":"Feature","id":"gebouw/Gebouw.16563419/0","properties":{"source":"Digitaal Vlaanderen Gebouwenregister","source_id":"gebouw/Gebouw.16563419/0","kind":"building","height_m":8.6,"status":null},"geometry":{"type":"Polygon","coordinates":[[[4.12039537,50.94604564],[4.12042674,50.94607657],[4.12029721,50.94612898],[4.12026585,50.94609804],[4.12039537,50.94604564]]]}},{"type":"Feature","id":"gebouw/Gebouw.16563428/0","properties":{"source":"Digitaal Vlaanderen Gebouwenregister","source_id":"gebouw/Gebouw.16563428/0","kind":"building","height_m":5.0,"status":null},"geometry":{"type":"Polygon","coordinates":[[[4.1159172,50.94612349],[4.11588325,50.94614283],[4.11589547,50.9461514],[4.11586861,50.9461667],[4.1158636,50.94616955],[4.11582385,50.9461417],[4.11581184,50.94613328],[4.11581643,50.94613067],[4.11582285,50.94612701],[4.11580124,50.94611572],[4.11585953,50.94608309],[4.1159172,50.94612349]]]}},{"type":"Feature","id":"gebouw/Gebouw.16563440/0","properties":{"source":"Digitaal Vlaanderen Gebouwenregister","source_id":"gebouw/Gebouw.16563440/0","kind":"building","height_m":8.6,"status":null},"geometry":{"type":"Polygon","coordinates":[[[4.113666,50.94438516],[4.11362912,50.94436283],[4.1135909,50.94438552],[4.11362939,50.94440905],[4.113666,50.94438516]]]}},{"type":"Feature","id":"gebouw/Gebouw.16563581/0","properties":{"source":"Digitaal Vlaanderen Gebouwenregister","source_id":"gebouw/Gebouw.16563581/0","kind":"building","height_m":9.32,"status":null},"geometry":{"type":"Polygon","coordinates":[[[4.11540197,50.94295339],[4.11533597,50.94299527],[4.11536265,50.94301491],[4.11533341,50.94303076],[4.11528018,50.94299156],[4.11537121,50.94293398],[4.11540197,50.94295339]]]}},{"type":"Feature","id":"gebouw/Gebouw.16563582/0","properties":{"source":"Digitaal Vlaanderen Gebouwenregister","source_id":"gebouw/Gebouw.16563582/0","kind":"building","height_m":5.0,"status":null},"geometry":{"type":"Polygon","coordinates":[[[4.1163252,50.94279794],[4.11622993,50.94283562],[4.11625368,50.94286039],[4.11621459,50.94287535],[4.11619227,50.94285295],[4.11613907,50.94279957],[4.11621616,50.94276966],[4.11621327,50.94276693],[4.11617228,50.9427282],[4.11621473,50.94270973],[4.1162557,50.94274827],[4.11625853,50.94275093],[4.11626729,50.94274773],[4.1163252,50.94279794]]]}},{"type":"Feature","id":"gebouw/Gebouw.16563596/0","properties":{"source":"Digitaal Vlaanderen Gebouwenregister","source_id":"gebouw/Gebouw.16563596/0","kind":"building","height_m":5.0,"status":null},"geometry":{"type":"Polygon","coordinates":[[[4.11573778,50.94301381],[4.1157642,50.94300333],[4.11582197,50.94306147],[4.11579555,50.94307195],[4.11573778,50.94301381]]]}},{"type":"Feature","id":"gebouw/Gebouw.16563610/0","properties":{"source":"Digitaal Vlaanderen Gebouwenregister","source_id":"gebouw/Gebouw.16563610/0","kind":"building","height_m":5.0,"status":null},"geometry":{"type":"Polygon","coordinates":[[[4.11859898,50.94381326],[4.11848378,50.94393798],[4.11845043,50.94392569],[4.11856564,50.94380097],[4.11859898,50.94381326]]]}},{"type":"Feature","id":"gebouw/Gebouw.16563617/0","properties":{"source":"Digitaal Vlaanderen Gebouwenregister","source_id":"gebouw/Gebouw.16563617/0","kind":"building","height_m":5.0,"status":null},"geometry":{"type":"Polygon","coordinates":[[[4.11531151,50.94346382],[4.11536093,50.9434479],[4.11535859,50.943445],[4.11540036,50.94343155],[4.11544049,50.94348127],[4.1153493,50.94351065],[4.11531151,50.94346382]]]}},{"type":"Feature","id":"gebouw/Gebouw.16563621/0","properties":{"source":"Digitaal Vlaanderen Gebouwenregister","source_id":"gebouw/Gebouw.16563621/0","kind":"building","height_m":7.88,"status":null},"geometry":{"type":"Polygon","coordinates":[[[4.11902343,50.94213961],[4.11899535,50.94216769],[4.11890151,50.94213021],[4.11892959,50.94210214],[4.11902343,50.94213961]]]}},{"type":"Feature","id":"gebouw/Gebouw.16563622/0","properties":{"source":"Digitaal Vlaanderen Gebouwenregister","source_id":"gebouw/Gebouw.16563622/0","kind":"building","height_m":8.6,"status":null},"geometry":{"type":"Polygon","coordinates":[[[4.12024504,50.94563872],[4.1202849,50.94567112],[4.1202475,50.94568948],[4.12026162,50.94570096],[4.1201944,50.94573397],[4.12017753,50.94572025],[4.12011889,50.94574828],[4.1200821,50.94571687],[4.12014125,50.9456885],[4.12024504,50.94563872]]]}},{"type":"Feature","id":"gebouw/Gebouw.16563631/0","properties":{"source":"Digitaal Vlaanderen Gebouwenregister","source_id":"gebouw/Gebouw.16563631/0","kind":"building","height_m":5.0,"status":null},"geometry":{"type":"Polygon","coordinates":[[[4.11885725,50.9445617],[4.11889618,50.94452632],[4.11883864,50.94450105],[4.11875687,50.94446513],[4.11875135,50.94446271],[4.11872878,50.94448619],[4.118702,50.94451405],[4.11864289,50.94457555],[4.1187912,50.94463138],[4.11885725,50.9445617]]]}},{"type":"Feature","id":"gebouw/Gebouw.16563703/0","properties":{"source":"Digitaal Vlaanderen Gebouwenregister","source_id":"gebouw/Gebouw.16563703/0","kind":"building","height_m":6.44,"status":null},"geometry":{"type":"Polygon","coordinates":[[[4.11464473,50.94316616],[4.11458996,50.94319075],[4.11453724,50.94314388],[4.11459201,50.94311929],[4.11464473,50.94316616]]]}},{"type":"Feature","id":"gebouw/Gebouw.16563704/0","properties":{"source":"Digitaal Vlaanderen Gebouwenregister","source_id":"gebouw/Gebouw.16563704/0","kind":"building","height_m":7.16,"status":null},"geometry":{"type":"Polygon","coordinates":[[[4.11615962,50.94328894],[4.11618636,50.94331764],[4.11615699,50.94332855],[4.11612872,50.94330044],[4.11608906,50.94326712],[4.11607677,50.94327258],[4.11603691,50.94323433],[4.11602686,50.94323881],[4.11601025,50.94322244],[4.11597739,50.94323682],[4.11595968,50.94322209],[4.11595297,50.94322517],[4.11591711,50.94319034],[4.11591047,50.94318389],[4.11595559,50.94316599],[4.11591156,50.94311929],[4.11596762,50.94309677],[4.11601255,50.94314249],[4.11603779,50.94313341],[4.11604666,50.94314224],[4.11606786,50.94316335],[4.11608608,50.94318148],[4.11612358,50.94316615],[4.11615352,50.94319654],[4.11609538,50.94321998],[4.11615962,50.94328894]]]}},{"type":"Feature","id":"gebouw/Gebouw.16563716/0","properties":{"source":"Digitaal Vlaanderen Gebouwenregister","source_id":"gebouw/Gebouw.16563716/0","kind":"building","height_m":5.72,"status":null},"geometry":{"type":"Polygon","coordinates":[[[4.12096756,50.94569736],[4.12103347,50.94566123],[4.12105595,50.9456776],[4.12099004,50.94571373],[4.12096756,50.94569736]]]}},{"type":"Feature","id":"gebouw/Gebouw.16563788/0","properties":{"source":"Digitaal Vlaanderen Gebouwenregister","source_id":"gebouw/Gebouw.16563788/0","kind":"building","height_m":7.16,"status":null},"geometry":{"type":"Polygon","coordinates":[[[4.12074282,50.94717762],[4.12078162,50.94720171],[4.12072355,50.94723904],[4.12065152,50.94719431],[4.12073499,50.94714066],[4.12076822,50.94716129],[4.12074282,50.94717762]]]}},{"type":"Feature","id":"gebouw/Gebouw.16564077/0","properties":{"source":"Digitaal Vlaanderen Gebouwenregister","source_id":"gebouw/Gebouw.16564077/0","kind":"building","height_m":8.6,"status":null},"geometry":{"type":"Polygon","coordinates":[[[4.11973249,50.9448153],[4.11967563,50.94485385],[4.11964441,50.94483548],[4.11970128,50.94479692],[4.11973249,50.9448153]]]}},{"type":"Feature","id":"gebouw/Gebouw.16564090/0","properties":{"source":"Digitaal Vlaanderen Gebouwenregister","source_id":"gebouw/Gebouw.16564090/0","kind":"building","height_m":7.88,"status":null},"geometry":{"type":"Polygon","coordinates":[[[4.11419657,50.94453832],[4.1141414,50.94457493],[4.11401087,50.94449503],[4.1140655,50.9444595],[4.11419657,50.94453832]]]}},{"type":"Feature","id":"gebouw/Gebouw.16564410/0","properties":{"source":"Digitaal Vlaanderen Gebouwenregister","source_id":"gebouw/Gebouw.16564410/0","kind":"building","height_m":6.44,"status":null},"geometry":{"type":"Polygon","coordinates":[[[4.1178069,50.94389883],[4.11763455,50.94399153],[4.11757458,50.94394771],[4.11770331,50.94387741],[4.11764978,50.94383828],[4.1176923,50.94381507],[4.1178069,50.94389883]]]}},{"type":"Feature","id":"gebouw/Gebouw.16564411/0","properties":{"source":"Digitaal Vlaanderen Gebouwenregister","source_id":"gebouw/Gebouw.16564411/0","kind":"building","height_m":7.16,"status":null},"geometry":{"type":"Polygon","coordinates":[[[4.1168621,50.94241703],[4.11689144,50.9423929],[4.11693554,50.9424143],[4.1169062,50.94243843],[4.1168621,50.94241703]]]}},{"type":"Feature","id":"gebouw/Gebouw.16564523/0","properties":{"source":"Digitaal Vlaanderen Gebouwenregister","source_id":"gebouw/Gebouw.16564523/0","kind":"building","height_m":7.16,"status":null},"geometry":{"type":"Polygon","coordinates":[[[4.12055307,50.94610063],[4.12066793,50.94605226],[4.12071142,50.94609521],[4.12064034,50.94612554],[4.12067917,50.94616104],[4.12063741,50.94617841],[4.12059302,50.94619686],[4.12051098,50.94611836],[4.12055307,50.94610063]]]}},{"type":"Feature","id":"gebouw/Gebouw.16564547/0","properties":{"source":"Digitaal Vlaanderen Gebouwenregister","source_id":"gebouw/Gebouw.16564547/0","kind":"building","height_m":9.32,"status":null},"geometry":{"type":"Polygon","coordinates":[[[4.11821462,50.94253691],[4.11818996,50.9425543],[4.11814765,50.9425336],[4.11817147,50.94251372],[4.11821462,50.94253691]]]}},{"type":"Feature","id":"gebouw/Gebouw.16564555/0","properties":{"source":"Digitaal Vlaanderen Gebouwenregister","source_id":"gebouw/Gebouw.16564555/0","kind":"building","height_m":5.0,"status":null},"geometry":{"type":"Polygon","coordinates":[[[4.11803387,50.94247793],[4.1180074,50.94249659],[4.11800576,50.94249577],[4.11794333,50.94246426],[4.11792393,50.94247649],[4.11792227,50.94247754],[4.11787757,50.94244922],[4.11792023,50.94242234],[4.11792333,50.94242386],[4.11803387,50.94247793]]]}},{"type":"Feature","id":"gebouw/Gebouw.16564574/0","properties":{"source":"Digitaal Vlaanderen Gebouwenregister","source_id":"gebouw/Gebouw.16564574/0","kind":"building","height_m":8.6,"status":null},"geometry":{"type":"Polygon","coordinates":[[[4.11847168,50.94525341],[4.11836984,50.94532698],[4.11834366,50.94531252],[4.1184455,50.94523895],[4.11847168,50.94525341]]]}},{"type":"Feature","id":"gebouw/Gebouw.16564577/0","properties":{"source":"Digitaal Vlaanderen Gebouwenregister","source_id":"gebouw/Gebouw.16564577/0","kind":"building","height_m":5.72,"status":null},"geometry":{"type":"Polygon","coordinates":[[[4.12018157,50.94614145],[4.12020803,50.94616643],[4.12012702,50.94620067],[4.12010056,50.94617569],[4.12018157,50.94614145]]]}},{"type":"Feature","id":"gebouw/Gebouw.16564581/0","properties":{"source":"Digitaal Vlaanderen Gebouwenregister","source_id":"gebouw/Gebouw.16564581/0","kind":"building","height_m":8.6,"status":null},"geometry":{"type":"Polygon","coordinates":[[[4.12145962,50.94591459],[4.1214055,50.94593385],[4.12138031,50.94590608],[4.1214342,50.94588657],[4.12145962,50.94591459]]]}},{"type":"Feature","id":"gebouw/Gebouw.16564746/0","properties":{"source":"Digitaal Vlaanderen Gebouwenregister","source_id":"gebouw/Gebouw.16564746/0","kind":"building","height_m":6.44,"status":null},"geometry":{"type":"Polygon","coordinates":[[[4.1138089,50.94376647],[4.11398325,50.94387852],[4.11397852,50.94388625],[4.11396019,50.94389619],[4.11393971,50.94389262],[4.11390378,50.94386818],[4.11389148,50.94387532],[4.11376457,50.94379378],[4.1138089,50.94376647]]]}},{"type":"Feature","id":"gebouw/Gebouw.16564844/0","properties":{"source":"Digitaal Vlaanderen Gebouwenregister","source_id":"gebouw/Gebouw.16564844/0","kind":"building","height_m":6.44,"status":null},"geometry":{"type":"Polygon","coordinates":[[[4.12164736,50.94635438],[4.12154031,50.94638459],[4.12149939,50.94632703],[4.12149786,50.94632488],[4.1215497,50.94630971],[4.1216069,50.94629713],[4.12160699,50.94629711],[4.12164736,50.94635438]]]}},{"type":"Feature","id":"gebouw/Gebouw.16565231/0","properties":{"source":"Digitaal Vlaanderen Gebouwenregister","source_id":"gebouw/Gebouw.16565231/0","kind":"building","height_m":7.88,"status":null},"geometry":{"type":"Polygon","coordinates":[[[4.12059035,50.94639146],[4.12056634,50.94636874],[4.12059538,50.9463565],[4.12059066,50.94635203],[4.12068866,50.9463107],[4.12071949,50.94633982],[4.12059035,50.94639146]]]}},{"type":"Feature","id":"gebouw/Gebouw.16565301/0","properties":{"source":"Digitaal Vlaanderen Gebouwenregister","source_id":"gebouw/Gebouw.16565301/0","kind":"building","height_m":7.88,"status":null},"geometry":{"type":"Polygon","coordinates":[[[4.11639992,50.94321316],[4.11635993,50.9431729],[4.11639883,50.94315748],[4.11644217,50.94319646],[4.11639992,50.94321316]]]}},{"type":"Feature","id":"gebouw/Gebouw.16565345/0","properties":{"source":"Digitaal Vlaanderen Gebouwenregister","source_id":"gebouw/Gebouw.16565345/0","kind":"building","height_m":9.32,"status":null},"geometry":{"type":"Polygon","coordinates":[[[4.11638902,50.94324239],[4.11634039,50.94319398],[4.11626565,50.94322377],[4.11625021,50.94322992],[4.11628048,50.94326023],[4.11623839,50.94327701],[4.11624987,50.94328851],[4.11622529,50.94329846],[4.11622834,50.94330205],[4.11626916,50.94334993],[4.11642876,50.94328195],[4.11638902,50.94324239]]]}},{"type":"Feature","id":"gebouw/Gebouw.16565545/0","properties":{"source":"Digitaal Vlaanderen Gebouwenregister","source_id":"gebouw/Gebouw.16565545/0","kind":"building","height_m":7.16,"status":null},"geometry":{"type":"Polygon","coordinates":[[[4.11541184,50.94395604],[4.11545794,50.9439936],[4.11542451,50.94400997],[4.11537842,50.94397241],[4.11541184,50.94395604]]]}},{"type":"Feature","id":"gebouw/Gebouw.16565547/0","properties":{"source":"Digitaal Vlaanderen Gebouwenregister","source_id":"gebouw/Gebouw.16565547/0","kind":"building","height_m":8.6,"status":null},"geometry":{"type":"Polygon","coordinates":[[[4.11648342,50.94334422],[4.11635768,50.94341044],[4.11635479,50.94340867],[4.11629492,50.94344264],[4.11629182,50.9434444],[4.11626475,50.94342536],[4.11628387,50.94341529],[4.11626067,50.94339771],[4.11623505,50.9433783],[4.11627226,50.9433587],[4.11630697,50.94334042],[4.11632145,50.94335139],[4.11642259,50.94329812],[4.11643208,50.94330531],[4.11647049,50.94333442],[4.11647733,50.9433396],[4.11648342,50.94334422]]]}},{"type":"Feature","id":"gebouw/Gebouw.16565629/0","properties":{"source":"Digitaal Vlaanderen Gebouwenregister","source_id":"gebouw/Gebouw.16565629/0","kind":"building","height_m":7.16,"status":null},"geometry":{"type":"Polygon","coordinates":[[[4.11617254,50.94308181],[4.11608652,50.94311517],[4.11604686,50.94307218],[4.11613404,50.94304008],[4.11617254,50.94308181]]]}},{"type":"Feature","id":"gebouw/Gebouw.16565631/0","properties":{"source":"Digitaal Vlaanderen Gebouwenregister","source_id":"gebouw/Gebouw.16565631/0","kind":"building","height_m":8.6,"status":null},"geometry":{"type":"Polygon","coordinates":[[[4.11365201,50.94576853],[4.11370335,50.94572428],[4.11385269,50.94579344],[4.11380135,50.94583768],[4.11365201,50.94576853]]]}},{"type":"Feature","id":"gebouw/Gebouw.16565634/0","properties":{"source":"Digitaal Vlaanderen Gebouwenregister","source_id":"gebouw/Gebouw.16565634/0","kind":"building","height_m":5.72,"status":null},"geometry":{"type":"Polygon","coordinates":[[[4.12109709,50.94673409],[4.12114282,50.94671256],[4.12117707,50.94674092],[4.12112958,50.94676321],[4.12109709,50.94673409]]]}},{"type":"Feature","id":"gebouw/Gebouw.16565818/0","properties":{"source":"Digitaal Vlaanderen Gebouwenregister","source_id":"gebouw/Gebouw.16565818/0","kind":"building","height_m":7.16,"status":null},"geometry":{"type":"Polygon","coordinates":[[[4.11340507,50.94587948],[4.11342933,50.94585666],[4.11347397,50.9458756],[4.11344971,50.94589841],[4.11340507,50.94587948]]]}},{"type":"Feature","id":"gebouw/Gebouw.16565820/0","properties":{"source":"Digitaal Vlaanderen Gebouwenregister","source_id":"gebouw/Gebouw.16565820/0","kind":"building","height_m":8.6,"status":null},"geometry":{"type":"Polygon","coordinates":[[[4.11818905,50.94467566],[4.11830015,50.94458553],[4.11826754,50.94456949],[4.11835422,50.94449917],[4.11829883,50.94447192],[4.11804325,50.94467927],[4.11813335,50.94472086],[4.11818905,50.94467566]]]}},{"type":"Feature","id":"gebouw/Gebouw.16565965/0","properties":{"source":"Digitaal Vlaanderen Gebouwenregister","source_id":"gebouw/Gebouw.16565965/0","kind":"building","height_m":7.16,"status":null},"geometry":{"type":"Polygon","coordinates":[[[4.11741372,50.94274205],[4.1174762,50.94277422],[4.11742808,50.94281152],[4.11737722,50.94278533],[4.1173655,50.9427793],[4.11736408,50.94277857],[4.1174122,50.94274127],[4.11741372,50.94274205]]]}},{"type":"Feature","id":"gebouw/Gebouw.16566069/0","properties":{"source":"Digitaal Vlaanderen Gebouwenregister","source_id":"gebouw/Gebouw.16566069/0","kind":"building","height_m":6.44,"status":null},"geometry":{"type":"Polygon","coordinates":[[[4.1194298,50.94469067],[4.11957313,50.94474668],[4.11957478,50.94474519],[4.11959211,50.94474627],[4.1196521,50.94477287],[4.11960897,50.94481292],[4.11953551,50.94478135],[4.11948216,50.94483089],[4.11925113,50.94473161],[4.11929252,50.94469317],[4.11930028,50.94469613],[4.11929692,50.94469769],[4.11930134,50.9447078],[4.11937383,50.94473449],[4.11938279,50.9447349],[4.11939053,50.94473171],[4.1193934,50.94472504],[4.11938852,50.9447197],[4.11942599,50.94469334],[4.1194298,50.94469067]]]}},{"type":"Feature","id":"gebouw/Gebouw.16566075/0","properties":{"source":"Digitaal Vlaanderen Gebouwenregister","source_id":"gebouw/Gebouw.16566075/0","kind":"building","height_m":5.72,"status":null},"geometry":{"type":"Polygon","coordinates":[[[4.11673481,50.94245933],[4.11676491,50.94243527],[4.1168776,50.94249155],[4.1168475,50.94251561],[4.11673481,50.94245933]]]}},{"type":"Feature","id":"gebouw/Gebouw.16566254/0","properties":{"source":"Digitaal Vlaanderen Gebouwenregister","source_id":"gebouw/Gebouw.16566254/0","kind":"building","height_m":8.6,"status":null},"geometry":{"type":"Polygon","coordinates":[[[4.11994635,50.94504605],[4.11992366,50.94503416],[4.11987952,50.94506778],[4.11990204,50.94507958],[4.11994635,50.94504605]]]}},{"type":"Feature","id":"gebouw/Gebouw.16566265/0","properties":{"source":"Digitaal Vlaanderen Gebouwenregister","source_id":"gebouw/Gebouw.16566265/0","kind":"building","height_m":6.44,"status":null},"geometry":{"type":"Polygon","coordinates":[[[4.1197259,50.94581808],[4.1197616,50.94583406],[4.11973052,50.94586178],[4.11969481,50.94584579],[4.1197259,50.94581808]]]}},{"type":"Feature","id":"gebouw/Gebouw.16566493/0","properties":{"source":"Digitaal Vlaanderen Gebouwenregister","source_id":"gebouw/Gebouw.16566493/0","kind":"building","height_m":9.32,"status":null},"geometry":{"type":"Polygon","coordinates":[[[4.1221577,50.94690336],[4.12213449,50.94691693],[4.1220853,50.94688082],[4.12210617,50.94686943],[4.12211034,50.94686715],[4.1221577,50.94690336]]]}},{"type":"Feature","id":"gebouw/Gebouw.16566533/0","properties":{"source":"Digitaal Vlaanderen Gebouwenregister","source_id":"gebouw/Gebouw.16566533/0","kind":"building","height_m":7.88,"status":null},"geometry":{"type":"Polygon","coordinates":[[[4.11567035,50.94338885],[4.11561243,50.9434121],[4.11555353,50.94335351],[4.1156133,50.94332949],[4.11567035,50.94338885]]]}},{"type":"Feature","id":"gebouw/Gebouw.16566691/0","properties":{"source":"Digitaal Vlaanderen Gebouwenregister","source_id":"gebouw/Gebouw.16566691/0","kind":"building","height_m":5.72,"status":null},"geometry":{"type":"Polygon","coordinates":[[[4.11745369,50.94370903],[4.11749259,50.94373699],[4.11734337,50.94381913],[4.11725048,50.94375119],[4.11725889,50.94374567],[4.1173454,50.94369824],[4.11734613,50.94369784],[4.11737914,50.94372219],[4.11740993,50.94370485],[4.1174326,50.94372091],[4.11745369,50.94370903]]]}},{"type":"Feature","id":"gebouw/Gebouw.16566694/0","properties":{"source":"Digitaal Vlaanderen Gebouwenregister","source_id":"gebouw/Gebouw.16566694/0","kind":"building","height_m":7.88,"status":null},"geometry":{"type":"Polygon","coordinates":[[[4.11732579,50.94397087],[4.11728636,50.94399215],[4.11719213,50.94392438],[4.11723304,50.94390229],[4.11732579,50.94397087]]]}},{"type":"Feature","id":"gebouw/Gebouw.16566697/0","properties":{"source":"Digitaal Vlaanderen Gebouwenregister","source_id":"gebouw/Gebouw.16566697/0","kind":"building","height_m":5.0,"status":null},"geometry":{"type":"Polygon","coordinates":[[[4.11827443,50.94316623],[4.11833348,50.94319923],[4.11830396,50.94322032],[4.1182449,50.94318731],[4.11827443,50.94316623]]]}},{"type":"Feature","id":"gebouw/Gebouw.16566828/0","properties":{"source":"Digitaal Vlaanderen Gebouwenregister","source_id":"gebouw/Gebouw.16566828/0","kind":"building","height_m":8.6,"status":null},"geometry":{"type":"Polygon","coordinates":[[[4.11683701,50.94392734],[4.11681253,50.94390735],[4.11679822,50.94391424],[4.11681954,50.94393193],[4.11676996,50.94395578],[4.11674709,50.94393681],[4.11664107,50.94384884],[4.11658448,50.94380189],[4.11671545,50.94373889],[4.11676957,50.9437838],[4.11689198,50.94372491],[4.11700041,50.94381488],[4.11701986,50.94383088],[4.11683701,50.94392734]]]}},{"type":"Feature","id":"gebouw/Gebouw.16566833/0","properties":{"source":"Digitaal Vlaanderen Gebouwenregister","source_id":"gebouw/Gebouw.16566833/0","kind":"building","height_m":7.16,"status":null},"geometry":{"type":"Polygon","coordinates":[[[4.12290276,50.94654595],[4.12293542,50.94656863],[4.12287222,50.94660496],[4.12283956,50.94658228],[4.12290276,50.94654595]]]}},{"type":"Feature","id":"gebouw/Gebouw.16566847/0","properties":{"source":"Digitaal Vlaanderen Gebouwenregister","source_id":"gebouw/Gebouw.16566847/0","kind":"building","height_m":7.16,"status":null},"geometry":{"type":"Polygon","coordinates":[[[4.11405996,50.94535065],[4.11395093,50.94529869],[4.11391972,50.94532483],[4.11389329,50.94534697],[4.11400446,50.94540185],[4.11404331,50.94536931],[4.11403972,50.94536761],[4.11405996,50.94535065]]]}},{"type":"Feature","id":"gebouw/Gebouw.16566886/0","properties":{"source":"Digitaal Vlaanderen Gebouwenregister","source_id":"gebouw/Gebouw.16566886/0","kind":"building","height_m":5.0,"status":null},"geometry":{"type":"Polygon","coordinates":[[[4.11810028,50.94232283],[4.11827131,50.94244239],[4.11820325,50.94248125],[4.11803222,50.94236169],[4.11810028,50.94232283]]]}},{"type":"Feature","id":"gebouw/Gebouw.16566985/0","properties":{"source":"Digitaal Vlaanderen Gebouwenregister","source_id":"gebouw/Gebouw.16566985/0","kind":"building","height_m":5.72,"status":null},"geometry":{"type":"Polygon","coordinates":[[[4.12093495,50.94546017],[4.12096031,50.94548208],[4.12087265,50.94552258],[4.12086879,50.94552437],[4.12086412,50.94552652],[4.12086067,50.94552354],[4.12084163,50.9455071],[4.1208416,50.94550707],[4.12083415,50.94550064],[4.12090245,50.94546908],[4.12093034,50.9454562],[4.12093495,50.94546017]]]}},{"type":"Feature","id":"gebouw/Gebouw.16566989/0","properties":{"source":"Digitaal Vlaanderen Gebouwenregister","source_id":"gebouw/Gebouw.16566989/0","kind":"building","height_m":8.6,"status":null},"geometry":{"type":"Polygon","coordinates":[[[4.11730941,50.94228037],[4.11725099,50.94233077],[4.11724257,50.94233803],[4.11719059,50.94231398],[4.11720058,50.94230537],[4.11725744,50.94225632],[4.11730941,50.94228037]]]}},{"type":"Feature","id":"gebouw/Gebouw.16567031/0","properties":{"source":"Digitaal Vlaanderen Gebouwenregister","source_id":"gebouw/Gebouw.16567031/0","kind":"building","height_m":8.6,"status":null},"geometry":{"type":"Polygon","coordinates":[[[4.1174484,50.94302058],[4.11741144,50.94304569],[4.11737095,50.9430219],[4.11737684,50.9430179],[4.1173527,50.94300371],[4.11738377,50.9429826],[4.11740767,50.94299664],[4.1174484,50.94302058]]]}},{"type":"Feature","id":"gebouw/Gebouw.16569800/0","properties":{"source":"Digitaal Vlaanderen Gebouwenregister","source_id":"gebouw/Gebouw.16569800/0","kind":"building","height_m":6.44,"status":null},"geometry":{"type":"Polygon","coordinates":[[[4.11763171,50.94366964],[4.11785609,50.94350423],[4.11790704,50.94353182],[4.11774364,50.94365228],[4.11782456,50.94369609],[4.11776812,50.9437421],[4.11773533,50.9437232],[4.11773299,50.94372448],[4.11763171,50.94366964]]]}},{"type":"Feature","id":"gebouw/Gebouw.16570110/0","properties":{"source":"Digitaal Vlaanderen Gebouwenregister","source_id":"gebouw/Gebouw.16570110/0","kind":"building","height_m":7.88,"status":null},"geometry":{"type":"Polygon","coordinates":[[[4.12071489,50.94630476],[4.1206578,50.94624988],[4.12068746,50.94623757],[4.12068044,50.94623082],[4.12086219,50.94615536],[4.12093187,50.94622233],[4.1207504,50.94629767],[4.12074485,50.94629233],[4.12071489,50.94630476]]]}},{"type":"Feature","id":"gebouw/Gebouw.16570149/0","properties":{"source":"Digitaal Vlaanderen Gebouwenregister","source_id":"gebouw/Gebouw.16570149/0","kind":"building","height_m":5.72,"status":null},"geometry":{"type":"Polygon","coordinates":[[[4.11499144,50.94446474],[4.11493688,50.94450573],[4.11488559,50.94447848],[4.11484518,50.94450884],[4.11478665,50.94447774],[4.11482756,50.94444701],[4.11484751,50.9444576],[4.11487528,50.94443674],[4.11481552,50.94440499],[4.11477969,50.94443191],[4.11467782,50.94437778],[4.11473994,50.94433112],[4.11499144,50.94446474]]]}},{"type":"Feature","id":"gebouw/Gebouw.16570369/0","properties":{"source":"Digitaal Vlaanderen Gebouwenregister","source_id":"gebouw/Gebouw.16570369/0","kind":"building","height_m":7.88,"status":null},"geometry":{"type":"Polygon","coordinates":[[[4.12008733,50.94519865],[4.12000949,50.9452856],[4.11994751,50.94526346],[4.11995243,50.94525768],[4.11985425,50.94522199],[4.11993213,50.94513649],[4.11999547,50.94515911],[4.11999091,50.9451642],[4.12008733,50.94519865]]]}},{"type":"Feature","id":"gebouw/Gebouw.16570649/0","properties":{"source":"Digitaal Vlaanderen Gebouwenregister","source_id":"gebouw/Gebouw.16570649/0","kind":"building","height_m":7.88,"status":null},"geometry":{"type":"Polygon","coordinates":[[[4.11986967,50.94557655],[4.11986307,50.94557375],[4.11982891,50.9456046],[4.11976384,50.94557695],[4.11979799,50.9455461],[4.11972675,50.94551583],[4.1198314,50.9454213],[4.11997456,50.94548436],[4.11991421,50.94554367],[4.11986967,50.94557655]]]}},{"type":"Feature","id":"gebouw/Gebouw.16570661/0","properties":{"source":"Digitaal Vlaanderen Gebouwenregister","source_id":"gebouw/Gebouw.16570661/0","kind":"building","height_m":6.44,"status":null},"geometry":{"type":"Polygon","coordinates":[[[4.11653354,50.94302875],[4.11640522,50.94306664],[4.11635685,50.9430181],[4.11625526,50.94291616],[4.11621459,50.94287535],[4.11625368,50.94286039],[4.1162621,50.94285707],[4.11631399,50.94290963],[4.11630282,50.94291404],[4.11631127,50.94292259],[4.11630568,50.9429248],[4.11638764,50.94300782],[4.11640952,50.94300056],[4.11632125,50.94290576],[4.11640267,50.94287834],[4.11653354,50.94302875]]]}},{"type":"Feature","id":"gebouw/Gebouw.16576635/0","properties":{"source":"Digitaal Vlaanderen Gebouwenregister","source_id":"gebouw/Gebouw.16576635/0","kind":"building","height_m":8.6,"status":null},"geometry":{"type":"Polygon","coordinates":[[[4.11300548,50.94565487],[4.11305948,50.94557883],[4.11298657,50.94555816],[4.11295401,50.945604],[4.11291666,50.94558652],[4.11290171,50.9455996],[4.11278559,50.94554242],[4.1128469,50.94549191],[4.11266454,50.94540357],[4.11257668,50.94547595],[4.11269957,50.94553548],[4.11265865,50.9455694],[4.1128982,50.94568545],[4.11294127,50.94570632],[4.11300548,50.94565487]]]}},{"type":"Feature","id":"gebouw/Gebouw.16576797/0","properties":{"source":"Digitaal Vlaanderen Gebouwenregister","source_id":"gebouw/Gebouw.16576797/0","kind":"building","height_m":9.32,"status":null},"geometry":{"type":"Polygon","coordinates":[[[4.11808642,50.94424963],[4.11802278,50.94419993],[4.11796787,50.94422798],[4.11797365,50.9442325],[4.11786734,50.94428683],[4.11783604,50.94426238],[4.11797393,50.94419342],[4.11810275,50.944129],[4.11811116,50.94412479],[4.11811153,50.9441246],[4.11819837,50.94419242],[4.11808642,50.94424963]]]}},{"type":"Feature","id":"gebouw/Gebouw.16580091/0","properties":{"source":"Digitaal Vlaanderen Gebouwenregister","source_id":"gebouw/Gebouw.16580091/0","kind":"building","height_m":7.16,"status":null},"geometry":{"type":"Polygon","coordinates":[[[4.11713741,50.94361103],[4.11709803,50.94363353],[4.11706673,50.9436104],[4.11704537,50.94359462],[4.11688232,50.94347416],[4.11688893,50.94347033],[4.1169854,50.94341448],[4.11717075,50.94355142],[4.11710489,50.943587],[4.11713741,50.94361103]]]}},{"type":"Feature","id":"gebouw/Gebouw.16580117/0","properties":{"source":"Digitaal Vlaanderen Gebouwenregister","source_id":"gebouw/Gebouw.16580117/0","kind":"building","height_m":5.72,"status":null},"geometry":{"type":"Polygon","coordinates":[[[4.11927896,50.94492056],[4.11928486,50.94494457],[4.11928001,50.94494517],[4.11928234,50.94496015],[4.11926578,50.94497708],[4.11923093,50.94497863],[4.11921659,50.94497122],[4.11921508,50.94494879],[4.11919821,50.94495016],[4.1191859,50.9449031],[4.11917854,50.94483922],[4.11927494,50.94483478],[4.11928018,50.94488022],[4.11928936,50.94491998],[4.11927896,50.94492056]]]}},{"type":"Feature","id":"gebouw/Gebouw.16580323/0","properties":{"source":"Digitaal Vlaanderen Gebouwenregister","source_id":"gebouw/Gebouw.16580323/0","kind":"building","height_m":7.88,"status":null},"geometry":{"type":"Polygon","coordinates":[[[4.11558747,50.94410199],[4.11555378,50.94407487],[4.11545851,50.94399818],[4.11547874,50.94398828],[4.11544916,50.94396613],[4.11539542,50.94392588],[4.11546202,50.94389039],[4.11551528,50.9439309],[4.11554688,50.94395492],[4.11563079,50.94401743],[4.11564989,50.94400856],[4.11564479,50.94400417],[4.11580685,50.9439326],[4.11587287,50.94399737],[4.11571427,50.94406392],[4.11570187,50.9440532],[4.11558747,50.94410199]]]}},{"type":"Feature","id":"gebouw/Gebouw.16580483/0","properties":{"source":"Digitaal Vlaanderen Gebouwenregister","source_id":"gebouw/Gebouw.16580483/0","kind":"building","height_m":7.16,"status":null},"geometry":{"type":"Polygon","coordinates":[[[4.11682652,50.9431565],[4.11675817,50.94318801],[4.11662137,50.94306955],[4.116691,50.94303782],[4.11682389,50.9431542],[4.11682652,50.9431565]]]}},{"type":"Feature","id":"gebouw/Gebouw.16586327/0","properties":{"source":"Digitaal Vlaanderen Gebouwenregister","source_id":"gebouw/Gebouw.16586327/0","kind":"building","height_m":6.44,"status":null},"geometry":{"type":"Polygon","coordinates":[[[4.12187993,50.9462804],[4.12203394,50.94623766],[4.12209065,50.94631924],[4.12190775,50.94636999],[4.12189277,50.94634978],[4.12172372,50.94639711],[4.1216961,50.94635743],[4.12167918,50.94633313],[4.1218782,50.9462779],[4.12187993,50.9462804]]]}},{"type":"Feature","id":"gebouw/Gebouw.16586403/0","properties":{"source":"Digitaal Vlaanderen Gebouwenregister","source_id":"gebouw/Gebouw.16586403/0","kind":"building","height_m":5.72,"status":null},"geometry":{"type":"Polygon","coordinates":[[[4.11314126,50.94624877],[4.11302292,50.94619079],[4.11309698,50.94613046],[4.11292004,50.94604378],[4.11283315,50.94612649],[4.1130212,50.94621642],[4.11293624,50.94629007],[4.11275587,50.94620628],[4.11261333,50.94635253],[4.11253548,50.9463199],[4.11278203,50.94608519],[4.11281356,50.94605517],[4.11290147,50.94597148],[4.11326283,50.94614063],[4.11314126,50.94624877]]]}},{"type":"Feature","id":"gebouw/Gebouw.16586768/0","properties":{"source":"Digitaal Vlaanderen Gebouwenregister","source_id":"gebouw/Gebouw.16586768/0","kind":"building","height_m":6.44,"status":null},"geometry":{"type":"Polygon","coordinates":[[[4.11337723,50.94581814],[4.11336971,50.94582478],[4.11317927,50.9457387],[4.11326521,50.94566282],[4.11337084,50.94571064],[4.11334799,50.94573082],[4.11343197,50.94576878],[4.11342287,50.94577681],[4.11340567,50.94576904],[4.11335926,50.94581002],[4.11337723,50.94581814]]]}},{"type":"Feature","id":"gebouw/Gebouw.16588267/0","properties":{"source":"Digitaal Vlaanderen Gebouwenregister","source_id":"gebouw/Gebouw.16588267/0","kind":"building","height_m":7.16,"status":null},"geometry":{"type":"Polygon","coordinates":[[[4.11272613,50.94586503],[4.11267144,50.94591901],[4.11255517,50.94587199],[4.11260992,50.94581795],[4.11272613,50.94586503]]]}},{"type":"Feature","id":"gebouw/Gebouw.16588665/0","properties":{"source":"Digitaal Vlaanderen Gebouwenregister","source_id":"gebouw/Gebouw.16588665/0","kind":"building","height_m":6.44,"status":null},"geometry":{"type":"Polygon","coordinates":[[[4.12041727,50.94533071],[4.12031546,50.94540447],[4.12026775,50.94537914],[4.12027204,50.94537624],[4.12024277,50.9453595],[4.12023148,50.94536717],[4.1201783,50.94533686],[4.12021106,50.94531393],[4.12021053,50.94530272],[4.12022875,50.94528915],[4.12024724,50.9452886],[4.1202784,50.94526679],[4.12032966,50.94529601],[4.12034209,50.94528731],[4.12041727,50.94533071]]]}},{"type":"Feature","id":"gebouw/Gebouw.16598194/0","properties":{"source":"Digitaal Vlaanderen Gebouwenregister","source_id":"gebouw/Gebouw.16598194/0","kind":"building","height_m":7.88,"status":null},"geometry":{"type":"Polygon","coordinates":[[[4.121725,50.94411435],[4.12179595,50.94406323],[4.12189707,50.94411923],[4.12182612,50.94417036],[4.121725,50.94411435]]]}},{"type":"Feature","id":"gebouw/Gebouw.16599945/0","properties":{"source":"Digitaal Vlaanderen Gebouwenregister","source_id":"gebouw/Gebouw.16599945/0","kind":"building","height_m":8.6,"status":null},"geometry":{"type":"Polygon","coordinates":[[[4.12087606,50.94705121],[4.12085897,50.94706113],[4.12082456,50.94703748],[4.12082261,50.94703613],[4.12081542,50.94704031],[4.12075709,50.94700021],[4.12078591,50.94698521],[4.12080202,50.94697588],[4.12082022,50.94698839],[4.12088443,50.94695111],[4.12097454,50.94701305],[4.12091033,50.94705033],[4.12089533,50.94704002],[4.12087606,50.94705121]]]}},{"type":"Feature","id":"gebouw/Gebouw.16600050/0","properties":{"source":"Digitaal Vlaanderen Gebouwenregister","source_id":"gebouw/Gebouw.16600050/0","kind":"building","height_m":8.6,"status":null},"geometry":{"type":"Polygon","coordinates":[[[4.12271899,50.94292695],[4.12266295,50.94294374],[4.12264222,50.94291514],[4.12257788,50.94293714],[4.12255389,50.94290517],[4.12262084,50.94288565],[4.12260603,50.94286523],[4.12265922,50.9428473],[4.12271899,50.94292695]]]}},{"type":"Feature","id":"gebouw/Gebouw.16600052/0","properties":{"source":"Digitaal Vlaanderen Gebouwenregister","source_id":"gebouw/Gebouw.16600052/0","kind":"building","height_m":5.0,"status":null},"geometry":{"type":"Polygon","coordinates":[[[4.11693383,50.94359589],[4.11698016,50.94357078],[4.11701697,50.9435979],[4.11697064,50.94362301],[4.11693383,50.94359589]]]}},{"type":"Feature","id":"gebouw/Gebouw.16600056/0","properties":{"source":"Digitaal Vlaanderen Gebouwenregister","source_id":"gebouw/Gebouw.16600056/0","kind":"building","height_m":7.88,"status":null},"geometry":{"type":"Polygon","coordinates":[[[4.11935973,50.94432584],[4.11938723,50.9443419],[4.11934982,50.94436748],[4.11932232,50.94435142],[4.11935973,50.94432584]]]}},{"type":"Feature","id":"gebouw/Gebouw.16600072/0","properties":{"source":"Digitaal Vlaanderen Gebouwenregister","source_id":"gebouw/Gebouw.16600072/0","kind":"building","height_m":9.32,"status":null},"geometry":{"type":"Polygon","coordinates":[[[4.11601989,50.94393975],[4.11602497,50.94394446],[4.11603056,50.9439411],[4.11613636,50.94404356],[4.11612392,50.94404889],[4.11613462,50.94405916],[4.1160972,50.94407471],[4.11608625,50.9440642],[4.11607277,50.9440698],[4.11596689,50.94396814],[4.11597201,50.94396601],[4.11596739,50.94396157],[4.11601989,50.94393975]]]}},{"type":"Feature","id":"gebouw/Gebouw.16600295/0","properties":{"source":"Digitaal Vlaanderen Gebouwenregister","source_id":"gebouw/Gebouw.16600295/0","kind":"building","height_m":8.6,"status":null},"geometry":{"type":"Polygon","coordinates":[[[4.11747589,50.94292957],[4.11742028,50.94296484],[4.11735874,50.94292699],[4.11741503,50.94289128],[4.11747589,50.94292957]]]}},{"type":"Feature","id":"gebouw/Gebouw.16600332/0","properties":{"source":"Digitaal Vlaanderen Gebouwenregister","source_id":"gebouw/Gebouw.16600332/0","kind":"building","height_m":5.0,"status":null},"geometry":{"type":"Polygon","coordinates":[[[4.11346428,50.94658463],[4.11351394,50.94654628],[4.11354514,50.9465624],[4.11349548,50.94660075],[4.11346428,50.94658463]]]}},{"type":"Feature","id":"gebouw/Gebouw.16600337/0","properties":{"source":"Digitaal Vlaanderen Gebouwenregister","source_id":"gebouw/Gebouw.16600337/0","kind":"building","height_m":8.6,"status":null},"geometry":{"type":"Polygon","coordinates":[[[4.1194473,50.94556213],[4.11940995,50.94559342],[4.11937211,50.94557543],[4.11940933,50.94554419],[4.1194473,50.94556213]]]}},{"type":"Feature","id":"gebouw/Gebouw.16600545/0","properties":{"source":"Digitaal Vlaanderen Gebouwenregister","source_id":"gebouw/Gebouw.16600545/0","kind":"building","height_m":7.16,"status":null},"geometry":{"type":"Polygon","coordinates":[[[4.11571925,50.94336924],[4.1157306,50.94336469],[4.11567144,50.94330584],[4.11562774,50.94326237],[4.11561268,50.94326841],[4.11558329,50.94323917],[4.1155423,50.94325561],[4.1156133,50.94332949],[4.11567035,50.94338885],[4.11571925,50.94336924]]]}},{"type":"Feature","id":"gebouw/Gebouw.16600705/0","properties":{"source":"Digitaal Vlaanderen Gebouwenregister","source_id":"gebouw/Gebouw.16600705/0","kind":"building","height_m":6.44,"status":null},"geometry":{"type":"Polygon","coordinates":[[[4.12110126,50.94221133],[4.12114007,50.94225703],[4.12107285,50.9422825],[4.12076529,50.94238992],[4.12072885,50.94234911],[4.12056454,50.94216509],[4.12050395,50.94218634],[4.1204729,50.94219723],[4.12046037,50.94220162],[4.12045502,50.9422035],[4.1204244,50.94216881],[4.12047407,50.9421513],[4.12037048,50.94203397],[4.12112235,50.941769],[4.12116575,50.94181816],[4.1212575,50.94192208],[4.12113205,50.94196607],[4.12116416,50.94200245],[4.12097921,50.94206763],[4.12110126,50.94221133]]]}},{"type":"Feature","id":"gebouw/Gebouw.16600709/0","properties":{"source":"Digitaal Vlaanderen Gebouwenregister","source_id":"gebouw/Gebouw.16600709/0","kind":"building","height_m":9.32,"status":null},"geometry":{"type":"Polygon","coordinates":[[[4.11859956,50.94461937],[4.11862188,50.94462933],[4.11854633,50.94468967],[4.11850025,50.94466739],[4.11837111,50.94460495],[4.11837756,50.94459967],[4.11837126,50.9445966],[4.11837571,50.94459296],[4.11837063,50.94459049],[4.11837121,50.94459001],[4.11835943,50.94458427],[4.11841642,50.94453761],[4.11859956,50.94461937]]]}},{"type":"Feature","id":"gebouw/Gebouw.16600713/0","properties":{"source":"Digitaal Vlaanderen Gebouwenregister","source_id":"gebouw/Gebouw.16600713/0","kind":"building","height_m":7.16,"status":null},"geometry":{"type":"Polygon","coordinates":[[[4.11945592,50.94418422],[4.11950722,50.94421437],[4.1195211,50.94422253],[4.11948453,50.94424987],[4.11946871,50.94424143],[4.11945842,50.94424882],[4.11940822,50.94421651],[4.11945592,50.94418422]]]}},{"type":"Feature","id":"gebouw/Gebouw.16600722/0","properties":{"source":"Digitaal Vlaanderen Gebouwenregister","source_id":"gebouw/Gebouw.16600722/0","kind":"building","height_m":8.6,"status":null},"geometry":{"type":"Polygon","coordinates":[[[4.12246994,50.94260287],[4.12250149,50.94264082],[4.12244373,50.94265999],[4.12241218,50.94262204],[4.12246994,50.94260287]]]}},{"type":"Feature","id":"gebouw/Gebouw.16600723/0","properties":{"source":"Digitaal Vlaanderen Gebouwenregister","source_id":"gebouw/Gebouw.16600723/0","kind":"building","height_m":9.32,"status":null},"geometry":{"type":"Polygon","coordinates":[[[4.11622173,50.94410726],[4.11624056,50.9441242],[4.11618986,50.94414669],[4.11617103,50.94412975],[4.11622173,50.94410726]]]}},{"type":"Feature","id":"gebouw/Gebouw.16600950/0","properties":{"source":"Digitaal Vlaanderen Gebouwenregister","source_id":"gebouw/Gebouw.16600950/0","kind":"building","height_m":6.44,"status":null},"geometry":{"type":"Polygon","coordinates":[[[4.1197126,50.94475357],[4.11964114,50.94471036],[4.11969945,50.94466919],[4.11977434,50.94471151],[4.1197126,50.94475357]]]}},{"type":"Feature","id":"gebouw/Gebouw.16601017/0","properties":{"source":"Digitaal Vlaanderen Gebouwenregister","source_id":"gebouw/Gebouw.16601017/0","kind":"building","height_m":9.32,"status":null},"geometry":{"type":"Polygon","coordinates":[[[4.12079947,50.94682796],[4.12083694,50.94685408],[4.12079052,50.94687998],[4.12076759,50.94686073],[4.1207689,50.94685998],[4.12075746,50.94685201],[4.12079947,50.94682796]]]}},{"type":"Feature","id":"gebouw/Gebouw.16601022/0","properties":{"source":"Digitaal Vlaanderen Gebouwenregister","source_id":"gebouw/Gebouw.16601022/0","kind":"building","height_m":7.88,"status":null},"geometry":{"type":"Polygon","coordinates":[[[4.11396323,50.94557202],[4.11384076,50.94567975],[4.11373754,50.94563292],[4.11385941,50.94552573],[4.11396113,50.94557108],[4.11396269,50.94557178],[4.11396323,50.94557202]]]}},{"type":"Feature","id":"gebouw/Gebouw.16601025/0","properties":{"source":"Digitaal Vlaanderen Gebouwenregister","source_id":"gebouw/Gebouw.16601025/0","kind":"building","height_m":5.0,"status":null},"geometry":{"type":"Polygon","coordinates":[[[4.11315017,50.94488889],[4.11323116,50.94492545],[4.11320185,50.94495138],[4.11312085,50.94491482],[4.11315017,50.94488889]]]}},{"type":"Feature","id":"gebouw/Gebouw.16601065/0","properties":{"source":"Digitaal Vlaanderen Gebouwenregister","source_id":"gebouw/Gebouw.16601065/0","kind":"building","height_m":8.6,"status":null},"geometry":{"type":"Polygon","coordinates":[[[4.11870382,50.9421837],[4.11874857,50.94220074],[4.11893137,50.94227265],[4.1189539,50.94224971],[4.11880103,50.94219195],[4.11880335,50.94218956],[4.11872723,50.94215974],[4.11870382,50.9421837]]]}},{"type":"Feature","id":"gebouw/Gebouw.16601159/0","properties":{"source":"Digitaal Vlaanderen Gebouwenregister","source_id":"gebouw/Gebouw.16601159/0","kind":"building","height_m":5.72,"status":null},"geometry":{"type":"Polygon","coordinates":[[[4.12194217,50.94392875],[4.12198394,50.94394727],[4.12193721,50.94398935],[4.12189544,50.94397084],[4.12194217,50.94392875]]]}},{"type":"Feature","id":"gebouw/Gebouw.16601193/0","properties":{"source":"Digitaal Vlaanderen Gebouwenregister","source_id":"gebouw/Gebouw.16601193/0","kind":"building","height_m":5.0,"status":null},"geometry":{"type":"Polygon","coordinates":[[[4.11909596,50.94217542],[4.11907247,50.94220024],[4.11907022,50.94220262],[4.11900941,50.94217964],[4.11901298,50.94217587],[4.11903515,50.94215245],[4.11909596,50.94217542]]]}},{"type":"Feature","id":"gebouw/Gebouw.16601245/0","properties":{"source":"Digitaal Vlaanderen Gebouwenregister","source_id":"gebouw/Gebouw.16601245/0","kind":"building","height_m":7.16,"status":null},"geometry":{"type":"Polygon","coordinates":[[[4.12190927,50.94404296],[4.12190539,50.94404574],[4.12185752,50.94408],[4.12179134,50.9440431],[4.12183617,50.94401102],[4.12184309,50.94400606],[4.12190927,50.94404296]]]}},{"type":"Feature","id":"gebouw/Gebouw.16603811/0","properties":{"source":"Digitaal Vlaanderen Gebouwenregister","source_id":"gebouw/Gebouw.16603811/0","kind":"building","height_m":5.0,"status":null},"geometry":{"type":"Polygon","coordinates":[[[4.11344785,50.94533019],[4.11338827,50.94530651],[4.11354237,50.94515174],[4.11373025,50.94523792],[4.11367266,50.9452868],[4.11356508,50.9452392],[4.1135215,50.94528453],[4.1136554,50.94534234],[4.11367155,50.94532915],[4.11369037,50.9453382],[4.11376077,50.94527399],[4.11387529,50.94532684],[4.1137306,50.94545738],[4.11363154,50.94541357],[4.11362867,50.94541651],[4.11344331,50.94533474],[4.11344785,50.94533019]]]}},{"type":"Feature","id":"gebouw/Gebouw.16603967/0","properties":{"source":"Digitaal Vlaanderen Gebouwenregister","source_id":"gebouw/Gebouw.16603967/0","kind":"building","height_m":6.44,"status":null},"geometry":{"type":"Polygon","coordinates":[[[4.12140191,50.9461705],[4.12139646,50.94616314],[4.12130989,50.94618873],[4.12127091,50.94613612],[4.12154356,50.9460555],[4.121527,50.9460324],[4.12149983,50.9459945],[4.12160827,50.94596348],[4.12163049,50.94599447],[4.12158586,50.9460084],[4.1215858,50.94600842],[4.12159006,50.94601435],[4.12160968,50.94604173],[4.12163283,50.94607402],[4.12164951,50.94609729],[4.121588,50.94611548],[4.12140191,50.9461705]]]}},{"type":"Feature","id":"gebouw/Gebouw.16604002/0","properties":{"source":"Digitaal Vlaanderen Gebouwenregister","source_id":"gebouw/Gebouw.16604002/0","kind":"building","height_m":6.44,"status":null},"geometry":{"type":"Polygon","coordinates":[[[4.11926367,50.94453043],[4.11915158,50.94445659],[4.11931939,50.94435492],[4.11943148,50.94442876],[4.11926367,50.94453043]]]}},{"type":"Feature","id":"gebouw/Gebouw.16604549/0","properties":{"source":"Digitaal Vlaanderen Gebouwenregister","source_id":"gebouw/Gebouw.16604549/0","kind":"building","height_m":7.16,"status":null},"geometry":{"type":"Polygon","coordinates":[[[4.11842406,50.94432201],[4.11836171,50.94428986],[4.11827853,50.94435352],[4.1182416,50.94438177],[4.11822914,50.94439131],[4.11818102,50.94442813],[4.1181597,50.94444444],[4.11820223,50.94446638],[4.11824938,50.94442988],[4.11827821,50.94444475],[4.1183507,50.94438865],[4.11834307,50.94438471],[4.11842406,50.94432201]]]}},{"type":"Feature","id":"gebouw/Gebouw.16604663/0","properties":{"source":"Digitaal Vlaanderen Gebouwenregister","source_id":"gebouw/Gebouw.16604663/0","kind":"building","height_m":8.6,"status":null},"geometry":{"type":"Polygon","coordinates":[[[4.11507493,50.9443084],[4.11506881,50.94431123],[4.11511949,50.94435222],[4.11510988,50.94435696],[4.11514775,50.94438759],[4.11507027,50.94442582],[4.11503237,50.94439521],[4.1148508,50.94424859],[4.11492951,50.94420975],[4.11496548,50.94423864],[4.11497903,50.94423204],[4.11507493,50.9443084]]]}},{"type":"Feature","id":"gebouw/Gebouw.16606010/0","properties":{"source":"Digitaal Vlaanderen Gebouwenregister","source_id":"gebouw/Gebouw.16606010/0","kind":"building","height_m":5.72,"status":null},"geometry":{"type":"Polygon","coordinates":[[[4.12082777,50.94571446],[4.12076866,50.94574358],[4.12073542,50.94571764],[4.1206829,50.94574314],[4.12056131,50.94564543],[4.12057294,50.94563969],[4.12065129,50.94560103],[4.12073447,50.94566788],[4.12075463,50.94565787],[4.1207914,50.94568742],[4.12090512,50.94563096],[4.12093996,50.94565918],[4.12091747,50.94567026],[4.12082777,50.94571446]]]}},{"type":"Feature","id":"gebouw/Gebouw.16606404/0","properties":{"source":"Digitaal Vlaanderen Gebouwenregister","source_id":"gebouw/Gebouw.16606404/0","kind":"building","height_m":7.16,"status":null},"geometry":{"type":"Polygon","coordinates":[[[4.12083599,50.94581506],[4.12102673,50.94571834],[4.12109035,50.94576842],[4.12110032,50.94576337],[4.12111677,50.94577632],[4.12116379,50.94575247],[4.12120445,50.94578448],[4.12112632,50.94582409],[4.12107789,50.94578597],[4.12090829,50.94587197],[4.12083599,50.94581506]]]}},{"type":"Feature","id":"gebouw/Gebouw.16610044/0","properties":{"source":"Digitaal Vlaanderen Gebouwenregister","source_id":"gebouw/Gebouw.16610044/0","kind":"building","height_m":7.16,"status":null},"geometry":{"type":"Polygon","coordinates":[[[4.11971679,50.94533796],[4.11981955,50.94538642],[4.11964065,50.94553782],[4.11953789,50.94548936],[4.11971679,50.94533796]]]}},{"type":"Feature","id":"gebouw/Gebouw.16610090/0","properties":{"source":"Digitaal Vlaanderen Gebouwenregister","source_id":"gebouw/Gebouw.16610090/0","kind":"building","height_m":5.0,"status":null},"geometry":{"type":"Polygon","coordinates":[[[4.1189592,50.94481093],[4.11890431,50.94486519],[4.11888317,50.94485727],[4.11874617,50.94480343],[4.11878514,50.94476241],[4.11880542,50.94477041],[4.11889017,50.94468197],[4.11899913,50.94472524],[4.11899651,50.94472812],[4.11892661,50.9447979],[4.1189592,50.94481093]]]}},{"type":"Feature","id":"gebouw/Gebouw.16610611/0","properties":{"source":"Digitaal Vlaanderen Gebouwenregister","source_id":"gebouw/Gebouw.16610611/0","kind":"building","height_m":7.16,"status":null},"geometry":{"type":"Polygon","coordinates":[[[4.1201026,50.94553955],[4.11997874,50.94564946],[4.11996219,50.94566415],[4.11984226,50.94561124],[4.11987289,50.94558248],[4.11987623,50.94557934],[4.11986967,50.94557655],[4.11991421,50.94554367],[4.11997456,50.94548436],[4.1201026,50.94553955]]]}},{"type":"Feature","id":"gebouw/Gebouw.16610636/0","properties":{"source":"Digitaal Vlaanderen Gebouwenregister","source_id":"gebouw/Gebouw.16610636/0","kind":"building","height_m":5.0,"status":null},"geometry":{"type":"Polygon","coordinates":[[[4.11888469,50.94502979],[4.11886928,50.94504142],[4.11880827,50.94500932],[4.11879806,50.94501648],[4.11862258,50.94492332],[4.11868657,50.94487521],[4.11867344,50.94486653],[4.11862332,50.94483339],[4.11870491,50.9447859],[4.11874617,50.94480343],[4.11888317,50.94485727],[4.11887089,50.94487204],[4.11883308,50.94485719],[4.11879831,50.94488477],[4.11877403,50.94487473],[4.11873906,50.9448965],[4.11893061,50.94499515],[4.11888469,50.94502979]]]}},{"type":"Feature","id":"gebouw/Gebouw.16610681/0","properties":{"source":"Digitaal Vlaanderen Gebouwenregister","source_id":"gebouw/Gebouw.16610681/0","kind":"building","height_m":7.16,"status":null},"geometry":{"type":"Polygon","coordinates":[[[4.11258464,50.94580771],[4.11263469,50.94575831],[4.11277626,50.94581554],[4.11272613,50.94586503],[4.11260992,50.94581795],[4.11258464,50.94580771]]]}},{"type":"Feature","id":"gebouw/Gebouw.16612123/0","properties":{"source":"Digitaal Vlaanderen Gebouwenregister","source_id":"gebouw/Gebouw.16612123/0","kind":"building","height_m":7.16,"status":null},"geometry":{"type":"Polygon","coordinates":[[[4.1169854,50.94341448],[4.11688893,50.94347033],[4.11687825,50.94346258],[4.11671861,50.94334661],[4.11679061,50.94330713],[4.11682218,50.9433299],[4.11683322,50.94332459],[4.11688213,50.94336055],[4.11691545,50.94334254],[4.11700331,50.9434041],[4.1169854,50.94341448]]]}},{"type":"Feature","id":"gebouw/Gebouw.16612281/0","properties":{"source":"Digitaal Vlaanderen Gebouwenregister","source_id":"gebouw/Gebouw.16612281/0","kind":"building","height_m":5.0,"status":null},"geometry":{"type":"Polygon","coordinates":[[[4.11228433,50.94599215],[4.11221306,50.94596044],[4.11230443,50.94587848],[4.11237245,50.94590814],[4.11239599,50.9458866],[4.11252033,50.94594082],[4.1124426,50.94601196],[4.11246638,50.94602285],[4.11242543,50.94605958],[4.11228086,50.94599525],[4.11228433,50.94599215]]]}},{"type":"Feature","id":"gebouw/Gebouw.16612558/0","properties":{"source":"Digitaal Vlaanderen Gebouwenregister","source_id":"gebouw/Gebouw.16612558/0","kind":"building","height_m":7.88,"status":null},"geometry":{"type":"Polygon","coordinates":[[[4.11737077,50.94288505],[4.11736223,50.94289084],[4.11728716,50.94284657],[4.11734318,50.94280865],[4.11741996,50.94285647],[4.11738742,50.9428785],[4.11739298,50.94288179],[4.11738007,50.94289053],[4.11737077,50.94288505]]]}},{"type":"Feature","id":"gebouw/Gebouw.16612694/0","properties":{"source":"Digitaal Vlaanderen Gebouwenregister","source_id":"gebouw/Gebouw.16612694/0","kind":"building","height_m":5.0,"status":null},"geometry":{"type":"Polygon","coordinates":[[[4.11755242,50.94362483],[4.11770698,50.94350599],[4.1177857,50.94354966],[4.11761663,50.94366905],[4.11755242,50.94362483]]]}},{"type":"Feature","id":"gebouw/Gebouw.16612743/0","properties":{"source":"Digitaal Vlaanderen Gebouwenregister","source_id":"gebouw/Gebouw.16612743/0","kind":"building","height_m":5.0,"status":null},"geometry":{"type":"Polygon","coordinates":[[[4.12132132,50.94682201],[4.12132884,50.94682736],[4.12133666,50.94683293],[4.12140778,50.94688357],[4.12142266,50.94689416],[4.12131096,50.94695248],[4.12132717,50.9469647],[4.12128813,50.94698537],[4.12129069,50.94698698],[4.12120876,50.94703378],[4.12111548,50.94697083],[4.12109313,50.94695576],[4.12121432,50.9468821],[4.12120604,50.94687584],[4.12131552,50.94681788],[4.12132132,50.94682201]]]}},{"type":"Feature","id":"gebouw/Gebouw.16612902/0","properties":{"source":"Digitaal Vlaanderen Gebouwenregister","source_id":"gebouw/Gebouw.16612902/0","kind":"building","height_m":8.6,"status":null},"geometry":{"type":"Polygon","coordinates":[[[4.11789924,50.94382059],[4.11792229,50.943808],[4.1179393,50.94381973],[4.11794173,50.94381847],[4.11793848,50.94381597],[4.11795459,50.94380771],[4.11797772,50.94381954],[4.11798229,50.94381577],[4.11800599,50.9438276],[4.11804833,50.94379375],[4.11807563,50.94377193],[4.11807097,50.94376953],[4.11804229,50.94375471],[4.11802913,50.94376511],[4.11802512,50.94376217],[4.11801808,50.94375986],[4.11801003,50.94375933],[4.11800317,50.94376021],[4.11799731,50.94376274],[4.11791449,50.94372084],[4.11789536,50.94373561],[4.11781537,50.94379303],[4.11781835,50.94379508],[4.11787493,50.94383389],[4.11789924,50.94382059]]]}},{"type":"Feature","id":"gebouw/Gebouw.16613097/0","properties":{"source":"Digitaal Vlaanderen Gebouwenregister","source_id":"gebouw/Gebouw.16613097/0","kind":"building","height_m":7.88,"status":null},"geometry":{"type":"Polygon","coordinates":[[[4.12075866,50.94539872],[4.12081735,50.94544589],[4.12071904,50.9454947],[4.12070997,50.94548741],[4.12066142,50.945447],[4.12066244,50.94544649],[4.12075866,50.94539872]]]}},{"type":"Feature","id":"gebouw/Gebouw.16614874/0","properties":{"source":"Digitaal Vlaanderen Gebouwenregister","source_id":"gebouw/Gebouw.16614874/0","kind":"building","height_m":7.16,"status":null},"geometry":{"type":"Polygon","coordinates":[[[4.11333934,50.94542668],[4.1136094,50.94553639],[4.11355769,50.94558701],[4.11351114,50.94556623],[4.11348153,50.94555301],[4.11346426,50.94556928],[4.11346088,50.94557247],[4.11328391,50.9454963],[4.11333934,50.94542668]]]}},{"type":"Feature","id":"gebouw/Gebouw.16614936/0","properties":{"source":"Digitaal Vlaanderen Gebouwenregister","source_id":"gebouw/Gebouw.16614936/0","kind":"building","height_m":6.44,"status":null},"geometry":{"type":"Polygon","coordinates":[[[4.115156,50.9436772],[4.11507525,50.94369458],[4.11509497,50.94373117],[4.11508009,50.94373437],[4.11511933,50.94380553],[4.11517611,50.94379303],[4.1151798,50.94378204],[4.11518499,50.94378242],[4.11519201,50.94378185],[4.11519905,50.94377986],[4.11520558,50.94377681],[4.11521019,50.94377381],[4.11521286,50.94377004],[4.11528889,50.94375368],[4.11522224,50.94363006],[4.11514011,50.94364774],[4.115156,50.9436772]]]}},{"type":"Feature","id":"gebouw/Gebouw.16615036/0","properties":{"source":"Digitaal Vlaanderen Gebouwenregister","source_id":"gebouw/Gebouw.16615036/0","kind":"building","height_m":7.88,"status":null},"geometry":{"type":"Polygon","coordinates":[[[4.11658168,50.94321655],[4.11658292,50.94321597],[4.11659103,50.94322381],[4.11658928,50.94322426],[4.11660345,50.94323838],[4.11651493,50.94327347],[4.11645836,50.94321665],[4.11644347,50.94320169],[4.11653098,50.94316692],[4.11653622,50.9431726],[4.11654949,50.94316789],[4.11658345,50.94320197],[4.11657281,50.9432062],[4.11657226,50.94320642],[4.11658168,50.94321655]]]}},{"type":"Feature","id":"gebouw/Gebouw.16615192/0","properties":{"source":"Digitaal Vlaanderen Gebouwenregister","source_id":"gebouw/Gebouw.16615192/0","kind":"building","height_m":9.32,"status":null},"geometry":{"type":"Polygon","coordinates":[[[4.12134121,50.94663668],[4.12122865,50.94669092],[4.12125551,50.94671317],[4.12119987,50.94674541],[4.12113054,50.94668799],[4.12119276,50.94665801],[4.12115717,50.94662853],[4.1212673,50.94657546],[4.12134121,50.94663668]]]}},{"type":"Feature","id":"gebouw/Gebouw.16615496/0","properties":{"source":"Digitaal Vlaanderen Gebouwenregister","source_id":"gebouw/Gebouw.16615496/0","kind":"building","height_m":6.44,"status":null},"geometry":{"type":"Polygon","coordinates":[[[4.11963247,50.9453307],[4.1195264,50.94541177],[4.11946456,50.94537947],[4.11957063,50.94529841],[4.11963247,50.9453307]]]}},{"type":"Feature","id":"gebouw/Gebouw.16615608/0","properties":{"source":"Digitaal Vlaanderen Gebouwenregister","source_id":"gebouw/Gebouw.16615608/0","kind":"building","height_m":6.44,"status":null},"geometry":{"type":"Polygon","coordinates":[[[4.1173454,50.94369824],[4.11725889,50.94374567],[4.11723783,50.9437313],[4.1171402,50.94366468],[4.11718036,50.94364276],[4.11719533,50.94365133],[4.11720536,50.94364586],[4.11718977,50.94363445],[4.11724443,50.94360462],[4.11725682,50.94361368],[4.11729759,50.94359143],[4.11740242,50.94366697],[4.11734613,50.94369784],[4.1173454,50.94369824]]]}},{"type":"Feature","id":"gebouw/Gebouw.16615655/0","properties":{"source":"Digitaal Vlaanderen Gebouwenregister","source_id":"gebouw/Gebouw.16615655/0","kind":"building","height_m":5.0,"status":null},"geometry":{"type":"Polygon","coordinates":[[[4.12022145,50.94559258],[4.12010365,50.94566157],[4.12008824,50.94565502],[4.12005816,50.94568326],[4.11997874,50.94564946],[4.1201026,50.94553955],[4.12015413,50.94556272],[4.12015015,50.94556638],[4.12016969,50.9455753],[4.12017431,50.94557132],[4.12022145,50.94559258]]]}},{"type":"Feature","id":"gebouw/Gebouw.16617112/0","properties":{"source":"Digitaal Vlaanderen Gebouwenregister","source_id":"gebouw/Gebouw.16617112/0","kind":"building","height_m":5.72,"status":null},"geometry":{"type":"Polygon","coordinates":[[[4.11885631,50.94512535],[4.11894834,50.94517327],[4.11891912,50.94519631],[4.11898533,50.94523125],[4.11889406,50.94530026],[4.11871273,50.94520584],[4.11878016,50.94515416],[4.11880312,50.94516612],[4.11885631,50.94512535]]]}},{"type":"Feature","id":"gebouw/Gebouw.16617126/0","properties":{"source":"Digitaal Vlaanderen Gebouwenregister","source_id":"gebouw/Gebouw.16617126/0","kind":"building","height_m":5.72,"status":null},"geometry":{"type":"Polygon","coordinates":[[[4.12128535,50.94682013],[4.12127357,50.94682726],[4.12126314,50.94683121],[4.121252,50.94683317],[4.12124135,50.9468333],[4.12123192,50.94683205],[4.12122274,50.94682958],[4.12121552,50.94682498],[4.12121023,50.94681885],[4.12120763,50.94680922],[4.12120985,50.94680158],[4.12121838,50.94679258],[4.12123245,50.94678589],[4.12118841,50.94675205],[4.12119987,50.94674541],[4.12125551,50.94671317],[4.12122865,50.94669092],[4.12134121,50.94663668],[4.12141418,50.94669114],[4.12134803,50.94672651],[4.12139881,50.94676441],[4.12128922,50.94682302],[4.12128535,50.94682013]]]}},{"type":"Feature","id":"gebouw/Gebouw.16619117/0","properties":{"source":"Digitaal Vlaanderen Gebouwenregister","source_id":"gebouw/Gebouw.16619117/0","kind":"building","height_m":7.88,"status":null},"geometry":{"type":"Polygon","coordinates":[[[4.11400128,50.94517105],[4.11397874,50.94515896],[4.11394809,50.94518176],[4.11393214,50.9451732],[4.11391701,50.94518445],[4.11382237,50.94513368],[4.11390992,50.94506855],[4.11404305,50.94513997],[4.11400128,50.94517105]]]}},{"type":"Feature","id":"gebouw/Gebouw.16619272/0","properties":{"source":"Digitaal Vlaanderen Gebouwenregister","source_id":"gebouw/Gebouw.16619272/0","kind":"building","height_m":8.6,"status":null},"geometry":{"type":"Polygon","coordinates":[[[4.11435286,50.94480135],[4.11438518,50.9447775],[4.11443124,50.94480212],[4.11447926,50.94476505],[4.11443467,50.944741],[4.11448086,50.94470692],[4.11437725,50.94464936],[4.11429828,50.94470609],[4.11429323,50.94470339],[4.11424186,50.94474129],[4.11435286,50.94480135]]]}},{"type":"Feature","id":"gebouw/Gebouw.16621570/0","properties":{"source":"Digitaal Vlaanderen Gebouwenregister","source_id":"gebouw/Gebouw.16621570/0","kind":"building","height_m":5.0,"status":null},"geometry":{"type":"Polygon","coordinates":[[[4.11829501,50.94389791],[4.11815774,50.94401052],[4.11807953,50.94397147],[4.11815631,50.9439101],[4.11819265,50.94392825],[4.11825797,50.94387605],[4.1182904,50.94385012],[4.11832944,50.94386965],[4.11829501,50.94389791]]]}},{"type":"Feature","id":"gebouw/Gebouw.16621635/0","properties":{"source":"Digitaal Vlaanderen Gebouwenregister","source_id":"gebouw/Gebouw.16621635/0","kind":"building","height_m":6.44,"status":null},"geometry":{"type":"Polygon","coordinates":[[[4.11345575,50.94563567],[4.11353246,50.9456704],[4.11344754,50.94574537],[4.11337084,50.94571064],[4.11326521,50.94566282],[4.11331631,50.9456177],[4.11332013,50.94561925],[4.1133535,50.94558966],[4.11345575,50.94563567]]]}},{"type":"Feature","id":"gebouw/Gebouw.16624081/0","properties":{"source":"Digitaal Vlaanderen Gebouwenregister","source_id":"gebouw/Gebouw.16624081/0","kind":"building","height_m":8.6,"status":null},"geometry":{"type":"Polygon","coordinates":[[[4.12056794,50.94521242],[4.12057152,50.94521444],[4.12058735,50.94520327],[4.12058326,50.94520095],[4.12060037,50.94518888],[4.12060574,50.94519191],[4.12061965,50.9451821],[4.12061436,50.9451791],[4.1206196,50.94517541],[4.12062004,50.94517228],[4.12065613,50.94514679],[4.12066044,50.94514745],[4.12066896,50.94514136],[4.12082556,50.94522885],[4.12079224,50.94525266],[4.12078374,50.9452477],[4.12071875,50.94529367],[4.12072754,50.94529865],[4.12069398,50.94532234],[4.12053753,50.94523388],[4.12056794,50.94521242]]]}},{"type":"Feature","id":"gebouw/Gebouw.16624116/0","properties":{"source":"Digitaal Vlaanderen Gebouwenregister","source_id":"gebouw/Gebouw.16624116/0","kind":"building","height_m":8.6,"status":null},"geometry":{"type":"Polygon","coordinates":[[[4.11938696,50.94543878],[4.11945164,50.9454689],[4.1194872,50.94548546],[4.11943506,50.94553014],[4.11932764,50.94548411],[4.11925883,50.94545463],[4.11931592,50.9454057],[4.11938696,50.94543878]]]}},{"type":"Feature","id":"gebouw/Gebouw.16625947/0","properties":{"source":"Digitaal Vlaanderen Gebouwenregister","source_id":"gebouw/Gebouw.16625947/0","kind":"building","height_m":6.44,"status":null},"geometry":{"type":"Polygon","coordinates":[[[4.11560519,50.94392638],[4.11554688,50.94395492],[4.11551528,50.9439309],[4.11557577,50.94389866],[4.11553665,50.94385685],[4.11565337,50.94381359],[4.11571504,50.9438726],[4.11560519,50.94392638]]]}},{"type":"Feature","id":"gebouw/Gebouw.16626181/0","properties":{"source":"Digitaal Vlaanderen Gebouwenregister","source_id":"gebouw/Gebouw.16626181/0","kind":"building","height_m":8.6,"status":null},"geometry":{"type":"Polygon","coordinates":[[[4.12052802,50.94573976],[4.12049331,50.94571098],[4.12049324,50.94571091],[4.12047968,50.94569968],[4.12047876,50.94569892],[4.12045079,50.94567572],[4.12045057,50.94567554],[4.12044566,50.94567147],[4.12038214,50.94561878],[4.120313,50.94565206],[4.12035515,50.94568701],[4.12032733,50.9457004],[4.12037419,50.94573927],[4.12031415,50.94576816],[4.12029679,50.94575377],[4.1202426,50.94577985],[4.12031905,50.94584033],[4.12052802,50.94573976]]]}},{"type":"Feature","id":"gebouw/Gebouw.16626587/0","properties":{"source":"Digitaal Vlaanderen Gebouwenregister","source_id":"gebouw/Gebouw.16626587/0","kind":"building","height_m":8.6,"status":null},"geometry":{"type":"Polygon","coordinates":[[[4.11426196,50.94425404],[4.11411082,50.94415922],[4.11422649,50.94408563],[4.11439109,50.94419353],[4.11435264,50.94421694],[4.11433855,50.94420789],[4.1143343,50.94420802],[4.11426196,50.94425404]]]}},{"type":"Feature","id":"gebouw/Gebouw.16627951/0","properties":{"source":"Digitaal Vlaanderen Gebouwenregister","source_id":"gebouw/Gebouw.16627951/0","kind":"building","height_m":7.88,"status":null},"geometry":{"type":"Polygon","coordinates":[[[4.11788544,50.94404014],[4.11776057,50.94410713],[4.11767722,50.94404512],[4.11777116,50.94399631],[4.11780079,50.94401907],[4.11783371,50.94400165],[4.11788544,50.94404014]]]}},{"type":"Feature","id":"gebouw/Gebouw.16628131/0","properties":{"source":"Digitaal Vlaanderen Gebouwenregister","source_id":"gebouw/Gebouw.16628131/0","kind":"building","height_m":6.44,"status":null},"geometry":{"type":"Polygon","coordinates":[[[4.11331426,50.94523103],[4.11325729,50.94528083],[4.11306488,50.94519296],[4.11312185,50.94514317],[4.11331426,50.94523103]]]}},{"type":"Feature","id":"gebouw/Gebouw.16628207/0","properties":{"source":"Digitaal Vlaanderen Gebouwenregister","source_id":"gebouw/Gebouw.16628207/0","kind":"building","height_m":5.72,"status":null},"geometry":{"type":"Polygon","coordinates":[[[4.11564878,50.94371634],[4.11551212,50.94376743],[4.11541251,50.94366106],[4.11536241,50.94367978],[4.11532165,50.94363626],[4.11532325,50.94363566],[4.11536146,50.94362138],[4.11532839,50.94358607],[4.11531635,50.94357321],[4.11540357,50.94354061],[4.11552718,50.94366326],[4.11558043,50.94364336],[4.11564878,50.94371634]]]}},{"type":"Feature","id":"gebouw/Gebouw.16628250/0","properties":{"source":"Digitaal Vlaanderen Gebouwenregister","source_id":"gebouw/Gebouw.16628250/0","kind":"building","height_m":6.44,"status":null},"geometry":{"type":"Polygon","coordinates":[[[4.11693094,50.9426255],[4.11696491,50.94259794],[4.11703509,50.94263247],[4.11706474,50.94260803],[4.11715044,50.94264953],[4.11709354,50.94269644],[4.11706312,50.94268175],[4.11702355,50.94270994],[4.11702624,50.94271155],[4.11699996,50.9427325],[4.11699792,50.94273132],[4.11697033,50.94275341],[4.11686696,50.94270256],[4.11695023,50.942635],[4.11693094,50.9426255]]]}},{"type":"Feature","id":"gebouw/Gebouw.16628705/0","properties":{"source":"Digitaal Vlaanderen Gebouwenregister","source_id":"gebouw/Gebouw.16628705/0","kind":"building","height_m":6.44,"status":null},"geometry":{"type":"Polygon","coordinates":[[[4.11833264,50.94252003],[4.1182792,50.94249138],[4.11824146,50.94247114],[4.11846022,50.942309],[4.11846346,50.94231094],[4.11847216,50.94230515],[4.11839809,50.94226074],[4.11832894,50.94230677],[4.11829654,50.94228735],[4.11828455,50.94229533],[4.11822257,50.94225816],[4.11830793,50.94220134],[4.11836593,50.94223612],[4.11841613,50.94220271],[4.11852913,50.94226722],[4.11859431,50.94230443],[4.11860441,50.94229692],[4.1186305,50.9423109],[4.11861985,50.94231882],[4.11862415,50.94232113],[4.11856789,50.94236301],[4.11862598,50.94239416],[4.1185156,50.94247633],[4.11844337,50.9424376],[4.11833264,50.94252003]]]}},{"type":"Feature","id":"gebouw/Gebouw.16628841/0","properties":{"source":"Digitaal Vlaanderen Gebouwenregister","source_id":"gebouw/Gebouw.16628841/0","kind":"building","height_m":8.6,"status":null},"geometry":{"type":"Polygon","coordinates":[[[4.11887759,50.94424745],[4.11887297,50.9442505],[4.1187175,50.94435323],[4.11864808,50.94431104],[4.11880869,50.94420557],[4.11877508,50.94418515],[4.11890426,50.94410144],[4.11893533,50.9440813],[4.11896212,50.94409786],[4.11893078,50.9441181],[4.11893909,50.94412323],[4.11884793,50.94418212],[4.11888328,50.94420396],[4.11892792,50.94417513],[4.11893733,50.94418118],[4.11895586,50.94416783],[4.11897833,50.94418089],[4.11895891,50.94419372],[4.11887759,50.94424745]]]}},{"type":"Feature","id":"gebouw/Gebouw.16630329/0","properties":{"source":"Digitaal Vlaanderen Gebouwenregister","source_id":"gebouw/Gebouw.16630329/0","kind":"building","height_m":6.44,"status":null},"geometry":{"type":"Polygon","coordinates":[[[4.11852773,50.94395067],[4.11853717,50.94395421],[4.11850767,50.9439856],[4.11849872,50.94398224],[4.1184562,50.9440275],[4.11845956,50.94402876],[4.11840291,50.94408906],[4.11845511,50.94411703],[4.1183505,50.94419492],[4.11826743,50.9441453],[4.11831613,50.94411276],[4.11830918,50.9441086],[4.11832736,50.94409554],[4.11836435,50.94406897],[4.11841979,50.94401349],[4.11850854,50.94391902],[4.11854375,50.94393222],[4.11852773,50.94395067]]]}},{"type":"Feature","id":"gebouw/Gebouw.16630341/0","properties":{"source":"Digitaal Vlaanderen Gebouwenregister","source_id":"gebouw/Gebouw.16630341/0","kind":"building","height_m":5.0,"status":null},"geometry":{"type":"Polygon","coordinates":[[[4.1124309,50.94619038],[4.11238418,50.94623336],[4.11228143,50.94618807],[4.1122855,50.94618423],[4.11226926,50.94617733],[4.11219069,50.94614289],[4.11223295,50.94610443],[4.1123278,50.94614561],[4.1124309,50.94619038]]]}},{"type":"Feature","id":"gebouw/Gebouw.16630894/0","properties":{"source":"Digitaal Vlaanderen Gebouwenregister","source_id":"gebouw/Gebouw.16630894/0","kind":"building","height_m":5.0,"status":null},"geometry":{"type":"Polygon","coordinates":[[[4.11940203,50.94448057],[4.11931315,50.94453402],[4.11928622,50.94455021],[4.11933659,50.94458187],[4.11936426,50.94456553],[4.11938503,50.94457834],[4.1193851,50.94457838],[4.11940063,50.94458796],[4.11940428,50.94459021],[4.11941702,50.94459806],[4.11950473,50.94454128],[4.11946333,50.94451306],[4.11945603,50.94451734],[4.11940203,50.94448057]]]}},{"type":"Feature","id":"gebouw/Gebouw.16632726/0","properties":{"source":"Digitaal Vlaanderen Gebouwenregister","source_id":"gebouw/Gebouw.16632726/0","kind":"building","height_m":8.6,"status":null},"geometry":{"type":"Polygon","coordinates":[[[4.11852623,50.94199575],[4.11847352,50.94204668],[4.11872668,50.94214807],[4.11877708,50.94209937],[4.11852623,50.94199575]]]}},{"type":"Feature","id":"gebouw/Gebouw.16633003/0","properties":{"source":"Digitaal Vlaanderen Gebouwenregister","source_id":"gebouw/Gebouw.16633003/0","kind":"building","height_m":6.44,"status":null},"geometry":{"type":"Polygon","coordinates":[[[4.11534566,50.94421863],[4.1151976,50.9441004],[4.1152157,50.94409135],[4.11521474,50.9440902],[4.1152213,50.94408723],[4.11522218,50.94408815],[4.11526749,50.94406589],[4.11534635,50.94412993],[4.11539737,50.94410443],[4.11546542,50.94415877],[4.11534566,50.94421863]]]}},{"type":"Feature","id":"gebouw/Gebouw.16634863/0","properties":{"source":"Digitaal Vlaanderen Gebouwenregister","source_id":"gebouw/Gebouw.16634863/0","kind":"building","height_m":5.0,"status":null},"geometry":{"type":"Polygon","coordinates":[[[4.11899939,50.94443311],[4.11894162,50.94439909],[4.11894895,50.9443938],[4.1189292,50.94438186],[4.11905541,50.94429853],[4.11909984,50.94432539],[4.11913354,50.94430314],[4.11916503,50.94432217],[4.11919885,50.94429952],[4.11920342,50.94430229],[4.1192337,50.9442823],[4.11925144,50.94429302],[4.11922161,50.94431272],[4.11923036,50.94431801],[4.11914945,50.94437143],[4.119125,50.94438757],[4.11909418,50.94436962],[4.11899939,50.94443311]]]}},{"type":"Feature","id":"gebouw/Gebouw.16634927/0","properties":{"source":"Digitaal Vlaanderen Gebouwenregister","source_id":"gebouw/Gebouw.16634927/0","kind":"building","height_m":5.72,"status":null},"geometry":{"type":"Polygon","coordinates":[[[4.11929192,50.94531585],[4.11923471,50.94536033],[4.11927409,50.94538055],[4.11921106,50.94542955],[4.11913782,50.94539195],[4.11912907,50.94539875],[4.1190712,50.94537122],[4.11914014,50.94534427],[4.11906104,50.94530367],[4.11914341,50.94523963],[4.11929192,50.94531585]]]}},{"type":"Feature","id":"gebouw/Gebouw.16635046/0","properties":{"source":"Digitaal Vlaanderen Gebouwenregister","source_id":"gebouw/Gebouw.16635046/0","kind":"building","height_m":5.72,"status":null},"geometry":{"type":"Polygon","coordinates":[[[4.11719463,50.94324417],[4.11733909,50.94315512],[4.11738191,50.94318255],[4.11743756,50.94321987],[4.11728968,50.9433079],[4.11719463,50.94324417]]]}},{"type":"Feature","id":"gebouw/Gebouw.16635339/0","properties":{"source":"Digitaal Vlaanderen Gebouwenregister","source_id":"gebouw/Gebouw.16635339/0","kind":"building","height_m":5.0,"status":null},"geometry":{"type":"Polygon","coordinates":[[[4.11869961,50.9441904],[4.11860774,50.94425593],[4.11850615,50.94419908],[4.11849676,50.94420617],[4.11845883,50.94418485],[4.11855375,50.94411744],[4.11858658,50.94413589],[4.11859619,50.94412907],[4.11870233,50.94418846],[4.11869961,50.9441904]]]}},{"type":"Feature","id":"gebouw/Gebouw.16637642/0","properties":{"source":"Digitaal Vlaanderen Gebouwenregister","source_id":"gebouw/Gebouw.16637642/0","kind":"building","height_m":5.0,"status":null},"geometry":{"type":"Polygon","coordinates":[[[4.12065129,50.94560103],[4.12057294,50.94563969],[4.12045703,50.9455452],[4.12053508,50.94550683],[4.12054758,50.94551673],[4.120582,50.94549953],[4.12057064,50.94548983],[4.12057271,50.94548889],[4.12057434,50.94548999],[4.12062683,50.94546408],[4.12066142,50.945447],[4.12070997,50.94548741],[4.12061927,50.94553245],[4.12060851,50.94552381],[4.1205816,50.94553717],[4.12065733,50.94559804],[4.12065129,50.94560103]]]}},{"type":"Feature","id":"gebouw/Gebouw.16637654/0","properties":{"source":"Digitaal Vlaanderen Gebouwenregister","source_id":"gebouw/Gebouw.16637654/0","kind":"building","height_m":8.6,"status":null},"geometry":{"type":"Polygon","coordinates":[[[4.11885632,50.94435346],[4.11894593,50.94429555],[4.11887297,50.9442505],[4.1187175,50.94435323],[4.11875847,50.94437812],[4.1187831,50.94436229],[4.11881355,50.9443811],[4.11885632,50.94435346]]]}},{"type":"Feature","id":"gebouw/Gebouw.16704709/0","properties":{"source":"Digitaal Vlaanderen Gebouwenregister","source_id":"gebouw/Gebouw.16704709/0","kind":"building","height_m":5.0,"status":null},"geometry":{"type":"Polygon","coordinates":[[[4.11769198,50.94280752],[4.11772932,50.94277992],[4.11775297,50.94279269],[4.11777459,50.94277671],[4.11776899,50.94277368],[4.1177964,50.94275341],[4.11773946,50.94272267],[4.11771244,50.94274263],[4.11768347,50.94272699],[4.11769488,50.94271855],[4.11766466,50.94270223],[4.11765408,50.94271006],[4.11754734,50.94265242],[4.11754661,50.94265203],[4.1175366,50.94265943],[4.11749218,50.94269226],[4.11745183,50.94272209],[4.11754817,50.94277286],[4.11758968,50.94274142],[4.11760337,50.94274864],[4.11759389,50.94275582],[4.11769198,50.94280752]]]}},{"type":"Feature","id":"gebouw/Gebouw.16713880/0","properties":{"source":"Digitaal Vlaanderen Gebouwenregister","source_id":"gebouw/Gebouw.16713880/0","kind":"building","height_m":5.72,"status":null},"geometry":{"type":"Polygon","coordinates":[[[4.12078128,50.94598263],[4.12057441,50.94606612],[4.12052342,50.94601649],[4.12072935,50.94593207],[4.12078128,50.94598263]]]}},{"type":"Feature","id":"gebouw/Gebouw.16714212/0","properties":{"source":"Digitaal Vlaanderen Gebouwenregister","source_id":"gebouw/Gebouw.16714212/0","kind":"building","height_m":7.88,"status":null},"geometry":{"type":"Polygon","coordinates":[[[4.11807186,50.94382305],[4.11804488,50.94384199],[4.11804197,50.94384052],[4.11800572,50.94386875],[4.1179697,50.94388581],[4.11796357,50.94388101],[4.11792273,50.94390284],[4.11788748,50.94387553],[4.11788899,50.94387473],[4.11794556,50.94384453],[4.11795984,50.94383691],[4.11797643,50.94384567],[4.118038,50.94379991],[4.11807186,50.94382305]]]}},{"type":"Feature","id":"gebouw/Gebouw.16714229/0","properties":{"source":"Digitaal Vlaanderen Gebouwenregister","source_id":"gebouw/Gebouw.16714229/0","kind":"building","height_m":5.0,"status":null},"geometry":{"type":"Polygon","coordinates":[[[4.11757957,50.9440211],[4.1175559,50.94403383],[4.11752627,50.944012],[4.11748992,50.94403169],[4.11742339,50.94398267],[4.11737433,50.94394652],[4.11737784,50.94394446],[4.11745688,50.94389813],[4.11746897,50.94389166],[4.11753918,50.94394395],[4.11750195,50.9439639],[4.11757957,50.9440211]]]}},{"type":"Feature","id":"gebouw/Gebouw.16730871/0","properties":{"source":"Digitaal Vlaanderen Gebouwenregister","source_id":"gebouw/Gebouw.16730871/0","kind":"building","height_m":7.16,"status":null},"geometry":{"type":"Polygon","coordinates":[[[4.11828534,50.94406605],[4.11827903,50.9440711],[4.11815774,50.94401052],[4.11829501,50.94389791],[4.11833992,50.9439203],[4.11829596,50.94395543],[4.11832141,50.94396814],[4.11830207,50.94398359],[4.11835528,50.94401016],[4.11834609,50.94401751],[4.11828534,50.94406605]]]}},{"type":"Feature","id":"gebouw/Gebouw.16730935/0","properties":{"source":"Digitaal Vlaanderen Gebouwenregister","source_id":"gebouw/Gebouw.16730935/0","kind":"building","height_m":7.88,"status":null},"geometry":{"type":"Polygon","coordinates":[[[4.12154011,50.94464616],[4.12153239,50.94465187],[4.12144582,50.94460515],[4.1214533,50.94459962],[4.12142332,50.94458344],[4.12148345,50.94453897],[4.12151003,50.94455332],[4.12152655,50.9445411],[4.1216171,50.94458997],[4.12160887,50.94459606],[4.12169804,50.94464418],[4.12162986,50.9446946],[4.12154011,50.94464616]]]}},{"type":"Feature","id":"gebouw/Gebouw.16731144/0","properties":{"source":"Digitaal Vlaanderen Gebouwenregister","source_id":"gebouw/Gebouw.16731144/0","kind":"building","height_m":7.16,"status":null},"geometry":{"type":"Polygon","coordinates":[[[4.118702,50.94451405],[4.11864289,50.94457555],[4.11839732,50.94448311],[4.11842584,50.94445287],[4.11835786,50.94442326],[4.11846513,50.94433826],[4.11860852,50.94440052],[4.11858574,50.94442146],[4.11851173,50.94438933],[4.11847154,50.94442627],[4.11860085,50.94447766],[4.11860646,50.9444725],[4.118702,50.94451405]]]}},{"type":"Feature","id":"gebouw/Gebouw.16731224/0","properties":{"source":"Digitaal Vlaanderen Gebouwenregister","source_id":"gebouw/Gebouw.16731224/0","kind":"building","height_m":9.32,"status":null},"geometry":{"type":"Polygon","coordinates":[[[4.11721173,50.9424598],[4.11731782,50.94251181],[4.11724721,50.9425693],[4.11716271,50.94252787],[4.11713183,50.94255301],[4.11697327,50.94247528],[4.11701464,50.9424416],[4.11707589,50.94247163],[4.11711311,50.94248987],[4.11715161,50.94250875],[4.11721173,50.9424598]]]}},{"type":"Feature","id":"gebouw/Gebouw.16731443/0","properties":{"source":"Digitaal Vlaanderen Gebouwenregister","source_id":"gebouw/Gebouw.16731443/0","kind":"building","height_m":5.72,"status":null},"geometry":{"type":"Polygon","coordinates":[[[4.11418124,50.94496987],[4.11403608,50.9448906],[4.11407553,50.94486177],[4.11410193,50.94487577],[4.11415043,50.94484113],[4.11414978,50.9448318],[4.11416761,50.94481782],[4.11418329,50.94481753],[4.11419265,50.94481053],[4.11429632,50.94486583],[4.11425066,50.9448992],[4.11426628,50.94490773],[4.11418124,50.94496987]]]}},{"type":"Feature","id":"gebouw/Gebouw.16791860/0","properties":{"source":"Digitaal Vlaanderen Gebouwenregister","source_id":"gebouw/Gebouw.16791860/0","kind":"building","height_m":5.72,"status":null},"geometry":{"type":"Polygon","coordinates":[[[4.1168806,50.94843701],[4.11678036,50.9483926],[4.11686599,50.94831547],[4.11697273,50.94836275],[4.11694487,50.94838785],[4.11704035,50.94843015],[4.11700102,50.94846558],[4.11696251,50.94850027],[4.11695071,50.94849504],[4.11690814,50.94853424],[4.11687124,50.94851825],[4.11685952,50.94852878],[4.1168535,50.9485263],[4.11684441,50.94853414],[4.11680253,50.94851575],[4.11681133,50.94850756],[4.11680556,50.9485046],[4.1168806,50.94843701]]]}},{"type":"Feature","id":"gebouw/Gebouw.16803815/0","properties":{"source":"Digitaal Vlaanderen Gebouwenregister","source_id":"gebouw/Gebouw.16803815/0","kind":"building","height_m":5.0,"status":null},"geometry":{"type":"Polygon","coordinates":[[[4.11381868,50.94751702],[4.11380112,50.94754339],[4.11373732,50.94752644],[4.11375488,50.94750007],[4.11381868,50.94751702]]]}},{"type":"Feature","id":"gebouw/Gebouw.16876450/0","properties":{"source":"Digitaal Vlaanderen Gebouwenregister","source_id":"gebouw/Gebouw.16876450/0","kind":"building","height_m":7.16,"status":null},"geometry":{"type":"Polygon","coordinates":[[[4.1125051,50.9455664],[4.11243275,50.9456276],[4.1122235,50.94553139],[4.11221229,50.94554074],[4.11214511,50.94550859],[4.11213951,50.94550591],[4.11219133,50.9454627],[4.11219464,50.9454643],[4.11226289,50.9454972],[4.11227838,50.94548376],[4.11242553,50.94555141],[4.11244298,50.94553709],[4.1125051,50.9455664]]]}},{"type":"Feature","id":"gebouw/Gebouw.16876623/0","properties":{"source":"Digitaal Vlaanderen Gebouwenregister","source_id":"gebouw/Gebouw.16876623/0","kind":"building","height_m":5.72,"status":null},"geometry":{"type":"Polygon","coordinates":[[[4.11789535,50.94373561],[4.11781537,50.94379303],[4.11780653,50.94378761],[4.11779858,50.94377495],[4.11780357,50.94377053],[4.11776043,50.943748],[4.11776812,50.9437421],[4.11782456,50.94369609],[4.11784222,50.94368307],[4.11790471,50.94363701],[4.11797427,50.94367468],[4.11791449,50.94372084],[4.11789535,50.94373561]]]}},{"type":"Feature","id":"gebouw/Gebouw.16876945/0","properties":{"source":"Digitaal Vlaanderen Gebouwenregister","source_id":"gebouw/Gebouw.16876945/0","kind":"building","height_m":5.72,"status":null},"geometry":{"type":"Polygon","coordinates":[[[4.11647629,50.94273148],[4.11637179,50.94277744],[4.11625021,50.9426671],[4.1163547,50.94262114],[4.11647214,50.94272771],[4.11647629,50.94273148]]]}},{"type":"Feature","id":"gebouw/Gebouw.16877270/0","properties":{"source":"Digitaal Vlaanderen Gebouwenregister","source_id":"gebouw/Gebouw.16877270/0","kind":"building","height_m":7.88,"status":null},"geometry":{"type":"Polygon","coordinates":[[[4.11248674,50.94534196],[4.11245445,50.94532569],[4.11249815,50.94529108],[4.11247461,50.94527922],[4.11254047,50.94522707],[4.11270029,50.94530762],[4.11253994,50.94543236],[4.11251238,50.94541823],[4.11250164,50.94542682],[4.11242705,50.94538923],[4.11248674,50.94534196]]]}},{"type":"Feature","id":"gebouw/Gebouw.16896263/0","properties":{"source":"Digitaal Vlaanderen Gebouwenregister","source_id":"gebouw/Gebouw.16896263/0","kind":"building","height_m":9.32,"status":null},"geometry":{"type":"Polygon","coordinates":[[[4.12036747,50.94593355],[4.12032254,50.94589153],[4.12048535,50.94582203],[4.12058073,50.94591122],[4.1203676,50.94600219],[4.12031716,50.94595502],[4.12036747,50.94593355]]]}},{"type":"Feature","id":"gebouw/Gebouw.16896546/0","properties":{"source":"Digitaal Vlaanderen Gebouwenregister","source_id":"gebouw/Gebouw.16896546/0","kind":"building","height_m":6.44,"status":null},"geometry":{"type":"Polygon","coordinates":[[[4.11907016,50.94480331],[4.11903434,50.94483907],[4.1189592,50.94481093],[4.11892661,50.9447979],[4.11899651,50.94472812],[4.11908539,50.94476243],[4.11907458,50.94479144],[4.11907016,50.94480331]]]}},{"type":"Feature","id":"gebouw/Gebouw.16896899/0","properties":{"source":"Digitaal Vlaanderen Gebouwenregister","source_id":"gebouw/Gebouw.16896899/0","kind":"building","height_m":8.6,"status":null},"geometry":{"type":"Polygon","coordinates":[[[4.11326388,50.94493436],[4.11331908,50.94488761],[4.1133529,50.94490355],[4.11340523,50.94486241],[4.11345386,50.94488564],[4.113457,50.94488263],[4.11347174,50.94488875],[4.11346875,50.94489162],[4.1134823,50.9448984],[4.11343198,50.94494132],[4.11346682,50.94495844],[4.11341253,50.94500442],[4.11326388,50.94493436]]]}},{"type":"Feature","id":"gebouw/Gebouw.16915108/0","properties":{"source":"Digitaal Vlaanderen Gebouwenregister","source_id":"gebouw/Gebouw.16915108/0","kind":"building","height_m":5.0,"status":null},"geometry":{"type":"Polygon","coordinates":[[[4.11591541,50.94350117],[4.11586623,50.94352048],[4.11575095,50.94340332],[4.1158879,50.94334953],[4.11600319,50.9434667],[4.11593353,50.94349405],[4.11591541,50.94350117]]]}},{"type":"Feature","id":"gebouw/Gebouw.16915109/0","properties":{"source":"Digitaal Vlaanderen Gebouwenregister","source_id":"gebouw/Gebouw.16915109/0","kind":"building","height_m":5.72,"status":null},"geometry":{"type":"Polygon","coordinates":[[[4.11328695,50.9459006],[4.11332937,50.94591978],[4.11329278,50.94595202],[4.11305896,50.94584611],[4.11309749,50.94581216],[4.11311155,50.94581833],[4.11313186,50.94580107],[4.11316344,50.9458159],[4.11317964,50.94580214],[4.11323896,50.94583021],[4.11321574,50.94585114],[4.11320298,50.94586264],[4.11328695,50.9459006]]]}},{"type":"Feature","id":"gebouw/Gebouw.16915142/0","properties":{"source":"Digitaal Vlaanderen Gebouwenregister","source_id":"gebouw/Gebouw.16915142/0","kind":"building","height_m":9.32,"status":null},"geometry":{"type":"Polygon","coordinates":[[[4.11836171,50.94428986],[4.11829471,50.94425622],[4.11829206,50.9442583],[4.11825166,50.94423708],[4.11817518,50.94429785],[4.118192,50.94430661],[4.11816135,50.94433243],[4.11815565,50.94433723],[4.11820843,50.94436459],[4.1182416,50.94438177],[4.11827853,50.94435352],[4.11836171,50.94428986]]]}},{"type":"Feature","id":"gebouw/Gebouw.16915143/0","properties":{"source":"Digitaal Vlaanderen Gebouwenregister","source_id":"gebouw/Gebouw.16915143/0","kind":"building","height_m":5.0,"status":null},"geometry":{"type":"Polygon","coordinates":[[[4.11687825,50.94346258],[4.11684216,50.94348207],[4.11681009,50.94345837],[4.11678164,50.94347374],[4.11676345,50.9434603],[4.11671684,50.94348548],[4.11660879,50.94340681],[4.11671662,50.9433477],[4.11671861,50.94334661],[4.11687825,50.94346258]]]}},{"type":"Feature","id":"gebouw/Gebouw.16915355/0","properties":{"source":"Digitaal Vlaanderen Gebouwenregister","source_id":"gebouw/Gebouw.16915355/0","kind":"building","height_m":6.44,"status":null},"geometry":{"type":"Polygon","coordinates":[[[4.11756065,50.9424868],[4.11751773,50.9425208],[4.11738557,50.94245421],[4.11742849,50.94242021],[4.1174511,50.9424316],[4.1174922,50.94239904],[4.11751008,50.94240791],[4.1175235,50.94239711],[4.11750575,50.94238831],[4.11745491,50.94236308],[4.11746172,50.9423576],[4.11742823,50.94234099],[4.11744042,50.94233118],[4.11741996,50.94232088],[4.1174439,50.94230192],[4.11746577,50.94231277],[4.11747006,50.94230932],[4.11748641,50.9423174],[4.11750317,50.94230391],[4.1175218,50.94231316],[4.11750507,50.94232662],[4.11768399,50.94241499],[4.11762083,50.9424658],[4.11760029,50.9424554],[4.11756065,50.9424868]]]}},{"type":"Feature","id":"gebouw/Gebouw.16915902/0","properties":{"source":"Digitaal Vlaanderen Gebouwenregister","source_id":"gebouw/Gebouw.16915902/0","kind":"building","height_m":7.16,"status":null},"geometry":{"type":"Polygon","coordinates":[[[4.11607076,50.94387697],[4.11597402,50.9439209],[4.11589535,50.94385563],[4.11587292,50.9438671],[4.11586791,50.94386269],[4.11604147,50.94378388],[4.11612128,50.94385402],[4.11607076,50.94387697]]]}},{"type":"Feature","id":"gebouw/Gebouw.16929131/0","properties":{"source":"Digitaal Vlaanderen Gebouwenregister","source_id":"gebouw/Gebouw.16929131/0","kind":"building","height_m":6.44,"status":null},"geometry":{"type":"Polygon","coordinates":[[[4.12164682,50.94680289],[4.12154454,50.94683113],[4.12148318,50.94674242],[4.12169261,50.94668923],[4.12175243,50.94677374],[4.12164682,50.94680289]]]}},{"type":"Feature","id":"gebouw/Gebouw.16929489/0","properties":{"source":"Digitaal Vlaanderen Gebouwenregister","source_id":"gebouw/Gebouw.16929489/0","kind":"building","height_m":7.16,"status":null},"geometry":{"type":"Polygon","coordinates":[[[4.11928018,50.94488022],[4.11927494,50.94483478],[4.11917854,50.94483922],[4.11917289,50.94476705],[4.11925526,50.94476447],[4.11927816,50.94477331],[4.11929749,50.94478078],[4.11930008,50.94483106],[4.11934179,50.94484708],[4.11940506,50.94487137],[4.11941699,50.94485886],[4.1194708,50.94488039],[4.11941965,50.94493559],[4.11930191,50.94488885],[4.11928018,50.94488022]]]}},{"type":"Feature","id":"gebouw/Gebouw.18115280/0","properties":{"source":"Digitaal Vlaanderen Gebouwenregister","source_id":"gebouw/Gebouw.18115280/0","kind":"building","height_m":5.72,"status":null},"geometry":{"type":"Polygon","coordinates":[[[4.1152331,50.94422085],[4.11514426,50.94426493],[4.11503751,50.94417916],[4.11512726,50.94413452],[4.1152331,50.94422085]]]}},{"type":"Feature","id":"gebouw/Gebouw.18115398/0","properties":{"source":"Digitaal Vlaanderen Gebouwenregister","source_id":"gebouw/Gebouw.18115398/0","kind":"building","height_m":5.0,"status":null},"geometry":{"type":"Polygon","coordinates":[[[4.11409967,50.94821904],[4.11407726,50.9482617],[4.114051,50.94831172],[4.11403064,50.94835048],[4.11412995,50.94837067],[4.11420156,50.9482404],[4.11409967,50.94821904]]]}},{"type":"Feature","id":"gebouw/Gebouw.18115399/0","properties":{"source":"Digitaal Vlaanderen Gebouwenregister","source_id":"gebouw/Gebouw.18115399/0","kind":"building","height_m":5.72,"status":null},"geometry":{"type":"Polygon","coordinates":[[[4.11409967,50.94821904],[4.11407726,50.9482617],[4.114051,50.94831172],[4.11394207,50.94828958],[4.11396866,50.94823894],[4.11399106,50.94819628],[4.11409967,50.94821904]]]}},{"type":"Feature","id":"gebouw/Gebouw.18115400/0","properties":{"source":"Digitaal Vlaanderen Gebouwenregister","source_id":"gebouw/Gebouw.18115400/0","kind":"building","height_m":6.44,"status":null},"geometry":{"type":"Polygon","coordinates":[[[4.11394207,50.94828958],[4.11396866,50.94823894],[4.11399106,50.94819628],[4.1138893,50.94817497],[4.11382006,50.94830457],[4.11392319,50.94832553],[4.11394207,50.94828958]]]}},{"type":"Feature","id":"gebouw/Gebouw.18115402/0","properties":{"source":"Digitaal Vlaanderen Gebouwenregister","source_id":"gebouw/Gebouw.18115402/0","kind":"building","height_m":7.88,"status":null},"geometry":{"type":"Polygon","coordinates":[[[4.11309369,50.94756361],[4.11307585,50.9475895],[4.11274353,50.94749806],[4.11276058,50.94747334],[4.11282787,50.94737453],[4.11316133,50.94746644],[4.11309369,50.94756361]]]}},{"type":"Feature","id":"gebouw/Gebouw.18115560/0","properties":{"source":"Digitaal Vlaanderen Gebouwenregister","source_id":"gebouw/Gebouw.18115560/0","kind":"building","height_m":5.72,"status":null},"geometry":{"type":"Polygon","coordinates":[[[4.11785774,50.94218658],[4.11779542,50.9422371],[4.11777039,50.94225739],[4.11760331,50.94217275],[4.11762696,50.9421539],[4.11764821,50.94213696],[4.1176801,50.94215377],[4.11772245,50.94212028],[4.11785774,50.94218658]]]}},{"type":"Feature","id":"gebouw/Gebouw.18508437/0","properties":{"source":"Digitaal Vlaanderen Gebouwenregister","source_id":"gebouw/Gebouw.18508437/0","kind":"building","height_m":7.16,"status":null},"geometry":{"type":"Polygon","coordinates":[[[4.1133999,50.94587741],[4.11342581,50.94585458],[4.1135769,50.94592302],[4.11355099,50.94594585],[4.1133999,50.94587741]]]}},{"type":"Feature","id":"gebouw/Gebouw.18730188/0","properties":{"source":"Digitaal Vlaanderen Gebouwenregister","source_id":"gebouw/Gebouw.18730188/0","kind":"building","height_m":5.72,"status":null},"geometry":{"type":"Polygon","coordinates":[[[4.11836711,50.94383359],[4.11834112,50.9438513],[4.1182991,50.94382938],[4.11832359,50.94381141],[4.11836711,50.94383359]]]}},{"type":"Feature","id":"gebouw/Gebouw.18730189/0","properties":{"source":"Digitaal Vlaanderen Gebouwenregister","source_id":"gebouw/Gebouw.18730189/0","kind":"building","height_m":6.44,"status":null},"geometry":{"type":"Polygon","coordinates":[[[4.11967237,50.9445027],[4.11964555,50.94452285],[4.11959166,50.94449353],[4.1196176,50.94447392],[4.11967237,50.9445027]]]}},{"type":"Feature","id":"gebouw/Gebouw.18730190/0","properties":{"source":"Digitaal Vlaanderen Gebouwenregister","source_id":"gebouw/Gebouw.18730190/0","kind":"building","height_m":7.16,"status":null},"geometry":{"type":"Polygon","coordinates":[[[4.12011946,50.94608379],[4.1200738,50.9461038],[4.1200518,50.9460849],[4.12009836,50.94606494],[4.12011946,50.94608379]]]}},{"type":"Feature","id":"gebouw/Gebouw.18730191/0","properties":{"source":"Digitaal Vlaanderen Gebouwenregister","source_id":"gebouw/Gebouw.18730191/0","kind":"building","height_m":7.88,"status":null},"geometry":{"type":"Polygon","coordinates":[[[4.12028105,50.94586363],[4.12022235,50.94589135],[4.120199,50.94587194],[4.12026028,50.9458442],[4.12028105,50.94586363]]]}},{"type":"Feature","id":"gebouw/Gebouw.18730192/0","properties":{"source":"Digitaal Vlaanderen Gebouwenregister","source_id":"gebouw/Gebouw.18730192/0","kind":"building","height_m":8.6,"status":null},"geometry":{"type":"Polygon","coordinates":[[[4.11522962,50.94432214],[4.11530119,50.94437836],[4.11525851,50.94439807],[4.11518884,50.944342],[4.11522962,50.94432214]]]}},{"type":"Feature","id":"gebouw/Gebouw.18730193/0","properties":{"source":"Digitaal Vlaanderen Gebouwenregister","source_id":"gebouw/Gebouw.18730193/0","kind":"building","height_m":9.32,"status":null},"geometry":{"type":"Polygon","coordinates":[[[4.11389734,50.94518994],[4.11386806,50.94521415],[4.11379634,50.94517771],[4.11382777,50.94515309],[4.11389734,50.94518994]]]}},{"type":"Feature","id":"gebouw/Gebouw.18730194/0","properties":{"source":"Digitaal Vlaanderen Gebouwenregister","source_id":"gebouw/Gebouw.18730194/0","kind":"building","height_m":5.0,"status":null},"geometry":{"type":"Polygon","coordinates":[[[4.11332384,50.94698324],[4.11329474,50.94701559],[4.11323925,50.94699666],[4.11326835,50.94696472],[4.11332384,50.94698324]]]}},{"type":"Feature","id":"gebouw/Gebouw.18730630/0","properties":{"source":"Digitaal Vlaanderen Gebouwenregister","source_id":"gebouw/Gebouw.18730630/0","kind":"building","height_m":6.44,"status":null},"geometry":{"type":"Polygon","coordinates":[[[4.11817302,50.94351397],[4.11814513,50.94353494],[4.11808652,50.94350441],[4.11811227,50.94348372],[4.11817302,50.94351397]]]}},{"type":"Feature","id":"gebouw/Gebouw.18730631/0","properties":{"source":"Digitaal Vlaanderen Gebouwenregister","source_id":"gebouw/Gebouw.18730631/0","kind":"building","height_m":7.16,"status":null},"geometry":{"type":"Polygon","coordinates":[[[4.1187392,50.94529267],[4.11869097,50.94533051],[4.11866016,50.94531341],[4.1187103,50.94527731],[4.1187392,50.94529267]]]}},{"type":"Feature","id":"gebouw/Gebouw.18730632/0","properties":{"source":"Digitaal Vlaanderen Gebouwenregister","source_id":"gebouw/Gebouw.18730632/0","kind":"building","height_m":7.88,"status":null},"geometry":{"type":"Polygon","coordinates":[[[4.1185691,50.94492409],[4.11859432,50.94494003],[4.11856744,50.94495612],[4.11854176,50.94493917],[4.11852585,50.94492867],[4.11852382,50.94492729],[4.11854917,50.9449115],[4.1185691,50.94492409]]]}},{"type":"Feature","id":"gebouw/Gebouw.18949196/0","properties":{"source":"Digitaal Vlaanderen Gebouwenregister","source_id":"gebouw/Gebouw.18949196/0","kind":"building","height_m":5.0,"status":null},"geometry":{"type":"Polygon","coordinates":[[[4.11947667,50.94470015],[4.11965711,50.94480102],[4.1195627,50.94486842],[4.11952233,50.94484586],[4.11943054,50.9449114],[4.119348,50.9448628],[4.11944143,50.94479947],[4.11943477,50.94479542],[4.11938106,50.94476482],[4.11947667,50.94470015]]]}},{"type":"Feature","id":"gebouw/Gebouw.18954027/0","properties":{"source":"Digitaal Vlaanderen Gebouwenregister","source_id":"gebouw/Gebouw.18954027/0","kind":"building","height_m":5.72,"status":null},"geometry":{"type":"Polygon","coordinates":[[[4.1139895,50.94456851],[4.11402309,50.94458859],[4.11395001,50.94463739],[4.11383204,50.94456689],[4.113906,50.94451749],[4.11393851,50.94453693],[4.1139657,50.94451956],[4.11396947,50.94452197],[4.11401087,50.94449503],[4.1141414,50.94457493],[4.11409772,50.94460393],[4.11401532,50.94455127],[4.1139895,50.94456851]]]}},{"type":"Feature","id":"gebouw/Gebouw.18954359/0","properties":{"source":"Digitaal Vlaanderen Gebouwenregister","source_id":"gebouw/Gebouw.18954359/0","kind":"building","height_m":7.88,"status":null},"geometry":{"type":"Polygon","coordinates":[[[4.11471321,50.94382017],[4.11470797,50.94381063],[4.1148493,50.9437797],[4.11489514,50.94386394],[4.11476072,50.94389314],[4.11476819,50.94390866],[4.11476429,50.94390945],[4.11475974,50.94390101],[4.11472392,50.94390868],[4.11472775,50.94391743],[4.1146953,50.94392432],[4.114702,50.94393755],[4.11462908,50.94395319],[4.11463749,50.94396821],[4.11454237,50.94398903],[4.11447802,50.94387164],[4.11471321,50.94382017]]]}},{"type":"Feature","id":"gebouw/Gebouw.18961936/0","properties":{"source":"Digitaal Vlaanderen Gebouwenregister","source_id":"gebouw/Gebouw.18961936/0","kind":"building","height_m":5.0,"status":null},"geometry":{"type":"Polygon","coordinates":[[[4.12032209,50.94515893],[4.12030071,50.94517348],[4.1203148,50.94518171],[4.12032142,50.94517409],[4.12036089,50.94519337],[4.12032025,50.9452428],[4.12020338,50.94520224],[4.12024005,50.94516],[4.12026826,50.94512751],[4.12032209,50.94515893]]]}},{"type":"Feature","id":"gebouw/Gebouw.18963984/0","properties":{"source":"Digitaal Vlaanderen Gebouwenregister","source_id":"gebouw/Gebouw.18963984/0","kind":"building","height_m":7.88,"status":null},"geometry":{"type":"Polygon","coordinates":[[[4.11759349,50.94233695],[4.11747083,50.94227616],[4.11752421,50.94223316],[4.117556,50.94224892],[4.11756682,50.94224021],[4.11757741,50.94223167],[4.11769402,50.94228946],[4.11768358,50.94229788],[4.11764306,50.94233051],[4.11761747,50.94231779],[4.11759349,50.94233695]]]}},{"type":"Feature","id":"gebouw/Gebouw.18972744/0","properties":{"source":"Digitaal Vlaanderen Gebouwenregister","source_id":"gebouw/Gebouw.18972744/0","kind":"building","height_m":5.0,"status":null},"geometry":{"type":"Polygon","coordinates":[[[4.11955442,50.9444009],[4.11951265,50.94438246],[4.11951005,50.94438489],[4.1194916,50.94437641],[4.11932466,50.94429965],[4.1193795,50.94425009],[4.11954869,50.94432482],[4.11958087,50.94429574],[4.11964127,50.94432242],[4.11955442,50.9444009]]]}},{"type":"Feature","id":"gebouw/Gebouw.18978309/0","properties":{"source":"Digitaal Vlaanderen Gebouwenregister","source_id":"gebouw/Gebouw.18978309/0","kind":"building","height_m":5.0,"status":null},"geometry":{"type":"Polygon","coordinates":[[[4.11800321,50.94268596],[4.11778384,50.94257513],[4.11771953,50.94254263],[4.11783618,50.94247362],[4.11788789,50.94250177],[4.11797432,50.94254882],[4.11795245,50.94256865],[4.11800067,50.9425946],[4.11803665,50.94256519],[4.11801543,50.94255536],[4.11804655,50.94253052],[4.11810128,50.94255817],[4.11813848,50.94252911],[4.11814765,50.9425336],[4.11818996,50.9425543],[4.11820937,50.94256379],[4.11812985,50.9426319],[4.1181173,50.94262591],[4.11809414,50.94264553],[4.11806064,50.94267391],[4.11803608,50.94266278],[4.11800321,50.94268596]]]}},{"type":"Feature","id":"gebouw/Gebouw.18978478/0","properties":{"source":"Digitaal Vlaanderen Gebouwenregister","source_id":"gebouw/Gebouw.18978478/0","kind":"building","height_m":5.72,"status":null},"geometry":{"type":"Polygon","coordinates":[[[4.11624675,50.94347793],[4.11615883,50.94351563],[4.11614877,50.94350627],[4.11610157,50.94346234],[4.11608306,50.94344511],[4.11606028,50.94345488],[4.11600921,50.94340767],[4.11602865,50.9433997],[4.1159555,50.94332637],[4.11597029,50.94332003],[4.11586195,50.94321918],[4.11590976,50.94319868],[4.11590546,50.94319467],[4.11584008,50.94321895],[4.11577392,50.9431461],[4.11584626,50.94312151],[4.11591047,50.94318389],[4.11591711,50.94319034],[4.11595297,50.94322517],[4.11595968,50.94322209],[4.11597739,50.94323682],[4.11610248,50.94334879],[4.11618617,50.94342371],[4.11618901,50.94342624],[4.11624675,50.94347793]]]}},{"type":"Feature","id":"gebouw/Gebouw.18978744/0","properties":{"source":"Digitaal Vlaanderen Gebouwenregister","source_id":"gebouw/Gebouw.18978744/0","kind":"building","height_m":5.72,"status":null},"geometry":{"type":"Polygon","coordinates":[[[4.11968758,50.94517239],[4.11946944,50.94505653],[4.11958775,50.94496763],[4.11965284,50.9450022],[4.11969835,50.94496801],[4.11987181,50.94506015],[4.11982959,50.94509187],[4.11980917,50.94508103],[4.11968758,50.94517239]]]}},{"type":"Feature","id":"gebouw/Gebouw.18986775/0","properties":{"source":"Digitaal Vlaanderen Gebouwenregister","source_id":"gebouw/Gebouw.18986775/0","kind":"building","height_m":7.16,"status":null},"geometry":{"type":"Polygon","coordinates":[[[4.11847631,50.94212597],[4.11846383,50.94213675],[4.11840879,50.94211173],[4.11834879,50.94216634],[4.11845468,50.94221303],[4.11846218,50.94220621],[4.11860843,50.9422727],[4.11867346,50.9422156],[4.11847631,50.94212597]]]}},{"type":"Feature","id":"gebouw/Gebouw.18986781/0","properties":{"source":"Digitaal Vlaanderen Gebouwenregister","source_id":"gebouw/Gebouw.18986781/0","kind":"building","height_m":6.44,"status":null},"geometry":{"type":"Polygon","coordinates":[[[4.12122951,50.94590549],[4.12117554,50.94586289],[4.12116209,50.94585227],[4.12099124,50.94593868],[4.1211158,50.94603698],[4.12111737,50.94603618],[4.12111543,50.94603465],[4.12121967,50.94599925],[4.12115978,50.94595198],[4.12123819,50.94591233],[4.12122951,50.94590549]]]}},{"type":"Feature","id":"gebouw/Gebouw.18986939/0","properties":{"source":"Digitaal Vlaanderen Gebouwenregister","source_id":"gebouw/Gebouw.18986939/0","kind":"building","height_m":9.32,"status":null},"geometry":{"type":"Polygon","coordinates":[[[4.12160699,50.94629711],[4.1216069,50.94629713],[4.1215497,50.94630971],[4.12151512,50.94625831],[4.12174189,50.94619651],[4.12165378,50.94606749],[4.12167023,50.9460628],[4.12174798,50.94604063],[4.12178741,50.94610167],[4.12186697,50.9462248],[4.12172461,50.94626439],[4.12160699,50.94629711]]]}},{"type":"Feature","id":"gebouw/Gebouw.18987111/0","properties":{"source":"Digitaal Vlaanderen Gebouwenregister","source_id":"gebouw/Gebouw.18987111/0","kind":"building","height_m":7.16,"status":null},"geometry":{"type":"Polygon","coordinates":[[[4.11783604,50.94426238],[4.11779341,50.9442837],[4.11774324,50.94430879],[4.11770458,50.94427859],[4.11772699,50.94426714],[4.11770993,50.94425381],[4.11770345,50.94425713],[4.1176456,50.94421195],[4.11768225,50.94419367],[4.11782103,50.94412442],[4.11783535,50.94411728],[4.11785623,50.944131],[4.11784634,50.94414864],[4.11779788,50.9441747],[4.1178461,50.94421248],[4.11789942,50.9441853],[4.11788641,50.94417511],[4.11788956,50.94416246],[4.11794304,50.94413521],[4.11791021,50.9441095],[4.11801179,50.94405775],[4.11804718,50.94408547],[4.11810275,50.944129],[4.11797393,50.94419342],[4.11783604,50.94426238]]]}},{"type":"Feature","id":"gebouw/Gebouw.18987187/0","properties":{"source":"Digitaal Vlaanderen Gebouwenregister","source_id":"gebouw/Gebouw.18987187/0","kind":"building","height_m":6.44,"status":null},"geometry":{"type":"Polygon","coordinates":[[[4.11715293,50.94321622],[4.11708258,50.94325831],[4.11704011,50.94323051],[4.11694437,50.94316781],[4.11693911,50.94316437],[4.11702713,50.94311136],[4.11716974,50.94320586],[4.11715293,50.94321622]]]}},{"type":"Feature","id":"gebouw/Gebouw.18987334/0","properties":{"source":"Digitaal Vlaanderen Gebouwenregister","source_id":"gebouw/Gebouw.18987334/0","kind":"building","height_m":6.44,"status":null},"geometry":{"type":"Polygon","coordinates":[[[4.11563455,50.94360976],[4.11552597,50.9434906],[4.11559018,50.94346433],[4.11557448,50.94344712],[4.11563657,50.94342293],[4.11576924,50.94355848],[4.11570521,50.9435835],[4.11569786,50.94357623],[4.11563348,50.94360142],[4.11563944,50.94360798],[4.11563455,50.94360976]]]}},{"type":"Feature","id":"gebouw/Gebouw.18987607/0","properties":{"source":"Digitaal Vlaanderen Gebouwenregister","source_id":"gebouw/Gebouw.18987607/0","kind":"building","height_m":6.44,"status":null},"geometry":{"type":"Polygon","coordinates":[[[4.11425571,50.94436481],[4.11412818,50.94444353],[4.11395308,50.94433032],[4.11408062,50.9442516],[4.11425571,50.94436481]]]}},{"type":"Feature","id":"gebouw/Gebouw.18998023/0","properties":{"source":"Digitaal Vlaanderen Gebouwenregister","source_id":"gebouw/Gebouw.18998023/0","kind":"building","height_m":6.44,"status":null},"geometry":{"type":"Polygon","coordinates":[[[4.11901746,50.94492962],[4.1189522,50.94497886],[4.11888207,50.94494232],[4.11893892,50.94489877],[4.11894675,50.94489278],[4.11901746,50.94492962]]]}},{"type":"Feature","id":"gebouw/Gebouw.19002592/0","properties":{"source":"Digitaal Vlaanderen Gebouwenregister","source_id":"gebouw/Gebouw.19002592/0","kind":"building","height_m":5.0,"status":null},"geometry":{"type":"Polygon","coordinates":[[[4.11745688,50.94389813],[4.11737784,50.94394446],[4.11726103,50.94385839],[4.1173339,50.9438225],[4.11735652,50.94383917],[4.11736825,50.94383282],[4.11745688,50.94389813]]]}},{"type":"Feature","id":"gebouw/Gebouw.19002776/0","properties":{"source":"Digitaal Vlaanderen Gebouwenregister","source_id":"gebouw/Gebouw.19002776/0","kind":"building","height_m":6.44,"status":null},"geometry":{"type":"Polygon","coordinates":[[[4.11360239,50.94478646],[4.11354292,50.94475506],[4.11360691,50.94470669],[4.11355164,50.94467751],[4.11360343,50.94463836],[4.11369917,50.94468892],[4.11364901,50.94472683],[4.1137037,50.94475571],[4.11377577,50.94470124],[4.11376032,50.94469308],[4.11376456,50.94468987],[4.11374636,50.94468026],[4.11376456,50.94466651],[4.11374611,50.94465676],[4.11377146,50.9446376],[4.11385819,50.94468339],[4.1138557,50.94468527],[4.11394641,50.94473317],[4.11375811,50.94487549],[4.11359709,50.94479047],[4.11360239,50.94478646]]]}},{"type":"Feature","id":"gebouw/Gebouw.19864647/0","properties":{"source":"Digitaal Vlaanderen Gebouwenregister","source_id":"gebouw/Gebouw.19864647/0","kind":"building","height_m":8.6,"status":null},"geometry":{"type":"Polygon","coordinates":[[[4.1125578,50.94784777],[4.11253288,50.94790391],[4.1124394,50.94788666],[4.11246189,50.94783202],[4.1125578,50.94784777]]]}},{"type":"Feature","id":"gebouw/Gebouw.19872245/0","properties":{"source":"Digitaal Vlaanderen Gebouwenregister","source_id":"gebouw/Gebouw.19872245/0","kind":"building","height_m":5.72,"status":null},"geometry":{"type":"Polygon","coordinates":[[[4.11601025,50.94322244],[4.11597739,50.94323682],[4.11595968,50.94322209],[4.11595297,50.94322517],[4.11591711,50.94319034],[4.11591014,50.94318358],[4.11595556,50.94316596],[4.11601352,50.94314348],[4.1160382,50.94313391],[4.11608638,50.94318136],[4.11609183,50.94318673],[4.11601025,50.94322244]]]}},{"type":"Feature","id":"gebouw/Gebouw.19872247/0","properties":{"source":"Digitaal Vlaanderen Gebouwenregister","source_id":"gebouw/Gebouw.19872247/0","kind":"building","height_m":7.16,"status":null},"geometry":{"type":"Polygon","coordinates":[[[4.11618636,50.94331764],[4.11615699,50.94332855],[4.11612872,50.94330044],[4.11608906,50.94326712],[4.11607677,50.94327258],[4.11603691,50.94323433],[4.11602686,50.94323881],[4.11601025,50.94322244],[4.11609183,50.94318673],[4.11608638,50.94318136],[4.11612358,50.94316615],[4.11615352,50.94319654],[4.11609538,50.94321998],[4.11615962,50.94328894],[4.11618636,50.94331764]]]}},{"type":"Feature","id":"gebouw/Gebouw.19872249/0","properties":{"source":"Digitaal Vlaanderen Gebouwenregister","source_id":"gebouw/Gebouw.19872249/0","kind":"building","height_m":8.6,"status":null},"geometry":{"type":"Polygon","coordinates":[[[4.11601352,50.94314348],[4.11595556,50.94316596],[4.11591156,50.94311929],[4.11596762,50.94309677],[4.11601352,50.94314348]]]}},{"type":"Feature","id":"gebouw/Gebouw.19872252/0","properties":{"source":"Digitaal Vlaanderen Gebouwenregister","source_id":"gebouw/Gebouw.19872252/0","kind":"building","height_m":5.72,"status":null},"geometry":{"type":"Polygon","coordinates":[[[4.11597739,50.94323682],[4.11610248,50.94334879],[4.11601463,50.94338141],[4.11595549,50.94332637],[4.11597029,50.94332003],[4.11586195,50.94321918],[4.11590976,50.94319868],[4.11590546,50.94319467],[4.11584008,50.94321895],[4.11583458,50.94321289],[4.11577392,50.9431461],[4.11584626,50.94312151],[4.11591014,50.94318358],[4.11591711,50.94319034],[4.11595297,50.94322517],[4.11595968,50.94322209],[4.11597739,50.94323682]]]}},{"type":"Feature","id":"gebouw/Gebouw.19872254/0","properties":{"source":"Digitaal Vlaanderen Gebouwenregister","source_id":"gebouw/Gebouw.19872254/0","kind":"building","height_m":7.16,"status":null},"geometry":{"type":"Polygon","coordinates":[[[4.11618784,50.9434252],[4.11610146,50.94346224],[4.11608306,50.94344511],[4.11603255,50.9433981],[4.11601463,50.94338141],[4.11610248,50.94334879],[4.11618784,50.9434252]]]}},{"type":"Feature","id":"gebouw/Gebouw.19872256/0","properties":{"source":"Digitaal Vlaanderen Gebouwenregister","source_id":"gebouw/Gebouw.19872256/0","kind":"building","height_m":8.6,"status":null},"geometry":{"type":"Polygon","coordinates":[[[4.11624675,50.94347793],[4.11615883,50.94351563],[4.11614877,50.94350627],[4.11610146,50.94346224],[4.11618784,50.9434252],[4.11618901,50.94342624],[4.11624675,50.94347793]]]}},{"type":"Feature","id":"gebouw/Gebouw.19872257/0","properties":{"source":"Digitaal Vlaanderen Gebouwenregister","source_id":"gebouw/Gebouw.19872257/0","kind":"building","height_m":9.32,"status":null},"geometry":{"type":"Polygon","coordinates":[[[4.11600921,50.94340767],[4.11603255,50.9433981],[4.11608306,50.94344511],[4.11610146,50.94346224],[4.11607079,50.94347539],[4.11604858,50.94345485],[4.11605655,50.94345143],[4.11600921,50.94340767]]]}},{"type":"Feature","id":"gebouw/Gebouw.19872263/0","properties":{"source":"Digitaal Vlaanderen Gebouwenregister","source_id":"gebouw/Gebouw.19872263/0","kind":"building","height_m":8.6,"status":null},"geometry":{"type":"Polygon","coordinates":[[[4.12107285,50.94228251],[4.12114007,50.94225703],[4.12110126,50.94221133],[4.12097921,50.94206763],[4.12116416,50.94200245],[4.12113205,50.94196607],[4.12093536,50.94203505],[4.12056454,50.94216509],[4.12051686,50.94218181],[4.1205439,50.94221591],[4.12059591,50.94220021],[4.12072886,50.94234911],[4.12076529,50.94238992],[4.12107285,50.94228251]]]}},{"type":"Feature","id":"gebouw/Gebouw.19872264/0","properties":{"source":"Digitaal Vlaanderen Gebouwenregister","source_id":"gebouw/Gebouw.19872264/0","kind":"building","height_m":9.32,"status":null},"geometry":{"type":"Polygon","coordinates":[[[4.12046037,50.94220162],[4.1204729,50.94219723],[4.12050395,50.94218634],[4.12051686,50.94218181],[4.12056454,50.94216509],[4.12093536,50.94203505],[4.12113205,50.94196607],[4.1212575,50.94192208],[4.12116575,50.94181816],[4.12112235,50.941769],[4.12037048,50.94203397],[4.12047407,50.9421513],[4.1204244,50.94216881],[4.12045502,50.9422035],[4.12046037,50.94220162]]]}},{"type":"Feature","id":"gebouw/Gebouw.19872321/0","properties":{"source":"Digitaal Vlaanderen Gebouwenregister","source_id":"gebouw/Gebouw.19872321/0","kind":"building","height_m":5.0,"status":null},"geometry":{"type":"Polygon","coordinates":[[[4.1163252,50.94279794],[4.11622993,50.94283562],[4.11625368,50.94286039],[4.11621459,50.94287535],[4.11619227,50.94285295],[4.11613907,50.94279957],[4.11621506,50.94276862],[4.11625853,50.94275093],[4.11626729,50.94274773],[4.1163252,50.94279794]]]}},{"type":"Feature","id":"gebouw/Gebouw.19872322/0","properties":{"source":"Digitaal Vlaanderen Gebouwenregister","source_id":"gebouw/Gebouw.19872322/0","kind":"building","height_m":5.72,"status":null},"geometry":{"type":"Polygon","coordinates":[[[4.11625853,50.94275093],[4.11621506,50.94276862],[4.11617228,50.9427282],[4.11621473,50.94270973],[4.1162557,50.94274827],[4.11625853,50.94275093]]]}},{"type":"Feature","id":"gebouw/Gebouw.19872336/0","properties":{"source":"Digitaal Vlaanderen Gebouwenregister","source_id":"gebouw/Gebouw.19872336/0","kind":"building","height_m":5.72,"status":null},"geometry":{"type":"Polygon","coordinates":[[[4.11812985,50.9426319],[4.11816043,50.94260572],[4.11820938,50.94256379],[4.11818996,50.9425543],[4.11814765,50.9425336],[4.11813847,50.94252911],[4.11810128,50.94255817],[4.11804655,50.94253052],[4.11801543,50.94255536],[4.11803665,50.94256519],[4.11800067,50.9425946],[4.1180946,50.94264515],[4.11811731,50.94262591],[4.11812985,50.9426319]]]}},{"type":"Feature","id":"gebouw/Gebouw.19872337/0","properties":{"source":"Digitaal Vlaanderen Gebouwenregister","source_id":"gebouw/Gebouw.19872337/0","kind":"building","height_m":6.44,"status":null},"geometry":{"type":"Polygon","coordinates":[[[4.11793341,50.94264401],[4.11799663,50.94259276],[4.11788959,50.94253963],[4.11791496,50.94251923],[4.11788314,50.94250344],[4.11788301,50.94250338],[4.11788634,50.94250092],[4.11783618,50.94247362],[4.11771953,50.94254264],[4.11778898,50.94257759],[4.11788006,50.94262342],[4.11788569,50.94261923],[4.11793341,50.94264401]]]}},{"type":"Feature","id":"gebouw/Gebouw.19873190/0","properties":{"source":"Digitaal Vlaanderen Gebouwenregister","source_id":"gebouw/Gebouw.19873190/0","kind":"building","height_m":5.72,"status":null},"geometry":{"type":"Polygon","coordinates":[[[4.11557482,50.94411466],[4.11556053,50.94412195],[4.1155473,50.94412871],[4.11550839,50.94409625],[4.11552093,50.94409059],[4.11553655,50.94408355],[4.11557482,50.94411466]]]}},{"type":"Feature","id":"gebouw/Gebouw.19873439/0","properties":{"source":"Digitaal Vlaanderen Gebouwenregister","source_id":"gebouw/Gebouw.19873439/0","kind":"building","height_m":8.6,"status":null},"geometry":{"type":"Polygon","coordinates":[[[4.11276815,50.9460984],[4.1130212,50.94621642],[4.11293624,50.94629007],[4.11268809,50.94617462],[4.11276815,50.9460984]]]}},{"type":"Feature","id":"gebouw/Gebouw.19873441/0","properties":{"source":"Digitaal Vlaanderen Gebouwenregister","source_id":"gebouw/Gebouw.19873441/0","kind":"building","height_m":5.0,"status":null},"geometry":{"type":"Polygon","coordinates":[[[4.11326283,50.94614063],[4.11314126,50.94624877],[4.11302292,50.94619079],[4.11309698,50.94613046],[4.11292004,50.94604378],[4.1128747,50.94608694],[4.11280975,50.9460588],[4.11281356,50.94605517],[4.11290147,50.94597148],[4.11326283,50.94614063]]]}},{"type":"Feature","id":"gebouw/Gebouw.19873442/0","properties":{"source":"Digitaal Vlaanderen Gebouwenregister","source_id":"gebouw/Gebouw.19873442/0","kind":"building","height_m":5.72,"status":null},"geometry":{"type":"Polygon","coordinates":[[[4.11272846,50.94622255],[4.11273685,50.94622579],[4.11266895,50.94629546],[4.11259354,50.94626463],[4.1125916,50.94626383],[4.11265961,50.94619581],[4.11266403,50.94619752],[4.11272846,50.94622255]]]}},{"type":"Feature","id":"gebouw/Gebouw.19873628/0","properties":{"source":"Digitaal Vlaanderen Gebouwenregister","source_id":"gebouw/Gebouw.19873628/0","kind":"building","height_m":8.6,"status":null},"geometry":{"type":"Polygon","coordinates":[[[4.11909418,50.94436962],[4.11899939,50.94443311],[4.11894162,50.94439909],[4.11894895,50.9443938],[4.1189292,50.94438186],[4.11905541,50.94429853],[4.11909984,50.94432539],[4.11913354,50.94430314],[4.11916503,50.94432217],[4.11911898,50.94435301],[4.11911012,50.94435895],[4.11909418,50.94436962]]]}},{"type":"Feature","id":"gebouw/Gebouw.19873629/0","properties":{"source":"Digitaal Vlaanderen Gebouwenregister","source_id":"gebouw/Gebouw.19873629/0","kind":"building","height_m":9.32,"status":null},"geometry":{"type":"Polygon","coordinates":[[[4.11927408,50.94428699],[4.11920209,50.94433569],[4.11914052,50.94437732],[4.11911012,50.94435895],[4.11911898,50.94435301],[4.11916503,50.94432217],[4.11924496,50.94426939],[4.11927408,50.94428699]]]}},{"type":"Feature","id":"gebouw/Gebouw.19873722/0","properties":{"source":"Digitaal Vlaanderen Gebouwenregister","source_id":"gebouw/Gebouw.19873722/0","kind":"building","height_m":5.72,"status":null},"geometry":{"type":"Polygon","coordinates":[[[4.11736817,50.94309058],[4.11730255,50.94312964],[4.11738232,50.94318188],[4.11738714,50.94318504],[4.11738694,50.94318516],[4.11724012,50.94327466],[4.11719463,50.94324417],[4.11715293,50.94321622],[4.11716974,50.94320586],[4.11728741,50.94313332],[4.11728413,50.94313118],[4.11716034,50.94305007],[4.11709939,50.94310368],[4.1170831,50.94309476],[4.11702678,50.94306394],[4.11715778,50.94295232],[4.11736817,50.94309058]]]}},{"type":"Feature","id":"gebouw/Gebouw.19874003/0","properties":{"source":"Digitaal Vlaanderen Gebouwenregister","source_id":"gebouw/Gebouw.19874003/0","kind":"building","height_m":6.44,"status":null},"geometry":{"type":"Polygon","coordinates":[[[4.11396947,50.94452197],[4.11401532,50.94455127],[4.1139895,50.94456851],[4.11402309,50.94458859],[4.11395001,50.94463739],[4.11383204,50.94456689],[4.113906,50.94451749],[4.11393851,50.94453693],[4.1139657,50.94451956],[4.11396947,50.94452197]]]}},{"type":"Feature","id":"gebouw/Gebouw.19874004/0","properties":{"source":"Digitaal Vlaanderen Gebouwenregister","source_id":"gebouw/Gebouw.19874004/0","kind":"building","height_m":7.16,"status":null},"geometry":{"type":"Polygon","coordinates":[[[4.1141414,50.94457493],[4.11409772,50.94460393],[4.11401532,50.94455127],[4.11396947,50.94452197],[4.11401087,50.94449503],[4.1141414,50.94457493]]]}},{"type":"Feature","id":"gebouw/Gebouw.19874125/0","properties":{"source":"Digitaal Vlaanderen Gebouwenregister","source_id":"gebouw/Gebouw.19874125/0","kind":"building","height_m":8.6,"status":null},"geometry":{"type":"Polygon","coordinates":[[[4.11951265,50.94438246],[4.11950999,50.94438487],[4.1194916,50.94437641],[4.11932466,50.94429965],[4.1193795,50.94425009],[4.11954869,50.94432482],[4.11956733,50.94433305],[4.11951265,50.94438246]]]}},{"type":"Feature","id":"gebouw/Gebouw.19874126/0","properties":{"source":"Digitaal Vlaanderen Gebouwenregister","source_id":"gebouw/Gebouw.19874126/0","kind":"building","height_m":9.32,"status":null},"geometry":{"type":"Polygon","coordinates":[[[4.11954869,50.94432482],[4.11958087,50.94429574],[4.11964127,50.94432242],[4.11955442,50.9444009],[4.11951265,50.94438246],[4.11956733,50.94433305],[4.11954869,50.94432482]]]}},{"type":"Feature","id":"gebouw/Gebouw.19874564/0","properties":{"source":"Digitaal Vlaanderen Gebouwenregister","source_id":"gebouw/Gebouw.19874564/0","kind":"building","height_m":7.16,"status":null},"geometry":{"type":"Polygon","coordinates":[[[4.11510988,50.94435696],[4.11503237,50.94439521],[4.1148508,50.94424859],[4.11492951,50.94420975],[4.11496548,50.94423864],[4.11497903,50.94423204],[4.11507493,50.9443084],[4.11506881,50.94431123],[4.11511949,50.94435222],[4.11510988,50.94435696]]]}},{"type":"Feature","id":"gebouw/Gebouw.19874565/0","properties":{"source":"Digitaal Vlaanderen Gebouwenregister","source_id":"gebouw/Gebouw.19874565/0","kind":"building","height_m":7.88,"status":null},"geometry":{"type":"Polygon","coordinates":[[[4.11510988,50.94435696],[4.11514775,50.94438759],[4.11507027,50.94442582],[4.11503237,50.94439521],[4.11510988,50.94435696]]]}},{"type":"Feature","id":"gebouw/Gebouw.19874689/0","properties":{"source":"Digitaal Vlaanderen Gebouwenregister","source_id":"gebouw/Gebouw.19874689/0","kind":"building","height_m":6.44,"status":null},"geometry":{"type":"Polygon","coordinates":[[[4.11981955,50.94538642],[4.11969788,50.9454894],[4.11959528,50.94544079],[4.11971679,50.94533796],[4.11981955,50.94538642]]]}},{"type":"Feature","id":"gebouw/Gebouw.19874690/0","properties":{"source":"Digitaal Vlaanderen Gebouwenregister","source_id":"gebouw/Gebouw.19874690/0","kind":"building","height_m":7.16,"status":null},"geometry":{"type":"Polygon","coordinates":[[[4.11966782,50.94551483],[4.11964065,50.94553782],[4.11953789,50.94548936],[4.11956535,50.94546613],[4.11966782,50.94551483]]]}},{"type":"Feature","id":"gebouw/Gebouw.19874969/0","properties":{"source":"Digitaal Vlaanderen Gebouwenregister","source_id":"gebouw/Gebouw.19874969/0","kind":"building","height_m":6.44,"status":null},"geometry":{"type":"Polygon","coordinates":[[[4.11844337,50.9424376],[4.11855447,50.9423549],[4.11847216,50.94230515],[4.11846346,50.94231094],[4.11846022,50.942309],[4.11824146,50.94247114],[4.1182792,50.94249138],[4.11828826,50.94249624],[4.11833264,50.94252003],[4.11844337,50.9424376]]]}},{"type":"Feature","id":"gebouw/Gebouw.19874970/0","properties":{"source":"Digitaal Vlaanderen Gebouwenregister","source_id":"gebouw/Gebouw.19874970/0","kind":"building","height_m":7.16,"status":null},"geometry":{"type":"Polygon","coordinates":[[[4.1186305,50.9423109],[4.11860441,50.94229692],[4.11859431,50.94230443],[4.11852914,50.94226722],[4.11841613,50.94220271],[4.11836593,50.94223612],[4.11830793,50.94220134],[4.11822257,50.94225816],[4.11828455,50.94229533],[4.11829654,50.94228735],[4.11832894,50.94230677],[4.11839809,50.94226074],[4.11847216,50.94230515],[4.11855447,50.9423549],[4.11856789,50.94236301],[4.11862415,50.94232113],[4.11861985,50.94231882],[4.1186305,50.9423109]]]}},{"type":"Feature","id":"gebouw/Gebouw.19874971/0","properties":{"source":"Digitaal Vlaanderen Gebouwenregister","source_id":"gebouw/Gebouw.19874971/0","kind":"building","height_m":7.88,"status":null},"geometry":{"type":"Polygon","coordinates":[[[4.11856789,50.94236301],[4.11855447,50.9423549],[4.11844337,50.9424376],[4.1185156,50.94247633],[4.11862598,50.94239416],[4.11856789,50.94236301]]]}},{"type":"Feature","id":"gebouw/Gebouw.19875003/0","properties":{"source":"Digitaal Vlaanderen Gebouwenregister","source_id":"gebouw/Gebouw.19875003/0","kind":"building","height_m":5.72,"status":null},"geometry":{"type":"Polygon","coordinates":[[[4.11889357,50.9442369],[4.1188776,50.94424745],[4.11887297,50.9442505],[4.1187175,50.94435323],[4.11864809,50.94431104],[4.11881061,50.94420673],[4.11882737,50.94419597],[4.11889357,50.9442369]]]}},{"type":"Feature","id":"gebouw/Gebouw.19875004/0","properties":{"source":"Digitaal Vlaanderen Gebouwenregister","source_id":"gebouw/Gebouw.19875004/0","kind":"building","height_m":6.44,"status":null},"geometry":{"type":"Polygon","coordinates":[[[4.11897833,50.94418089],[4.11895891,50.94419372],[4.1188776,50.94424745],[4.11880869,50.94420557],[4.11877508,50.94418515],[4.11890426,50.94410144],[4.11893533,50.9440813],[4.11896212,50.94409786],[4.11893078,50.9441181],[4.11893909,50.94412323],[4.11884793,50.94418212],[4.11888328,50.94420396],[4.11892792,50.94417513],[4.11893733,50.94418118],[4.11895586,50.94416783],[4.11897833,50.94418089]]]}},{"type":"Feature","id":"gebouw/Gebouw.20145204/0","properties":{"source":"Digitaal Vlaanderen Gebouwenregister","source_id":"gebouw/Gebouw.20145204/0","kind":"building","height_m":6.44,"status":null},"geometry":{"type":"Polygon","coordinates":[[[4.11730297,50.94234339],[4.11736506,50.94229325],[4.11752548,50.94237174],[4.11747525,50.94241271],[4.11748177,50.94241599],[4.11746879,50.94242636],[4.11730297,50.94234339]]]}},{"type":"Feature","id":"gebouw/Gebouw.20145205/0","properties":{"source":"Digitaal Vlaanderen Gebouwenregister","source_id":"gebouw/Gebouw.20145205/0","kind":"building","height_m":7.16,"status":null},"geometry":{"type":"Polygon","coordinates":[[[4.11740017,50.94247475],[4.11726927,50.94241049],[4.11728813,50.94239526],[4.11722527,50.94236419],[4.11724799,50.94234584],[4.11726998,50.94232809],[4.11730297,50.94234339],[4.11746879,50.94242636],[4.11744361,50.94244694],[4.1174332,50.94245545],[4.1174274,50.94245261],[4.11740017,50.94247475]]]}},{"type":"Feature","id":"gebouw/Gebouw.20145561/0","properties":{"source":"Digitaal Vlaanderen Gebouwenregister","source_id":"gebouw/Gebouw.20145561/0","kind":"building","height_m":6.44,"status":null},"geometry":{"type":"Polygon","coordinates":[[[4.11629371,50.9428741],[4.11637456,50.94284603],[4.11640267,50.94287834],[4.11632125,50.94290576],[4.11629371,50.9428741]]]}},{"type":"Feature","id":"gebouw/Gebouw.20145563/0","properties":{"source":"Digitaal Vlaanderen Gebouwenregister","source_id":"gebouw/Gebouw.20145563/0","kind":"building","height_m":7.88,"status":null},"geometry":{"type":"Polygon","coordinates":[[[4.11394291,50.94411423],[4.1140303,50.94416947],[4.11399352,50.9441927],[4.11390486,50.94413665],[4.11387294,50.94411648],[4.11390973,50.94409325],[4.11394291,50.94411423]]]}},{"type":"Feature","id":"gebouw/Gebouw.20145564/0","properties":{"source":"Digitaal Vlaanderen Gebouwenregister","source_id":"gebouw/Gebouw.20145564/0","kind":"building","height_m":8.6,"status":null},"geometry":{"type":"Polygon","coordinates":[[[4.11940374,50.94591278],[4.11933834,50.94588187],[4.11939591,50.94583325],[4.11946132,50.94586415],[4.11940374,50.94591278]]]}},{"type":"Feature","id":"gebouw/Gebouw.20145565/0","properties":{"source":"Digitaal Vlaanderen Gebouwenregister","source_id":"gebouw/Gebouw.20145565/0","kind":"building","height_m":9.32,"status":null},"geometry":{"type":"Polygon","coordinates":[[[4.12172326,50.94597206],[4.12178141,50.94595613],[4.12178364,50.94595939],[4.12179936,50.94595508],[4.12181056,50.94597141],[4.12179509,50.94597564],[4.12180864,50.94599539],[4.12175025,50.94601138],[4.12172326,50.94597206]]]}},{"type":"Feature","id":"gebouw/Gebouw.20145567/0","properties":{"source":"Digitaal Vlaanderen Gebouwenregister","source_id":"gebouw/Gebouw.20145567/0","kind":"building","height_m":5.72,"status":null},"geometry":{"type":"Polygon","coordinates":[[[4.11731871,50.94217882],[4.11725135,50.9421465],[4.11721582,50.94217604],[4.11728032,50.94220718],[4.11731871,50.94217882]]]}},{"type":"Feature","id":"gebouw/Gebouw.20145569/0","properties":{"source":"Digitaal Vlaanderen Gebouwenregister","source_id":"gebouw/Gebouw.20145569/0","kind":"building","height_m":7.16,"status":null},"geometry":{"type":"Polygon","coordinates":[[[4.11380877,50.94852346],[4.11378819,50.94855404],[4.11372825,50.94853795],[4.11371955,50.94853562],[4.11372181,50.94853226],[4.11374013,50.94850503],[4.11380877,50.94852346]]]}},{"type":"Feature","id":"gebouw/Gebouw.20145570/0","properties":{"source":"Digitaal Vlaanderen Gebouwenregister","source_id":"gebouw/Gebouw.20145570/0","kind":"building","height_m":7.88,"status":null},"geometry":{"type":"Polygon","coordinates":[[[4.11382192,50.94853587],[4.1139125,50.94855621],[4.1138906,50.94859514],[4.11380001,50.9485748],[4.11382192,50.94853587]]]}},{"type":"Feature","id":"gebouw/Gebouw.20145571/0","properties":{"source":"Digitaal Vlaanderen Gebouwenregister","source_id":"gebouw/Gebouw.20145571/0","kind":"building","height_m":8.6,"status":null},"geometry":{"type":"Polygon","coordinates":[[[4.11392383,50.94860667],[4.1140106,50.94862468],[4.11399702,50.94865078],[4.11391025,50.94863278],[4.11392383,50.94860667]]]}},{"type":"Feature","id":"gebouw/Gebouw.20145572/0","properties":{"source":"Digitaal Vlaanderen Gebouwenregister","source_id":"gebouw/Gebouw.20145572/0","kind":"building","height_m":9.32,"status":null},"geometry":{"type":"Polygon","coordinates":[[[4.11324085,50.94823372],[4.11321408,50.94820933],[4.11327055,50.9481846],[4.11329731,50.94820899],[4.11324085,50.94823372]]]}},{"type":"Feature","id":"gebouw/Gebouw.20145573/0","properties":{"source":"Digitaal Vlaanderen Gebouwenregister","source_id":"gebouw/Gebouw.20145573/0","kind":"building","height_m":5.0,"status":null},"geometry":{"type":"Polygon","coordinates":[[[4.11464157,50.94483215],[4.11460531,50.94481172],[4.11463343,50.94479179],[4.11461322,50.94478041],[4.11464312,50.94475923],[4.11469959,50.94479104],[4.11464157,50.94483215]]]}},{"type":"Feature","id":"gebouw/Gebouw.20145574/0","properties":{"source":"Digitaal Vlaanderen Gebouwenregister","source_id":"gebouw/Gebouw.20145574/0","kind":"building","height_m":5.72,"status":null},"geometry":{"type":"Polygon","coordinates":[[[4.11952425,50.94440264],[4.11946161,50.94437256],[4.11944309,50.94438796],[4.11945827,50.94439525],[4.11944447,50.94440672],[4.11948915,50.94442818],[4.11950347,50.94441776],[4.11952425,50.94440264]]]}},{"type":"Feature","id":"gebouw/Gebouw.20145575/0","properties":{"source":"Digitaal Vlaanderen Gebouwenregister","source_id":"gebouw/Gebouw.20145575/0","kind":"building","height_m":6.44,"status":null},"geometry":{"type":"Polygon","coordinates":[[[4.11651957,50.94304102],[4.11652549,50.94304958],[4.11653662,50.94306568],[4.11644234,50.9430917],[4.11643709,50.9430841],[4.11642649,50.94306877],[4.11642393,50.94306507],[4.11651957,50.94304102]]]}},{"type":"Feature","id":"gebouw/Gebouw.20145576/0","properties":{"source":"Digitaal Vlaanderen Gebouwenregister","source_id":"gebouw/Gebouw.20145576/0","kind":"building","height_m":7.16,"status":null},"geometry":{"type":"Polygon","coordinates":[[[4.11799438,50.94339841],[4.1179618,50.94337999],[4.11800054,50.94335264],[4.11803313,50.94337105],[4.11799438,50.94339841]]]}},{"type":"Feature","id":"gebouw/Gebouw.20146280/0","properties":{"source":"Digitaal Vlaanderen Gebouwenregister","source_id":"gebouw/Gebouw.20146280/0","kind":"building","height_m":5.0,"status":null},"geometry":{"type":"Polygon","coordinates":[[[4.11701819,50.94363085],[4.117052,50.94361199],[4.11709159,50.94364032],[4.11705777,50.94365918],[4.11701819,50.94363085]]]}},{"type":"Feature","id":"gebouw/Gebouw.20146281/0","properties":{"source":"Digitaal Vlaanderen Gebouwenregister","source_id":"gebouw/Gebouw.20146281/0","kind":"building","height_m":5.72,"status":null},"geometry":{"type":"Polygon","coordinates":[[[4.11726216,50.94353977],[4.11720428,50.94357283],[4.11717307,50.94354983],[4.1172323,50.94351776],[4.11726216,50.94353977]]]}},{"type":"Feature","id":"gebouw/Gebouw.20146282/0","properties":{"source":"Digitaal Vlaanderen Gebouwenregister","source_id":"gebouw/Gebouw.20146282/0","kind":"building","height_m":6.44,"status":null},"geometry":{"type":"Polygon","coordinates":[[[4.11720442,50.94351119],[4.11717145,50.94352908],[4.11712373,50.94349397],[4.11715671,50.94347608],[4.11720442,50.94351119]]]}},{"type":"Feature","id":"gebouw/Gebouw.20146283/0","properties":{"source":"Digitaal Vlaanderen Gebouwenregister","source_id":"gebouw/Gebouw.20146283/0","kind":"building","height_m":7.16,"status":null},"geometry":{"type":"Polygon","coordinates":[[[4.11714889,50.94346434],[4.11717774,50.94344819],[4.11725101,50.94350048],[4.11722216,50.94351662],[4.11714889,50.94346434]]]}},{"type":"Feature","id":"gebouw/Gebouw.20146285/0","properties":{"source":"Digitaal Vlaanderen Gebouwenregister","source_id":"gebouw/Gebouw.20146285/0","kind":"building","height_m":8.6,"status":null},"geometry":{"type":"Polygon","coordinates":[[[4.11536851,50.9436844],[4.11540466,50.94366996],[4.11544621,50.94371151],[4.11541005,50.94372594],[4.11536851,50.9436844]]]}},{"type":"Feature","id":"gebouw/Gebouw.20146286/0","properties":{"source":"Digitaal Vlaanderen Gebouwenregister","source_id":"gebouw/Gebouw.20146286/0","kind":"building","height_m":9.32,"status":null},"geometry":{"type":"Polygon","coordinates":[[[4.11489573,50.94858421],[4.11486892,50.94863456],[4.1147442,50.94860805],[4.1147556,50.94858664],[4.11473686,50.94858266],[4.11475049,50.94855705],[4.11476638,50.94856043],[4.11476815,50.9485571],[4.11489573,50.94858421]]]}},{"type":"Feature","id":"gebouw/Gebouw.20146945/0","properties":{"source":"Digitaal Vlaanderen Gebouwenregister","source_id":"gebouw/Gebouw.20146945/0","kind":"building","height_m":5.0,"status":null},"geometry":{"type":"Polygon","coordinates":[[[4.12180908,50.94399647],[4.12177037,50.9439823],[4.12173304,50.94401203],[4.12176901,50.94403045],[4.12182491,50.94405908],[4.12187452,50.94402042],[4.12180908,50.94399647]]]}},{"type":"Feature","id":"gebouw/Gebouw.20980693/0","properties":{"source":"Digitaal Vlaanderen Gebouwenregister","source_id":"gebouw/Gebouw.20980693/0","kind":"building","height_m":9.32,"status":null},"geometry":{"type":"Polygon","coordinates":[[[4.11656493,50.9436018],[4.11662298,50.94364462],[4.11646217,50.94373166],[4.11645854,50.94373362],[4.11640058,50.94369087],[4.11640528,50.94368833],[4.116455,50.94366142],[4.1164171,50.94363347],[4.11652713,50.94357392],[4.11656493,50.9436018]]]}},{"type":"Feature","id":"gebouw/Gebouw.20980694/0","properties":{"source":"Digitaal Vlaanderen Gebouwenregister","source_id":"gebouw/Gebouw.20980694/0","kind":"building","height_m":5.0,"status":null},"geometry":{"type":"Polygon","coordinates":[[[4.11763987,50.9434685],[4.11752231,50.94353473],[4.11740824,50.9434539],[4.1175258,50.94338768],[4.11763987,50.9434685]]]}},{"type":"Feature","id":"gebouw/Gebouw.30642125/0","properties":{"source":"Digitaal Vlaanderen Gebouwenregister","source_id":"gebouw/Gebouw.30642125/0","kind":"building","height_m":7.16,"status":null},"geometry":{"type":"Polygon","coordinates":[[[4.11597517,50.94435023],[4.11600923,50.94437621],[4.11596788,50.94439784],[4.11593382,50.94437185],[4.11597517,50.94435023]]]}},{"type":"Feature","id":"gebouw/Gebouw.30642126/0","properties":{"source":"Digitaal Vlaanderen Gebouwenregister","source_id":"gebouw/Gebouw.30642126/0","kind":"building","height_m":7.88,"status":null},"geometry":{"type":"Polygon","coordinates":[[[4.11614873,50.9432042],[4.11619714,50.94325134],[4.11615837,50.94326723],[4.11610997,50.94322009],[4.11614873,50.9432042]]]}},{"type":"Feature","id":"gebouw/Gebouw.30642136/0","properties":{"source":"Digitaal Vlaanderen Gebouwenregister","source_id":"gebouw/Gebouw.30642136/0","kind":"building","height_m":5.0,"status":null},"geometry":{"type":"Polygon","coordinates":[[[4.11721892,50.94385124],[4.11724168,50.94387068],[4.11718356,50.94389784],[4.1171608,50.94387841],[4.11721892,50.94385124]]]}},{"type":"Feature","id":"gebouw/Gebouw.30644321/0","properties":{"source":"Digitaal Vlaanderen Gebouwenregister","source_id":"gebouw/Gebouw.30644321/0","kind":"building","height_m":5.72,"status":null},"geometry":{"type":"Polygon","coordinates":[[[4.11907271,50.94495885],[4.11893995,50.94505902],[4.11888469,50.94502979],[4.11893061,50.94499515],[4.1189522,50.94497886],[4.11901746,50.94492962],[4.11907271,50.94495885]]]}},{"type":"Feature","id":"gebouw/Gebouw.30909768/0","properties":{"source":"Digitaal Vlaanderen Gebouwenregister","source_id":"gebouw/Gebouw.30909768/0","kind":"building","height_m":5.72,"status":null},"geometry":{"type":"Polygon","coordinates":[[[4.11230162,50.94784072],[4.11231319,50.94781283],[4.1123938,50.94782618],[4.11238223,50.94785406],[4.11230162,50.94784072]]]}},{"type":"Feature","id":"gebouw/Gebouw.30910245/0","properties":{"source":"Digitaal Vlaanderen Gebouwenregister","source_id":"gebouw/Gebouw.30910245/0","kind":"building","height_m":6.44,"status":null},"geometry":{"type":"Polygon","coordinates":[[[4.11243565,50.94789351],[4.11246194,50.94783008],[4.11264037,50.94785959],[4.11256471,50.948016],[4.11248252,50.94800094],[4.11253011,50.94790925],[4.11243565,50.94789351]]]}},{"type":"Feature","id":"gebouw/Gebouw.30910256/0","properties":{"source":"Digitaal Vlaanderen Gebouwenregister","source_id":"gebouw/Gebouw.30910256/0","kind":"building","height_m":9.32,"status":null},"geometry":{"type":"Polygon","coordinates":[[[4.11757214,50.94288894],[4.11759668,50.94290318],[4.11756539,50.9429247],[4.1175056,50.94296581],[4.1173592,50.94288009],[4.11737708,50.94286754],[4.11738503,50.94287206],[4.11742566,50.94284353],[4.11744911,50.94282706],[4.11748576,50.94280133],[4.11757926,50.94285544],[4.11760184,50.94286851],[4.11757214,50.94288894]]]}},{"type":"Feature","id":"gebouw/Gebouw.31034983/0","properties":{"source":"Digitaal Vlaanderen Gebouwenregister","source_id":"gebouw/Gebouw.31034983/0","kind":"building","height_m":5.0,"status":null},"geometry":{"type":"Polygon","coordinates":[[[4.11739471,50.94339006],[4.11733147,50.94334475],[4.11728814,50.94336889],[4.11724772,50.94333993],[4.11731816,50.94330069],[4.11731448,50.94329806],[4.11740355,50.94324844],[4.11751088,50.94332533],[4.11739471,50.94339006]]]}},{"type":"Feature","id":"gebouw/Gebouw.31035036/0","properties":{"source":"Digitaal Vlaanderen Gebouwenregister","source_id":"gebouw/Gebouw.31035036/0","kind":"building","height_m":7.88,"status":null},"geometry":{"type":"Polygon","coordinates":[[[4.1220481,50.9466288],[4.12206084,50.94663681],[4.1219724,50.94669294],[4.12195851,50.9466842],[4.12190397,50.94664991],[4.12199241,50.94659378],[4.1220481,50.9466288]]]}},{"type":"Feature","id":"gebouw/Gebouw.31035066/0","properties":{"source":"Digitaal Vlaanderen Gebouwenregister","source_id":"gebouw/Gebouw.31035066/0","kind":"building","height_m":9.32,"status":null},"geometry":{"type":"Polygon","coordinates":[[[4.12245041,50.94674371],[4.12240849,50.94677043],[4.1223619,50.94680011],[4.12229262,50.94675672],[4.12234116,50.94672579],[4.12238113,50.94670032],[4.12245041,50.94674371]]]}},{"type":"Feature","id":"gebouw/Gebouw.31144905/0","properties":{"source":"Digitaal Vlaanderen Gebouwenregister","source_id":"gebouw/Gebouw.31144905/0","kind":"building","height_m":5.72,"status":null},"geometry":{"type":"Polygon","coordinates":[[[4.11233901,50.94560572],[4.1124821,50.94567249],[4.11244741,50.94570283],[4.11230432,50.94563606],[4.11233901,50.94560572]]]}},{"type":"Feature","id":"gebouw/Gebouw.31513435/0","properties":{"source":"Digitaal Vlaanderen Gebouwenregister","source_id":"gebouw/Gebouw.31513435/0","kind":"building","height_m":6.44,"status":null},"geometry":{"type":"Polygon","coordinates":[[[4.12106193,50.94539002],[4.12106723,50.94538728],[4.12103339,50.94536028],[4.12099106,50.94538145],[4.12096969,50.9453644],[4.12087959,50.94540996],[4.12101026,50.94551569],[4.12108469,50.94548083],[4.12105812,50.94545819],[4.12111438,50.94543184],[4.12106193,50.94539002]]]}},{"type":"Feature","id":"gebouw/Gebouw.31540202/0","properties":{"source":"Digitaal Vlaanderen Gebouwenregister","source_id":"gebouw/Gebouw.31540202/0","kind":"building","height_m":5.72,"status":null},"geometry":{"type":"Polygon","coordinates":[[[4.11692416,50.94289937],[4.11694217,50.94288378],[4.11691833,50.94287278],[4.1169003,50.94288836],[4.11692416,50.94289937]]]}},{"type":"Feature","id":"gebouw/Gebouw.31804979/0","properties":{"source":"Digitaal Vlaanderen Gebouwenregister","source_id":"gebouw/Gebouw.31804979/0","kind":"building","height_m":7.16,"status":null},"geometry":{"type":"Polygon","coordinates":[[[4.11607133,50.94262609],[4.11615045,50.94259666],[4.11612446,50.94256877],[4.11604441,50.94259452],[4.11607133,50.94262609]]]}},{"type":"Feature","id":"gebouw/Gebouw.31805012/0","properties":{"source":"Digitaal Vlaanderen Gebouwenregister","source_id":"gebouw/Gebouw.31805012/0","kind":"building","height_m":5.72,"status":null},"geometry":{"type":"Polygon","coordinates":[[[4.11804833,50.94379375],[4.11809765,50.94381838],[4.11816798,50.9437682],[4.1181093,50.9437389],[4.11807097,50.94376953],[4.11807563,50.94377193],[4.11804833,50.94379375]]]}},{"type":"Feature","id":"gebouw/Gebouw.31805062/0","properties":{"source":"Digitaal Vlaanderen Gebouwenregister","source_id":"gebouw/Gebouw.31805062/0","kind":"building","height_m":6.44,"status":null},"geometry":{"type":"Polygon","coordinates":[[[4.11445921,50.94492237],[4.11442262,50.9449473],[4.11445743,50.94496769],[4.11449402,50.94494276],[4.11445921,50.94492237]]]}},{"type":"Feature","id":"gebouw/Gebouw.31805081/0","properties":{"source":"Digitaal Vlaanderen Gebouwenregister","source_id":"gebouw/Gebouw.31805081/0","kind":"building","height_m":5.0,"status":null},"geometry":{"type":"Polygon","coordinates":[[[4.11789536,50.94373561],[4.11791449,50.94372084],[4.11794782,50.9436951],[4.11785755,50.94364699],[4.11778596,50.94370114],[4.11774029,50.9437356],[4.11772685,50.94374591],[4.11781537,50.94379303],[4.11789536,50.94373561]]]}},{"type":"Feature","id":"gebouw/Gebouw.31805183/0","properties":{"source":"Digitaal Vlaanderen Gebouwenregister","source_id":"gebouw/Gebouw.31805183/0","kind":"building","height_m":7.88,"status":null},"geometry":{"type":"Polygon","coordinates":[[[4.12079758,50.94549758],[4.12084113,50.94553145],[4.12092148,50.94549279],[4.12087645,50.94545746],[4.12079758,50.94549758]]]}},{"type":"Feature","id":"gebouw/Gebouw.31805323/0","properties":{"source":"Digitaal Vlaanderen Gebouwenregister","source_id":"gebouw/Gebouw.31805323/0","kind":"building","height_m":7.88,"status":null},"geometry":{"type":"Polygon","coordinates":[[[4.12005785,50.94492202],[4.12015008,50.94485421],[4.1201091,50.94483227],[4.12001757,50.94489954],[4.12005785,50.94492202]]]}},{"type":"Feature","id":"gebouw/Gebouw.31805418/0","properties":{"source":"Digitaal Vlaanderen Gebouwenregister","source_id":"gebouw/Gebouw.31805418/0","kind":"building","height_m":5.72,"status":null},"geometry":{"type":"Polygon","coordinates":[[[4.11853033,50.94464352],[4.1183427,50.94455232],[4.11830015,50.94458553],[4.11818905,50.94467566],[4.11833569,50.94474694],[4.11837883,50.94476791],[4.11850272,50.94466619],[4.11853033,50.94464352]]]}},{"type":"Feature","id":"gebouw/Gebouw.31805435/0","properties":{"source":"Digitaal Vlaanderen Gebouwenregister","source_id":"gebouw/Gebouw.31805435/0","kind":"building","height_m":7.88,"status":null},"geometry":{"type":"Polygon","coordinates":[[[4.12058694,50.94728579],[4.12067458,50.94727375],[4.12065219,50.94719506],[4.12056414,50.94720497],[4.12058694,50.94728579]]]}},{"type":"Feature","id":"gebouw/Gebouw.31806020/0","properties":{"source":"Digitaal Vlaanderen Gebouwenregister","source_id":"gebouw/Gebouw.31806020/0","kind":"building","height_m":5.72,"status":null},"geometry":{"type":"Polygon","coordinates":[[[4.11488318,50.94761807],[4.11480703,50.94759333],[4.11469572,50.94773001],[4.11477187,50.94775476],[4.11488318,50.94761807]]]}},{"type":"Feature","id":"gebouw/Gebouw.31806092/0","properties":{"source":"Digitaal Vlaanderen Gebouwenregister","source_id":"gebouw/Gebouw.31806092/0","kind":"building","height_m":7.16,"status":null},"geometry":{"type":"Polygon","coordinates":[[[4.12030187,50.94508948],[4.12038149,50.94503314],[4.12033216,50.94500532],[4.12025254,50.94506166],[4.12030187,50.94508948]]]}},{"type":"Feature","id":"gebouw/Gebouw.31806135/0","properties":{"source":"Digitaal Vlaanderen Gebouwenregister","source_id":"gebouw/Gebouw.31806135/0","kind":"building","height_m":7.88,"status":null},"geometry":{"type":"Polygon","coordinates":[[[4.1177058,50.94818782],[4.11777151,50.94821525],[4.11780412,50.94818407],[4.1177384,50.94815664],[4.1177058,50.94818782]]]}},{"type":"Feature","id":"gebouw/Gebouw.31806199/0","properties":{"source":"Digitaal Vlaanderen Gebouwenregister","source_id":"gebouw/Gebouw.31806199/0","kind":"building","height_m":8.6,"status":null},"geometry":{"type":"Polygon","coordinates":[[[4.11937783,50.94433809],[4.11930114,50.94430007],[4.11927269,50.94432286],[4.11934946,50.94436092],[4.11937783,50.94433809]]]}},{"type":"Feature","id":"gebouw/Gebouw.31806276/0","properties":{"source":"Digitaal Vlaanderen Gebouwenregister","source_id":"gebouw/Gebouw.31806276/0","kind":"building","height_m":8.6,"status":null},"geometry":{"type":"Polygon","coordinates":[[[4.1162304,50.94319387],[4.11630381,50.94316896],[4.11628716,50.94314937],[4.11621375,50.94317428],[4.1162304,50.94319387]]]}},{"type":"Feature","id":"gebouw/Gebouw.31806292/0","properties":{"source":"Digitaal Vlaanderen Gebouwenregister","source_id":"gebouw/Gebouw.31806292/0","kind":"building","height_m":5.0,"status":null},"geometry":{"type":"Polygon","coordinates":[[[4.11778596,50.94370114],[4.11785755,50.94364699],[4.11787278,50.94363546],[4.11779007,50.94359193],[4.11766181,50.94368624],[4.11770543,50.94370941],[4.11769938,50.94371395],[4.11774029,50.9437356],[4.11778596,50.94370114]]]}},{"type":"Feature","id":"gebouw/Gebouw.31806308/0","properties":{"source":"Digitaal Vlaanderen Gebouwenregister","source_id":"gebouw/Gebouw.31806308/0","kind":"building","height_m":6.44,"status":null},"geometry":{"type":"Polygon","coordinates":[[[4.11362933,50.94566195],[4.11367149,50.94567928],[4.11370329,50.94564842],[4.11366112,50.94563108],[4.11362933,50.94566195]]]}},{"type":"Feature","id":"gebouw/Gebouw.31806462/0","properties":{"source":"Digitaal Vlaanderen Gebouwenregister","source_id":"gebouw/Gebouw.31806462/0","kind":"building","height_m":6.44,"status":null},"geometry":{"type":"Polygon","coordinates":[[[4.11757754,50.94301566],[4.11754489,50.94303925],[4.11760994,50.9430752],[4.11764259,50.94305161],[4.11757754,50.94301566]]]}},{"type":"Feature","id":"gebouw/Gebouw.31806498/0","properties":{"source":"Digitaal Vlaanderen Gebouwenregister","source_id":"gebouw/Gebouw.31806498/0","kind":"building","height_m":7.16,"status":null},"geometry":{"type":"Polygon","coordinates":[[[4.11296419,50.94551226],[4.11305513,50.94553956],[4.11310266,50.94547241],[4.11301042,50.94544635],[4.11296419,50.94551226]]]}},{"type":"Feature","id":"gebouw/Gebouw.31806577/0","properties":{"source":"Digitaal Vlaanderen Gebouwenregister","source_id":"gebouw/Gebouw.31806577/0","kind":"building","height_m":8.6,"status":null},"geometry":{"type":"Polygon","coordinates":[[[4.12126298,50.94454968],[4.12130299,50.94452062],[4.12125176,50.94449246],[4.12121175,50.94452152],[4.12126298,50.94454968]]]}},{"type":"Feature","id":"gebouw/Gebouw.31806611/0","properties":{"source":"Digitaal Vlaanderen Gebouwenregister","source_id":"gebouw/Gebouw.31806611/0","kind":"building","height_m":7.88,"status":null},"geometry":{"type":"Polygon","coordinates":[[[4.11766937,50.9432065],[4.11770333,50.94318777],[4.11761818,50.94312615],[4.11758421,50.94314488],[4.11766937,50.9432065]]]}},{"type":"Feature","id":"gebouw/Gebouw.31806629/0","properties":{"source":"Digitaal Vlaanderen Gebouwenregister","source_id":"gebouw/Gebouw.31806629/0","kind":"building","height_m":5.72,"status":null},"geometry":{"type":"Polygon","coordinates":[[[4.11824657,50.94429574],[4.11829157,50.94426093],[4.11825259,50.94424074],[4.11820981,50.94427665],[4.11824657,50.94429574]]]}},{"type":"Feature","id":"gebouw/Gebouw.31806732/0","properties":{"source":"Digitaal Vlaanderen Gebouwenregister","source_id":"gebouw/Gebouw.31806732/0","kind":"building","height_m":9.32,"status":null},"geometry":{"type":"Polygon","coordinates":[[[4.11380475,50.9481589],[4.11377159,50.94815164],[4.11378374,50.9481295],[4.11368099,50.94810683],[4.11362155,50.94821525],[4.11361035,50.94821274],[4.11358411,50.94825946],[4.11372595,50.94829062],[4.11380475,50.9481589]]]}},{"type":"Feature","id":"gebouw/Gebouw.31806828/0","properties":{"source":"Digitaal Vlaanderen Gebouwenregister","source_id":"gebouw/Gebouw.31806828/0","kind":"building","height_m":7.88,"status":null},"geometry":{"type":"Polygon","coordinates":[[[4.1188207,50.94540645],[4.11886786,50.94537059],[4.11882766,50.94534948],[4.11878049,50.94538534],[4.1188207,50.94540645]]]}},{"type":"Feature","id":"gebouw/Gebouw.32008242/0","properties":{"source":"Digitaal Vlaanderen Gebouwenregister","source_id":"gebouw/Gebouw.32008242/0","kind":"building","height_m":5.0,"status":null},"geometry":{"type":"Polygon","coordinates":[[[4.1195489,50.94456224],[4.1194454,50.94449531],[4.11934286,50.9445586],[4.11934765,50.94456177],[4.11929352,50.944595],[4.11934495,50.94462831],[4.11934975,50.94462535],[4.1193966,50.94465579],[4.1195489,50.94456224]]]}},{"type":"Feature","id":"gebouw/Gebouw.32035748/0","properties":{"source":"Digitaal Vlaanderen Gebouwenregister","source_id":"gebouw/Gebouw.32035748/0","kind":"building","height_m":7.16,"status":null},"geometry":{"type":"Polygon","coordinates":[[[4.11733244,50.9420754],[4.11739822,50.94210766],[4.1174251,50.94208532],[4.1173588,50.94205347],[4.11733244,50.9420754]]]}},{"type":"Feature","id":"gebouw/Gebouw.32035792/0","properties":{"source":"Digitaal Vlaanderen Gebouwenregister","source_id":"gebouw/Gebouw.32035792/0","kind":"building","height_m":8.6,"status":null},"geometry":{"type":"Polygon","coordinates":[[[4.1161042,50.94783051],[4.11614344,50.94784541],[4.11618754,50.94779905],[4.1161483,50.94778415],[4.1161042,50.94783051]]]}},{"type":"Feature","id":"gebouw/Gebouw.32035966/0","properties":{"source":"Digitaal Vlaanderen Gebouwenregister","source_id":"gebouw/Gebouw.32035966/0","kind":"building","height_m":7.88,"status":null},"geometry":{"type":"Polygon","coordinates":[[[4.11924097,50.94594556],[4.11927389,50.94596119],[4.1193149,50.9459267],[4.11928158,50.94591089],[4.11924097,50.94594556]]]}},{"type":"Feature","id":"way/28353890","properties":{"source":"OpenStreetMap","source_id":"way/28353890","kind":"vegetation","name":null,"waterway":null,"landuse":"forest"},"geometry":{"type":"Polygon","coordinates":[[[4.1211296,50.948666],[4.1213699,50.9485037],[4.1198927,50.9476209],[4.1196149,50.9477961],[4.1193845,50.9477064],[4.1193349,50.9477595],[4.1193131,50.9477828],[4.1197143,50.9479299],[4.119799,50.9479739],[4.1211296,50.948666]]]}},{"type":"Feature","id":"way/160596639","properties":{"source":"OpenStreetMap","source_id":"way/160596639","kind":"vegetation","name":null,"waterway":null,"landuse":"forest"},"geometry":{"type":"Polygon","coordinates":[[[4.1200021,50.943372],[4.1195253,50.9431438],[4.1198607,50.9428233],[4.1199294,50.9428406],[4.1200944,50.942657],[4.120055,50.9426396],[4.1199212,50.9425807],[4.119748,50.9427315],[4.1198002,50.9427678],[4.119418,50.9431299],[4.1199672,50.9434072],[4.1200021,50.943372]]]}},{"type":"Feature","id":"way/160596647","properties":{"source":"OpenStreetMap","source_id":"way/160596647","kind":"vegetation","name":null,"waterway":null,"landuse":"forest"},"geometry":{"type":"Polygon","coordinates":[[[4.123385,50.9472652],[4.1231067,50.9471011],[4.1224248,50.9476069],[4.1223396,50.9475567],[4.1225816,50.9473817],[4.1223588,50.9472674],[4.1222259,50.9473363],[4.122078,50.9474216],[4.1219723,50.9473418],[4.1219218,50.9473041],[4.1219047,50.947314],[4.1218684,50.947289],[4.1218612,50.9472932],[4.1218029,50.9472531],[4.1218317,50.9472381],[4.1215615,50.9470335],[4.1212097,50.9471529],[4.1223062,50.947807],[4.122625,50.9478046],[4.123385,50.9472652]]]}},{"type":"Feature","id":"way/160596648","properties":{"source":"OpenStreetMap","source_id":"way/160596648","kind":"vegetation","name":null,"waterway":null,"landuse":"forest"},"geometry":{"type":"Polygon","coordinates":[[[4.1223343,50.9453602],[4.1228567,50.9456218],[4.1229749,50.9457136],[4.1229034,50.9457587],[4.1228374,50.9458037],[4.1230546,50.945944],[4.1230354,50.9460012],[4.1229666,50.9460254],[4.1228704,50.9460098],[4.1223233,50.9455802],[4.1222628,50.9456201],[4.1221006,50.9455109],[4.1222353,50.9454312],[4.1223343,50.9453602]]]}},{"type":"Feature","id":"way/160596683","properties":{"source":"OpenStreetMap","source_id":"way/160596683","kind":"vegetation","name":null,"waterway":null,"landuse":"forest"},"geometry":{"type":"Polygon","coordinates":[[[4.1169551,50.9464826],[4.1167374,50.9463111],[4.1172623,50.9459803],[4.1175034,50.9461469],[4.1169551,50.9464826]]]}},{"type":"Feature","id":"way/160596685","properties":{"source":"OpenStreetMap","source_id":"way/160596685","kind":"vegetation","name":null,"waterway":null,"landuse":"forest"},"geometry":{"type":"Polygon","coordinates":[[[4.1180652,50.9450748],[4.1177891,50.9448773],[4.1166168,50.9454659],[4.1168968,50.9456864],[4.1180652,50.9450748]]]}},{"type":"Feature","id":"way/160708926","properties":{"source":"OpenStreetMap","source_id":"way/160708926","kind":"vegetation","name":null,"waterway":null,"landuse":"forest"},"geometry":{"type":"Polygon","coordinates":[[[4.1161762,50.945088],[4.115968,50.9449373],[4.1157487,50.945078],[4.1161914,50.9453778],[4.1158139,50.9455699],[4.1156536,50.9456515],[4.1154053,50.9457714],[4.115215,50.9458756],[4.1151034,50.9460007],[4.1153358,50.9460975],[4.115787,50.9456968],[4.1159752,50.9457966],[4.1163019,50.9455835],[4.1162085,50.9455296],[4.1166013,50.9452993],[4.1164224,50.9451792],[4.1163407,50.9452209],[4.1161762,50.945088]]]}},{"type":"Feature","id":"way/160708936","properties":{"source":"OpenStreetMap","source_id":"way/160708936","kind":"vegetation","name":null,"waterway":null,"landuse":"forest"},"geometry":{"type":"Polygon","coordinates":[[[4.1152744,50.9432293],[4.1148883,50.943491],[4.1149293,50.9435518],[4.1150375,50.9436034],[4.1151106,50.9436164],[4.1154032,50.9435426],[4.1154391,50.9435923],[4.1155085,50.9436882],[4.1154412,50.9437196],[4.1153944,50.9437841],[4.1151984,50.9438265],[4.1152891,50.9440237],[4.115471,50.9444162],[4.1148211,50.9439972],[4.1144671,50.9437841],[4.1141541,50.943856],[4.1140868,50.9437933],[4.1139639,50.943808],[4.113806,50.9436772],[4.1143325,50.9435905],[4.1146777,50.9435187],[4.1148825,50.9434228],[4.115213,50.9431961],[4.1152744,50.9432293]]]}},{"type":"Feature","id":"way/160708937","properties":{"source":"OpenStreetMap","source_id":"way/160708937","kind":"vegetation","name":null,"waterway":null,"landuse":"forest"},"geometry":{"type":"Polygon","coordinates":[[[4.1134491,50.94372],[4.1141896,50.9441814],[4.1142392,50.9444707],[4.1144088,50.9445828],[4.1145164,50.9445098],[4.1146974,50.9446019],[4.1143946,50.9447663],[4.114595,50.9448956],[4.1143757,50.9450259],[4.114111,50.9448956],[4.1139951,50.9449529],[4.1138255,50.9448461],[4.1129123,50.9454243],[4.11259,50.9452769],[4.1129842,50.945028],[4.1134325,50.9447626],[4.1132298,50.9446427],[4.1131057,50.9447079],[4.1130271,50.944648],[4.112639,50.9448164],[4.1124917,50.9447291],[4.1130522,50.9444192],[4.1131388,50.9443717],[4.1137863,50.9447302],[4.1140385,50.944568],[4.1129231,50.9438251],[4.112874,50.943793],[4.1134491,50.94372]]]}},{"type":"Feature","id":"way/160708945","properties":{"source":"OpenStreetMap","source_id":"way/160708945","kind":"vegetation","name":null,"waterway":null,"landuse":"forest"},"geometry":{"type":"Polygon","coordinates":[[[4.1163157,50.9432046],[4.116477,50.9430691],[4.1167542,50.9429935],[4.1168619,50.942959],[4.1169562,50.9430482],[4.1168275,50.9431072],[4.1168246,50.9431514],[4.1168099,50.9431901],[4.1167251,50.9432399],[4.1166754,50.9432344],[4.1166169,50.9431736],[4.1165642,50.943133],[4.1164868,50.943096],[4.1163205,50.9432395],[4.1160836,50.9433903],[4.1158155,50.9434998],[4.1159977,50.9438638],[4.1159177,50.9438832],[4.1158066,50.9437136],[4.115789,50.9436251],[4.1157451,50.9435883],[4.1156837,50.9435791],[4.1156047,50.943592],[4.1155609,50.9436141],[4.1155111,50.9435662],[4.1154819,50.9435256],[4.1155579,50.9435072],[4.1155579,50.9434777],[4.1155345,50.9434482],[4.1154936,50.9434021],[4.1155228,50.9433652],[4.1156194,50.9433579],[4.1156837,50.9433984],[4.1157042,50.9434611],[4.1158066,50.9434537],[4.1159675,50.9434021],[4.1161049,50.9433321],[4.1163157,50.9432046]]]}},{"type":"Feature","id":"way/160717241","properties":{"source":"OpenStreetMap","source_id":"way/160717241","kind":"vegetation","name":null,"waterway":null,"landuse":"forest"},"geometry":{"type":"Polygon","coordinates":[[[4.1124928,50.9457612],[4.1125817,50.9457051],[4.1127058,50.9457586],[4.1125921,50.9458524],[4.1125879,50.9459371],[4.1126914,50.9459814],[4.1127513,50.945928],[4.1128713,50.9459866],[4.1127782,50.9460622],[4.1120425,50.9457225],[4.1120869,50.945691],[4.1123852,50.9458381],[4.1124928,50.9457612]]]}},{"type":"Feature","id":"way/537943328","properties":{"source":"OpenStreetMap","source_id":"way/537943328","kind":"waterway","name":"Koestaartbeek","waterway":"stream","landuse":null},"geometry":{"type":"LineString","coordinates":[[4.1153401,50.9492711],[4.1150684,50.9490666],[4.1149169,50.948978],[4.1148224,50.9489038],[4.1147903,50.9488412],[4.1147366,50.9487922],[4.1146702,50.9487566],[4.1144778,50.9486198],[4.1143881,50.9485375],[4.1143009,50.9485104],[4.1142324,50.9485151],[4.1141841,50.9485573],[4.1140702,50.9486896],[4.1140204,50.9486933],[4.1134347,50.9484689],[4.1127585,50.9482068],[4.112906,50.9480916]]}},{"type":"Feature","id":"way/1282654881","properties":{"source":"OpenStreetMap","source_id":"way/1282654881","kind":"waterway","name":"Koestaartbeek","waterway":"stream","landuse":null},"geometry":{"type":"LineString","coordinates":[[4.1128034,50.9480264],[4.1122368,50.947731]]}},{"type":"Feature","id":"way/1282654882","properties":{"source":"OpenStreetMap","source_id":"way/1282654882","kind":"waterway","name":"Koestaartbeek","waterway":"stream","landuse":null},"geometry":{"type":"LineString","coordinates":[[4.112906,50.9480916],[4.1128034,50.9480264]]}},{"type":"Feature","id":"way/1413570474","properties":{"source":"OpenStreetMap","source_id":"way/1413570474","kind":"water","name":null,"waterway":null,"landuse":null},"geometry":{"type":"Polygon","coordinates":[[[4.1156627,50.9437211],[4.1156019,50.9437393],[4.1156153,50.9437561],[4.1156462,50.9437724],[4.115674,50.9437782],[4.115709,50.943762],[4.1157688,50.9437191],[4.1157894,50.9436893],[4.1157771,50.9436328],[4.1157338,50.9435951],[4.1156689,50.9435873],[4.1156266,50.9435938],[4.115606,50.94361],[4.1156039,50.9436451],[4.1156627,50.9437211]]]}}]}