{"type":"FeatureCollection","features":[{"type":"Feature","id":"gebouw/Gebouw.15650352/0","properties":{"source":"Digitaal Vlaanderen Gebouwenregister","source_id":"gebouw/Gebouw.15650352/0","kind":"building","height_m":7.88,"status":null},"geometry":{"type":"Polygon","coordinates":[[[4.01567016,50.93944609],[4.01561114,50.93945719],[4.01557836,50.93938414],[4.01557663,50.93938028],[4.01556843,50.93936198],[4.01547464,50.93932019],[4.01546155,50.93931436],[4.01546143,50.93931431],[4.0154422,50.93930574],[4.01546386,50.93928665],[4.01546879,50.93928231],[4.0154895,50.93929197],[4.01550096,50.93929732],[4.01553826,50.93931472],[4.01553944,50.93931527],[4.01555831,50.93932408],[4.01562933,50.93935723],[4.01563678,50.93937343],[4.01567016,50.93944609]]]}},{"type":"Feature","id":"gebouw/Gebouw.15654415/0","properties":{"source":"Digitaal Vlaanderen Gebouwenregister","source_id":"gebouw/Gebouw.15654415/0","kind":"building","height_m":5.0,"status":null},"geometry":{"type":"Polygon","coordinates":[[[4.0083111,50.94091773],[4.00813307,50.94100386],[4.0080977,50.94097711],[4.00811172,50.94096996],[4.00827275,50.94088781],[4.0083111,50.94091773]]]}},{"type":"Feature","id":"gebouw/Gebouw.15664329/0","properties":{"source":"Digitaal Vlaanderen Gebouwenregister","source_id":"gebouw/Gebouw.15664329/0","kind":"building","height_m":6.44,"status":null},"geometry":{"type":"Polygon","coordinates":[[[4.01097534,50.94075768],[4.01100592,50.9407848],[4.01096795,50.94080189],[4.01093737,50.94077478],[4.01097534,50.94075768]]]}},{"type":"Feature","id":"gebouw/Gebouw.15664528/0","properties":{"source":"Digitaal Vlaanderen Gebouwenregister","source_id":"gebouw/Gebouw.15664528/0","kind":"building","height_m":8.6,"status":null},"geometry":{"type":"Polygon","coordinates":[[[4.01542368,50.93949108],[4.01536424,50.93950208],[4.01533356,50.93942806],[4.01531787,50.93939023],[4.01522646,50.93935135],[4.01521918,50.93934826],[4.01518126,50.93933214],[4.01518054,50.93933183],[4.01520733,50.93930717],[4.01524475,50.93932268],[4.01524512,50.93932284],[4.01525846,50.93932837],[4.01527788,50.93933642],[4.01537299,50.93937586],[4.01538969,50.93941382],[4.01539126,50.93941739],[4.01542368,50.93949108]]]}},{"type":"Feature","id":"gebouw/Gebouw.15664858/0","properties":{"source":"Digitaal Vlaanderen Gebouwenregister","source_id":"gebouw/Gebouw.15664858/0","kind":"building","height_m":9.32,"status":null},"geometry":{"type":"Polygon","coordinates":[[[4.01353037,50.94013301],[4.01351884,50.94013444],[4.01353822,50.94019671],[4.0134898,50.94020272],[4.01344052,50.94004434],[4.01355223,50.94003046],[4.01356346,50.94006747],[4.01356821,50.94006691],[4.01358571,50.94012614],[4.01353037,50.94013301]]]}},{"type":"Feature","id":"gebouw/Gebouw.15664991/0","properties":{"source":"Digitaal Vlaanderen Gebouwenregister","source_id":"gebouw/Gebouw.15664991/0","kind":"building","height_m":9.32,"status":null},"geometry":{"type":"Polygon","coordinates":[[[4.01556662,50.93980289],[4.01547001,50.93982677],[4.01549189,50.93985251],[4.01543427,50.93986637],[4.01534435,50.93988799],[4.01519648,50.93992355],[4.01517463,50.93986567],[4.01517164,50.93985775],[4.01521963,50.93985204],[4.01519794,50.93977921],[4.01520657,50.93977818],[4.01520733,50.93978179],[4.01521724,50.93978556],[4.0152439,50.93978279],[4.01524846,50.93977813],[4.01524726,50.93977331],[4.01525509,50.93977237],[4.01525639,50.93977703],[4.01526405,50.93978008],[4.01529091,50.93977699],[4.01529679,50.93977172],[4.01529562,50.93976752],[4.01530376,50.93976655],[4.01530518,50.93977097],[4.01531432,50.939774],[4.01533916,50.93977095],[4.01535183,50.93977863],[4.01540152,50.93977283],[4.01541091,50.93976271],[4.0154365,50.93975959],[4.0154426,50.93975408],[4.0154416,50.93975006],[4.01544937,50.93974913],[4.01545114,50.93975378],[4.01546053,50.93975665],[4.0154863,50.93975337],[4.01549179,50.93974882],[4.01549058,50.93974421],[4.01549837,50.93974327],[4.01550011,50.93974755],[4.01550743,50.93975102],[4.01553295,50.9397479],[4.0155406,50.93974303],[4.01553926,50.93973838],[4.01554745,50.9397374],[4.01556662,50.93980289]]]}},{"type":"Feature","id":"gebouw/Gebouw.15665004/0","properties":{"source":"Digitaal Vlaanderen Gebouwenregister","source_id":"gebouw/Gebouw.15665004/0","kind":"building","height_m":8.6,"status":null},"geometry":{"type":"Polygon","coordinates":[[[4.00889407,50.94162904],[4.00884574,50.9416535],[4.00881653,50.94163042],[4.00888535,50.94159483],[4.00890222,50.94160774],[4.00903498,50.94153774],[4.00904414,50.94154445],[4.00908809,50.94152205],[4.0091363,50.94155965],[4.00895629,50.94165172],[4.00891446,50.94161873],[4.00889407,50.94162904]]]}},{"type":"Feature","id":"gebouw/Gebouw.15673515/0","properties":{"source":"Digitaal Vlaanderen Gebouwenregister","source_id":"gebouw/Gebouw.15673515/0","kind":"building","height_m":7.88,"status":null},"geometry":{"type":"Polygon","coordinates":[[[4.01527458,50.94128399],[4.01532039,50.94130193],[4.01524861,50.94137511],[4.0152028,50.94135717],[4.01527458,50.94128399]]]}},{"type":"Feature","id":"gebouw/Gebouw.15673675/0","properties":{"source":"Digitaal Vlaanderen Gebouwenregister","source_id":"gebouw/Gebouw.15673675/0","kind":"building","height_m":7.16,"status":null},"geometry":{"type":"Polygon","coordinates":[[[4.00981336,50.93976704],[4.00987916,50.93973529],[4.00994378,50.93978874],[4.00997563,50.93981509],[4.0100163,50.93979546],[4.01014079,50.93989844],[4.01003432,50.93994982],[4.00981336,50.93976704]]]}},{"type":"Feature","id":"gebouw/Gebouw.15675659/0","properties":{"source":"Digitaal Vlaanderen Gebouwenregister","source_id":"gebouw/Gebouw.15675659/0","kind":"building","height_m":9.32,"status":null},"geometry":{"type":"Polygon","coordinates":[[[4.01368461,50.94189413],[4.01377416,50.94186222],[4.01380455,50.94189625],[4.01371499,50.94192816],[4.01368461,50.94189413]]]}},{"type":"Feature","id":"gebouw/Gebouw.15675954/0","properties":{"source":"Digitaal Vlaanderen Gebouwenregister","source_id":"gebouw/Gebouw.15675954/0","kind":"building","height_m":5.0,"status":null},"geometry":{"type":"Polygon","coordinates":[[[4.01155505,50.94079235],[4.01153487,50.94077379],[4.01162406,50.94073509],[4.01170343,50.9408081],[4.01168476,50.9408162],[4.01173304,50.94086062],[4.01166025,50.9408922],[4.0116268,50.9408606],[4.01160552,50.94086958],[4.01155054,50.94081762],[4.01156501,50.94081135],[4.01154778,50.9407955],[4.01155505,50.94079235]]]}},{"type":"Feature","id":"gebouw/Gebouw.15684143/0","properties":{"source":"Digitaal Vlaanderen Gebouwenregister","source_id":"gebouw/Gebouw.15684143/0","kind":"building","height_m":9.32,"status":null},"geometry":{"type":"Polygon","coordinates":[[[4.00846164,50.93937854],[4.00849079,50.93936429],[4.00854249,50.93940714],[4.00851391,50.93942199],[4.00846164,50.93937854]]]}},{"type":"Feature","id":"gebouw/Gebouw.15684663/0","properties":{"source":"Digitaal Vlaanderen Gebouwenregister","source_id":"gebouw/Gebouw.15684663/0","kind":"building","height_m":5.72,"status":null},"geometry":{"type":"Polygon","coordinates":[[[4.0076615,50.94071236],[4.00765631,50.94069614],[4.00761435,50.94056514],[4.00754384,50.94057309],[4.00757753,50.94067826],[4.00758942,50.9407154],[4.00759086,50.9407199],[4.0076615,50.94071236]]]}},{"type":"Feature","id":"gebouw/Gebouw.15686963/0","properties":{"source":"Digitaal Vlaanderen Gebouwenregister","source_id":"gebouw/Gebouw.15686963/0","kind":"building","height_m":8.6,"status":null},"geometry":{"type":"Polygon","coordinates":[[[4.00996414,50.94053384],[4.00992258,50.94053881],[4.00991899,50.94052684],[4.00984947,50.94053517],[4.00981817,50.94042794],[4.00992969,50.94041494],[4.00996279,50.9405292],[4.00996414,50.94053384]]]}},{"type":"Feature","id":"gebouw/Gebouw.15690127/0","properties":{"source":"Digitaal Vlaanderen Gebouwenregister","source_id":"gebouw/Gebouw.15690127/0","kind":"building","height_m":8.6,"status":null},"geometry":{"type":"Polygon","coordinates":[[[4.01174109,50.94115442],[4.01174116,50.94116692],[4.01174281,50.94116693],[4.01174226,50.94124049],[4.01176515,50.94124056],[4.01176489,50.94127489],[4.01162921,50.94127475],[4.0116276,50.94115503],[4.01167568,50.94115477],[4.01174109,50.94115442]]]}},{"type":"Feature","id":"gebouw/Gebouw.15693799/0","properties":{"source":"Digitaal Vlaanderen Gebouwenregister","source_id":"gebouw/Gebouw.15693799/0","kind":"building","height_m":6.44,"status":null},"geometry":{"type":"Polygon","coordinates":[[[4.00886705,50.94066841],[4.0087989,50.9406768],[4.0087897,50.94064537],[4.00867792,50.94065826],[4.00860745,50.94060507],[4.00859813,50.94057177],[4.00875527,50.94055422],[4.00875424,50.94054978],[4.00886493,50.94053701],[4.0090085,50.94052045],[4.009048,50.94065712],[4.0088808,50.94067641],[4.0088666,50.94062725],[4.00885552,50.94062852],[4.00886705,50.94066841]]]}},{"type":"Feature","id":"gebouw/Gebouw.15694634/0","properties":{"source":"Digitaal Vlaanderen Gebouwenregister","source_id":"gebouw/Gebouw.15694634/0","kind":"building","height_m":7.88,"status":null},"geometry":{"type":"Polygon","coordinates":[[[4.00579283,50.94090903],[4.00578622,50.94089784],[4.00582756,50.94088809],[4.00580655,50.94085254],[4.00578941,50.94079599],[4.00578923,50.94079541],[4.00578749,50.94078965],[4.00578287,50.94077443],[4.00575447,50.94077787],[4.00575413,50.94077655],[4.00569717,50.94078289],[4.00576636,50.94091527],[4.00579283,50.94090903]]]}},{"type":"Feature","id":"gebouw/Gebouw.15702274/0","properties":{"source":"Digitaal Vlaanderen Gebouwenregister","source_id":"gebouw/Gebouw.15702274/0","kind":"building","height_m":5.0,"status":null},"geometry":{"type":"Polygon","coordinates":[[[4.00730779,50.94151348],[4.0072726,50.94153084],[4.00723369,50.94155003],[4.00721976,50.9415387],[4.00709649,50.94143936],[4.00709727,50.94143898],[4.00717385,50.94140155],[4.00730779,50.94151348]]]}},{"type":"Feature","id":"gebouw/Gebouw.15702709/0","properties":{"source":"Digitaal Vlaanderen Gebouwenregister","source_id":"gebouw/Gebouw.15702709/0","kind":"building","height_m":5.72,"status":null},"geometry":{"type":"Polygon","coordinates":[[[4.00825118,50.94113633],[4.00818906,50.94114633],[4.0081667,50.94110349],[4.00823446,50.94109072],[4.0082381,50.94110064],[4.00825118,50.94113633]]]}},{"type":"Feature","id":"gebouw/Gebouw.15706447/0","properties":{"source":"Digitaal Vlaanderen Gebouwenregister","source_id":"gebouw/Gebouw.15706447/0","kind":"building","height_m":5.72,"status":null},"geometry":{"type":"Polygon","coordinates":[[[4.01064713,50.9412112],[4.0106586,50.94132597],[4.01053406,50.94132834],[4.01048717,50.94132949],[4.01048145,50.94126529],[4.01052866,50.94126371],[4.01052126,50.94117521],[4.01058594,50.94117305],[4.01058644,50.94118215],[4.01062832,50.94118048],[4.01063146,50.94121183],[4.01064713,50.9412112]]]}},{"type":"Feature","id":"gebouw/Gebouw.15706585/0","properties":{"source":"Digitaal Vlaanderen Gebouwenregister","source_id":"gebouw/Gebouw.15706585/0","kind":"building","height_m":9.32,"status":null},"geometry":{"type":"Polygon","coordinates":[[[4.0073349,50.93904528],[4.00729694,50.93906408],[4.00726057,50.93903475],[4.00729853,50.93901596],[4.0073349,50.93904528]]]}},{"type":"Feature","id":"gebouw/Gebouw.15711501/0","properties":{"source":"Digitaal Vlaanderen Gebouwenregister","source_id":"gebouw/Gebouw.15711501/0","kind":"building","height_m":5.72,"status":null},"geometry":{"type":"Polygon","coordinates":[[[4.01564823,50.9385526],[4.0156163,50.93858116],[4.01558256,50.93856608],[4.01558152,50.93856563],[4.01561414,50.93853693],[4.01563123,50.93854479],[4.01565144,50.93852723],[4.01566376,50.93853289],[4.01564356,50.93855045],[4.01564823,50.9385526]]]}},{"type":"Feature","id":"gebouw/Gebouw.15712043/0","properties":{"source":"Digitaal Vlaanderen Gebouwenregister","source_id":"gebouw/Gebouw.15712043/0","kind":"building","height_m":7.88,"status":null},"geometry":{"type":"Polygon","coordinates":[[[4.01541127,50.93716627],[4.01544298,50.93717551],[4.01537619,50.93727504],[4.01534302,50.93726615],[4.01533264,50.93728162],[4.01530184,50.93727337],[4.01537985,50.93715712],[4.01541127,50.93716627]]]}},{"type":"Feature","id":"gebouw/Gebouw.15712070/0","properties":{"source":"Digitaal Vlaanderen Gebouwenregister","source_id":"gebouw/Gebouw.15712070/0","kind":"building","height_m":7.16,"status":null},"geometry":{"type":"Polygon","coordinates":[[[4.00781992,50.94097583],[4.00778154,50.94099568],[4.00774675,50.94096526],[4.00778553,50.9409452],[4.00781992,50.94097583]]]}},{"type":"Feature","id":"gebouw/Gebouw.15718176/0","properties":{"source":"Digitaal Vlaanderen Gebouwenregister","source_id":"gebouw/Gebouw.15718176/0","kind":"building","height_m":8.6,"status":null},"geometry":{"type":"Polygon","coordinates":[[[4.00775986,50.94076089],[4.00774862,50.9407667],[4.00770953,50.94073649],[4.0077358,50.9407229],[4.00780372,50.94068776],[4.00793148,50.94062166],[4.00794805,50.9406345],[4.00797051,50.9406519],[4.00775986,50.94076089]]]}},{"type":"Feature","id":"gebouw/Gebouw.15721271/0","properties":{"source":"Digitaal Vlaanderen Gebouwenregister","source_id":"gebouw/Gebouw.15721271/0","kind":"building","height_m":9.32,"status":null},"geometry":{"type":"Polygon","coordinates":[[[4.00845051,50.93994967],[4.00851313,50.94000209],[4.00846687,50.94002415],[4.00840425,50.93997173],[4.00845051,50.93994967]]]}},{"type":"Feature","id":"gebouw/Gebouw.15724909/0","properties":{"source":"Digitaal Vlaanderen Gebouwenregister","source_id":"gebouw/Gebouw.15724909/0","kind":"building","height_m":7.88,"status":null},"geometry":{"type":"Polygon","coordinates":[[[4.01184357,50.94185385],[4.01187876,50.94189892],[4.01167547,50.94196359],[4.01162345,50.94189549],[4.01176394,50.94185155],[4.01175053,50.94183444],[4.01181313,50.94181486],[4.01184357,50.94185385]]]}},{"type":"Feature","id":"gebouw/Gebouw.15725407/0","properties":{"source":"Digitaal Vlaanderen Gebouwenregister","source_id":"gebouw/Gebouw.15725407/0","kind":"building","height_m":8.6,"status":null},"geometry":{"type":"Polygon","coordinates":[[[4.00582351,50.93963562],[4.00596844,50.93953634],[4.00600664,50.93955967],[4.00586313,50.93964496],[4.00582351,50.93963562]]]}},{"type":"Feature","id":"gebouw/Gebouw.15734527/0","properties":{"source":"Digitaal Vlaanderen Gebouwenregister","source_id":"gebouw/Gebouw.15734527/0","kind":"building","height_m":7.88,"status":null},"geometry":{"type":"Polygon","coordinates":[[[4.0153524,50.939068],[4.01537438,50.93904984],[4.01548188,50.9391018],[4.015463,50.9391174],[4.01541016,50.93909186],[4.01540588,50.93909522],[4.0153524,50.939068]]]}},{"type":"Feature","id":"gebouw/Gebouw.15741673/0","properties":{"source":"Digitaal Vlaanderen Gebouwenregister","source_id":"gebouw/Gebouw.15741673/0","kind":"building","height_m":7.16,"status":null},"geometry":{"type":"Polygon","coordinates":[[[4.01595981,50.94159472],[4.01591145,50.9416464],[4.01585713,50.9416261],[4.01593402,50.94154925],[4.01583699,50.94151403],[4.01585718,50.94149193],[4.01585016,50.94148937],[4.01587578,50.94146132],[4.01588629,50.94146537],[4.01591862,50.94143187],[4.01592467,50.9414342],[4.01592236,50.94143676],[4.01600665,50.94146833],[4.01600898,50.94146579],[4.01601499,50.94146802],[4.01597934,50.94150642],[4.0159864,50.94150904],[4.01592042,50.94158011],[4.01595981,50.94159472]]]}},{"type":"Feature","id":"gebouw/Gebouw.15742047/0","properties":{"source":"Digitaal Vlaanderen Gebouwenregister","source_id":"gebouw/Gebouw.15742047/0","kind":"building","height_m":9.32,"status":null},"geometry":{"type":"Polygon","coordinates":[[[4.00575205,50.94146223],[4.00564494,50.94148796],[4.00563076,50.94146439],[4.00556972,50.94136298],[4.00567652,50.94133733],[4.00568693,50.94135454],[4.00569877,50.94137412],[4.00575205,50.94146223]]]}},{"type":"Feature","id":"gebouw/Gebouw.15742061/0","properties":{"source":"Digitaal Vlaanderen Gebouwenregister","source_id":"gebouw/Gebouw.15742061/0","kind":"building","height_m":9.32,"status":null},"geometry":{"type":"Polygon","coordinates":[[[4.00875038,50.94087968],[4.00873854,50.94088574],[4.00856627,50.94097421],[4.00852856,50.94094511],[4.00870746,50.94085333],[4.00873167,50.94084092],[4.00876823,50.94087053],[4.00875896,50.94087529],[4.00875038,50.94087968]]]}},{"type":"Feature","id":"gebouw/Gebouw.15742174/0","properties":{"source":"Digitaal Vlaanderen Gebouwenregister","source_id":"gebouw/Gebouw.15742174/0","kind":"building","height_m":5.0,"status":null},"geometry":{"type":"Polygon","coordinates":[[[4.00915727,50.93605713],[4.00918481,50.93601276],[4.00926351,50.93603051],[4.00923646,50.93607647],[4.00915727,50.93605713]]]}},{"type":"Feature","id":"gebouw/Gebouw.15747414/0","properties":{"source":"Digitaal Vlaanderen Gebouwenregister","source_id":"gebouw/Gebouw.15747414/0","kind":"building","height_m":7.88,"status":null},"geometry":{"type":"Polygon","coordinates":[[[4.00804534,50.94071081],[4.00784114,50.94081646],[4.00782246,50.94080202],[4.00782593,50.94080023],[4.00780679,50.94078544],[4.0080083,50.94068118],[4.00804534,50.94071081]]]}},{"type":"Feature","id":"gebouw/Gebouw.15750449/0","properties":{"source":"Digitaal Vlaanderen Gebouwenregister","source_id":"gebouw/Gebouw.15750449/0","kind":"building","height_m":5.72,"status":null},"geometry":{"type":"Polygon","coordinates":[[[4.01581274,50.9413693],[4.01581939,50.94137181],[4.01581125,50.94138028],[4.01584692,50.94139372],[4.01577316,50.94147187],[4.01565177,50.94142614],[4.01564839,50.94142973],[4.01559797,50.94141047],[4.01567564,50.9413286],[4.01577237,50.94136524],[4.0157803,50.94135707],[4.01578611,50.94135926],[4.01581274,50.9413693]]]}},{"type":"Feature","id":"gebouw/Gebouw.15755298/0","properties":{"source":"Digitaal Vlaanderen Gebouwenregister","source_id":"gebouw/Gebouw.15755298/0","kind":"building","height_m":9.32,"status":null},"geometry":{"type":"Polygon","coordinates":[[[4.01131594,50.94058904],[4.01126919,50.94061322],[4.0111391,50.94050683],[4.01113534,50.94050831],[4.01110021,50.94052216],[4.01102891,50.94056203],[4.01097114,50.94058839],[4.01094586,50.94059993],[4.01078263,50.940478],[4.01072247,50.94036547],[4.01071736,50.94035152],[4.01072193,50.94033588],[4.01073227,50.94032491],[4.01075014,50.9403153],[4.01077283,50.94031035],[4.01092654,50.94029225],[4.01095739,50.94029084],[4.01097911,50.94029256],[4.01100179,50.9402964],[4.01102062,50.94030265],[4.011144,50.94037295],[4.01114855,50.94037554],[4.01122584,50.94033225],[4.01126382,50.9403133],[4.01128242,50.94032794],[4.01147311,50.94047792],[4.01150441,50.94050254],[4.01145785,50.94052622],[4.011435,50.94053784],[4.01142984,50.94054046],[4.01142158,50.94053442],[4.01131594,50.94058904]]]}},{"type":"Feature","id":"gebouw/Gebouw.15760347/0","properties":{"source":"Digitaal Vlaanderen Gebouwenregister","source_id":"gebouw/Gebouw.15760347/0","kind":"building","height_m":5.72,"status":null},"geometry":{"type":"Polygon","coordinates":[[[4.00795056,50.94166243],[4.00785133,50.94171416],[4.0077974,50.94167381],[4.00773394,50.94162632],[4.00770408,50.94160398],[4.00774239,50.94158284],[4.00765355,50.94151535],[4.00765767,50.94151239],[4.00765521,50.94151002],[4.00765379,50.94150701],[4.00765321,50.94150216],[4.00765616,50.94149785],[4.00760725,50.94146285],[4.00757877,50.94146622],[4.00754421,50.94148435],[4.00747258,50.94143075],[4.00738727,50.94136691],[4.00752698,50.94134407],[4.0077126,50.94148358],[4.0077405,50.94150455],[4.00776468,50.94152273],[4.00791203,50.94163347],[4.00793311,50.94164932],[4.00795056,50.94166243]]]}},{"type":"Feature","id":"gebouw/Gebouw.15768306/0","properties":{"source":"Digitaal Vlaanderen Gebouwenregister","source_id":"gebouw/Gebouw.15768306/0","kind":"building","height_m":5.72,"status":null},"geometry":{"type":"Polygon","coordinates":[[[4.0082442,50.94104824],[4.00821049,50.94106524],[4.0081889,50.94104689],[4.00814929,50.94107013],[4.00814579,50.94106243],[4.00814121,50.94105464],[4.00834817,50.94094622],[4.00838605,50.94097602],[4.0082442,50.94104824]]]}},{"type":"Feature","id":"gebouw/Gebouw.15768313/0","properties":{"source":"Digitaal Vlaanderen Gebouwenregister","source_id":"gebouw/Gebouw.15768313/0","kind":"building","height_m":5.72,"status":null},"geometry":{"type":"Polygon","coordinates":[[[4.01597881,50.9398247],[4.01587044,50.93970874],[4.01592644,50.93968786],[4.01598526,50.93975614],[4.01600986,50.93974674],[4.01601729,50.93975451],[4.01608955,50.93972775],[4.01607153,50.93970803],[4.01607743,50.93970624],[4.01610931,50.93974078],[4.01611436,50.93973899],[4.01612125,50.93974682],[4.01611652,50.93974883],[4.01613303,50.93976716],[4.01612781,50.93976916],[4.01612547,50.93976628],[4.01605343,50.93979286],[4.0160556,50.93979584],[4.01597881,50.9398247]]]}},{"type":"Feature","id":"gebouw/Gebouw.15768561/0","properties":{"source":"Digitaal Vlaanderen Gebouwenregister","source_id":"gebouw/Gebouw.15768561/0","kind":"building","height_m":7.88,"status":null},"geometry":{"type":"Polygon","coordinates":[[[4.00853149,50.9413563],[4.00849259,50.94137656],[4.00847647,50.94134283],[4.00843767,50.94135054],[4.00842005,50.9413132],[4.00838318,50.94123502],[4.00847918,50.94122007],[4.00851433,50.94131161],[4.00853149,50.9413563]]]}},{"type":"Feature","id":"gebouw/Gebouw.15771653/0","properties":{"source":"Digitaal Vlaanderen Gebouwenregister","source_id":"gebouw/Gebouw.15771653/0","kind":"building","height_m":6.44,"status":null},"geometry":{"type":"Polygon","coordinates":[[[4.00567393,50.94099192],[4.00554008,50.94102228],[4.00547976,50.94091624],[4.0056148,50.94090048],[4.00561879,50.94090001],[4.00567393,50.94099192]]]}},{"type":"Feature","id":"gebouw/Gebouw.15774545/0","properties":{"source":"Digitaal Vlaanderen Gebouwenregister","source_id":"gebouw/Gebouw.15774545/0","kind":"building","height_m":7.16,"status":null},"geometry":{"type":"Polygon","coordinates":[[[4.01350417,50.93598731],[4.01349925,50.93604845],[4.01348582,50.93604827],[4.01349044,50.93614273],[4.01342529,50.93614324],[4.01342524,50.93614433],[4.01335871,50.93614543],[4.01336015,50.93617729],[4.01300073,50.93618432],[4.01299179,50.93600159],[4.01335697,50.93599445],[4.01335639,50.93598256],[4.01350417,50.93598731]]]}},{"type":"Feature","id":"gebouw/Gebouw.15782072/0","properties":{"source":"Digitaal Vlaanderen Gebouwenregister","source_id":"gebouw/Gebouw.15782072/0","kind":"building","height_m":8.6,"status":null},"geometry":{"type":"Polygon","coordinates":[[[4.00723171,50.9410644],[4.00729813,50.94103861],[4.00709252,50.94084913],[4.00703307,50.94079845],[4.00695544,50.94083341],[4.00699315,50.94086817],[4.00694154,50.94089169],[4.00716725,50.94108942],[4.00723171,50.9410644]]]}},{"type":"Feature","id":"gebouw/Gebouw.15784356/0","properties":{"source":"Digitaal Vlaanderen Gebouwenregister","source_id":"gebouw/Gebouw.15784356/0","kind":"building","height_m":5.0,"status":null},"geometry":{"type":"Polygon","coordinates":[[[4.00835356,50.94183837],[4.00840847,50.94181019],[4.00846305,50.94185267],[4.00845501,50.94185679],[4.00848826,50.94188266],[4.00844336,50.94190566],[4.00835356,50.94183837]]]}},{"type":"Feature","id":"gebouw/Gebouw.15784782/0","properties":{"source":"Digitaal Vlaanderen Gebouwenregister","source_id":"gebouw/Gebouw.15784782/0","kind":"building","height_m":9.32,"status":null},"geometry":{"type":"Polygon","coordinates":[[[4.00993615,50.94184782],[4.00990574,50.94182111],[4.00998457,50.94178526],[4.00995801,50.94176198],[4.00991244,50.94178223],[4.00989233,50.94179117],[4.00971279,50.94187094],[4.00977394,50.94191987],[4.00993615,50.94184782]]]}},{"type":"Feature","id":"gebouw/Gebouw.15784846/0","properties":{"source":"Digitaal Vlaanderen Gebouwenregister","source_id":"gebouw/Gebouw.15784846/0","kind":"building","height_m":5.0,"status":null},"geometry":{"type":"Polygon","coordinates":[[[4.01254181,50.94076956],[4.01252527,50.94077916],[4.01256786,50.94080853],[4.01249064,50.94085449],[4.01228438,50.94070681],[4.01231046,50.94069227],[4.01232755,50.9407045],[4.0123761,50.94067743],[4.01247518,50.94074666],[4.01249323,50.94073617],[4.01254181,50.94076956]]]}},{"type":"Feature","id":"gebouw/Gebouw.15789816/0","properties":{"source":"Digitaal Vlaanderen Gebouwenregister","source_id":"gebouw/Gebouw.15789816/0","kind":"building","height_m":5.0,"status":null},"geometry":{"type":"Polygon","coordinates":[[[4.01372452,50.94107887],[4.01371152,50.94105454],[4.01368153,50.9409984],[4.013637,50.94091368],[4.01358391,50.94092694],[4.01355389,50.94093442],[4.01351598,50.9408742],[4.01334185,50.94091796],[4.0134034,50.94101573],[4.01348681,50.94099477],[4.01348115,50.94098268],[4.01356571,50.94096361],[4.01356238,50.94095756],[4.0135935,50.94095038],[4.01362938,50.941011],[4.01363896,50.94100814],[4.01368446,50.94108596],[4.01372452,50.94107887]]]}},{"type":"Feature","id":"gebouw/Gebouw.15790173/0","properties":{"source":"Digitaal Vlaanderen Gebouwenregister","source_id":"gebouw/Gebouw.15790173/0","kind":"building","height_m":5.0,"status":null},"geometry":{"type":"Polygon","coordinates":[[[4.00803347,50.94096078],[4.00800969,50.94097291],[4.0079717,50.9409442],[4.00802233,50.94091837],[4.00819735,50.94082908],[4.00823466,50.94085814],[4.00807291,50.94094066],[4.00803347,50.94096078]]]}},{"type":"Feature","id":"gebouw/Gebouw.15790661/0","properties":{"source":"Digitaal Vlaanderen Gebouwenregister","source_id":"gebouw/Gebouw.15790661/0","kind":"building","height_m":8.6,"status":null},"geometry":{"type":"Polygon","coordinates":[[[4.01165544,50.93636239],[4.01157852,50.93635448],[4.01158356,50.93633512],[4.01166065,50.93634219],[4.01165544,50.93636239]]]}},{"type":"Feature","id":"gebouw/Gebouw.15793030/0","properties":{"source":"Digitaal Vlaanderen Gebouwenregister","source_id":"gebouw/Gebouw.15793030/0","kind":"building","height_m":5.72,"status":null},"geometry":{"type":"Polygon","coordinates":[[[4.00969412,50.93972857],[4.00965192,50.93974928],[4.00949963,50.93962496],[4.00954104,50.93960267],[4.00969412,50.93972857]]]}},{"type":"Feature","id":"gebouw/Gebouw.15793120/0","properties":{"source":"Digitaal Vlaanderen Gebouwenregister","source_id":"gebouw/Gebouw.15793120/0","kind":"building","height_m":5.0,"status":null},"geometry":{"type":"Polygon","coordinates":[[[4.00608646,50.94142216],[4.00600311,50.94144287],[4.00593786,50.94133807],[4.00601889,50.94131793],[4.00603181,50.94133787],[4.00608646,50.94142216]]]}},{"type":"Feature","id":"gebouw/Gebouw.15798254/0","properties":{"source":"Digitaal Vlaanderen Gebouwenregister","source_id":"gebouw/Gebouw.15798254/0","kind":"building","height_m":7.16,"status":null},"geometry":{"type":"Polygon","coordinates":[[[4.00900923,50.94168923],[4.00918489,50.94159751],[4.0091363,50.94155965],[4.00895629,50.94165172],[4.00891344,50.94167363],[4.00896071,50.9417127],[4.00900923,50.94168923]]]}},{"type":"Feature","id":"gebouw/Gebouw.15800281/0","properties":{"source":"Digitaal Vlaanderen Gebouwenregister","source_id":"gebouw/Gebouw.15800281/0","kind":"building","height_m":5.0,"status":null},"geometry":{"type":"Polygon","coordinates":[[[4.0114735,50.94029619],[4.01144075,50.94031266],[4.01142647,50.94030139],[4.01139206,50.94027423],[4.01137368,50.94023767],[4.01133549,50.94012954],[4.01139731,50.94012254],[4.01143984,50.94026602],[4.01144164,50.94027211],[4.0114735,50.94029619]]]}},{"type":"Feature","id":"gebouw/Gebouw.15800301/0","properties":{"source":"Digitaal Vlaanderen Gebouwenregister","source_id":"gebouw/Gebouw.15800301/0","kind":"building","height_m":9.32,"status":null},"geometry":{"type":"Polygon","coordinates":[[[4.00694098,50.94127389],[4.00694249,50.94127766],[4.00687785,50.94128797],[4.00686978,50.94126699],[4.0067661,50.94128329],[4.0067155,50.94115476],[4.00680609,50.94114053],[4.00681372,50.94115992],[4.00682296,50.94118337],[4.00689997,50.94117127],[4.00691946,50.94122005],[4.00694098,50.94127389]]]}},{"type":"Feature","id":"gebouw/Gebouw.15800824/0","properties":{"source":"Digitaal Vlaanderen Gebouwenregister","source_id":"gebouw/Gebouw.15800824/0","kind":"building","height_m":7.88,"status":null},"geometry":{"type":"Polygon","coordinates":[[[4.01555248,50.93946822],[4.01548515,50.93947971],[4.01545171,50.93940624],[4.01545005,50.93940259],[4.01543465,50.93936877],[4.0152734,50.93929781],[4.01525894,50.93929144],[4.0152829,50.93927033],[4.01532183,50.93928703],[4.01532364,50.93928781],[4.01538148,50.93931261],[4.01543647,50.93933619],[4.01543703,50.93933643],[4.01550851,50.9393671],[4.01551894,50.93939107],[4.01552053,50.93939474],[4.01555248,50.93946822]]]}},{"type":"Feature","id":"gebouw/Gebouw.15803174/0","properties":{"source":"Digitaal Vlaanderen Gebouwenregister","source_id":"gebouw/Gebouw.15803174/0","kind":"building","height_m":6.44,"status":null},"geometry":{"type":"Polygon","coordinates":[[[4.00830666,50.9411274],[4.00825118,50.94113633],[4.0082381,50.94110064],[4.00823446,50.94109072],[4.0082318,50.94108347],[4.0082827,50.94107616],[4.00830666,50.9411274]]]}},{"type":"Feature","id":"gebouw/Gebouw.15803509/0","properties":{"source":"Digitaal Vlaanderen Gebouwenregister","source_id":"gebouw/Gebouw.15803509/0","kind":"building","height_m":5.72,"status":null},"geometry":{"type":"Polygon","coordinates":[[[4.00881653,50.94163042],[4.00881382,50.94163179],[4.00877336,50.94165229],[4.0087202,50.9416106],[4.00874637,50.94159785],[4.00871326,50.94157295],[4.00871576,50.94157166],[4.00871859,50.94157019],[4.00875062,50.94155362],[4.00877256,50.94154228],[4.00878148,50.94153766],[4.00892505,50.9414634],[4.00898302,50.94150757],[4.00888858,50.94155705],[4.00888334,50.94155305],[4.008852,50.94156947],[4.00888535,50.94159483],[4.00881653,50.94163042]]]}},{"type":"Feature","id":"gebouw/Gebouw.15813283/0","properties":{"source":"Digitaal Vlaanderen Gebouwenregister","source_id":"gebouw/Gebouw.15813283/0","kind":"building","height_m":7.16,"status":null},"geometry":{"type":"Polygon","coordinates":[[[4.01043435,50.94129972],[4.01043473,50.94130466],[4.01022094,50.94131136],[4.0102112,50.94120846],[4.01035681,50.94120296],[4.01035517,50.94118098],[4.01043906,50.94117767],[4.01044092,50.94120015],[4.01044379,50.94120006],[4.01045158,50.94129918],[4.01043435,50.94129972]]]}},{"type":"Feature","id":"gebouw/Gebouw.15815567/0","properties":{"source":"Digitaal Vlaanderen Gebouwenregister","source_id":"gebouw/Gebouw.15815567/0","kind":"building","height_m":8.6,"status":null},"geometry":{"type":"Polygon","coordinates":[[[4.0125776,50.94165912],[4.01250547,50.94168184],[4.01250129,50.94167655],[4.01243065,50.9416988],[4.01246184,50.94173832],[4.01240847,50.94175513],[4.0123192,50.94164201],[4.01252079,50.94157851],[4.01256894,50.94164683],[4.01266498,50.94161657],[4.01270058,50.94166188],[4.01260382,50.94169223],[4.0125776,50.94165912]]]}},{"type":"Feature","id":"gebouw/Gebouw.15818384/0","properties":{"source":"Digitaal Vlaanderen Gebouwenregister","source_id":"gebouw/Gebouw.15818384/0","kind":"building","height_m":5.72,"status":null},"geometry":{"type":"Polygon","coordinates":[[[4.00868873,50.93908288],[4.00869426,50.9390802],[4.00875912,50.9391337],[4.00870865,50.93915813],[4.00872618,50.93917259],[4.00866485,50.93920227],[4.00864806,50.93918703],[4.00859679,50.93921165],[4.00853266,50.93915833],[4.00853928,50.93915514],[4.00851799,50.93913812],[4.00857579,50.93911],[4.00857795,50.9390977],[4.00859202,50.93909115],[4.00861097,50.93909377],[4.00866829,50.93906602],[4.00868873,50.93908288]]]}},{"type":"Feature","id":"gebouw/Gebouw.15821298/0","properties":{"source":"Digitaal Vlaanderen Gebouwenregister","source_id":"gebouw/Gebouw.15821298/0","kind":"building","height_m":7.16,"status":null},"geometry":{"type":"Polygon","coordinates":[[[4.00834817,50.94094622],[4.00814121,50.94105464],[4.00806211,50.94103819],[4.00813307,50.94100386],[4.0083111,50.94091773],[4.00834817,50.94094622]]]}},{"type":"Feature","id":"gebouw/Gebouw.15823116/0","properties":{"source":"Digitaal Vlaanderen Gebouwenregister","source_id":"gebouw/Gebouw.15823116/0","kind":"building","height_m":5.72,"status":null},"geometry":{"type":"Polygon","coordinates":[[[4.01566679,50.93930298],[4.01575545,50.93934762],[4.01579524,50.93942256],[4.01573612,50.93943367],[4.01569792,50.93936221],[4.01569614,50.93935888],[4.01569489,50.93935653],[4.01563018,50.93932174],[4.0156575,50.9392983],[4.01566679,50.93930298]]]}},{"type":"Feature","id":"gebouw/Gebouw.15823246/0","properties":{"source":"Digitaal Vlaanderen Gebouwenregister","source_id":"gebouw/Gebouw.15823246/0","kind":"building","height_m":8.6,"status":null},"geometry":{"type":"Polygon","coordinates":[[[4.01573612,50.93943367],[4.01567016,50.93944609],[4.01563678,50.93937343],[4.01562933,50.93935723],[4.01555831,50.93932408],[4.01553944,50.93931527],[4.01553826,50.93931472],[4.01556131,50.93929803],[4.01556916,50.93929234],[4.01556979,50.93929266],[4.01563018,50.93932174],[4.01569489,50.93935653],[4.01569614,50.93935888],[4.01569792,50.93936221],[4.01573612,50.93943367]]]}},{"type":"Feature","id":"gebouw/Gebouw.15823590/0","properties":{"source":"Digitaal Vlaanderen Gebouwenregister","source_id":"gebouw/Gebouw.15823590/0","kind":"building","height_m":9.32,"status":null},"geometry":{"type":"Polygon","coordinates":[[[4.00761229,50.9407868],[4.00756858,50.94080941],[4.00752914,50.94077491],[4.0076057,50.94076623],[4.00761229,50.9407868]]]}},{"type":"Feature","id":"gebouw/Gebouw.15826257/0","properties":{"source":"Digitaal Vlaanderen Gebouwenregister","source_id":"gebouw/Gebouw.15826257/0","kind":"building","height_m":9.32,"status":null},"geometry":{"type":"Polygon","coordinates":[[[4.00786026,50.94100105],[4.00781441,50.94102444],[4.00778154,50.94099568],[4.00781992,50.94097583],[4.00782768,50.94097181],[4.00786026,50.94100105]]]}},{"type":"Feature","id":"gebouw/Gebouw.15834310/0","properties":{"source":"Digitaal Vlaanderen Gebouwenregister","source_id":"gebouw/Gebouw.15834310/0","kind":"building","height_m":6.44,"status":null},"geometry":{"type":"Polygon","coordinates":[[[4.0111286,50.93965377],[4.01107089,50.93961367],[4.01119199,50.9395441],[4.01124969,50.93958419],[4.0111286,50.93965377]]]}},{"type":"Feature","id":"gebouw/Gebouw.15839165/0","properties":{"source":"Digitaal Vlaanderen Gebouwenregister","source_id":"gebouw/Gebouw.15839165/0","kind":"building","height_m":9.32,"status":null},"geometry":{"type":"Polygon","coordinates":[[[4.00612253,50.94141319],[4.00608656,50.94142213],[4.00608646,50.94142216],[4.00603181,50.94133787],[4.0061213,50.94131562],[4.00617408,50.94140038],[4.00616541,50.94140254],[4.00612253,50.94141319]]]}},{"type":"Feature","id":"gebouw/Gebouw.15839716/0","properties":{"source":"Digitaal Vlaanderen Gebouwenregister","source_id":"gebouw/Gebouw.15839716/0","kind":"building","height_m":7.88,"status":null},"geometry":{"type":"Polygon","coordinates":[[[4.01057924,50.94056353],[4.01065904,50.94055461],[4.01068013,50.94062994],[4.01060033,50.94063886],[4.01057924,50.94056353]]]}},{"type":"Feature","id":"gebouw/Gebouw.15841946/0","properties":{"source":"Digitaal Vlaanderen Gebouwenregister","source_id":"gebouw/Gebouw.15841946/0","kind":"building","height_m":5.72,"status":null},"geometry":{"type":"Polygon","coordinates":[[[4.00863109,50.94140913],[4.00862622,50.94140548],[4.00860904,50.94141468],[4.00853149,50.9413563],[4.00854008,50.94135183],[4.0085812,50.94133041],[4.00868413,50.94127681],[4.00876572,50.94133991],[4.0086582,50.94139519],[4.00863109,50.94140913]]]}},{"type":"Feature","id":"gebouw/Gebouw.15841996/0","properties":{"source":"Digitaal Vlaanderen Gebouwenregister","source_id":"gebouw/Gebouw.15841996/0","kind":"building","height_m":6.44,"status":null},"geometry":{"type":"Polygon","coordinates":[[[4.01514883,50.9372654],[4.01514268,50.93731159],[4.01507456,50.93741082],[4.01505328,50.93740944],[4.01475442,50.93739177],[4.01472182,50.93736703],[4.01473725,50.93730497],[4.0147461,50.93724235],[4.01514883,50.9372654]]]}},{"type":"Feature","id":"gebouw/Gebouw.15852110/0","properties":{"source":"Digitaal Vlaanderen Gebouwenregister","source_id":"gebouw/Gebouw.15852110/0","kind":"building","height_m":5.72,"status":null},"geometry":{"type":"Polygon","coordinates":[[[4.00628959,50.94040543],[4.00578149,50.93994266],[4.00594299,50.93987187],[4.00645561,50.94033233],[4.00644182,50.94033852],[4.00646919,50.94036446],[4.00642995,50.94038169],[4.00643616,50.94038741],[4.0063776,50.94041309],[4.0063715,50.94040742],[4.00633223,50.94042471],[4.00630254,50.9403977],[4.00629225,50.94040186],[4.00629395,50.94040351],[4.00628959,50.94040543]]]}},{"type":"Feature","id":"gebouw/Gebouw.15854004/0","properties":{"source":"Digitaal Vlaanderen Gebouwenregister","source_id":"gebouw/Gebouw.15854004/0","kind":"building","height_m":8.6,"status":null},"geometry":{"type":"Polygon","coordinates":[[[4.01158668,50.94065395],[4.01164578,50.94069477],[4.01160142,50.94071998],[4.01154373,50.9406784],[4.01154727,50.94067643],[4.01150073,50.94064288],[4.01153954,50.94062139],[4.01158668,50.94065395]]]}},{"type":"Feature","id":"gebouw/Gebouw.15854664/0","properties":{"source":"Digitaal Vlaanderen Gebouwenregister","source_id":"gebouw/Gebouw.15854664/0","kind":"building","height_m":5.0,"status":null},"geometry":{"type":"Polygon","coordinates":[[[4.00843313,50.94065106],[4.00826368,50.94073822],[4.00822633,50.9407091],[4.00837459,50.94063293],[4.00839648,50.94062169],[4.00843313,50.94065106]]]}},{"type":"Feature","id":"gebouw/Gebouw.15856774/0","properties":{"source":"Digitaal Vlaanderen Gebouwenregister","source_id":"gebouw/Gebouw.15856774/0","kind":"building","height_m":7.16,"status":null},"geometry":{"type":"Polygon","coordinates":[[[4.01598706,50.94072543],[4.01601687,50.94069596],[4.01607407,50.94071905],[4.01604426,50.94074852],[4.01598706,50.94072543]]]}},{"type":"Feature","id":"gebouw/Gebouw.15859589/0","properties":{"source":"Digitaal Vlaanderen Gebouwenregister","source_id":"gebouw/Gebouw.15859589/0","kind":"building","height_m":7.88,"status":null},"geometry":{"type":"Polygon","coordinates":[[[4.00957969,50.93986223],[4.00971905,50.93979556],[4.00992255,50.93996389],[4.00979975,50.94002307],[4.00975691,50.93998632],[4.0097696,50.93998131],[4.00974051,50.93995703],[4.00972997,50.93996207],[4.00964192,50.9398886],[4.0096224,50.93989793],[4.00957969,50.93986223]]]}},{"type":"Feature","id":"gebouw/Gebouw.15859660/0","properties":{"source":"Digitaal Vlaanderen Gebouwenregister","source_id":"gebouw/Gebouw.15859660/0","kind":"building","height_m":8.6,"status":null},"geometry":{"type":"Polygon","coordinates":[[[4.00907003,50.94176289],[4.00906171,50.94176722],[4.00903482,50.94174511],[4.00906829,50.9417289],[4.00905565,50.94171851],[4.00922663,50.94163033],[4.00926549,50.94166103],[4.00907739,50.94175905],[4.00907003,50.94176289]]]}},{"type":"Feature","id":"gebouw/Gebouw.15861879/0","properties":{"source":"Digitaal Vlaanderen Gebouwenregister","source_id":"gebouw/Gebouw.15861879/0","kind":"building","height_m":8.6,"status":null},"geometry":{"type":"Polygon","coordinates":[[[4.00793148,50.94062166],[4.00780372,50.94068776],[4.00776384,50.94054742],[4.00777592,50.94054598],[4.00778722,50.94054464],[4.00780795,50.94054219],[4.0078389,50.94054885],[4.00793148,50.94062166]]]}},{"type":"Feature","id":"gebouw/Gebouw.15867173/0","properties":{"source":"Digitaal Vlaanderen Gebouwenregister","source_id":"gebouw/Gebouw.15867173/0","kind":"building","height_m":5.0,"status":null},"geometry":{"type":"Polygon","coordinates":[[[4.01600131,50.9409261],[4.01594866,50.94090689],[4.01593163,50.94092466],[4.01589728,50.94091249],[4.01587641,50.94093433],[4.01578977,50.94102499],[4.01587557,50.9410577],[4.01600131,50.9409261]]]}},{"type":"Feature","id":"gebouw/Gebouw.15867605/0","properties":{"source":"Digitaal Vlaanderen Gebouwenregister","source_id":"gebouw/Gebouw.15867605/0","kind":"building","height_m":8.6,"status":null},"geometry":{"type":"Polygon","coordinates":[[[4.01313635,50.94100615],[4.01321209,50.94098764],[4.01328731,50.94111047],[4.01322979,50.94112453],[4.01319152,50.94106204],[4.01315579,50.94107077],[4.01314768,50.94105753],[4.01298527,50.94109723],[4.0129221,50.94100185],[4.01292886,50.94100007],[4.01292636,50.94099601],[4.01292498,50.94098284],[4.01293599,50.94097206],[4.01295543,50.94096729],[4.01297581,50.94097078],[4.01298865,50.94098133],[4.01299119,50.94098538],[4.01310639,50.94095722],[4.01313635,50.94100615]]]}},{"type":"Feature","id":"gebouw/Gebouw.15870687/0","properties":{"source":"Digitaal Vlaanderen Gebouwenregister","source_id":"gebouw/Gebouw.15870687/0","kind":"building","height_m":5.0,"status":null},"geometry":{"type":"Polygon","coordinates":[[[4.00824878,50.94135689],[4.00815665,50.94137402],[4.00815826,50.94137747],[4.00814205,50.94138064],[4.00812411,50.94136734],[4.00809425,50.9413452],[4.00808473,50.94131786],[4.00808699,50.94131749],[4.0081337,50.94130977],[4.00812021,50.94127745],[4.0082038,50.94126396],[4.00824878,50.94135689]]]}},{"type":"Feature","id":"gebouw/Gebouw.15873080/0","properties":{"source":"Digitaal Vlaanderen Gebouwenregister","source_id":"gebouw/Gebouw.15873080/0","kind":"building","height_m":9.32,"status":null},"geometry":{"type":"Polygon","coordinates":[[[4.01559224,50.93808578],[4.01561957,50.93805771],[4.01567372,50.93807788],[4.01564729,50.93810799],[4.01559224,50.93808578]]]}},{"type":"Feature","id":"gebouw/Gebouw.15873118/0","properties":{"source":"Digitaal Vlaanderen Gebouwenregister","source_id":"gebouw/Gebouw.15873118/0","kind":"building","height_m":6.44,"status":null},"geometry":{"type":"Polygon","coordinates":[[[4.01501841,50.93946703],[4.01504047,50.93954357],[4.01497907,50.93955083],[4.01495526,50.93947425],[4.01493474,50.93940824],[4.01491635,50.93940347],[4.0149276,50.93938721],[4.01498146,50.93940357],[4.01498836,50.93942751],[4.01500641,50.93942541],[4.01501841,50.93946703]]]}},{"type":"Feature","id":"gebouw/Gebouw.15875926/0","properties":{"source":"Digitaal Vlaanderen Gebouwenregister","source_id":"gebouw/Gebouw.15875926/0","kind":"building","height_m":7.16,"status":null},"geometry":{"type":"Polygon","coordinates":[[[4.01536424,50.93950208],[4.01530051,50.9395132],[4.01526748,50.93942112],[4.01523247,50.9394056],[4.01531787,50.93939023],[4.01533356,50.93942806],[4.01536424,50.93950208]]]}},{"type":"Feature","id":"gebouw/Gebouw.15882081/0","properties":{"source":"Digitaal Vlaanderen Gebouwenregister","source_id":"gebouw/Gebouw.15882081/0","kind":"building","height_m":8.6,"status":null},"geometry":{"type":"Polygon","coordinates":[[[4.00867098,50.94082392],[4.00849145,50.94091597],[4.00845374,50.94088664],[4.00863155,50.94079553],[4.00865707,50.94078245],[4.00868333,50.94080231],[4.00870562,50.94079054],[4.00867963,50.94077089],[4.00869392,50.94076357],[4.00872207,50.94074914],[4.008758,50.94077931],[4.00871212,50.94080283],[4.00867098,50.94082392]]]}},{"type":"Feature","id":"gebouw/Gebouw.15889847/0","properties":{"source":"Digitaal Vlaanderen Gebouwenregister","source_id":"gebouw/Gebouw.15889847/0","kind":"building","height_m":5.72,"status":null},"geometry":{"type":"Polygon","coordinates":[[[4.00747983,50.93993109],[4.00751847,50.93996388],[4.0076121,50.94004334],[4.00756767,50.94006513],[4.00743143,50.93995149],[4.00743855,50.93994802],[4.00735273,50.93987526],[4.00734685,50.93987796],[4.00731344,50.93984961],[4.00729875,50.93983715],[4.00729529,50.9398342],[4.00730545,50.93982914],[4.007212,50.93974895],[4.00724577,50.93973245],[4.00733961,50.93981209],[4.00734628,50.93981775],[4.00747983,50.93993109]]]}},{"type":"Feature","id":"gebouw/Gebouw.15889868/0","properties":{"source":"Digitaal Vlaanderen Gebouwenregister","source_id":"gebouw/Gebouw.15889868/0","kind":"building","height_m":5.72,"status":null},"geometry":{"type":"Polygon","coordinates":[[[4.01202004,50.94147577],[4.01197459,50.9414116],[4.01191208,50.94142927],[4.01195753,50.94149345],[4.01202004,50.94147577]]]}},{"type":"Feature","id":"gebouw/Gebouw.15889942/0","properties":{"source":"Digitaal Vlaanderen Gebouwenregister","source_id":"gebouw/Gebouw.15889942/0","kind":"building","height_m":8.6,"status":null},"geometry":{"type":"Polygon","coordinates":[[[4.00943818,50.94098842],[4.00939107,50.94101153],[4.00921212,50.94086589],[4.00929383,50.94082581],[4.00928506,50.94081868],[4.00943113,50.94074703],[4.00952334,50.94082207],[4.00946869,50.94084888],[4.00942619,50.94081429],[4.00931926,50.94086673],[4.00941221,50.94094238],[4.00944264,50.94096714],[4.00945728,50.94097906],[4.00943818,50.94098842]]]}},{"type":"Feature","id":"gebouw/Gebouw.15891969/0","properties":{"source":"Digitaal Vlaanderen Gebouwenregister","source_id":"gebouw/Gebouw.15891969/0","kind":"building","height_m":6.44,"status":null},"geometry":{"type":"Polygon","coordinates":[[[4.01154168,50.94048358],[4.01150441,50.94050254],[4.01147311,50.94047792],[4.01150751,50.94045878],[4.01154168,50.94048358]]]}},{"type":"Feature","id":"gebouw/Gebouw.15894256/0","properties":{"source":"Digitaal Vlaanderen Gebouwenregister","source_id":"gebouw/Gebouw.15894256/0","kind":"building","height_m":5.0,"status":null},"geometry":{"type":"Polygon","coordinates":[[[4.00862447,50.94010627],[4.00859704,50.94008456],[4.00859554,50.94008523],[4.00854139,50.94004262],[4.00864501,50.93999181],[4.00874914,50.93994075],[4.00882916,50.94000589],[4.00872502,50.94005695],[4.00862447,50.94010627]]]}},{"type":"Feature","id":"gebouw/Gebouw.15897802/0","properties":{"source":"Digitaal Vlaanderen Gebouwenregister","source_id":"gebouw/Gebouw.15897802/0","kind":"building","height_m":7.88,"status":null},"geometry":{"type":"Polygon","coordinates":[[[4.01206377,50.94137939],[4.01208972,50.94141918],[4.01203364,50.94143554],[4.01200284,50.94139729],[4.01206377,50.94137939]]]}},{"type":"Feature","id":"gebouw/Gebouw.15898230/0","properties":{"source":"Digitaal Vlaanderen Gebouwenregister","source_id":"gebouw/Gebouw.15898230/0","kind":"building","height_m":8.6,"status":null},"geometry":{"type":"Polygon","coordinates":[[[4.00580998,50.94134741],[4.00582318,50.94134424],[4.00587685,50.94143164],[4.00575205,50.94146223],[4.00569877,50.94137412],[4.00580998,50.94134741]]]}},{"type":"Feature","id":"gebouw/Gebouw.15898281/0","properties":{"source":"Digitaal Vlaanderen Gebouwenregister","source_id":"gebouw/Gebouw.15898281/0","kind":"building","height_m":5.0,"status":null},"geometry":{"type":"Polygon","coordinates":[[[4.00784922,50.94120069],[4.00779648,50.94120897],[4.00770901,50.94122269],[4.0076771,50.94114286],[4.00763245,50.94110638],[4.00771009,50.94107232],[4.00777327,50.94112874],[4.00781659,50.94112262],[4.00781702,50.94112256],[4.00784922,50.94120069]]]}},{"type":"Feature","id":"gebouw/Gebouw.15903418/0","properties":{"source":"Digitaal Vlaanderen Gebouwenregister","source_id":"gebouw/Gebouw.15903418/0","kind":"building","height_m":9.32,"status":null},"geometry":{"type":"Polygon","coordinates":[[[4.00777777,50.94001102],[4.00777861,50.94000796],[4.00777704,50.94000817],[4.00777156,50.94000877],[4.00776825,50.94000824],[4.00776363,50.94000602],[4.00776182,50.94000423],[4.00776103,50.94000066],[4.00776306,50.93999679],[4.00776674,50.93999408],[4.00777189,50.93999263],[4.00778758,50.93993596],[4.00804978,50.93996542],[4.00802936,50.94003756],[4.00800262,50.94003454],[4.00799078,50.94007389],[4.00791527,50.94006503],[4.00791638,50.94006095],[4.00781292,50.94004967],[4.00782215,50.94001585],[4.00777777,50.94001102]]]}},{"type":"Feature","id":"gebouw/Gebouw.15903840/0","properties":{"source":"Digitaal Vlaanderen Gebouwenregister","source_id":"gebouw/Gebouw.15903840/0","kind":"building","height_m":5.72,"status":null},"geometry":{"type":"Polygon","coordinates":[[[4.01222708,50.94066864],[4.01219387,50.94068667],[4.01230963,50.94077179],[4.01222358,50.9408185],[4.01210581,50.94073191],[4.01215675,50.94070426],[4.01215779,50.94069767],[4.01218717,50.94068331],[4.0121268,50.94063892],[4.01211237,50.94064675],[4.01208251,50.9406248],[4.01213116,50.94059838],[4.01214702,50.94061094],[4.01214841,50.94061013],[4.01217369,50.94059527],[4.01219767,50.94061008],[4.01217093,50.94062647],[4.01217012,50.94062696],[4.01222708,50.94066864]]]}},{"type":"Feature","id":"gebouw/Gebouw.15906098/0","properties":{"source":"Digitaal Vlaanderen Gebouwenregister","source_id":"gebouw/Gebouw.15906098/0","kind":"building","height_m":8.6,"status":null},"geometry":{"type":"Polygon","coordinates":[[[4.00819735,50.94082908],[4.00802233,50.94091837],[4.00800519,50.9409054],[4.00798519,50.94089032],[4.00815992,50.94079993],[4.00819735,50.94082908]]]}},{"type":"Feature","id":"gebouw/Gebouw.15909412/0","properties":{"source":"Digitaal Vlaanderen Gebouwenregister","source_id":"gebouw/Gebouw.15909412/0","kind":"building","height_m":5.72,"status":null},"geometry":{"type":"Polygon","coordinates":[[[4.01587641,50.94093433],[4.01580494,50.94090604],[4.0158038,50.94090724],[4.0157175,50.94099757],[4.01578977,50.94102499],[4.01587641,50.94093433]]]}},{"type":"Feature","id":"gebouw/Gebouw.15909450/0","properties":{"source":"Digitaal Vlaanderen Gebouwenregister","source_id":"gebouw/Gebouw.15909450/0","kind":"building","height_m":7.88,"status":null},"geometry":{"type":"Polygon","coordinates":[[[4.00818658,50.94067812],[4.00833642,50.94060238],[4.00837459,50.94063293],[4.00822633,50.9407091],[4.00818658,50.94067812]]]}},{"type":"Feature","id":"gebouw/Gebouw.15909487/0","properties":{"source":"Digitaal Vlaanderen Gebouwenregister","source_id":"gebouw/Gebouw.15909487/0","kind":"building","height_m":9.32,"status":null},"geometry":{"type":"Polygon","coordinates":[[[4.01103372,50.9396984],[4.01109032,50.93968383],[4.01111296,50.93971895],[4.01105636,50.93973351],[4.01103372,50.9396984]]]}},{"type":"Feature","id":"gebouw/Gebouw.15917396/0","properties":{"source":"Digitaal Vlaanderen Gebouwenregister","source_id":"gebouw/Gebouw.15917396/0","kind":"building","height_m":8.6,"status":null},"geometry":{"type":"Polygon","coordinates":[[[4.00857153,50.94077711],[4.00853416,50.94074721],[4.00852942,50.94074964],[4.00837793,50.94082732],[4.00837766,50.94082749],[4.00841604,50.94085683],[4.00857153,50.94077711]]]}},{"type":"Feature","id":"gebouw/Gebouw.15917409/0","properties":{"source":"Digitaal Vlaanderen Gebouwenregister","source_id":"gebouw/Gebouw.15917409/0","kind":"building","height_m":7.88,"status":null},"geometry":{"type":"Polygon","coordinates":[[[4.01126382,50.9403133],[4.01122724,50.94033355],[4.01117795,50.94028751],[4.01116853,50.94029099],[4.01110565,50.9402339],[4.01104251,50.94024221],[4.01102833,50.94020222],[4.01101607,50.94016767],[4.01114452,50.94015255],[4.01116687,50.94022838],[4.01124515,50.94029695],[4.01126382,50.9403133]]]}},{"type":"Feature","id":"gebouw/Gebouw.15919981/0","properties":{"source":"Digitaal Vlaanderen Gebouwenregister","source_id":"gebouw/Gebouw.15919981/0","kind":"building","height_m":5.0,"status":null},"geometry":{"type":"Polygon","coordinates":[[[4.00856198,50.94062152],[4.00851927,50.94064414],[4.00848981,50.94062192],[4.00853304,50.9405997],[4.00856198,50.94062152]]]}},{"type":"Feature","id":"gebouw/Gebouw.15924523/0","properties":{"source":"Digitaal Vlaanderen Gebouwenregister","source_id":"gebouw/Gebouw.15924523/0","kind":"building","height_m":9.32,"status":null},"geometry":{"type":"Polygon","coordinates":[[[4.01142226,50.94079895],[4.01142649,50.94084596],[4.01148167,50.94084397],[4.01148562,50.9408924],[4.01128827,50.94089989],[4.01127917,50.94080409],[4.01142226,50.94079895]]]}},{"type":"Feature","id":"gebouw/Gebouw.15925066/0","properties":{"source":"Digitaal Vlaanderen Gebouwenregister","source_id":"gebouw/Gebouw.15925066/0","kind":"building","height_m":7.16,"status":null},"geometry":{"type":"Polygon","coordinates":[[[4.00900923,50.94168923],[4.00918489,50.94159751],[4.00922663,50.94163033],[4.00905565,50.94171851],[4.00904894,50.94172197],[4.00900923,50.94168923]]]}},{"type":"Feature","id":"gebouw/Gebouw.15932445/0","properties":{"source":"Digitaal Vlaanderen Gebouwenregister","source_id":"gebouw/Gebouw.15932445/0","kind":"building","height_m":7.88,"status":null},"geometry":{"type":"Polygon","coordinates":[[[4.0089607,50.94104509],[4.00889942,50.94105086],[4.00886268,50.94097971],[4.00884363,50.94096056],[4.00885671,50.94095396],[4.00883391,50.94093392],[4.00886109,50.94091997],[4.00892849,50.94097424],[4.00894508,50.9409876],[4.0089607,50.94104509]]]}},{"type":"Feature","id":"gebouw/Gebouw.15932472/0","properties":{"source":"Digitaal Vlaanderen Gebouwenregister","source_id":"gebouw/Gebouw.15932472/0","kind":"building","height_m":7.16,"status":null},"geometry":{"type":"Polygon","coordinates":[[[4.0101553,50.94190249],[4.01017627,50.94192263],[4.01017299,50.94194931],[4.0099913,50.94202995],[4.00995078,50.94199351],[4.0101047,50.94192478],[4.01010483,50.94192472],[4.0101553,50.94190249]]]}},{"type":"Feature","id":"gebouw/Gebouw.15934833/0","properties":{"source":"Digitaal Vlaanderen Gebouwenregister","source_id":"gebouw/Gebouw.15934833/0","kind":"building","height_m":8.6,"status":null},"geometry":{"type":"Polygon","coordinates":[[[4.01313716,50.93582235],[4.01300816,50.93581726],[4.01303721,50.93552367],[4.01316622,50.93552877],[4.01313716,50.93582235]]]}},{"type":"Feature","id":"gebouw/Gebouw.15938350/0","properties":{"source":"Digitaal Vlaanderen Gebouwenregister","source_id":"gebouw/Gebouw.15938350/0","kind":"building","height_m":5.72,"status":null},"geometry":{"type":"Polygon","coordinates":[[[4.01529279,50.94231445],[4.01527682,50.94229894],[4.01526331,50.94228569],[4.01524967,50.94229124],[4.01514574,50.94218926],[4.01513124,50.94217503],[4.01509322,50.9421905],[4.01503444,50.94213282],[4.01507082,50.94211802],[4.01506452,50.94211184],[4.01516952,50.94206912],[4.01516183,50.94206157],[4.01513905,50.94207084],[4.01505285,50.94198626],[4.01497375,50.94201844],[4.01496076,50.94200569],[4.01485842,50.94204764],[4.01475324,50.94195629],[4.01496658,50.9418679],[4.01478777,50.94169491],[4.01485514,50.94166635],[4.01491491,50.94172181],[4.014932,50.94173769],[4.01505452,50.9416878],[4.01506385,50.94169695],[4.01521411,50.94163582],[4.01520473,50.94162662],[4.01527054,50.94159985],[4.01528022,50.94160935],[4.0153983,50.94156131],[4.01546509,50.94162685],[4.01564168,50.94180012],[4.01554039,50.94184224],[4.01536206,50.94166911],[4.01512943,50.94176459],[4.01550335,50.94212929],[4.01541413,50.94216632],[4.01543802,50.94218977],[4.01540631,50.94220266],[4.01540266,50.94220415],[4.01542057,50.94222173],[4.01542111,50.94222226],[4.01544552,50.94224621],[4.01544814,50.94224878],[4.01529279,50.94231445]],[[4.01530261,50.94210439],[4.01532845,50.94212888],[4.01536482,50.94211378],[4.01504142,50.94180069],[4.01506804,50.94178977],[4.01506144,50.94178285],[4.01500556,50.94180605],[4.01501253,50.94181254],[4.0150336,50.94183211],[4.01502098,50.94183751],[4.0150821,50.94189542],[4.01508385,50.94189708],[4.01530261,50.94210439]]]}},{"type":"Feature","id":"gebouw/Gebouw.15939624/0","properties":{"source":"Digitaal Vlaanderen Gebouwenregister","source_id":"gebouw/Gebouw.15939624/0","kind":"building","height_m":5.72,"status":null},"geometry":{"type":"Polygon","coordinates":[[[4.01504864,50.9374456],[4.01505328,50.93740944],[4.01507456,50.93741082],[4.01514268,50.93731159],[4.01514883,50.9372654],[4.01517505,50.9372669],[4.01523735,50.93717603],[4.01524328,50.93712719],[4.01476325,50.93709899],[4.01472138,50.93711978],[4.01471436,50.93716882],[4.01471897,50.93716803],[4.0147123,50.9372159],[4.0147461,50.93724235],[4.01472182,50.93736703],[4.01475442,50.93739177],[4.01473605,50.93751789],[4.01480496,50.93757007],[4.01495571,50.93757795],[4.01504864,50.9374456]]]}},{"type":"Feature","id":"gebouw/Gebouw.15940211/0","properties":{"source":"Digitaal Vlaanderen Gebouwenregister","source_id":"gebouw/Gebouw.15940211/0","kind":"building","height_m":5.0,"status":null},"geometry":{"type":"Polygon","coordinates":[[[4.01582839,50.94172341],[4.01580083,50.94175301],[4.01575505,50.94173599],[4.0157611,50.9417295],[4.01572254,50.94171516],[4.01574424,50.94169185],[4.01577987,50.94170523],[4.01578053,50.94170547],[4.01582792,50.94172323],[4.01582839,50.94172341]]]}},{"type":"Feature","id":"gebouw/Gebouw.15945731/0","properties":{"source":"Digitaal Vlaanderen Gebouwenregister","source_id":"gebouw/Gebouw.15945731/0","kind":"building","height_m":7.88,"status":null},"geometry":{"type":"Polygon","coordinates":[[[4.01282591,50.9402101],[4.01281559,50.94021126],[4.01278873,50.94012318],[4.01291442,50.94010788],[4.01291983,50.9401256],[4.0129284,50.94015373],[4.01294164,50.94019714],[4.01287117,50.94020504],[4.01282591,50.9402101]]]}},{"type":"Feature","id":"gebouw/Gebouw.15947447/0","properties":{"source":"Digitaal Vlaanderen Gebouwenregister","source_id":"gebouw/Gebouw.15947447/0","kind":"building","height_m":8.6,"status":null},"geometry":{"type":"Polygon","coordinates":[[[4.01226421,50.94050855],[4.01220944,50.94051488],[4.01219501,50.94046753],[4.01218821,50.94044537],[4.0121729,50.94039523],[4.01222942,50.94038868],[4.01226421,50.94050855]]]}},{"type":"Feature","id":"gebouw/Gebouw.15947577/0","properties":{"source":"Digitaal Vlaanderen Gebouwenregister","source_id":"gebouw/Gebouw.15947577/0","kind":"building","height_m":6.44,"status":null},"geometry":{"type":"Polygon","coordinates":[[[4.00875969,50.94092383],[4.00860403,50.94100372],[4.00856627,50.94097421],[4.00873854,50.94088574],[4.00875038,50.94087968],[4.00878756,50.94090952],[4.00875969,50.94092383]]]}},{"type":"Feature","id":"gebouw/Gebouw.15948034/0","properties":{"source":"Digitaal Vlaanderen Gebouwenregister","source_id":"gebouw/Gebouw.15948034/0","kind":"building","height_m":7.88,"status":null},"geometry":{"type":"Polygon","coordinates":[[[4.00905914,50.9399823],[4.00902674,50.93999798],[4.00905987,50.94002531],[4.00898208,50.94006294],[4.0089464,50.94003364],[4.008945,50.94003434],[4.0089358,50.94002706],[4.00893766,50.94002612],[4.00888371,50.93998341],[4.00888701,50.93998175],[4.00885315,50.93995495],[4.00889296,50.93993488],[4.00889417,50.93992266],[4.00890213,50.93991259],[4.00892579,50.93990164],[4.00894255,50.93989928],[4.00896197,50.93990264],[4.00905914,50.9399823]]]}},{"type":"Feature","id":"gebouw/Gebouw.15949907/0","properties":{"source":"Digitaal Vlaanderen Gebouwenregister","source_id":"gebouw/Gebouw.15949907/0","kind":"building","height_m":5.72,"status":null},"geometry":{"type":"Polygon","coordinates":[[[4.00580179,50.94098307],[4.00575846,50.94099329],[4.00573629,50.94095405],[4.00573412,50.94095453],[4.00571833,50.94092637],[4.00571393,50.94092736],[4.00570016,50.94090279],[4.00566037,50.94091412],[4.00563588,50.94087202],[4.00560407,50.94087667],[4.00557145,50.94082495],[4.00555616,50.94080072],[4.00555572,50.94080002],[4.00556103,50.94079943],[4.00564294,50.94079038],[4.00564256,50.94078896],[4.00569717,50.94078289],[4.00576636,50.94091527],[4.00579283,50.94090903],[4.0058084,50.94093538],[4.00580883,50.9409361],[4.00579673,50.94093896],[4.00578071,50.94094274],[4.00580179,50.94098307]]]}},{"type":"Feature","id":"gebouw/Gebouw.15950541/0","properties":{"source":"Digitaal Vlaanderen Gebouwenregister","source_id":"gebouw/Gebouw.15950541/0","kind":"building","height_m":8.6,"status":null},"geometry":{"type":"Polygon","coordinates":[[[4.00872207,50.94074914],[4.00869392,50.94076357],[4.0086579,50.94073283],[4.00868558,50.94071864],[4.00872207,50.94074914]]]}},{"type":"Feature","id":"gebouw/Gebouw.15950782/0","properties":{"source":"Digitaal Vlaanderen Gebouwenregister","source_id":"gebouw/Gebouw.15950782/0","kind":"building","height_m":5.72,"status":null},"geometry":{"type":"Polygon","coordinates":[[[4.01559934,50.94129907],[4.01552786,50.94137036],[4.01538021,50.94131474],[4.01545393,50.94124087],[4.01551912,50.94126581],[4.01551725,50.94126769],[4.01559934,50.94129907]]]}},{"type":"Feature","id":"gebouw/Gebouw.15952293/0","properties":{"source":"Digitaal Vlaanderen Gebouwenregister","source_id":"gebouw/Gebouw.15952293/0","kind":"building","height_m":5.0,"status":null},"geometry":{"type":"Polygon","coordinates":[[[4.00876202,50.94082535],[4.00876548,50.94082357],[4.00879358,50.94080916],[4.008758,50.94077931],[4.00871793,50.94079985],[4.00871212,50.94080283],[4.00874825,50.94083241],[4.00876202,50.94082535]]]}},{"type":"Feature","id":"gebouw/Gebouw.15953186/0","properties":{"source":"Digitaal Vlaanderen Gebouwenregister","source_id":"gebouw/Gebouw.15953186/0","kind":"building","height_m":7.88,"status":null},"geometry":{"type":"Polygon","coordinates":[[[4.01602569,50.94179754],[4.01599529,50.94183015],[4.01599922,50.94183178],[4.01597414,50.94185859],[4.0158339,50.94180622],[4.01589188,50.94174727],[4.01602569,50.94179754]]]}},{"type":"Feature","id":"gebouw/Gebouw.15955727/0","properties":{"source":"Digitaal Vlaanderen Gebouwenregister","source_id":"gebouw/Gebouw.15955727/0","kind":"building","height_m":7.88,"status":null},"geometry":{"type":"Polygon","coordinates":[[[4.01518331,50.93941539],[4.01518354,50.9394155],[4.0151997,50.93942277],[4.01523259,50.93952127],[4.0151678,50.93952847],[4.01514159,50.93945292],[4.01513184,50.93942483],[4.015128,50.93942206],[4.01511252,50.93941089],[4.0150921,50.93941406],[4.01507923,50.93941607],[4.01506935,50.93939253],[4.01510121,50.93938508],[4.01504686,50.93935817],[4.01506877,50.93934062],[4.01514794,50.9393791],[4.01516669,50.93940319],[4.01518331,50.93941539]]]}},{"type":"Feature","id":"gebouw/Gebouw.15955864/0","properties":{"source":"Digitaal Vlaanderen Gebouwenregister","source_id":"gebouw/Gebouw.15955864/0","kind":"building","height_m":5.72,"status":null},"geometry":{"type":"Polygon","coordinates":[[[4.01256267,50.93960574],[4.01274522,50.93958549],[4.01274484,50.93958425],[4.01275054,50.93958363],[4.01275179,50.93958945],[4.0128037,50.93958351],[4.01285953,50.93957711],[4.01284345,50.93952108],[4.01297264,50.93950628],[4.0129612,50.93946638],[4.01306212,50.93945482],[4.01305445,50.93942808],[4.01312904,50.93941954],[4.01314375,50.9394708],[4.01329615,50.93945334],[4.0132613,50.93933189],[4.01311409,50.93934875],[4.01311513,50.93935238],[4.01286607,50.93938091],[4.0128686,50.93938971],[4.01280816,50.93939664],[4.01277461,50.93927971],[4.01271714,50.93928629],[4.01266578,50.93929218],[4.01267329,50.93931834],[4.0126482,50.93932142],[4.01264302,50.93931028],[4.01265805,50.93928709],[4.01255601,50.93925405],[4.01226982,50.93916139],[4.01221985,50.93922976],[4.01220779,50.93922671],[4.01219106,50.93925759],[4.01230643,50.93929317],[4.01230098,50.93929981],[4.01237255,50.93933207],[4.01244677,50.93935467],[4.0125291,50.93939134],[4.01254547,50.93937134],[4.01258226,50.93938341],[4.01260149,50.93936058],[4.01261538,50.93935916],[4.01262981,50.93935515],[4.01263485,50.93935265],[4.01264743,50.93934052],[4.01267985,50.93933698],[4.01270784,50.93943706],[4.01271529,50.93946371],[4.01259876,50.93947672],[4.01261503,50.9395349],[4.01255837,50.93954123],[4.01256514,50.93956542],[4.01253892,50.93956835],[4.01254468,50.93958896],[4.01255801,50.93958748],[4.01256267,50.93960574]]]}},{"type":"Feature","id":"gebouw/Gebouw.15957484/0","properties":{"source":"Digitaal Vlaanderen Gebouwenregister","source_id":"gebouw/Gebouw.15957484/0","kind":"building","height_m":7.88,"status":null},"geometry":{"type":"Polygon","coordinates":[[[4.0108443,50.94166653],[4.01088159,50.9417136],[4.01094683,50.94169297],[4.01090947,50.94164581],[4.01105267,50.94160052],[4.01106259,50.94161304],[4.01113032,50.94159162],[4.01112012,50.94157873],[4.01119349,50.94155553],[4.01126464,50.94164534],[4.01083994,50.94177964],[4.01076916,50.94169029],[4.0108443,50.94166653]]]}},{"type":"Feature","id":"gebouw/Gebouw.15957609/0","properties":{"source":"Digitaal Vlaanderen Gebouwenregister","source_id":"gebouw/Gebouw.15957609/0","kind":"building","height_m":7.16,"status":null},"geometry":{"type":"Polygon","coordinates":[[[4.00686915,50.94161189],[4.00686658,50.9416133],[4.00674751,50.94151807],[4.00682553,50.94150584],[4.00680777,50.94146179],[4.00688291,50.94144996],[4.00691316,50.9414452],[4.00693986,50.94152824],[4.00696952,50.94154174],[4.00688848,50.94155246],[4.00687035,50.94156289],[4.00689795,50.94158382],[4.00689519,50.94159762],[4.0069197,50.94161807],[4.00689286,50.94163122],[4.00686915,50.94161189]]]}},{"type":"Feature","id":"gebouw/Gebouw.15957629/0","properties":{"source":"Digitaal Vlaanderen Gebouwenregister","source_id":"gebouw/Gebouw.15957629/0","kind":"building","height_m":6.44,"status":null},"geometry":{"type":"Polygon","coordinates":[[[4.01323983,50.93890906],[4.01321898,50.93893385],[4.013148,50.93891003],[4.01316884,50.93888523],[4.01323983,50.93890906]]]}},{"type":"Feature","id":"gebouw/Gebouw.15958223/0","properties":{"source":"Digitaal Vlaanderen Gebouwenregister","source_id":"gebouw/Gebouw.15958223/0","kind":"building","height_m":5.72,"status":null},"geometry":{"type":"Polygon","coordinates":[[[4.0151678,50.93952847],[4.01510384,50.93953608],[4.01507989,50.93946002],[4.0150734,50.93943943],[4.01506666,50.93941802],[4.01504059,50.93942208],[4.01503071,50.93939846],[4.01506935,50.93939253],[4.01507923,50.93941607],[4.0150921,50.93941406],[4.01511252,50.93941089],[4.015128,50.93942206],[4.01513184,50.93942483],[4.01514159,50.93945292],[4.0151678,50.93952847]]]}},{"type":"Feature","id":"gebouw/Gebouw.15960777/0","properties":{"source":"Digitaal Vlaanderen Gebouwenregister","source_id":"gebouw/Gebouw.15960777/0","kind":"building","height_m":5.0,"status":null},"geometry":{"type":"Polygon","coordinates":[[[4.01137369,50.94023767],[4.01131934,50.94024888],[4.01134303,50.9402785],[4.01135894,50.94029086],[4.01131824,50.94031065],[4.01128524,50.94028324],[4.01127982,50.94027693],[4.0112317,50.94022086],[4.01120932,50.94014492],[4.01127186,50.9401373],[4.01133549,50.94012954],[4.01137369,50.94023767]]]}},{"type":"Feature","id":"gebouw/Gebouw.15965505/0","properties":{"source":"Digitaal Vlaanderen Gebouwenregister","source_id":"gebouw/Gebouw.15965505/0","kind":"building","height_m":7.16,"status":null},"geometry":{"type":"Polygon","coordinates":[[[4.01305662,50.94188027],[4.01327051,50.9418131],[4.01333961,50.94190094],[4.01322653,50.94193717],[4.01324613,50.9419616],[4.01314588,50.94199372],[4.01305662,50.94188027]]]}},{"type":"Feature","id":"gebouw/Gebouw.15966086/0","properties":{"source":"Digitaal Vlaanderen Gebouwenregister","source_id":"gebouw/Gebouw.15966086/0","kind":"building","height_m":7.16,"status":null},"geometry":{"type":"Polygon","coordinates":[[[4.00687936,50.94101677],[4.00693213,50.94107088],[4.00690066,50.94108313],[4.0068479,50.94102902],[4.00687936,50.94101677]]]}},{"type":"Feature","id":"gebouw/Gebouw.15968262/0","properties":{"source":"Digitaal Vlaanderen Gebouwenregister","source_id":"gebouw/Gebouw.15968262/0","kind":"building","height_m":6.44,"status":null},"geometry":{"type":"Polygon","coordinates":[[[4.00758942,50.9407154],[4.00751085,50.94072649],[4.00747894,50.94073099],[4.0074411,50.9406979],[4.00749632,50.94067628],[4.00747456,50.94060105],[4.0074736,50.94059775],[4.00746916,50.94058241],[4.00747104,50.94058221],[4.00747081,50.94058132],[4.00754384,50.94057309],[4.00758942,50.9407154]]]}},{"type":"Feature","id":"gebouw/Gebouw.15968777/0","properties":{"source":"Digitaal Vlaanderen Gebouwenregister","source_id":"gebouw/Gebouw.15968777/0","kind":"building","height_m":9.32,"status":null},"geometry":{"type":"Polygon","coordinates":[[[4.01329261,50.93921502],[4.01325005,50.93918597],[4.01338241,50.93910857],[4.01342496,50.93913762],[4.01329261,50.93921502]]]}},{"type":"Feature","id":"gebouw/Gebouw.15974042/0","properties":{"source":"Digitaal Vlaanderen Gebouwenregister","source_id":"gebouw/Gebouw.15974042/0","kind":"building","height_m":5.0,"status":null},"geometry":{"type":"Polygon","coordinates":[[[4.01578786,50.94081547],[4.01576438,50.9408399],[4.01584098,50.94086798],[4.01582567,50.94088415],[4.01580494,50.94090604],[4.0158038,50.94090724],[4.0157175,50.94099757],[4.01567951,50.94098315],[4.01561861,50.94096005],[4.01562503,50.9409531],[4.01567102,50.94090327],[4.01564376,50.94088179],[4.01572764,50.94082692],[4.01576052,50.94080542],[4.01578786,50.94081547]]]}},{"type":"Feature","id":"gebouw/Gebouw.15976677/0","properties":{"source":"Digitaal Vlaanderen Gebouwenregister","source_id":"gebouw/Gebouw.15976677/0","kind":"building","height_m":7.16,"status":null},"geometry":{"type":"Polygon","coordinates":[[[4.01102514,50.94131023],[4.01102376,50.94137095],[4.01100899,50.94137081],[4.01100874,50.94138173],[4.01096361,50.94138132],[4.01096383,50.94137168],[4.01091667,50.94137126],[4.01091808,50.94130926],[4.01102514,50.94131023]]]}},{"type":"Feature","id":"gebouw/Gebouw.15979143/0","properties":{"source":"Digitaal Vlaanderen Gebouwenregister","source_id":"gebouw/Gebouw.15979143/0","kind":"building","height_m":8.6,"status":null},"geometry":{"type":"Polygon","coordinates":[[[4.00780372,50.94068776],[4.0077358,50.9407229],[4.00772588,50.94068801],[4.00771908,50.94066408],[4.00768847,50.94055637],[4.00776384,50.94054742],[4.00780372,50.94068776]]]}},{"type":"Feature","id":"gebouw/Gebouw.15981609/0","properties":{"source":"Digitaal Vlaanderen Gebouwenregister","source_id":"gebouw/Gebouw.15981609/0","kind":"building","height_m":5.0,"status":null},"geometry":{"type":"Polygon","coordinates":[[[4.00870746,50.94085333],[4.00867098,50.94082392],[4.00849145,50.94091597],[4.00852856,50.94094511],[4.00870746,50.94085333]]]}},{"type":"Feature","id":"gebouw/Gebouw.15984908/0","properties":{"source":"Digitaal Vlaanderen Gebouwenregister","source_id":"gebouw/Gebouw.15984908/0","kind":"building","height_m":6.44,"status":null},"geometry":{"type":"Polygon","coordinates":[[[4.01376422,50.94054279],[4.01375915,50.9405333],[4.0137319,50.94053956],[4.01371396,50.94050838],[4.01373691,50.94050311],[4.01372899,50.94048935],[4.01370951,50.94049382],[4.01369664,50.94047145],[4.01366219,50.94047936],[4.01365499,50.94048102],[4.01361692,50.94039958],[4.01362458,50.94039783],[4.01381618,50.94035381],[4.01390902,50.94049869],[4.01390218,50.94050044],[4.01390718,50.9405092],[4.01376422,50.94054279]]]}},{"type":"Feature","id":"gebouw/Gebouw.15992761/0","properties":{"source":"Digitaal Vlaanderen Gebouwenregister","source_id":"gebouw/Gebouw.15992761/0","kind":"building","height_m":5.72,"status":null},"geometry":{"type":"Polygon","coordinates":[[[4.00990393,50.93677701],[4.00981901,50.93676433],[4.00985355,50.93667206],[4.00993855,50.93668476],[4.00990393,50.93677701]]]}},{"type":"Feature","id":"gebouw/Gebouw.15998600/0","properties":{"source":"Digitaal Vlaanderen Gebouwenregister","source_id":"gebouw/Gebouw.15998600/0","kind":"building","height_m":6.44,"status":null},"geometry":{"type":"Polygon","coordinates":[[[4.00751361,50.94174125],[4.0074859,50.94175535],[4.00743242,50.94171182],[4.00735996,50.94165283],[4.00738743,50.941639],[4.0074601,50.94169789],[4.00751361,50.94174125]]]}},{"type":"Feature","id":"gebouw/Gebouw.16004184/0","properties":{"source":"Digitaal Vlaanderen Gebouwenregister","source_id":"gebouw/Gebouw.16004184/0","kind":"building","height_m":5.0,"status":null},"geometry":{"type":"Polygon","coordinates":[[[4.01549189,50.93985251],[4.01549563,50.93985691],[4.01552218,50.93988816],[4.01553948,50.9398816],[4.01564177,50.9398428],[4.0156492,50.93984391],[4.01565763,50.93984966],[4.01566024,50.93985642],[4.01565859,50.93986033],[4.01565359,50.93986447],[4.01566414,50.93987628],[4.01567395,50.93987278],[4.01572565,50.93993065],[4.01567809,50.93994761],[4.01567059,50.93993866],[4.01558726,50.93996679],[4.01554229,50.93991362],[4.01549026,50.93993117],[4.01547818,50.9399171],[4.01547781,50.93991668],[4.01543427,50.93986637],[4.01549189,50.93985251]]]}},{"type":"Feature","id":"gebouw/Gebouw.16006307/0","properties":{"source":"Digitaal Vlaanderen Gebouwenregister","source_id":"gebouw/Gebouw.16006307/0","kind":"building","height_m":6.44,"status":null},"geometry":{"type":"Polygon","coordinates":[[[4.00648541,50.93991755],[4.0065355,50.93995965],[4.00648693,50.93998278],[4.00643633,50.93994222],[4.00648541,50.93991755]]]}},{"type":"Feature","id":"gebouw/Gebouw.16016556/0","properties":{"source":"Digitaal Vlaanderen Gebouwenregister","source_id":"gebouw/Gebouw.16016556/0","kind":"building","height_m":7.16,"status":null},"geometry":{"type":"Polygon","coordinates":[[[4.00889942,50.94105086],[4.0088153,50.94105884],[4.00880224,50.94098797],[4.00879852,50.94097184],[4.00878323,50.94095999],[4.00879236,50.94095531],[4.00879514,50.94095388],[4.0088228,50.94093963],[4.00884363,50.94096056],[4.00886268,50.94097971],[4.00889942,50.94105086]]]}},{"type":"Feature","id":"gebouw/Gebouw.16017120/0","properties":{"source":"Digitaal Vlaanderen Gebouwenregister","source_id":"gebouw/Gebouw.16017120/0","kind":"building","height_m":5.0,"status":null},"geometry":{"type":"Polygon","coordinates":[[[4.0127047,50.9401334],[4.01273177,50.94022293],[4.01260636,50.94023883],[4.01257907,50.94014857],[4.0127047,50.9401334]]]}},{"type":"Feature","id":"gebouw/Gebouw.16025121/0","properties":{"source":"Digitaal Vlaanderen Gebouwenregister","source_id":"gebouw/Gebouw.16025121/0","kind":"building","height_m":5.0,"status":null},"geometry":{"type":"Polygon","coordinates":[[[4.0158854,50.93918895],[4.01585189,50.93921762],[4.01587196,50.93922686],[4.01587484,50.93922819],[4.01587816,50.93922972],[4.01584452,50.93925851],[4.01578195,50.93922859],[4.01578571,50.93922562],[4.01566045,50.93916981],[4.01569125,50.9391437],[4.01573437,50.93916347],[4.01573466,50.93916361],[4.0157664,50.93913343],[4.0158854,50.93918895]]]}},{"type":"Feature","id":"gebouw/Gebouw.16033077/0","properties":{"source":"Digitaal Vlaanderen Gebouwenregister","source_id":"gebouw/Gebouw.16033077/0","kind":"building","height_m":7.88,"status":null},"geometry":{"type":"Polygon","coordinates":[[[4.01603871,50.94100933],[4.01598318,50.94098904],[4.01603087,50.94093689],[4.01600131,50.9409261],[4.01587557,50.9410577],[4.01587886,50.94105894],[4.01590677,50.94106945],[4.01596155,50.94109009],[4.01603871,50.94100933]]]}},{"type":"Feature","id":"gebouw/Gebouw.16033604/0","properties":{"source":"Digitaal Vlaanderen Gebouwenregister","source_id":"gebouw/Gebouw.16033604/0","kind":"building","height_m":9.32,"status":null},"geometry":{"type":"Polygon","coordinates":[[[4.00990032,50.9415901],[4.00983465,50.94161874],[4.00983155,50.94162009],[4.00979886,50.94159478],[4.009867,50.94155951],[4.00990032,50.9415901]]]}},{"type":"Feature","id":"gebouw/Gebouw.16035380/0","properties":{"source":"Digitaal Vlaanderen Gebouwenregister","source_id":"gebouw/Gebouw.16035380/0","kind":"building","height_m":7.88,"status":null},"geometry":{"type":"Polygon","coordinates":[[[4.00873301,50.93939716],[4.00865173,50.93943782],[4.00862317,50.93941502],[4.00870641,50.93937425],[4.00873301,50.93939716]]]}},{"type":"Feature","id":"gebouw/Gebouw.16036101/0","properties":{"source":"Digitaal Vlaanderen Gebouwenregister","source_id":"gebouw/Gebouw.16036101/0","kind":"building","height_m":7.88,"status":null},"geometry":{"type":"Polygon","coordinates":[[[4.00931398,50.94193155],[4.00933327,50.94194289],[4.00929123,50.94197201],[4.00922777,50.94193727],[4.00919721,50.94192055],[4.00919285,50.94191816],[4.00924095,50.94188865],[4.00931398,50.94193155]]]}},{"type":"Feature","id":"gebouw/Gebouw.16037997/0","properties":{"source":"Digitaal Vlaanderen Gebouwenregister","source_id":"gebouw/Gebouw.16037997/0","kind":"building","height_m":7.16,"status":null},"geometry":{"type":"Polygon","coordinates":[[[4.01497907,50.93955083],[4.01491048,50.9395583],[4.01490211,50.93952762],[4.01487477,50.93942741],[4.0148548,50.93942959],[4.01485157,50.93941775],[4.01484772,50.93941817],[4.01483846,50.93938326],[4.01491531,50.9394032],[4.01491635,50.93940347],[4.01493474,50.93940824],[4.01495526,50.93947425],[4.01497907,50.93955083]]]}},{"type":"Feature","id":"gebouw/Gebouw.16038405/0","properties":{"source":"Digitaal Vlaanderen Gebouwenregister","source_id":"gebouw/Gebouw.16038405/0","kind":"building","height_m":8.6,"status":null},"geometry":{"type":"Polygon","coordinates":[[[4.01199237,50.94032005],[4.0119031,50.94033133],[4.0118785,50.94030011],[4.01187449,50.94029091],[4.0118666,50.94027278],[4.01185415,50.94023329],[4.01187238,50.94023121],[4.01185641,50.94017535],[4.01194713,50.94016514],[4.01197593,50.94026718],[4.01197613,50.9402679],[4.01198573,50.94029871],[4.01199237,50.94032005]]]}},{"type":"Feature","id":"gebouw/Gebouw.16040666/0","properties":{"source":"Digitaal Vlaanderen Gebouwenregister","source_id":"gebouw/Gebouw.16040666/0","kind":"building","height_m":8.6,"status":null},"geometry":{"type":"Polygon","coordinates":[[[4.01580983,50.9390141],[4.01574673,50.93898707],[4.01577271,50.93896373],[4.01583517,50.93899049],[4.01580983,50.9390141]]]}},{"type":"Feature","id":"gebouw/Gebouw.16040762/0","properties":{"source":"Digitaal Vlaanderen Gebouwenregister","source_id":"gebouw/Gebouw.16040762/0","kind":"building","height_m":7.16,"status":null},"geometry":{"type":"Polygon","coordinates":[[[4.01161985,50.94066984],[4.01169557,50.94072391],[4.01174554,50.94075959],[4.01178915,50.94073683],[4.0116622,50.94064617],[4.01161985,50.94066984]]]}},{"type":"Feature","id":"gebouw/Gebouw.16040784/0","properties":{"source":"Digitaal Vlaanderen Gebouwenregister","source_id":"gebouw/Gebouw.16040784/0","kind":"building","height_m":7.88,"status":null},"geometry":{"type":"Polygon","coordinates":[[[4.01217404,50.93661538],[4.01226963,50.9366358],[4.01215452,50.93682955],[4.01207017,50.93680955],[4.01217404,50.93661538]]]}},{"type":"Feature","id":"gebouw/Gebouw.16047806/0","properties":{"source":"Digitaal Vlaanderen Gebouwenregister","source_id":"gebouw/Gebouw.16047806/0","kind":"building","height_m":8.6,"status":null},"geometry":{"type":"Polygon","coordinates":[[[4.0121637,50.94128765],[4.01216592,50.94130564],[4.01203946,50.9413108],[4.01202037,50.94121466],[4.01216658,50.94120754],[4.01216262,50.94117399],[4.01222197,50.94117068],[4.01223769,50.94128322],[4.0121637,50.94128765]]]}},{"type":"Feature","id":"gebouw/Gebouw.16050588/0","properties":{"source":"Digitaal Vlaanderen Gebouwenregister","source_id":"gebouw/Gebouw.16050588/0","kind":"building","height_m":5.72,"status":null},"geometry":{"type":"Polygon","coordinates":[[[4.00786317,50.94139676],[4.00789804,50.94142269],[4.00790384,50.941427],[4.00793358,50.94144912],[4.00798432,50.94148684],[4.00795904,50.94150001],[4.00803265,50.94155586],[4.00799971,50.94157322],[4.00798576,50.94156277],[4.00788256,50.94148544],[4.00772066,50.94136518],[4.00772148,50.94136474],[4.00776891,50.94133926],[4.00784021,50.94139223],[4.00785,50.94138697],[4.00786317,50.94139676]]]}},{"type":"Feature","id":"gebouw/Gebouw.16051167/0","properties":{"source":"Digitaal Vlaanderen Gebouwenregister","source_id":"gebouw/Gebouw.16051167/0","kind":"building","height_m":9.32,"status":null},"geometry":{"type":"Polygon","coordinates":[[[4.00781341,50.94149745],[4.00776468,50.94152272],[4.0077405,50.94150455],[4.00778913,50.94147918],[4.00781341,50.94149745]]]}},{"type":"Feature","id":"gebouw/Gebouw.16053589/0","properties":{"source":"Digitaal Vlaanderen Gebouwenregister","source_id":"gebouw/Gebouw.16053589/0","kind":"building","height_m":9.32,"status":null},"geometry":{"type":"Polygon","coordinates":[[[4.00815992,50.94079993],[4.00798519,50.94089032],[4.00794718,50.94086157],[4.00812256,50.94077083],[4.00815992,50.94079993]]]}},{"type":"Feature","id":"gebouw/Gebouw.16055842/0","properties":{"source":"Digitaal Vlaanderen Gebouwenregister","source_id":"gebouw/Gebouw.16055842/0","kind":"building","height_m":8.6,"status":null},"geometry":{"type":"Polygon","coordinates":[[[4.01034701,50.94047404],[4.01034519,50.94046783],[4.01041738,50.9404594],[4.01039547,50.94038443],[4.01037489,50.94038683],[4.01036761,50.94036009],[4.01030749,50.94036706],[4.01030894,50.94037133],[4.01026645,50.94037633],[4.0102971,50.94047986],[4.01034701,50.94047404]]]}},{"type":"Feature","id":"gebouw/Gebouw.16056103/0","properties":{"source":"Digitaal Vlaanderen Gebouwenregister","source_id":"gebouw/Gebouw.16056103/0","kind":"building","height_m":5.0,"status":null},"geometry":{"type":"Polygon","coordinates":[[[4.0117541,50.94149556],[4.01176731,50.94151259],[4.01178238,50.94150793],[4.01184341,50.94158658],[4.01182869,50.94159114],[4.01183149,50.94159475],[4.01176768,50.94161451],[4.01173751,50.94157564],[4.01173345,50.94157689],[4.01169947,50.9415331],[4.01171014,50.94152979],[4.01169725,50.94151317],[4.0117541,50.94149556]]]}},{"type":"Feature","id":"gebouw/Gebouw.16056557/0","properties":{"source":"Digitaal Vlaanderen Gebouwenregister","source_id":"gebouw/Gebouw.16056557/0","kind":"building","height_m":9.32,"status":null},"geometry":{"type":"Polygon","coordinates":[[[4.00978147,50.94152743],[4.0098128,50.94151325],[4.00984554,50.94154211],[4.00981421,50.94155629],[4.00978147,50.94152743]]]}},{"type":"Feature","id":"gebouw/Gebouw.16059264/0","properties":{"source":"Digitaal Vlaanderen Gebouwenregister","source_id":"gebouw/Gebouw.16059264/0","kind":"building","height_m":7.88,"status":null},"geometry":{"type":"Polygon","coordinates":[[[4.01610861,50.93936132],[4.0160718,50.93936875],[4.01603701,50.93932243],[4.0160801,50.93931279],[4.01610861,50.93936132]]]}},{"type":"Feature","id":"gebouw/Gebouw.16061258/0","properties":{"source":"Digitaal Vlaanderen Gebouwenregister","source_id":"gebouw/Gebouw.16061258/0","kind":"building","height_m":7.16,"status":null},"geometry":{"type":"Polygon","coordinates":[[[4.01404305,50.94114259],[4.01403421,50.94113165],[4.01407545,50.94111834],[4.01404748,50.94108374],[4.01413805,50.94105451],[4.01412664,50.9410404],[4.01417972,50.94102328],[4.01419763,50.94104543],[4.0142168,50.94103924],[4.01428934,50.94112755],[4.01427595,50.94113194],[4.0142804,50.94113764],[4.01424163,50.94115017],[4.0142368,50.94114429],[4.01418915,50.94115975],[4.01419595,50.94116836],[4.01409957,50.94119954],[4.01409488,50.94119393],[4.01405439,50.941207],[4.01401075,50.94115301],[4.01404305,50.94114259]]]}},{"type":"Feature","id":"gebouw/Gebouw.16072261/0","properties":{"source":"Digitaal Vlaanderen Gebouwenregister","source_id":"gebouw/Gebouw.16072261/0","kind":"building","height_m":6.44,"status":null},"geometry":{"type":"Polygon","coordinates":[[[4.01010483,50.94192472],[4.0101047,50.94192478],[4.00995078,50.94199351],[4.00991056,50.94195734],[4.01006454,50.941889],[4.01010483,50.94192472]]]}},{"type":"Feature","id":"gebouw/Gebouw.16072960/0","properties":{"source":"Digitaal Vlaanderen Gebouwenregister","source_id":"gebouw/Gebouw.16072960/0","kind":"building","height_m":5.72,"status":null},"geometry":{"type":"Polygon","coordinates":[[[4.01184732,50.93674165],[4.01185971,50.9367475],[4.01190244,50.93674676],[4.0119036,50.93677352],[4.01186049,50.93677449],[4.01185944,50.93679718],[4.01167682,50.93679958],[4.01167498,50.93674392],[4.01184732,50.93674165]]]}},{"type":"Feature","id":"gebouw/Gebouw.16080727/0","properties":{"source":"Digitaal Vlaanderen Gebouwenregister","source_id":"gebouw/Gebouw.16080727/0","kind":"building","height_m":8.6,"status":null},"geometry":{"type":"Polygon","coordinates":[[[4.00780679,50.94078544],[4.0077977,50.94079013],[4.00775986,50.94076089],[4.00797051,50.9406519],[4.0080083,50.94068118],[4.00780679,50.94078544]]]}},{"type":"Feature","id":"gebouw/Gebouw.16080916/0","properties":{"source":"Digitaal Vlaanderen Gebouwenregister","source_id":"gebouw/Gebouw.16080916/0","kind":"building","height_m":8.6,"status":null},"geometry":{"type":"Polygon","coordinates":[[[4.00842005,50.9413132],[4.00838318,50.94123502],[4.00830139,50.94124822],[4.00833775,50.94132374],[4.00834969,50.94134853],[4.0083735,50.94139798],[4.00842313,50.94138807],[4.00841042,50.94136252],[4.00840545,50.94136351],[4.00838398,50.94132034],[4.00842005,50.9413132]]]}},{"type":"Feature","id":"gebouw/Gebouw.16083663/0","properties":{"source":"Digitaal Vlaanderen Gebouwenregister","source_id":"gebouw/Gebouw.16083663/0","kind":"building","height_m":5.72,"status":null},"geometry":{"type":"Polygon","coordinates":[[[4.00733291,50.94074025],[4.00724365,50.94078068],[4.00715549,50.94082061],[4.00707594,50.94074784],[4.00704178,50.94063145],[4.0071601,50.94061759],[4.00725227,50.94060679],[4.00725763,50.94062506],[4.00727532,50.94068534],[4.00727932,50.94069897],[4.00728849,50.94069789],[4.00733291,50.94074025]]]}},{"type":"Feature","id":"gebouw/Gebouw.16085766/0","properties":{"source":"Digitaal Vlaanderen Gebouwenregister","source_id":"gebouw/Gebouw.16085766/0","kind":"building","height_m":7.88,"status":null},"geometry":{"type":"Polygon","coordinates":[[[4.01069726,50.94139229],[4.01069819,50.94154223],[4.01065868,50.94153925],[4.01066014,50.94148123],[4.01065649,50.94148119],[4.01065751,50.94144077],[4.01061863,50.94144038],[4.01061911,50.94142132],[4.01065743,50.94142171],[4.01065818,50.94139192],[4.01064506,50.94139179],[4.01064553,50.94137308],[4.0106644,50.94137327],[4.01066432,50.94137119],[4.0106924,50.94137141],[4.01069242,50.94139224],[4.01069726,50.94139229]]]}},{"type":"Feature","id":"gebouw/Gebouw.16088436/0","properties":{"source":"Digitaal Vlaanderen Gebouwenregister","source_id":"gebouw/Gebouw.16088436/0","kind":"building","height_m":5.0,"status":null},"geometry":{"type":"Polygon","coordinates":[[[4.01096349,50.94116053],[4.01107326,50.94115891],[4.01107282,50.94118804],[4.0110742,50.94118804],[4.01107197,50.94128619],[4.01096819,50.9412877],[4.01096349,50.94116053]]]}},{"type":"Feature","id":"gebouw/Gebouw.16091172/0","properties":{"source":"Digitaal Vlaanderen Gebouwenregister","source_id":"gebouw/Gebouw.16091172/0","kind":"building","height_m":9.32,"status":null},"geometry":{"type":"Polygon","coordinates":[[[4.00963482,50.94058481],[4.00961611,50.94058695],[4.00960908,50.94056229],[4.00952499,50.94057186],[4.0095118,50.94057336],[4.00948131,50.94046639],[4.0095958,50.94045337],[4.00962835,50.94056303],[4.00963482,50.94058481]]]}},{"type":"Feature","id":"gebouw/Gebouw.16091459/0","properties":{"source":"Digitaal Vlaanderen Gebouwenregister","source_id":"gebouw/Gebouw.16091459/0","kind":"building","height_m":9.32,"status":null},"geometry":{"type":"Polygon","coordinates":[[[4.0158545,50.93941141],[4.01579524,50.93942256],[4.01575545,50.93934762],[4.01566679,50.93930298],[4.01571358,50.93929589],[4.0157639,50.93932158],[4.01577776,50.93931472],[4.01581489,50.93933345],[4.0158545,50.93941141]]]}},{"type":"Feature","id":"gebouw/Gebouw.16091499/0","properties":{"source":"Digitaal Vlaanderen Gebouwenregister","source_id":"gebouw/Gebouw.16091499/0","kind":"building","height_m":7.88,"status":null},"geometry":{"type":"Polygon","coordinates":[[[4.01350809,50.9391392],[4.01347351,50.93915944],[4.01341097,50.9391168],[4.01344555,50.93909656],[4.01350809,50.9391392]]]}},{"type":"Feature","id":"gebouw/Gebouw.16093748/0","properties":{"source":"Digitaal Vlaanderen Gebouwenregister","source_id":"gebouw/Gebouw.16093748/0","kind":"building","height_m":9.32,"status":null},"geometry":{"type":"Polygon","coordinates":[[[4.00581529,50.93969748],[4.00586638,50.939744],[4.00579216,50.93977654],[4.00574108,50.93973002],[4.00581529,50.93969748]]]}},{"type":"Feature","id":"gebouw/Gebouw.16102982/0","properties":{"source":"Digitaal Vlaanderen Gebouwenregister","source_id":"gebouw/Gebouw.16102982/0","kind":"building","height_m":5.0,"status":null},"geometry":{"type":"Polygon","coordinates":[[[4.01541174,50.93806127],[4.01536837,50.93804583],[4.01539268,50.9380181],[4.01543606,50.93803484],[4.01541174,50.93806127]]]}},{"type":"Feature","id":"gebouw/Gebouw.16105228/0","properties":{"source":"Digitaal Vlaanderen Gebouwenregister","source_id":"gebouw/Gebouw.16105228/0","kind":"building","height_m":9.32,"status":null},"geometry":{"type":"Polygon","coordinates":[[[4.00972437,50.941429],[4.00965239,50.94146711],[4.00961745,50.94143982],[4.00969101,50.94140094],[4.00972437,50.941429]]]}},{"type":"Feature","id":"gebouw/Gebouw.16105821/0","properties":{"source":"Digitaal Vlaanderen Gebouwenregister","source_id":"gebouw/Gebouw.16105821/0","kind":"building","height_m":7.88,"status":null},"geometry":{"type":"Polygon","coordinates":[[[4.01485403,50.9398193],[4.01487388,50.93988803],[4.01486491,50.93988907],[4.01487235,50.93991483],[4.01482209,50.93991976],[4.01482006,50.9399115],[4.01476152,50.93991725],[4.0147507,50.93987888],[4.01476276,50.9398774],[4.01474948,50.93983136],[4.01485403,50.9398193]]]}},{"type":"Feature","id":"gebouw/Gebouw.16110877/0","properties":{"source":"Digitaal Vlaanderen Gebouwenregister","source_id":"gebouw/Gebouw.16110877/0","kind":"building","height_m":9.32,"status":null},"geometry":{"type":"Polygon","coordinates":[[[4.00721164,50.94154478],[4.007204,50.94155051],[4.00721742,50.94155818],[4.00724457,50.94157368],[4.00716911,50.94162644],[4.00719323,50.94164405],[4.00714718,50.94166909],[4.00712437,50.94165084],[4.00708556,50.94161981],[4.00718181,50.94156714],[4.00708421,50.94151521],[4.00704232,50.94152158],[4.00703605,50.94152253],[4.00703166,50.94151415],[4.00698918,50.94143309],[4.00707199,50.9414184],[4.00710229,50.94148659],[4.00721164,50.94154478]]]}},{"type":"Feature","id":"gebouw/Gebouw.16113473/0","properties":{"source":"Digitaal Vlaanderen Gebouwenregister","source_id":"gebouw/Gebouw.16113473/0","kind":"building","height_m":8.6,"status":null},"geometry":{"type":"Polygon","coordinates":[[[4.01331751,50.93589882],[4.01319427,50.93589461],[4.01322126,50.93557943],[4.0133445,50.93558364],[4.01331751,50.93589882]]]}},{"type":"Feature","id":"gebouw/Gebouw.16113542/0","properties":{"source":"Digitaal Vlaanderen Gebouwenregister","source_id":"gebouw/Gebouw.16113542/0","kind":"building","height_m":7.88,"status":null},"geometry":{"type":"Polygon","coordinates":[[[4.00849227,50.94071988],[4.00851738,50.94070701],[4.00849624,50.94069007],[4.0084677,50.94070428],[4.00845182,50.94069155],[4.00830207,50.94076824],[4.00830185,50.94076835],[4.00830225,50.94076866],[4.00833993,50.94079794],[4.00834,50.9407979],[4.00849227,50.94071988]]]}},{"type":"Feature","id":"gebouw/Gebouw.16116440/0","properties":{"source":"Digitaal Vlaanderen Gebouwenregister","source_id":"gebouw/Gebouw.16116440/0","kind":"building","height_m":7.88,"status":null},"geometry":{"type":"Polygon","coordinates":[[[4.00768574,50.94084806],[4.0077197,50.94087449],[4.00767123,50.9408992],[4.00763989,50.94087178],[4.00768574,50.94084806]]]}},{"type":"Feature","id":"gebouw/Gebouw.16117402/0","properties":{"source":"Digitaal Vlaanderen Gebouwenregister","source_id":"gebouw/Gebouw.16117402/0","kind":"building","height_m":5.0,"status":null},"geometry":{"type":"Polygon","coordinates":[[[4.01058716,50.9418166],[4.01069761,50.94177974],[4.01071149,50.9417963],[4.01072347,50.9417923],[4.01078152,50.94186159],[4.01076638,50.94186665],[4.01076978,50.94187071],[4.01067716,50.94189895],[4.01058716,50.9418166]]]}},{"type":"Feature","id":"gebouw/Gebouw.16119634/0","properties":{"source":"Digitaal Vlaanderen Gebouwenregister","source_id":"gebouw/Gebouw.16119634/0","kind":"building","height_m":9.32,"status":null},"geometry":{"type":"Polygon","coordinates":[[[4.01196582,50.93961471],[4.01196331,50.93960557],[4.01202066,50.93959999],[4.01202317,50.9396103],[4.01208375,50.93960565],[4.01208455,50.93960847],[4.01209595,50.93959679],[4.0121973,50.9396352],[4.01218462,50.93964982],[4.01219294,50.93964886],[4.01220723,50.93969817],[4.01208398,50.93971243],[4.01208602,50.93971946],[4.01208468,50.93971962],[4.01200144,50.93972919],[4.01199889,50.93972948],[4.01196582,50.93961471]]]}},{"type":"Feature","id":"gebouw/Gebouw.16125356/0","properties":{"source":"Digitaal Vlaanderen Gebouwenregister","source_id":"gebouw/Gebouw.16125356/0","kind":"building","height_m":6.44,"status":null},"geometry":{"type":"Polygon","coordinates":[[[4.00878148,50.94153766],[4.00875658,50.94151804],[4.00875257,50.94152007],[4.0087277,50.94150045],[4.00883314,50.94144313],[4.0088719,50.94142206],[4.00889593,50.94144075],[4.00892505,50.9414634],[4.00878148,50.94153766]]]}},{"type":"Feature","id":"gebouw/Gebouw.16128120/0","properties":{"source":"Digitaal Vlaanderen Gebouwenregister","source_id":"gebouw/Gebouw.16128120/0","kind":"building","height_m":5.72,"status":null},"geometry":{"type":"Polygon","coordinates":[[[4.01478727,50.93800831],[4.01478149,50.93795946],[4.01471164,50.93796323],[4.01471169,50.93796391],[4.0146785,50.93796572],[4.01464928,50.93795009],[4.01463737,50.937849],[4.01466167,50.93783073],[4.01467231,50.93783025],[4.01466608,50.93777814],[4.01465261,50.93777879],[4.01464447,50.93771121],[4.01473855,50.93770628],[4.01473842,50.93770424],[4.01476605,50.93770289],[4.01476367,50.93768407],[4.01484671,50.93768003],[4.01485158,50.93772001],[4.01480734,50.93772216],[4.01481231,50.93777075],[4.0147603,50.93777261],[4.01477722,50.93791561],[4.01483273,50.93791299],[4.01484369,50.93800564],[4.01478727,50.93800831]]]}},{"type":"Feature","id":"gebouw/Gebouw.16128157/0","properties":{"source":"Digitaal Vlaanderen Gebouwenregister","source_id":"gebouw/Gebouw.16128157/0","kind":"building","height_m":7.16,"status":null},"geometry":{"type":"Polygon","coordinates":[[[4.01150441,50.94050254],[4.01153156,50.94052447],[4.01148838,50.94054833],[4.01145785,50.94052622],[4.01150441,50.94050254]]]}},{"type":"Feature","id":"gebouw/Gebouw.16131007/0","properties":{"source":"Digitaal Vlaanderen Gebouwenregister","source_id":"gebouw/Gebouw.16131007/0","kind":"building","height_m":7.88,"status":null},"geometry":{"type":"Polygon","coordinates":[[[4.00922847,50.94141671],[4.00935795,50.94135105],[4.00948308,50.94144954],[4.0093536,50.9415152],[4.00922847,50.94141671]]]}},{"type":"Feature","id":"gebouw/Gebouw.16133223/0","properties":{"source":"Digitaal Vlaanderen Gebouwenregister","source_id":"gebouw/Gebouw.16133223/0","kind":"building","height_m":5.72,"status":null},"geometry":{"type":"Polygon","coordinates":[[[4.01155322,50.94182766],[4.01150785,50.94176338],[4.01153528,50.94175641],[4.01158231,50.94181965],[4.01155322,50.94182766]]]}},{"type":"Feature","id":"gebouw/Gebouw.16133717/0","properties":{"source":"Digitaal Vlaanderen Gebouwenregister","source_id":"gebouw/Gebouw.16133717/0","kind":"building","height_m":8.6,"status":null},"geometry":{"type":"Polygon","coordinates":[[[4.01530837,50.94006473],[4.01522007,50.94009557],[4.01522479,50.94010118],[4.0151402,50.94013058],[4.01506739,50.94004696],[4.01518783,50.94000674],[4.01512974,50.9399396],[4.01518639,50.93992598],[4.01522371,50.93996843],[4.01523077,50.93997645],[4.01523209,50.93997796],[4.01524073,50.93998778],[4.01524764,50.93999564],[4.01530837,50.94006473]]]}},{"type":"Feature","id":"gebouw/Gebouw.16138480/0","properties":{"source":"Digitaal Vlaanderen Gebouwenregister","source_id":"gebouw/Gebouw.16138480/0","kind":"building","height_m":5.72,"status":null},"geometry":{"type":"Polygon","coordinates":[[[4.00557361,50.94122193],[4.00562052,50.94129908],[4.00553996,50.94131863],[4.00552149,50.94128825],[4.00541381,50.94131439],[4.00538537,50.94126762],[4.00557361,50.94122193]]]}},{"type":"Feature","id":"gebouw/Gebouw.16140912/0","properties":{"source":"Digitaal Vlaanderen Gebouwenregister","source_id":"gebouw/Gebouw.16140912/0","kind":"building","height_m":7.88,"status":null},"geometry":{"type":"Polygon","coordinates":[[[4.01607732,50.9417421],[4.01602569,50.94179754],[4.01589188,50.94174727],[4.01582839,50.94172341],[4.01582792,50.94172323],[4.01578053,50.94170547],[4.01577987,50.94170523],[4.01580874,50.94167424],[4.01589619,50.94170676],[4.01591833,50.94168299],[4.01607732,50.9417421]]]}},{"type":"Feature","id":"gebouw/Gebouw.16142764/0","properties":{"source":"Digitaal Vlaanderen Gebouwenregister","source_id":"gebouw/Gebouw.16142764/0","kind":"building","height_m":5.72,"status":null},"geometry":{"type":"Polygon","coordinates":[[[4.01374385,50.94021706],[4.01372296,50.94014804],[4.0137087,50.94010091],[4.01368291,50.94010402],[4.01365669,50.94001738],[4.01377866,50.94000264],[4.0138018,50.94008048],[4.01387508,50.94007177],[4.01390116,50.9401593],[4.01388683,50.94016101],[4.01389873,50.94020093],[4.01374385,50.94021706]]]}},{"type":"Feature","id":"gebouw/Gebouw.16150388/0","properties":{"source":"Digitaal Vlaanderen Gebouwenregister","source_id":"gebouw/Gebouw.16150388/0","kind":"building","height_m":6.44,"status":null},"geometry":{"type":"Polygon","coordinates":[[[4.00852942,50.94074964],[4.00849227,50.94071988],[4.00834,50.9407979],[4.00833993,50.94079794],[4.00833998,50.94079798],[4.00837766,50.94082749],[4.00837793,50.94082732],[4.00852942,50.94074964]]]}},{"type":"Feature","id":"gebouw/Gebouw.16150830/0","properties":{"source":"Digitaal Vlaanderen Gebouwenregister","source_id":"gebouw/Gebouw.16150830/0","kind":"building","height_m":7.16,"status":null},"geometry":{"type":"Polygon","coordinates":[[[4.01023889,50.94050758],[4.01030279,50.94049907],[4.0102971,50.94047986],[4.01026645,50.94037633],[4.0101678,50.94038792],[4.01019956,50.94049581],[4.01021206,50.94049435],[4.01021679,50.94051053],[4.01023889,50.94050758]]]}},{"type":"Feature","id":"gebouw/Gebouw.16153289/0","properties":{"source":"Digitaal Vlaanderen Gebouwenregister","source_id":"gebouw/Gebouw.16153289/0","kind":"building","height_m":8.6,"status":null},"geometry":{"type":"Polygon","coordinates":[[[4.00873552,50.93989075],[4.00873723,50.9398931],[4.00869204,50.93991553],[4.0085996,50.93984118],[4.00864621,50.93981804],[4.00873552,50.93989075]]]}},{"type":"Feature","id":"gebouw/Gebouw.16155462/0","properties":{"source":"Digitaal Vlaanderen Gebouwenregister","source_id":"gebouw/Gebouw.16155462/0","kind":"building","height_m":5.72,"status":null},"geometry":{"type":"Polygon","coordinates":[[[4.00980976,50.94097467],[4.00981014,50.94097984],[4.00973935,50.94098243],[4.00973018,50.94080346],[4.00973004,50.94080073],[4.00985845,50.94079621],[4.00990826,50.94079446],[4.01002866,50.94079022],[4.01007819,50.94078848],[4.01020163,50.94078414],[4.01019332,50.94068984],[4.01043789,50.94068124],[4.01043741,50.9406758],[4.01048015,50.9406743],[4.0104806,50.94067941],[4.01054726,50.94067706],[4.01054677,50.94067142],[4.0105882,50.94066996],[4.01058873,50.94067605],[4.01072401,50.94067129],[4.01080021,50.94074001],[4.01080573,50.94073761],[4.01083031,50.94075944],[4.01082396,50.9407621],[4.01086571,50.94079985],[4.0108704,50.94079764],[4.01089488,50.94081927],[4.01088978,50.94082115],[4.0109121,50.94084095],[4.0108612,50.94086389],[4.01088619,50.94088618],[4.01087161,50.94089412],[4.01090517,50.94093306],[4.01065549,50.94094206],[4.01063024,50.94091514],[4.0104992,50.9408793],[4.01047268,50.94091868],[4.01047779,50.94092005],[4.01045367,50.94095437],[4.01034317,50.94095863],[4.01034303,50.94095496],[4.01026455,50.94095723],[4.01026509,50.94096387],[4.01026481,50.94096388],[4.01025815,50.9409641],[4.01025779,50.94095839],[4.01009516,50.94096446],[4.01009575,50.94096998],[4.01008847,50.94097022],[4.0100836,50.94091488],[4.01004307,50.94091666],[4.01000635,50.94091828],[4.01000737,50.94092795],[4.01000188,50.94092811],[4.01000045,50.9409137],[4.00999826,50.94089156],[4.00991525,50.94089473],[4.00991961,50.94094037],[4.00987289,50.94094218],[4.00987608,50.94097738],[4.00986965,50.94097755],[4.00986926,50.94097258],[4.00980976,50.94097467]]]}},{"type":"Feature","id":"gebouw/Gebouw.16157776/0","properties":{"source":"Digitaal Vlaanderen Gebouwenregister","source_id":"gebouw/Gebouw.16157776/0","kind":"building","height_m":8.6,"status":null},"geometry":{"type":"Polygon","coordinates":[[[4.0068729,50.94172169],[4.00698026,50.94180724],[4.00693614,50.94182963],[4.00682788,50.94174475],[4.0068729,50.94172169]]]}},{"type":"Feature","id":"gebouw/Gebouw.16158276/0","properties":{"source":"Digitaal Vlaanderen Gebouwenregister","source_id":"gebouw/Gebouw.16158276/0","kind":"building","height_m":5.72,"status":null},"geometry":{"type":"Polygon","coordinates":[[[4.00771908,50.94066408],[4.00767868,50.94066893],[4.00768581,50.94069261],[4.00765631,50.94069614],[4.00761435,50.94056514],[4.00764016,50.94056208],[4.00768421,50.94055687],[4.00768847,50.94055637],[4.00771908,50.94066408]]]}},{"type":"Feature","id":"gebouw/Gebouw.16160957/0","properties":{"source":"Digitaal Vlaanderen Gebouwenregister","source_id":"gebouw/Gebouw.16160957/0","kind":"building","height_m":5.72,"status":null},"geometry":{"type":"Polygon","coordinates":[[[4.00726913,50.94127283],[4.00718882,50.94128524],[4.00718237,50.94127238],[4.00716886,50.94127406],[4.00706963,50.94118601],[4.00711877,50.941167],[4.0072231,50.94115029],[4.00739027,50.94112353],[4.0075286,50.94125101],[4.00743299,50.94126571],[4.00741281,50.94121345],[4.00736989,50.94121996],[4.0073721,50.94122642],[4.00737116,50.94122848],[4.00736945,50.94123183],[4.0073668,50.94123492],[4.00736328,50.94123766],[4.00735902,50.94123993],[4.00735418,50.94124168],[4.00734891,50.94124282],[4.0073434,50.94124335],[4.00733782,50.94124321],[4.00733239,50.94124243],[4.00732728,50.94124103],[4.00732266,50.94123906],[4.00731869,50.94123658],[4.007316,50.94123528],[4.00731365,50.94122889],[4.0072806,50.94123381],[4.00728062,50.94125737],[4.00727844,50.94125736],[4.00726466,50.94126005],[4.00726913,50.94127283]]]}},{"type":"Feature","id":"gebouw/Gebouw.16165646/0","properties":{"source":"Digitaal Vlaanderen Gebouwenregister","source_id":"gebouw/Gebouw.16165646/0","kind":"building","height_m":5.0,"status":null},"geometry":{"type":"Polygon","coordinates":[[[4.01606625,50.93701079],[4.0157589,50.93699291],[4.01575099,50.93704721],[4.01546521,50.93703058],[4.0154697,50.93699982],[4.0152564,50.93698741],[4.0152598,50.93696416],[4.01487636,50.93694179],[4.01485072,50.9369225],[4.01480688,50.9369197],[4.01475569,50.93688042],[4.01476235,50.93683597],[4.01474829,50.93682533],[4.01477275,50.9366624],[4.01477393,50.93666249],[4.014789,50.93665443],[4.01479536,50.93661059],[4.01485762,50.93657787],[4.01490223,50.93658052],[4.01493247,50.93656431],[4.01500468,50.93656863],[4.01503074,50.936588],[4.01507435,50.93659043],[4.01511241,50.93661966],[4.01512546,50.93662921],[4.01513652,50.93662954],[4.01513786,50.93663021],[4.01519621,50.93663335],[4.01522522,50.93661119],[4.01525854,50.93659722],[4.01529607,50.93658928],[4.01533606,50.93658821],[4.01533613,50.93658754],[4.01581333,50.93661563],[4.01581745,50.93661615],[4.01587848,50.93661971],[4.01612225,50.93663419],[4.01606625,50.93701079]]]}},{"type":"Feature","id":"gebouw/Gebouw.16167708/0","properties":{"source":"Digitaal Vlaanderen Gebouwenregister","source_id":"gebouw/Gebouw.16167708/0","kind":"building","height_m":7.88,"status":null},"geometry":{"type":"Polygon","coordinates":[[[4.00568555,50.94176404],[4.00569604,50.94176221],[4.00572072,50.94181862],[4.00566724,50.94182796],[4.00565762,50.94180596],[4.00561,50.94181333],[4.0055923,50.94181607],[4.00557224,50.9417703],[4.00559006,50.94176718],[4.00557439,50.94173135],[4.00557815,50.9417307],[4.00562831,50.94172194],[4.00566437,50.94171564],[4.00568555,50.94176404]]]}},{"type":"Feature","id":"gebouw/Gebouw.16168517/0","properties":{"source":"Digitaal Vlaanderen Gebouwenregister","source_id":"gebouw/Gebouw.16168517/0","kind":"building","height_m":5.72,"status":null},"geometry":{"type":"Polygon","coordinates":[[[4.00935153,50.94191145],[4.00931398,50.94193155],[4.00925361,50.94189037],[4.00928665,50.94186982],[4.00934909,50.94190989],[4.00935153,50.94191145]]]}},{"type":"Feature","id":"gebouw/Gebouw.16170634/0","properties":{"source":"Digitaal Vlaanderen Gebouwenregister","source_id":"gebouw/Gebouw.16170634/0","kind":"building","height_m":7.88,"status":null},"geometry":{"type":"Polygon","coordinates":[[[4.00585058,50.94128638],[4.00580663,50.94129654],[4.00576632,50.94122695],[4.005809,50.94121708],[4.00585058,50.94128638]]]}},{"type":"Feature","id":"gebouw/Gebouw.16172778/0","properties":{"source":"Digitaal Vlaanderen Gebouwenregister","source_id":"gebouw/Gebouw.16172778/0","kind":"building","height_m":9.32,"status":null},"geometry":{"type":"Polygon","coordinates":[[[4.0133108,50.93882993],[4.01335904,50.93884437],[4.01331956,50.93889558],[4.01327229,50.93888111],[4.01320538,50.93886063],[4.01324303,50.93880963],[4.0133108,50.93882993]]]}},{"type":"Feature","id":"gebouw/Gebouw.16175970/0","properties":{"source":"Digitaal Vlaanderen Gebouwenregister","source_id":"gebouw/Gebouw.16175970/0","kind":"building","height_m":9.32,"status":null},"geometry":{"type":"Polygon","coordinates":[[[4.00982304,50.94067076],[4.00976679,50.94067299],[4.00976784,50.94065324],[4.00978922,50.94063871],[4.00978984,50.9406332],[4.00981087,50.94063281],[4.00981033,50.9406503],[4.00982562,50.94065033],[4.00982304,50.94067076]]]}},{"type":"Feature","id":"gebouw/Gebouw.16179101/0","properties":{"source":"Digitaal Vlaanderen Gebouwenregister","source_id":"gebouw/Gebouw.16179101/0","kind":"building","height_m":5.72,"status":null},"geometry":{"type":"Polygon","coordinates":[[[4.00935461,50.94061138],[4.00929212,50.94061845],[4.00925662,50.9404921],[4.00936926,50.94047937],[4.00940504,50.94060568],[4.00935461,50.94061138]]]}},{"type":"Feature","id":"gebouw/Gebouw.16181561/0","properties":{"source":"Digitaal Vlaanderen Gebouwenregister","source_id":"gebouw/Gebouw.16181561/0","kind":"building","height_m":7.88,"status":null},"geometry":{"type":"Polygon","coordinates":[[[4.01597819,50.93938765],[4.01591829,50.93939929],[4.01588168,50.93932829],[4.01587824,50.93932159],[4.01575647,50.93926347],[4.01571258,50.93924253],[4.01571183,50.93924217],[4.01573914,50.93921753],[4.01578289,50.93923847],[4.01578515,50.9392395],[4.0158148,50.93925292],[4.01585287,50.93927016],[4.01593823,50.93931228],[4.01597819,50.93938765]]]}},{"type":"Feature","id":"gebouw/Gebouw.16181587/0","properties":{"source":"Digitaal Vlaanderen Gebouwenregister","source_id":"gebouw/Gebouw.16181587/0","kind":"building","height_m":6.44,"status":null},"geometry":{"type":"Polygon","coordinates":[[[4.00789168,50.94103626],[4.00791845,50.94105672],[4.00787761,50.94107744],[4.00785384,50.94105612],[4.00789168,50.94103626]]]}},{"type":"Feature","id":"gebouw/Gebouw.16181907/0","properties":{"source":"Digitaal Vlaanderen Gebouwenregister","source_id":"gebouw/Gebouw.16181907/0","kind":"building","height_m":5.0,"status":null},"geometry":{"type":"Polygon","coordinates":[[[4.00797313,50.93913383],[4.00801667,50.93914259],[4.0080237,50.93916867],[4.00799122,50.93918517],[4.00795073,50.93917683],[4.00794524,50.93914898],[4.00790825,50.93912079],[4.00793548,50.93910412],[4.00797313,50.93913383]]]}},{"type":"Feature","id":"gebouw/Gebouw.16182315/0","properties":{"source":"Digitaal Vlaanderen Gebouwenregister","source_id":"gebouw/Gebouw.16182315/0","kind":"building","height_m":6.44,"status":null},"geometry":{"type":"Polygon","coordinates":[[[4.0137486,50.94027076],[4.01368714,50.94027876],[4.0136797,50.94027973],[4.01366262,50.94022384],[4.01366897,50.94022307],[4.01373176,50.94021541],[4.0137486,50.94027076]]]}},{"type":"Feature","id":"gebouw/Gebouw.16182398/0","properties":{"source":"Digitaal Vlaanderen Gebouwenregister","source_id":"gebouw/Gebouw.16182398/0","kind":"building","height_m":5.72,"status":null},"geometry":{"type":"Polygon","coordinates":[[[4.00868413,50.94127681],[4.0085812,50.94133041],[4.00857043,50.9413038],[4.00851433,50.94131161],[4.00847918,50.94122007],[4.00848851,50.94121861],[4.00848694,50.94121386],[4.00848794,50.94121374],[4.00848754,50.94121296],[4.00858162,50.94119834],[4.00858312,50.94119943],[4.00858432,50.94120228],[4.00861118,50.94119771],[4.0086203,50.94120508],[4.00861908,50.94120589],[4.00862856,50.9412129],[4.00863526,50.94120984],[4.0086678,50.94123499],[4.00866209,50.94123824],[4.00867243,50.94124631],[4.00865591,50.94125499],[4.00868413,50.94127681]]]}},{"type":"Feature","id":"gebouw/Gebouw.16185264/0","properties":{"source":"Digitaal Vlaanderen Gebouwenregister","source_id":"gebouw/Gebouw.16185264/0","kind":"building","height_m":7.88,"status":null},"geometry":{"type":"Polygon","coordinates":[[[4.01179089,50.9403562],[4.01179435,50.94036009],[4.0116536,50.94043226],[4.0114696,50.94029815],[4.01144164,50.94027211],[4.01143984,50.94026602],[4.01139731,50.94012254],[4.01148811,50.94011223],[4.0115774,50.9401021],[4.01160325,50.94018967],[4.01149438,50.94020215],[4.01150876,50.94026345],[4.01161548,50.94034796],[4.01171413,50.94029753],[4.01171983,50.9403017],[4.01173819,50.94031501],[4.01178345,50.94034783],[4.01179089,50.9403562]]]}},{"type":"Feature","id":"gebouw/Gebouw.16187398/0","properties":{"source":"Digitaal Vlaanderen Gebouwenregister","source_id":"gebouw/Gebouw.16187398/0","kind":"building","height_m":7.16,"status":null},"geometry":{"type":"Polygon","coordinates":[[[4.00707245,50.94074465],[4.00704178,50.94063145],[4.00697495,50.94063936],[4.00697522,50.94064031],[4.00694213,50.94064368],[4.0069422,50.94064395],[4.00696231,50.94072293],[4.00695428,50.94072613],[4.00695271,50.94072676],[4.00700774,50.94077446],[4.00704045,50.9408028],[4.00708486,50.94078207],[4.0070519,50.94075411],[4.00704622,50.9407493],[4.00707245,50.94074465]]]}},{"type":"Feature","id":"gebouw/Gebouw.16187614/0","properties":{"source":"Digitaal Vlaanderen Gebouwenregister","source_id":"gebouw/Gebouw.16187614/0","kind":"building","height_m":6.44,"status":null},"geometry":{"type":"Polygon","coordinates":[[[4.00794718,50.94086157],[4.00793206,50.94086939],[4.00788926,50.94083709],[4.0080841,50.94074095],[4.00812256,50.94077083],[4.00794718,50.94086157]]]}},{"type":"Feature","id":"gebouw/Gebouw.16191993/0","properties":{"source":"Digitaal Vlaanderen Gebouwenregister","source_id":"gebouw/Gebouw.16191993/0","kind":"building","height_m":9.32,"status":null},"geometry":{"type":"Polygon","coordinates":[[[4.01078457,50.94193271],[4.01080264,50.94189908],[4.01085434,50.94191017],[4.01083627,50.9419438],[4.01078457,50.94193271]]]}},{"type":"Feature","id":"gebouw/Gebouw.16197611/0","properties":{"source":"Digitaal Vlaanderen Gebouwenregister","source_id":"gebouw/Gebouw.16197611/0","kind":"building","height_m":7.16,"status":null},"geometry":{"type":"Polygon","coordinates":[[[4.01505328,50.93740944],[4.01504864,50.9374456],[4.01495571,50.93757795],[4.01480496,50.93757007],[4.01473605,50.93751789],[4.01475442,50.93739177],[4.01505328,50.93740944]]]}},{"type":"Feature","id":"gebouw/Gebouw.16200251/0","properties":{"source":"Digitaal Vlaanderen Gebouwenregister","source_id":"gebouw/Gebouw.16200251/0","kind":"building","height_m":7.88,"status":null},"geometry":{"type":"Polygon","coordinates":[[[4.00778553,50.9409452],[4.00774675,50.94096526],[4.00774379,50.94096266],[4.00771099,50.94093398],[4.00770447,50.94092827],[4.00774706,50.94090726],[4.00779172,50.94094199],[4.00778553,50.9409452]]]}},{"type":"Feature","id":"gebouw/Gebouw.16200991/0","properties":{"source":"Digitaal Vlaanderen Gebouwenregister","source_id":"gebouw/Gebouw.16200991/0","kind":"building","height_m":6.44,"status":null},"geometry":{"type":"Polygon","coordinates":[[[4.00842334,50.94100536],[4.00846096,50.94103456],[4.00835294,50.94109119],[4.00832614,50.94109625],[4.00833843,50.94112228],[4.00830666,50.9411274],[4.0082827,50.94107616],[4.00842334,50.94100536]]]}},{"type":"Feature","id":"gebouw/Gebouw.16202726/0","properties":{"source":"Digitaal Vlaanderen Gebouwenregister","source_id":"gebouw/Gebouw.16202726/0","kind":"building","height_m":5.72,"status":null},"geometry":{"type":"Polygon","coordinates":[[[4.00899819,50.94087492],[4.00908549,50.94083223],[4.00919297,50.94077968],[4.00910425,50.94070992],[4.00883126,50.94084066],[4.00886512,50.94086909],[4.00886558,50.94086947],[4.00890128,50.94089942],[4.00891853,50.94091388],[4.00899819,50.94087492]]]}},{"type":"Feature","id":"gebouw/Gebouw.16208284/0","properties":{"source":"Digitaal Vlaanderen Gebouwenregister","source_id":"gebouw/Gebouw.16208284/0","kind":"building","height_m":5.72,"status":null},"geometry":{"type":"Polygon","coordinates":[[[4.01608817,50.93726474],[4.0161337,50.93727688],[4.01611287,50.93730964],[4.01606556,50.93729536],[4.01608817,50.93726474]]]}},{"type":"Feature","id":"gebouw/Gebouw.16209013/0","properties":{"source":"Digitaal Vlaanderen Gebouwenregister","source_id":"gebouw/Gebouw.16209013/0","kind":"building","height_m":6.44,"status":null},"geometry":{"type":"Polygon","coordinates":[[[4.01110258,50.9405241],[4.01112264,50.9405408],[4.0111423,50.94053141],[4.01116086,50.94054693],[4.01114176,50.94055605],[4.01115069,50.94056351],[4.01107702,50.94059869],[4.01102909,50.94056207],[4.01110258,50.9405241]]]}},{"type":"Feature","id":"gebouw/Gebouw.16213760/0","properties":{"source":"Digitaal Vlaanderen Gebouwenregister","source_id":"gebouw/Gebouw.16213760/0","kind":"building","height_m":7.16,"status":null},"geometry":{"type":"Polygon","coordinates":[[[4.01226361,50.94029888],[4.01227136,50.94032459],[4.01219898,50.94033368],[4.01215851,50.94019946],[4.01216416,50.94019878],[4.01227656,50.94018525],[4.01228404,50.94018435],[4.01231665,50.9402925],[4.01226361,50.94029888]]]}},{"type":"Feature","id":"gebouw/Gebouw.16219374/0","properties":{"source":"Digitaal Vlaanderen Gebouwenregister","source_id":"gebouw/Gebouw.16219374/0","kind":"building","height_m":7.16,"status":null},"geometry":{"type":"Polygon","coordinates":[[[4.00827275,50.94088781],[4.00811172,50.94096996],[4.00807291,50.94094066],[4.00823466,50.94085814],[4.00827275,50.94088781]]]}},{"type":"Feature","id":"gebouw/Gebouw.16222524/0","properties":{"source":"Digitaal Vlaanderen Gebouwenregister","source_id":"gebouw/Gebouw.16222524/0","kind":"building","height_m":7.16,"status":null},"geometry":{"type":"Polygon","coordinates":[[[4.01142491,50.94194311],[4.01148066,50.94192542],[4.01153417,50.94190845],[4.01159684,50.94198728],[4.01154127,50.94200491],[4.0115445,50.94200901],[4.01148947,50.9420266],[4.01148622,50.94202229],[4.01143012,50.94204007],[4.0113729,50.94196802],[4.01143025,50.94194983],[4.01142491,50.94194311]]]}},{"type":"Feature","id":"gebouw/Gebouw.16226827/0","properties":{"source":"Digitaal Vlaanderen Gebouwenregister","source_id":"gebouw/Gebouw.16226827/0","kind":"building","height_m":5.72,"status":null},"geometry":{"type":"Polygon","coordinates":[[[4.0088153,50.94105884],[4.00870731,50.94106908],[4.00870663,50.94107009],[4.00867914,50.94106376],[4.00867963,50.94106282],[4.00864123,50.9410328],[4.00873565,50.94098439],[4.00875162,50.94099728],[4.00880224,50.94098797],[4.0088153,50.94105884]]]}},{"type":"Feature","id":"gebouw/Gebouw.16227177/0","properties":{"source":"Digitaal Vlaanderen Gebouwenregister","source_id":"gebouw/Gebouw.16227177/0","kind":"building","height_m":5.72,"status":null},"geometry":{"type":"Polygon","coordinates":[[[4.0065482,50.9402059],[4.00655775,50.94021382],[4.00650762,50.94023796],[4.00643571,50.94017833],[4.00644126,50.94017177],[4.00644589,50.94016329],[4.00645058,50.94015002],[4.00645147,50.94013865],[4.00644934,50.94012464],[4.0066109,50.94004687],[4.0067092,50.94012839],[4.0065482,50.9402059]]]}},{"type":"Feature","id":"gebouw/Gebouw.16231435/0","properties":{"source":"Digitaal Vlaanderen Gebouwenregister","source_id":"gebouw/Gebouw.16231435/0","kind":"building","height_m":7.16,"status":null},"geometry":{"type":"Polygon","coordinates":[[[4.00863668,50.94147529],[4.0086007,50.94149367],[4.00857546,50.94147376],[4.00854768,50.94145201],[4.0085748,50.94143807],[4.00863109,50.94140913],[4.0086582,50.94139519],[4.00876572,50.94133991],[4.00881978,50.94138173],[4.00871402,50.94143577],[4.00863668,50.94147529]]]}},{"type":"Feature","id":"gebouw/Gebouw.16237642/0","properties":{"source":"Digitaal Vlaanderen Gebouwenregister","source_id":"gebouw/Gebouw.16237642/0","kind":"building","height_m":5.72,"status":null},"geometry":{"type":"Polygon","coordinates":[[[4.01260012,50.94107949],[4.0126752,50.94106137],[4.0127311,50.94115382],[4.01260136,50.94118514],[4.01259884,50.94118098],[4.01257702,50.94118625],[4.0125614,50.94116042],[4.01255724,50.94116142],[4.01253508,50.94112477],[4.01254922,50.94112136],[4.01256885,50.94111662],[4.01255324,50.94109081],[4.01256409,50.94108819],[4.01260012,50.94107949]]]}},{"type":"Feature","id":"gebouw/Gebouw.16248518/0","properties":{"source":"Digitaal Vlaanderen Gebouwenregister","source_id":"gebouw/Gebouw.16248518/0","kind":"building","height_m":9.32,"status":null},"geometry":{"type":"Polygon","coordinates":[[[4.01591145,50.9416464],[4.0159096,50.94164821],[4.01588384,50.94167318],[4.01579412,50.94163738],[4.01581943,50.941612],[4.0158198,50.94161214],[4.01584396,50.94162117],[4.01585713,50.9416261],[4.01591145,50.9416464]]]}},{"type":"Feature","id":"gebouw/Gebouw.16253383/0","properties":{"source":"Digitaal Vlaanderen Gebouwenregister","source_id":"gebouw/Gebouw.16253383/0","kind":"building","height_m":9.32,"status":null},"geometry":{"type":"Polygon","coordinates":[[[4.01354537,50.94136322],[4.01352881,50.94134243],[4.01355777,50.94133322],[4.01355569,50.94133061],[4.01357912,50.94132316],[4.01357449,50.94131734],[4.01356246,50.94132117],[4.01353055,50.94128111],[4.01373654,50.9412156],[4.01376782,50.94125486],[4.01375379,50.94125932],[4.01375963,50.94126664],[4.01378751,50.94125777],[4.01380559,50.94128046],[4.01367905,50.9413207],[4.01370489,50.9413532],[4.01376927,50.94133278],[4.01377082,50.94133494],[4.01359104,50.94139182],[4.01358922,50.94138974],[4.0135979,50.941387],[4.01365363,50.94136937],[4.01362795,50.94133695],[4.01357228,50.94135466],[4.01354537,50.94136322]]]}},{"type":"Feature","id":"gebouw/Gebouw.16258187/0","properties":{"source":"Digitaal Vlaanderen Gebouwenregister","source_id":"gebouw/Gebouw.16258187/0","kind":"building","height_m":5.72,"status":null},"geometry":{"type":"Polygon","coordinates":[[[4.0156769,50.9403989],[4.01574835,50.9404764],[4.01566546,50.94050691],[4.0157294,50.94057627],[4.01539484,50.94069939],[4.01535115,50.94065199],[4.01534126,50.94065578],[4.01524867,50.94055676],[4.01529559,50.94053796],[4.0156769,50.9403989]]]}},{"type":"Feature","id":"gebouw/Gebouw.16268416/0","properties":{"source":"Digitaal Vlaanderen Gebouwenregister","source_id":"gebouw/Gebouw.16268416/0","kind":"building","height_m":7.16,"status":null},"geometry":{"type":"Polygon","coordinates":[[[4.00978635,50.94171419],[4.009613,50.94179141],[4.00956843,50.94175604],[4.00967128,50.94171094],[4.00967991,50.94171879],[4.00982599,50.94165473],[4.00985684,50.94168279],[4.00981095,50.94170323],[4.00978635,50.94171419]]]}},{"type":"Feature","id":"gebouw/Gebouw.16276854/0","properties":{"source":"Digitaal Vlaanderen Gebouwenregister","source_id":"gebouw/Gebouw.16276854/0","kind":"building","height_m":9.32,"status":null},"geometry":{"type":"Polygon","coordinates":[[[4.01252295,50.94026283],[4.01252744,50.94027723],[4.01256984,50.94027195],[4.01258977,50.94033593],[4.01252125,50.94034446],[4.01250479,50.94029162],[4.01241857,50.94030235],[4.01241077,50.94027734],[4.01241604,50.94027668],[4.01238358,50.94017253],[4.01248031,50.9401605],[4.01250096,50.94022678],[4.01252072,50.94022433],[4.01253163,50.94026175],[4.01252295,50.94026283]]]}},{"type":"Feature","id":"gebouw/Gebouw.16277118/0","properties":{"source":"Digitaal Vlaanderen Gebouwenregister","source_id":"gebouw/Gebouw.16277118/0","kind":"building","height_m":7.88,"status":null},"geometry":{"type":"Polygon","coordinates":[[[4.00958949,50.94089796],[4.00962359,50.94095842],[4.00951638,50.94098259],[4.00951047,50.94097213],[4.00950794,50.94096764],[4.00950032,50.94095414],[4.00948447,50.94092608],[4.00948224,50.94092213],[4.00958949,50.94089796]]]}},{"type":"Feature","id":"gebouw/Gebouw.16280076/0","properties":{"source":"Digitaal Vlaanderen Gebouwenregister","source_id":"gebouw/Gebouw.16280076/0","kind":"building","height_m":5.72,"status":null},"geometry":{"type":"Polygon","coordinates":[[[4.01084854,50.94064929],[4.0108053,50.94061322],[4.01076927,50.94063299],[4.01081496,50.94066721],[4.01084854,50.94064929]]]}},{"type":"Feature","id":"gebouw/Gebouw.16285453/0","properties":{"source":"Digitaal Vlaanderen Gebouwenregister","source_id":"gebouw/Gebouw.16285453/0","kind":"building","height_m":6.44,"status":null},"geometry":{"type":"Polygon","coordinates":[[[4.00829108,50.94135916],[4.00830073,50.94137989],[4.00826329,50.94138685],[4.00824878,50.94135689],[4.0082038,50.94126396],[4.00830139,50.94124822],[4.00833775,50.94132374],[4.00827911,50.94133348],[4.00829108,50.94135916]]]}},{"type":"Feature","id":"gebouw/Gebouw.16300878/0","properties":{"source":"Digitaal Vlaanderen Gebouwenregister","source_id":"gebouw/Gebouw.16300878/0","kind":"building","height_m":9.32,"status":null},"geometry":{"type":"Polygon","coordinates":[[[4.01293861,50.94042252],[4.01296141,50.94046346],[4.01284304,50.94048976],[4.01282025,50.94044882],[4.01293861,50.94042252]]]}},{"type":"Feature","id":"gebouw/Gebouw.16300970/0","properties":{"source":"Digitaal Vlaanderen Gebouwenregister","source_id":"gebouw/Gebouw.16300970/0","kind":"building","height_m":5.0,"status":null},"geometry":{"type":"Polygon","coordinates":[[[4.01590071,50.94066879],[4.01594996,50.94063685],[4.01597566,50.94065266],[4.0159264,50.94068461],[4.01590071,50.94066879]]]}},{"type":"Feature","id":"gebouw/Gebouw.16303056/0","properties":{"source":"Digitaal Vlaanderen Gebouwenregister","source_id":"gebouw/Gebouw.16303056/0","kind":"building","height_m":5.0,"status":null},"geometry":{"type":"Polygon","coordinates":[[[4.01569794,50.93850813],[4.01560815,50.93846876],[4.01555128,50.9385218],[4.01554816,50.93852049],[4.01552605,50.9385414],[4.01548662,50.93852418],[4.01551082,50.93850233],[4.01556753,50.93845115],[4.01562056,50.93840416],[4.01565617,50.93842056],[4.01570987,50.93837282],[4.01576768,50.93839878],[4.01580265,50.93841449],[4.01572327,50.93848548],[4.0157212,50.93848733],[4.01569815,50.93850795],[4.01569794,50.93850813]]]}},{"type":"Feature","id":"gebouw/Gebouw.16305701/0","properties":{"source":"Digitaal Vlaanderen Gebouwenregister","source_id":"gebouw/Gebouw.16305701/0","kind":"building","height_m":9.32,"status":null},"geometry":{"type":"Polygon","coordinates":[[[4.00747894,50.94073099],[4.00752914,50.94077491],[4.00756858,50.94080941],[4.00757573,50.94081566],[4.0075992,50.94083619],[4.00760481,50.9408411],[4.00763077,50.94086381],[4.00763989,50.94087178],[4.00767123,50.9408992],[4.00767494,50.94090244],[4.00770447,50.94092827],[4.00771099,50.94093398],[4.00774208,50.94096117],[4.00774316,50.94096212],[4.00774675,50.94096526],[4.00778154,50.94099568],[4.00781441,50.94102444],[4.00771009,50.94107232],[4.00763245,50.94110638],[4.0076771,50.94114286],[4.00770901,50.94122269],[4.00755034,50.9412476],[4.00754187,50.94124893],[4.0075286,50.94125101],[4.00739027,50.94112353],[4.00738829,50.94111798],[4.0073576,50.94109342],[4.00730325,50.94103662],[4.00709252,50.94084913],[4.00711396,50.94083942],[4.00715549,50.94082061],[4.00724365,50.94078068],[4.00733291,50.94074025],[4.00743025,50.94070215],[4.0074411,50.9406979],[4.00747894,50.94073099]]]}},{"type":"Feature","id":"gebouw/Gebouw.16308237/0","properties":{"source":"Digitaal Vlaanderen Gebouwenregister","source_id":"gebouw/Gebouw.16308237/0","kind":"building","height_m":5.72,"status":null},"geometry":{"type":"Polygon","coordinates":[[[4.00559592,50.94105718],[4.00565489,50.94115392],[4.00560288,50.94116658],[4.00554391,50.94106984],[4.00559592,50.94105718]]]}},{"type":"Feature","id":"gebouw/Gebouw.16309024/0","properties":{"source":"Digitaal Vlaanderen Gebouwenregister","source_id":"gebouw/Gebouw.16309024/0","kind":"building","height_m":7.88,"status":null},"geometry":{"type":"Polygon","coordinates":[[[4.01312922,50.94012064],[4.01311693,50.94008323],[4.01306892,50.94008903],[4.0130084,50.94009634],[4.01301996,50.94013742],[4.0130164,50.94013783],[4.01303106,50.94018843],[4.01298533,50.94019369],[4.01300614,50.94026129],[4.01319045,50.94023954],[4.01315157,50.94011804],[4.01312922,50.94012064]]]}},{"type":"Feature","id":"gebouw/Gebouw.16312797/0","properties":{"source":"Digitaal Vlaanderen Gebouwenregister","source_id":"gebouw/Gebouw.16312797/0","kind":"building","height_m":7.88,"status":null},"geometry":{"type":"Polygon","coordinates":[[[4.01613442,50.93862724],[4.01618127,50.93858532],[4.01605559,50.93852916],[4.0159898,50.938588],[4.01598512,50.9385922],[4.0159769,50.93859956],[4.01597163,50.93860427],[4.01596665,50.93860873],[4.01595467,50.9386195],[4.01601752,50.93864744],[4.01604793,50.93862013],[4.01608304,50.93863574],[4.01610724,50.93861473],[4.01613442,50.93862724]]]}},{"type":"Feature","id":"gebouw/Gebouw.16313369/0","properties":{"source":"Digitaal Vlaanderen Gebouwenregister","source_id":"gebouw/Gebouw.16313369/0","kind":"building","height_m":6.44,"status":null},"geometry":{"type":"Polygon","coordinates":[[[4.01598512,50.9385922],[4.0159769,50.93859956],[4.01597163,50.93860427],[4.01588125,50.93856272],[4.01585857,50.93858231],[4.01585657,50.93858142],[4.015822,50.938566],[4.01586983,50.93852322],[4.01587063,50.9385225],[4.01587308,50.93852031],[4.01590786,50.93853607],[4.01596236,50.93848745],[4.01605559,50.93852916],[4.0159898,50.938588],[4.01598512,50.9385922]]]}},{"type":"Feature","id":"gebouw/Gebouw.16313714/0","properties":{"source":"Digitaal Vlaanderen Gebouwenregister","source_id":"gebouw/Gebouw.16313714/0","kind":"building","height_m":7.88,"status":null},"geometry":{"type":"Polygon","coordinates":[[[4.00907332,50.94096237],[4.00906093,50.9409681],[4.00902846,50.94098313],[4.0089663,50.94092952],[4.00899877,50.94091449],[4.00902278,50.9409352],[4.0090338,50.94092986],[4.00907332,50.94096237]]]}},{"type":"Feature","id":"gebouw/Gebouw.16313732/0","properties":{"source":"Digitaal Vlaanderen Gebouwenregister","source_id":"gebouw/Gebouw.16313732/0","kind":"building","height_m":5.72,"status":null},"geometry":{"type":"Polygon","coordinates":[[[4.00776125,50.94145821],[4.0077126,50.94148358],[4.00752698,50.94134407],[4.00759468,50.94133288],[4.00776125,50.94145821]]]}},{"type":"Feature","id":"gebouw/Gebouw.16315588/0","properties":{"source":"Digitaal Vlaanderen Gebouwenregister","source_id":"gebouw/Gebouw.16315588/0","kind":"building","height_m":6.44,"status":null},"geometry":{"type":"Polygon","coordinates":[[[4.01491842,50.93998451],[4.01492045,50.94000706],[4.01485197,50.94000881],[4.01485093,50.93998592],[4.01485313,50.93998586],[4.01491842,50.93998451]]]}},{"type":"Feature","id":"gebouw/Gebouw.16315633/0","properties":{"source":"Digitaal Vlaanderen Gebouwenregister","source_id":"gebouw/Gebouw.16315633/0","kind":"building","height_m":8.6,"status":null},"geometry":{"type":"Polygon","coordinates":[[[4.01245554,50.93642124],[4.01245878,50.93642892],[4.01235318,50.93644723],[4.0123468,50.93643254],[4.01243779,50.93641676],[4.01244126,50.93642365],[4.01245554,50.93642124]]]}},{"type":"Feature","id":"gebouw/Gebouw.16315781/0","properties":{"source":"Digitaal Vlaanderen Gebouwenregister","source_id":"gebouw/Gebouw.16315781/0","kind":"building","height_m":9.32,"status":null},"geometry":{"type":"Polygon","coordinates":[[[4.0120456,50.94015405],[4.01205938,50.9402029],[4.01207059,50.94020164],[4.01207625,50.9402217],[4.01210843,50.94033749],[4.01200193,50.94035031],[4.01199237,50.94032005],[4.01198573,50.94029871],[4.01197613,50.9402679],[4.01197593,50.94026718],[4.01194713,50.94016514],[4.0120456,50.94015405]]]}},{"type":"Feature","id":"gebouw/Gebouw.16315835/0","properties":{"source":"Digitaal Vlaanderen Gebouwenregister","source_id":"gebouw/Gebouw.16315835/0","kind":"building","height_m":7.88,"status":null},"geometry":{"type":"Polygon","coordinates":[[[4.00751847,50.93996388],[4.00760082,50.93992649],[4.00765609,50.93997382],[4.00762144,50.93998847],[4.00767579,50.94003618],[4.00771138,50.94001998],[4.00776667,50.94006633],[4.00775213,50.9400727],[4.00777531,50.94009537],[4.00770754,50.94012434],[4.0076121,50.94004334],[4.00751847,50.93996388]]]}},{"type":"Feature","id":"gebouw/Gebouw.16320536/0","properties":{"source":"Digitaal Vlaanderen Gebouwenregister","source_id":"gebouw/Gebouw.16320536/0","kind":"building","height_m":5.72,"status":null},"geometry":{"type":"Polygon","coordinates":[[[4.00605449,50.9395302],[4.0060186,50.93955579],[4.00597599,50.93953194],[4.00601188,50.93950635],[4.00605449,50.9395302]]]}},{"type":"Feature","id":"gebouw/Gebouw.16320714/0","properties":{"source":"Digitaal Vlaanderen Gebouwenregister","source_id":"gebouw/Gebouw.16320714/0","kind":"building","height_m":7.88,"status":null},"geometry":{"type":"Polygon","coordinates":[[[4.01186487,50.94125559],[4.01185992,50.94125576],[4.01184957,50.94114087],[4.0118563,50.94114042],[4.01185494,50.94112955],[4.01185529,50.94112953],[4.01190802,50.94112693],[4.01190907,50.94113816],[4.01196093,50.9411354],[4.01197641,50.94125167],[4.0119646,50.94125208],[4.01196702,50.94128882],[4.01186723,50.9412914],[4.01186487,50.94125559]]]}},{"type":"Feature","id":"gebouw/Gebouw.16320812/0","properties":{"source":"Digitaal Vlaanderen Gebouwenregister","source_id":"gebouw/Gebouw.16320812/0","kind":"building","height_m":7.88,"status":null},"geometry":{"type":"Polygon","coordinates":[[[4.01046328,50.93970528],[4.01054375,50.93965957],[4.01055471,50.93966727],[4.01056531,50.93966125],[4.01068616,50.93974616],[4.0105985,50.93979596],[4.0106449,50.93982855],[4.01057522,50.93986814],[4.01052132,50.93983027],[4.0104568,50.93978493],[4.01038483,50.93973436],[4.01045109,50.93969672],[4.01046328,50.93970528]]]}},{"type":"Feature","id":"gebouw/Gebouw.16322700/0","properties":{"source":"Digitaal Vlaanderen Gebouwenregister","source_id":"gebouw/Gebouw.16322700/0","kind":"building","height_m":6.44,"status":null},"geometry":{"type":"Polygon","coordinates":[[[4.00866626,50.9418065],[4.0087015,50.94183357],[4.00864698,50.94186145],[4.00861375,50.94183472],[4.00866626,50.9418065]]]}},{"type":"Feature","id":"gebouw/Gebouw.16325939/0","properties":{"source":"Digitaal Vlaanderen Gebouwenregister","source_id":"gebouw/Gebouw.16325939/0","kind":"building","height_m":5.0,"status":null},"geometry":{"type":"Polygon","coordinates":[[[4.01561114,50.93945719],[4.01555248,50.93946822],[4.01552053,50.93939474],[4.01551894,50.93939107],[4.01550851,50.9393671],[4.01543703,50.93933643],[4.01543647,50.93933619],[4.01546143,50.93931431],[4.01546155,50.93931436],[4.01547464,50.93932019],[4.01556843,50.93936198],[4.01557663,50.93938028],[4.01557836,50.93938414],[4.01561114,50.93945719]]]}},{"type":"Feature","id":"gebouw/Gebouw.16326012/0","properties":{"source":"Digitaal Vlaanderen Gebouwenregister","source_id":"gebouw/Gebouw.16326012/0","kind":"building","height_m":7.16,"status":null},"geometry":{"type":"Polygon","coordinates":[[[4.00596698,50.94183761],[4.0060647,50.94179063],[4.00608615,50.94178031],[4.00622655,50.94189686],[4.00620523,50.94190711],[4.00610842,50.94195366],[4.00608565,50.94196461],[4.00603343,50.94192126],[4.00601902,50.94192819],[4.00598326,50.94189851],[4.00599637,50.94189221],[4.00594395,50.94184869],[4.00596698,50.94183761]]]}},{"type":"Feature","id":"gebouw/Gebouw.16326052/0","properties":{"source":"Digitaal Vlaanderen Gebouwenregister","source_id":"gebouw/Gebouw.16326052/0","kind":"building","height_m":5.72,"status":null},"geometry":{"type":"Polygon","coordinates":[[[4.0112317,50.94022086],[4.01127982,50.94027693],[4.01128524,50.94028324],[4.01131824,50.94031065],[4.01132307,50.94031551],[4.01128242,50.94032794],[4.01126382,50.9403133],[4.01124339,50.94029541],[4.01116687,50.94022838],[4.01114452,50.94015254],[4.01120932,50.94014492],[4.0112317,50.94022086]]]}},{"type":"Feature","id":"gebouw/Gebouw.16326400/0","properties":{"source":"Digitaal Vlaanderen Gebouwenregister","source_id":"gebouw/Gebouw.16326400/0","kind":"building","height_m":9.32,"status":null},"geometry":{"type":"Polygon","coordinates":[[[4.01551101,50.94144967],[4.01550884,50.94145192],[4.01546375,50.94143448],[4.0155227,50.94137363],[4.01556779,50.94139108],[4.01554635,50.94141321],[4.01551101,50.94144967]]]}},{"type":"Feature","id":"gebouw/Gebouw.16328941/0","properties":{"source":"Digitaal Vlaanderen Gebouwenregister","source_id":"gebouw/Gebouw.16328941/0","kind":"building","height_m":9.32,"status":null},"geometry":{"type":"Polygon","coordinates":[[[4.01512974,50.9399396],[4.01510118,50.93994647],[4.01509293,50.93991801],[4.01513383,50.93991204],[4.01511926,50.93987219],[4.01517463,50.93986567],[4.01519648,50.93992355],[4.01518639,50.93992598],[4.01512974,50.9399396]]]}},{"type":"Feature","id":"gebouw/Gebouw.16331858/0","properties":{"source":"Digitaal Vlaanderen Gebouwenregister","source_id":"gebouw/Gebouw.16331858/0","kind":"building","height_m":7.88,"status":null},"geometry":{"type":"Polygon","coordinates":[[[4.01338037,50.94017183],[4.01333233,50.94017699],[4.0132616,50.94018458],[4.01322683,50.94006988],[4.01334401,50.9400557],[4.01335532,50.94009331],[4.01335916,50.9400929],[4.01338037,50.94017183]]]}},{"type":"Feature","id":"gebouw/Gebouw.16336670/0","properties":{"source":"Digitaal Vlaanderen Gebouwenregister","source_id":"gebouw/Gebouw.16336670/0","kind":"building","height_m":5.0,"status":null},"geometry":{"type":"Polygon","coordinates":[[[4.01562156,50.93815248],[4.01555465,50.93821373],[4.0154821,50.93818209],[4.01546885,50.93819422],[4.01544991,50.93818596],[4.01546124,50.93817558],[4.01541282,50.93815447],[4.01547769,50.93809656],[4.01554322,50.9381256],[4.01554862,50.93812066],[4.01562156,50.93815248]]]}},{"type":"Feature","id":"gebouw/Gebouw.16338626/0","properties":{"source":"Digitaal Vlaanderen Gebouwenregister","source_id":"gebouw/Gebouw.16338626/0","kind":"building","height_m":7.16,"status":null},"geometry":{"type":"Polygon","coordinates":[[[4.0137772,50.94096079],[4.01376532,50.94093891],[4.01380534,50.94093023],[4.01374967,50.94082772],[4.01388405,50.94079859],[4.01389165,50.94081198],[4.01393153,50.94080301],[4.01393231,50.94080434],[4.01394516,50.94080146],[4.01397783,50.94081143],[4.01398227,50.94081946],[4.01398429,50.94081884],[4.01398487,50.94082003],[4.01402683,50.94081071],[4.01404462,50.94084268],[4.01402049,50.94084791],[4.0140483,50.94089913],[4.01392355,50.94092617],[4.01395133,50.94097731],[4.01380357,50.94100934],[4.0137772,50.94096079]]]}},{"type":"Feature","id":"gebouw/Gebouw.16344084/0","properties":{"source":"Digitaal Vlaanderen Gebouwenregister","source_id":"gebouw/Gebouw.16344084/0","kind":"building","height_m":5.72,"status":null},"geometry":{"type":"Polygon","coordinates":[[[4.01539828,50.93814953],[4.0153663,50.93817822],[4.01529338,50.93814577],[4.01532563,50.9381172],[4.01539828,50.93814953]]]}},{"type":"Feature","id":"gebouw/Gebouw.16346882/0","properties":{"source":"Digitaal Vlaanderen Gebouwenregister","source_id":"gebouw/Gebouw.16346882/0","kind":"building","height_m":9.32,"status":null},"geometry":{"type":"Polygon","coordinates":[[[4.00962034,50.9415769],[4.00950599,50.94163512],[4.00943311,50.94157787],[4.00954754,50.94151972],[4.00957663,50.94154257],[4.00962034,50.9415769]]]}},{"type":"Feature","id":"gebouw/Gebouw.16350191/0","properties":{"source":"Digitaal Vlaanderen Gebouwenregister","source_id":"gebouw/Gebouw.16350191/0","kind":"building","height_m":7.88,"status":null},"geometry":{"type":"Polygon","coordinates":[[[4.00817775,50.94140711],[4.00808525,50.94147967],[4.00806121,50.94146163],[4.00784409,50.94129868],[4.00792451,50.94125536],[4.00801265,50.94132301],[4.00797334,50.94134346],[4.00804392,50.94137775],[4.00807354,50.94139627],[4.00809663,50.94138152],[4.00809936,50.94138323],[4.00812411,50.94136734],[4.00814205,50.94138064],[4.00817775,50.94140711]]]}},{"type":"Feature","id":"gebouw/Gebouw.16352834/0","properties":{"source":"Digitaal Vlaanderen Gebouwenregister","source_id":"gebouw/Gebouw.16352834/0","kind":"building","height_m":5.72,"status":null},"geometry":{"type":"Polygon","coordinates":[[[4.01086079,50.94116332],[4.01086325,50.94116322],[4.01087033,50.94126364],[4.01080684,50.94126543],[4.01080647,50.94126026],[4.01074729,50.94126316],[4.01073779,50.94116823],[4.01080134,50.9411657],[4.01086079,50.94116332]]]}},{"type":"Feature","id":"gebouw/Gebouw.16354740/0","properties":{"source":"Digitaal Vlaanderen Gebouwenregister","source_id":"gebouw/Gebouw.16354740/0","kind":"building","height_m":7.16,"status":null},"geometry":{"type":"Polygon","coordinates":[[[4.01530051,50.9395132],[4.01523259,50.93952127],[4.0151997,50.93942277],[4.01518354,50.9394155],[4.01518331,50.93941539],[4.01520707,50.93939433],[4.01523247,50.9394056],[4.01526748,50.93942112],[4.01530051,50.9395132]]]}},{"type":"Feature","id":"gebouw/Gebouw.16357648/0","properties":{"source":"Digitaal Vlaanderen Gebouwenregister","source_id":"gebouw/Gebouw.16357648/0","kind":"building","height_m":9.32,"status":null},"geometry":{"type":"Polygon","coordinates":[[[4.01421184,50.94158007],[4.01421101,50.94157615],[4.01415321,50.94158282],[4.01417248,50.94160732],[4.01408843,50.94163328],[4.01404053,50.94157218],[4.01399429,50.94151322],[4.01409883,50.9414805],[4.01411781,50.94150467],[4.01413855,50.94149853],[4.01413532,50.94148197],[4.0141889,50.94147753],[4.01418744,50.94147026],[4.0142579,50.94146433],[4.01428106,50.94157424],[4.01421184,50.94158007]]]}},{"type":"Feature","id":"gebouw/Gebouw.16362840/0","properties":{"source":"Digitaal Vlaanderen Gebouwenregister","source_id":"gebouw/Gebouw.16362840/0","kind":"building","height_m":7.88,"status":null},"geometry":{"type":"Polygon","coordinates":[[[4.00686658,50.9416133],[4.00678742,50.94163107],[4.00678428,50.94162349],[4.00673039,50.94163239],[4.00668704,50.94152755],[4.00674751,50.94151807],[4.00686658,50.9416133]]]}},{"type":"Feature","id":"gebouw/Gebouw.16363331/0","properties":{"source":"Digitaal Vlaanderen Gebouwenregister","source_id":"gebouw/Gebouw.16363331/0","kind":"building","height_m":8.6,"status":null},"geometry":{"type":"Polygon","coordinates":[[[4.01595046,50.9386233],[4.01593166,50.93864137],[4.01590303,50.93866888],[4.01586437,50.93865227],[4.0158849,50.93863318],[4.01588215,50.938632],[4.01591064,50.93860553],[4.01595046,50.9386233]]]}},{"type":"Feature","id":"gebouw/Gebouw.16365475/0","properties":{"source":"Digitaal Vlaanderen Gebouwenregister","source_id":"gebouw/Gebouw.16365475/0","kind":"building","height_m":5.0,"status":null},"geometry":{"type":"Polygon","coordinates":[[[4.00778022,50.94171048],[4.00784688,50.94176139],[4.00780775,50.94178178],[4.00774055,50.94173143],[4.00778022,50.94171048]]]}},{"type":"Feature","id":"gebouw/Gebouw.16365926/0","properties":{"source":"Digitaal Vlaanderen Gebouwenregister","source_id":"gebouw/Gebouw.16365926/0","kind":"building","height_m":7.16,"status":null},"geometry":{"type":"Polygon","coordinates":[[[4.0087277,50.94150045],[4.00869559,50.9415179],[4.00866264,50.94149191],[4.00865966,50.94149342],[4.00863668,50.94147529],[4.00871402,50.94143577],[4.00881978,50.94138173],[4.0088719,50.94142206],[4.00883314,50.94144313],[4.0087277,50.94150045]]]}},{"type":"Feature","id":"gebouw/Gebouw.16368167/0","properties":{"source":"Digitaal Vlaanderen Gebouwenregister","source_id":"gebouw/Gebouw.16368167/0","kind":"building","height_m":7.88,"status":null},"geometry":{"type":"Polygon","coordinates":[[[4.01029197,50.93979106],[4.010245,50.93981407],[4.01027161,50.93983572],[4.01022984,50.93985584],[4.01005942,50.93971458],[4.01016334,50.93966418],[4.01022799,50.93971685],[4.01020829,50.9397265],[4.01022937,50.93974368],[4.01023214,50.93974232],[4.01029197,50.93979106]]]}},{"type":"Feature","id":"gebouw/Gebouw.16374053/0","properties":{"source":"Digitaal Vlaanderen Gebouwenregister","source_id":"gebouw/Gebouw.16374053/0","kind":"building","height_m":7.16,"status":null},"geometry":{"type":"Polygon","coordinates":[[[4.00788926,50.94083709],[4.00787619,50.94084354],[4.00784114,50.94081646],[4.00804534,50.94071081],[4.0080841,50.94074095],[4.00788926,50.94083709]]]}},{"type":"Feature","id":"gebouw/Gebouw.16374147/0","properties":{"source":"Digitaal Vlaanderen Gebouwenregister","source_id":"gebouw/Gebouw.16374147/0","kind":"building","height_m":9.32,"status":null},"geometry":{"type":"Polygon","coordinates":[[[4.00774706,50.94090726],[4.00770447,50.94092827],[4.00767494,50.94090244],[4.00771455,50.94088195],[4.00774706,50.94090726]]]}},{"type":"Feature","id":"gebouw/Gebouw.16376310/0","properties":{"source":"Digitaal Vlaanderen Gebouwenregister","source_id":"gebouw/Gebouw.16376310/0","kind":"building","height_m":9.32,"status":null},"geometry":{"type":"Polygon","coordinates":[[[4.00710197,50.94017838],[4.00709868,50.9401752],[4.00715588,50.94015152],[4.00716198,50.94015741],[4.00720897,50.94013796],[4.00717132,50.94010164],[4.00724357,50.94006972],[4.00730141,50.94012199],[4.00731712,50.94011505],[4.00733732,50.9401333],[4.00732609,50.94013826],[4.00736791,50.94017605],[4.00729591,50.94020921],[4.00720923,50.94024913],[4.00717399,50.9402185],[4.00715955,50.94022448],[4.0071325,50.94019839],[4.00710921,50.94020803],[4.00708552,50.94018518],[4.00710197,50.94017838]]]}},{"type":"Feature","id":"gebouw/Gebouw.16384285/0","properties":{"source":"Digitaal Vlaanderen Gebouwenregister","source_id":"gebouw/Gebouw.16384285/0","kind":"building","height_m":5.72,"status":null},"geometry":{"type":"Polygon","coordinates":[[[4.00983018,50.94175607],[4.00966173,50.94183009],[4.00962469,50.94180069],[4.009613,50.94179141],[4.00978635,50.94171419],[4.0098078,50.94173474],[4.00981062,50.94173743],[4.00983018,50.94175607]]]}},{"type":"Feature","id":"gebouw/Gebouw.16387137/0","properties":{"source":"Digitaal Vlaanderen Gebouwenregister","source_id":"gebouw/Gebouw.16387137/0","kind":"building","height_m":7.88,"status":null},"geometry":{"type":"Polygon","coordinates":[[[4.01609202,50.94095353],[4.01613469,50.94096944],[4.01607342,50.94103399],[4.0161266,50.94105328],[4.01608907,50.94109458],[4.0160756,50.94108969],[4.01607015,50.94109538],[4.01607007,50.9410973],[4.01605885,50.94110923],[4.01605742,50.94110869],[4.01604512,50.94112159],[4.0159874,50.94109983],[4.01598372,50.94109845],[4.0159638,50.94109094],[4.01596155,50.94109009],[4.01603871,50.94100933],[4.01609202,50.94095353]]]}},{"type":"Feature","id":"gebouw/Gebouw.16389784/0","properties":{"source":"Digitaal Vlaanderen Gebouwenregister","source_id":"gebouw/Gebouw.16389784/0","kind":"building","height_m":8.6,"status":null},"geometry":{"type":"Polygon","coordinates":[[[4.00710901,50.94170457],[4.00715407,50.94168306],[4.00719103,50.94171396],[4.00714597,50.94173547],[4.00710901,50.94170457]]]}},{"type":"Feature","id":"gebouw/Gebouw.16390183/0","properties":{"source":"Digitaal Vlaanderen Gebouwenregister","source_id":"gebouw/Gebouw.16390183/0","kind":"building","height_m":8.6,"status":null},"geometry":{"type":"Polygon","coordinates":[[[4.01219501,50.94046753],[4.01214642,50.94047314],[4.01214101,50.94045451],[4.01212906,50.9404559],[4.01209727,50.94034634],[4.0121559,50.94033956],[4.0121729,50.94039523],[4.01218821,50.94044537],[4.01219501,50.94046753]]]}},{"type":"Feature","id":"gebouw/Gebouw.16390534/0","properties":{"source":"Digitaal Vlaanderen Gebouwenregister","source_id":"gebouw/Gebouw.16390534/0","kind":"building","height_m":9.32,"status":null},"geometry":{"type":"Polygon","coordinates":[[[4.0160718,50.93936875],[4.01597819,50.93938765],[4.01593823,50.93931228],[4.01585287,50.93927016],[4.01586663,50.93925862],[4.01587176,50.93925431],[4.01589497,50.93926795],[4.01591023,50.9392575],[4.01598722,50.93930236],[4.01600592,50.93929806],[4.01602193,50.93932589],[4.01603701,50.93932243],[4.0160718,50.93936875]]]}},{"type":"Feature","id":"gebouw/Gebouw.16392142/0","properties":{"source":"Digitaal Vlaanderen Gebouwenregister","source_id":"gebouw/Gebouw.16392142/0","kind":"building","height_m":7.88,"status":null},"geometry":{"type":"Polygon","coordinates":[[[4.00946887,50.93982247],[4.00941962,50.93984618],[4.00953007,50.93993863],[4.00937888,50.94001074],[4.00922767,50.93987731],[4.00927466,50.93985469],[4.00927706,50.93985668],[4.00931818,50.93983688],[4.00931541,50.93983458],[4.00936291,50.93981172],[4.00935225,50.93980287],[4.009411,50.93977459],[4.00946887,50.93982247]]]}},{"type":"Feature","id":"gebouw/Gebouw.16392172/0","properties":{"source":"Digitaal Vlaanderen Gebouwenregister","source_id":"gebouw/Gebouw.16392172/0","kind":"building","height_m":9.32,"status":null},"geometry":{"type":"Polygon","coordinates":[[[4.01205258,50.94034887],[4.01207003,50.94041276],[4.01202326,50.94041785],[4.01200319,50.9403543],[4.01205258,50.94034887]]]}},{"type":"Feature","id":"gebouw/Gebouw.16395219/0","properties":{"source":"Digitaal Vlaanderen Gebouwenregister","source_id":"gebouw/Gebouw.16395219/0","kind":"building","height_m":5.72,"status":null},"geometry":{"type":"Polygon","coordinates":[[[4.00842334,50.94100536],[4.0082827,50.94107616],[4.0082442,50.94104824],[4.00838605,50.94097602],[4.00842334,50.94100536]]]}},{"type":"Feature","id":"gebouw/Gebouw.16395344/0","properties":{"source":"Digitaal Vlaanderen Gebouwenregister","source_id":"gebouw/Gebouw.16395344/0","kind":"building","height_m":5.0,"status":null},"geometry":{"type":"Polygon","coordinates":[[[4.00841525,50.94110989],[4.00836557,50.94111791],[4.00835294,50.94109119],[4.00846096,50.94103456],[4.00851838,50.94107908],[4.00851989,50.94107946],[4.00850996,50.94109533],[4.00850852,50.94109485],[4.00841525,50.94110989]]]}},{"type":"Feature","id":"gebouw/Gebouw.16395454/0","properties":{"source":"Digitaal Vlaanderen Gebouwenregister","source_id":"gebouw/Gebouw.16395454/0","kind":"building","height_m":8.6,"status":null},"geometry":{"type":"Polygon","coordinates":[[[4.01509219,50.9413023],[4.01508104,50.94128804],[4.01506788,50.94129214],[4.01504395,50.94126152],[4.0150316,50.94126537],[4.01499424,50.94121751],[4.01503398,50.94120512],[4.01502814,50.9411973],[4.01508058,50.94118086],[4.01508715,50.94118907],[4.01513891,50.94117217],[4.01512677,50.94115654],[4.01519682,50.94113474],[4.01523246,50.94118095],[4.01526219,50.94117113],[4.01529725,50.941216],[4.01522786,50.94123764],[4.01525189,50.94126838],[4.01518355,50.9412897],[4.01517356,50.94127691],[4.01509219,50.9413023]]]}},{"type":"Feature","id":"gebouw/Gebouw.16398400/0","properties":{"source":"Digitaal Vlaanderen Gebouwenregister","source_id":"gebouw/Gebouw.16398400/0","kind":"building","height_m":7.88,"status":null},"geometry":{"type":"Polygon","coordinates":[[[4.0149062,50.94008392],[4.01495528,50.94006559],[4.01503308,50.94014654],[4.01498262,50.94016589],[4.01500283,50.9401875],[4.01499892,50.94018896],[4.01499544,50.94018505],[4.01486259,50.94023459],[4.0148662,50.94023869],[4.01486208,50.9402402],[4.01484345,50.94021988],[4.01482682,50.94020173],[4.01481586,50.94018978],[4.01481332,50.94019078],[4.0147974,50.94017361],[4.01479961,50.94017277],[4.0147901,50.94016231],[4.01480013,50.94015854],[4.01479657,50.9401533],[4.01479552,50.94014753],[4.01479714,50.9401418],[4.01480129,50.94013661],[4.01480761,50.94013239],[4.01481559,50.9401295],[4.01482455,50.94012817],[4.01483374,50.94012852],[4.01484237,50.94013052],[4.01484975,50.94013401],[4.01485522,50.94013868],[4.01493096,50.94011038],[4.0149062,50.94008392]]]}},{"type":"Feature","id":"gebouw/Gebouw.16403739/0","properties":{"source":"Digitaal Vlaanderen Gebouwenregister","source_id":"gebouw/Gebouw.16403739/0","kind":"building","height_m":6.44,"status":null},"geometry":{"type":"Polygon","coordinates":[[[4.01509758,50.93988892],[4.01505491,50.93989362],[4.01505698,50.9399011],[4.0150378,50.93990284],[4.0150334,50.93990415],[4.01502937,50.93990745],[4.01502752,50.93991166],[4.01502774,50.93991859],[4.01503069,50.93993065],[4.01496875,50.9399373],[4.01497869,50.9399768],[4.01494335,50.93997814],[4.01491793,50.9399791],[4.01485093,50.93998592],[4.01483755,50.93998623],[4.01483628,50.9399532],[4.01493434,50.93995163],[4.01492308,50.93991631],[4.01496674,50.93991145],[4.01493829,50.93980964],[4.01500601,50.93980208],[4.01500883,50.93981279],[4.01503858,50.93980933],[4.01504474,50.93980921],[4.01504814,50.93980982],[4.01505211,50.93981116],[4.01505565,50.93981286],[4.01505882,50.93981543],[4.01506054,50.93981832],[4.01506145,50.93982207],[4.01506801,50.93984492],[4.01508489,50.93984305],[4.01509758,50.93988892]]]}},{"type":"Feature","id":"gebouw/Gebouw.16405512/0","properties":{"source":"Digitaal Vlaanderen Gebouwenregister","source_id":"gebouw/Gebouw.16405512/0","kind":"building","height_m":7.88,"status":null},"geometry":{"type":"Polygon","coordinates":[[[4.01586983,50.93852322],[4.015822,50.938566],[4.01576769,50.93854117],[4.01579638,50.93851638],[4.01577721,50.93850753],[4.01577291,50.93851124],[4.0157212,50.93848733],[4.01572327,50.93848548],[4.01580265,50.93841449],[4.015893,50.93845543],[4.01583432,50.93850712],[4.01586983,50.93852322]]]}},{"type":"Feature","id":"gebouw/Gebouw.16408288/0","properties":{"source":"Digitaal Vlaanderen Gebouwenregister","source_id":"gebouw/Gebouw.16408288/0","kind":"building","height_m":5.72,"status":null},"geometry":{"type":"Polygon","coordinates":[[[4.00757573,50.94081566],[4.00761663,50.94079476],[4.00764185,50.94081438],[4.0075992,50.94083619],[4.00757573,50.94081566]]]}},{"type":"Feature","id":"gebouw/Gebouw.16408657/0","properties":{"source":"Digitaal Vlaanderen Gebouwenregister","source_id":"gebouw/Gebouw.16408657/0","kind":"building","height_m":9.32,"status":null},"geometry":{"type":"Polygon","coordinates":[[[4.00560321,50.94147117],[4.00559882,50.94147238],[4.00558915,50.9414567],[4.00548996,50.9414809],[4.00540597,50.94135767],[4.00551645,50.94133049],[4.00554078,50.94136993],[4.00560321,50.94147117]]]}},{"type":"Feature","id":"gebouw/Gebouw.16410742/0","properties":{"source":"Digitaal Vlaanderen Gebouwenregister","source_id":"gebouw/Gebouw.16410742/0","kind":"building","height_m":8.6,"status":null},"geometry":{"type":"Polygon","coordinates":[[[4.00965162,50.9407471],[4.00965493,50.94078262],[4.00960055,50.94078465],[4.00959724,50.94074913],[4.00965162,50.9407471]]]}},{"type":"Feature","id":"gebouw/Gebouw.16411088/0","properties":{"source":"Digitaal Vlaanderen Gebouwenregister","source_id":"gebouw/Gebouw.16411088/0","kind":"building","height_m":5.72,"status":null},"geometry":{"type":"Polygon","coordinates":[[[4.01591829,50.93939929],[4.0158545,50.93941141],[4.01581489,50.93933345],[4.01577776,50.93931472],[4.01573152,50.9392914],[4.0157232,50.93928721],[4.0157231,50.93928717],[4.01573036,50.93928097],[4.01568955,50.93926218],[4.01571183,50.93924217],[4.01571258,50.93924253],[4.01575647,50.93926347],[4.01587824,50.93932159],[4.01588168,50.93932829],[4.01591829,50.93939929]]]}},{"type":"Feature","id":"gebouw/Gebouw.16413663/0","properties":{"source":"Digitaal Vlaanderen Gebouwenregister","source_id":"gebouw/Gebouw.16413663/0","kind":"building","height_m":5.0,"status":null},"geometry":{"type":"Polygon","coordinates":[[[4.00863155,50.94079553],[4.00845374,50.94088664],[4.00841604,50.94085683],[4.00857153,50.94077711],[4.00859274,50.94076624],[4.00863155,50.94079553]]]}},{"type":"Feature","id":"gebouw/Gebouw.16419079/0","properties":{"source":"Digitaal Vlaanderen Gebouwenregister","source_id":"gebouw/Gebouw.16419079/0","kind":"building","height_m":8.6,"status":null},"geometry":{"type":"Polygon","coordinates":[[[4.00873565,50.94098439],[4.00864123,50.9410328],[4.00860403,50.94100372],[4.00875969,50.94092383],[4.00879514,50.94095388],[4.00879236,50.94095531],[4.00878323,50.94095999],[4.00873565,50.94098439]]]}},{"type":"Feature","id":"gebouw/Gebouw.16421602/0","properties":{"source":"Digitaal Vlaanderen Gebouwenregister","source_id":"gebouw/Gebouw.16421602/0","kind":"building","height_m":5.72,"status":null},"geometry":{"type":"Polygon","coordinates":[[[4.00820359,50.94159602],[4.00824714,50.94162771],[4.00821148,50.94164898],[4.00816617,50.94161669],[4.00816907,50.94161509],[4.00815326,50.94160366],[4.00817784,50.94159009],[4.00819365,50.94160151],[4.00820359,50.94159602]]]}},{"type":"Feature","id":"gebouw/Gebouw.16424387/0","properties":{"source":"Digitaal Vlaanderen Gebouwenregister","source_id":"gebouw/Gebouw.16424387/0","kind":"building","height_m":5.0,"status":null},"geometry":{"type":"Polygon","coordinates":[[[4.01139901,50.94124158],[4.01139804,50.9411947],[4.01141157,50.94119459],[4.01141094,50.94115661],[4.0115127,50.94115583],[4.01151352,50.94119436],[4.01152715,50.94119418],[4.01152969,50.94126968],[4.01151461,50.9412698],[4.01141235,50.94127065],[4.01141175,50.94124147],[4.01139901,50.94124158]]]}},{"type":"Feature","id":"gebouw/Gebouw.16427772/0","properties":{"source":"Digitaal Vlaanderen Gebouwenregister","source_id":"gebouw/Gebouw.16427772/0","kind":"building","height_m":7.88,"status":null},"geometry":{"type":"Polygon","coordinates":[[[4.01186642,50.93932468],[4.01193855,50.93935174],[4.01188962,50.93940381],[4.01181749,50.93937675],[4.01186642,50.93932468]]]}},{"type":"Feature","id":"gebouw/Gebouw.16430373/0","properties":{"source":"Digitaal Vlaanderen Gebouwenregister","source_id":"gebouw/Gebouw.16430373/0","kind":"building","height_m":5.72,"status":null},"geometry":{"type":"Polygon","coordinates":[[[4.00679561,50.94105624],[4.00679367,50.94105161],[4.00684123,50.94104423],[4.00685177,50.94107076],[4.00680366,50.94107839],[4.00679561,50.94105624]]]}},{"type":"Feature","id":"gebouw/Gebouw.16433245/0","properties":{"source":"Digitaal Vlaanderen Gebouwenregister","source_id":"gebouw/Gebouw.16433245/0","kind":"building","height_m":7.16,"status":null},"geometry":{"type":"Polygon","coordinates":[[[4.01227139,50.94059907],[4.01229284,50.94058737],[4.01228335,50.94058043],[4.01230485,50.94056869],[4.01239018,50.94063111],[4.01234723,50.94065455],[4.01227139,50.94059907]]]}},{"type":"Feature","id":"gebouw/Gebouw.16435649/0","properties":{"source":"Digitaal Vlaanderen Gebouwenregister","source_id":"gebouw/Gebouw.16435649/0","kind":"building","height_m":9.32,"status":null},"geometry":{"type":"Polygon","coordinates":[[[4.00930005,50.94064669],[4.00919222,50.94065888],[4.00914845,50.94050433],[4.00925662,50.9404921],[4.00929212,50.94061845],[4.00930005,50.94064669]]]}},{"type":"Feature","id":"gebouw/Gebouw.16436274/0","properties":{"source":"Digitaal Vlaanderen Gebouwenregister","source_id":"gebouw/Gebouw.16436274/0","kind":"building","height_m":5.72,"status":null},"geometry":{"type":"Polygon","coordinates":[[[4.01562056,50.93840416],[4.01556753,50.93845115],[4.01549672,50.93841984],[4.01543868,50.93839419],[4.01536001,50.9383594],[4.01535952,50.93835919],[4.01541493,50.93831052],[4.01549277,50.93834594],[4.01554689,50.93829845],[4.01563915,50.93834043],[4.01558513,50.93838783],[4.01562056,50.93840416]]]}},{"type":"Feature","id":"gebouw/Gebouw.16438487/0","properties":{"source":"Digitaal Vlaanderen Gebouwenregister","source_id":"gebouw/Gebouw.16438487/0","kind":"building","height_m":6.44,"status":null},"geometry":{"type":"Polygon","coordinates":[[[4.00845182,50.94069155],[4.00847528,50.94067954],[4.0084386,50.94064824],[4.00843313,50.94065106],[4.00826368,50.94073822],[4.00830185,50.94076835],[4.00830207,50.94076824],[4.00845182,50.94069155]]]}},{"type":"Feature","id":"gebouw/Gebouw.16444109/0","properties":{"source":"Digitaal Vlaanderen Gebouwenregister","source_id":"gebouw/Gebouw.16444109/0","kind":"building","height_m":7.16,"status":null},"geometry":{"type":"Polygon","coordinates":[[[4.01387611,50.94156792],[4.01396759,50.94167775],[4.01377558,50.94173876],[4.01369307,50.94163746],[4.01382214,50.9415955],[4.01381604,50.94158789],[4.01387611,50.94156792]]]}},{"type":"Feature","id":"gebouw/Gebouw.16451810/0","properties":{"source":"Digitaal Vlaanderen Gebouwenregister","source_id":"gebouw/Gebouw.16451810/0","kind":"building","height_m":7.88,"status":null},"geometry":{"type":"Polygon","coordinates":[[[4.01335658,50.94171571],[4.01336279,50.94171369],[4.01336458,50.94171592],[4.01343213,50.94169477],[4.01343261,50.94169538],[4.01343726,50.94169392],[4.01344401,50.9417028],[4.01346611,50.94169552],[4.01345955,50.94168683],[4.0134641,50.94168543],[4.01346618,50.94168806],[4.01348327,50.94168222],[4.01348668,50.94168645],[4.01354663,50.9416676],[4.01356017,50.94168421],[4.01356496,50.94168268],[4.01364733,50.94178554],[4.01345554,50.94184803],[4.01339142,50.9417695],[4.01339858,50.94176716],[4.01335658,50.94171571]]]}},{"type":"Feature","id":"gebouw/Gebouw.16451993/0","properties":{"source":"Digitaal Vlaanderen Gebouwenregister","source_id":"gebouw/Gebouw.16451993/0","kind":"building","height_m":8.6,"status":null},"geometry":{"type":"Polygon","coordinates":[[[4.00854768,50.94145201],[4.00854015,50.94145589],[4.00851026,50.94143362],[4.00854437,50.94141537],[4.0085748,50.94143807],[4.00854768,50.94145201]]]}},{"type":"Feature","id":"gebouw/Gebouw.16453987/0","properties":{"source":"Digitaal Vlaanderen Gebouwenregister","source_id":"gebouw/Gebouw.16453987/0","kind":"building","height_m":7.88,"status":null},"geometry":{"type":"Polygon","coordinates":[[[4.01193067,50.93952766],[4.01194362,50.93958184],[4.01191083,50.93958528],[4.01189769,50.93952894],[4.01188475,50.93952577],[4.01188659,50.93951472],[4.01189113,50.93948748],[4.01197708,50.9394925],[4.0119731,50.93951971],[4.01192814,50.93951708],[4.01193067,50.93952766]]]}},{"type":"Feature","id":"gebouw/Gebouw.16454057/0","properties":{"source":"Digitaal Vlaanderen Gebouwenregister","source_id":"gebouw/Gebouw.16454057/0","kind":"building","height_m":7.88,"status":null},"geometry":{"type":"Polygon","coordinates":[[[4.0157154,50.94081914],[4.01567663,50.94079478],[4.0155228,50.94089252],[4.01540028,50.94081478],[4.01551031,50.94074556],[4.01561008,50.94080824],[4.01575124,50.94071855],[4.01581282,50.94075724],[4.0157154,50.94081914]]]}},{"type":"Feature","id":"gebouw/Gebouw.16456733/0","properties":{"source":"Digitaal Vlaanderen Gebouwenregister","source_id":"gebouw/Gebouw.16456733/0","kind":"building","height_m":9.32,"status":null},"geometry":{"type":"Polygon","coordinates":[[[4.0124393,50.94118409],[4.01244478,50.94122612],[4.01232527,50.94123234],[4.01231245,50.94113406],[4.01230938,50.94111057],[4.01230837,50.94110277],[4.01235192,50.9411005],[4.01239233,50.9410984],[4.01240366,50.94109781],[4.01240894,50.94113826],[4.01244202,50.94113653],[4.01244816,50.94118363],[4.0124393,50.94118409]]]}},{"type":"Feature","id":"gebouw/Gebouw.16457150/0","properties":{"source":"Digitaal Vlaanderen Gebouwenregister","source_id":"gebouw/Gebouw.16457150/0","kind":"building","height_m":7.16,"status":null},"geometry":{"type":"Polygon","coordinates":[[[4.00654581,50.93915075],[4.00652867,50.93915908],[4.00651134,50.9391675],[4.00646348,50.93912608],[4.00646576,50.93912418],[4.00648527,50.93910794],[4.00649875,50.93909672],[4.00653429,50.93912797],[4.00653896,50.93913208],[4.00655508,50.93914625],[4.00654581,50.93915075]]]}},{"type":"Feature","id":"gebouw/Gebouw.16459423/0","properties":{"source":"Digitaal Vlaanderen Gebouwenregister","source_id":"gebouw/Gebouw.16459423/0","kind":"building","height_m":5.72,"status":null},"geometry":{"type":"Polygon","coordinates":[[[4.0069823,50.94152171],[4.00693986,50.94152824],[4.00691316,50.9414452],[4.00698919,50.94143309],[4.0070341,50.94151377],[4.0069823,50.94152171]]]}},{"type":"Feature","id":"gebouw/Gebouw.16463746/0","properties":{"source":"Digitaal Vlaanderen Gebouwenregister","source_id":"gebouw/Gebouw.16463746/0","kind":"building","height_m":8.6,"status":null},"geometry":{"type":"Polygon","coordinates":[[[4.01000875,50.94181554],[4.01003248,50.94183639],[4.01000243,50.94185005],[4.01002015,50.94186561],[4.0098178,50.94195494],[4.00977394,50.94191987],[4.00993615,50.94184782],[4.00994341,50.9418446],[4.01000875,50.94181554]]]}},{"type":"Feature","id":"gebouw/Gebouw.16463924/0","properties":{"source":"Digitaal Vlaanderen Gebouwenregister","source_id":"gebouw/Gebouw.16463924/0","kind":"building","height_m":5.72,"status":null},"geometry":{"type":"Polygon","coordinates":[[[4.01177773,50.94026991],[4.01171983,50.9403017],[4.01171413,50.94029753],[4.01161236,50.94022051],[4.01160325,50.94018967],[4.0115774,50.9401021],[4.01166816,50.94009102],[4.01166846,50.940092],[4.01167037,50.94009172],[4.01167879,50.94011926],[4.01169173,50.94016159],[4.01172733,50.94015727],[4.01174754,50.9402157],[4.01170921,50.94022395],[4.01177773,50.94026991]]]}},{"type":"Feature","id":"gebouw/Gebouw.16467163/0","properties":{"source":"Digitaal Vlaanderen Gebouwenregister","source_id":"gebouw/Gebouw.16467163/0","kind":"building","height_m":9.32,"status":null},"geometry":{"type":"Polygon","coordinates":[[[4.01018088,50.94184982],[4.01010985,50.94188013],[4.01008332,50.94185538],[4.01008668,50.94185388],[4.01006632,50.94183476],[4.01012812,50.94180839],[4.0101477,50.94182676],[4.01015345,50.9418242],[4.01018088,50.94184982]]]}},{"type":"Feature","id":"gebouw/Gebouw.16468676/0","properties":{"source":"Digitaal Vlaanderen Gebouwenregister","source_id":"gebouw/Gebouw.16468676/0","kind":"building","height_m":5.0,"status":null},"geometry":{"type":"Polygon","coordinates":[[[4.01157403,50.94143495],[4.01151353,50.94144234],[4.01151161,50.94134064],[4.01157205,50.94134029],[4.01157237,50.94135476],[4.01157403,50.94143495]]]}},{"type":"Feature","id":"gebouw/Gebouw.16476834/0","properties":{"source":"Digitaal Vlaanderen Gebouwenregister","source_id":"gebouw/Gebouw.16476834/0","kind":"building","height_m":7.16,"status":null},"geometry":{"type":"Polygon","coordinates":[[[4.01186287,50.9396604],[4.01182996,50.93954611],[4.01161537,50.93957141],[4.01161901,50.93958373],[4.01155382,50.93959141],[4.01156448,50.9396275],[4.01162991,50.93961979],[4.0116487,50.93968502],[4.01186287,50.9396604]]]}},{"type":"Feature","id":"gebouw/Gebouw.16479738/0","properties":{"source":"Digitaal Vlaanderen Gebouwenregister","source_id":"gebouw/Gebouw.16479738/0","kind":"building","height_m":6.44,"status":null},"geometry":{"type":"Polygon","coordinates":[[[4.01563387,50.9416883],[4.01567304,50.94167058],[4.01571915,50.94171125],[4.01567999,50.94172898],[4.01563387,50.9416883]]]}},{"type":"Feature","id":"gebouw/Gebouw.16484226/0","properties":{"source":"Digitaal Vlaanderen Gebouwenregister","source_id":"gebouw/Gebouw.16484226/0","kind":"building","height_m":7.16,"status":null},"geometry":{"type":"Polygon","coordinates":[[[4.00804905,50.94197007],[4.00811954,50.94193255],[4.00808367,50.94190565],[4.00801318,50.94194318],[4.00804905,50.94197007]]]}},{"type":"Feature","id":"gebouw/Gebouw.16484785/0","properties":{"source":"Digitaal Vlaanderen Gebouwenregister","source_id":"gebouw/Gebouw.16484785/0","kind":"building","height_m":6.44,"status":null},"geometry":{"type":"Polygon","coordinates":[[[4.01548515,50.93947971],[4.01542368,50.93949108],[4.01539126,50.93941739],[4.01538969,50.93941382],[4.01537299,50.93937586],[4.01527788,50.93933642],[4.01525846,50.93932837],[4.01524512,50.93932284],[4.0152734,50.93929781],[4.01543465,50.93936877],[4.01545005,50.93940259],[4.01545171,50.93940624],[4.01548515,50.93947971]]]}},{"type":"Feature","id":"gebouw/Gebouw.16486946/0","properties":{"source":"Digitaal Vlaanderen Gebouwenregister","source_id":"gebouw/Gebouw.16486946/0","kind":"building","height_m":5.0,"status":null},"geometry":{"type":"Polygon","coordinates":[[[4.005809,50.94121708],[4.00585058,50.94128638],[4.00589512,50.94127608],[4.0058368,50.94117541],[4.005791,50.941186],[4.005809,50.94121708]]]}},{"type":"Feature","id":"gebouw/Gebouw.16490078/0","properties":{"source":"Digitaal Vlaanderen Gebouwenregister","source_id":"gebouw/Gebouw.16490078/0","kind":"building","height_m":7.16,"status":null},"geometry":{"type":"Polygon","coordinates":[[[4.00765651,50.94081435],[4.00768468,50.94083626],[4.00763077,50.94086381],[4.00760481,50.9408411],[4.00765651,50.94081435]]]}},{"type":"Feature","id":"gebouw/Gebouw.16492604/0","properties":{"source":"Digitaal Vlaanderen Gebouwenregister","source_id":"gebouw/Gebouw.16492604/0","kind":"building","height_m":6.44,"status":null},"geometry":{"type":"Polygon","coordinates":[[[4.00692624,50.94009203],[4.00685411,50.94012548],[4.00691016,50.94017373],[4.0068778,50.94018963],[4.0069552,50.94025409],[4.00701499,50.94022617],[4.00698753,50.94020005],[4.00699609,50.94019644],[4.0069923,50.94019239],[4.00700709,50.94018463],[4.0070128,50.9401891],[4.00702952,50.94018095],[4.00692624,50.94009203]]]}},{"type":"Feature","id":"gebouw/Gebouw.16498026/0","properties":{"source":"Digitaal Vlaanderen Gebouwenregister","source_id":"gebouw/Gebouw.16498026/0","kind":"building","height_m":9.32,"status":null},"geometry":{"type":"Polygon","coordinates":[[[4.0156769,50.9403989],[4.01529559,50.94053796],[4.01521544,50.94045261],[4.01525189,50.94043816],[4.01524619,50.94043228],[4.01546298,50.94035156],[4.01546916,50.94035811],[4.01551817,50.94033914],[4.01551286,50.94033308],[4.01561957,50.94029313],[4.01564546,50.94032074],[4.01560436,50.94033586],[4.01564016,50.94037469],[4.01565093,50.94037072],[4.0156769,50.9403989]]]}},{"type":"Feature","id":"gebouw/Gebouw.16502766/0","properties":{"source":"Digitaal Vlaanderen Gebouwenregister","source_id":"gebouw/Gebouw.16502766/0","kind":"building","height_m":5.0,"status":null},"geometry":{"type":"Polygon","coordinates":[[[4.00963313,50.94157039],[4.00964857,50.94157048],[4.0096992,50.94160979],[4.00969781,50.9416207],[4.00967446,50.94163256],[4.00968004,50.94163694],[4.00957576,50.94168993],[4.00950599,50.94163512],[4.00962034,50.9415769],[4.00963313,50.94157039]]]}},{"type":"Feature","id":"gebouw/Gebouw.16502840/0","properties":{"source":"Digitaal Vlaanderen Gebouwenregister","source_id":"gebouw/Gebouw.16502840/0","kind":"building","height_m":7.88,"status":null},"geometry":{"type":"Polygon","coordinates":[[[4.00632789,50.94014589],[4.00636828,50.94012825],[4.00641163,50.94016794],[4.00637274,50.94018595],[4.00632789,50.94014589]]]}},{"type":"Feature","id":"gebouw/Gebouw.16502872/0","properties":{"source":"Digitaal Vlaanderen Gebouwenregister","source_id":"gebouw/Gebouw.16502872/0","kind":"building","height_m":5.72,"status":null},"geometry":{"type":"Polygon","coordinates":[[[4.00642513,50.94093432],[4.00641646,50.94093716],[4.00633895,50.94084339],[4.00640943,50.94082013],[4.00641592,50.94082816],[4.00650699,50.94079842],[4.0065632,50.94086712],[4.00649622,50.940889],[4.00651049,50.94090645],[4.00647384,50.94091842],[4.00642513,50.94093432]]]}},{"type":"Feature","id":"gebouw/Gebouw.16502948/0","properties":{"source":"Digitaal Vlaanderen Gebouwenregister","source_id":"gebouw/Gebouw.16502948/0","kind":"building","height_m":5.0,"status":null},"geometry":{"type":"Polygon","coordinates":[[[4.00914184,50.94177844],[4.00916237,50.9417681],[4.00930808,50.94169467],[4.00926549,50.94166103],[4.00908818,50.94175343],[4.00907739,50.94175905],[4.00907003,50.94176289],[4.00910976,50.94179461],[4.00914184,50.94177844]]]}},{"type":"Feature","id":"gebouw/Gebouw.16502962/0","properties":{"source":"Digitaal Vlaanderen Gebouwenregister","source_id":"gebouw/Gebouw.16502962/0","kind":"building","height_m":5.0,"status":null},"geometry":{"type":"Polygon","coordinates":[[[4.00806121,50.94146163],[4.00801966,50.94148493],[4.00795381,50.94143766],[4.00791698,50.94141122],[4.00779682,50.94132496],[4.00784409,50.94129868],[4.00806121,50.94146163]]]}},{"type":"Feature","id":"gebouw/Gebouw.16508054/0","properties":{"source":"Digitaal Vlaanderen Gebouwenregister","source_id":"gebouw/Gebouw.16508054/0","kind":"building","height_m":7.16,"status":null},"geometry":{"type":"Polygon","coordinates":[[[4.01272875,50.9415648],[4.01269037,50.94151371],[4.01277125,50.94148938],[4.01278848,50.94150997],[4.0128465,50.94148957],[4.01290084,50.94155821],[4.01288442,50.94156286],[4.01291047,50.94159701],[4.0128162,50.94162672],[4.01279017,50.94159298],[4.01277699,50.94159693],[4.01274842,50.9415589],[4.01272875,50.9415648]]]}},{"type":"Feature","id":"gebouw/Gebouw.16515693/0","properties":{"source":"Digitaal Vlaanderen Gebouwenregister","source_id":"gebouw/Gebouw.16515693/0","kind":"building","height_m":8.6,"status":null},"geometry":{"type":"Polygon","coordinates":[[[4.00930418,50.94126268],[4.00917133,50.94133043],[4.00909069,50.9412673],[4.00922435,50.94119968],[4.00930418,50.94126268]]]}},{"type":"Feature","id":"gebouw/Gebouw.16515787/0","properties":{"source":"Digitaal Vlaanderen Gebouwenregister","source_id":"gebouw/Gebouw.16515787/0","kind":"building","height_m":5.72,"status":null},"geometry":{"type":"Polygon","coordinates":[[[4.01597496,50.94162863],[4.01609661,50.94149921],[4.01619055,50.94153446],[4.01612356,50.94160464],[4.01613177,50.94161393],[4.01611585,50.9416317],[4.01616401,50.9416494],[4.01613165,50.94168418],[4.01607077,50.9416614],[4.01606763,50.94166463],[4.01597496,50.94162863]]]}},{"type":"Feature","id":"gebouw/Gebouw.16520918/0","properties":{"source":"Digitaal Vlaanderen Gebouwenregister","source_id":"gebouw/Gebouw.16520918/0","kind":"building","height_m":5.72,"status":null},"geometry":{"type":"Polygon","coordinates":[[[4.00924236,50.94008085],[4.00899914,50.93987914],[4.0090072,50.93987526],[4.00896672,50.93984168],[4.0090511,50.93980107],[4.00909207,50.93983504],[4.00910103,50.93983072],[4.00917269,50.93988946],[4.00921676,50.93986826],[4.00922767,50.93987731],[4.00937888,50.94001074],[4.00941367,50.94004002],[4.00937742,50.94005729],[4.00932922,50.94008025],[4.00931511,50.9400685],[4.00929696,50.94007724],[4.00927967,50.9400629],[4.00924236,50.94008085]]]}},{"type":"Feature","id":"gebouw/Gebouw.16687854/0","properties":{"source":"Digitaal Vlaanderen Gebouwenregister","source_id":"gebouw/Gebouw.16687854/0","kind":"building","height_m":5.72,"status":null},"geometry":{"type":"Polygon","coordinates":[[[4.0097064,50.94044078],[4.00973769,50.9405506],[4.00962835,50.94056303],[4.0095958,50.94045337],[4.0097064,50.94044078]]]}},{"type":"Feature","id":"gebouw/Gebouw.16688104/0","properties":{"source":"Digitaal Vlaanderen Gebouwenregister","source_id":"gebouw/Gebouw.16688104/0","kind":"building","height_m":9.32,"status":null},"geometry":{"type":"Polygon","coordinates":[[[4.0077974,50.94167381],[4.00778443,50.94168099],[4.00776628,50.94166788],[4.00775138,50.94167611],[4.00770479,50.94164245],[4.00773394,50.94162632],[4.0077974,50.94167381]]]}},{"type":"Feature","id":"gebouw/Gebouw.16723020/0","properties":{"source":"Digitaal Vlaanderen Gebouwenregister","source_id":"gebouw/Gebouw.16723020/0","kind":"building","height_m":9.32,"status":null},"geometry":{"type":"Polygon","coordinates":[[[4.0130158,50.94070655],[4.01300104,50.94070981],[4.01294144,50.94060221],[4.01294604,50.9406012],[4.01293533,50.94058185],[4.01304774,50.940557],[4.01308695,50.9406278],[4.01311805,50.94068394],[4.01305863,50.94069708],[4.0130158,50.94070655]]]}},{"type":"Feature","id":"gebouw/Gebouw.16734667/0","properties":{"source":"Digitaal Vlaanderen Gebouwenregister","source_id":"gebouw/Gebouw.16734667/0","kind":"building","height_m":8.6,"status":null},"geometry":{"type":"Polygon","coordinates":[[[4.01005648,50.94119201],[4.01008522,50.9411909],[4.01008482,50.94118654],[4.01012652,50.94118506],[4.01013673,50.94129965],[4.01005148,50.94130268],[4.01004642,50.94124589],[4.00999627,50.94124769],[4.00999113,50.94119454],[4.01000357,50.94119406],[4.01005648,50.94119201]]]}},{"type":"Feature","id":"gebouw/Gebouw.16756672/0","properties":{"source":"Digitaal Vlaanderen Gebouwenregister","source_id":"gebouw/Gebouw.16756672/0","kind":"building","height_m":6.44,"status":null},"geometry":{"type":"Polygon","coordinates":[[[4.01205191,50.94082124],[4.01203859,50.94077453],[4.01200681,50.94077814],[4.01199913,50.94075121],[4.01192081,50.94076012],[4.01192004,50.94075745],[4.01187831,50.9407622],[4.01189413,50.94081769],[4.01193636,50.94081289],[4.01195215,50.94087026],[4.0120554,50.94085711],[4.01205445,50.94085356],[4.01206758,50.94084972],[4.01205928,50.94082077],[4.01205191,50.94082124]]]}},{"type":"Feature","id":"gebouw/Gebouw.16767295/0","properties":{"source":"Digitaal Vlaanderen Gebouwenregister","source_id":"gebouw/Gebouw.16767295/0","kind":"building","height_m":9.32,"status":null},"geometry":{"type":"Polygon","coordinates":[[[4.01510384,50.93953608],[4.01504047,50.93954357],[4.01501841,50.93946703],[4.01500641,50.93942541],[4.01498836,50.93942751],[4.01498146,50.93940357],[4.01503071,50.93939846],[4.01504059,50.93942208],[4.01506666,50.93941802],[4.0150734,50.93943943],[4.01507989,50.93946002],[4.01510384,50.93953608]]]}},{"type":"Feature","id":"gebouw/Gebouw.16767307/0","properties":{"source":"Digitaal Vlaanderen Gebouwenregister","source_id":"gebouw/Gebouw.16767307/0","kind":"building","height_m":7.88,"status":null},"geometry":{"type":"Polygon","coordinates":[[[4.01196122,50.9418033],[4.01187849,50.9416972],[4.01201228,50.94165555],[4.01201738,50.94166209],[4.01205676,50.94164984],[4.01205164,50.94164327],[4.01214398,50.94161453],[4.01217368,50.94165262],[4.01214017,50.94166305],[4.01219322,50.94173108],[4.01196122,50.9418033]]]}},{"type":"Feature","id":"gebouw/Gebouw.16767541/0","properties":{"source":"Digitaal Vlaanderen Gebouwenregister","source_id":"gebouw/Gebouw.16767541/0","kind":"building","height_m":5.0,"status":null},"geometry":{"type":"Polygon","coordinates":[[[4.01547781,50.93991668],[4.01542716,50.93993378],[4.01541087,50.93991452],[4.01537657,50.9399261],[4.01534435,50.93988799],[4.01543427,50.93986637],[4.01547781,50.93991668]]]}},{"type":"Feature","id":"gebouw/Gebouw.16816808/0","properties":{"source":"Digitaal Vlaanderen Gebouwenregister","source_id":"gebouw/Gebouw.16816808/0","kind":"building","height_m":5.72,"status":null},"geometry":{"type":"Polygon","coordinates":[[[4.00788256,50.94148544],[4.00772066,50.94136518],[4.00766472,50.94132285],[4.00766365,50.9413214],[4.00759468,50.94133288],[4.00776125,50.94145821],[4.0078076,50.94149046],[4.00782864,50.94147906],[4.00785544,50.94149959],[4.00788256,50.94148544]]]}},{"type":"Feature","id":"gebouw/Gebouw.16817271/0","properties":{"source":"Digitaal Vlaanderen Gebouwenregister","source_id":"gebouw/Gebouw.16817271/0","kind":"building","height_m":6.44,"status":null},"geometry":{"type":"Polygon","coordinates":[[[4.01282195,50.94065951],[4.01286487,50.94074036],[4.01285659,50.94074212],[4.01286154,50.94075037],[4.01281478,50.94076125],[4.01281029,50.94075309],[4.0127685,50.94076238],[4.01274234,50.94071544],[4.01272012,50.94072015],[4.01267682,50.9406386],[4.0127638,50.94062016],[4.01278108,50.9406527],[4.01275182,50.9406589],[4.0127592,50.94067281],[4.01282195,50.94065951]]]}},{"type":"Feature","id":"gebouw/Gebouw.16830691/0","properties":{"source":"Digitaal Vlaanderen Gebouwenregister","source_id":"gebouw/Gebouw.16830691/0","kind":"building","height_m":7.16,"status":null},"geometry":{"type":"Polygon","coordinates":[[[4.01146854,50.93965438],[4.01150902,50.93977796],[4.01144222,50.93978669],[4.01144556,50.93979634],[4.01143555,50.93979773],[4.01143367,50.93979256],[4.0113375,50.93980581],[4.01129923,50.93969489],[4.01135355,50.93968848],[4.01134756,50.9396702],[4.01146854,50.93965438]]]}},{"type":"Feature","id":"gebouw/Gebouw.16840608/0","properties":{"source":"Digitaal Vlaanderen Gebouwenregister","source_id":"gebouw/Gebouw.16840608/0","kind":"building","height_m":5.72,"status":null},"geometry":{"type":"Polygon","coordinates":[[[4.01122579,50.93946031],[4.01109973,50.93953172],[4.01112208,50.93954748],[4.01103684,50.93959577],[4.01092871,50.93951957],[4.01114001,50.93939986],[4.01122579,50.93946031]]]}},{"type":"Feature","id":"gebouw/Gebouw.16840697/0","properties":{"source":"Digitaal Vlaanderen Gebouwenregister","source_id":"gebouw/Gebouw.16840697/0","kind":"building","height_m":9.32,"status":null},"geometry":{"type":"Polygon","coordinates":[[[4.00989233,50.94179117],[4.00986921,50.94176905],[4.00986447,50.94177103],[4.00984297,50.94175045],[4.00984175,50.94175099],[4.00983018,50.94175607],[4.00966173,50.94183009],[4.00971279,50.94187094],[4.00989233,50.94179117]]]}},{"type":"Feature","id":"gebouw/Gebouw.16852095/0","properties":{"source":"Digitaal Vlaanderen Gebouwenregister","source_id":"gebouw/Gebouw.16852095/0","kind":"building","height_m":5.72,"status":null},"geometry":{"type":"Polygon","coordinates":[[[4.009064,50.94103587],[4.0089607,50.94104509],[4.00894508,50.9409876],[4.00892849,50.94097424],[4.00886109,50.94091997],[4.00887564,50.94091253],[4.00890128,50.94089942],[4.00891853,50.94091388],[4.009064,50.94103587]]]}},{"type":"Feature","id":"gebouw/Gebouw.16881710/0","properties":{"source":"Digitaal Vlaanderen Gebouwenregister","source_id":"gebouw/Gebouw.16881710/0","kind":"building","height_m":9.32,"status":null},"geometry":{"type":"Polygon","coordinates":[[[4.00658036,50.94165458],[4.00654648,50.94167194],[4.00646212,50.94160621],[4.00654974,50.94156132],[4.00662463,50.94161968],[4.00657089,50.94164721],[4.00658036,50.94165458]]]}},{"type":"Feature","id":"gebouw/Gebouw.16882220/0","properties":{"source":"Digitaal Vlaanderen Gebouwenregister","source_id":"gebouw/Gebouw.16882220/0","kind":"building","height_m":8.6,"status":null},"geometry":{"type":"Polygon","coordinates":[[[4.01103254,50.94090925],[4.0110232,50.94081377],[4.01119478,50.94080716],[4.01120235,50.94089395],[4.01108528,50.94089802],[4.01108597,50.94090717],[4.01103254,50.94090925]]]}},{"type":"Feature","id":"gebouw/Gebouw.16910491/0","properties":{"source":"Digitaal Vlaanderen Gebouwenregister","source_id":"gebouw/Gebouw.16910491/0","kind":"building","height_m":7.16,"status":null},"geometry":{"type":"Polygon","coordinates":[[[4.00553551,50.94015325],[4.00554362,50.94015013],[4.00552112,50.94012674],[4.00555076,50.94011536],[4.0055747,50.94014025],[4.00574817,50.94007228],[4.00577145,50.940096],[4.00581466,50.94007906],[4.00592291,50.94018935],[4.00588916,50.94020257],[4.00589743,50.94021101],[4.00591254,50.94020509],[4.0060452,50.94034222],[4.00585415,50.940416],[4.00581105,50.94037144],[4.00562838,50.94040233],[4.00561335,50.94036687],[4.00558675,50.94037137],[4.00555844,50.94030453],[4.00551748,50.94031146],[4.00541121,50.94020097],[4.00541741,50.94019859],[4.00553551,50.94015325]]]}},{"type":"Feature","id":"gebouw/Gebouw.17147875/0","properties":{"source":"Digitaal Vlaanderen Gebouwenregister","source_id":"gebouw/Gebouw.17147875/0","kind":"building","height_m":7.16,"status":null},"geometry":{"type":"Polygon","coordinates":[[[4.01173819,50.94031501],[4.01175929,50.94030442],[4.01180669,50.94033649],[4.01178345,50.94034783],[4.01173819,50.94031501]]]}},{"type":"Feature","id":"gebouw/Gebouw.18114924/0","properties":{"source":"Digitaal Vlaanderen Gebouwenregister","source_id":"gebouw/Gebouw.18114924/0","kind":"building","height_m":6.44,"status":null},"geometry":{"type":"Polygon","coordinates":[[[4.01466966,50.9385006],[4.01479812,50.93849067],[4.01487615,50.93851566],[4.01488176,50.93854153],[4.01481068,50.93854719],[4.0148828,50.93891837],[4.01495232,50.93891247],[4.01496431,50.93897048],[4.01489388,50.93897375],[4.01490937,50.93905197],[4.01485115,50.93907184],[4.01477389,50.93903814],[4.01466966,50.9385006]]]}},{"type":"Feature","id":"gebouw/Gebouw.18152991/0","properties":{"source":"Digitaal Vlaanderen Gebouwenregister","source_id":"gebouw/Gebouw.18152991/0","kind":"building","height_m":7.16,"status":null},"geometry":{"type":"Polygon","coordinates":[[[4.01293472,50.93834928],[4.01327576,50.93844242],[4.01310292,50.93869508],[4.01275818,50.93860094],[4.01279258,50.93855065],[4.01241221,50.93844677],[4.01290718,50.93772321],[4.01298704,50.93774502],[4.01298846,50.93774295],[4.01329266,50.93782603],[4.01293472,50.93834928]]]}},{"type":"Feature","id":"gebouw/Gebouw.18342199/0","properties":{"source":"Digitaal Vlaanderen Gebouwenregister","source_id":"gebouw/Gebouw.18342199/0","kind":"building","height_m":5.72,"status":null},"geometry":{"type":"Polygon","coordinates":[[[4.00968044,50.941339],[4.00957008,50.94124],[4.00964348,50.94120734],[4.00970469,50.94126322],[4.00973496,50.94125035],[4.00972629,50.94124221],[4.00973311,50.94123931],[4.00978922,50.94129059],[4.00968044,50.941339]]]}},{"type":"Feature","id":"gebouw/Gebouw.18729101/0","properties":{"source":"Digitaal Vlaanderen Gebouwenregister","source_id":"gebouw/Gebouw.18729101/0","kind":"building","height_m":9.32,"status":null},"geometry":{"type":"Polygon","coordinates":[[[4.01477296,50.93939247],[4.01481819,50.93938407],[4.01483391,50.93941787],[4.01478867,50.93942627],[4.01477296,50.93939247]]]}},{"type":"Feature","id":"gebouw/Gebouw.18729229/0","properties":{"source":"Digitaal Vlaanderen Gebouwenregister","source_id":"gebouw/Gebouw.18729229/0","kind":"building","height_m":5.72,"status":null},"geometry":{"type":"Polygon","coordinates":[[[4.0152633,50.93883137],[4.0152168,50.93881629],[4.0152877,50.93873818],[4.01525063,50.93872328],[4.0153272,50.93864033],[4.01544175,50.93868858],[4.01528928,50.93884161],[4.0153383,50.93885972],[4.01529944,50.9389001],[4.01522474,50.93887066],[4.0152633,50.93883137]]]}},{"type":"Feature","id":"gebouw/Gebouw.18729232/0","properties":{"source":"Digitaal Vlaanderen Gebouwenregister","source_id":"gebouw/Gebouw.18729232/0","kind":"building","height_m":7.88,"status":null},"geometry":{"type":"Polygon","coordinates":[[[4.01561897,50.94192035],[4.0155577,50.94186019],[4.01567327,50.9418146],[4.01573341,50.94187431],[4.01561897,50.94192035]]]}},{"type":"Feature","id":"gebouw/Gebouw.18729884/0","properties":{"source":"Digitaal Vlaanderen Gebouwenregister","source_id":"gebouw/Gebouw.18729884/0","kind":"building","height_m":8.6,"status":null},"geometry":{"type":"Polygon","coordinates":[[[4.01366628,50.93869328],[4.01361629,50.93875378],[4.01358236,50.93874364],[4.01362915,50.93868231],[4.01366628,50.93869328]]]}},{"type":"Feature","id":"gebouw/Gebouw.18729885/0","properties":{"source":"Digitaal Vlaanderen Gebouwenregister","source_id":"gebouw/Gebouw.18729885/0","kind":"building","height_m":9.32,"status":null},"geometry":{"type":"Polygon","coordinates":[[[4.01003274,50.93950414],[4.01006911,50.93948543],[4.01010695,50.93951687],[4.01006973,50.93953477],[4.01003274,50.93950414]]]}},{"type":"Feature","id":"gebouw/Gebouw.18729886/0","properties":{"source":"Digitaal Vlaanderen Gebouwenregister","source_id":"gebouw/Gebouw.18729886/0","kind":"building","height_m":5.0,"status":null},"geometry":{"type":"Polygon","coordinates":[[[4.01281324,50.94134872],[4.0127818,50.94130742],[4.0128315,50.94129232],[4.01286294,50.94133361],[4.01281324,50.94134872]]]}},{"type":"Feature","id":"gebouw/Gebouw.18729887/0","properties":{"source":"Digitaal Vlaanderen Gebouwenregister","source_id":"gebouw/Gebouw.18729887/0","kind":"building","height_m":5.72,"status":null},"geometry":{"type":"Polygon","coordinates":[[[4.01100247,50.94070504],[4.01102744,50.94072763],[4.01098205,50.94074655],[4.01095863,50.94072443],[4.01100247,50.94070504]]]}},{"type":"Feature","id":"gebouw/Gebouw.18729888/0","properties":{"source":"Digitaal Vlaanderen Gebouwenregister","source_id":"gebouw/Gebouw.18729888/0","kind":"building","height_m":6.44,"status":null},"geometry":{"type":"Polygon","coordinates":[[[4.01205655,50.94067942],[4.01202859,50.9406597],[4.01206735,50.94063978],[4.01209552,50.94065977],[4.01205655,50.94067942]]]}},{"type":"Feature","id":"gebouw/Gebouw.18729889/0","properties":{"source":"Digitaal Vlaanderen Gebouwenregister","source_id":"gebouw/Gebouw.18729889/0","kind":"building","height_m":7.16,"status":null},"geometry":{"type":"Polygon","coordinates":[[[4.01303475,50.94036467],[4.01298814,50.94037004],[4.01297394,50.94032076],[4.01302055,50.94031539],[4.01303475,50.94036467]]]}},{"type":"Feature","id":"gebouw/Gebouw.18729890/0","properties":{"source":"Digitaal Vlaanderen Gebouwenregister","source_id":"gebouw/Gebouw.18729890/0","kind":"building","height_m":7.88,"status":null},"geometry":{"type":"Polygon","coordinates":[[[4.01371867,50.94108706],[4.01366566,50.94110321],[4.01374468,50.94120675],[4.01379769,50.9411906],[4.01371867,50.94108706]]]}},{"type":"Feature","id":"gebouw/Gebouw.18729891/0","properties":{"source":"Digitaal Vlaanderen Gebouwenregister","source_id":"gebouw/Gebouw.18729891/0","kind":"building","height_m":8.6,"status":null},"geometry":{"type":"Polygon","coordinates":[[[4.00877256,50.94154228],[4.00875062,50.94155362],[4.00871859,50.94157019],[4.00868982,50.94154799],[4.00874379,50.94152008],[4.00877256,50.94154228]]]}},{"type":"Feature","id":"gebouw/Gebouw.18729892/0","properties":{"source":"Digitaal Vlaanderen Gebouwenregister","source_id":"gebouw/Gebouw.18729892/0","kind":"building","height_m":9.32,"status":null},"geometry":{"type":"Polygon","coordinates":[[[4.00741243,50.94180727],[4.00736424,50.94183236],[4.00734253,50.94181629],[4.00739397,50.94179157],[4.00741243,50.94180727]]]}},{"type":"Feature","id":"gebouw/Gebouw.18942612/0","properties":{"source":"Digitaal Vlaanderen Gebouwenregister","source_id":"gebouw/Gebouw.18942612/0","kind":"building","height_m":7.16,"status":null},"geometry":{"type":"Polygon","coordinates":[[[4.01373225,50.94099227],[4.01368153,50.9409984],[4.01371152,50.94105454],[4.01375483,50.94104746],[4.01373225,50.94099227]]]}},{"type":"Feature","id":"gebouw/Gebouw.18951755/0","properties":{"source":"Digitaal Vlaanderen Gebouwenregister","source_id":"gebouw/Gebouw.18951755/0","kind":"building","height_m":7.88,"status":null},"geometry":{"type":"Polygon","coordinates":[[[4.01482729,50.93926517],[4.01489289,50.93929446],[4.01487281,50.93931639],[4.01480339,50.93928949],[4.01482729,50.93926517]]]}},{"type":"Feature","id":"gebouw/Gebouw.18958863/0","properties":{"source":"Digitaal Vlaanderen Gebouwenregister","source_id":"gebouw/Gebouw.18958863/0","kind":"building","height_m":5.0,"status":null},"geometry":{"type":"Polygon","coordinates":[[[4.00833642,50.94060238],[4.00818658,50.94067812],[4.00814835,50.94064916],[4.00818496,50.94063067],[4.00815081,50.94060406],[4.00815981,50.94059948],[4.00812001,50.94056861],[4.00812812,50.94056442],[4.00812706,50.9405546],[4.00814696,50.94054442],[4.00816203,50.9405477],[4.00817044,50.9405434],[4.00818111,50.94055152],[4.00820154,50.94054151],[4.00820234,50.9405422],[4.00824411,50.94052164],[4.00825054,50.94052691],[4.0082665,50.94052613],[4.00832185,50.94057122],[4.00832153,50.94057715],[4.0083184,50.94057871],[4.00834349,50.9405988],[4.00833642,50.94060238]]]}},{"type":"Feature","id":"gebouw/Gebouw.18964662/0","properties":{"source":"Digitaal Vlaanderen Gebouwenregister","source_id":"gebouw/Gebouw.18964662/0","kind":"building","height_m":7.16,"status":null},"geometry":{"type":"Polygon","coordinates":[[[4.01345503,50.94047912],[4.01341127,50.94040504],[4.01348092,50.94038861],[4.01353845,50.940486],[4.01348053,50.94049966],[4.0135171,50.94056205],[4.01351498,50.94056255],[4.01353051,50.94059029],[4.01351794,50.9405932],[4.01352081,50.94059866],[4.01341085,50.94062466],[4.01340744,50.9406188],[4.01339472,50.94062174],[4.01338318,50.94060128],[4.01338052,50.94060193],[4.01333247,50.94052307],[4.01333725,50.94052191],[4.01332214,50.9404971],[4.01338391,50.94048208],[4.01339126,50.94049415],[4.01345503,50.94047912]]]}},{"type":"Feature","id":"gebouw/Gebouw.18965363/0","properties":{"source":"Digitaal Vlaanderen Gebouwenregister","source_id":"gebouw/Gebouw.18965363/0","kind":"building","height_m":7.88,"status":null},"geometry":{"type":"Polygon","coordinates":[[[4.01131153,50.94124869],[4.01125516,50.9412479],[4.01125484,50.94125697],[4.01124641,50.94125689],[4.0111801,50.94125625],[4.0111777,50.94115838],[4.01124398,50.94115773],[4.01128807,50.9411573],[4.01130091,50.94115718],[4.01130128,50.94117184],[4.01130284,50.94117184],[4.0113031,50.94118647],[4.01130165,50.9411865],[4.01130183,50.94119481],[4.0113134,50.94119497],[4.01131153,50.94124869]]]}},{"type":"Feature","id":"gebouw/Gebouw.18965386/0","properties":{"source":"Digitaal Vlaanderen Gebouwenregister","source_id":"gebouw/Gebouw.18965386/0","kind":"building","height_m":9.32,"status":null},"geometry":{"type":"Polygon","coordinates":[[[4.0074008,50.94146844],[4.00739702,50.94147042],[4.00731251,50.94140615],[4.00738727,50.94136691],[4.00747258,50.94143075],[4.0074008,50.94146844]]]}},{"type":"Feature","id":"gebouw/Gebouw.18984686/0","properties":{"source":"Digitaal Vlaanderen Gebouwenregister","source_id":"gebouw/Gebouw.18984686/0","kind":"building","height_m":5.0,"status":null},"geometry":{"type":"Polygon","coordinates":[[[4.01003617,50.9404298],[4.01005046,50.94042809],[4.010082,50.94053328],[4.01007012,50.94053471],[4.01006479,50.94053534],[4.01000138,50.94054293],[4.00999607,50.94052521],[4.00996279,50.9405292],[4.00992969,50.94041494],[4.01002883,50.94040341],[4.01003617,50.9404298]]]}},{"type":"Feature","id":"gebouw/Gebouw.18984884/0","properties":{"source":"Digitaal Vlaanderen Gebouwenregister","source_id":"gebouw/Gebouw.18984884/0","kind":"building","height_m":6.44,"status":null},"geometry":{"type":"Polygon","coordinates":[[[4.01534509,50.94005191],[4.01530837,50.94006473],[4.01524764,50.93999564],[4.01524073,50.93998778],[4.01523209,50.93997796],[4.01523077,50.93997645],[4.01522371,50.93996843],[4.01528956,50.93994576],[4.01530497,50.93996551],[4.01539918,50.93993212],[4.01541992,50.9399547],[4.01542615,50.93995249],[4.01545551,50.93998547],[4.01543841,50.93999154],[4.01546576,50.94002227],[4.01539272,50.94004822],[4.01538409,50.9400383],[4.01537548,50.9400413],[4.01534509,50.94005191]]]}},{"type":"Feature","id":"gebouw/Gebouw.18984903/0","properties":{"source":"Digitaal Vlaanderen Gebouwenregister","source_id":"gebouw/Gebouw.18984903/0","kind":"building","height_m":5.0,"status":null},"geometry":{"type":"Polygon","coordinates":[[[4.00600065,50.94106122],[4.00591673,50.94108136],[4.00591744,50.94108255],[4.00596168,50.94115613],[4.00592833,50.94116414],[4.00588415,50.94109063],[4.00582294,50.94098387],[4.00593762,50.94095636],[4.00600065,50.94106122]]]}},{"type":"Feature","id":"gebouw/Gebouw.19014531/0","properties":{"source":"Digitaal Vlaanderen Gebouwenregister","source_id":"gebouw/Gebouw.19014531/0","kind":"building","height_m":7.88,"status":null},"geometry":{"type":"Polygon","coordinates":[[[4.0128389,50.94042618],[4.01283641,50.94043144],[4.01278546,50.94044423],[4.01276759,50.94038599],[4.01282456,50.94037939],[4.0128389,50.94042618]]]}},{"type":"Feature","id":"gebouw/Gebouw.19014610/0","properties":{"source":"Digitaal Vlaanderen Gebouwenregister","source_id":"gebouw/Gebouw.19014610/0","kind":"building","height_m":9.32,"status":null},"geometry":{"type":"Polygon","coordinates":[[[4.0073576,50.94109342],[4.00729813,50.94103861],[4.00723171,50.9410644],[4.00725268,50.94108277],[4.00725808,50.94108031],[4.00728045,50.94109991],[4.00728609,50.94109734],[4.00730762,50.9411162],[4.0073576,50.94109342]]]}},{"type":"Feature","id":"gebouw/Gebouw.19019779/0","properties":{"source":"Digitaal Vlaanderen Gebouwenregister","source_id":"gebouw/Gebouw.19019779/0","kind":"building","height_m":6.44,"status":null},"geometry":{"type":"Polygon","coordinates":[[[4.00848621,50.94155216],[4.00844106,50.94157219],[4.0084298,50.94156295],[4.00848027,50.9415385],[4.00852453,50.94151347],[4.00853912,50.94152368],[4.00848621,50.94155216]]]}},{"type":"Feature","id":"gebouw/Gebouw.19833802/0","properties":{"source":"Digitaal Vlaanderen Gebouwenregister","source_id":"gebouw/Gebouw.19833802/0","kind":"building","height_m":6.44,"status":null},"geometry":{"type":"Polygon","coordinates":[[[4.01179795,50.94035825],[4.0116536,50.94043226],[4.01164913,50.94042889],[4.0116488,50.94042864],[4.01161593,50.9404038],[4.0114735,50.94029619],[4.01144164,50.94027211],[4.01143984,50.94026602],[4.01139731,50.94012254],[4.01148811,50.94011224],[4.01148865,50.94011217],[4.0114887,50.94011233],[4.01151462,50.94019983],[4.01149438,50.94020215],[4.01150876,50.94026345],[4.01159068,50.94032832],[4.01161548,50.94034796],[4.01171413,50.94029753],[4.01171983,50.9403017],[4.01173819,50.94031501],[4.01178345,50.94034783],[4.01179795,50.94035825]]]}},{"type":"Feature","id":"gebouw/Gebouw.19833803/0","properties":{"source":"Digitaal Vlaanderen Gebouwenregister","source_id":"gebouw/Gebouw.19833803/0","kind":"building","height_m":7.16,"status":null},"geometry":{"type":"Polygon","coordinates":[[[4.01160325,50.94018967],[4.01151462,50.94019983],[4.0114887,50.94011233],[4.01148865,50.94011217],[4.0115774,50.9401021],[4.01160325,50.94018967]]]}},{"type":"Feature","id":"gebouw/Gebouw.19833804/0","properties":{"source":"Digitaal Vlaanderen Gebouwenregister","source_id":"gebouw/Gebouw.19833804/0","kind":"building","height_m":7.88,"status":null},"geometry":{"type":"Polygon","coordinates":[[[4.01137368,50.94023767],[4.01133549,50.94012954],[4.01127186,50.9401373],[4.01127166,50.94013732],[4.01127203,50.94013849],[4.01128541,50.94018152],[4.01130059,50.94021753],[4.01131934,50.94024888],[4.01137368,50.94023767]]]}},{"type":"Feature","id":"gebouw/Gebouw.19833805/0","properties":{"source":"Digitaal Vlaanderen Gebouwenregister","source_id":"gebouw/Gebouw.19833805/0","kind":"building","height_m":8.6,"status":null},"geometry":{"type":"Polygon","coordinates":[[[4.01135894,50.94029086],[4.01131824,50.94031065],[4.01128524,50.94028324],[4.01123563,50.94022545],[4.01130059,50.94021753],[4.01131934,50.94024888],[4.01134303,50.9402785],[4.01135894,50.94029086]]]}},{"type":"Feature","id":"gebouw/Gebouw.19833806/0","properties":{"source":"Digitaal Vlaanderen Gebouwenregister","source_id":"gebouw/Gebouw.19833806/0","kind":"building","height_m":9.32,"status":null},"geometry":{"type":"Polygon","coordinates":[[[4.01130059,50.94021753],[4.01123563,50.94022545],[4.01120931,50.94014492],[4.01127166,50.94013732],[4.01128541,50.94018152],[4.01130059,50.94021753]]]}},{"type":"Feature","id":"gebouw/Gebouw.19833807/0","properties":{"source":"Digitaal Vlaanderen Gebouwenregister","source_id":"gebouw/Gebouw.19833807/0","kind":"building","height_m":5.0,"status":null},"geometry":{"type":"Polygon","coordinates":[[[4.01128524,50.94028324],[4.01124515,50.94029695],[4.01116687,50.94022838],[4.01114452,50.94015255],[4.01120931,50.94014492],[4.01123563,50.94022545],[4.01128524,50.94028324]]]}},{"type":"Feature","id":"gebouw/Gebouw.19833808/0","properties":{"source":"Digitaal Vlaanderen Gebouwenregister","source_id":"gebouw/Gebouw.19833808/0","kind":"building","height_m":5.72,"status":null},"geometry":{"type":"Polygon","coordinates":[[[4.01131824,50.94031065],[4.01132307,50.94031551],[4.01128242,50.94032794],[4.01126382,50.9403133],[4.01124515,50.94029695],[4.01128524,50.94028324],[4.01131824,50.94031065]]]}},{"type":"Feature","id":"gebouw/Gebouw.19833809/0","properties":{"source":"Digitaal Vlaanderen Gebouwenregister","source_id":"gebouw/Gebouw.19833809/0","kind":"building","height_m":6.44,"status":null},"geometry":{"type":"Polygon","coordinates":[[[4.01097415,50.94059044],[4.01102909,50.94056207],[4.01110258,50.9405241],[4.01113451,50.94050761],[4.01117563,50.94048637],[4.01127801,50.9405685],[4.01150659,50.94045474],[4.01130465,50.94029658],[4.01114994,50.94037633],[4.01102062,50.94030265],[4.01100179,50.9402964],[4.01097911,50.94029256],[4.01095739,50.94029084],[4.01092654,50.94029225],[4.01077283,50.94031035],[4.01075014,50.9403153],[4.01073227,50.94032491],[4.01072193,50.94033588],[4.01071736,50.94035152],[4.01072247,50.94036547],[4.01078263,50.940478],[4.01094992,50.94060296],[4.01097415,50.94059044]]]}},{"type":"Feature","id":"gebouw/Gebouw.19833810/0","properties":{"source":"Digitaal Vlaanderen Gebouwenregister","source_id":"gebouw/Gebouw.19833810/0","kind":"building","height_m":7.16,"status":null},"geometry":{"type":"Polygon","coordinates":[[[4.01142984,50.94054046],[4.01142158,50.94053442],[4.01131594,50.94058904],[4.01126919,50.94061322],[4.01113789,50.94050586],[4.01117563,50.94048637],[4.01108528,50.94041211],[4.01114994,50.94037633],[4.01122724,50.94033355],[4.01126382,50.9403133],[4.01128242,50.94032794],[4.01147311,50.94047792],[4.01150441,50.94050254],[4.01145785,50.94052622],[4.011435,50.94053784],[4.01142984,50.94054046]]]}},{"type":"Feature","id":"gebouw/Gebouw.19844936/0","properties":{"source":"Digitaal Vlaanderen Gebouwenregister","source_id":"gebouw/Gebouw.19844936/0","kind":"building","height_m":9.32,"status":null},"geometry":{"type":"Polygon","coordinates":[[[4.01523259,50.93952127],[4.0151678,50.93952847],[4.01514159,50.93945292],[4.01513184,50.93942483],[4.015128,50.93942206],[4.01511252,50.93941089],[4.0150921,50.93941406],[4.01507923,50.93941607],[4.01506935,50.93939253],[4.01510121,50.93938508],[4.01514084,50.9394047],[4.01516575,50.93940198],[4.01518331,50.93941539],[4.01518354,50.9394155],[4.0151997,50.93942277],[4.01523259,50.93952127]]]}},{"type":"Feature","id":"gebouw/Gebouw.19844937/0","properties":{"source":"Digitaal Vlaanderen Gebouwenregister","source_id":"gebouw/Gebouw.19844937/0","kind":"building","height_m":5.0,"status":null},"geometry":{"type":"Polygon","coordinates":[[[4.01516575,50.93940198],[4.01514084,50.9394047],[4.01510121,50.93938508],[4.01504686,50.93935817],[4.01506877,50.93934062],[4.01514794,50.9393791],[4.01516575,50.93940198]]]}},{"type":"Feature","id":"gebouw/Gebouw.19846708/0","properties":{"source":"Digitaal Vlaanderen Gebouwenregister","source_id":"gebouw/Gebouw.19846708/0","kind":"building","height_m":5.0,"status":null},"geometry":{"type":"Polygon","coordinates":[[[4.00770901,50.94122269],[4.0076771,50.94114286],[4.00763245,50.94110638],[4.00755703,50.94104477],[4.00767197,50.94099423],[4.00774379,50.94096266],[4.00771099,50.94093398],[4.00770447,50.94092827],[4.00767494,50.94090244],[4.00767123,50.9408992],[4.00763989,50.94087178],[4.00763077,50.94086381],[4.00760481,50.9408411],[4.0075992,50.94083619],[4.00757573,50.94081566],[4.00756858,50.94080941],[4.00752914,50.94077491],[4.00747894,50.94073099],[4.0074411,50.9406979],[4.00743025,50.94070215],[4.00733291,50.94074025],[4.00724365,50.94078068],[4.00723784,50.94078332],[4.00715549,50.94082061],[4.00711396,50.94083942],[4.00709252,50.94084913],[4.00729813,50.94103861],[4.0073576,50.94109342],[4.00739027,50.94112353],[4.0075286,50.94125101],[4.00754187,50.94124892],[4.00755034,50.9412476],[4.00770901,50.94122269]]]}},{"type":"Feature","id":"gebouw/Gebouw.19846709/0","properties":{"source":"Digitaal Vlaanderen Gebouwenregister","source_id":"gebouw/Gebouw.19846709/0","kind":"building","height_m":5.72,"status":null},"geometry":{"type":"Polygon","coordinates":[[[4.00774675,50.94096526],[4.00778154,50.94099568],[4.00781441,50.94102444],[4.00774311,50.94105717],[4.00771009,50.94107232],[4.00763245,50.94110638],[4.00755703,50.94104477],[4.00767197,50.94099423],[4.00774379,50.94096266],[4.00774675,50.94096526]]]}},{"type":"Feature","id":"gebouw/Gebouw.19846710/0","properties":{"source":"Digitaal Vlaanderen Gebouwenregister","source_id":"gebouw/Gebouw.19846710/0","kind":"building","height_m":6.44,"status":null},"geometry":{"type":"Polygon","coordinates":[[[4.00733291,50.94074025],[4.00724365,50.94078068],[4.00723784,50.94078332],[4.00717126,50.94071246],[4.00717278,50.94071228],[4.00714803,50.940619],[4.0071601,50.94061759],[4.00725227,50.94060679],[4.00725763,50.94062506],[4.00727533,50.94068534],[4.00727932,50.94069897],[4.00728849,50.94069789],[4.00733291,50.94074025]]]}},{"type":"Feature","id":"gebouw/Gebouw.19846711/0","properties":{"source":"Digitaal Vlaanderen Gebouwenregister","source_id":"gebouw/Gebouw.19846711/0","kind":"building","height_m":7.16,"status":null},"geometry":{"type":"Polygon","coordinates":[[[4.00723784,50.94078332],[4.00717126,50.94071246],[4.00717278,50.94071228],[4.00714803,50.940619],[4.00704178,50.94063145],[4.00707245,50.94074465],[4.00707593,50.94074784],[4.00715549,50.94082061],[4.00723784,50.94078332]]]}},{"type":"Feature","id":"gebouw/Gebouw.19850279/0","properties":{"source":"Digitaal Vlaanderen Gebouwenregister","source_id":"gebouw/Gebouw.19850279/0","kind":"building","height_m":5.72,"status":null},"geometry":{"type":"Polygon","coordinates":[[[4.0076121,50.94004334],[4.00756767,50.94006513],[4.00743143,50.93995149],[4.00743855,50.93994802],[4.00735273,50.93987526],[4.00734685,50.93987796],[4.00731344,50.93984961],[4.00729875,50.93983715],[4.00729529,50.93983421],[4.00730545,50.93982914],[4.00733961,50.93981209],[4.00747983,50.93993109],[4.00751847,50.93996388],[4.0076121,50.94004334]]]}},{"type":"Feature","id":"gebouw/Gebouw.19850280/0","properties":{"source":"Digitaal Vlaanderen Gebouwenregister","source_id":"gebouw/Gebouw.19850280/0","kind":"building","height_m":6.44,"status":null},"geometry":{"type":"Polygon","coordinates":[[[4.00733961,50.93981209],[4.00730545,50.93982914],[4.007212,50.93974895],[4.00724577,50.93973245],[4.00733961,50.93981209]]]}},{"type":"Feature","id":"gebouw/Gebouw.19854972/0","properties":{"source":"Digitaal Vlaanderen Gebouwenregister","source_id":"gebouw/Gebouw.19854972/0","kind":"building","height_m":7.88,"status":null},"geometry":{"type":"Polygon","coordinates":[[[4.01222867,50.94066778],[4.01219387,50.94068667],[4.01230963,50.94077179],[4.01222358,50.9408185],[4.01210581,50.94073191],[4.01215675,50.94070426],[4.01215779,50.94069767],[4.01218717,50.94068331],[4.0121268,50.94063892],[4.01211237,50.94064675],[4.01208251,50.9406248],[4.01213169,50.94059809],[4.01214843,50.94061012],[4.01217106,50.94062638],[4.01222867,50.94066778]]]}},{"type":"Feature","id":"gebouw/Gebouw.19854973/0","properties":{"source":"Digitaal Vlaanderen Gebouwenregister","source_id":"gebouw/Gebouw.19854973/0","kind":"building","height_m":8.6,"status":null},"geometry":{"type":"Polygon","coordinates":[[[4.01214843,50.94061012],[4.01217369,50.94059527],[4.01219767,50.94061008],[4.01217106,50.94062638],[4.01214843,50.94061012]]]}},{"type":"Feature","id":"gebouw/Gebouw.19855102/0","properties":{"source":"Digitaal Vlaanderen Gebouwenregister","source_id":"gebouw/Gebouw.19855102/0","kind":"building","height_m":5.72,"status":null},"geometry":{"type":"Polygon","coordinates":[[[4.00916585,50.94201628],[4.00908992,50.9420554],[4.00902896,50.94201048],[4.00901928,50.94201573],[4.0089994,50.9420011],[4.00902808,50.94198556],[4.00893809,50.94191926],[4.00901556,50.94187728],[4.00912574,50.94195846],[4.00910692,50.94196921],[4.00910222,50.94197189],[4.00916585,50.94201628]]]}},{"type":"Feature","id":"gebouw/Gebouw.19855103/0","properties":{"source":"Digitaal Vlaanderen Gebouwenregister","source_id":"gebouw/Gebouw.19855103/0","kind":"building","height_m":6.44,"status":null},"geometry":{"type":"Polygon","coordinates":[[[4.00901928,50.94201573],[4.00900518,50.94202337],[4.00897172,50.94199872],[4.00893776,50.94201712],[4.00891849,50.94200293],[4.00890168,50.94201239],[4.00887697,50.94199488],[4.00889432,50.94198511],[4.00887769,50.94197287],[4.00892575,50.94194683],[4.0089855,50.94199085],[4.0089994,50.9420011],[4.00901928,50.94201573]]]}},{"type":"Feature","id":"gebouw/Gebouw.19856360/0","properties":{"source":"Digitaal Vlaanderen Gebouwenregister","source_id":"gebouw/Gebouw.19856360/0","kind":"building","height_m":9.32,"status":null},"geometry":{"type":"Polygon","coordinates":[[[4.01587816,50.93922972],[4.01584452,50.93925851],[4.01578195,50.93922859],[4.01578571,50.93922562],[4.01566045,50.93916981],[4.01569125,50.9391437],[4.01581638,50.93920127],[4.01585189,50.93921762],[4.01587196,50.93922686],[4.01587484,50.93922819],[4.01587816,50.93922972]]]}},{"type":"Feature","id":"gebouw/Gebouw.19856361/0","properties":{"source":"Digitaal Vlaanderen Gebouwenregister","source_id":"gebouw/Gebouw.19856361/0","kind":"building","height_m":5.0,"status":null},"geometry":{"type":"Polygon","coordinates":[[[4.0158854,50.93918895],[4.01585189,50.93921762],[4.01581638,50.93920127],[4.01569125,50.9391437],[4.01572554,50.93911436],[4.0158854,50.93918895]]]}},{"type":"Feature","id":"gebouw/Gebouw.19856752/0","properties":{"source":"Digitaal Vlaanderen Gebouwenregister","source_id":"gebouw/Gebouw.19856752/0","kind":"building","height_m":9.32,"status":null},"geometry":{"type":"Polygon","coordinates":[[[4.01530234,50.94210413],[4.01513124,50.94217503],[4.01509322,50.9421905],[4.01503444,50.94213282],[4.01507082,50.94211802],[4.01506452,50.94211184],[4.01516952,50.94206912],[4.01516183,50.94206157],[4.01513905,50.94207084],[4.01505285,50.94198626],[4.01497375,50.94201844],[4.01496076,50.94200569],[4.01485842,50.94204764],[4.01475324,50.94195629],[4.01496658,50.9418679],[4.01478777,50.94169491],[4.01485514,50.94166635],[4.01491491,50.94172181],[4.014932,50.94173769],[4.01500556,50.94180605],[4.01501253,50.94181254],[4.0150336,50.94183211],[4.01502098,50.94183751],[4.0150821,50.94189542],[4.01508385,50.94189708],[4.01530234,50.94210413]]]}},{"type":"Feature","id":"gebouw/Gebouw.19856753/0","properties":{"source":"Digitaal Vlaanderen Gebouwenregister","source_id":"gebouw/Gebouw.19856753/0","kind":"building","height_m":5.0,"status":null},"geometry":{"type":"Polygon","coordinates":[[[4.01512943,50.94176459],[4.01550335,50.94212929],[4.01541413,50.94216632],[4.01543802,50.94218977],[4.01540631,50.94220266],[4.01532845,50.94212888],[4.01536482,50.94211378],[4.01504142,50.94180069],[4.01506804,50.94178977],[4.01512416,50.94176675],[4.01512943,50.94176459]]]}},{"type":"Feature","id":"gebouw/Gebouw.19856754/0","properties":{"source":"Digitaal Vlaanderen Gebouwenregister","source_id":"gebouw/Gebouw.19856754/0","kind":"building","height_m":5.72,"status":null},"geometry":{"type":"Polygon","coordinates":[[[4.01506804,50.94178977],[4.01506144,50.94178285],[4.01500556,50.94180605],[4.014932,50.94173769],[4.01505452,50.9416878],[4.01506385,50.94169695],[4.01521411,50.94163582],[4.01520473,50.94162662],[4.01527054,50.94159985],[4.01528022,50.94160935],[4.0153983,50.94156131],[4.01546509,50.94162685],[4.01536464,50.94166805],[4.01536206,50.94166911],[4.01512943,50.94176459],[4.01512416,50.94176675],[4.01506804,50.94178977]]]}},{"type":"Feature","id":"gebouw/Gebouw.19856756/0","properties":{"source":"Digitaal Vlaanderen Gebouwenregister","source_id":"gebouw/Gebouw.19856756/0","kind":"building","height_m":7.16,"status":null},"geometry":{"type":"Polygon","coordinates":[[[4.01546509,50.94162685],[4.01564168,50.94180012],[4.01554039,50.94184224],[4.01536206,50.94166911],[4.01536464,50.94166805],[4.01546509,50.94162685]]]}},{"type":"Feature","id":"gebouw/Gebouw.19856895/0","properties":{"source":"Digitaal Vlaanderen Gebouwenregister","source_id":"gebouw/Gebouw.19856895/0","kind":"building","height_m":6.44,"status":null},"geometry":{"type":"Polygon","coordinates":[[[4.00757753,50.94067826],[4.00754384,50.94057309],[4.00747081,50.94058132],[4.00747104,50.94058221],[4.00746916,50.94058241],[4.0074736,50.94059775],[4.00747456,50.94060105],[4.00747574,50.94060516],[4.00749483,50.94067114],[4.00749632,50.94067628],[4.0074995,50.94068727],[4.00757753,50.94067826]]]}},{"type":"Feature","id":"gebouw/Gebouw.19856896/0","properties":{"source":"Digitaal Vlaanderen Gebouwenregister","source_id":"gebouw/Gebouw.19856896/0","kind":"building","height_m":7.16,"status":null},"geometry":{"type":"Polygon","coordinates":[[[4.00749632,50.94067628],[4.00751085,50.94072649],[4.00747894,50.94073099],[4.0074411,50.9406979],[4.00749632,50.94067628]]]}},{"type":"Feature","id":"gebouw/Gebouw.19860614/0","properties":{"source":"Digitaal Vlaanderen Gebouwenregister","source_id":"gebouw/Gebouw.19860614/0","kind":"building","height_m":7.88,"status":null},"geometry":{"type":"Polygon","coordinates":[[[4.01497848,50.93997598],[4.01494335,50.93997814],[4.01493434,50.93995163],[4.01492308,50.93991631],[4.01496674,50.93991145],[4.01493829,50.93980964],[4.01500601,50.93980208],[4.01500883,50.93981279],[4.01503858,50.93980933],[4.01504474,50.93980921],[4.01504814,50.93980982],[4.01505211,50.93981116],[4.01505565,50.93981286],[4.01505882,50.93981543],[4.01506054,50.93981832],[4.01506145,50.93982207],[4.01506801,50.93984492],[4.01508489,50.93984305],[4.01509758,50.93988892],[4.01505491,50.93989362],[4.01505698,50.9399011],[4.0150378,50.93990284],[4.0150334,50.93990415],[4.01502937,50.93990745],[4.01502752,50.93991166],[4.01502774,50.93991859],[4.01503069,50.93993065],[4.01496875,50.9399373],[4.01497848,50.93997598]]]}},{"type":"Feature","id":"gebouw/Gebouw.19860615/0","properties":{"source":"Digitaal Vlaanderen Gebouwenregister","source_id":"gebouw/Gebouw.19860615/0","kind":"building","height_m":8.6,"status":null},"geometry":{"type":"Polygon","coordinates":[[[4.01485093,50.93998592],[4.01483755,50.93998623],[4.01483628,50.9399532],[4.01493434,50.93995163],[4.01494335,50.93997814],[4.01491793,50.9399791],[4.01491842,50.93998451],[4.01485313,50.93998586],[4.01485093,50.93998592]]]}},{"type":"Feature","id":"gebouw/Gebouw.19860878/0","properties":{"source":"Digitaal Vlaanderen Gebouwenregister","source_id":"gebouw/Gebouw.19860878/0","kind":"building","height_m":6.44,"status":null},"geometry":{"type":"Polygon","coordinates":[[[4.007204,50.94155051],[4.00718181,50.94156714],[4.00708421,50.94151521],[4.00703875,50.94152212],[4.0070341,50.94151377],[4.00698919,50.94143309],[4.00707199,50.9414184],[4.00710229,50.94148659],[4.00721164,50.94154478],[4.007204,50.94155051]]]}},{"type":"Feature","id":"gebouw/Gebouw.19860879/0","properties":{"source":"Digitaal Vlaanderen Gebouwenregister","source_id":"gebouw/Gebouw.19860879/0","kind":"building","height_m":7.16,"status":null},"geometry":{"type":"Polygon","coordinates":[[[4.00721742,50.94155818],[4.00724457,50.94157368],[4.00718918,50.94161241],[4.00716911,50.94162644],[4.00719323,50.94164405],[4.00714718,50.94166909],[4.00712437,50.94165084],[4.00708556,50.94161981],[4.0071483,50.94158548],[4.00718181,50.94156714],[4.007204,50.94155051],[4.00721742,50.94155818]]]}},{"type":"Feature","id":"gebouw/Gebouw.19868922/0","properties":{"source":"Digitaal Vlaanderen Gebouwenregister","source_id":"gebouw/Gebouw.19868922/0","kind":"building","height_m":7.16,"status":null},"geometry":{"type":"Polygon","coordinates":[[[4.01015345,50.9418242],[4.01018088,50.94184982],[4.01010985,50.94188013],[4.01008332,50.94185538],[4.01008668,50.94185388],[4.0101477,50.94182676],[4.01015345,50.9418242]]]}},{"type":"Feature","id":"gebouw/Gebouw.19868923/0","properties":{"source":"Digitaal Vlaanderen Gebouwenregister","source_id":"gebouw/Gebouw.19868923/0","kind":"building","height_m":7.88,"status":null},"geometry":{"type":"Polygon","coordinates":[[[4.0101477,50.94182676],[4.01008668,50.94185388],[4.01006632,50.94183476],[4.01012812,50.94180839],[4.0101477,50.94182676]]]}},{"type":"Feature","id":"gebouw/Gebouw.20145443/0","properties":{"source":"Digitaal Vlaanderen Gebouwenregister","source_id":"gebouw/Gebouw.20145443/0","kind":"building","height_m":7.16,"status":null},"geometry":{"type":"Polygon","coordinates":[[[4.01489371,50.93921734],[4.01491865,50.93922851],[4.0149418,50.93923888],[4.01491162,50.93926252],[4.01486583,50.93923919],[4.01489371,50.93921734]]]}},{"type":"Feature","id":"gebouw/Gebouw.20145530/0","properties":{"source":"Digitaal Vlaanderen Gebouwenregister","source_id":"gebouw/Gebouw.20145530/0","kind":"building","height_m":9.32,"status":null},"geometry":{"type":"Polygon","coordinates":[[[4.01289518,50.9404159],[4.0128389,50.94042618],[4.01282456,50.94037939],[4.01282119,50.9403684],[4.01287948,50.94036166],[4.01289518,50.9404159]]]}},{"type":"Feature","id":"gebouw/Gebouw.20145531/0","properties":{"source":"Digitaal Vlaanderen Gebouwenregister","source_id":"gebouw/Gebouw.20145531/0","kind":"building","height_m":5.0,"status":null},"geometry":{"type":"Polygon","coordinates":[[[4.01569165,50.94169425],[4.01565114,50.94171356],[4.01562524,50.94169164],[4.01562157,50.94168854],[4.01566189,50.94166932],[4.01569165,50.94169425]]]}},{"type":"Feature","id":"gebouw/Gebouw.20146489/0","properties":{"source":"Digitaal Vlaanderen Gebouwenregister","source_id":"gebouw/Gebouw.20146489/0","kind":"building","height_m":9.32,"status":null},"geometry":{"type":"Polygon","coordinates":[[[4.01400975,50.9416225],[4.0140481,50.94161059],[4.01406936,50.94163792],[4.01403101,50.94164983],[4.01400975,50.9416225]]]}},{"type":"Feature","id":"gebouw/Gebouw.20146490/0","properties":{"source":"Digitaal Vlaanderen Gebouwenregister","source_id":"gebouw/Gebouw.20146490/0","kind":"building","height_m":5.0,"status":null},"geometry":{"type":"Polygon","coordinates":[[[4.01586775,50.93913616],[4.01590945,50.93909941],[4.01595914,50.93912193],[4.01591744,50.93915867],[4.01586775,50.93913616]]]}},{"type":"Feature","id":"gebouw/Gebouw.20146493/0","properties":{"source":"Digitaal Vlaanderen Gebouwenregister","source_id":"gebouw/Gebouw.20146493/0","kind":"building","height_m":7.16,"status":null},"geometry":{"type":"Polygon","coordinates":[[[4.00877038,50.94180908],[4.00874295,50.94182422],[4.00869837,50.94179197],[4.0087258,50.94177683],[4.00877038,50.94180908]]]}},{"type":"Feature","id":"gebouw/Gebouw.20146494/0","properties":{"source":"Digitaal Vlaanderen Gebouwenregister","source_id":"gebouw/Gebouw.20146494/0","kind":"building","height_m":7.88,"status":null},"geometry":{"type":"Polygon","coordinates":[[[4.00712317,50.94182115],[4.00715017,50.94184212],[4.00709437,50.9418708],[4.00706737,50.94184983],[4.00712317,50.94182115]]]}},{"type":"Feature","id":"gebouw/Gebouw.20146495/0","properties":{"source":"Digitaal Vlaanderen Gebouwenregister","source_id":"gebouw/Gebouw.20146495/0","kind":"building","height_m":8.6,"status":null},"geometry":{"type":"Polygon","coordinates":[[[4.00876611,50.93987557],[4.00873552,50.93989075],[4.00864621,50.93981804],[4.00867612,50.9398032],[4.00876611,50.93987557]]]}},{"type":"Feature","id":"gebouw/Gebouw.20146496/0","properties":{"source":"Digitaal Vlaanderen Gebouwenregister","source_id":"gebouw/Gebouw.20146496/0","kind":"building","height_m":9.32,"status":null},"geometry":{"type":"Polygon","coordinates":[[[4.00839274,50.93921221],[4.00838381,50.9392165],[4.00843739,50.93926099],[4.00841766,50.93927048],[4.00841259,50.93927291],[4.00818709,50.93908908],[4.00819295,50.93908626],[4.00820384,50.93908102],[4.00821293,50.93908857],[4.0082325,50.93907916],[4.00839274,50.93921221]]]}},{"type":"Feature","id":"gebouw/Gebouw.20146957/0","properties":{"source":"Digitaal Vlaanderen Gebouwenregister","source_id":"gebouw/Gebouw.20146957/0","kind":"building","height_m":8.6,"status":null},"geometry":{"type":"Polygon","coordinates":[[[4.01601088,50.94074592],[4.01597579,50.94073264],[4.01600726,50.94069945],[4.01604235,50.94071274],[4.01601088,50.94074592]]]}},{"type":"Feature","id":"gebouw/Gebouw.20484911/0","properties":{"source":"Digitaal Vlaanderen Gebouwenregister","source_id":"gebouw/Gebouw.20484911/0","kind":"building","height_m":9.32,"status":null},"geometry":{"type":"Polygon","coordinates":[[[4.01607497,50.93808029],[4.0159568,50.93818528],[4.01588498,50.938153],[4.01600315,50.93804801],[4.01607497,50.93808029]]]}},{"type":"Feature","id":"gebouw/Gebouw.20484912/0","properties":{"source":"Digitaal Vlaanderen Gebouwenregister","source_id":"gebouw/Gebouw.20484912/0","kind":"building","height_m":5.0,"status":null},"geometry":{"type":"Polygon","coordinates":[[[4.01600315,50.93804801],[4.01588498,50.938153],[4.01581344,50.93812085],[4.01593157,50.93801591],[4.01600315,50.93804801]]]}},{"type":"Feature","id":"gebouw/Gebouw.20485010/0","properties":{"source":"Digitaal Vlaanderen Gebouwenregister","source_id":"gebouw/Gebouw.20485010/0","kind":"building","height_m":5.0,"status":null},"geometry":{"type":"Polygon","coordinates":[[[4.01614662,50.93811249],[4.01602843,50.93821748],[4.0159568,50.93818528],[4.01607497,50.93808029],[4.01614662,50.93811249]]]}},{"type":"Feature","id":"gebouw/Gebouw.20485081/0","properties":{"source":"Digitaal Vlaanderen Gebouwenregister","source_id":"gebouw/Gebouw.20485081/0","kind":"building","height_m":5.72,"status":null},"geometry":{"type":"Polygon","coordinates":[[[4.01593157,50.93801591],[4.01581344,50.93812085],[4.01573833,50.9380871],[4.01585644,50.93798215],[4.01593157,50.93801591]]]}},{"type":"Feature","id":"gebouw/Gebouw.20983878/0","properties":{"source":"Digitaal Vlaanderen Gebouwenregister","source_id":"gebouw/Gebouw.20983878/0","kind":"building","height_m":9.32,"status":null},"geometry":{"type":"Polygon","coordinates":[[[4.01485093,50.93998592],[4.01483755,50.93998623],[4.01483628,50.9399532],[4.01482687,50.93991929],[4.01482209,50.93991976],[4.01482006,50.9399115],[4.01476152,50.93991725],[4.0147507,50.93987888],[4.01476276,50.9398774],[4.01474948,50.93983136],[4.01485403,50.9398193],[4.01487388,50.93988803],[4.01486491,50.93988907],[4.01487235,50.93991483],[4.01489764,50.93991236],[4.0149074,50.93995205],[4.01493434,50.93995163],[4.01494335,50.93997814],[4.01491793,50.9399791],[4.01491842,50.93998451],[4.01485313,50.93998586],[4.01485093,50.93998592]]]}},{"type":"Feature","id":"gebouw/Gebouw.20983895/0","properties":{"source":"Digitaal Vlaanderen Gebouwenregister","source_id":"gebouw/Gebouw.20983895/0","kind":"building","height_m":6.44,"status":null},"geometry":{"type":"Polygon","coordinates":[[[4.01496706,50.93991563],[4.01495185,50.9398624],[4.01512002,50.93984322],[4.0151357,50.93989639],[4.01496706,50.93991563]]]}},{"type":"Feature","id":"gebouw/Gebouw.30642445/0","properties":{"source":"Digitaal Vlaanderen Gebouwenregister","source_id":"gebouw/Gebouw.30642445/0","kind":"building","height_m":5.72,"status":null},"geometry":{"type":"Polygon","coordinates":[[[4.00886512,50.94086909],[4.00883126,50.94084066],[4.00882943,50.94083913],[4.0087982,50.94085515],[4.00878053,50.94086422],[4.00878095,50.94086457],[4.00881481,50.94089301],[4.00886512,50.94086909]]]}},{"type":"Feature","id":"gebouw/Gebouw.30642451/0","properties":{"source":"Digitaal Vlaanderen Gebouwenregister","source_id":"gebouw/Gebouw.30642451/0","kind":"building","height_m":5.0,"status":null},"geometry":{"type":"Polygon","coordinates":[[[4.01093094,50.93929018],[4.01097326,50.93926699],[4.0110416,50.9393168],[4.01099928,50.93933998],[4.01093094,50.93929018]]]}},{"type":"Feature","id":"gebouw/Gebouw.30642452/0","properties":{"source":"Digitaal Vlaanderen Gebouwenregister","source_id":"gebouw/Gebouw.30642452/0","kind":"building","height_m":5.72,"status":null},"geometry":{"type":"Polygon","coordinates":[[[4.01508412,50.93917792],[4.01510244,50.93916099],[4.0151545,50.93918349],[4.01513618,50.93920042],[4.01508412,50.93917792]]]}},{"type":"Feature","id":"gebouw/Gebouw.30642453/0","properties":{"source":"Digitaal Vlaanderen Gebouwenregister","source_id":"gebouw/Gebouw.30642453/0","kind":"building","height_m":6.44,"status":null},"geometry":{"type":"Polygon","coordinates":[[[4.01518451,50.93911128],[4.01521574,50.93912628],[4.01522182,50.9391292],[4.01519096,50.93915236],[4.01515515,50.93913331],[4.01518451,50.93911128]]]}},{"type":"Feature","id":"gebouw/Gebouw.30642534/0","properties":{"source":"Digitaal Vlaanderen Gebouwenregister","source_id":"gebouw/Gebouw.30642534/0","kind":"building","height_m":9.32,"status":null},"geometry":{"type":"Polygon","coordinates":[[[4.01213828,50.93566983],[4.01246385,50.93569944],[4.01250242,50.93553007],[4.01321989,50.93559531],[4.01308857,50.93617193],[4.01300879,50.93616468],[4.01299036,50.93624561],[4.01202709,50.93615801],[4.01213828,50.93566983]]]}},{"type":"Feature","id":"gebouw/Gebouw.30643801/0","properties":{"source":"Digitaal Vlaanderen Gebouwenregister","source_id":"gebouw/Gebouw.30643801/0","kind":"building","height_m":9.32,"status":null},"geometry":{"type":"Polygon","coordinates":[[[4.00850272,50.9418735],[4.00854004,50.94190317],[4.00847995,50.94193205],[4.00842022,50.94188244],[4.00847865,50.94185436],[4.00850272,50.9418735]]]}},{"type":"Feature","id":"gebouw/Gebouw.30644197/0","properties":{"source":"Digitaal Vlaanderen Gebouwenregister","source_id":"gebouw/Gebouw.30644197/0","kind":"building","height_m":7.16,"status":null},"geometry":{"type":"Polygon","coordinates":[[[4.008758,50.94077931],[4.00871793,50.94079985],[4.00867963,50.94077089],[4.00869392,50.94076357],[4.00872207,50.94074914],[4.008758,50.94077931]]]}},{"type":"Feature","id":"gebouw/Gebouw.30644198/0","properties":{"source":"Digitaal Vlaanderen Gebouwenregister","source_id":"gebouw/Gebouw.30644198/0","kind":"building","height_m":7.88,"status":null},"geometry":{"type":"Polygon","coordinates":[[[4.00867098,50.94082392],[4.00869509,50.9408112],[4.00865707,50.94078245],[4.00863155,50.94079553],[4.00845374,50.94088664],[4.00849093,50.94091556],[4.00849145,50.94091597],[4.00867098,50.94082392]]]}},{"type":"Feature","id":"gebouw/Gebouw.30644265/0","properties":{"source":"Digitaal Vlaanderen Gebouwenregister","source_id":"gebouw/Gebouw.30644265/0","kind":"building","height_m":5.72,"status":null},"geometry":{"type":"Polygon","coordinates":[[[4.01500532,50.9393376],[4.01502962,50.93931605],[4.01510651,50.93934997],[4.01520649,50.93939407],[4.01520707,50.93939433],[4.01523247,50.9394056],[4.01526748,50.93942112],[4.01530051,50.9395132],[4.01523259,50.93952127],[4.0151997,50.93942277],[4.01518354,50.9394155],[4.01518331,50.93941539],[4.01516575,50.93940198],[4.01514084,50.9394047],[4.01510121,50.93938508],[4.01504686,50.93935817],[4.01500532,50.9393376]]]}},{"type":"Feature","id":"gebouw/Gebouw.30644538/0","properties":{"source":"Digitaal Vlaanderen Gebouwenregister","source_id":"gebouw/Gebouw.30644538/0","kind":"building","height_m":5.72,"status":null},"geometry":{"type":"Polygon","coordinates":[[[4.01579121,50.94193432],[4.01568374,50.94197696],[4.01544408,50.94174873],[4.01536206,50.94166911],[4.01536464,50.94166805],[4.01546509,50.94162685],[4.01560298,50.94176215],[4.01561184,50.94175855],[4.01567058,50.94181619],[4.01568026,50.94181225],[4.01573842,50.94186932],[4.01572892,50.94187319],[4.01579121,50.94193432]]]}},{"type":"Feature","id":"gebouw/Gebouw.30644591/0","properties":{"source":"Digitaal Vlaanderen Gebouwenregister","source_id":"gebouw/Gebouw.30644591/0","kind":"building","height_m":8.6,"status":null},"geometry":{"type":"Polygon","coordinates":[[[4.0116488,50.94042864],[4.01161593,50.9404038],[4.01158019,50.94042269],[4.01161201,50.9404478],[4.01162668,50.94044016],[4.0116488,50.94042864]]]}},{"type":"Feature","id":"gebouw/Gebouw.30909692/0","properties":{"source":"Digitaal Vlaanderen Gebouwenregister","source_id":"gebouw/Gebouw.30909692/0","kind":"building","height_m":6.44,"status":null},"geometry":{"type":"Polygon","coordinates":[[[4.00926549,50.94166103],[4.00908818,50.94175343],[4.00904894,50.94172197],[4.00905565,50.94171851],[4.00922663,50.94163033],[4.00926549,50.94166103]]]}},{"type":"Feature","id":"gebouw/Gebouw.31035083/0","properties":{"source":"Digitaal Vlaanderen Gebouwenregister","source_id":"gebouw/Gebouw.31035083/0","kind":"building","height_m":6.44,"status":null},"geometry":{"type":"Polygon","coordinates":[[[4.01180367,50.94170673],[4.01190398,50.94183522],[4.01189826,50.94183696],[4.01189625,50.94183432],[4.01189916,50.94183343],[4.01186349,50.94178794],[4.01181473,50.94180313],[4.01175202,50.94172281],[4.01180367,50.94170673]]]}},{"type":"Feature","id":"gebouw/Gebouw.31149256/0","properties":{"source":"Digitaal Vlaanderen Gebouwenregister","source_id":"gebouw/Gebouw.31149256/0","kind":"building","height_m":8.6,"status":null},"geometry":{"type":"Polygon","coordinates":[[[4.01204364,50.93952328],[4.01203926,50.93950658],[4.01196646,50.93951419],[4.01196411,50.93950523],[4.01189343,50.93951262],[4.01189769,50.93952894],[4.01191397,50.93959104],[4.01205746,50.93957604],[4.01204364,50.93952328]]]}},{"type":"Feature","id":"gebouw/Gebouw.31151253/0","properties":{"source":"Digitaal Vlaanderen Gebouwenregister","source_id":"gebouw/Gebouw.31151253/0","kind":"building","height_m":5.0,"status":null},"geometry":{"type":"Polygon","coordinates":[[[4.01486412,50.93981814],[4.01488397,50.93988687],[4.01486491,50.93988907],[4.01487396,50.93992039],[4.0147723,50.93993021],[4.01476841,50.93991657],[4.01476152,50.93991725],[4.0147507,50.93987888],[4.01476276,50.9398774],[4.01474948,50.93983136],[4.01485403,50.9398193],[4.01486412,50.93981814]]]}},{"type":"Feature","id":"gebouw/Gebouw.31151254/0","properties":{"source":"Digitaal Vlaanderen Gebouwenregister","source_id":"gebouw/Gebouw.31151254/0","kind":"building","height_m":5.72,"status":null},"geometry":{"type":"Polygon","coordinates":[[[4.01485093,50.93998592],[4.0148332,50.93998628],[4.01483135,50.9399507],[4.01493333,50.93994867],[4.01493434,50.93995163],[4.01494335,50.93997814],[4.01491793,50.9399791],[4.01491842,50.93998451],[4.01485313,50.93998586],[4.01485093,50.93998592]]]}},{"type":"Feature","id":"gebouw/Gebouw.31255152/0","properties":{"source":"Digitaal Vlaanderen Gebouwenregister","source_id":"gebouw/Gebouw.31255152/0","kind":"building","height_m":8.6,"status":null},"geometry":{"type":"Polygon","coordinates":[[[4.00994121,50.94127866],[4.00985095,50.94119791],[4.00981823,50.94121241],[4.00977465,50.94123172],[4.00980792,50.9412617],[4.00978005,50.94127404],[4.00977745,50.9412752],[4.00973621,50.94123803],[4.00973311,50.94123931],[4.00978922,50.94129059],[4.00985066,50.94134674],[4.00985653,50.94134414],[4.0099074,50.94132161],[4.00988659,50.94130286],[4.00994121,50.94127866]]]}},{"type":"Feature","id":"gebouw/Gebouw.31272216/0","properties":{"source":"Digitaal Vlaanderen Gebouwenregister","source_id":"gebouw/Gebouw.31272216/0","kind":"building","height_m":7.16,"status":null},"geometry":{"type":"Polygon","coordinates":[[[4.00951638,50.94098259],[4.00950689,50.94096577],[4.00945546,50.94097742],[4.00945756,50.94097943],[4.00939107,50.94101153],[4.00921212,50.94086589],[4.00929383,50.94082581],[4.00928506,50.94081868],[4.00943113,50.94074703],[4.00952334,50.94082207],[4.00946869,50.94084888],[4.00942619,50.94081429],[4.00931926,50.94086673],[4.0094143,50.94094408],[4.00948447,50.94092608],[4.00948224,50.94092213],[4.00958949,50.94089796],[4.00962359,50.94095842],[4.00951638,50.94098259]]]}},{"type":"Feature","id":"gebouw/Gebouw.31504687/0","properties":{"source":"Digitaal Vlaanderen Gebouwenregister","source_id":"gebouw/Gebouw.31504687/0","kind":"building","height_m":7.88,"status":null},"geometry":{"type":"Polygon","coordinates":[[[4.01536206,50.94166911],[4.01544408,50.94174873],[4.01536146,50.94178312],[4.01517935,50.94185893],[4.01518252,50.94186203],[4.01512034,50.94188737],[4.01508249,50.9418503],[4.01509517,50.94184513],[4.01504732,50.94179827],[4.01506804,50.94178977],[4.01512416,50.94176675],[4.01512943,50.94176459],[4.01536206,50.94166911]]]}},{"type":"Feature","id":"gebouw/Gebouw.31528987/0","properties":{"source":"Digitaal Vlaanderen Gebouwenregister","source_id":"gebouw/Gebouw.31528987/0","kind":"building","height_m":5.0,"status":null},"geometry":{"type":"Polygon","coordinates":[[[4.01436168,50.94063893],[4.01432823,50.94062175],[4.0143109,50.94063626],[4.01434322,50.94065281],[4.01436168,50.94063893]]]}},{"type":"Feature","id":"gebouw/Gebouw.31542807/0","properties":{"source":"Digitaal Vlaanderen Gebouwenregister","source_id":"gebouw/Gebouw.31542807/0","kind":"building","height_m":6.44,"status":null},"geometry":{"type":"Polygon","coordinates":[[[4.01491144,50.93837134],[4.01487622,50.9383561],[4.01484647,50.93838353],[4.01488167,50.93839878],[4.01491144,50.93837134]]]}},{"type":"Feature","id":"gebouw/Gebouw.31665077/0","properties":{"source":"Digitaal Vlaanderen Gebouwenregister","source_id":"gebouw/Gebouw.31665077/0","kind":"building","height_m":7.16,"status":null},"geometry":{"type":"Polygon","coordinates":[[[4.00955231,50.94188803],[4.00955091,50.94188692],[4.00950383,50.94184964],[4.00948086,50.94183146],[4.00945573,50.94181156],[4.00931434,50.94169962],[4.00930808,50.94169467],[4.00916237,50.9417681],[4.00914184,50.94177844],[4.00938486,50.94197196],[4.00955231,50.94188803]]]}},{"type":"Feature","id":"gebouw/Gebouw.31678067/0","properties":{"source":"Digitaal Vlaanderen Gebouwenregister","source_id":"gebouw/Gebouw.31678067/0","kind":"building","height_m":5.72,"status":null},"geometry":{"type":"Polygon","coordinates":[[[4.01344204,50.94143211],[4.01334743,50.94131148],[4.01322362,50.94135223],[4.01328363,50.94142706],[4.01330238,50.94142038],[4.01331887,50.94144109],[4.01331145,50.94144346],[4.01331457,50.94144737],[4.01335875,50.94143355],[4.01337434,50.94145337],[4.01344204,50.94143211]]]}},{"type":"Feature","id":"gebouw/Gebouw.31678068/0","properties":{"source":"Digitaal Vlaanderen Gebouwenregister","source_id":"gebouw/Gebouw.31678068/0","kind":"building","height_m":6.44,"status":null},"geometry":{"type":"Polygon","coordinates":[[[4.0131631,50.94139733],[4.01315479,50.94139988],[4.01313684,50.94137654],[4.01306286,50.94139925],[4.01308081,50.94142259],[4.01303937,50.94143531],[4.01311103,50.94152665],[4.01315339,50.94151338],[4.01315142,50.94151059],[4.01317886,50.94150202],[4.013185,50.94150988],[4.01324033,50.94149247],[4.0131631,50.94139733]]]}},{"type":"Feature","id":"gebouw/Gebouw.31805258/0","properties":{"source":"Digitaal Vlaanderen Gebouwenregister","source_id":"gebouw/Gebouw.31805258/0","kind":"building","height_m":6.44,"status":null},"geometry":{"type":"Polygon","coordinates":[[[4.0124447,50.9405071],[4.01250894,50.94049458],[4.01249519,50.94046642],[4.01243095,50.94047894],[4.0124447,50.9405071]]]}},{"type":"Feature","id":"gebouw/Gebouw.31805293/0","properties":{"source":"Digitaal Vlaanderen Gebouwenregister","source_id":"gebouw/Gebouw.31805293/0","kind":"building","height_m":6.44,"status":null},"geometry":{"type":"Polygon","coordinates":[[[4.00853665,50.94165752],[4.00857056,50.94164061],[4.00852983,50.94160801],[4.00852527,50.94160436],[4.0084907,50.9416216],[4.0084925,50.94162304],[4.00848007,50.94162924],[4.0084844,50.9416327],[4.00851475,50.94165697],[4.00852783,50.94165046],[4.00853665,50.94165752]]]}},{"type":"Feature","id":"gebouw/Gebouw.31805350/0","properties":{"source":"Digitaal Vlaanderen Gebouwenregister","source_id":"gebouw/Gebouw.31805350/0","kind":"building","height_m":7.16,"status":null},"geometry":{"type":"Polygon","coordinates":[[[4.01312274,50.94128378],[4.01310295,50.9412585],[4.01304759,50.94127526],[4.01306724,50.94130115],[4.01312274,50.94128378]]]}},{"type":"Feature","id":"gebouw/Gebouw.31805603/0","properties":{"source":"Digitaal Vlaanderen Gebouwenregister","source_id":"gebouw/Gebouw.31805603/0","kind":"building","height_m":7.88,"status":null},"geometry":{"type":"Polygon","coordinates":[[[4.0095964,50.94075075],[4.00959861,50.94077636],[4.00965572,50.94077439],[4.00965351,50.94074878],[4.0095964,50.94075075]]]}},{"type":"Feature","id":"gebouw/Gebouw.31806221/0","properties":{"source":"Digitaal Vlaanderen Gebouwenregister","source_id":"gebouw/Gebouw.31806221/0","kind":"building","height_m":9.32,"status":null},"geometry":{"type":"Polygon","coordinates":[[[4.00853901,50.94166587],[4.00857781,50.9416955],[4.008617,50.94167502],[4.00857821,50.94164539],[4.00853901,50.94166587]]]}},{"type":"Feature","id":"gebouw/Gebouw.31806280/0","properties":{"source":"Digitaal Vlaanderen Gebouwenregister","source_id":"gebouw/Gebouw.31806280/0","kind":"building","height_m":6.44,"status":null},"geometry":{"type":"Polygon","coordinates":[[[4.01387084,50.94122357],[4.01391055,50.94127354],[4.01402794,50.9412363],[4.01398823,50.94118633],[4.01387084,50.94122357]]]}},{"type":"Feature","id":"gebouw/Gebouw.31806288/0","properties":{"source":"Digitaal Vlaanderen Gebouwenregister","source_id":"gebouw/Gebouw.31806288/0","kind":"building","height_m":7.16,"status":null},"geometry":{"type":"Polygon","coordinates":[[[4.01053599,50.94063904],[4.01069299,50.94062264],[4.01068271,50.94058335],[4.01052571,50.94059975],[4.01053599,50.94063904]]]}},{"type":"Feature","id":"gebouw/Gebouw.31806716/0","properties":{"source":"Digitaal Vlaanderen Gebouwenregister","source_id":"gebouw/Gebouw.31806716/0","kind":"building","height_m":7.88,"status":null},"geometry":{"type":"Polygon","coordinates":[[[4.01162564,50.94060441],[4.01155958,50.94055835],[4.01150639,50.94058882],[4.01157157,50.94063536],[4.01162564,50.94060441]]]}},{"type":"Feature","id":"gebouw/Gebouw.31806791/0","properties":{"source":"Digitaal Vlaanderen Gebouwenregister","source_id":"gebouw/Gebouw.31806791/0","kind":"building","height_m":6.44,"status":null},"geometry":{"type":"Polygon","coordinates":[[[4.01226073,50.93951487],[4.01225907,50.9395093],[4.01219033,50.93951747],[4.01219037,50.93951759],[4.01220081,50.93955265],[4.01226954,50.93954448],[4.01226073,50.93951487]]]}},{"type":"Feature","id":"gebouw/Gebouw.31927129/0","properties":{"source":"Digitaal Vlaanderen Gebouwenregister","source_id":"gebouw/Gebouw.31927129/0","kind":"building","height_m":7.16,"status":null},"geometry":{"type":"Polygon","coordinates":[[[4.0065727,50.9408682],[4.00691611,50.94084678],[4.00689312,50.94069967],[4.00655206,50.9407361],[4.0065727,50.9408682]]]}},{"type":"Feature","id":"gebouw/Gebouw.32033651/0","properties":{"source":"Digitaal Vlaanderen Gebouwenregister","source_id":"gebouw/Gebouw.32033651/0","kind":"building","height_m":9.32,"status":null},"geometry":{"type":"Polygon","coordinates":[[[4.00829806,50.94201832],[4.00833217,50.94200001],[4.00829888,50.94197525],[4.00826477,50.94199356],[4.00829806,50.94201832]]]}},{"type":"Feature","id":"gebouw/Gebouw.32033674/0","properties":{"source":"Digitaal Vlaanderen Gebouwenregister","source_id":"gebouw/Gebouw.32033674/0","kind":"building","height_m":5.72,"status":null},"geometry":{"type":"Polygon","coordinates":[[[4.01313492,50.93609567],[4.01319882,50.93610019],[4.01320434,50.93606903],[4.01314044,50.93606451],[4.01313492,50.93609567]]]}},{"type":"Feature","id":"gebouw/Gebouw.32033695/0","properties":{"source":"Digitaal Vlaanderen Gebouwenregister","source_id":"gebouw/Gebouw.32033695/0","kind":"building","height_m":5.72,"status":null},"geometry":{"type":"Polygon","coordinates":[[[4.01582782,50.93565185],[4.0161086,50.93567707],[4.01613766,50.93554785],[4.01585689,50.93552263],[4.01582782,50.93565185]]]}},{"type":"Feature","id":"gebouw/Gebouw.32033700/0","properties":{"source":"Digitaal Vlaanderen Gebouwenregister","source_id":"gebouw/Gebouw.32033700/0","kind":"building","height_m":9.32,"status":null},"geometry":{"type":"Polygon","coordinates":[[[4.00869559,50.9415179],[4.00865294,50.94154108],[4.00867469,50.94155884],[4.00871911,50.94153695],[4.00869559,50.9415179]]]}},{"type":"Feature","id":"gebouw/Gebouw.32033779/0","properties":{"source":"Digitaal Vlaanderen Gebouwenregister","source_id":"gebouw/Gebouw.32033779/0","kind":"building","height_m":5.72,"status":null},"geometry":{"type":"Polygon","coordinates":[[[4.00882943,50.94083913],[4.00879358,50.94080916],[4.00876548,50.94082357],[4.00876202,50.94082535],[4.0087982,50.94085515],[4.00882943,50.94083913]]]}},{"type":"Feature","id":"gebouw/Gebouw.32033828/0","properties":{"source":"Digitaal Vlaanderen Gebouwenregister","source_id":"gebouw/Gebouw.32033828/0","kind":"building","height_m":5.72,"status":null},"geometry":{"type":"Polygon","coordinates":[[[4.00853613,50.94195982],[4.00857145,50.94198676],[4.00860943,50.94196689],[4.00857411,50.94193995],[4.00853613,50.94195982]]]}},{"type":"Feature","id":"gebouw/Gebouw.32033853/0","properties":{"source":"Digitaal Vlaanderen Gebouwenregister","source_id":"gebouw/Gebouw.32033853/0","kind":"building","height_m":8.6,"status":null},"geometry":{"type":"Polygon","coordinates":[[[4.01342707,50.93597637],[4.01352731,50.9359863],[4.01353417,50.93595866],[4.01343393,50.93594873],[4.01342707,50.93597637]]]}},{"type":"Feature","id":"gebouw/Gebouw.32033858/0","properties":{"source":"Digitaal Vlaanderen Gebouwenregister","source_id":"gebouw/Gebouw.32033858/0","kind":"building","height_m":7.16,"status":null},"geometry":{"type":"Polygon","coordinates":[[[4.00964175,50.94137953],[4.00958494,50.94140772],[4.00961488,50.9414318],[4.00967168,50.9414036],[4.00964175,50.94137953]]]}},{"type":"Feature","id":"gebouw/Gebouw.32034041/0","properties":{"source":"Digitaal Vlaanderen Gebouwenregister","source_id":"gebouw/Gebouw.32034041/0","kind":"building","height_m":7.88,"status":null},"geometry":{"type":"Polygon","coordinates":[[[4.01341958,50.93601225],[4.01350508,50.93602017],[4.01351237,50.93598877],[4.01342686,50.93598085],[4.01341958,50.93601225]]]}},{"type":"Feature","id":"way/161449649","properties":{"source":"OpenStreetMap","source_id":"way/161449649","kind":"vegetation","name":null,"waterway":null,"landuse":"forest"},"geometry":{"type":"Polygon","coordinates":[[[4.010149,50.9390595],[4.0092842,50.9388956],[4.0103215,50.9396286],[4.0106855,50.9394665],[4.010149,50.9390595]]]}},{"type":"Feature","id":"way/161458812","properties":{"source":"OpenStreetMap","source_id":"way/161458812","kind":"vegetation","name":null,"waterway":null,"landuse":"forest"},"geometry":{"type":"Polygon","coordinates":[[[4.0098675,50.9365568],[4.0098677,50.9365776],[4.0096923,50.936596],[4.0094878,50.936596],[4.0092594,50.9365808],[4.0089959,50.9365632],[4.0081572,50.9364345],[4.0079712,50.9364268],[4.0077205,50.9364141],[4.0074537,50.936409],[4.0072636,50.93633],[4.0073809,50.9361261],[4.0076275,50.9363478],[4.0078539,50.9363453],[4.008137,50.9363758],[4.008517,50.9364548],[4.0088365,50.9365185],[4.0092287,50.9365568],[4.0095925,50.936572],[4.0098675,50.9365568]]]}},{"type":"Feature","id":"way/575545621","properties":{"source":"OpenStreetMap","source_id":"way/575545621","kind":"waterway","name":"Siezegembeek","waterway":"stream","landuse":null},"geometry":{"type":"LineString","coordinates":[[4.001117,50.9353616],[4.0029275,50.935592],[4.0032182,50.9355699],[4.00353,50.9355229],[4.004241,50.9353088],[4.0053629,50.9357333],[4.0057972,50.9358988],[4.0066787,50.936121],[4.0072262,50.9362992],[4.0073185,50.9362902],[4.0075462,50.9363535],[4.0076956,50.9363646],[4.007967,50.9363809],[4.0092594,50.9365808],[4.0096923,50.936596],[4.0098677,50.9365776],[4.0100599,50.9365431],[4.0102136,50.9364906],[4.0104047,50.9363668],[4.0106021,50.936207],[4.011051,50.9358637]]}},{"type":"Feature","id":"way/575545626","properties":{"source":"OpenStreetMap","source_id":"way/575545626","kind":"waterway","name":"Siezegembeek","waterway":"stream","landuse":null},"geometry":{"type":"LineString","coordinates":[[4.011051,50.9358637],[4.0110989,50.9358246]]}},{"type":"Feature","id":"way/575545627","properties":{"source":"OpenStreetMap","source_id":"way/575545627","kind":"waterway","name":"Siezegembeek","waterway":"stream","landuse":null},"geometry":{"type":"LineString","coordinates":[[4.0110989,50.9358246],[4.0111476,50.9357633],[4.011203,50.9356418],[4.0112521,50.9355092],[4.0112823,50.9352809]]}},{"type":"Feature","id":"way/641646797","properties":{"source":"OpenStreetMap","source_id":"way/641646797","kind":"water","name":null,"waterway":null,"landuse":null},"geometry":{"type":"Polygon","coordinates":[[[4.0119854,50.9369689],[4.0120522,50.9370566],[4.012185,50.9371521],[4.0122789,50.937235],[4.0126756,50.937301],[4.0129224,50.937383],[4.0132863,50.9373991],[4.0135483,50.9374961],[4.0138547,50.9375443],[4.0141149,50.9374522],[4.0142195,50.9373837],[4.0142721,50.9372907],[4.0141517,50.9371822],[4.0137573,50.9371402],[4.0133512,50.9371027],[4.0130371,50.9370809],[4.0129015,50.9370476],[4.012869,50.9369366],[4.0128771,50.9367245],[4.0128046,50.9366594],[4.0126571,50.9366484],[4.0125001,50.9365908],[4.0121515,50.9365225],[4.0119356,50.936525],[4.0118501,50.9366176],[4.0118617,50.936689],[4.0118652,50.9368703],[4.0119009,50.9369164],[4.0119854,50.9369689]]]}},{"type":"Feature","id":"way/737618207","properties":{"source":"OpenStreetMap","source_id":"way/737618207","kind":"water","name":null,"waterway":null,"landuse":null},"geometry":{"type":"Polygon","coordinates":[[[4.0141621,50.9384837],[4.0144487,50.9385593],[4.0143918,50.9381417],[4.0141621,50.9384837]]]}},{"type":"Feature","id":"way/1394495486","properties":{"source":"OpenStreetMap","source_id":"way/1394495486","kind":"water","name":null,"waterway":null,"landuse":null},"geometry":{"type":"Polygon","coordinates":[[[4.0123101,50.9391525],[4.0123101,50.9391313],[4.0124394,50.9389293],[4.0126559,50.9389895],[4.0126784,50.9390214],[4.0126896,50.9390551],[4.0126728,50.9390958],[4.0126306,50.9391188],[4.0123101,50.9391525]]]}},{"type":"Feature","id":"way/1394495487","properties":{"source":"OpenStreetMap","source_id":"way/1394495487","kind":"water","name":null,"waterway":null,"landuse":null},"geometry":{"type":"Polygon","coordinates":[[[4.0143313,50.9387596],[4.0144301,50.9387886],[4.0144851,50.938714],[4.0143864,50.9386851],[4.0143313,50.9387596]]]}}]}