{"type":"FeatureCollection","features":[{"type":"Feature","id":"gebouw/Gebouw.15657270/0","properties":{"source":"Digitaal Vlaanderen Gebouwenregister","source_id":"gebouw/Gebouw.15657270/0","kind":"building","height_m":9.32,"status":null},"geometry":{"type":"Polygon","coordinates":[[[4.02544078,50.95087624],[4.02543005,50.95090595],[4.02542756,50.95091284],[4.02537919,50.95090587],[4.02538188,50.95089841],[4.0253924,50.95086927],[4.02544078,50.95087624]]]}},{"type":"Feature","id":"gebouw/Gebouw.15657572/0","properties":{"source":"Digitaal Vlaanderen Gebouwenregister","source_id":"gebouw/Gebouw.15657572/0","kind":"building","height_m":5.0,"status":null},"geometry":{"type":"Polygon","coordinates":[[[4.02522964,50.95054224],[4.02527911,50.95043407],[4.02534356,50.95045224],[4.02533841,50.95052973],[4.02532287,50.95056927],[4.02522964,50.95054224]]]}},{"type":"Feature","id":"gebouw/Gebouw.15673111/0","properties":{"source":"Digitaal Vlaanderen Gebouwenregister","source_id":"gebouw/Gebouw.15673111/0","kind":"building","height_m":9.32,"status":null},"geometry":{"type":"Polygon","coordinates":[[[4.02488671,50.9504936],[4.02488315,50.95049881],[4.02488002,50.95049794],[4.02485033,50.95048961],[4.02489808,50.9504217],[4.02486454,50.95041231],[4.02492267,50.95033113],[4.02498527,50.95034891],[4.02488671,50.9504936]]]}},{"type":"Feature","id":"gebouw/Gebouw.15676033/0","properties":{"source":"Digitaal Vlaanderen Gebouwenregister","source_id":"gebouw/Gebouw.15676033/0","kind":"building","height_m":6.44,"status":null},"geometry":{"type":"Polygon","coordinates":[[[4.01691305,50.94979403],[4.01691243,50.9497948],[4.01683621,50.94988911],[4.01676743,50.94986638],[4.01682672,50.94979479],[4.01685405,50.94980383],[4.01688526,50.94976615],[4.01682918,50.94974761],[4.01686608,50.94970306],[4.0168733,50.94970545],[4.01689068,50.94968447],[4.01697822,50.94971341],[4.01691305,50.94979403]]]}},{"type":"Feature","id":"gebouw/Gebouw.15687590/0","properties":{"source":"Digitaal Vlaanderen Gebouwenregister","source_id":"gebouw/Gebouw.15687590/0","kind":"building","height_m":6.44,"status":null},"geometry":{"type":"Polygon","coordinates":[[[4.02393617,50.94894405],[4.02387858,50.94897898],[4.02378695,50.94892077],[4.02375656,50.94890147],[4.02373154,50.94888558],[4.02379517,50.94884992],[4.02381925,50.948866],[4.02384871,50.94888566],[4.02393617,50.94894405]]]}},{"type":"Feature","id":"gebouw/Gebouw.15689341/0","properties":{"source":"Digitaal Vlaanderen Gebouwenregister","source_id":"gebouw/Gebouw.15689341/0","kind":"building","height_m":7.16,"status":null},"geometry":{"type":"Polygon","coordinates":[[[4.02346243,50.94906198],[4.02343892,50.94908139],[4.02342255,50.94907348],[4.02337835,50.94905212],[4.02340096,50.94903354],[4.02346243,50.94906198]]]}},{"type":"Feature","id":"gebouw/Gebouw.15694249/0","properties":{"source":"Digitaal Vlaanderen Gebouwenregister","source_id":"gebouw/Gebouw.15694249/0","kind":"building","height_m":7.88,"status":null},"geometry":{"type":"Polygon","coordinates":[[[4.01879902,50.95057179],[4.01879375,50.9505815],[4.01880184,50.95058326],[4.01877784,50.95062751],[4.01878066,50.95062814],[4.01876278,50.95066142],[4.01874754,50.95068979],[4.01866966,50.95066827],[4.01868342,50.9506418],[4.01870099,50.95060803],[4.01868872,50.95060492],[4.01871174,50.95056269],[4.01875135,50.9505713],[4.01875705,50.95056177],[4.01879902,50.95057179]]]}},{"type":"Feature","id":"gebouw/Gebouw.15702548/0","properties":{"source":"Digitaal Vlaanderen Gebouwenregister","source_id":"gebouw/Gebouw.15702548/0","kind":"building","height_m":5.72,"status":null},"geometry":{"type":"Polygon","coordinates":[[[4.02439981,50.95086667],[4.02438279,50.95085863],[4.02437516,50.95086508],[4.02435852,50.95085717],[4.02428059,50.9508201],[4.02423834,50.95080001],[4.02416004,50.95076278],[4.02415974,50.95076263],[4.02408518,50.95072717],[4.02412251,50.95069639],[4.02427142,50.95076827],[4.02428506,50.950757],[4.02433318,50.95077818],[4.0243289,50.95078206],[4.0244247,50.95082482],[4.02442159,50.9508276],[4.0244363,50.95083406],[4.02439981,50.95086667]]]}},{"type":"Feature","id":"gebouw/Gebouw.15711312/0","properties":{"source":"Digitaal Vlaanderen Gebouwenregister","source_id":"gebouw/Gebouw.15711312/0","kind":"building","height_m":5.72,"status":null},"geometry":{"type":"Polygon","coordinates":[[[4.02609134,50.95021446],[4.0261182,50.95038005],[4.02605455,50.9503762],[4.0260324,50.95022287],[4.02603145,50.95021558],[4.02609091,50.95021185],[4.02609108,50.95021295],[4.02609134,50.95021446]]]}},{"type":"Feature","id":"gebouw/Gebouw.15725166/0","properties":{"source":"Digitaal Vlaanderen Gebouwenregister","source_id":"gebouw/Gebouw.15725166/0","kind":"building","height_m":6.44,"status":null},"geometry":{"type":"Polygon","coordinates":[[[4.0212946,50.94943289],[4.02123535,50.94946722],[4.02114686,50.94940346],[4.02106298,50.9493676],[4.02096586,50.94932353],[4.02098599,50.94930437],[4.02108095,50.94934417],[4.02109487,50.94933106],[4.02113964,50.94934847],[4.02120037,50.94937209],[4.0212946,50.94943289]]]}},{"type":"Feature","id":"gebouw/Gebouw.15727073/0","properties":{"source":"Digitaal Vlaanderen Gebouwenregister","source_id":"gebouw/Gebouw.15727073/0","kind":"building","height_m":8.6,"status":null},"geometry":{"type":"Polygon","coordinates":[[[4.0262039,50.95094621],[4.02617307,50.95102894],[4.02603253,50.95100614],[4.02600523,50.95100172],[4.02601768,50.9509642],[4.02604612,50.95096801],[4.02606057,50.95092507],[4.0262039,50.95094621]]]}},{"type":"Feature","id":"gebouw/Gebouw.15730007/0","properties":{"source":"Digitaal Vlaanderen Gebouwenregister","source_id":"gebouw/Gebouw.15730007/0","kind":"building","height_m":9.32,"status":null},"geometry":{"type":"Polygon","coordinates":[[[4.02382832,50.94901007],[4.02377822,50.94905245],[4.02357326,50.94895686],[4.02354517,50.94894378],[4.02354479,50.9489436],[4.02354329,50.94894289],[4.02357478,50.94891715],[4.02360268,50.9489308],[4.02364726,50.9489526],[4.02367011,50.94893432],[4.02382832,50.94901007]]]}},{"type":"Feature","id":"gebouw/Gebouw.15734485/0","properties":{"source":"Digitaal Vlaanderen Gebouwenregister","source_id":"gebouw/Gebouw.15734485/0","kind":"building","height_m":7.88,"status":null},"geometry":{"type":"Polygon","coordinates":[[[4.02090835,50.9506002],[4.02092062,50.95061827],[4.02086299,50.95063612],[4.02085032,50.95061743],[4.02086219,50.95061423],[4.02085099,50.9505976],[4.02089801,50.95058498],[4.02090835,50.9506002]]]}},{"type":"Feature","id":"gebouw/Gebouw.15741279/0","properties":{"source":"Digitaal Vlaanderen Gebouwenregister","source_id":"gebouw/Gebouw.15741279/0","kind":"building","height_m":5.72,"status":null},"geometry":{"type":"Polygon","coordinates":[[[4.01820796,50.95077736],[4.01832843,50.95080447],[4.01830462,50.95084545],[4.01818571,50.95081984],[4.01818422,50.95081944],[4.01820796,50.95077736]]]}},{"type":"Feature","id":"gebouw/Gebouw.15741709/0","properties":{"source":"Digitaal Vlaanderen Gebouwenregister","source_id":"gebouw/Gebouw.15741709/0","kind":"building","height_m":7.88,"status":null},"geometry":{"type":"Polygon","coordinates":[[[4.02107006,50.94886372],[4.02105722,50.94889107],[4.02113495,50.94890581],[4.02114713,50.94888303],[4.02122733,50.94889876],[4.02121269,50.94893247],[4.02112968,50.94891605],[4.02110635,50.94891143],[4.02105424,50.94890111],[4.02066295,50.94882367],[4.0206826,50.94878076],[4.02090664,50.94882422],[4.02090282,50.94883238],[4.02107006,50.94886372]]]}},{"type":"Feature","id":"gebouw/Gebouw.15742152/0","properties":{"source":"Digitaal Vlaanderen Gebouwenregister","source_id":"gebouw/Gebouw.15742152/0","kind":"building","height_m":9.32,"status":null},"geometry":{"type":"Polygon","coordinates":[[[4.02456694,50.95069331],[4.02458614,50.95066437],[4.02465667,50.95068304],[4.02463842,50.95071203],[4.02456694,50.95069331]]]}},{"type":"Feature","id":"gebouw/Gebouw.15743979/0","properties":{"source":"Digitaal Vlaanderen Gebouwenregister","source_id":"gebouw/Gebouw.15743979/0","kind":"building","height_m":9.32,"status":null},"geometry":{"type":"Polygon","coordinates":[[[4.02248525,50.94888457],[4.0224607,50.94891213],[4.02245155,50.94890887],[4.02239315,50.94888811],[4.02241694,50.94886141],[4.02248525,50.94888457]]]}},{"type":"Feature","id":"gebouw/Gebouw.15744585/0","properties":{"source":"Digitaal Vlaanderen Gebouwenregister","source_id":"gebouw/Gebouw.15744585/0","kind":"building","height_m":7.16,"status":null},"geometry":{"type":"Polygon","coordinates":[[[4.02637816,50.95066759],[4.02640753,50.95058956],[4.02632819,50.95054536],[4.02627759,50.95067728],[4.02627271,50.95068999],[4.02636167,50.95070335],[4.02636453,50.95070378],[4.02637816,50.95066759]]]}},{"type":"Feature","id":"gebouw/Gebouw.15750165/0","properties":{"source":"Digitaal Vlaanderen Gebouwenregister","source_id":"gebouw/Gebouw.15750165/0","kind":"building","height_m":7.88,"status":null},"geometry":{"type":"Polygon","coordinates":[[[4.02571278,50.9503662],[4.02563855,50.95036488],[4.02563941,50.95026175],[4.02563943,50.95025974],[4.02564017,50.95016901],[4.02564048,50.95013273],[4.02570152,50.95013066],[4.02571278,50.9503662]]]}},{"type":"Feature","id":"gebouw/Gebouw.15750484/0","properties":{"source":"Digitaal Vlaanderen Gebouwenregister","source_id":"gebouw/Gebouw.15750484/0","kind":"building","height_m":5.72,"status":null},"geometry":{"type":"Polygon","coordinates":[[[4.02134839,50.94940231],[4.0212946,50.94943289],[4.02120037,50.94937209],[4.02113964,50.94934847],[4.02116028,50.94932703],[4.02117582,50.94931114],[4.02119004,50.94931598],[4.02125653,50.94933861],[4.02134839,50.94940231]]]}},{"type":"Feature","id":"gebouw/Gebouw.15754507/0","properties":{"source":"Digitaal Vlaanderen Gebouwenregister","source_id":"gebouw/Gebouw.15754507/0","kind":"building","height_m":9.32,"status":null},"geometry":{"type":"Polygon","coordinates":[[[4.02006832,50.94948256],[4.02004218,50.94950661],[4.0200464,50.9495089],[4.02003433,50.94951909],[4.01995445,50.94948245],[4.01999131,50.94944648],[4.01996981,50.94943682],[4.02001939,50.9493923],[4.02014951,50.94945115],[4.02013494,50.94946449],[4.02010028,50.94949625],[4.02006832,50.94948256]]]}},{"type":"Feature","id":"gebouw/Gebouw.15757583/0","properties":{"source":"Digitaal Vlaanderen Gebouwenregister","source_id":"gebouw/Gebouw.15757583/0","kind":"building","height_m":6.44,"status":null},"geometry":{"type":"Polygon","coordinates":[[[4.01956397,50.94998506],[4.0194574,50.94993032],[4.01942052,50.94995896],[4.01934862,50.94992203],[4.01933848,50.94992481],[4.01931343,50.94993168],[4.01917384,50.9498826],[4.01922288,50.94982475],[4.01922758,50.94982634],[4.01930508,50.94985255],[4.01931075,50.94984586],[4.01933697,50.94985474],[4.01933064,50.94986221],[4.01939596,50.9498843],[4.01943004,50.94985783],[4.01950463,50.94989614],[4.01956891,50.94984621],[4.01967354,50.94989995],[4.01956397,50.94998506]]]}},{"type":"Feature","id":"gebouw/Gebouw.15759523/0","properties":{"source":"Digitaal Vlaanderen Gebouwenregister","source_id":"gebouw/Gebouw.15759523/0","kind":"building","height_m":7.16,"status":null},"geometry":{"type":"Polygon","coordinates":[[[4.02630879,50.95454529],[4.02633017,50.9545568],[4.02632676,50.95455931],[4.02630076,50.95457847],[4.0263885,50.95462599],[4.02631531,50.95467991],[4.02633042,50.95468853],[4.02629648,50.95471345],[4.02616891,50.95464414],[4.02620171,50.95462006],[4.02618452,50.95461011],[4.02620229,50.95459785],[4.02621888,50.95460745],[4.02622348,50.95460408],[4.02620223,50.95459254],[4.02625242,50.95455569],[4.0262398,50.95454884],[4.02622375,50.95453124],[4.02625717,50.95453407],[4.02629372,50.95453717],[4.02630879,50.95454529]]]}},{"type":"Feature","id":"gebouw/Gebouw.15760221/0","properties":{"source":"Digitaal Vlaanderen Gebouwenregister","source_id":"gebouw/Gebouw.15760221/0","kind":"building","height_m":5.72,"status":null},"geometry":{"type":"Polygon","coordinates":[[[4.02580149,50.95162626],[4.0257815,50.9516781],[4.02560067,50.9516506],[4.02553744,50.9516412],[4.02555665,50.95158906],[4.02565029,50.95160326],[4.02580149,50.95162626]]]}},{"type":"Feature","id":"gebouw/Gebouw.15760319/0","properties":{"source":"Digitaal Vlaanderen Gebouwenregister","source_id":"gebouw/Gebouw.15760319/0","kind":"building","height_m":5.72,"status":null},"geometry":{"type":"Polygon","coordinates":[[[4.0210483,50.949575],[4.0209622,50.94961456],[4.02082739,50.94955258],[4.02088597,50.94949983],[4.02093958,50.94952173],[4.02096398,50.94953345],[4.0210483,50.949575]]]}},{"type":"Feature","id":"gebouw/Gebouw.15768145/0","properties":{"source":"Digitaal Vlaanderen Gebouwenregister","source_id":"gebouw/Gebouw.15768145/0","kind":"building","height_m":5.72,"status":null},"geometry":{"type":"Polygon","coordinates":[[[4.02118523,50.94949564],[4.02113247,50.94952631],[4.02104309,50.94946593],[4.0208957,50.94940601],[4.02092361,50.94938186],[4.02095754,50.94939663],[4.02097036,50.94938515],[4.02097367,50.94938218],[4.02102278,50.94940255],[4.02109857,50.94943398],[4.02118523,50.94949564]]]}},{"type":"Feature","id":"gebouw/Gebouw.15768456/0","properties":{"source":"Digitaal Vlaanderen Gebouwenregister","source_id":"gebouw/Gebouw.15768456/0","kind":"building","height_m":7.88,"status":null},"geometry":{"type":"Polygon","coordinates":[[[4.02604688,50.95134015],[4.02602853,50.95138905],[4.02601638,50.95142142],[4.02588804,50.95140159],[4.02588727,50.95140147],[4.02590472,50.95135889],[4.02580908,50.95134326],[4.02581291,50.95133393],[4.02578562,50.95132947],[4.0257971,50.95130158],[4.02581411,50.95130421],[4.02581678,50.95130462],[4.02604688,50.95134015]]]}},{"type":"Feature","id":"gebouw/Gebouw.15790185/0","properties":{"source":"Digitaal Vlaanderen Gebouwenregister","source_id":"gebouw/Gebouw.15790185/0","kind":"building","height_m":8.6,"status":null},"geometry":{"type":"Polygon","coordinates":[[[4.02422202,50.95035926],[4.02418632,50.95038712],[4.02413872,50.95036278],[4.02415119,50.95035307],[4.02417445,50.95033494],[4.02422202,50.95035926]]]}},{"type":"Feature","id":"gebouw/Gebouw.15790574/0","properties":{"source":"Digitaal Vlaanderen Gebouwenregister","source_id":"gebouw/Gebouw.15790574/0","kind":"building","height_m":6.44,"status":null},"geometry":{"type":"Polygon","coordinates":[[[4.02296509,50.95523506],[4.02288088,50.95532125],[4.02283627,50.95530321],[4.02278638,50.95535599],[4.0227809,50.95535393],[4.02267468,50.95531387],[4.02261775,50.9552924],[4.02273271,50.95516683],[4.02288889,50.9552277],[4.02290148,50.95521247],[4.02292445,50.95522063],[4.02296509,50.95523506]]]}},{"type":"Feature","id":"gebouw/Gebouw.15793061/0","properties":{"source":"Digitaal Vlaanderen Gebouwenregister","source_id":"gebouw/Gebouw.15793061/0","kind":"building","height_m":7.88,"status":null},"geometry":{"type":"Polygon","coordinates":[[[4.02223593,50.94900508],[4.02222314,50.94902736],[4.0222614,50.94903617],[4.0222591,50.94904016],[4.0222921,50.94904776],[4.02227859,50.94907124],[4.02216989,50.94904456],[4.02197756,50.94899734],[4.02200888,50.9489473],[4.02215792,50.94898522],[4.02223593,50.94900508]]]}},{"type":"Feature","id":"gebouw/Gebouw.15807746/0","properties":{"source":"Digitaal Vlaanderen Gebouwenregister","source_id":"gebouw/Gebouw.15807746/0","kind":"building","height_m":7.16,"status":null},"geometry":{"type":"Polygon","coordinates":[[[4.0250493,50.9503671],[4.02494655,50.95051034],[4.02488671,50.9504936],[4.02498527,50.95034891],[4.0250493,50.9503671]]]}},{"type":"Feature","id":"gebouw/Gebouw.15823256/0","properties":{"source":"Digitaal Vlaanderen Gebouwenregister","source_id":"gebouw/Gebouw.15823256/0","kind":"building","height_m":5.72,"status":null},"geometry":{"type":"Polygon","coordinates":[[[4.02527762,50.95101582],[4.02531834,50.95102029],[4.02530768,50.95105901],[4.02526696,50.95105454],[4.02527762,50.95101582]]]}},{"type":"Feature","id":"gebouw/Gebouw.15826143/0","properties":{"source":"Digitaal Vlaanderen Gebouwenregister","source_id":"gebouw/Gebouw.15826143/0","kind":"building","height_m":7.88,"status":null},"geometry":{"type":"Polygon","coordinates":[[[4.01841617,50.95096336],[4.01840558,50.9509613],[4.01835825,50.95095211],[4.01826337,50.95093369],[4.01813946,50.95090963],[4.01811962,50.95095003],[4.01818731,50.95096241],[4.01835857,50.95099371],[4.01836219,50.95099437],[4.0183986,50.95100102],[4.01841617,50.95096336]]]}},{"type":"Feature","id":"gebouw/Gebouw.15826224/0","properties":{"source":"Digitaal Vlaanderen Gebouwenregister","source_id":"gebouw/Gebouw.15826224/0","kind":"building","height_m":5.72,"status":null},"geometry":{"type":"Polygon","coordinates":[[[4.02579431,50.9520124],[4.02577421,50.95206462],[4.02558006,50.95203589],[4.02559091,50.95200724],[4.02561499,50.95201088],[4.02562396,50.95198721],[4.02579431,50.9520124]]]}},{"type":"Feature","id":"gebouw/Gebouw.15833877/0","properties":{"source":"Digitaal Vlaanderen Gebouwenregister","source_id":"gebouw/Gebouw.15833877/0","kind":"building","height_m":7.16,"status":null},"geometry":{"type":"Polygon","coordinates":[[[4.02527005,50.95070365],[4.02515467,50.95068546],[4.02514577,50.95070527],[4.02503907,50.95094254],[4.02515304,50.95100134],[4.02527005,50.95070365]]]}},{"type":"Feature","id":"gebouw/Gebouw.15834295/0","properties":{"source":"Digitaal Vlaanderen Gebouwenregister","source_id":"gebouw/Gebouw.15834295/0","kind":"building","height_m":5.72,"status":null},"geometry":{"type":"Polygon","coordinates":[[[4.02527911,50.95043407],[4.02522964,50.95054224],[4.02520279,50.95058018],[4.02513927,50.95056208],[4.02522264,50.95041732],[4.02527911,50.95043407]]]}},{"type":"Feature","id":"gebouw/Gebouw.15834594/0","properties":{"source":"Digitaal Vlaanderen Gebouwenregister","source_id":"gebouw/Gebouw.15834594/0","kind":"building","height_m":9.32,"status":null},"geometry":{"type":"Polygon","coordinates":[[[4.02560412,50.95046132],[4.02557635,50.95054204],[4.02555943,50.95059126],[4.02555917,50.95059193],[4.02554849,50.95062005],[4.02553222,50.95066285],[4.02550214,50.95065846],[4.02547499,50.95065555],[4.02547513,50.95065519],[4.02551292,50.9505377],[4.02553825,50.95045895],[4.02560412,50.95046132]]]}},{"type":"Feature","id":"gebouw/Gebouw.15838734/0","properties":{"source":"Digitaal Vlaanderen Gebouwenregister","source_id":"gebouw/Gebouw.15838734/0","kind":"building","height_m":6.44,"status":null},"geometry":{"type":"Polygon","coordinates":[[[4.02338815,50.94922173],[4.02341715,50.94923483],[4.02342776,50.94923962],[4.02346828,50.94925803],[4.02349051,50.94925952],[4.0235289,50.94926209],[4.02353665,50.9492641],[4.02362828,50.94930224],[4.02357434,50.94935355],[4.02348505,50.9493161],[4.02346507,50.94931295],[4.02344965,50.94930621],[4.02343567,50.94929634],[4.02335143,50.949257],[4.02338805,50.94922169],[4.02338815,50.94922173]]]}},{"type":"Feature","id":"gebouw/Gebouw.15838908/0","properties":{"source":"Digitaal Vlaanderen Gebouwenregister","source_id":"gebouw/Gebouw.15838908/0","kind":"building","height_m":5.72,"status":null},"geometry":{"type":"Polygon","coordinates":[[[4.02583096,50.95021441],[4.02585158,50.95036794],[4.02578191,50.95036719],[4.02576403,50.95018929],[4.0258269,50.95018699],[4.02583096,50.95021441]]]}},{"type":"Feature","id":"gebouw/Gebouw.15841484/0","properties":{"source":"Digitaal Vlaanderen Gebouwenregister","source_id":"gebouw/Gebouw.15841484/0","kind":"building","height_m":5.72,"status":null},"geometry":{"type":"Polygon","coordinates":[[[4.01962284,50.95047351],[4.01966489,50.95056631],[4.0196236,50.95057377],[4.01962026,50.95056641],[4.01960933,50.95056838],[4.01957445,50.95055494],[4.01954401,50.95048776],[4.01962284,50.95047351]]]}},{"type":"Feature","id":"gebouw/Gebouw.15841816/0","properties":{"source":"Digitaal Vlaanderen Gebouwenregister","source_id":"gebouw/Gebouw.15841816/0","kind":"building","height_m":7.88,"status":null},"geometry":{"type":"Polygon","coordinates":[[[4.0265262,50.95355664],[4.02649583,50.95362779],[4.02640086,50.95360187],[4.02643014,50.95354586],[4.02643728,50.95354666],[4.0265262,50.95355664]]]}},{"type":"Feature","id":"gebouw/Gebouw.15841878/0","properties":{"source":"Digitaal Vlaanderen Gebouwenregister","source_id":"gebouw/Gebouw.15841878/0","kind":"building","height_m":7.16,"status":null},"geometry":{"type":"Polygon","coordinates":[[[4.02587922,50.94982878],[4.02589425,50.94982802],[4.02589825,50.94985965],[4.02588706,50.9498596],[4.02588684,50.94987945],[4.02585113,50.94987929],[4.0258513,50.94986407],[4.02584054,50.94986402],[4.02584063,50.9498556],[4.025853,50.94985089],[4.0258531,50.94984205],[4.02586782,50.94984131],[4.02586707,50.94983537],[4.02587997,50.94983472],[4.02587922,50.94982878]]]}},{"type":"Feature","id":"gebouw/Gebouw.15844259/0","properties":{"source":"Digitaal Vlaanderen Gebouwenregister","source_id":"gebouw/Gebouw.15844259/0","kind":"building","height_m":7.88,"status":null},"geometry":{"type":"Polygon","coordinates":[[[4.02597842,50.95049032],[4.02591026,50.95047989],[4.02583695,50.95066215],[4.02583306,50.95067219],[4.02590108,50.95068247],[4.02590666,50.95066787],[4.02590671,50.95066775],[4.02592881,50.95061307],[4.02594796,50.95056569],[4.02597842,50.95049032]]]}},{"type":"Feature","id":"gebouw/Gebouw.15844300/0","properties":{"source":"Digitaal Vlaanderen Gebouwenregister","source_id":"gebouw/Gebouw.15844300/0","kind":"building","height_m":7.16,"status":null},"geometry":{"type":"Polygon","coordinates":[[[4.01833676,50.94986433],[4.01826001,50.94995811],[4.01819004,50.949937],[4.0181433,50.94991842],[4.01822386,50.94982923],[4.01823806,50.94983365],[4.01833676,50.94986433]]]}},{"type":"Feature","id":"gebouw/Gebouw.15849199/0","properties":{"source":"Digitaal Vlaanderen Gebouwenregister","source_id":"gebouw/Gebouw.15849199/0","kind":"building","height_m":6.44,"status":null},"geometry":{"type":"Polygon","coordinates":[[[4.02123535,50.94946722],[4.02118523,50.94949564],[4.02109857,50.94943398],[4.02102278,50.94940255],[4.02104034,50.94938731],[4.02106298,50.9493676],[4.02114686,50.94940346],[4.02123535,50.94946722]]]}},{"type":"Feature","id":"gebouw/Gebouw.15859102/0","properties":{"source":"Digitaal Vlaanderen Gebouwenregister","source_id":"gebouw/Gebouw.15859102/0","kind":"building","height_m":5.0,"status":null},"geometry":{"type":"Polygon","coordinates":[[[4.02440158,50.95071849],[4.02440055,50.95071936],[4.02420704,50.95062652],[4.02424712,50.9505934],[4.02436249,50.95063797],[4.02444029,50.95067272],[4.02440766,50.95070186],[4.02441683,50.95070596],[4.02440158,50.95071849]]]}},{"type":"Feature","id":"gebouw/Gebouw.15864145/0","properties":{"source":"Digitaal Vlaanderen Gebouwenregister","source_id":"gebouw/Gebouw.15864145/0","kind":"building","height_m":7.16,"status":null},"geometry":{"type":"Polygon","coordinates":[[[4.02009298,50.94904816],[4.02007867,50.9490793],[4.02004615,50.94907305],[4.02006184,50.94904661],[4.0200693,50.9490144],[4.02009965,50.94901694],[4.02009298,50.94904816]]]}},{"type":"Feature","id":"gebouw/Gebouw.15864888/0","properties":{"source":"Digitaal Vlaanderen Gebouwenregister","source_id":"gebouw/Gebouw.15864888/0","kind":"building","height_m":7.88,"status":null},"geometry":{"type":"Polygon","coordinates":[[[4.02638218,50.9540602],[4.0263435,50.95420004],[4.02628491,50.95419166],[4.02629778,50.95415575],[4.02626315,50.9541508],[4.0262641,50.95414825],[4.02630099,50.95404828],[4.02638218,50.9540602]]]}},{"type":"Feature","id":"gebouw/Gebouw.15865142/0","properties":{"source":"Digitaal Vlaanderen Gebouwenregister","source_id":"gebouw/Gebouw.15865142/0","kind":"building","height_m":9.32,"status":null},"geometry":{"type":"Polygon","coordinates":[[[4.02416166,50.94916123],[4.02415958,50.94916234],[4.02418105,50.94917706],[4.02415564,50.94919185],[4.02413319,50.94917647],[4.0240901,50.94919952],[4.02404436,50.94916568],[4.02405613,50.94915922],[4.02402292,50.94913506],[4.02393095,50.94906814],[4.02398869,50.94903648],[4.02408143,50.94910336],[4.02416166,50.94916123]]]}},{"type":"Feature","id":"gebouw/Gebouw.15870550/0","properties":{"source":"Digitaal Vlaanderen Gebouwenregister","source_id":"gebouw/Gebouw.15870550/0","kind":"building","height_m":7.16,"status":null},"geometry":{"type":"Polygon","coordinates":[[[4.02463945,50.95075338],[4.02465977,50.95075986],[4.02465708,50.95076295],[4.02464153,50.95078086],[4.0245944,50.95076453],[4.02461139,50.95074443],[4.02463945,50.95075338]]]}},{"type":"Feature","id":"gebouw/Gebouw.15870790/0","properties":{"source":"Digitaal Vlaanderen Gebouwenregister","source_id":"gebouw/Gebouw.15870790/0","kind":"building","height_m":8.6,"status":null},"geometry":{"type":"Polygon","coordinates":[[[4.01866277,50.95085195],[4.01842862,50.95080217],[4.01842071,50.95081729],[4.0184174,50.95082363],[4.01832843,50.95080447],[4.01830462,50.95084545],[4.01862959,50.95091543],[4.01863406,50.95090689],[4.01866277,50.95085195]]]}},{"type":"Feature","id":"gebouw/Gebouw.15873587/0","properties":{"source":"Digitaal Vlaanderen Gebouwenregister","source_id":"gebouw/Gebouw.15873587/0","kind":"building","height_m":6.44,"status":null},"geometry":{"type":"Polygon","coordinates":[[[4.01826001,50.94995811],[4.01823223,50.94999204],[4.01816362,50.94996858],[4.01819004,50.949937],[4.01826001,50.94995811]]]}},{"type":"Feature","id":"gebouw/Gebouw.15884579/0","properties":{"source":"Digitaal Vlaanderen Gebouwenregister","source_id":"gebouw/Gebouw.15884579/0","kind":"building","height_m":7.88,"status":null},"geometry":{"type":"Polygon","coordinates":[[[4.01896646,50.95006011],[4.01880056,50.95000853],[4.01872409,50.94998475],[4.01870361,50.95001063],[4.01877985,50.9500347],[4.01875214,50.95006972],[4.01885858,50.95010334],[4.01886323,50.95009823],[4.01892086,50.9501178],[4.01896646,50.95006011]]]}},{"type":"Feature","id":"gebouw/Gebouw.15886853/0","properties":{"source":"Digitaal Vlaanderen Gebouwenregister","source_id":"gebouw/Gebouw.15886853/0","kind":"building","height_m":7.16,"status":null},"geometry":{"type":"Polygon","coordinates":[[[4.02686678,50.95429559],[4.02680069,50.95434445],[4.02669475,50.95428555],[4.02659968,50.95426675],[4.02660831,50.95424351],[4.02664862,50.95425196],[4.02665095,50.95424742],[4.02671369,50.95426026],[4.02674122,50.9542768],[4.02676238,50.95426226],[4.02677826,50.95425134],[4.02678137,50.9542492],[4.02686678,50.95429559]]]}},{"type":"Feature","id":"gebouw/Gebouw.15887246/0","properties":{"source":"Digitaal Vlaanderen Gebouwenregister","source_id":"gebouw/Gebouw.15887246/0","kind":"building","height_m":7.88,"status":null},"geometry":{"type":"Polygon","coordinates":[[[4.02106412,50.95023021],[4.02107799,50.95024668],[4.0210295,50.95026247],[4.02100837,50.95023679],[4.0209622,50.95018069],[4.0210099,50.95016584],[4.02102318,50.9501816],[4.02105822,50.95016982],[4.021067,50.95018024],[4.02107362,50.95017802],[4.02110579,50.95021621],[4.02106412,50.95023021]]]}},{"type":"Feature","id":"gebouw/Gebouw.15894458/0","properties":{"source":"Digitaal Vlaanderen Gebouwenregister","source_id":"gebouw/Gebouw.15894458/0","kind":"building","height_m":9.32,"status":null},"geometry":{"type":"Polygon","coordinates":[[[4.01830462,50.95084545],[4.01818571,50.95081984],[4.01814703,50.95089493],[4.01813946,50.95090963],[4.01826337,50.95093369],[4.01830462,50.95084545]]]}},{"type":"Feature","id":"gebouw/Gebouw.15903726/0","properties":{"source":"Digitaal Vlaanderen Gebouwenregister","source_id":"gebouw/Gebouw.15903726/0","kind":"building","height_m":9.32,"status":null},"geometry":{"type":"Polygon","coordinates":[[[4.02447583,50.94902651],[4.02453342,50.94907311],[4.02453546,50.94907476],[4.02445332,50.94911527],[4.02444642,50.94911867],[4.02442421,50.9491026],[4.02438561,50.94907468],[4.02447583,50.94902651]]]}},{"type":"Feature","id":"gebouw/Gebouw.15912067/0","properties":{"source":"Digitaal Vlaanderen Gebouwenregister","source_id":"gebouw/Gebouw.15912067/0","kind":"building","height_m":7.16,"status":null},"geometry":{"type":"Polygon","coordinates":[[[4.0215257,50.94917432],[4.02122862,50.94911567],[4.02125814,50.94905601],[4.02155521,50.94911466],[4.0215257,50.94917432]]]}},{"type":"Feature","id":"gebouw/Gebouw.15913981/0","properties":{"source":"Digitaal Vlaanderen Gebouwenregister","source_id":"gebouw/Gebouw.15913981/0","kind":"building","height_m":9.32,"status":null},"geometry":{"type":"Polygon","coordinates":[[[4.02588386,50.95098216],[4.02586238,50.95103731],[4.02572679,50.95101623],[4.0257251,50.95102055],[4.02567717,50.9510131],[4.02566606,50.95104157],[4.02566344,50.95104114],[4.02554325,50.95102218],[4.02557742,50.95093446],[4.0256572,50.95094643],[4.02572286,50.95095677],[4.02579198,50.95096767],[4.02583953,50.95097517],[4.02585777,50.95097805],[4.02586564,50.95097929],[4.02588386,50.95098216]]]}},{"type":"Feature","id":"gebouw/Gebouw.15914853/0","properties":{"source":"Digitaal Vlaanderen Gebouwenregister","source_id":"gebouw/Gebouw.15914853/0","kind":"building","height_m":7.16,"status":null},"geometry":{"type":"Polygon","coordinates":[[[4.02606853,50.95006805],[4.02611649,50.95006453],[4.02612527,50.95011297],[4.02607607,50.95011645],[4.02606853,50.95006805]]]}},{"type":"Feature","id":"gebouw/Gebouw.15914921/0","properties":{"source":"Digitaal Vlaanderen Gebouwenregister","source_id":"gebouw/Gebouw.15914921/0","kind":"building","height_m":5.72,"status":null},"geometry":{"type":"Polygon","coordinates":[[[4.02604275,50.95003362],[4.02604874,50.95006766],[4.02600573,50.95007074],[4.02599968,50.95003656],[4.02604275,50.95003362]]]}},{"type":"Feature","id":"gebouw/Gebouw.15917300/0","properties":{"source":"Digitaal Vlaanderen Gebouwenregister","source_id":"gebouw/Gebouw.15917300/0","kind":"building","height_m":5.0,"status":null},"geometry":{"type":"Polygon","coordinates":[[[4.01871774,50.95037574],[4.0187799,50.95038316],[4.01877092,50.95041318],[4.01870876,50.95040576],[4.01871774,50.95037574]]]}},{"type":"Feature","id":"gebouw/Gebouw.15922089/0","properties":{"source":"Digitaal Vlaanderen Gebouwenregister","source_id":"gebouw/Gebouw.15922089/0","kind":"building","height_m":5.72,"status":null},"geometry":{"type":"Polygon","coordinates":[[[4.02649886,50.95010516],[4.02642863,50.95010958],[4.02643003,50.9501507],[4.02639695,50.95015241],[4.02639128,50.95011193],[4.02638205,50.95004596],[4.02648798,50.95003975],[4.02649886,50.95010516]]]}},{"type":"Feature","id":"gebouw/Gebouw.15924351/0","properties":{"source":"Digitaal Vlaanderen Gebouwenregister","source_id":"gebouw/Gebouw.15924351/0","kind":"building","height_m":6.44,"status":null},"geometry":{"type":"Polygon","coordinates":[[[4.01996909,50.94980538],[4.01999394,50.94978413],[4.01991941,50.94974935],[4.01995459,50.94971928],[4.01992636,50.9497061],[4.01999124,50.94965062],[4.01999561,50.94965267],[4.02000069,50.94964833],[4.0201024,50.94969448],[4.02011286,50.94968528],[4.02017084,50.94971159],[4.02008285,50.94978897],[4.02012888,50.94981082],[4.02007658,50.94985554],[4.01996909,50.94980538]]]}},{"type":"Feature","id":"gebouw/Gebouw.15927270/0","properties":{"source":"Digitaal Vlaanderen Gebouwenregister","source_id":"gebouw/Gebouw.15927270/0","kind":"building","height_m":6.44,"status":null},"geometry":{"type":"Polygon","coordinates":[[[4.02097585,50.95077786],[4.02102876,50.95076227],[4.02095538,50.95066019],[4.02090083,50.95067626],[4.02097585,50.95077786]]]}},{"type":"Feature","id":"gebouw/Gebouw.15929991/0","properties":{"source":"Digitaal Vlaanderen Gebouwenregister","source_id":"gebouw/Gebouw.15929991/0","kind":"building","height_m":5.0,"status":null},"geometry":{"type":"Polygon","coordinates":[[[4.0243926,50.95060476],[4.0243609,50.95063972],[4.02435727,50.95063824],[4.02424712,50.9505934],[4.02423118,50.95058717],[4.02410608,50.95053826],[4.02418604,50.95047609],[4.02426935,50.95050701],[4.02421762,50.95056264],[4.02424469,50.95057269],[4.02427246,50.95058299],[4.02428416,50.95057004],[4.02432455,50.95052534],[4.02443,50.95056337],[4.0243926,50.95060476]]]}},{"type":"Feature","id":"gebouw/Gebouw.15932158/0","properties":{"source":"Digitaal Vlaanderen Gebouwenregister","source_id":"gebouw/Gebouw.15932158/0","kind":"building","height_m":7.88,"status":null},"geometry":{"type":"Polygon","coordinates":[[[4.0267056,50.95036407],[4.02661577,50.95036854],[4.02659741,50.95023323],[4.02659731,50.95023239],[4.02670782,50.95022717],[4.02670431,50.95019751],[4.02676662,50.95019457],[4.02676799,50.95020619],[4.02675582,50.95020677],[4.02676158,50.95025546],[4.02671242,50.95025778],[4.02671749,50.95030066],[4.0267069,50.95030116],[4.02671469,50.95036361],[4.0267056,50.95036407]]]}},{"type":"Feature","id":"gebouw/Gebouw.15939897/0","properties":{"source":"Digitaal Vlaanderen Gebouwenregister","source_id":"gebouw/Gebouw.15939897/0","kind":"building","height_m":5.72,"status":null},"geometry":{"type":"Polygon","coordinates":[[[4.02529413,50.95017618],[4.02522375,50.95032099],[4.0251559,50.95030009],[4.0251593,50.95029567],[4.02520059,50.95019461],[4.02521049,50.95017035],[4.02525012,50.95014681],[4.02528419,50.9501272],[4.02531791,50.95013302],[4.02529413,50.95017618]]]}},{"type":"Feature","id":"gebouw/Gebouw.15941987/0","properties":{"source":"Digitaal Vlaanderen Gebouwenregister","source_id":"gebouw/Gebouw.15941987/0","kind":"building","height_m":8.6,"status":null},"geometry":{"type":"Polygon","coordinates":[[[4.02237428,50.94873878],[4.02249966,50.94878716],[4.02247093,50.94881836],[4.02238813,50.9487855],[4.02231412,50.94875669],[4.02215711,50.94871377],[4.02219105,50.9486747],[4.02237428,50.94873878]]]}},{"type":"Feature","id":"gebouw/Gebouw.15942246/0","properties":{"source":"Digitaal Vlaanderen Gebouwenregister","source_id":"gebouw/Gebouw.15942246/0","kind":"building","height_m":8.6,"status":null},"geometry":{"type":"Polygon","coordinates":[[[4.02590316,50.95098067],[4.02588008,50.9509787],[4.02588306,50.95096479],[4.02588939,50.9509353],[4.0259247,50.95093833],[4.02591799,50.95096964],[4.02590575,50.9509686],[4.02590316,50.95098067]]]}},{"type":"Feature","id":"gebouw/Gebouw.15942456/0","properties":{"source":"Digitaal Vlaanderen Gebouwenregister","source_id":"gebouw/Gebouw.15942456/0","kind":"building","height_m":8.6,"status":null},"geometry":{"type":"Polygon","coordinates":[[[4.01925745,50.95040276],[4.01920148,50.95041334],[4.01917304,50.95035332],[4.01938212,50.95031379],[4.01943611,50.95042772],[4.01935803,50.95044248],[4.01934887,50.95042315],[4.01927383,50.95043734],[4.01925745,50.95040276]]]}},{"type":"Feature","id":"gebouw/Gebouw.15942820/0","properties":{"source":"Digitaal Vlaanderen Gebouwenregister","source_id":"gebouw/Gebouw.15942820/0","kind":"building","height_m":8.6,"status":null},"geometry":{"type":"Polygon","coordinates":[[[4.0172423,50.94987361],[4.01729058,50.94981988],[4.01731356,50.94982814],[4.01729635,50.94984723],[4.01730407,50.94985001],[4.01727288,50.94988461],[4.0172423,50.94987361]]]}},{"type":"Feature","id":"gebouw/Gebouw.15947765/0","properties":{"source":"Digitaal Vlaanderen Gebouwenregister","source_id":"gebouw/Gebouw.15947765/0","kind":"building","height_m":5.72,"status":null},"geometry":{"type":"Polygon","coordinates":[[[4.02229831,50.94889113],[4.02229643,50.94889383],[4.02225467,50.94888507],[4.02207221,50.94884678],[4.02209885,50.94880518],[4.02231562,50.94886626],[4.02232298,50.94886833],[4.02231073,50.94888591],[4.02230337,50.94888387],[4.02229831,50.94889113]]]}},{"type":"Feature","id":"gebouw/Gebouw.15947876/0","properties":{"source":"Digitaal Vlaanderen Gebouwenregister","source_id":"gebouw/Gebouw.15947876/0","kind":"building","height_m":5.0,"status":null},"geometry":{"type":"Polygon","coordinates":[[[4.01621174,50.94994954],[4.01621816,50.94994426],[4.0161794,50.94992548],[4.01624767,50.94986926],[4.01628771,50.94988866],[4.01629369,50.94988367],[4.01646113,50.94996479],[4.01638042,50.95003126],[4.01636194,50.95002231],[4.01629647,50.94999059],[4.01621174,50.94994954]]]}},{"type":"Feature","id":"gebouw/Gebouw.15948175/0","properties":{"source":"Digitaal Vlaanderen Gebouwenregister","source_id":"gebouw/Gebouw.15948175/0","kind":"building","height_m":8.6,"status":null},"geometry":{"type":"Polygon","coordinates":[[[4.02608231,50.9512474],[4.02587715,50.95121572],[4.02585796,50.95121275],[4.02584984,50.95123255],[4.02581934,50.95122757],[4.02580843,50.9512542],[4.02606528,50.95129198],[4.02607243,50.95127326],[4.0260782,50.95127415],[4.02608574,50.95125374],[4.02608021,50.95125292],[4.02608231,50.9512474]]]}},{"type":"Feature","id":"gebouw/Gebouw.15948343/0","properties":{"source":"Digitaal Vlaanderen Gebouwenregister","source_id":"gebouw/Gebouw.15948343/0","kind":"building","height_m":8.6,"status":null},"geometry":{"type":"Polygon","coordinates":[[[4.02399303,50.94891034],[4.02393617,50.94894405],[4.02384871,50.94888566],[4.02381925,50.948866],[4.02379517,50.94884992],[4.02378373,50.948838],[4.02384009,50.94880599],[4.02387611,50.94883057],[4.02399303,50.94891034]]]}},{"type":"Feature","id":"gebouw/Gebouw.15950335/0","properties":{"source":"Digitaal Vlaanderen Gebouwenregister","source_id":"gebouw/Gebouw.15950335/0","kind":"building","height_m":6.44,"status":null},"geometry":{"type":"Polygon","coordinates":[[[4.02435852,50.95085717],[4.02428059,50.9508201],[4.02423834,50.95080001],[4.02416004,50.95076278],[4.02415974,50.95076263],[4.02408518,50.95072717],[4.02404895,50.95075719],[4.02409275,50.95077823],[4.02409597,50.95077978],[4.02414594,50.95080382],[4.02415125,50.95080637],[4.02420337,50.95083143],[4.02432018,50.95088759],[4.02435852,50.95085717]]]}},{"type":"Feature","id":"gebouw/Gebouw.15957458/0","properties":{"source":"Digitaal Vlaanderen Gebouwenregister","source_id":"gebouw/Gebouw.15957458/0","kind":"building","height_m":9.32,"status":null},"geometry":{"type":"Polygon","coordinates":[[[4.02651737,50.95451253],[4.02641549,50.95445837],[4.02649453,50.9544011],[4.02656666,50.95443832],[4.02655876,50.95444423],[4.02658819,50.95446008],[4.02651737,50.95451253]]]}},{"type":"Feature","id":"gebouw/Gebouw.15957535/0","properties":{"source":"Digitaal Vlaanderen Gebouwenregister","source_id":"gebouw/Gebouw.15957535/0","kind":"building","height_m":9.32,"status":null},"geometry":{"type":"Polygon","coordinates":[[[4.02515461,50.95158971],[4.02513909,50.95162859],[4.02507234,50.95161796],[4.02508787,50.95157906],[4.02515461,50.95158971]]]}},{"type":"Feature","id":"gebouw/Gebouw.15960131/0","properties":{"source":"Digitaal Vlaanderen Gebouwenregister","source_id":"gebouw/Gebouw.15960131/0","kind":"building","height_m":8.6,"status":null},"geometry":{"type":"Polygon","coordinates":[[[4.02563941,50.95026175],[4.0255761,50.95026088],[4.02557808,50.95020443],[4.02552055,50.95020366],[4.02549799,50.95036313],[4.02554251,50.95036369],[4.02555674,50.95036386],[4.02563855,50.95036488],[4.02563941,50.95026175]]]}},{"type":"Feature","id":"gebouw/Gebouw.15963070/0","properties":{"source":"Digitaal Vlaanderen Gebouwenregister","source_id":"gebouw/Gebouw.15963070/0","kind":"building","height_m":7.88,"status":null},"geometry":{"type":"Polygon","coordinates":[[[4.02663577,50.95485907],[4.02659517,50.95483688],[4.02657267,50.9548533],[4.02650027,50.95481374],[4.02666373,50.95469443],[4.02669167,50.95470955],[4.0266943,50.95470772],[4.0267797,50.95475683],[4.02663577,50.95485907]]]}},{"type":"Feature","id":"gebouw/Gebouw.15963500/0","properties":{"source":"Digitaal Vlaanderen Gebouwenregister","source_id":"gebouw/Gebouw.15963500/0","kind":"building","height_m":5.0,"status":null},"geometry":{"type":"Polygon","coordinates":[[[4.0243011,50.94905518],[4.02427673,50.94906863],[4.02426927,50.94906326],[4.0242669,50.94906152],[4.02413294,50.94896066],[4.02418875,50.94893227],[4.02429875,50.94901184],[4.02426609,50.94902986],[4.0243011,50.94905518]]]}},{"type":"Feature","id":"gebouw/Gebouw.15976455/0","properties":{"source":"Digitaal Vlaanderen Gebouwenregister","source_id":"gebouw/Gebouw.15976455/0","kind":"building","height_m":8.6,"status":null},"geometry":{"type":"Polygon","coordinates":[[[4.02547391,50.95045664],[4.02543453,50.9506062],[4.02542951,50.95063259],[4.02536575,50.95063139],[4.02536605,50.95063064],[4.02538936,50.95056462],[4.02540926,50.95045431],[4.02547391,50.95045664]]]}},{"type":"Feature","id":"gebouw/Gebouw.15976742/0","properties":{"source":"Digitaal Vlaanderen Gebouwenregister","source_id":"gebouw/Gebouw.15976742/0","kind":"building","height_m":8.6,"status":null},"geometry":{"type":"Polygon","coordinates":[[[4.02481256,50.9527927],[4.0247651,50.95277082],[4.02482954,50.95270448],[4.02487938,50.95272364],[4.02481256,50.9527927]]]}},{"type":"Feature","id":"gebouw/Gebouw.15984079/0","properties":{"source":"Digitaal Vlaanderen Gebouwenregister","source_id":"gebouw/Gebouw.15984079/0","kind":"building","height_m":9.32,"status":null},"geometry":{"type":"Polygon","coordinates":[[[4.02127043,50.9500247],[4.02111865,50.94988418],[4.02120816,50.9498456],[4.02126285,50.94989623],[4.02129828,50.94988096],[4.02139537,50.94997085],[4.02127043,50.9500247]]]}},{"type":"Feature","id":"gebouw/Gebouw.15986609/0","properties":{"source":"Digitaal Vlaanderen Gebouwenregister","source_id":"gebouw/Gebouw.15986609/0","kind":"building","height_m":6.44,"status":null},"geometry":{"type":"Polygon","coordinates":[[[4.02626315,50.9541508],[4.02626085,50.95415705],[4.0261715,50.95414426],[4.02618434,50.95410845],[4.02616058,50.95410505],[4.02618602,50.95403628],[4.02620857,50.95403961],[4.02621108,50.95403352],[4.02624013,50.95403829],[4.02630099,50.95404828],[4.0262641,50.95414825],[4.02626315,50.9541508]]]}},{"type":"Feature","id":"gebouw/Gebouw.15987096/0","properties":{"source":"Digitaal Vlaanderen Gebouwenregister","source_id":"gebouw/Gebouw.15987096/0","kind":"building","height_m":9.32,"status":null},"geometry":{"type":"Polygon","coordinates":[[[4.0223334,50.94884631],[4.02231909,50.94886236],[4.02231562,50.94886626],[4.02209885,50.94880518],[4.02212021,50.94877183],[4.02223401,50.94880103],[4.02222594,50.94881308],[4.0223334,50.94884631]]]}},{"type":"Feature","id":"gebouw/Gebouw.15992983/0","properties":{"source":"Digitaal Vlaanderen Gebouwenregister","source_id":"gebouw/Gebouw.15992983/0","kind":"building","height_m":9.32,"status":null},"geometry":{"type":"Polygon","coordinates":[[[4.02627759,50.95067728],[4.02632819,50.95054536],[4.0262543,50.9505335],[4.02620061,50.95066632],[4.02621021,50.95066779],[4.02620066,50.95069315],[4.0262341,50.95069817],[4.02624387,50.95067222],[4.02627759,50.95067728]]]}},{"type":"Feature","id":"gebouw/Gebouw.16001145/0","properties":{"source":"Digitaal Vlaanderen Gebouwenregister","source_id":"gebouw/Gebouw.16001145/0","kind":"building","height_m":9.32,"status":null},"geometry":{"type":"Polygon","coordinates":[[[4.02576306,50.95066488],[4.02576287,50.95066536],[4.02574683,50.95070803],[4.02565734,50.95069455],[4.02566135,50.9506843],[4.02567372,50.95065277],[4.02567433,50.9506512],[4.02572163,50.95052931],[4.02581018,50.95054348],[4.02577655,50.95063011],[4.02576306,50.95066488]]]}},{"type":"Feature","id":"gebouw/Gebouw.16004276/0","properties":{"source":"Digitaal Vlaanderen Gebouwenregister","source_id":"gebouw/Gebouw.16004276/0","kind":"building","height_m":5.72,"status":null},"geometry":{"type":"Polygon","coordinates":[[[4.02154416,50.94929056],[4.02147008,50.94933285],[4.02141488,50.94936436],[4.02134839,50.94940231],[4.02125654,50.94933861],[4.02129098,50.94931858],[4.02113905,50.9492723],[4.02115786,50.94924988],[4.02116086,50.9492463],[4.02122706,50.94927102],[4.02126209,50.94922918],[4.02129322,50.94919201],[4.02146785,50.94923722],[4.02154416,50.94929056]]]}},{"type":"Feature","id":"gebouw/Gebouw.16008400/0","properties":{"source":"Digitaal Vlaanderen Gebouwenregister","source_id":"gebouw/Gebouw.16008400/0","kind":"building","height_m":6.44,"status":null},"geometry":{"type":"Polygon","coordinates":[[[4.02551476,50.951433],[4.02552241,50.95141226],[4.02559444,50.95142285],[4.02559898,50.95141052],[4.02569226,50.95142423],[4.02567978,50.95145808],[4.02559928,50.95144585],[4.02558606,50.95144384],[4.02551522,50.95143307],[4.02551476,50.951433]]]}},{"type":"Feature","id":"gebouw/Gebouw.16011438/0","properties":{"source":"Digitaal Vlaanderen Gebouwenregister","source_id":"gebouw/Gebouw.16011438/0","kind":"building","height_m":6.44,"status":null},"geometry":{"type":"Polygon","coordinates":[[[4.02353663,50.94986236],[4.02349519,50.94989139],[4.02348733,50.94990321],[4.02346052,50.94989519],[4.0234715,50.94988338],[4.02346651,50.94988178],[4.02351147,50.94985246],[4.02353663,50.94986236]]]}},{"type":"Feature","id":"gebouw/Gebouw.16014322/0","properties":{"source":"Digitaal Vlaanderen Gebouwenregister","source_id":"gebouw/Gebouw.16014322/0","kind":"building","height_m":6.44,"status":null},"geometry":{"type":"Polygon","coordinates":[[[4.02387151,50.95014853],[4.02390764,50.95008133],[4.02409809,50.9501222],[4.02407167,50.95017133],[4.02402387,50.95016107],[4.02401416,50.95017914],[4.02387151,50.95014853]]]}},{"type":"Feature","id":"gebouw/Gebouw.16025327/0","properties":{"source":"Digitaal Vlaanderen Gebouwenregister","source_id":"gebouw/Gebouw.16025327/0","kind":"building","height_m":7.16,"status":null},"geometry":{"type":"Polygon","coordinates":[[[4.02286762,50.94897312],[4.02289497,50.94894364],[4.02295094,50.9489658],[4.0229239,50.94899259],[4.02291086,50.94898959],[4.02286762,50.94897312]]]}},{"type":"Feature","id":"gebouw/Gebouw.16035412/0","properties":{"source":"Digitaal Vlaanderen Gebouwenregister","source_id":"gebouw/Gebouw.16035412/0","kind":"building","height_m":5.72,"status":null},"geometry":{"type":"Polygon","coordinates":[[[4.02611007,50.95070745],[4.02610477,50.95072057],[4.02603545,50.95071014],[4.02611565,50.95051158],[4.02618472,50.9505225],[4.02612009,50.95068261],[4.02611007,50.95070745]]]}},{"type":"Feature","id":"gebouw/Gebouw.16038115/0","properties":{"source":"Digitaal Vlaanderen Gebouwenregister","source_id":"gebouw/Gebouw.16038115/0","kind":"building","height_m":6.44,"status":null},"geometry":{"type":"Polygon","coordinates":[[[4.02635107,50.95038112],[4.02627398,50.9503849],[4.02626514,50.9503136],[4.02626513,50.95031355],[4.02626333,50.9502981],[4.02625918,50.95026254],[4.02625243,50.95022146],[4.02633328,50.95021756],[4.02633559,50.95023875],[4.02635107,50.95038112]]]}},{"type":"Feature","id":"gebouw/Gebouw.16040409/0","properties":{"source":"Digitaal Vlaanderen Gebouwenregister","source_id":"gebouw/Gebouw.16040409/0","kind":"building","height_m":5.0,"status":null},"geometry":{"type":"Polygon","coordinates":[[[4.0257544,50.9521189],[4.02573103,50.9521816],[4.02560846,50.95216337],[4.02562116,50.95212931],[4.02544487,50.95210309],[4.02540418,50.95209704],[4.02540093,50.95210581],[4.02535488,50.952099],[4.02536851,50.95206223],[4.02538888,50.95206506],[4.02541242,50.95206833],[4.02541475,50.95206868],[4.02545414,50.9520745],[4.02558938,50.9520945],[4.0257544,50.9521189]]]}},{"type":"Feature","id":"gebouw/Gebouw.16056493/0","properties":{"source":"Digitaal Vlaanderen Gebouwenregister","source_id":"gebouw/Gebouw.16056493/0","kind":"building","height_m":8.6,"status":null},"geometry":{"type":"Polygon","coordinates":[[[4.01711297,50.94979582],[4.01715805,50.94981036],[4.01710978,50.9498701],[4.01706528,50.94985576],[4.01711297,50.94979582]]]}},{"type":"Feature","id":"gebouw/Gebouw.16066592/0","properties":{"source":"Digitaal Vlaanderen Gebouwenregister","source_id":"gebouw/Gebouw.16066592/0","kind":"building","height_m":7.16,"status":null},"geometry":{"type":"Polygon","coordinates":[[[4.02369995,50.9492344],[4.02362828,50.94930224],[4.02353665,50.9492641],[4.02355538,50.94924857],[4.02361712,50.94919736],[4.02366879,50.94922046],[4.02369995,50.9492344]]]}},{"type":"Feature","id":"gebouw/Gebouw.16067082/0","properties":{"source":"Digitaal Vlaanderen Gebouwenregister","source_id":"gebouw/Gebouw.16067082/0","kind":"building","height_m":7.16,"status":null},"geometry":{"type":"Polygon","coordinates":[[[4.01868725,50.9499733],[4.01872409,50.94998475],[4.01880056,50.95000853],[4.01896646,50.95006011],[4.01901375,50.95000028],[4.01893355,50.94997498],[4.01894279,50.94996329],[4.01886032,50.94993728],[4.01885849,50.94993959],[4.01885361,50.94993805],[4.01882892,50.94996925],[4.01881382,50.94996448],[4.01879901,50.94998319],[4.01873327,50.94996242],[4.01872971,50.94996692],[4.01869979,50.94995747],[4.01868725,50.9499733]]]}},{"type":"Feature","id":"gebouw/Gebouw.16072815/0","properties":{"source":"Digitaal Vlaanderen Gebouwenregister","source_id":"gebouw/Gebouw.16072815/0","kind":"building","height_m":7.16,"status":null},"geometry":{"type":"Polygon","coordinates":[[[4.02620061,50.95066632],[4.02615963,50.95066019],[4.02614952,50.95068704],[4.02612009,50.95068261],[4.02618472,50.9505225],[4.02619076,50.95052346],[4.0262543,50.9505335],[4.02620061,50.95066632]]]}},{"type":"Feature","id":"gebouw/Gebouw.16075380/0","properties":{"source":"Digitaal Vlaanderen Gebouwenregister","source_id":"gebouw/Gebouw.16075380/0","kind":"building","height_m":9.32,"status":null},"geometry":{"type":"Polygon","coordinates":[[[4.0214539,50.94997875],[4.02151346,50.95003662],[4.02147424,50.95005273],[4.02141467,50.94999486],[4.0214539,50.94997875]]]}},{"type":"Feature","id":"gebouw/Gebouw.16089045/0","properties":{"source":"Digitaal Vlaanderen Gebouwenregister","source_id":"gebouw/Gebouw.16089045/0","kind":"building","height_m":5.0,"status":null},"geometry":{"type":"Polygon","coordinates":[[[4.02626514,50.9503136],[4.0262323,50.95031629],[4.02624699,50.95038777],[4.02620176,50.95038501],[4.02618169,50.95038379],[4.02615305,50.95022899],[4.02615481,50.95018526],[4.02618427,50.95018225],[4.02619427,50.95026564],[4.02625918,50.95026254],[4.02626333,50.9502981],[4.02626513,50.95031355],[4.02626514,50.9503136]]]}},{"type":"Feature","id":"gebouw/Gebouw.16091093/0","properties":{"source":"Digitaal Vlaanderen Gebouwenregister","source_id":"gebouw/Gebouw.16091093/0","kind":"building","height_m":7.88,"status":null},"geometry":{"type":"Polygon","coordinates":[[[4.0186716,50.9503784],[4.01870081,50.95038514],[4.01870497,50.95040499],[4.01868009,50.95041704],[4.01865075,50.95040914],[4.01864856,50.95038929],[4.0186716,50.9503784]]]}},{"type":"Feature","id":"gebouw/Gebouw.16091123/0","properties":{"source":"Digitaal Vlaanderen Gebouwenregister","source_id":"gebouw/Gebouw.16091123/0","kind":"building","height_m":9.32,"status":null},"geometry":{"type":"Polygon","coordinates":[[[4.02525732,50.94989434],[4.02529154,50.94992326],[4.02523508,50.9499499],[4.02520087,50.94992101],[4.02525732,50.94989434]]]}},{"type":"Feature","id":"gebouw/Gebouw.16091606/0","properties":{"source":"Digitaal Vlaanderen Gebouwenregister","source_id":"gebouw/Gebouw.16091606/0","kind":"building","height_m":9.32,"status":null},"geometry":{"type":"Polygon","coordinates":[[[4.02653276,50.95037224],[4.02642717,50.95037783],[4.02640751,50.95022792],[4.02640332,50.95019797],[4.02645178,50.95019568],[4.02645871,50.95025425],[4.0265164,50.95025153],[4.02653276,50.95037224]]]}},{"type":"Feature","id":"gebouw/Gebouw.16093053/0","properties":{"source":"Digitaal Vlaanderen Gebouwenregister","source_id":"gebouw/Gebouw.16093053/0","kind":"building","height_m":7.88,"status":null},"geometry":{"type":"Polygon","coordinates":[[[4.02528809,50.95034086],[4.02522375,50.95032099],[4.02529413,50.95017618],[4.02535503,50.95018788],[4.0253548,50.95018842],[4.02528809,50.95034086]]]}},{"type":"Feature","id":"gebouw/Gebouw.16102706/0","properties":{"source":"Digitaal Vlaanderen Gebouwenregister","source_id":"gebouw/Gebouw.16102706/0","kind":"building","height_m":7.88,"status":null},"geometry":{"type":"Polygon","coordinates":[[[4.02552055,50.95020366],[4.02549799,50.95036313],[4.02542217,50.95036203],[4.02546704,50.9501808],[4.02552264,50.95018467],[4.02552055,50.95020366]]]}},{"type":"Feature","id":"gebouw/Gebouw.16108228/0","properties":{"source":"Digitaal Vlaanderen Gebouwenregister","source_id":"gebouw/Gebouw.16108228/0","kind":"building","height_m":7.16,"status":null},"geometry":{"type":"Polygon","coordinates":[[[4.02615305,50.95022899],[4.02618169,50.95038379],[4.0261182,50.95038005],[4.02609134,50.95021446],[4.02612004,50.95021267],[4.02612291,50.95023088],[4.02615305,50.95022899]]]}},{"type":"Feature","id":"gebouw/Gebouw.16110956/0","properties":{"source":"Digitaal Vlaanderen Gebouwenregister","source_id":"gebouw/Gebouw.16110956/0","kind":"building","height_m":5.72,"status":null},"geometry":{"type":"Polygon","coordinates":[[[4.02411713,50.94928401],[4.02411647,50.94928436],[4.02405433,50.94931669],[4.02401259,50.94933839],[4.02398222,50.94931559],[4.02402356,50.9492936],[4.02408452,50.94926118],[4.02411713,50.94928401]]]}},{"type":"Feature","id":"gebouw/Gebouw.16113609/0","properties":{"source":"Digitaal Vlaanderen Gebouwenregister","source_id":"gebouw/Gebouw.16113609/0","kind":"building","height_m":5.72,"status":null},"geometry":{"type":"Polygon","coordinates":[[[4.02601638,50.95142142],[4.02599506,50.95147819],[4.02582783,50.95145314],[4.02583731,50.95143],[4.02579792,50.95142357],[4.02581161,50.95139022],[4.02588727,50.95140147],[4.02588804,50.95140159],[4.02601638,50.95142142]]]}},{"type":"Feature","id":"gebouw/Gebouw.16122654/0","properties":{"source":"Digitaal Vlaanderen Gebouwenregister","source_id":"gebouw/Gebouw.16122654/0","kind":"building","height_m":6.44,"status":null},"geometry":{"type":"Polygon","coordinates":[[[4.024238,50.9503413],[4.02423554,50.95034349],[4.02412854,50.95029555],[4.02423887,50.95019927],[4.02429023,50.95015443],[4.02429567,50.95014969],[4.02439728,50.95019614],[4.02438819,50.95020434],[4.02436441,50.95022577],[4.02431948,50.95026629],[4.02431653,50.95026895],[4.02431832,50.95026977],[4.024238,50.9503413]]]}},{"type":"Feature","id":"gebouw/Gebouw.16122754/0","properties":{"source":"Digitaal Vlaanderen Gebouwenregister","source_id":"gebouw/Gebouw.16122754/0","kind":"building","height_m":7.88,"status":null},"geometry":{"type":"Polygon","coordinates":[[[4.01993478,50.95036943],[4.01995217,50.95040406],[4.01990098,50.95041432],[4.0199065,50.95042565],[4.01994987,50.95041722],[4.01996785,50.95045412],[4.01986738,50.95047365],[4.01984973,50.95043744],[4.01988626,50.95043034],[4.01988068,50.95041889],[4.01987395,50.95042019],[4.01979534,50.9502589],[4.01984456,50.95024932],[4.0198511,50.950262],[4.01994189,50.9502438],[4.01999857,50.95035664],[4.01993478,50.95036943]]]}},{"type":"Feature","id":"gebouw/Gebouw.16122861/0","properties":{"source":"Digitaal Vlaanderen Gebouwenregister","source_id":"gebouw/Gebouw.16122861/0","kind":"building","height_m":9.32,"status":null},"geometry":{"type":"Polygon","coordinates":[[[4.02606726,50.95081352],[4.0260469,50.95086515],[4.02602958,50.95086259],[4.02601388,50.95086027],[4.02598927,50.95085664],[4.02598051,50.95085535],[4.02600601,50.95080448],[4.02602858,50.95080781],[4.02606726,50.95081352]]]}},{"type":"Feature","id":"gebouw/Gebouw.16127579/0","properties":{"source":"Digitaal Vlaanderen Gebouwenregister","source_id":"gebouw/Gebouw.16127579/0","kind":"building","height_m":9.32,"status":null},"geometry":{"type":"Polygon","coordinates":[[[4.01845351,50.94924152],[4.01850313,50.94919873],[4.01830637,50.94910769],[4.01825675,50.94915048],[4.01845351,50.94924152]]]}},{"type":"Feature","id":"gebouw/Gebouw.16127879/0","properties":{"source":"Digitaal Vlaanderen Gebouwenregister","source_id":"gebouw/Gebouw.16127879/0","kind":"building","height_m":8.6,"status":null},"geometry":{"type":"Polygon","coordinates":[[[4.017976,50.94921891],[4.01797956,50.94921479],[4.01805442,50.94923566],[4.01805061,50.94924385],[4.01812286,50.94926452],[4.01806483,50.94935601],[4.01805701,50.94935403],[4.01804972,50.94936551],[4.01799777,50.94935235],[4.01799217,50.94936119],[4.01789209,50.94933585],[4.01790802,50.94931075],[4.01788058,50.94930381],[4.01791102,50.94925581],[4.0179208,50.94925829],[4.01794996,50.94921232],[4.017976,50.94921891]]]}},{"type":"Feature","id":"gebouw/Gebouw.16127907/0","properties":{"source":"Digitaal Vlaanderen Gebouwenregister","source_id":"gebouw/Gebouw.16127907/0","kind":"building","height_m":8.6,"status":null},"geometry":{"type":"Polygon","coordinates":[[[4.02447583,50.94902651],[4.02438561,50.94907468],[4.02434634,50.94904627],[4.02440385,50.94901742],[4.02436739,50.94898863],[4.02430801,50.94901854],[4.02429875,50.94901184],[4.02418875,50.94893227],[4.02422412,50.94891398],[4.02434892,50.94892151],[4.02437225,50.94894046],[4.02438322,50.94894929],[4.0244777,50.94902534],[4.02447583,50.94902651]]]}},{"type":"Feature","id":"gebouw/Gebouw.16132826/0","properties":{"source":"Digitaal Vlaanderen Gebouwenregister","source_id":"gebouw/Gebouw.16132826/0","kind":"building","height_m":7.16,"status":null},"geometry":{"type":"Polygon","coordinates":[[[4.02577421,50.95206462],[4.0257544,50.9521189],[4.02558938,50.9520945],[4.02559357,50.95208318],[4.02556413,50.95207883],[4.02558006,50.95203589],[4.02577421,50.95206462]]]}},{"type":"Feature","id":"gebouw/Gebouw.16132956/0","properties":{"source":"Digitaal Vlaanderen Gebouwenregister","source_id":"gebouw/Gebouw.16132956/0","kind":"building","height_m":5.0,"status":null},"geometry":{"type":"Polygon","coordinates":[[[4.0195543,50.95053226],[4.01955239,50.95052824],[4.01954118,50.95050463],[4.01950787,50.95043447],[4.019467,50.95044116],[4.01948048,50.95047159],[4.01946048,50.95047502],[4.01947992,50.95051892],[4.01952687,50.95053581],[4.0195543,50.95053226]]]}},{"type":"Feature","id":"gebouw/Gebouw.16138062/0","properties":{"source":"Digitaal Vlaanderen Gebouwenregister","source_id":"gebouw/Gebouw.16138062/0","kind":"building","height_m":7.16,"status":null},"geometry":{"type":"Polygon","coordinates":[[[4.02043121,50.95012073],[4.02034567,50.95014218],[4.0203966,50.9502232],[4.02033527,50.95023859],[4.02035414,50.95026861],[4.02040824,50.95025504],[4.02044753,50.95031754],[4.02049156,50.9503065],[4.02049673,50.95031472],[4.02059472,50.95029015],[4.02052769,50.95018353],[4.02047845,50.95019588],[4.02043121,50.95012073]]]}},{"type":"Feature","id":"gebouw/Gebouw.16138633/0","properties":{"source":"Digitaal Vlaanderen Gebouwenregister","source_id":"gebouw/Gebouw.16138633/0","kind":"building","height_m":5.0,"status":null},"geometry":{"type":"Polygon","coordinates":[[[4.01813982,50.95138135],[4.01811721,50.95140581],[4.01806229,50.95146526],[4.01809344,50.95147652],[4.01808529,50.95148549],[4.01791926,50.9514245],[4.01798223,50.95135502],[4.01801857,50.95136849],[4.01804064,50.95134461],[4.01813982,50.95138135]]]}},{"type":"Feature","id":"gebouw/Gebouw.16140561/0","properties":{"source":"Digitaal Vlaanderen Gebouwenregister","source_id":"gebouw/Gebouw.16140561/0","kind":"building","height_m":7.16,"status":null},"geometry":{"type":"Polygon","coordinates":[[[4.01721502,50.94990593],[4.01723731,50.94991329],[4.01720821,50.94996882],[4.01728319,50.94999357],[4.01725447,50.95002829],[4.01724001,50.95002352],[4.01721086,50.95005875],[4.01719303,50.95005287],[4.01716144,50.95009098],[4.01707924,50.95006384],[4.01721502,50.94990593]]]}},{"type":"Feature","id":"gebouw/Gebouw.16148075/0","properties":{"source":"Digitaal Vlaanderen Gebouwenregister","source_id":"gebouw/Gebouw.16148075/0","kind":"building","height_m":9.32,"status":null},"geometry":{"type":"Polygon","coordinates":[[[4.02693171,50.95424731],[4.02686678,50.95429559],[4.02678137,50.9542492],[4.02677196,50.95424409],[4.02681143,50.95421474],[4.02663272,50.95418542],[4.02664055,50.95416297],[4.02664204,50.9541587],[4.02667705,50.95416447],[4.02681476,50.95418716],[4.02693171,50.95424731]]]}},{"type":"Feature","id":"gebouw/Gebouw.16155424/0","properties":{"source":"Digitaal Vlaanderen Gebouwenregister","source_id":"gebouw/Gebouw.16155424/0","kind":"building","height_m":8.6,"status":null},"geometry":{"type":"Polygon","coordinates":[[[4.02377489,50.94987753],[4.0237518,50.94991444],[4.02368336,50.94989868],[4.02362124,50.94988417],[4.02361365,50.94988239],[4.02362383,50.94986487],[4.02360734,50.94986105],[4.02359756,50.94987712],[4.02353792,50.94986152],[4.02355673,50.94982887],[4.02361667,50.94979723],[4.02369963,50.94981494],[4.02380056,50.94983649],[4.02377489,50.94987753]]]}},{"type":"Feature","id":"gebouw/Gebouw.16157617/0","properties":{"source":"Digitaal Vlaanderen Gebouwenregister","source_id":"gebouw/Gebouw.16157617/0","kind":"building","height_m":5.0,"status":null},"geometry":{"type":"Polygon","coordinates":[[[4.02515079,50.95153495],[4.02519553,50.95154176],[4.02518151,50.95157846],[4.02513677,50.95157164],[4.02515079,50.95153495]]]}},{"type":"Feature","id":"gebouw/Gebouw.16165858/0","properties":{"source":"Digitaal Vlaanderen Gebouwenregister","source_id":"gebouw/Gebouw.16165858/0","kind":"building","height_m":6.44,"status":null},"geometry":{"type":"Polygon","coordinates":[[[4.02656382,50.95382991],[4.02655683,50.95382889],[4.02651652,50.95382295],[4.02648577,50.95390213],[4.02638539,50.95388654],[4.02643582,50.95376838],[4.02645584,50.95377172],[4.02645254,50.95377965],[4.02651661,50.95379029],[4.02652565,50.95376578],[4.02653627,50.95373697],[4.02659354,50.95374539],[4.02657471,50.95379893],[4.02656382,50.95382991]]]}},{"type":"Feature","id":"gebouw/Gebouw.16170176/0","properties":{"source":"Digitaal Vlaanderen Gebouwenregister","source_id":"gebouw/Gebouw.16170176/0","kind":"building","height_m":5.72,"status":null},"geometry":{"type":"Polygon","coordinates":[[[4.02385039,50.94984645],[4.02380056,50.94983649],[4.02377489,50.94987753],[4.02377399,50.94987896],[4.0237518,50.94991444],[4.02374837,50.94992034],[4.02379625,50.94993163],[4.02381116,50.94990291],[4.02381634,50.94990406],[4.02385039,50.94984645]]]}},{"type":"Feature","id":"gebouw/Gebouw.16172769/0","properties":{"source":"Digitaal Vlaanderen Gebouwenregister","source_id":"gebouw/Gebouw.16172769/0","kind":"building","height_m":7.88,"status":null},"geometry":{"type":"Polygon","coordinates":[[[4.02469829,50.95045078],[4.02464567,50.95043715],[4.02464035,50.95043577],[4.02464664,50.95042682],[4.0246515,50.95042813],[4.0246576,50.95041869],[4.02470151,50.95035073],[4.02474407,50.95028488],[4.02480754,50.95030136],[4.02476565,50.9503662],[4.02471466,50.9504451],[4.02470335,50.95044206],[4.02469829,50.95045078]]]}},{"type":"Feature","id":"gebouw/Gebouw.16173402/0","properties":{"source":"Digitaal Vlaanderen Gebouwenregister","source_id":"gebouw/Gebouw.16173402/0","kind":"building","height_m":5.0,"status":null},"geometry":{"type":"Polygon","coordinates":[[[4.02540926,50.95045431],[4.02538936,50.95056462],[4.02536605,50.95063064],[4.02536575,50.95063139],[4.0253632,50.95063783],[4.02529878,50.95063057],[4.02532287,50.95056927],[4.02533841,50.95052973],[4.02534356,50.95045224],[4.02540926,50.95045431]]]}},{"type":"Feature","id":"gebouw/Gebouw.16187264/0","properties":{"source":"Digitaal Vlaanderen Gebouwenregister","source_id":"gebouw/Gebouw.16187264/0","kind":"building","height_m":6.44,"status":null},"geometry":{"type":"Polygon","coordinates":[[[4.02411176,50.9488393],[4.02407454,50.94886164],[4.02395915,50.94878353],[4.02394259,50.94877233],[4.02397705,50.94875277],[4.02402177,50.94878423],[4.02404883,50.94876888],[4.02401487,50.94874586],[4.024049,50.94871772],[4.0241289,50.94876151],[4.02409172,50.94878638],[4.02414306,50.94882051],[4.02411176,50.9488393]]]}},{"type":"Feature","id":"gebouw/Gebouw.16187575/0","properties":{"source":"Digitaal Vlaanderen Gebouwenregister","source_id":"gebouw/Gebouw.16187575/0","kind":"building","height_m":8.6,"status":null},"geometry":{"type":"Polygon","coordinates":[[[4.02423443,50.94914104],[4.02422153,50.94914794],[4.02420558,50.94915648],[4.02419094,50.94914556],[4.02416166,50.94916123],[4.02408143,50.94910336],[4.02398869,50.94903648],[4.02403708,50.94901019],[4.02418039,50.94910521],[4.02423443,50.94914104]]]}},{"type":"Feature","id":"gebouw/Gebouw.16189295/0","properties":{"source":"Digitaal Vlaanderen Gebouwenregister","source_id":"gebouw/Gebouw.16189295/0","kind":"building","height_m":7.16,"status":null},"geometry":{"type":"Polygon","coordinates":[[[4.0240901,50.94919952],[4.02410988,50.94921388],[4.02408265,50.9492294],[4.02403311,50.94919472],[4.02400912,50.9492084],[4.02388059,50.94911842],[4.02392307,50.94907596],[4.02404436,50.94916568],[4.0240901,50.94919952]]]}},{"type":"Feature","id":"gebouw/Gebouw.16194820/0","properties":{"source":"Digitaal Vlaanderen Gebouwenregister","source_id":"gebouw/Gebouw.16194820/0","kind":"building","height_m":8.6,"status":null},"geometry":{"type":"Polygon","coordinates":[[[4.02674385,50.95358777],[4.02674777,50.95358827],[4.02673121,50.95363992],[4.02663662,50.95362734],[4.02665303,50.95357618],[4.02671058,50.95358355],[4.02671227,50.95357828],[4.02674553,50.95358254],[4.02674385,50.95358777]]]}},{"type":"Feature","id":"gebouw/Gebouw.16203546/0","properties":{"source":"Digitaal Vlaanderen Gebouwenregister","source_id":"gebouw/Gebouw.16203546/0","kind":"building","height_m":6.44,"status":null},"geometry":{"type":"Polygon","coordinates":[[[4.0190229,50.94894819],[4.01891301,50.94889383],[4.01890964,50.94889632],[4.01887299,50.94887784],[4.01883311,50.94891513],[4.0188657,50.94893024],[4.01890553,50.94894871],[4.01886667,50.94898215],[4.01882684,50.94896367],[4.01878853,50.94899664],[4.01890424,50.9490503],[4.0190229,50.94894819]]]}},{"type":"Feature","id":"gebouw/Gebouw.16208317/0","properties":{"source":"Digitaal Vlaanderen Gebouwenregister","source_id":"gebouw/Gebouw.16208317/0","kind":"building","height_m":9.32,"status":null},"geometry":{"type":"Polygon","coordinates":[[[4.0253085,50.95205454],[4.02530836,50.95205452],[4.02514303,50.95202983],[4.02510808,50.9521302],[4.0251808,50.95214106],[4.02526538,50.95215368],[4.02527121,50.95215455],[4.0253085,50.95205454]]]}},{"type":"Feature","id":"gebouw/Gebouw.16208564/0","properties":{"source":"Digitaal Vlaanderen Gebouwenregister","source_id":"gebouw/Gebouw.16208564/0","kind":"building","height_m":5.72,"status":null},"geometry":{"type":"Polygon","coordinates":[[[4.02284745,50.95502541],[4.02276086,50.95501161],[4.022772,50.95498372],[4.02285859,50.95499751],[4.02284745,50.95502541]]]}},{"type":"Feature","id":"gebouw/Gebouw.16211000/0","properties":{"source":"Digitaal Vlaanderen Gebouwenregister","source_id":"gebouw/Gebouw.16211000/0","kind":"building","height_m":5.72,"status":null},"geometry":{"type":"Polygon","coordinates":[[[4.02584423,50.95151114],[4.02582471,50.95156409],[4.02556991,50.95152535],[4.02559928,50.95144585],[4.02567978,50.95145808],[4.02566969,50.95148548],[4.02584423,50.95151114]]]}},{"type":"Feature","id":"gebouw/Gebouw.16214138/0","properties":{"source":"Digitaal Vlaanderen Gebouwenregister","source_id":"gebouw/Gebouw.16214138/0","kind":"building","height_m":7.16,"status":null},"geometry":{"type":"Polygon","coordinates":[[[4.02384125,50.95090396],[4.02376099,50.95089128],[4.02378004,50.95084435],[4.02378154,50.95084428],[4.02385934,50.95085827],[4.02384125,50.95090396]]]}},{"type":"Feature","id":"gebouw/Gebouw.16214240/0","properties":{"source":"Digitaal Vlaanderen Gebouwenregister","source_id":"gebouw/Gebouw.16214240/0","kind":"building","height_m":5.0,"status":null},"geometry":{"type":"Polygon","coordinates":[[[4.01999227,50.94903559],[4.01998057,50.94905516],[4.01981573,50.9490143],[4.01982808,50.94899368],[4.01999227,50.94903559]]]}},{"type":"Feature","id":"gebouw/Gebouw.16219729/0","properties":{"source":"Digitaal Vlaanderen Gebouwenregister","source_id":"gebouw/Gebouw.16219729/0","kind":"building","height_m":5.72,"status":null},"geometry":{"type":"Polygon","coordinates":[[[4.02158891,50.95035211],[4.02170847,50.95031623],[4.02161534,50.95019296],[4.02147719,50.95023545],[4.02154806,50.95033208],[4.02156931,50.95032589],[4.02158891,50.95035211]]]}},{"type":"Feature","id":"gebouw/Gebouw.16224990/0","properties":{"source":"Digitaal Vlaanderen Gebouwenregister","source_id":"gebouw/Gebouw.16224990/0","kind":"building","height_m":8.6,"status":null},"geometry":{"type":"Polygon","coordinates":[[[4.02361712,50.94919736],[4.02355538,50.94924857],[4.02353665,50.9492641],[4.0235289,50.94926209],[4.02349051,50.94925952],[4.02346828,50.94925803],[4.02342776,50.94923962],[4.02351931,50.94915276],[4.02361712,50.94919736]]]}},{"type":"Feature","id":"gebouw/Gebouw.16225039/0","properties":{"source":"Digitaal Vlaanderen Gebouwenregister","source_id":"gebouw/Gebouw.16225039/0","kind":"building","height_m":8.6,"status":null},"geometry":{"type":"Polygon","coordinates":[[[4.02469004,50.95070617],[4.0247337,50.95071813],[4.02471548,50.95074467],[4.02467182,50.95073272],[4.02469004,50.95070617]]]}},{"type":"Feature","id":"gebouw/Gebouw.16227720/0","properties":{"source":"Digitaal Vlaanderen Gebouwenregister","source_id":"gebouw/Gebouw.16227720/0","kind":"building","height_m":8.6,"status":null},"geometry":{"type":"Polygon","coordinates":[[[4.02661577,50.95036854],[4.02653276,50.95037224],[4.0265164,50.95025153],[4.02651454,50.95023783],[4.02651436,50.9502363],[4.02659731,50.95023239],[4.02659741,50.95023323],[4.02661577,50.95036854]]]}},{"type":"Feature","id":"gebouw/Gebouw.16229413/0","properties":{"source":"Digitaal Vlaanderen Gebouwenregister","source_id":"gebouw/Gebouw.16229413/0","kind":"building","height_m":7.88,"status":null},"geometry":{"type":"Polygon","coordinates":[[[4.02638218,50.9540602],[4.02645101,50.95407004],[4.02644516,50.95408635],[4.02651344,50.95409612],[4.02647148,50.95421315],[4.02646498,50.95421222],[4.02645526,50.95423933],[4.02633731,50.95422245],[4.0263435,50.95420004],[4.02638218,50.9540602]]]}},{"type":"Feature","id":"gebouw/Gebouw.16231638/0","properties":{"source":"Digitaal Vlaanderen Gebouwenregister","source_id":"gebouw/Gebouw.16231638/0","kind":"building","height_m":7.16,"status":null},"geometry":{"type":"Polygon","coordinates":[[[4.02079256,50.94969158],[4.02068893,50.94964366],[4.02074826,50.94959465],[4.02087632,50.94965324],[4.02079256,50.94969158]]]}},{"type":"Feature","id":"gebouw/Gebouw.16231891/0","properties":{"source":"Digitaal Vlaanderen Gebouwenregister","source_id":"gebouw/Gebouw.16231891/0","kind":"building","height_m":7.88,"status":null},"geometry":{"type":"Polygon","coordinates":[[[4.02407454,50.94886164],[4.02395915,50.94878353],[4.02387611,50.94883057],[4.02399303,50.94891034],[4.02402814,50.94888936],[4.02403419,50.94888575],[4.02407454,50.94886164]]]}},{"type":"Feature","id":"gebouw/Gebouw.16234165/0","properties":{"source":"Digitaal Vlaanderen Gebouwenregister","source_id":"gebouw/Gebouw.16234165/0","kind":"building","height_m":7.16,"status":null},"geometry":{"type":"Polygon","coordinates":[[[4.01979179,50.94882524],[4.0195951,50.94874098],[4.01949117,50.9488333],[4.0195703,50.94887176],[4.019636,50.94881214],[4.01975896,50.94886147],[4.01979179,50.94882524]]]}},{"type":"Feature","id":"gebouw/Gebouw.16235088/0","properties":{"source":"Digitaal Vlaanderen Gebouwenregister","source_id":"gebouw/Gebouw.16235088/0","kind":"building","height_m":6.44,"status":null},"geometry":{"type":"Polygon","coordinates":[[[4.02596917,50.95023248],[4.0259914,50.95037258],[4.02592722,50.95036894],[4.02589724,50.95021433],[4.02589722,50.95021423],[4.02589054,50.95017696],[4.02591456,50.9501753],[4.02591574,50.95018209],[4.02595271,50.95017953],[4.02596198,50.950233],[4.02596917,50.95023248]]]}},{"type":"Feature","id":"gebouw/Gebouw.16237432/0","properties":{"source":"Digitaal Vlaanderen Gebouwenregister","source_id":"gebouw/Gebouw.16237432/0","kind":"building","height_m":5.72,"status":null},"geometry":{"type":"Polygon","coordinates":[[[4.02622254,50.95089106],[4.026092,50.9508718],[4.02608061,50.95090261],[4.02601425,50.95089299],[4.02600563,50.95089174],[4.02599868,50.95091245],[4.02600833,50.95091374],[4.02600722,50.9509172],[4.02606057,50.95092507],[4.0262039,50.95094621],[4.02621045,50.95092862],[4.02620905,50.95092832],[4.02622254,50.95089106]]]}},{"type":"Feature","id":"gebouw/Gebouw.16240161/0","properties":{"source":"Digitaal Vlaanderen Gebouwenregister","source_id":"gebouw/Gebouw.16240161/0","kind":"building","height_m":5.0,"status":null},"geometry":{"type":"Polygon","coordinates":[[[4.02387858,50.94897898],[4.02382832,50.94901007],[4.02367011,50.94893432],[4.02362987,50.94891505],[4.02362973,50.94891498],[4.02365256,50.94889595],[4.0236788,50.94890892],[4.02371845,50.94887727],[4.02373154,50.94888558],[4.02375656,50.94890147],[4.02378695,50.94892077],[4.02387858,50.94897898]]]}},{"type":"Feature","id":"gebouw/Gebouw.16242090/0","properties":{"source":"Digitaal Vlaanderen Gebouwenregister","source_id":"gebouw/Gebouw.16242090/0","kind":"building","height_m":7.88,"status":null},"geometry":{"type":"Polygon","coordinates":[[[4.02576403,50.95018929],[4.02578191,50.95036719],[4.02571278,50.9503662],[4.02570152,50.95013066],[4.02575793,50.95012854],[4.02576403,50.95018929]]]}},{"type":"Feature","id":"gebouw/Gebouw.16245400/0","properties":{"source":"Digitaal Vlaanderen Gebouwenregister","source_id":"gebouw/Gebouw.16245400/0","kind":"building","height_m":7.16,"status":null},"geometry":{"type":"Polygon","coordinates":[[[4.01983893,50.95062817],[4.01988985,50.95061694],[4.01991034,50.950654],[4.01985942,50.95066524],[4.01983893,50.95062817]]]}},{"type":"Feature","id":"gebouw/Gebouw.16253085/0","properties":{"source":"Digitaal Vlaanderen Gebouwenregister","source_id":"gebouw/Gebouw.16253085/0","kind":"building","height_m":6.44,"status":null},"geometry":{"type":"Polygon","coordinates":[[[4.01732594,50.94994221],[4.01736845,50.9499563],[4.01737307,50.94995783],[4.01734026,50.94999734],[4.01729314,50.94998172],[4.01732594,50.94994221]]]}},{"type":"Feature","id":"gebouw/Gebouw.16255859/0","properties":{"source":"Digitaal Vlaanderen Gebouwenregister","source_id":"gebouw/Gebouw.16255859/0","kind":"building","height_m":7.88,"status":null},"geometry":{"type":"Polygon","coordinates":[[[4.02597301,50.95108885],[4.02596174,50.95111992],[4.02612182,50.95114308],[4.02610191,50.95119564],[4.02585382,50.95115729],[4.02586404,50.95113234],[4.02588686,50.9510764],[4.02597301,50.95108885]]]}},{"type":"Feature","id":"gebouw/Gebouw.16257645/0","properties":{"source":"Digitaal Vlaanderen Gebouwenregister","source_id":"gebouw/Gebouw.16257645/0","kind":"building","height_m":8.6,"status":null},"geometry":{"type":"Polygon","coordinates":[[[4.02622375,50.95453124],[4.02626927,50.95448925],[4.02633865,50.95452269],[4.02630879,50.95454529],[4.02629372,50.95453717],[4.02625717,50.95453407],[4.02622375,50.95453124]]]}},{"type":"Feature","id":"gebouw/Gebouw.16263132/0","properties":{"source":"Digitaal Vlaanderen Gebouwenregister","source_id":"gebouw/Gebouw.16263132/0","kind":"building","height_m":7.88,"status":null},"geometry":{"type":"Polygon","coordinates":[[[4.0244247,50.95082482],[4.02445827,50.95079481],[4.02441652,50.95077649],[4.02439545,50.95079564],[4.02434052,50.95077153],[4.02436582,50.95074853],[4.02431862,50.9507276],[4.02416643,50.95066009],[4.02412251,50.95069639],[4.02427142,50.95076827],[4.02428506,50.950757],[4.02433318,50.95077818],[4.0243289,50.95078206],[4.0244247,50.95082482]]]}},{"type":"Feature","id":"gebouw/Gebouw.16265875/0","properties":{"source":"Digitaal Vlaanderen Gebouwenregister","source_id":"gebouw/Gebouw.16265875/0","kind":"building","height_m":7.16,"status":null},"geometry":{"type":"Polygon","coordinates":[[[4.01874754,50.95068979],[4.01871607,50.95074999],[4.01858128,50.95071336],[4.01829047,50.95063435],[4.01832279,50.95058751],[4.01832379,50.95058789],[4.01834246,50.95056082],[4.01840844,50.95057874],[4.01840831,50.95057894],[4.01839192,50.95060271],[4.01844042,50.95061605],[4.01849725,50.95063169],[4.018479,50.95065815],[4.01851248,50.95066737],[4.01854753,50.95061654],[4.01854821,50.95061556],[4.01855244,50.95060943],[4.01862135,50.95062757],[4.0186161,50.95063517],[4.0186055,50.95065054],[4.01866966,50.95066827],[4.01874754,50.95068979]]]}},{"type":"Feature","id":"gebouw/Gebouw.16268224/0","properties":{"source":"Digitaal Vlaanderen Gebouwenregister","source_id":"gebouw/Gebouw.16268224/0","kind":"building","height_m":5.0,"status":null},"geometry":{"type":"Polygon","coordinates":[[[4.01846602,50.95074065],[4.01846334,50.9507441],[4.01846215,50.950746],[4.01843927,50.95078241],[4.01843731,50.95078554],[4.01823379,50.95072895],[4.01824127,50.9507149],[4.0182583,50.95068289],[4.01826195,50.95067603],[4.01829047,50.95063435],[4.01858128,50.95071336],[4.01856653,50.95073518],[4.01848695,50.95071372],[4.01846602,50.95074065]]]}},{"type":"Feature","id":"gebouw/Gebouw.16268637/0","properties":{"source":"Digitaal Vlaanderen Gebouwenregister","source_id":"gebouw/Gebouw.16268637/0","kind":"building","height_m":5.0,"status":null},"geometry":{"type":"Polygon","coordinates":[[[4.02590806,50.9508629],[4.02595718,50.95087098],[4.02594224,50.9509071],[4.02589476,50.9508994],[4.02590806,50.9508629]]]}},{"type":"Feature","id":"gebouw/Gebouw.16268651/0","properties":{"source":"Digitaal Vlaanderen Gebouwenregister","source_id":"gebouw/Gebouw.16268651/0","kind":"building","height_m":5.0,"status":null},"geometry":{"type":"Polygon","coordinates":[[[4.02225282,50.94895001],[4.02223692,50.94897494],[4.0222847,50.94898709],[4.0222693,50.94901357],[4.02223858,50.94900576],[4.02223593,50.94900508],[4.02215792,50.94898522],[4.02200888,50.9489473],[4.02204111,50.94889614],[4.02224284,50.94894747],[4.02225282,50.94895001]]]}},{"type":"Feature","id":"gebouw/Gebouw.16268962/0","properties":{"source":"Digitaal Vlaanderen Gebouwenregister","source_id":"gebouw/Gebouw.16268962/0","kind":"building","height_m":7.16,"status":null},"geometry":{"type":"Polygon","coordinates":[[[4.02534151,50.95118166],[4.02541661,50.95121963],[4.02538014,50.95124235],[4.02531678,50.95120337],[4.02528754,50.95118538],[4.02531012,50.95116579],[4.02534151,50.95118166]]]}},{"type":"Feature","id":"gebouw/Gebouw.16273600/0","properties":{"source":"Digitaal Vlaanderen Gebouwenregister","source_id":"gebouw/Gebouw.16273600/0","kind":"building","height_m":5.0,"status":null},"geometry":{"type":"Polygon","coordinates":[[[4.02440055,50.95071936],[4.02420704,50.95062652],[4.02416643,50.95066009],[4.02431862,50.9507276],[4.02436582,50.95074853],[4.02440723,50.9507681],[4.02441242,50.95077054],[4.02441742,50.95077291],[4.02445203,50.95074368],[4.02440055,50.95071936]]]}},{"type":"Feature","id":"gebouw/Gebouw.16277052/0","properties":{"source":"Digitaal Vlaanderen Gebouwenregister","source_id":"gebouw/Gebouw.16277052/0","kind":"building","height_m":5.72,"status":null},"geometry":{"type":"Polygon","coordinates":[[[4.02666506,50.95381997],[4.0266643,50.95382202],[4.02666044,50.95383246],[4.0266173,50.95394929],[4.02654629,50.95393884],[4.02657277,50.95386707],[4.02656792,50.95386636],[4.02658603,50.95381728],[4.02659042,50.95381793],[4.02659626,50.95380211],[4.02657471,50.95379893],[4.02659354,50.95374539],[4.02659613,50.95373802],[4.02664027,50.95374452],[4.02664958,50.95371926],[4.02669953,50.9537266],[4.02668602,50.95376319],[4.02668068,50.95377766],[4.02666506,50.95381997]]]}},{"type":"Feature","id":"gebouw/Gebouw.16282543/0","properties":{"source":"Digitaal Vlaanderen Gebouwenregister","source_id":"gebouw/Gebouw.16282543/0","kind":"building","height_m":7.88,"status":null},"geometry":{"type":"Polygon","coordinates":[[[4.02404895,50.95075719],[4.02409596,50.95077978],[4.02415124,50.95080637],[4.02432018,50.95088759],[4.02432676,50.95089076],[4.0243087,50.95090514],[4.02432354,50.9509126],[4.02423504,50.95098345],[4.02404782,50.95088951],[4.02404123,50.95088621],[4.02404702,50.95088125],[4.02399811,50.95085846],[4.02394606,50.95083421],[4.02389772,50.95081168],[4.02381309,50.95077225],[4.02388166,50.95071353],[4.02389237,50.95071858],[4.02392159,50.95069344],[4.02404895,50.95075719]]]}},{"type":"Feature","id":"gebouw/Gebouw.16287387/0","properties":{"source":"Digitaal Vlaanderen Gebouwenregister","source_id":"gebouw/Gebouw.16287387/0","kind":"building","height_m":7.88,"status":null},"geometry":{"type":"Polygon","coordinates":[[[4.02553825,50.95045895],[4.02551292,50.9505377],[4.02547513,50.95065519],[4.02547499,50.95065555],[4.02542526,50.95064997],[4.02542951,50.95063259],[4.02543453,50.9506062],[4.02547391,50.95045664],[4.02553825,50.95045895]]]}},{"type":"Feature","id":"gebouw/Gebouw.16288106/0","properties":{"source":"Digitaal Vlaanderen Gebouwenregister","source_id":"gebouw/Gebouw.16288106/0","kind":"building","height_m":6.44,"status":null},"geometry":{"type":"Polygon","coordinates":[[[4.02229016,50.94907408],[4.02228913,50.94907879],[4.02221165,50.94911222],[4.0222149,50.94911522],[4.02208271,50.94917226],[4.02203389,50.9491271],[4.02216616,50.94907788],[4.02214923,50.94905988],[4.02216373,50.94905444],[4.02216989,50.94904456],[4.02227859,50.94907124],[4.02229016,50.94907408]]]}},{"type":"Feature","id":"gebouw/Gebouw.16288112/0","properties":{"source":"Digitaal Vlaanderen Gebouwenregister","source_id":"gebouw/Gebouw.16288112/0","kind":"building","height_m":5.72,"status":null},"geometry":{"type":"Polygon","coordinates":[[[4.02515886,50.95039899],[4.02507163,50.95054466],[4.02501215,50.95052931],[4.0251045,50.95038335],[4.02515886,50.95039899]]]}},{"type":"Feature","id":"gebouw/Gebouw.16293492/0","properties":{"source":"Digitaal Vlaanderen Gebouwenregister","source_id":"gebouw/Gebouw.16293492/0","kind":"building","height_m":8.6,"status":null},"geometry":{"type":"Polygon","coordinates":[[[4.02351931,50.94915276],[4.02342776,50.94923962],[4.02341715,50.94923483],[4.02338815,50.94922173],[4.02338805,50.94922169],[4.02340692,50.94920349],[4.0234008,50.94920056],[4.02347187,50.94913093],[4.02351931,50.94915276]]]}},{"type":"Feature","id":"gebouw/Gebouw.16295661/0","properties":{"source":"Digitaal Vlaanderen Gebouwenregister","source_id":"gebouw/Gebouw.16295661/0","kind":"building","height_m":7.88,"status":null},"geometry":{"type":"Polygon","coordinates":[[[4.02610191,50.95119564],[4.02585382,50.95115729],[4.02584219,50.95118569],[4.02586736,50.9511898],[4.02585796,50.95121275],[4.02587715,50.95121572],[4.02608231,50.9512474],[4.02610191,50.95119564]]]}},{"type":"Feature","id":"gebouw/Gebouw.16297997/0","properties":{"source":"Digitaal Vlaanderen Gebouwenregister","source_id":"gebouw/Gebouw.16297997/0","kind":"building","height_m":6.44,"status":null},"geometry":{"type":"Polygon","coordinates":[[[4.02216989,50.94904456],[4.02216373,50.94905444],[4.02214923,50.94905988],[4.02216616,50.94907788],[4.02203389,50.9491271],[4.02199859,50.94909444],[4.02194725,50.94904718],[4.02197756,50.94899734],[4.02216989,50.94904456]]]}},{"type":"Feature","id":"gebouw/Gebouw.16298689/0","properties":{"source":"Digitaal Vlaanderen Gebouwenregister","source_id":"gebouw/Gebouw.16298689/0","kind":"building","height_m":5.72,"status":null},"geometry":{"type":"Polygon","coordinates":[[[4.02413294,50.94896066],[4.0242669,50.94906152],[4.02418039,50.94910521],[4.02403708,50.94901019],[4.02413294,50.94896066]]]}},{"type":"Feature","id":"gebouw/Gebouw.16300711/0","properties":{"source":"Digitaal Vlaanderen Gebouwenregister","source_id":"gebouw/Gebouw.16300711/0","kind":"building","height_m":5.0,"status":null},"geometry":{"type":"Polygon","coordinates":[[[4.01813351,50.9515032],[4.01808476,50.95155698],[4.01795605,50.9515088],[4.01796231,50.95150289],[4.01787637,50.95147181],[4.01791926,50.9514245],[4.01798077,50.95144709],[4.01805439,50.95147414],[4.01808529,50.95148549],[4.01813351,50.9515032]]]}},{"type":"Feature","id":"gebouw/Gebouw.16308981/0","properties":{"source":"Digitaal Vlaanderen Gebouwenregister","source_id":"gebouw/Gebouw.16308981/0","kind":"building","height_m":7.16,"status":null},"geometry":{"type":"Polygon","coordinates":[[[4.02467222,50.95026623],[4.02462891,50.95033323],[4.02460337,50.95037273],[4.02458575,50.95036799],[4.02459328,50.95035681],[4.02461193,50.95032913],[4.02454131,50.95031014],[4.02452354,50.95030536],[4.02456812,50.95023921],[4.02463647,50.95025695],[4.02467222,50.95026623]]]}},{"type":"Feature","id":"gebouw/Gebouw.16309061/0","properties":{"source":"Digitaal Vlaanderen Gebouwenregister","source_id":"gebouw/Gebouw.16309061/0","kind":"building","height_m":9.32,"status":null},"geometry":{"type":"Polygon","coordinates":[[[4.02584488,50.94992208],[4.02578615,50.94992547],[4.02577923,50.94988118],[4.02583695,50.94987785],[4.02584488,50.94992208]]]}},{"type":"Feature","id":"gebouw/Gebouw.16310638/0","properties":{"source":"Digitaal Vlaanderen Gebouwenregister","source_id":"gebouw/Gebouw.16310638/0","kind":"building","height_m":5.72,"status":null},"geometry":{"type":"Polygon","coordinates":[[[4.02301746,50.95506416],[4.02296647,50.95505594],[4.02297933,50.95502412],[4.02303032,50.95503234],[4.02301746,50.95506416]]]}},{"type":"Feature","id":"gebouw/Gebouw.16311290/0","properties":{"source":"Digitaal Vlaanderen Gebouwenregister","source_id":"gebouw/Gebouw.16311290/0","kind":"building","height_m":6.44,"status":null},"geometry":{"type":"Polygon","coordinates":[[[4.01960544,50.95040464],[4.0195759,50.95041112],[4.01952362,50.95031591],[4.01966081,50.95028585],[4.01971309,50.95038106],[4.01970955,50.95038183],[4.01960544,50.95040464]]]}},{"type":"Feature","id":"gebouw/Gebouw.16315485/0","properties":{"source":"Digitaal Vlaanderen Gebouwenregister","source_id":"gebouw/Gebouw.16315485/0","kind":"building","height_m":7.88,"status":null},"geometry":{"type":"Polygon","coordinates":[[[4.02068583,50.95091947],[4.02064247,50.95096081],[4.02058933,50.95093857],[4.02063267,50.95089723],[4.02068583,50.95091947]]]}},{"type":"Feature","id":"gebouw/Gebouw.16315805/0","properties":{"source":"Digitaal Vlaanderen Gebouwenregister","source_id":"gebouw/Gebouw.16315805/0","kind":"building","height_m":6.44,"status":null},"geometry":{"type":"Polygon","coordinates":[[[4.02464035,50.95043577],[4.02464664,50.95042682],[4.0246515,50.95042813],[4.0246576,50.95041869],[4.02470151,50.95035073],[4.02474407,50.95028488],[4.02467222,50.95026623],[4.02462891,50.95033323],[4.02460337,50.95037273],[4.02459187,50.95039053],[4.02457395,50.95041825],[4.02456789,50.95042764],[4.02463491,50.95044444],[4.02464035,50.95043577]]]}},{"type":"Feature","id":"gebouw/Gebouw.16318441/0","properties":{"source":"Digitaal Vlaanderen Gebouwenregister","source_id":"gebouw/Gebouw.16318441/0","kind":"building","height_m":9.32,"status":null},"geometry":{"type":"Polygon","coordinates":[[[4.02642717,50.95037783],[4.02635107,50.95038112],[4.02633559,50.95023875],[4.02636441,50.95023737],[4.0263745,50.95022946],[4.02640751,50.95022792],[4.02642717,50.95037783]]]}},{"type":"Feature","id":"gebouw/Gebouw.16320215/0","properties":{"source":"Digitaal Vlaanderen Gebouwenregister","source_id":"gebouw/Gebouw.16320215/0","kind":"building","height_m":6.44,"status":null},"geometry":{"type":"Polygon","coordinates":[[[4.02229643,50.94889383],[4.02231413,50.94889735],[4.02235118,50.94890473],[4.02231124,50.94896488],[4.02227784,50.94895638],[4.02225282,50.94895001],[4.02224284,50.94894747],[4.02204111,50.94889614],[4.02207221,50.94884678],[4.02225467,50.94888507],[4.02229643,50.94889383]]]}},{"type":"Feature","id":"gebouw/Gebouw.16323520/0","properties":{"source":"Digitaal Vlaanderen Gebouwenregister","source_id":"gebouw/Gebouw.16323520/0","kind":"building","height_m":7.16,"status":null},"geometry":{"type":"Polygon","coordinates":[[[4.02061193,50.95005312],[4.02071608,50.95002324],[4.02077347,50.95010306],[4.02083649,50.95008498],[4.0208747,50.95013812],[4.02083227,50.95015029],[4.02085252,50.95017845],[4.02076822,50.95020263],[4.02076265,50.95019488],[4.0207222,50.95020649],[4.02061193,50.95005312]]]}},{"type":"Feature","id":"gebouw/Gebouw.16328262/0","properties":{"source":"Digitaal Vlaanderen Gebouwenregister","source_id":"gebouw/Gebouw.16328262/0","kind":"building","height_m":9.32,"status":null},"geometry":{"type":"Polygon","coordinates":[[[4.02545423,50.95108401],[4.0253754,50.9510716],[4.02539959,50.95101026],[4.02547911,50.95102325],[4.02545423,50.95108401]]]}},{"type":"Feature","id":"gebouw/Gebouw.16329167/0","properties":{"source":"Digitaal Vlaanderen Gebouwenregister","source_id":"gebouw/Gebouw.16329167/0","kind":"building","height_m":5.72,"status":null},"geometry":{"type":"Polygon","coordinates":[[[4.0260463,50.95050083],[4.02597842,50.95049032],[4.02594796,50.95056569],[4.02592881,50.95061307],[4.02590671,50.95066775],[4.02590666,50.95066787],[4.02590108,50.95068247],[4.02589335,50.95070266],[4.02596404,50.95071318],[4.02596801,50.95070294],[4.02601656,50.9505776],[4.0260463,50.95050083]]]}},{"type":"Feature","id":"gebouw/Gebouw.16341182/0","properties":{"source":"Digitaal Vlaanderen Gebouwenregister","source_id":"gebouw/Gebouw.16341182/0","kind":"building","height_m":7.88,"status":null},"geometry":{"type":"Polygon","coordinates":[[[4.02478509,50.95045383],[4.02476697,50.95045918],[4.02471466,50.9504451],[4.02476565,50.9503662],[4.02480754,50.95030136],[4.02492267,50.95033113],[4.02486454,50.95041231],[4.02484153,50.95044711],[4.02479834,50.95043499],[4.02478509,50.95045383]]]}},{"type":"Feature","id":"gebouw/Gebouw.16344420/0","properties":{"source":"Digitaal Vlaanderen Gebouwenregister","source_id":"gebouw/Gebouw.16344420/0","kind":"building","height_m":5.72,"status":null},"geometry":{"type":"Polygon","coordinates":[[[4.02532436,50.95104918],[4.02537014,50.95105707],[4.02535689,50.95108778],[4.0253111,50.9510799],[4.02532436,50.95104918]]]}},{"type":"Feature","id":"gebouw/Gebouw.16362874/0","properties":{"source":"Digitaal Vlaanderen Gebouwenregister","source_id":"gebouw/Gebouw.16362874/0","kind":"building","height_m":7.16,"status":null},"geometry":{"type":"Polygon","coordinates":[[[4.02643582,50.95376838],[4.02638539,50.95388654],[4.02628811,50.95387148],[4.02632882,50.95376682],[4.02634162,50.95376881],[4.0263857,50.95377564],[4.02638944,50.95376602],[4.02638515,50.95376536],[4.0263863,50.95376258],[4.02639989,50.95372997],[4.02644875,50.95373808],[4.02643582,50.95376838]]]}},{"type":"Feature","id":"gebouw/Gebouw.16368888/0","properties":{"source":"Digitaal Vlaanderen Gebouwenregister","source_id":"gebouw/Gebouw.16368888/0","kind":"building","height_m":7.88,"status":null},"geometry":{"type":"Polygon","coordinates":[[[4.02583096,50.95021441],[4.02589724,50.95021433],[4.02592722,50.95036894],[4.02585158,50.95036794],[4.02583096,50.95021441]]]}},{"type":"Feature","id":"gebouw/Gebouw.16370747/0","properties":{"source":"Digitaal Vlaanderen Gebouwenregister","source_id":"gebouw/Gebouw.16370747/0","kind":"building","height_m":5.72,"status":null},"geometry":{"type":"Polygon","coordinates":[[[4.02648016,50.9543723],[4.02647309,50.95440066],[4.02645541,50.95440134],[4.02645029,50.95440272],[4.02644515,50.95440667],[4.02635972,50.95439915],[4.02636803,50.95436219],[4.02639964,50.9543649],[4.02648016,50.9543723]]]}},{"type":"Feature","id":"gebouw/Gebouw.16371187/0","properties":{"source":"Digitaal Vlaanderen Gebouwenregister","source_id":"gebouw/Gebouw.16371187/0","kind":"building","height_m":5.0,"status":null},"geometry":{"type":"Polygon","coordinates":[[[4.02568937,50.94993853],[4.02569521,50.94999565],[4.02574142,50.94999287],[4.02573628,50.94993711],[4.02568937,50.94993853]]]}},{"type":"Feature","id":"gebouw/Gebouw.16381458/0","properties":{"source":"Digitaal Vlaanderen Gebouwenregister","source_id":"gebouw/Gebouw.16381458/0","kind":"building","height_m":6.44,"status":null},"geometry":{"type":"Polygon","coordinates":[[[4.02585885,50.95077867],[4.02584477,50.95082304],[4.02581757,50.95081851],[4.02583126,50.95077518],[4.02585885,50.95077867]]]}},{"type":"Feature","id":"gebouw/Gebouw.16390327/0","properties":{"source":"Digitaal Vlaanderen Gebouwenregister","source_id":"gebouw/Gebouw.16390327/0","kind":"building","height_m":6.44,"status":null},"geometry":{"type":"Polygon","coordinates":[[[4.02161257,50.94892771],[4.02157566,50.94900486],[4.02154548,50.94906791],[4.02148168,50.94905573],[4.02149132,50.94903559],[4.02147631,50.94903272],[4.0214969,50.94898969],[4.02153376,50.94891266],[4.02161257,50.94892771]]]}},{"type":"Feature","id":"gebouw/Gebouw.16397756/0","properties":{"source":"Digitaal Vlaanderen Gebouwenregister","source_id":"gebouw/Gebouw.16397756/0","kind":"building","height_m":7.88,"status":null},"geometry":{"type":"Polygon","coordinates":[[[4.01831277,50.94955157],[4.01836868,50.94957365],[4.01834581,50.94959675],[4.01828991,50.94957467],[4.01831277,50.94955157]]]}},{"type":"Feature","id":"gebouw/Gebouw.16398078/0","properties":{"source":"Digitaal Vlaanderen Gebouwenregister","source_id":"gebouw/Gebouw.16398078/0","kind":"building","height_m":7.88,"status":null},"geometry":{"type":"Polygon","coordinates":[[[4.02508818,50.9486846],[4.02511364,50.94870474],[4.02499355,50.94876506],[4.02501689,50.9487836],[4.02488248,50.94885111],[4.02483039,50.94880811],[4.02496116,50.94874545],[4.02500856,50.94872274],[4.02501269,50.94872076],[4.02508818,50.9486846]]]}},{"type":"Feature","id":"gebouw/Gebouw.16403590/0","properties":{"source":"Digitaal Vlaanderen Gebouwenregister","source_id":"gebouw/Gebouw.16403590/0","kind":"building","height_m":5.0,"status":null},"geometry":{"type":"Polygon","coordinates":[[[4.02546704,50.9501808],[4.02542217,50.95036203],[4.02535145,50.95036104],[4.02540601,50.95021045],[4.0254255,50.95015664],[4.02547207,50.95016179],[4.02546704,50.9501808]]]}},{"type":"Feature","id":"gebouw/Gebouw.16405904/0","properties":{"source":"Digitaal Vlaanderen Gebouwenregister","source_id":"gebouw/Gebouw.16405904/0","kind":"building","height_m":7.88,"status":null},"geometry":{"type":"Polygon","coordinates":[[[4.01742176,50.94989206],[4.01742712,50.94989394],[4.01740332,50.94992098],[4.01739901,50.94991946],[4.01735483,50.94990394],[4.01737863,50.94987691],[4.01742176,50.94989206]]]}},{"type":"Feature","id":"gebouw/Gebouw.16408555/0","properties":{"source":"Digitaal Vlaanderen Gebouwenregister","source_id":"gebouw/Gebouw.16408555/0","kind":"building","height_m":6.44,"status":null},"geometry":{"type":"Polygon","coordinates":[[[4.0232788,50.94923342],[4.02330428,50.94924349],[4.02328895,50.94925971],[4.02326782,50.94928206],[4.02320976,50.94925944],[4.02323217,50.94923636],[4.02324685,50.94922125],[4.0232788,50.94923342]]]}},{"type":"Feature","id":"gebouw/Gebouw.16411071/0","properties":{"source":"Digitaal Vlaanderen Gebouwenregister","source_id":"gebouw/Gebouw.16411071/0","kind":"building","height_m":8.6,"status":null},"geometry":{"type":"Polygon","coordinates":[[[4.02442421,50.9491026],[4.02444642,50.94911867],[4.02438857,50.9491472],[4.02438562,50.94914867],[4.02438557,50.94914863],[4.02436782,50.94913041],[4.02442421,50.9491026]]]}},{"type":"Feature","id":"gebouw/Gebouw.16413833/0","properties":{"source":"Digitaal Vlaanderen Gebouwenregister","source_id":"gebouw/Gebouw.16413833/0","kind":"building","height_m":6.44,"status":null},"geometry":{"type":"Polygon","coordinates":[[[4.02109031,50.9491709],[4.02108917,50.94917395],[4.02099083,50.94915726],[4.02099714,50.94913956],[4.02101553,50.94914218],[4.02109673,50.94915373],[4.02109038,50.94917071],[4.02109031,50.9491709]]]}},{"type":"Feature","id":"gebouw/Gebouw.16416503/0","properties":{"source":"Digitaal Vlaanderen Gebouwenregister","source_id":"gebouw/Gebouw.16416503/0","kind":"building","height_m":8.6,"status":null},"geometry":{"type":"Polygon","coordinates":[[[4.02583306,50.95067219],[4.02583695,50.95066215],[4.02591026,50.95047989],[4.0258411,50.95046937],[4.02584041,50.9504705],[4.02583895,50.95047006],[4.02583849,50.95047123],[4.02581678,50.95052663],[4.02581018,50.95054348],[4.02577655,50.95063011],[4.02576306,50.95066488],[4.02583188,50.95067523],[4.02583306,50.95067219]]]}},{"type":"Feature","id":"gebouw/Gebouw.16421737/0","properties":{"source":"Digitaal Vlaanderen Gebouwenregister","source_id":"gebouw/Gebouw.16421737/0","kind":"building","height_m":7.16,"status":null},"geometry":{"type":"Polygon","coordinates":[[[4.0257815,50.9516781],[4.02576247,50.95173139],[4.02563135,50.95171143],[4.02562918,50.9517111],[4.02561214,50.95170845],[4.02562016,50.95168674],[4.02558904,50.95168217],[4.02560067,50.9516506],[4.0257815,50.9516781]]]}},{"type":"Feature","id":"gebouw/Gebouw.16422062/0","properties":{"source":"Digitaal Vlaanderen Gebouwenregister","source_id":"gebouw/Gebouw.16422062/0","kind":"building","height_m":9.32,"status":null},"geometry":{"type":"Polygon","coordinates":[[[4.02373351,50.94909667],[4.02369112,50.94913251],[4.02349064,50.94903789],[4.02346243,50.94906198],[4.02340096,50.94903354],[4.02340088,50.94903351],[4.02334313,50.94900679],[4.02337379,50.94898145],[4.02343411,50.94901059],[4.02347458,50.94897735],[4.02349667,50.94898781],[4.02373351,50.94909667]]]}},{"type":"Feature","id":"gebouw/Gebouw.16422316/0","properties":{"source":"Digitaal Vlaanderen Gebouwenregister","source_id":"gebouw/Gebouw.16422316/0","kind":"building","height_m":5.72,"status":null},"geometry":{"type":"Polygon","coordinates":[[[4.02376049,50.94906998],[4.02373351,50.94909667],[4.02349667,50.94898781],[4.02347458,50.94897735],[4.02346966,50.94897502],[4.02351926,50.94893154],[4.02354329,50.94894289],[4.02354479,50.9489436],[4.02354517,50.94894378],[4.02357326,50.94895686],[4.02377822,50.94905245],[4.02376049,50.94906998]]]}},{"type":"Feature","id":"gebouw/Gebouw.16425238/0","properties":{"source":"Digitaal Vlaanderen Gebouwenregister","source_id":"gebouw/Gebouw.16425238/0","kind":"building","height_m":7.88,"status":null},"geometry":{"type":"Polygon","coordinates":[[[4.02102339,50.95005946],[4.02096923,50.95007906],[4.02087546,50.94997565],[4.02099731,50.94993155],[4.02104574,50.94998575],[4.02105608,50.94998214],[4.0210996,50.95003188],[4.02104411,50.95005196],[4.02102339,50.95005946]]]}},{"type":"Feature","id":"gebouw/Gebouw.16430095/0","properties":{"source":"Digitaal Vlaanderen Gebouwenregister","source_id":"gebouw/Gebouw.16430095/0","kind":"building","height_m":7.16,"status":null},"geometry":{"type":"Polygon","coordinates":[[[4.02160756,50.94871272],[4.02160428,50.94871968],[4.02167591,50.94873317],[4.02161522,50.9488617],[4.02163531,50.94886652],[4.02161089,50.94891707],[4.02161083,50.94891719],[4.02160555,50.94891617],[4.02159083,50.94891334],[4.02145284,50.94888674],[4.02147242,50.9488462],[4.02145219,50.9488423],[4.02149753,50.94874844],[4.02147249,50.94874361],[4.02149778,50.94869123],[4.02149847,50.94869136],[4.02159751,50.94871076],[4.0215976,50.94871077],[4.02160756,50.94871272]]]}},{"type":"Feature","id":"gebouw/Gebouw.16432859/0","properties":{"source":"Digitaal Vlaanderen Gebouwenregister","source_id":"gebouw/Gebouw.16432859/0","kind":"building","height_m":6.44,"status":null},"geometry":{"type":"Polygon","coordinates":[[[4.02580047,50.95094546],[4.02579198,50.95096767],[4.02572286,50.95095677],[4.02573134,50.95093489],[4.02580047,50.95094546]]]}},{"type":"Feature","id":"gebouw/Gebouw.16433225/0","properties":{"source":"Digitaal Vlaanderen Gebouwenregister","source_id":"gebouw/Gebouw.16433225/0","kind":"building","height_m":7.88,"status":null},"geometry":{"type":"Polygon","coordinates":[[[4.02007295,50.9502041],[4.02018418,50.95018093],[4.02021761,50.95024497],[4.02020447,50.95024771],[4.02021983,50.95027713],[4.02026298,50.95026814],[4.02030528,50.95034917],[4.02029779,50.95035073],[4.02031114,50.9503763],[4.02023878,50.95039137],[4.02024321,50.95039985],[4.02013449,50.9504225],[4.0201119,50.95037922],[4.02015126,50.95037102],[4.02011681,50.95030503],[4.02012477,50.95030337],[4.02007295,50.9502041]]]}},{"type":"Feature","id":"gebouw/Gebouw.16436155/0","properties":{"source":"Digitaal Vlaanderen Gebouwenregister","source_id":"gebouw/Gebouw.16436155/0","kind":"building","height_m":5.72,"status":null},"geometry":{"type":"Polygon","coordinates":[[[4.02396878,50.95043958],[4.02400605,50.95044837],[4.02394613,50.95054958],[4.0239094,50.95054083],[4.02396878,50.95043958]]]}},{"type":"Feature","id":"gebouw/Gebouw.16446457/0","properties":{"source":"Digitaal Vlaanderen Gebouwenregister","source_id":"gebouw/Gebouw.16446457/0","kind":"building","height_m":9.32,"status":null},"geometry":{"type":"Polygon","coordinates":[[[4.02251131,50.94883886],[4.02254197,50.9488497],[4.02250487,50.94889122],[4.02248525,50.94888457],[4.02241694,50.94886141],[4.02234239,50.94883613],[4.0223334,50.94884631],[4.02222594,50.94881308],[4.02223401,50.94880103],[4.02212021,50.94877183],[4.02215711,50.94871377],[4.02231412,50.94875669],[4.02238813,50.9487855],[4.02238046,50.9487926],[4.02251131,50.94883886]]]}},{"type":"Feature","id":"gebouw/Gebouw.16446883/0","properties":{"source":"Digitaal Vlaanderen Gebouwenregister","source_id":"gebouw/Gebouw.16446883/0","kind":"building","height_m":8.6,"status":null},"geometry":{"type":"Polygon","coordinates":[[[4.02020196,50.94918408],[4.02056772,50.94935493],[4.02050903,50.94940622],[4.02048935,50.94942342],[4.02031046,50.94934315],[4.02021621,50.94942559],[4.01935697,50.94903123],[4.01948428,50.94892366],[4.01982181,50.94907963],[4.01983986,50.94906577],[4.01995065,50.94911508],[4.01997977,50.949092],[4.02008018,50.94913475],[4.0200094,50.94920643],[4.02012032,50.94925436],[4.02020196,50.94918408]]]}},{"type":"Feature","id":"gebouw/Gebouw.16454296/0","properties":{"source":"Digitaal Vlaanderen Gebouwenregister","source_id":"gebouw/Gebouw.16454296/0","kind":"building","height_m":8.6,"status":null},"geometry":{"type":"Polygon","coordinates":[[[4.02566534,50.95092479],[4.0256572,50.95094643],[4.02557742,50.95093446],[4.02556415,50.95093246],[4.02557954,50.95089318],[4.0256717,50.95090785],[4.02566534,50.95092479]]]}},{"type":"Feature","id":"gebouw/Gebouw.16456772/0","properties":{"source":"Digitaal Vlaanderen Gebouwenregister","source_id":"gebouw/Gebouw.16456772/0","kind":"building","height_m":7.16,"status":null},"geometry":{"type":"Polygon","coordinates":[[[4.02569671,50.95046474],[4.02565017,50.95060476],[4.02560967,50.95059905],[4.02555917,50.95059193],[4.02555943,50.95059126],[4.02557635,50.95054204],[4.02560412,50.95046132],[4.02569671,50.95046474]]]}},{"type":"Feature","id":"gebouw/Gebouw.16459294/0","properties":{"source":"Digitaal Vlaanderen Gebouwenregister","source_id":"gebouw/Gebouw.16459294/0","kind":"building","height_m":8.6,"status":null},"geometry":{"type":"Polygon","coordinates":[[[4.02680069,50.95434445],[4.02672582,50.95440022],[4.02664428,50.95439094],[4.02669172,50.95434554],[4.0266586,50.95432533],[4.02658998,50.95430798],[4.02658486,50.95430668],[4.02659968,50.95426675],[4.02669475,50.95428555],[4.02680069,50.95434445]]]}},{"type":"Feature","id":"gebouw/Gebouw.16463982/0","properties":{"source":"Digitaal Vlaanderen Gebouwenregister","source_id":"gebouw/Gebouw.16463982/0","kind":"building","height_m":7.16,"status":null},"geometry":{"type":"Polygon","coordinates":[[[4.02582471,50.95156409],[4.02580149,50.95162626],[4.02565029,50.95160326],[4.02566359,50.95156719],[4.02564891,50.95156504],[4.0256045,50.95155851],[4.02549481,50.95154238],[4.02550467,50.95151568],[4.02556991,50.95152535],[4.02582471,50.95156409]]]}},{"type":"Feature","id":"gebouw/Gebouw.16466320/0","properties":{"source":"Digitaal Vlaanderen Gebouwenregister","source_id":"gebouw/Gebouw.16466320/0","kind":"building","height_m":7.16,"status":null},"geometry":{"type":"Polygon","coordinates":[[[4.0255813,50.95186979],[4.02556879,50.95190272],[4.02538014,50.95187413],[4.02539265,50.95184119],[4.0255813,50.95186979]]]}},{"type":"Feature","id":"gebouw/Gebouw.16466919/0","properties":{"source":"Digitaal Vlaanderen Gebouwenregister","source_id":"gebouw/Gebouw.16466919/0","kind":"building","height_m":5.0,"status":null},"geometry":{"type":"Polygon","coordinates":[[[4.0209622,50.94961456],[4.02087632,50.94965324],[4.02074826,50.94959465],[4.02077104,50.94958499],[4.02080043,50.94957252],[4.02076936,50.94955773],[4.02079425,50.94953735],[4.02082739,50.94955258],[4.0209622,50.94961456]]]}},{"type":"Feature","id":"gebouw/Gebouw.16469114/0","properties":{"source":"Digitaal Vlaanderen Gebouwenregister","source_id":"gebouw/Gebouw.16469114/0","kind":"building","height_m":7.88,"status":null},"geometry":{"type":"Polygon","coordinates":[[[4.02556415,50.95093246],[4.02556189,50.95093824],[4.02548623,50.95092641],[4.02543153,50.95091786],[4.02543285,50.9509145],[4.02543584,50.95090685],[4.02544008,50.95089602],[4.02549736,50.95090497],[4.02560036,50.95064137],[4.02567372,50.95065277],[4.02566135,50.9506843],[4.02565734,50.95069455],[4.02559915,50.95084311],[4.02557954,50.95089318],[4.02556415,50.95093246]]]}},{"type":"Feature","id":"gebouw/Gebouw.16479278/0","properties":{"source":"Digitaal Vlaanderen Gebouwenregister","source_id":"gebouw/Gebouw.16479278/0","kind":"building","height_m":7.88,"status":null},"geometry":{"type":"Polygon","coordinates":[[[4.02120189,50.94920868],[4.02118662,50.94922571],[4.02111824,50.949201],[4.0211323,50.94918498],[4.02120189,50.94920868]]]}},{"type":"Feature","id":"gebouw/Gebouw.16479944/0","properties":{"source":"Digitaal Vlaanderen Gebouwenregister","source_id":"gebouw/Gebouw.16479944/0","kind":"building","height_m":8.6,"status":null},"geometry":{"type":"Polygon","coordinates":[[[4.02651737,50.95451253],[4.02645347,50.95455961],[4.02640546,50.9545332],[4.0263933,50.95454188],[4.02634369,50.95451414],[4.0263529,50.95450756],[4.02636507,50.95449888],[4.02630064,50.95446285],[4.02635239,50.95442483],[4.02641549,50.95445837],[4.02651737,50.95451253]]]}},{"type":"Feature","id":"gebouw/Gebouw.16484852/0","properties":{"source":"Digitaal Vlaanderen Gebouwenregister","source_id":"gebouw/Gebouw.16484852/0","kind":"building","height_m":9.32,"status":null},"geometry":{"type":"Polygon","coordinates":[[[4.0260324,50.95022287],[4.02605455,50.9503762],[4.0259914,50.95037258],[4.02596917,50.95023248],[4.02596778,50.95022562],[4.02596735,50.95022361],[4.0260324,50.95022287]]]}},{"type":"Feature","id":"gebouw/Gebouw.16497790/0","properties":{"source":"Digitaal Vlaanderen Gebouwenregister","source_id":"gebouw/Gebouw.16497790/0","kind":"building","height_m":5.72,"status":null},"geometry":{"type":"Polygon","coordinates":[[[4.0234008,50.94920056],[4.02340692,50.94920349],[4.02338805,50.94922169],[4.02335143,50.949257],[4.02334146,50.949253],[4.02328312,50.94922961],[4.02328017,50.94922843],[4.02325025,50.94921643],[4.02329322,50.94917595],[4.02328369,50.94917134],[4.02323904,50.94914969],[4.02325773,50.94913252],[4.02326125,50.94912928],[4.02324952,50.949124],[4.02327034,50.94910605],[4.02328697,50.94911357],[4.02329145,50.94910961],[4.02332021,50.94912261],[4.02331337,50.94912864],[4.02334415,50.94914255],[4.0233649,50.94912423],[4.02338276,50.9491323],[4.02338974,50.94913546],[4.02342094,50.94910791],[4.02347187,50.94913093],[4.0234008,50.94920056]]]}},{"type":"Feature","id":"gebouw/Gebouw.16500108/0","properties":{"source":"Digitaal Vlaanderen Gebouwenregister","source_id":"gebouw/Gebouw.16500108/0","kind":"building","height_m":6.44,"status":null},"geometry":{"type":"Polygon","coordinates":[[[4.02655726,50.95438103],[4.02648016,50.9543723],[4.02639964,50.9543649],[4.02641877,50.95430306],[4.02648351,50.95431125],[4.02649566,50.9542777],[4.02649605,50.95427661],[4.02651737,50.95421773],[4.02656443,50.95422533],[4.02656351,50.9542276],[4.02661135,50.9542353],[4.02660831,50.95424351],[4.02659968,50.95426675],[4.02658486,50.95430668],[4.02655726,50.95438103]]]}},{"type":"Feature","id":"gebouw/Gebouw.16503047/0","properties":{"source":"Digitaal Vlaanderen Gebouwenregister","source_id":"gebouw/Gebouw.16503047/0","kind":"building","height_m":5.72,"status":null},"geometry":{"type":"Polygon","coordinates":[[[4.02385039,50.94984645],[4.02381634,50.94990406],[4.02381116,50.94990291],[4.02379625,50.94993163],[4.02377272,50.94997694],[4.02376888,50.94998434],[4.02384984,50.95000175],[4.02385964,50.95000386],[4.02387454,50.9499762],[4.0238827,50.9499779],[4.02389549,50.9499536],[4.02390186,50.94995496],[4.02393603,50.94988726],[4.02391213,50.9498595],[4.02385039,50.94984645]]]}},{"type":"Feature","id":"gebouw/Gebouw.16503239/0","properties":{"source":"Digitaal Vlaanderen Gebouwenregister","source_id":"gebouw/Gebouw.16503239/0","kind":"building","height_m":7.88,"status":null},"geometry":{"type":"Polygon","coordinates":[[[4.02083814,50.95036475],[4.02082605,50.95034691],[4.02085673,50.95033835],[4.02087074,50.95035641],[4.02097073,50.95048505],[4.0209647,50.9504866],[4.02097959,50.95051023],[4.02093201,50.95052467],[4.02091651,50.95050455],[4.02090498,50.95050809],[4.02080291,50.95037558],[4.02083814,50.95036475]]]}},{"type":"Feature","id":"gebouw/Gebouw.16504720/0","properties":{"source":"Digitaal Vlaanderen Gebouwenregister","source_id":"gebouw/Gebouw.16504720/0","kind":"building","height_m":5.72,"status":null},"geometry":{"type":"Polygon","coordinates":[[[4.02582393,50.95193417],[4.02579431,50.9520124],[4.02562396,50.95198721],[4.02563625,50.95195472],[4.02566262,50.9519587],[4.02568012,50.95191245],[4.02582393,50.95193417]]]}},{"type":"Feature","id":"gebouw/Gebouw.16504795/0","properties":{"source":"Digitaal Vlaanderen Gebouwenregister","source_id":"gebouw/Gebouw.16504795/0","kind":"building","height_m":9.32,"status":null},"geometry":{"type":"Polygon","coordinates":[[[4.0184243,50.94976322],[4.0183654,50.94983209],[4.01837903,50.94983705],[4.01835289,50.94986597],[4.0183394,50.9498611],[4.01833676,50.94986433],[4.01823806,50.94983365],[4.01832675,50.94973064],[4.0184243,50.94976322]]]}},{"type":"Feature","id":"gebouw/Gebouw.16507787/0","properties":{"source":"Digitaal Vlaanderen Gebouwenregister","source_id":"gebouw/Gebouw.16507787/0","kind":"building","height_m":6.44,"status":null},"geometry":{"type":"Polygon","coordinates":[[[4.02522264,50.95041732],[4.02513927,50.95056208],[4.02507163,50.95054466],[4.02515886,50.95039899],[4.02522264,50.95041732]]]}},{"type":"Feature","id":"gebouw/Gebouw.16508298/0","properties":{"source":"Digitaal Vlaanderen Gebouwenregister","source_id":"gebouw/Gebouw.16508298/0","kind":"building","height_m":6.44,"status":null},"geometry":{"type":"Polygon","coordinates":[[[4.02113247,50.94952631],[4.02104309,50.94946593],[4.0208957,50.94940601],[4.02084831,50.94938675],[4.02081837,50.94941175],[4.02089466,50.94944465],[4.02096341,50.9494743],[4.02095042,50.94948563],[4.02100769,50.94951006],[4.02096398,50.94953345],[4.0210483,50.949575],[4.02113247,50.94952631]]]}},{"type":"Feature","id":"gebouw/Gebouw.16516195/0","properties":{"source":"Digitaal Vlaanderen Gebouwenregister","source_id":"gebouw/Gebouw.16516195/0","kind":"building","height_m":7.16,"status":null},"geometry":{"type":"Polygon","coordinates":[[[4.02501906,50.95167186],[4.02510837,50.95168582],[4.02511245,50.95168645],[4.02512176,50.95166348],[4.02503108,50.95164885],[4.02501906,50.95167186]]]}},{"type":"Feature","id":"gebouw/Gebouw.16679659/0","properties":{"source":"Digitaal Vlaanderen Gebouwenregister","source_id":"gebouw/Gebouw.16679659/0","kind":"building","height_m":7.16,"status":null},"geometry":{"type":"Polygon","coordinates":[[[4.02156671,50.94982616],[4.02146008,50.94987138],[4.02134612,50.94976414],[4.02154672,50.94967908],[4.02155658,50.9496881],[4.02156076,50.94968666],[4.02162295,50.94974296],[4.02161071,50.94974886],[4.02163605,50.94977024],[4.02154736,50.94980803],[4.02156671,50.94982616]]]}},{"type":"Feature","id":"gebouw/Gebouw.16687976/0","properties":{"source":"Digitaal Vlaanderen Gebouwenregister","source_id":"gebouw/Gebouw.16687976/0","kind":"building","height_m":7.88,"status":null},"geometry":{"type":"Polygon","coordinates":[[[4.0254255,50.95015664],[4.02540601,50.95021045],[4.02535145,50.95036104],[4.02528809,50.95034086],[4.0253548,50.95018842],[4.02535503,50.95018788],[4.02537202,50.95014789],[4.0254255,50.95015664]]]}},{"type":"Feature","id":"gebouw/Gebouw.16767177/0","properties":{"source":"Digitaal Vlaanderen Gebouwenregister","source_id":"gebouw/Gebouw.16767177/0","kind":"building","height_m":5.0,"status":null},"geometry":{"type":"Polygon","coordinates":[[[4.02291086,50.94898959],[4.02287489,50.94902261],[4.02280945,50.94899757],[4.02284297,50.94896373],[4.02286762,50.94897312],[4.02291086,50.94898959]]]}},{"type":"Feature","id":"gebouw/Gebouw.16791549/0","properties":{"source":"Digitaal Vlaanderen Gebouwenregister","source_id":"gebouw/Gebouw.16791549/0","kind":"building","height_m":8.6,"status":null},"geometry":{"type":"Polygon","coordinates":[[[4.02492606,50.95081629],[4.02491047,50.95084613],[4.02486036,50.95083834],[4.02487254,50.95080779],[4.02492606,50.95081629]]]}},{"type":"Feature","id":"gebouw/Gebouw.16817242/0","properties":{"source":"Digitaal Vlaanderen Gebouwenregister","source_id":"gebouw/Gebouw.16817242/0","kind":"building","height_m":5.72,"status":null},"geometry":{"type":"Polygon","coordinates":[[[4.02330545,50.94877332],[4.02327382,50.94879846],[4.02323798,50.94878046],[4.02326961,50.94875532],[4.02330545,50.94877332]]]}},{"type":"Feature","id":"gebouw/Gebouw.16817294/0","properties":{"source":"Digitaal Vlaanderen Gebouwenregister","source_id":"gebouw/Gebouw.16817294/0","kind":"building","height_m":7.88,"status":null},"geometry":{"type":"Polygon","coordinates":[[[4.02573134,50.95093489],[4.02572286,50.95095677],[4.0256572,50.95094643],[4.02566534,50.95092479],[4.02573134,50.95093489]]]}},{"type":"Feature","id":"gebouw/Gebouw.16870407/0","properties":{"source":"Digitaal Vlaanderen Gebouwenregister","source_id":"gebouw/Gebouw.16870407/0","kind":"building","height_m":5.72,"status":null},"geometry":{"type":"Polygon","coordinates":[[[4.02576247,50.95173139],[4.02574303,50.95178298],[4.0256119,50.95176303],[4.02561016,50.95176277],[4.02562918,50.9517111],[4.02563135,50.95171143],[4.02576247,50.95173139]]]}},{"type":"Feature","id":"gebouw/Gebouw.16882124/0","properties":{"source":"Digitaal Vlaanderen Gebouwenregister","source_id":"gebouw/Gebouw.16882124/0","kind":"building","height_m":5.0,"status":null},"geometry":{"type":"Polygon","coordinates":[[[4.02574303,50.95178298],[4.02571318,50.95185805],[4.02555783,50.9518334],[4.0255873,50.95175929],[4.02561016,50.95176277],[4.0256119,50.95176303],[4.02574303,50.95178298]]]}},{"type":"Feature","id":"gebouw/Gebouw.18114978/0","properties":{"source":"Digitaal Vlaanderen Gebouwenregister","source_id":"gebouw/Gebouw.18114978/0","kind":"building","height_m":5.0,"status":null},"geometry":{"type":"Polygon","coordinates":[[[4.02197978,50.94936135],[4.02202011,50.94928459],[4.02217695,50.94931746],[4.02213663,50.94939423],[4.02197978,50.94936135]]]}},{"type":"Feature","id":"gebouw/Gebouw.18242622/0","properties":{"source":"Digitaal Vlaanderen Gebouwenregister","source_id":"gebouw/Gebouw.18242622/0","kind":"building","height_m":9.32,"status":null},"geometry":{"type":"Polygon","coordinates":[[[4.02390392,50.95138284],[4.02407867,50.95124138],[4.02430744,50.95135414],[4.02413269,50.9514956],[4.02390392,50.95138284]]]}},{"type":"Feature","id":"gebouw/Gebouw.18729489/0","properties":{"source":"Digitaal Vlaanderen Gebouwenregister","source_id":"gebouw/Gebouw.18729489/0","kind":"building","height_m":6.44,"status":null},"geometry":{"type":"Polygon","coordinates":[[[4.02455504,50.95049344],[4.02455405,50.95049462],[4.02459313,50.95050763],[4.02456333,50.95054932],[4.02444779,50.95051083],[4.0244711,50.95048291],[4.02441673,50.9504648],[4.02443045,50.95044808],[4.02445958,50.95045785],[4.02449179,50.95046986],[4.02452438,50.95048201],[4.0245343,50.95047013],[4.02453772,50.95047126],[4.02456575,50.9504806],[4.02455504,50.95049344]]]}},{"type":"Feature","id":"gebouw/Gebouw.18729743/0","properties":{"source":"Digitaal Vlaanderen Gebouwenregister","source_id":"gebouw/Gebouw.18729743/0","kind":"building","height_m":7.88,"status":null},"geometry":{"type":"Polygon","coordinates":[[[4.02358159,50.94946408],[4.02353872,50.94948727],[4.02351094,50.94946654],[4.02355317,50.94944273],[4.02358159,50.94946408]]]}},{"type":"Feature","id":"gebouw/Gebouw.18729744/0","properties":{"source":"Digitaal Vlaanderen Gebouwenregister","source_id":"gebouw/Gebouw.18729744/0","kind":"building","height_m":8.6,"status":null},"geometry":{"type":"Polygon","coordinates":[[[4.01821931,50.95161768],[4.01819302,50.95164462],[4.0181141,50.95161591],[4.01813889,50.95158869],[4.01821931,50.95161768]]]}},{"type":"Feature","id":"gebouw/Gebouw.18729914/0","properties":{"source":"Digitaal Vlaanderen Gebouwenregister","source_id":"gebouw/Gebouw.18729914/0","kind":"building","height_m":5.0,"status":null},"geometry":{"type":"Polygon","coordinates":[[[4.02587966,50.94974215],[4.02582828,50.94977187],[4.02577033,50.94973316],[4.02582235,50.94970521],[4.02587966,50.94974215]]]}},{"type":"Feature","id":"gebouw/Gebouw.18729915/0","properties":{"source":"Digitaal Vlaanderen Gebouwenregister","source_id":"gebouw/Gebouw.18729915/0","kind":"building","height_m":5.72,"status":null},"geometry":{"type":"Polygon","coordinates":[[[4.02677305,50.94918934],[4.02653473,50.9493053],[4.02648259,50.94926254],[4.02671919,50.94914739],[4.02677305,50.94918934]]]}},{"type":"Feature","id":"gebouw/Gebouw.18942214/0","properties":{"source":"Digitaal Vlaanderen Gebouwenregister","source_id":"gebouw/Gebouw.18942214/0","kind":"building","height_m":7.88,"status":null},"geometry":{"type":"Polygon","coordinates":[[[4.02405632,50.94924145],[4.02401358,50.9492652],[4.02397894,50.94924033],[4.0239337,50.94926548],[4.02390778,50.94924687],[4.02390385,50.94924906],[4.02386769,50.94922204],[4.02388086,50.94921528],[4.02382657,50.94917305],[4.02388059,50.94911842],[4.02400912,50.9492084],[4.02402539,50.94921979],[4.02405632,50.94924145]]]}},{"type":"Feature","id":"gebouw/Gebouw.18964645/0","properties":{"source":"Digitaal Vlaanderen Gebouwenregister","source_id":"gebouw/Gebouw.18964645/0","kind":"building","height_m":5.0,"status":null},"geometry":{"type":"Polygon","coordinates":[[[4.02676317,50.95383299],[4.02671472,50.95396358],[4.0267098,50.95396286],[4.0266173,50.95394929],[4.02666044,50.95383246],[4.0266643,50.95382202],[4.02666506,50.95381997],[4.02676317,50.95383299]]]}},{"type":"Feature","id":"gebouw/Gebouw.18964839/0","properties":{"source":"Digitaal Vlaanderen Gebouwenregister","source_id":"gebouw/Gebouw.18964839/0","kind":"building","height_m":8.6,"status":null},"geometry":{"type":"Polygon","coordinates":[[[4.01706528,50.94985576],[4.01705913,50.94985378],[4.01702424,50.94984253],[4.01700714,50.94986388],[4.01698486,50.9498917],[4.01698915,50.94989307],[4.01697255,50.9499138],[4.01696929,50.94991276],[4.01695528,50.94992806],[4.01691698,50.94991567],[4.01691494,50.94991813],[4.01686979,50.94990315],[4.01687154,50.94990079],[4.01683621,50.94988911],[4.01691243,50.9497948],[4.01691305,50.94979403],[4.01702968,50.94983163],[4.01706958,50.94978224],[4.01709673,50.94974865],[4.01713953,50.94976245],[4.01711297,50.94979582],[4.01706528,50.94985576]]]}},{"type":"Feature","id":"gebouw/Gebouw.18965485/0","properties":{"source":"Digitaal Vlaanderen Gebouwenregister","source_id":"gebouw/Gebouw.18965485/0","kind":"building","height_m":5.0,"status":null},"geometry":{"type":"Polygon","coordinates":[[[4.02147576,50.95012931],[4.02149726,50.95015386],[4.02142025,50.95018074],[4.0213988,50.95015631],[4.02147576,50.95012931]]]}},{"type":"Feature","id":"gebouw/Gebouw.18991870/0","properties":{"source":"Digitaal Vlaanderen Gebouwenregister","source_id":"gebouw/Gebouw.18991870/0","kind":"building","height_m":6.44,"status":null},"geometry":{"type":"Polygon","coordinates":[[[4.02289337,50.94907788],[4.02292743,50.94904468],[4.0229624,50.94905756],[4.02294028,50.94908079],[4.02296583,50.94908995],[4.02298436,50.9490998],[4.02299228,50.94909024],[4.02295529,50.94907486],[4.0229685,50.94906253],[4.02304863,50.94909679],[4.02306904,50.94910551],[4.0230425,50.94913422],[4.0230214,50.94912625],[4.02289337,50.94907788]]]}},{"type":"Feature","id":"gebouw/Gebouw.19013946/0","properties":{"source":"Digitaal Vlaanderen Gebouwenregister","source_id":"gebouw/Gebouw.19013946/0","kind":"building","height_m":5.0,"status":null},"geometry":{"type":"Polygon","coordinates":[[[4.02323109,50.94889586],[4.02319396,50.9489309],[4.0231413,50.94890863],[4.0231371,50.94890686],[4.02317419,50.94887183],[4.02323109,50.94889586]]]}},{"type":"Feature","id":"gebouw/Gebouw.19014092/0","properties":{"source":"Digitaal Vlaanderen Gebouwenregister","source_id":"gebouw/Gebouw.19014092/0","kind":"building","height_m":9.32,"status":null},"geometry":{"type":"Polygon","coordinates":[[[4.02606528,50.95129198],[4.02606423,50.95129473],[4.02605727,50.95131296],[4.02606321,50.95131386],[4.02605529,50.95133453],[4.02604934,50.95133371],[4.02604688,50.95134015],[4.02581678,50.95130462],[4.02581411,50.95130421],[4.02582512,50.9512772],[4.02580062,50.9512732],[4.02580843,50.9512542],[4.02606528,50.95129198]]]}},{"type":"Feature","id":"gebouw/Gebouw.19014129/0","properties":{"source":"Digitaal Vlaanderen Gebouwenregister","source_id":"gebouw/Gebouw.19014129/0","kind":"building","height_m":5.72,"status":null},"geometry":{"type":"Polygon","coordinates":[[[4.02603545,50.95071014],[4.02603047,50.95072316],[4.02596404,50.95071318],[4.02596801,50.95070294],[4.02601656,50.9505776],[4.0260463,50.95050083],[4.02611565,50.95051158],[4.02603545,50.95071014]]]}},{"type":"Feature","id":"gebouw/Gebouw.19014374/0","properties":{"source":"Digitaal Vlaanderen Gebouwenregister","source_id":"gebouw/Gebouw.19014374/0","kind":"building","height_m":5.72,"status":null},"geometry":{"type":"Polygon","coordinates":[[[4.023224,50.94877292],[4.02319636,50.94879667],[4.0231575,50.94877863],[4.02318511,50.94875488],[4.023224,50.94877292]]]}},{"type":"Feature","id":"gebouw/Gebouw.19019666/0","properties":{"source":"Digitaal Vlaanderen Gebouwenregister","source_id":"gebouw/Gebouw.19019666/0","kind":"building","height_m":5.72,"status":null},"geometry":{"type":"Polygon","coordinates":[[[4.0251045,50.95038335],[4.02501215,50.95052931],[4.02500815,50.95052815],[4.02494655,50.95051034],[4.0250493,50.9503671],[4.0251045,50.95038335]]]}},{"type":"Feature","id":"gebouw/Gebouw.19020149/0","properties":{"source":"Digitaal Vlaanderen Gebouwenregister","source_id":"gebouw/Gebouw.19020149/0","kind":"building","height_m":5.72,"status":null},"geometry":{"type":"Polygon","coordinates":[[[4.01721502,50.94990593],[4.01707924,50.95006384],[4.01699533,50.95003614],[4.01703564,50.94998743],[4.01701905,50.94998195],[4.01704313,50.94995285],[4.01705606,50.94995712],[4.0170705,50.94996188],[4.01710357,50.9499219],[4.01714353,50.94993509],[4.0171778,50.94989368],[4.01721502,50.94990593]]]}},{"type":"Feature","id":"gebouw/Gebouw.19827142/0","properties":{"source":"Digitaal Vlaanderen Gebouwenregister","source_id":"gebouw/Gebouw.19827142/0","kind":"building","height_m":9.32,"status":null},"geometry":{"type":"Polygon","coordinates":[[[4.0245079,50.95081078],[4.0245058,50.95080985],[4.02447819,50.95079752],[4.02446289,50.95079069],[4.02446044,50.95079288],[4.02445827,50.95079481],[4.0244247,50.95082482],[4.02442159,50.9508276],[4.0244363,50.95083406],[4.02450697,50.9508656],[4.02454037,50.95083574],[4.02450009,50.95081776],[4.0245079,50.95081078]]]}},{"type":"Feature","id":"gebouw/Gebouw.19827377/0","properties":{"source":"Digitaal Vlaanderen Gebouwenregister","source_id":"gebouw/Gebouw.19827377/0","kind":"building","height_m":7.16,"status":null},"geometry":{"type":"Polygon","coordinates":[[[4.02399676,50.95073209],[4.02392159,50.95069344],[4.02389237,50.95071858],[4.02388166,50.95071353],[4.02387475,50.95071944],[4.02381309,50.95077225],[4.02389383,50.95081097],[4.02389683,50.95081241],[4.02399676,50.95073209]]]}},{"type":"Feature","id":"gebouw/Gebouw.19827378/0","properties":{"source":"Digitaal Vlaanderen Gebouwenregister","source_id":"gebouw/Gebouw.19827378/0","kind":"building","height_m":7.88,"status":null},"geometry":{"type":"Polygon","coordinates":[[[4.02404453,50.95075505],[4.02399676,50.95073209],[4.02389683,50.95081241],[4.0239151,50.95082128],[4.02394424,50.95083543],[4.02404453,50.95075505]]]}},{"type":"Feature","id":"gebouw/Gebouw.19827379/0","properties":{"source":"Digitaal Vlaanderen Gebouwenregister","source_id":"gebouw/Gebouw.19827379/0","kind":"building","height_m":8.6,"status":null},"geometry":{"type":"Polygon","coordinates":[[[4.02409597,50.95077978],[4.02409275,50.95077823],[4.02404895,50.95075719],[4.02404487,50.95075521],[4.02404453,50.95075505],[4.02394424,50.95083543],[4.02394443,50.95083552],[4.02399453,50.95085978],[4.02409597,50.95077978]]]}},{"type":"Feature","id":"gebouw/Gebouw.19827380/0","properties":{"source":"Digitaal Vlaanderen Gebouwenregister","source_id":"gebouw/Gebouw.19827380/0","kind":"building","height_m":9.32,"status":null},"geometry":{"type":"Polygon","coordinates":[[[4.02414594,50.95080382],[4.02409597,50.95077978],[4.02399453,50.95085978],[4.02399574,50.95086036],[4.0240477,50.95088531],[4.02411313,50.95083104],[4.02414594,50.95080382]]]}},{"type":"Feature","id":"gebouw/Gebouw.19827381/0","properties":{"source":"Digitaal Vlaanderen Gebouwenregister","source_id":"gebouw/Gebouw.19827381/0","kind":"building","height_m":5.0,"status":null},"geometry":{"type":"Polygon","coordinates":[[[4.024239,50.95097904],[4.02423807,50.95097978],[4.024051,50.95088695],[4.0240477,50.95088531],[4.02414594,50.95080382],[4.02415125,50.95080637],[4.02432018,50.95088759],[4.02432676,50.95089076],[4.02430869,50.95090514],[4.02432298,50.95091231],[4.024239,50.95097904]]]}},{"type":"Feature","id":"gebouw/Gebouw.19827382/0","properties":{"source":"Digitaal Vlaanderen Gebouwenregister","source_id":"gebouw/Gebouw.19827382/0","kind":"building","height_m":5.72,"status":null},"geometry":{"type":"Polygon","coordinates":[[[4.02429896,50.95051585],[4.02432455,50.95052535],[4.02443,50.95056337],[4.0243926,50.95060476],[4.02436249,50.95063797],[4.02424712,50.9505934],[4.02422957,50.95058654],[4.02424356,50.95057226],[4.02425597,50.95055959],[4.02425606,50.95055951],[4.02429896,50.95051585]]]}},{"type":"Feature","id":"gebouw/Gebouw.19827383/0","properties":{"source":"Digitaal Vlaanderen Gebouwenregister","source_id":"gebouw/Gebouw.19827383/0","kind":"building","height_m":6.44,"status":null},"geometry":{"type":"Polygon","coordinates":[[[4.02424356,50.95057226],[4.02422957,50.95058654],[4.02410608,50.95053826],[4.02418604,50.95047609],[4.02426935,50.95050701],[4.02421762,50.95056264],[4.02424356,50.95057226]]]}},{"type":"Feature","id":"gebouw/Gebouw.19838769/0","properties":{"source":"Digitaal Vlaanderen Gebouwenregister","source_id":"gebouw/Gebouw.19838769/0","kind":"building","height_m":9.32,"status":null},"geometry":{"type":"Polygon","coordinates":[[[4.01956891,50.94984621],[4.01951172,50.94989177],[4.01944822,50.94985997],[4.01940256,50.94989635],[4.01938923,50.94988967],[4.01934862,50.94992203],[4.01942052,50.94995896],[4.0194574,50.94993032],[4.01956397,50.94998506],[4.01967354,50.94989995],[4.01956891,50.94984621]]]}},{"type":"Feature","id":"gebouw/Gebouw.19838770/0","properties":{"source":"Digitaal Vlaanderen Gebouwenregister","source_id":"gebouw/Gebouw.19838770/0","kind":"building","height_m":5.0,"status":null},"geometry":{"type":"Polygon","coordinates":[[[4.01934862,50.94992203],[4.01938923,50.94988967],[4.01939596,50.9498843],[4.01933089,50.94986191],[4.01930476,50.94985292],[4.01922756,50.94982636],[4.01922288,50.94982475],[4.01917384,50.9498826],[4.01931343,50.94993168],[4.01933848,50.94992481],[4.01934862,50.94992203]]]}},{"type":"Feature","id":"gebouw/Gebouw.19841548/0","properties":{"source":"Digitaal Vlaanderen Gebouwenregister","source_id":"gebouw/Gebouw.19841548/0","kind":"building","height_m":9.32,"status":null},"geometry":{"type":"Polygon","coordinates":[[[4.02147701,50.94932889],[4.02147008,50.94933284],[4.0214191,50.94936195],[4.02132365,50.94929979],[4.02122779,50.94927015],[4.02126252,50.94922867],[4.02137925,50.94926783],[4.02147701,50.94932889]]]}},{"type":"Feature","id":"gebouw/Gebouw.19841550/0","properties":{"source":"Digitaal Vlaanderen Gebouwenregister","source_id":"gebouw/Gebouw.19841550/0","kind":"building","height_m":5.72,"status":null},"geometry":{"type":"Polygon","coordinates":[[[4.02154416,50.94929056],[4.02147701,50.94932889],[4.02137925,50.94926783],[4.02126252,50.94922867],[4.02129322,50.94919201],[4.02146785,50.94923722],[4.02154416,50.94929056]]]}},{"type":"Feature","id":"gebouw/Gebouw.19841551/0","properties":{"source":"Digitaal Vlaanderen Gebouwenregister","source_id":"gebouw/Gebouw.19841551/0","kind":"building","height_m":6.44,"status":null},"geometry":{"type":"Polygon","coordinates":[[[4.0214191,50.94936195],[4.02141488,50.94936436],[4.02134839,50.94940231],[4.02125653,50.94933861],[4.02129098,50.94931858],[4.02113905,50.9492723],[4.02115877,50.94924879],[4.02122779,50.94927015],[4.02132365,50.94929979],[4.0214191,50.94936195]]]}},{"type":"Feature","id":"gebouw/Gebouw.19851685/0","properties":{"source":"Digitaal Vlaanderen Gebouwenregister","source_id":"gebouw/Gebouw.19851685/0","kind":"building","height_m":5.0,"status":null},"geometry":{"type":"Polygon","coordinates":[[[4.02642863,50.95010958],[4.02639128,50.95011193],[4.02638205,50.95004596],[4.02648798,50.95003975],[4.02649886,50.95010516],[4.02642863,50.95010958]]]}},{"type":"Feature","id":"gebouw/Gebouw.19851686/0","properties":{"source":"Digitaal Vlaanderen Gebouwenregister","source_id":"gebouw/Gebouw.19851686/0","kind":"building","height_m":5.72,"status":null},"geometry":{"type":"Polygon","coordinates":[[[4.02642863,50.95010958],[4.02643003,50.9501507],[4.02639695,50.95015241],[4.02639128,50.95011193],[4.02642863,50.95010958]]]}},{"type":"Feature","id":"gebouw/Gebouw.19862905/0","properties":{"source":"Digitaal Vlaanderen Gebouwenregister","source_id":"gebouw/Gebouw.19862905/0","kind":"building","height_m":9.32,"status":null},"geometry":{"type":"Polygon","coordinates":[[[4.02367922,50.94989771],[4.02362124,50.94988417],[4.02361365,50.94988239],[4.02362383,50.94986487],[4.02360734,50.94986105],[4.02359756,50.94987712],[4.02353792,50.94986152],[4.02355673,50.94982887],[4.02361667,50.94979723],[4.02369963,50.94981494],[4.02380056,50.94983649],[4.02377489,50.94987753],[4.02377399,50.94987896],[4.02370109,50.94986218],[4.02367922,50.94989771]]]}},{"type":"Feature","id":"gebouw/Gebouw.19862906/0","properties":{"source":"Digitaal Vlaanderen Gebouwenregister","source_id":"gebouw/Gebouw.19862906/0","kind":"building","height_m":5.0,"status":null},"geometry":{"type":"Polygon","coordinates":[[[4.02377399,50.94987896],[4.0237518,50.94991444],[4.02367922,50.94989771],[4.02370109,50.94986218],[4.02377399,50.94987896]]]}},{"type":"Feature","id":"gebouw/Gebouw.19865995/0","properties":{"source":"Digitaal Vlaanderen Gebouwenregister","source_id":"gebouw/Gebouw.19865995/0","kind":"building","height_m":6.44,"status":null},"geometry":{"type":"Polygon","coordinates":[[[4.01858128,50.95071336],[4.01856653,50.95073518],[4.01848695,50.95071372],[4.01846256,50.95074535],[4.01825302,50.95069282],[4.0182583,50.95068289],[4.01826195,50.95067603],[4.01829047,50.95063435],[4.01858128,50.95071336]]]}},{"type":"Feature","id":"gebouw/Gebouw.19865996/0","properties":{"source":"Digitaal Vlaanderen Gebouwenregister","source_id":"gebouw/Gebouw.19865996/0","kind":"building","height_m":7.16,"status":null},"geometry":{"type":"Polygon","coordinates":[[[4.01843927,50.95078241],[4.01843731,50.95078554],[4.01823379,50.95072895],[4.01824127,50.9507149],[4.01825302,50.95069282],[4.01846256,50.95074535],[4.01843927,50.95078241]]]}},{"type":"Feature","id":"gebouw/Gebouw.20073490/0","properties":{"source":"Digitaal Vlaanderen Gebouwenregister","source_id":"gebouw/Gebouw.20073490/0","kind":"building","height_m":7.16,"status":null},"geometry":{"type":"Polygon","coordinates":[[[4.01843927,50.95078241],[4.01843731,50.95078554],[4.01823379,50.95072895],[4.01824127,50.9507149],[4.01825302,50.95069282],[4.01846256,50.95074535],[4.01843927,50.95078241]]]}},{"type":"Feature","id":"gebouw/Gebouw.20145445/0","properties":{"source":"Digitaal Vlaanderen Gebouwenregister","source_id":"gebouw/Gebouw.20145445/0","kind":"building","height_m":8.6,"status":null},"geometry":{"type":"Polygon","coordinates":[[[4.02210336,50.94940052],[4.02209247,50.94942043],[4.02203502,50.9494079],[4.02204591,50.94938798],[4.02210336,50.94940052]]]}},{"type":"Feature","id":"gebouw/Gebouw.20145448/0","properties":{"source":"Digitaal Vlaanderen Gebouwenregister","source_id":"gebouw/Gebouw.20145448/0","kind":"building","height_m":5.72,"status":null},"geometry":{"type":"Polygon","coordinates":[[[4.02011096,50.95073433],[4.02006363,50.95073503],[4.02006262,50.95070784],[4.02010994,50.95070713],[4.02011096,50.95073433]]]}},{"type":"Feature","id":"gebouw/Gebouw.20145450/0","properties":{"source":"Digitaal Vlaanderen Gebouwenregister","source_id":"gebouw/Gebouw.20145450/0","kind":"building","height_m":7.16,"status":null},"geometry":{"type":"Polygon","coordinates":[[[4.0222995,50.9492123],[4.02233404,50.94915855],[4.02249071,50.94919873],[4.02252501,50.94914536],[4.02260878,50.94916685],[4.02255559,50.94927797],[4.0222995,50.9492123]]]}},{"type":"Feature","id":"gebouw/Gebouw.20145541/0","properties":{"source":"Digitaal Vlaanderen Gebouwenregister","source_id":"gebouw/Gebouw.20145541/0","kind":"building","height_m":7.16,"status":null},"geometry":{"type":"Polygon","coordinates":[[[4.02578244,50.94996481],[4.02574189,50.9499663],[4.02573821,50.94992644],[4.02577876,50.94992495],[4.02578244,50.94996481]]]}},{"type":"Feature","id":"gebouw/Gebouw.20146464/0","properties":{"source":"Digitaal Vlaanderen Gebouwenregister","source_id":"gebouw/Gebouw.20146464/0","kind":"building","height_m":6.44,"status":null},"geometry":{"type":"Polygon","coordinates":[[[4.02582834,50.95264155],[4.02577249,50.95263838],[4.02577309,50.95263418],[4.02574948,50.95263284],[4.02575439,50.95259842],[4.02583384,50.95260293],[4.02582834,50.95264155]]]}},{"type":"Feature","id":"gebouw/Gebouw.20146465/0","properties":{"source":"Digitaal Vlaanderen Gebouwenregister","source_id":"gebouw/Gebouw.20146465/0","kind":"building","height_m":7.16,"status":null},"geometry":{"type":"Polygon","coordinates":[[[4.0257901,50.95258208],[4.02579816,50.95252522],[4.02583963,50.95252757],[4.02583156,50.95258443],[4.0257901,50.95258208]]]}},{"type":"Feature","id":"gebouw/Gebouw.20146466/0","properties":{"source":"Digitaal Vlaanderen Gebouwenregister","source_id":"gebouw/Gebouw.20146466/0","kind":"building","height_m":7.88,"status":null},"geometry":{"type":"Polygon","coordinates":[[[4.02560148,50.95216634],[4.02556111,50.95216034],[4.02557406,50.95212561],[4.02561442,50.95213161],[4.02560148,50.95216634]]]}},{"type":"Feature","id":"gebouw/Gebouw.20146467/0","properties":{"source":"Digitaal Vlaanderen Gebouwenregister","source_id":"gebouw/Gebouw.20146467/0","kind":"building","height_m":8.6,"status":null},"geometry":{"type":"Polygon","coordinates":[[[4.02443672,50.95039728],[4.02441859,50.95041786],[4.02434502,50.95039201],[4.02436315,50.95037142],[4.02443672,50.95039728]]]}},{"type":"Feature","id":"gebouw/Gebouw.20146468/0","properties":{"source":"Digitaal Vlaanderen Gebouwenregister","source_id":"gebouw/Gebouw.20146468/0","kind":"building","height_m":9.32,"status":null},"geometry":{"type":"Polygon","coordinates":[[[4.02565215,50.9507459],[4.02566672,50.95070557],[4.02572522,50.950714],[4.02571065,50.95075433],[4.02565215,50.9507459]]]}},{"type":"Feature","id":"gebouw/Gebouw.20146469/0","properties":{"source":"Digitaal Vlaanderen Gebouwenregister","source_id":"gebouw/Gebouw.20146469/0","kind":"building","height_m":5.0,"status":null},"geometry":{"type":"Polygon","coordinates":[[[4.02546484,50.95109824],[4.02538736,50.95108648],[4.02537746,50.95111524],[4.02537474,50.95112313],[4.02539981,50.95112657],[4.02545259,50.95113382],[4.02546484,50.95109824]]]}},{"type":"Feature","id":"gebouw/Gebouw.20146471/0","properties":{"source":"Digitaal Vlaanderen Gebouwenregister","source_id":"gebouw/Gebouw.20146471/0","kind":"building","height_m":6.44,"status":null},"geometry":{"type":"Polygon","coordinates":[[[4.02323313,50.94922241],[4.02322242,50.94923211],[4.02321291,50.94924074],[4.02314242,50.9492097],[4.02315171,50.94920128],[4.02316264,50.94919137],[4.02323313,50.94922241]]]}},{"type":"Feature","id":"gebouw/Gebouw.20146516/0","properties":{"source":"Digitaal Vlaanderen Gebouwenregister","source_id":"gebouw/Gebouw.20146516/0","kind":"building","height_m":8.6,"status":null},"geometry":{"type":"Polygon","coordinates":[[[4.02292445,50.95522063],[4.02299817,50.95513785],[4.02302628,50.95514784],[4.02298893,50.9552083],[4.02296509,50.95523506],[4.02292445,50.95522063]]]}},{"type":"Feature","id":"gebouw/Gebouw.20146841/0","properties":{"source":"Digitaal Vlaanderen Gebouwenregister","source_id":"gebouw/Gebouw.20146841/0","kind":"building","height_m":5.72,"status":null},"geometry":{"type":"Polygon","coordinates":[[[4.02473205,50.95165326],[4.02454981,50.95180097],[4.02427899,50.95166764],[4.02446123,50.95151994],[4.02473205,50.95165326]]]}},{"type":"Feature","id":"gebouw/Gebouw.20484973/0","properties":{"source":"Digitaal Vlaanderen Gebouwenregister","source_id":"gebouw/Gebouw.20484973/0","kind":"building","height_m":8.6,"status":null},"geometry":{"type":"Polygon","coordinates":[[[4.01824075,50.95129007],[4.01821621,50.95134371],[4.01818044,50.95133723],[4.01813982,50.95138135],[4.01810202,50.95136735],[4.01804064,50.95134461],[4.0180662,50.95131607],[4.01804022,50.95131125],[4.01806524,50.95125749],[4.01823118,50.9512883],[4.01824075,50.95129007]]]}},{"type":"Feature","id":"gebouw/Gebouw.20484982/0","properties":{"source":"Digitaal Vlaanderen Gebouwenregister","source_id":"gebouw/Gebouw.20484982/0","kind":"building","height_m":5.0,"status":null},"geometry":{"type":"Polygon","coordinates":[[[4.01836219,50.95099437],[4.01833105,50.95106236],[4.01832707,50.95106162],[4.01815599,50.95102995],[4.01818731,50.95096241],[4.01835857,50.95099371],[4.01836219,50.95099437]]]}},{"type":"Feature","id":"gebouw/Gebouw.20484989/0","properties":{"source":"Digitaal Vlaanderen Gebouwenregister","source_id":"gebouw/Gebouw.20484989/0","kind":"building","height_m":5.0,"status":null},"geometry":{"type":"Polygon","coordinates":[[[4.01827236,50.95122098],[4.01824075,50.95129007],[4.01823118,50.9512883],[4.01806524,50.95125749],[4.01807307,50.95124064],[4.01809733,50.9511885],[4.01827236,50.95122098]]]}},{"type":"Feature","id":"gebouw/Gebouw.20485005/0","properties":{"source":"Digitaal Vlaanderen Gebouwenregister","source_id":"gebouw/Gebouw.20485005/0","kind":"building","height_m":6.44,"status":null},"geometry":{"type":"Polygon","coordinates":[[[4.01833105,50.95106236],[4.01829948,50.95113126],[4.01812405,50.95109879],[4.01815133,50.95103998],[4.01815599,50.95102995],[4.01832707,50.95106162],[4.01833105,50.95106236]]]}},{"type":"Feature","id":"gebouw/Gebouw.20485042/0","properties":{"source":"Digitaal Vlaanderen Gebouwenregister","source_id":"gebouw/Gebouw.20485042/0","kind":"building","height_m":7.88,"status":null},"geometry":{"type":"Polygon","coordinates":[[[4.02432298,50.95091231],[4.02440012,50.95095106],[4.0244207,50.95093458],[4.02448602,50.95096715],[4.02443511,50.95100789],[4.02442594,50.95100332],[4.0243784,50.95104136],[4.02429385,50.95099921],[4.02428805,50.95100397],[4.02423807,50.95097978],[4.024239,50.95097904],[4.02432298,50.95091231]]]}},{"type":"Feature","id":"gebouw/Gebouw.20984309/0","properties":{"source":"Digitaal Vlaanderen Gebouwenregister","source_id":"gebouw/Gebouw.20984309/0","kind":"building","height_m":7.16,"status":null},"geometry":{"type":"Polygon","coordinates":[[[4.01813982,50.95138135],[4.01805439,50.95147414],[4.01798077,50.95144709],[4.01791926,50.9514245],[4.01798149,50.95135498],[4.01801839,50.95136839],[4.01804064,50.95134461],[4.01810202,50.95136735],[4.01813982,50.95138135]]]}},{"type":"Feature","id":"gebouw/Gebouw.30642476/0","properties":{"source":"Digitaal Vlaanderen Gebouwenregister","source_id":"gebouw/Gebouw.30642476/0","kind":"building","height_m":7.88,"status":null},"geometry":{"type":"Polygon","coordinates":[[[4.02658446,50.95357337],[4.02663022,50.95358523],[4.02661257,50.9536124],[4.02656681,50.95360055],[4.02658446,50.95357337]]]}},{"type":"Feature","id":"gebouw/Gebouw.30642477/0","properties":{"source":"Digitaal Vlaanderen Gebouwenregister","source_id":"gebouw/Gebouw.30642477/0","kind":"building","height_m":8.6,"status":null},"geometry":{"type":"Polygon","coordinates":[[[4.01721597,50.95286951],[4.01721172,50.95281623],[4.01727655,50.95281417],[4.01728079,50.95286744],[4.01721597,50.95286951]]]}},{"type":"Feature","id":"gebouw/Gebouw.30642478/0","properties":{"source":"Digitaal Vlaanderen Gebouwenregister","source_id":"gebouw/Gebouw.30642478/0","kind":"building","height_m":9.32,"status":null},"geometry":{"type":"Polygon","coordinates":[[[4.02580571,50.95278924],[4.0258586,50.95279396],[4.02584898,50.95285062],[4.02579609,50.9528459],[4.02580571,50.95278924]]]}},{"type":"Feature","id":"gebouw/Gebouw.30642479/0","properties":{"source":"Digitaal Vlaanderen Gebouwenregister","source_id":"gebouw/Gebouw.30642479/0","kind":"building","height_m":5.0,"status":null},"geometry":{"type":"Polygon","coordinates":[[[4.02577617,50.9524678],[4.02580299,50.9524692],[4.02579587,50.95252367],[4.02576905,50.95252228],[4.02577617,50.9524678]]]}},{"type":"Feature","id":"gebouw/Gebouw.30642484/0","properties":{"source":"Digitaal Vlaanderen Gebouwenregister","source_id":"gebouw/Gebouw.30642484/0","kind":"building","height_m":8.6,"status":null},"geometry":{"type":"Polygon","coordinates":[[[4.02265381,50.94940567],[4.02263572,50.94943857],[4.02269018,50.94945052],[4.02269278,50.94944579],[4.02274143,50.94945647],[4.02275692,50.9494283],[4.02265381,50.94940567]]]}},{"type":"Feature","id":"gebouw/Gebouw.30642486/0","properties":{"source":"Digitaal Vlaanderen Gebouwenregister","source_id":"gebouw/Gebouw.30642486/0","kind":"building","height_m":5.0,"status":null},"geometry":{"type":"Polygon","coordinates":[[[4.02455372,50.95074232],[4.02457428,50.95075122],[4.02454567,50.95077763],[4.02453266,50.950772],[4.02450822,50.95076143],[4.02447899,50.9507488],[4.02447019,50.95074499],[4.024493,50.95072526],[4.02450205,50.95072943],[4.02452929,50.95074199],[4.02453683,50.95073502],[4.02455372,50.95074232]]]}},{"type":"Feature","id":"gebouw/Gebouw.30642489/0","properties":{"source":"Digitaal Vlaanderen Gebouwenregister","source_id":"gebouw/Gebouw.30642489/0","kind":"building","height_m":7.16,"status":null},"geometry":{"type":"Polygon","coordinates":[[[4.02328206,50.94898707],[4.02330539,50.94899732],[4.02330358,50.94899896],[4.02332337,50.94900765],[4.02330311,50.94902606],[4.02328323,50.94901733],[4.02328129,50.94901909],[4.02325805,50.94900889],[4.02328206,50.94898707]]]}},{"type":"Feature","id":"gebouw/Gebouw.30642490/0","properties":{"source":"Digitaal Vlaanderen Gebouwenregister","source_id":"gebouw/Gebouw.30642490/0","kind":"building","height_m":7.88,"status":null},"geometry":{"type":"Polygon","coordinates":[[[4.02312401,50.94911191],[4.02315577,50.94912563],[4.02311663,50.94916176],[4.02308488,50.94914803],[4.02312401,50.94911191]]]}},{"type":"Feature","id":"gebouw/Gebouw.30642834/0","properties":{"source":"Digitaal Vlaanderen Gebouwenregister","source_id":"gebouw/Gebouw.30642834/0","kind":"building","height_m":8.6,"status":null},"geometry":{"type":"Polygon","coordinates":[[[4.02432298,50.95091231],[4.02430288,50.95090222],[4.02432018,50.95088759],[4.02420337,50.95083143],[4.02415125,50.95080637],[4.02414594,50.95080382],[4.02411313,50.95083104],[4.0240477,50.95088531],[4.024051,50.95088695],[4.02423807,50.95097978],[4.024239,50.95097904],[4.02432298,50.95091231]]]}},{"type":"Feature","id":"gebouw/Gebouw.30642835/0","properties":{"source":"Digitaal Vlaanderen Gebouwenregister","source_id":"gebouw/Gebouw.30642835/0","kind":"building","height_m":9.32,"status":null},"geometry":{"type":"Polygon","coordinates":[[[4.02639128,50.95011193],[4.02639695,50.95015241],[4.02634958,50.95013674],[4.02633952,50.95005987],[4.02638132,50.95004069],[4.026382,50.95004555],[4.02638205,50.95004596],[4.02639128,50.95011193]]]}},{"type":"Feature","id":"gebouw/Gebouw.30643803/0","properties":{"source":"Digitaal Vlaanderen Gebouwenregister","source_id":"gebouw/Gebouw.30643803/0","kind":"building","height_m":5.72,"status":null},"geometry":{"type":"Polygon","coordinates":[[[4.02118997,50.9491754],[4.02118082,50.94920126],[4.02117825,50.94920853],[4.0211008,50.94919759],[4.02110813,50.94917687],[4.02111252,50.94916446],[4.02118997,50.9491754]]]}},{"type":"Feature","id":"gebouw/Gebouw.30643804/0","properties":{"source":"Digitaal Vlaanderen Gebouwenregister","source_id":"gebouw/Gebouw.30643804/0","kind":"building","height_m":6.44,"status":null},"geometry":{"type":"Polygon","coordinates":[[[4.0173312,50.94994595],[4.01737148,50.94995936],[4.0173097,50.95003141],[4.01726942,50.95001799],[4.0173312,50.94994595]]]}},{"type":"Feature","id":"gebouw/Gebouw.30644210/0","properties":{"source":"Digitaal Vlaanderen Gebouwenregister","source_id":"gebouw/Gebouw.30644210/0","kind":"building","height_m":6.44,"status":null},"geometry":{"type":"Polygon","coordinates":[[[4.02580047,50.95094546],[4.02580369,50.95093732],[4.02585152,50.95094486],[4.02583953,50.95097517],[4.02579198,50.95096767],[4.02580047,50.95094546]]]}},{"type":"Feature","id":"gebouw/Gebouw.30644249/0","properties":{"source":"Digitaal Vlaanderen Gebouwenregister","source_id":"gebouw/Gebouw.30644249/0","kind":"building","height_m":9.32,"status":null},"geometry":{"type":"Polygon","coordinates":[[[4.02319396,50.9489309],[4.02318907,50.94893551],[4.02316244,50.94896065],[4.02310978,50.94893838],[4.0231379,50.94891184],[4.0231413,50.94890863],[4.02319396,50.9489309]]]}},{"type":"Feature","id":"gebouw/Gebouw.30742080/0","properties":{"source":"Digitaal Vlaanderen Gebouwenregister","source_id":"gebouw/Gebouw.30742080/0","kind":"building","height_m":8.6,"status":null},"geometry":{"type":"Polygon","coordinates":[[[4.02355384,50.949446],[4.02357921,50.9494651],[4.02353807,50.94948691],[4.02351259,50.94946787],[4.02355384,50.949446]]]}},{"type":"Feature","id":"gebouw/Gebouw.31145044/0","properties":{"source":"Digitaal Vlaanderen Gebouwenregister","source_id":"gebouw/Gebouw.31145044/0","kind":"building","height_m":5.0,"status":null},"geometry":{"type":"Polygon","coordinates":[[[4.02608262,50.95077546],[4.02606726,50.95081352],[4.02602858,50.95080781],[4.02604521,50.95076906],[4.02608262,50.95077546]]]}},{"type":"Feature","id":"gebouw/Gebouw.31145101/0","properties":{"source":"Digitaal Vlaanderen Gebouwenregister","source_id":"gebouw/Gebouw.31145101/0","kind":"building","height_m":5.72,"status":null},"geometry":{"type":"Polygon","coordinates":[[[4.02618595,50.95475119],[4.02623058,50.95472042],[4.02625949,50.95473714],[4.02621485,50.95476792],[4.02618595,50.95475119]]]}},{"type":"Feature","id":"gebouw/Gebouw.31162051/0","properties":{"source":"Digitaal Vlaanderen Gebouwenregister","source_id":"gebouw/Gebouw.31162051/0","kind":"building","height_m":7.88,"status":null},"geometry":{"type":"Polygon","coordinates":[[[4.02455504,50.95049344],[4.02452915,50.95048379],[4.02443045,50.95044808],[4.02440908,50.95047412],[4.0244636,50.95049197],[4.0244709,50.95048306],[4.02450156,50.9504931],[4.02449805,50.95049737],[4.02457964,50.95052408],[4.02459313,50.95050763],[4.02455504,50.95049344]]]}},{"type":"Feature","id":"gebouw/Gebouw.31162052/0","properties":{"source":"Digitaal Vlaanderen Gebouwenregister","source_id":"gebouw/Gebouw.31162052/0","kind":"building","height_m":8.6,"status":null},"geometry":{"type":"Polygon","coordinates":[[[4.02452915,50.95048379],[4.02453919,50.95047176],[4.02456575,50.9504806],[4.02455504,50.95049344],[4.02452915,50.95048379]]]}},{"type":"Feature","id":"gebouw/Gebouw.31526504/0","properties":{"source":"Digitaal Vlaanderen Gebouwenregister","source_id":"gebouw/Gebouw.31526504/0","kind":"building","height_m":6.44,"status":null},"geometry":{"type":"Polygon","coordinates":[[[4.01634139,50.95342295],[4.01636177,50.95343829],[4.01642922,50.95340226],[4.01640841,50.95338683],[4.01634139,50.95342295]]]}},{"type":"Feature","id":"gebouw/Gebouw.31535262/0","properties":{"source":"Digitaal Vlaanderen Gebouwenregister","source_id":"gebouw/Gebouw.31535262/0","kind":"building","height_m":7.16,"status":null},"geometry":{"type":"Polygon","coordinates":[[[4.02538077,50.94891558],[4.02531126,50.94894834],[4.02533183,50.94896576],[4.02540134,50.948933],[4.02538077,50.94891558]]]}},{"type":"Feature","id":"gebouw/Gebouw.31540997/0","properties":{"source":"Digitaal Vlaanderen Gebouwenregister","source_id":"gebouw/Gebouw.31540997/0","kind":"building","height_m":8.6,"status":null},"geometry":{"type":"Polygon","coordinates":[[[4.02450854,50.95044974],[4.02449402,50.95046612],[4.02451986,50.95047526],[4.02453437,50.95045888],[4.02450854,50.95044974]]]}},{"type":"Feature","id":"gebouw/Gebouw.31804767/0","properties":{"source":"Digitaal Vlaanderen Gebouwenregister","source_id":"gebouw/Gebouw.31804767/0","kind":"building","height_m":5.72,"status":null},"geometry":{"type":"Polygon","coordinates":[[[4.02626734,50.950704],[4.02623167,50.95070185],[4.02622457,50.95072356],[4.02630491,50.95073405],[4.02631125,50.95071469],[4.02631281,50.95070994],[4.02626734,50.950704]]]}},{"type":"Feature","id":"gebouw/Gebouw.31805679/0","properties":{"source":"Digitaal Vlaanderen Gebouwenregister","source_id":"gebouw/Gebouw.31805679/0","kind":"building","height_m":7.16,"status":null},"geometry":{"type":"Polygon","coordinates":[[[4.02068852,50.95036825],[4.02071556,50.9504051],[4.02076568,50.95039043],[4.02073863,50.95035357],[4.02068852,50.95036825]]]}},{"type":"Feature","id":"gebouw/Gebouw.31806017/0","properties":{"source":"Digitaal Vlaanderen Gebouwenregister","source_id":"gebouw/Gebouw.31806017/0","kind":"building","height_m":8.6,"status":null},"geometry":{"type":"Polygon","coordinates":[[[4.02050357,50.94946863],[4.02056503,50.94949771],[4.02060967,50.94946006],[4.02054821,50.94943098],[4.02050357,50.94946863]]]}},{"type":"Feature","id":"gebouw/Gebouw.31806228/0","properties":{"source":"Digitaal Vlaanderen Gebouwenregister","source_id":"gebouw/Gebouw.31806228/0","kind":"building","height_m":9.32,"status":null},"geometry":{"type":"Polygon","coordinates":[[[4.02448883,50.95138676],[4.024395,50.95134176],[4.02438295,50.95135134],[4.0243399,50.95132973],[4.02431874,50.95134655],[4.02436541,50.95136997],[4.02432425,50.95140269],[4.02441286,50.95144716],[4.02448883,50.95138676]]]}},{"type":"Feature","id":"gebouw/Gebouw.31806420/0","properties":{"source":"Digitaal Vlaanderen Gebouwenregister","source_id":"gebouw/Gebouw.31806420/0","kind":"building","height_m":6.44,"status":null},"geometry":{"type":"Polygon","coordinates":[[[4.02036818,50.94957972],[4.02029492,50.9496416],[4.02025823,50.94962427],[4.0202184,50.9496579],[4.02038711,50.94973961],[4.02044553,50.94969097],[4.0204341,50.94968549],[4.02049075,50.9496378],[4.02036818,50.94957972]]]}},{"type":"Feature","id":"gebouw/Gebouw.31999447/0","properties":{"source":"Digitaal Vlaanderen Gebouwenregister","source_id":"gebouw/Gebouw.31999447/0","kind":"building","height_m":7.88,"status":null},"geometry":{"type":"Polygon","coordinates":[[[4.01843731,50.95078554],[4.01823379,50.95072895],[4.01820796,50.95077736],[4.01832843,50.95080447],[4.0184174,50.95082363],[4.01842071,50.95081729],[4.01842862,50.95080217],[4.01843731,50.95078554]]]}},{"type":"Feature","id":"gebouw/Gebouw.32033712/0","properties":{"source":"Digitaal Vlaanderen Gebouwenregister","source_id":"gebouw/Gebouw.32033712/0","kind":"building","height_m":7.88,"status":null},"geometry":{"type":"Polygon","coordinates":[[[4.02053257,50.94918699],[4.02057307,50.9492042],[4.02059978,50.94917912],[4.02055928,50.9491619],[4.02053257,50.94918699]]]}},{"type":"Feature","id":"gebouw/Gebouw.32033841/0","properties":{"source":"Digitaal Vlaanderen Gebouwenregister","source_id":"gebouw/Gebouw.32033841/0","kind":"building","height_m":5.0,"status":null},"geometry":{"type":"Polygon","coordinates":[[[4.02045491,50.94920328],[4.0204932,50.94921754],[4.02051752,50.94919146],[4.02047924,50.94917721],[4.02045491,50.94920328]]]}},{"type":"Feature","id":"gebouw/Gebouw.32033909/0","properties":{"source":"Digitaal Vlaanderen Gebouwenregister","source_id":"gebouw/Gebouw.32033909/0","kind":"building","height_m":8.6,"status":null},"geometry":{"type":"Polygon","coordinates":[[[4.02349136,50.94986557],[4.02348577,50.9498639],[4.02347796,50.94987431],[4.02346564,50.94989072],[4.02350951,50.94990386],[4.02352964,50.94987704],[4.02349136,50.94986557]]]}},{"type":"Feature","id":"gebouw/Gebouw.32033926/0","properties":{"source":"Digitaal Vlaanderen Gebouwenregister","source_id":"gebouw/Gebouw.32033926/0","kind":"building","height_m":5.72,"status":null},"geometry":{"type":"Polygon","coordinates":[[[4.02049454,50.94912775],[4.02051998,50.94909945],[4.02048134,50.94908559],[4.0204559,50.94911389],[4.02049454,50.94912775]]]}},{"type":"Feature","id":"gebouw/Gebouw.32033972/0","properties":{"source":"Digitaal Vlaanderen Gebouwenregister","source_id":"gebouw/Gebouw.32033972/0","kind":"building","height_m":8.6,"status":null},"geometry":{"type":"Polygon","coordinates":[[[4.0237572,50.95000685],[4.02376888,50.94998434],[4.02377272,50.94997694],[4.02373286,50.94996928],[4.02371077,50.95001341],[4.02374997,50.95002076],[4.0237572,50.95000685]]]}},{"type":"Feature","id":"gebouw/Gebouw.32033982/0","properties":{"source":"Digitaal Vlaanderen Gebouwenregister","source_id":"gebouw/Gebouw.32033982/0","kind":"building","height_m":5.72,"status":null},"geometry":{"type":"Polygon","coordinates":[[[4.02675232,50.95361606],[4.02681581,50.95362387],[4.0268243,50.95359632],[4.02676081,50.95358852],[4.02675232,50.95361606]]]}},{"type":"Feature","id":"gebouw/Gebouw.32033987/0","properties":{"source":"Digitaal Vlaanderen Gebouwenregister","source_id":"gebouw/Gebouw.32033987/0","kind":"building","height_m":9.32,"status":null},"geometry":{"type":"Polygon","coordinates":[[[4.02498712,50.95091203],[4.02503163,50.95092224],[4.02504634,50.95089667],[4.02500183,50.95088645],[4.02498712,50.95091203]]]}},{"type":"Feature","id":"gebouw/Gebouw.32034024/0","properties":{"source":"Digitaal Vlaanderen Gebouwenregister","source_id":"gebouw/Gebouw.32034024/0","kind":"building","height_m":5.72,"status":null},"geometry":{"type":"Polygon","coordinates":[[[4.02349121,50.94884691],[4.02352497,50.9488629],[4.0235537,50.94883719],[4.02351924,50.94882182],[4.02349121,50.94884691]]]}},{"type":"Feature","id":"way/133025312","properties":{"source":"OpenStreetMap","source_id":"way/133025312","kind":"vegetation","name":null,"waterway":null,"landuse":"forest"},"geometry":{"type":"Polygon","coordinates":[[[4.0175012,50.9535532],[4.0180402,50.9529093],[4.0180935,50.9528369],[4.0181661,50.9526735],[4.0183174,50.9526372],[4.0185797,50.9527917],[4.0186015,50.9528245],[4.0186066,50.9528545],[4.0185551,50.9529325],[4.0185575,50.9529752],[4.0186166,50.9530579],[4.0176647,50.9535779],[4.0175012,50.9535532]]]}},{"type":"Feature","id":"way/133025314","properties":{"source":"OpenStreetMap","source_id":"way/133025314","kind":"waterway","name":null,"waterway":"stream","landuse":null},"geometry":{"type":"LineString","coordinates":[[4.024157,50.9503665],[4.0242096,50.9503984],[4.0244584,50.9503819],[4.0248609,50.9504732],[4.0249244,50.9505299],[4.0247619,50.9509164]]}},{"type":"Feature","id":"way/152654665","properties":{"source":"OpenStreetMap","source_id":"way/152654665","kind":"vegetation","name":null,"waterway":null,"landuse":"forest"},"geometry":{"type":"Polygon","coordinates":[[[4.0270039,50.9541851],[4.0258089,50.9539175],[4.0256226,50.9541883],[4.025168,50.9541225],[4.0252367,50.9533209],[4.0252376,50.9533103],[4.0249778,50.9531764],[4.0253608,50.9529152],[4.0257191,50.9530901],[4.0260915,50.9527957],[4.0261934,50.9527957],[4.0261969,50.9530768],[4.0270401,50.9534154],[4.0270242,50.9537535],[4.0270039,50.9541851]]]}},{"type":"Feature","id":"way/152669722","properties":{"source":"OpenStreetMap","source_id":"way/152669722","kind":"vegetation","name":null,"waterway":null,"landuse":"forest"},"geometry":{"type":"Polygon","coordinates":[[[4.0177914,50.953978],[4.0193583,50.9543586],[4.0185784,50.9555714],[4.0169272,50.9552306],[4.016885,50.9553634],[4.0173206,50.9557839],[4.0179811,50.9559875],[4.0169272,50.9565717],[4.016344,50.9562663],[4.0170677,50.9557264],[4.0167585,50.9553501],[4.0163018,50.9552395],[4.0165337,50.9549473],[4.0165618,50.9545623],[4.0165262,50.9545019],[4.0163611,50.9545085],[4.016347,50.9544089],[4.0167061,50.9543882],[4.0175626,50.9544089],[4.0177032,50.9541146],[4.0177914,50.953978]]]}},{"type":"Feature","id":"way/152669784","properties":{"source":"OpenStreetMap","source_id":"way/152669784","kind":"vegetation","name":null,"waterway":null,"landuse":"forest"},"geometry":{"type":"Polygon","coordinates":[[[4.0197114,50.9542162],[4.01861,50.9538969],[4.018942,50.9534549],[4.0184748,50.9532822],[4.0194901,50.9527466],[4.019599,50.9527369],[4.0197957,50.9528387],[4.0199082,50.9529538],[4.0200487,50.9530157],[4.0202033,50.9530733],[4.0202981,50.9531862],[4.0204246,50.9532747],[4.0205019,50.9533344],[4.0205265,50.9533809],[4.0204246,50.9534539],[4.0204,50.953496],[4.0205054,50.953496],[4.0207338,50.9534805],[4.0209481,50.9535226],[4.021057,50.9535845],[4.0210465,50.9536775],[4.0210289,50.9537306],[4.0211238,50.9537306],[4.0212889,50.953724],[4.0214786,50.9538081],[4.0215594,50.9538678],[4.0217737,50.9538302],[4.0218826,50.9538081],[4.0218475,50.9539431],[4.0215945,50.9541887],[4.0208462,50.9539276],[4.0201787,50.9536806],[4.0197114,50.9542162]]]}},{"type":"Feature","id":"way/152669909","properties":{"source":"OpenStreetMap","source_id":"way/152669909","kind":"vegetation","name":null,"waterway":null,"landuse":"forest"},"geometry":{"type":"Polygon","coordinates":[[[4.0259676,50.9518582],[4.0264894,50.9515685],[4.0258683,50.9512289],[4.0254013,50.9515767],[4.0255304,50.9516389],[4.0259676,50.9518582]]]}},{"type":"Feature","id":"way/152669925","properties":{"source":"OpenStreetMap","source_id":"way/152669925","kind":"vegetation","name":null,"waterway":null,"landuse":"forest"},"geometry":{"type":"Polygon","coordinates":[[[4.0238757,50.9507951],[4.0234136,50.9512771],[4.0228397,50.950997],[4.0232313,50.9507834],[4.0234484,50.9507638],[4.0238757,50.9507951]]]}},{"type":"Feature","id":"way/303548276","properties":{"source":"OpenStreetMap","source_id":"way/303548276","kind":"waterway","name":null,"waterway":"stream","landuse":null},"geometry":{"type":"LineString","coordinates":[[4.0238603,50.9501336],[4.024157,50.9503665]]}},{"type":"Feature","id":"way/303548277","properties":{"source":"OpenStreetMap","source_id":"way/303548277","kind":"waterway","name":null,"waterway":"stream","landuse":null},"geometry":{"type":"LineString","coordinates":[[4.0227938,50.9498732],[4.0237952,50.9500942],[4.0238603,50.9501336]]}},{"type":"Feature","id":"way/450076830","properties":{"source":"OpenStreetMap","source_id":"way/450076830","kind":"waterway","name":"Ter Erpenbeek","waterway":"stream","landuse":null},"geometry":{"type":"LineString","coordinates":[[4.0167846,50.9527456],[4.0169101,50.9527855]]}},{"type":"Feature","id":"way/450076831","properties":{"source":"OpenStreetMap","source_id":"way/450076831","kind":"waterway","name":"Ter Erpenbeek","waterway":"stream","landuse":null},"geometry":{"type":"LineString","coordinates":[[4.0188025,50.9531217],[4.0188426,50.953119],[4.0188758,50.9531126],[4.0189122,50.9531063],[4.0195202,50.9527749],[4.0196869,50.9528193],[4.0199165,50.9530205],[4.020164,50.9530954],[4.0203009,50.9532994],[4.0204412,50.9533628],[4.0202639,50.9534945],[4.0203097,50.9535571],[4.0206425,50.9535239],[4.02089,50.9535556],[4.0209678,50.9536279],[4.0209,50.9537876],[4.0209917,50.9537979],[4.0211981,50.9537379],[4.0213764,50.9538018],[4.0215355,50.9539011],[4.0218148,50.9538557],[4.0219923,50.9538281],[4.0221169,50.9539045],[4.0223735,50.9542569],[4.022716,50.9541701],[4.0230731,50.9544069],[4.0236099,50.9544332],[4.0240026,50.9545069],[4.0243388,50.954378],[4.0245372,50.954349],[4.0252035,50.9545543],[4.0256368,50.954607],[4.0257274,50.9548274],[4.0258613,50.9549817],[4.0259787,50.9551171],[4.025837,50.9554825],[4.0258197,50.9558794],[4.0258179,50.9560038],[4.0258155,50.956162],[4.0260755,50.9563668]]}},{"type":"Feature","id":"way/450081088","properties":{"source":"OpenStreetMap","source_id":"way/450081088","kind":"waterway","name":null,"waterway":"drain","landuse":null},"geometry":{"type":"LineString","coordinates":[[4.0159619,50.9505833],[4.0164061,50.9502474],[4.0169294,50.9497747]]}},{"type":"Feature","id":"way/450081089","properties":{"source":"OpenStreetMap","source_id":"way/450081089","kind":"waterway","name":null,"waterway":"drain","landuse":null},"geometry":{"type":"LineString","coordinates":[[4.0201455,50.9491671],[4.0202128,50.9490754],[4.0205312,50.9490135],[4.0204558,50.9485037],[4.0204888,50.9484602],[4.0206266,50.9484225]]}},{"type":"Feature","id":"way/450081091","properties":{"source":"OpenStreetMap","source_id":"way/450081091","kind":"waterway","name":null,"waterway":"drain","landuse":null},"geometry":{"type":"LineString","coordinates":[[4.0201231,50.9492118],[4.0201455,50.9491671]]}},{"type":"Feature","id":"way/450081092","properties":{"source":"OpenStreetMap","source_id":"way/450081092","kind":"waterway","name":null,"waterway":"drain","landuse":null},"geometry":{"type":"LineString","coordinates":[[4.0193975,50.9499115],[4.0198911,50.9494202],[4.0200738,50.949274],[4.0201231,50.9492118]]}},{"type":"Feature","id":"way/450081093","properties":{"source":"OpenStreetMap","source_id":"way/450081093","kind":"waterway","name":null,"waterway":"drain","landuse":null},"geometry":{"type":"LineString","coordinates":[[4.019363,50.9499675],[4.0193975,50.9499115]]}},{"type":"Feature","id":"way/450081094","properties":{"source":"OpenStreetMap","source_id":"way/450081094","kind":"waterway","name":null,"waterway":"drain","landuse":null},"geometry":{"type":"LineString","coordinates":[[4.0171071,50.9496628],[4.017349,50.949585],[4.0174724,50.9495104],[4.0175365,50.9494917],[4.0176056,50.9495104],[4.0177389,50.9496348],[4.0178525,50.9496939],[4.0181289,50.9497623],[4.0183362,50.9497654],[4.0185139,50.9497498],[4.0186077,50.9497343],[4.0186274,50.9497965],[4.0185337,50.9498525],[4.0185367,50.9498957],[4.019126,50.9501106],[4.019363,50.9499675]]}},{"type":"Feature","id":"way/450081095","properties":{"source":"OpenStreetMap","source_id":"way/450081095","kind":"waterway","name":null,"waterway":"drain","landuse":null},"geometry":{"type":"LineString","coordinates":[[4.0169294,50.9497747],[4.0171071,50.9496628]]}},{"type":"Feature","id":"way/450089802","properties":{"source":"OpenStreetMap","source_id":"way/450089802","kind":"water","name":null,"waterway":null,"landuse":null},"geometry":{"type":"Polygon","coordinates":[[[4.0221533,50.950835],[4.0220154,50.9506802],[4.0220394,50.9506009],[4.0223271,50.9504725],[4.0224829,50.9505102],[4.0225489,50.9506802],[4.0223151,50.950835],[4.0221533,50.950835]]]}},{"type":"Feature","id":"way/457916284","properties":{"source":"OpenStreetMap","source_id":"way/457916284","kind":"waterway","name":null,"waterway":"stream","landuse":null},"geometry":{"type":"LineString","coordinates":[[4.015653,50.9539691],[4.0158534,50.9540455],[4.0159059,50.9540366],[4.0159962,50.9539567],[4.0160768,50.9539469],[4.0164468,50.9540033],[4.0165804,50.9540384],[4.0166798,50.9541106]]}},{"type":"Feature","id":"way/457916285","properties":{"source":"OpenStreetMap","source_id":"way/457916285","kind":"waterway","name":null,"waterway":"stream","landuse":null},"geometry":{"type":"LineString","coordinates":[[4.0166798,50.9541106],[4.0168179,50.9542304]]}},{"type":"Feature","id":"way/677442583","properties":{"source":"OpenStreetMap","source_id":"way/677442583","kind":"waterway","name":null,"waterway":"stream","landuse":null},"geometry":{"type":"LineString","coordinates":[[4.0247619,50.9509164],[4.024711,50.9510144]]}},{"type":"Feature","id":"way/677442584","properties":{"source":"OpenStreetMap","source_id":"way/677442584","kind":"waterway","name":null,"waterway":"stream","landuse":null},"geometry":{"type":"LineString","coordinates":[[4.024711,50.9510144],[4.0246132,50.9512473],[4.024411,50.9517136],[4.024483,50.9517562]]}},{"type":"Feature","id":"way/677442585","properties":{"source":"OpenStreetMap","source_id":"way/677442585","kind":"waterway","name":null,"waterway":"stream","landuse":null},"geometry":{"type":"LineString","coordinates":[[4.024483,50.9517562],[4.024609,50.9518119]]}},{"type":"Feature","id":"way/677442586","properties":{"source":"OpenStreetMap","source_id":"way/677442586","kind":"waterway","name":null,"waterway":"stream","landuse":null},"geometry":{"type":"LineString","coordinates":[[4.024609,50.9518119],[4.0257924,50.9523805],[4.0260381,50.95242],[4.0268865,50.9525202]]}},{"type":"Feature","id":"way/798464932","properties":{"source":"OpenStreetMap","source_id":"way/798464932","kind":"waterway","name":"Ter Erpenbeek","waterway":"stream","landuse":null},"geometry":{"type":"LineString","coordinates":[[4.0186808,50.9530466],[4.0188025,50.9531217]]}},{"type":"Feature","id":"way/798464933","properties":{"source":"OpenStreetMap","source_id":"way/798464933","kind":"waterway","name":"Ter Erpenbeek","waterway":"stream","landuse":null},"geometry":{"type":"LineString","coordinates":[[4.0169101,50.9527855],[4.0169677,50.9528202],[4.0170851,50.9529938],[4.0173636,50.9529564],[4.0176403,50.9529532],[4.0177424,50.9527497],[4.0179352,50.9528096],[4.0180402,50.9529093],[4.0180935,50.9528369],[4.0181661,50.9526735],[4.0183174,50.9526372],[4.0186247,50.9528001],[4.0186428,50.9528347],[4.018635,50.9528545],[4.0185925,50.9529325],[4.018591,50.9529752],[4.0186056,50.9529938],[4.0186808,50.9530466]]}},{"type":"Feature","id":"way/913067389","properties":{"source":"OpenStreetMap","source_id":"way/913067389","kind":"waterway","name":null,"waterway":"stream","landuse":null},"geometry":{"type":"LineString","coordinates":[[4.0194216,50.9535219],[4.0193546,50.9535016]]}},{"type":"Feature","id":"way/913067390","properties":{"source":"OpenStreetMap","source_id":"way/913067390","kind":"waterway","name":null,"waterway":"stream","landuse":null},"geometry":{"type":"LineString","coordinates":[[4.0201029,50.953674],[4.0194216,50.9535219]]}},{"type":"Feature","id":"way/913067391","properties":{"source":"OpenStreetMap","source_id":"way/913067391","kind":"waterway","name":null,"waterway":"stream","landuse":null},"geometry":{"type":"LineString","coordinates":[[4.0201861,50.9537044],[4.0201029,50.953674]]}},{"type":"Feature","id":"way/913067392","properties":{"source":"OpenStreetMap","source_id":"way/913067392","kind":"waterway","name":null,"waterway":"stream","landuse":null},"geometry":{"type":"LineString","coordinates":[[4.0215889,50.954191],[4.0201861,50.9537044]]}},{"type":"Feature","id":"way/913067393","properties":{"source":"OpenStreetMap","source_id":"way/913067393","kind":"waterway","name":null,"waterway":"stream","landuse":null},"geometry":{"type":"LineString","coordinates":[[4.0180966,50.9536942],[4.0180188,50.95375]]}},{"type":"Feature","id":"way/913067394","properties":{"source":"OpenStreetMap","source_id":"way/913067394","kind":"waterway","name":null,"waterway":"stream","landuse":null},"geometry":{"type":"LineString","coordinates":[[4.0193546,50.9535016],[4.0190595,50.9533834],[4.0186116,50.9532803],[4.0185043,50.9533022],[4.018389,50.9533631],[4.0180966,50.9536942]]}},{"type":"Feature","id":"way/913067395","properties":{"source":"OpenStreetMap","source_id":"way/913067395","kind":"waterway","name":null,"waterway":"stream","landuse":null},"geometry":{"type":"LineString","coordinates":[[4.0180188,50.95375],[4.0177855,50.9539697],[4.0177426,50.9540491],[4.0176916,50.9541133],[4.0176702,50.9541724],[4.0176594,50.9542653],[4.0176138,50.9543448],[4.0175763,50.9544005],[4.0175495,50.9544664],[4.0175092,50.9545678],[4.0174422,50.954632],[4.0172893,50.9547891],[4.0172115,50.9548415],[4.0171203,50.9549023],[4.0170854,50.9549429],[4.0170291,50.9550392],[4.017005,50.9550747],[4.0168816,50.9551777],[4.0168145,50.9552504],[4.0167555,50.955318]]}},{"type":"Feature","id":"way/1236728542","properties":{"source":"OpenStreetMap","source_id":"way/1236728542","kind":"water","name":null,"waterway":null,"landuse":null},"geometry":{"type":"Polygon","coordinates":[[[4.0179011,50.9494123],[4.0179721,50.949495],[4.0180608,50.9495453],[4.0183057,50.9495609],[4.0184424,50.9495352],[4.01854,50.9494704],[4.0185843,50.9493798],[4.018595,50.9492971],[4.0185541,50.9492367],[4.0184211,50.9491764],[4.0182507,50.9491316],[4.0180839,50.9491507],[4.0179508,50.9491976],[4.0178852,50.9492971],[4.0179011,50.9494123]]]}},{"type":"Feature","id":"way/1236728543","properties":{"source":"OpenStreetMap","source_id":"way/1236728543","kind":"water","name":null,"waterway":null,"landuse":null},"geometry":{"type":"Polygon","coordinates":[[[4.0213766,50.9509474],[4.0214075,50.9509835],[4.0214462,50.9509912],[4.0214727,50.950971],[4.021539,50.9509634],[4.0215688,50.9509327],[4.0215644,50.9508945],[4.0215334,50.9508639],[4.021518,50.9508312],[4.0214506,50.9508172],[4.021413,50.9507838],[4.0213633,50.9507776],[4.021349,50.9507936],[4.0213158,50.9508047],[4.0213004,50.9508075],[4.0212971,50.9508381],[4.021349,50.950916],[4.0213766,50.9509474]]]}}]}