{"type":"FeatureCollection","features":[{"type":"Feature","id":"gebouw/Gebouw.15649694/0","properties":{"source":"Digitaal Vlaanderen Gebouwenregister","source_id":"gebouw/Gebouw.15649694/0","kind":"building","height_m":7.88,"status":null},"geometry":{"type":"Polygon","coordinates":[[[4.01616526,50.96459289],[4.01613493,50.9646151],[4.01609234,50.96459188],[4.01609588,50.96458929],[4.01612267,50.96456969],[4.01616526,50.96459289]]]}},{"type":"Feature","id":"gebouw/Gebouw.15649935/0","properties":{"source":"Digitaal Vlaanderen Gebouwenregister","source_id":"gebouw/Gebouw.15649935/0","kind":"building","height_m":5.0,"status":null},"geometry":{"type":"Polygon","coordinates":[[[4.01762608,50.96875035],[4.01758421,50.96877063],[4.01751664,50.96871115],[4.01747896,50.96867799],[4.01744087,50.96864446],[4.01747596,50.96862857],[4.01762608,50.96875035]]]}},{"type":"Feature","id":"gebouw/Gebouw.15653915/0","properties":{"source":"Digitaal Vlaanderen Gebouwenregister","source_id":"gebouw/Gebouw.15653915/0","kind":"building","height_m":7.88,"status":null},"geometry":{"type":"Polygon","coordinates":[[[4.02061067,50.96245471],[4.02060193,50.96246249],[4.02055688,50.96244229],[4.0205602,50.96243933],[4.02052385,50.9624224],[4.02060119,50.9623554],[4.02071372,50.9624072],[4.02064366,50.96246951],[4.02061067,50.96245471]]]}},{"type":"Feature","id":"gebouw/Gebouw.15654302/0","properties":{"source":"Digitaal Vlaanderen Gebouwenregister","source_id":"gebouw/Gebouw.15654302/0","kind":"building","height_m":9.32,"status":null},"geometry":{"type":"Polygon","coordinates":[[[4.02434771,50.96276567],[4.02428555,50.96284638],[4.02421747,50.96282703],[4.02421284,50.96282571],[4.02426575,50.96275406],[4.02426878,50.96275034],[4.02430509,50.96276217],[4.02434125,50.9627138],[4.02437955,50.96272433],[4.02434771,50.96276567]]]}},{"type":"Feature","id":"gebouw/Gebouw.15654487/0","properties":{"source":"Digitaal Vlaanderen Gebouwenregister","source_id":"gebouw/Gebouw.15654487/0","kind":"building","height_m":6.44,"status":null},"geometry":{"type":"Polygon","coordinates":[[[4.01754286,50.96807705],[4.01766315,50.96816144],[4.01773635,50.96811983],[4.01761446,50.96803433],[4.01754286,50.96807705]]]}},{"type":"Feature","id":"gebouw/Gebouw.15657625/0","properties":{"source":"Digitaal Vlaanderen Gebouwenregister","source_id":"gebouw/Gebouw.15657625/0","kind":"building","height_m":7.88,"status":null},"geometry":{"type":"Polygon","coordinates":[[[4.02505557,50.96570203],[4.02504596,50.96569853],[4.0249574,50.9656663],[4.02494403,50.96566143],[4.02488637,50.96572461],[4.02487033,50.96571446],[4.0248772,50.96571013],[4.02478109,50.96564931],[4.02474571,50.96567161],[4.02486578,50.96574758],[4.02487998,50.96573959],[4.02498605,50.9657782],[4.02501033,50.9657516],[4.02501586,50.96574554],[4.02502636,50.96573404],[4.02503042,50.96572959],[4.02505557,50.96570203]]]}},{"type":"Feature","id":"gebouw/Gebouw.15673637/0","properties":{"source":"Digitaal Vlaanderen Gebouwenregister","source_id":"gebouw/Gebouw.15673637/0","kind":"building","height_m":5.0,"status":null},"geometry":{"type":"Polygon","coordinates":[[[4.01836093,50.96882521],[4.01836101,50.96882526],[4.01848806,50.96890105],[4.01842698,50.96896216],[4.0184254,50.96896375],[4.01823887,50.96889029],[4.01823904,50.9688902],[4.01824674,50.96888603],[4.01836009,50.96882458],[4.01836093,50.96882521]]]}},{"type":"Feature","id":"gebouw/Gebouw.15675495/0","properties":{"source":"Digitaal Vlaanderen Gebouwenregister","source_id":"gebouw/Gebouw.15675495/0","kind":"building","height_m":7.16,"status":null},"geometry":{"type":"Polygon","coordinates":[[[4.02516225,50.96340616],[4.02521045,50.96335196],[4.0249996,50.96327812],[4.02495162,50.96333239],[4.0250518,50.96336747],[4.02516225,50.96340616]]]}},{"type":"Feature","id":"gebouw/Gebouw.15675689/0","properties":{"source":"Digitaal Vlaanderen Gebouwenregister","source_id":"gebouw/Gebouw.15675689/0","kind":"building","height_m":5.72,"status":null},"geometry":{"type":"Polygon","coordinates":[[[4.01831083,50.96406391],[4.01820172,50.96407425],[4.01817754,50.96397249],[4.01838952,50.9639524],[4.0184137,50.96405416],[4.01831083,50.96406391]]]}},{"type":"Feature","id":"gebouw/Gebouw.15675925/0","properties":{"source":"Digitaal Vlaanderen Gebouwenregister","source_id":"gebouw/Gebouw.15675925/0","kind":"building","height_m":9.32,"status":null},"geometry":{"type":"Polygon","coordinates":[[[4.02479542,50.96554685],[4.02476872,50.96556902],[4.02471108,50.96554135],[4.02473777,50.96551917],[4.02479542,50.96554685]]]}},{"type":"Feature","id":"gebouw/Gebouw.15681454/0","properties":{"source":"Digitaal Vlaanderen Gebouwenregister","source_id":"gebouw/Gebouw.15681454/0","kind":"building","height_m":8.6,"status":null},"geometry":{"type":"Polygon","coordinates":[[[4.02416994,50.96706575],[4.02414696,50.96708216],[4.02409281,50.96705198],[4.02411577,50.96703556],[4.02416994,50.96706575]]]}},{"type":"Feature","id":"gebouw/Gebouw.15682178/0","properties":{"source":"Digitaal Vlaanderen Gebouwenregister","source_id":"gebouw/Gebouw.15682178/0","kind":"building","height_m":5.72,"status":null},"geometry":{"type":"Polygon","coordinates":[[[4.02468532,50.96325976],[4.02471649,50.96322574],[4.02481955,50.9632634],[4.02474728,50.96334228],[4.02458229,50.96328199],[4.02461123,50.96323269],[4.02468532,50.96325976]]]}},{"type":"Feature","id":"gebouw/Gebouw.15684625/0","properties":{"source":"Digitaal Vlaanderen Gebouwenregister","source_id":"gebouw/Gebouw.15684625/0","kind":"building","height_m":8.6,"status":null},"geometry":{"type":"Polygon","coordinates":[[[4.02565999,50.96296393],[4.02560143,50.96293248],[4.02566932,50.96288085],[4.02570326,50.9628993],[4.02579381,50.96283287],[4.02586266,50.96287029],[4.02570144,50.9629862],[4.02565999,50.96296393]]]}},{"type":"Feature","id":"gebouw/Gebouw.15687504/0","properties":{"source":"Digitaal Vlaanderen Gebouwenregister","source_id":"gebouw/Gebouw.15687504/0","kind":"building","height_m":5.0,"status":null},"geometry":{"type":"Polygon","coordinates":[[[4.02570144,50.9629862],[4.02586266,50.96287029],[4.02592562,50.96290732],[4.02588819,50.96293448],[4.02589909,50.96294057],[4.0258426,50.96298089],[4.02583306,50.96297556],[4.02583647,50.96297313],[4.02581565,50.9629615],[4.02578833,50.96298311],[4.02577293,50.96297535],[4.0257071,50.96302151],[4.02574062,50.96304159],[4.02568815,50.96308047],[4.02563752,50.96305752],[4.02568146,50.96300849],[4.02570144,50.9629862]]]}},{"type":"Feature","id":"gebouw/Gebouw.15687572/0","properties":{"source":"Digitaal Vlaanderen Gebouwenregister","source_id":"gebouw/Gebouw.15687572/0","kind":"building","height_m":8.6,"status":null},"geometry":{"type":"Polygon","coordinates":[[[4.02635573,50.96486524],[4.02630715,50.96489195],[4.0262771,50.96487015],[4.02624517,50.96488791],[4.02621862,50.96486889],[4.02619125,50.96488413],[4.02610665,50.96482353],[4.02621389,50.96476383],[4.02633068,50.96484733],[4.02635573,50.96486524]]]}},{"type":"Feature","id":"gebouw/Gebouw.15689462/0","properties":{"source":"Digitaal Vlaanderen Gebouwenregister","source_id":"gebouw/Gebouw.15689462/0","kind":"building","height_m":8.6,"status":null},"geometry":{"type":"Polygon","coordinates":[[[4.01943101,50.96522925],[4.01938842,50.96525906],[4.01931926,50.96521835],[4.01936036,50.96518833],[4.01943101,50.96522925]]]}},{"type":"Feature","id":"gebouw/Gebouw.15694279/0","properties":{"source":"Digitaal Vlaanderen Gebouwenregister","source_id":"gebouw/Gebouw.15694279/0","kind":"building","height_m":9.32,"status":null},"geometry":{"type":"Polygon","coordinates":[[[4.02160043,50.96725137],[4.02176263,50.96736337],[4.02170202,50.96739837],[4.02153595,50.96728861],[4.02160043,50.96725137]]]}},{"type":"Feature","id":"gebouw/Gebouw.15694676/0","properties":{"source":"Digitaal Vlaanderen Gebouwenregister","source_id":"gebouw/Gebouw.15694676/0","kind":"building","height_m":7.88,"status":null},"geometry":{"type":"Polygon","coordinates":[[[4.01990659,50.96280425],[4.01990593,50.96280478],[4.01990693,50.96280543],[4.01987622,50.96283759],[4.01987748,50.96283826],[4.01986264,50.96285271],[4.0196906,50.96277732],[4.01971015,50.96275939],[4.01971643,50.96276212],[4.01974747,50.96273367],[4.01985454,50.96278117],[4.0198981,50.96280069],[4.01990659,50.96280425]]]}},{"type":"Feature","id":"gebouw/Gebouw.15699474/0","properties":{"source":"Digitaal Vlaanderen Gebouwenregister","source_id":"gebouw/Gebouw.15699474/0","kind":"building","height_m":5.0,"status":null},"geometry":{"type":"Polygon","coordinates":[[[4.01940568,50.96322733],[4.01935189,50.96326035],[4.01927565,50.96319962],[4.01921662,50.9631526],[4.01920647,50.96314451],[4.01923303,50.96312854],[4.01927344,50.96315533],[4.01928586,50.96314786],[4.01940568,50.96322733]]]}},{"type":"Feature","id":"gebouw/Gebouw.15702158/0","properties":{"source":"Digitaal Vlaanderen Gebouwenregister","source_id":"gebouw/Gebouw.15702158/0","kind":"building","height_m":7.16,"status":null},"geometry":{"type":"Polygon","coordinates":[[[4.01791708,50.96864815],[4.01795394,50.96867185],[4.01791989,50.96869297],[4.01788303,50.96866927],[4.01791708,50.96864815]]]}},{"type":"Feature","id":"gebouw/Gebouw.15709091/0","properties":{"source":"Digitaal Vlaanderen Gebouwenregister","source_id":"gebouw/Gebouw.15709091/0","kind":"building","height_m":9.32,"status":null},"geometry":{"type":"Polygon","coordinates":[[[4.02050647,50.96316956],[4.02040461,50.96327881],[4.02036727,50.96326493],[4.02034536,50.96328796],[4.02026496,50.96325774],[4.02036829,50.96314809],[4.0203768,50.96315126],[4.02039847,50.96312801],[4.02040821,50.96313163],[4.02042215,50.96311668],[4.02049873,50.96314516],[4.02048383,50.96316114],[4.02050647,50.96316956]]]}},{"type":"Feature","id":"gebouw/Gebouw.15718014/0","properties":{"source":"Digitaal Vlaanderen Gebouwenregister","source_id":"gebouw/Gebouw.15718014/0","kind":"building","height_m":7.88,"status":null},"geometry":{"type":"Polygon","coordinates":[[[4.01935189,50.96326035],[4.01928515,50.9633017],[4.01916021,50.96321645],[4.01915743,50.96321456],[4.01913807,50.96320135],[4.01921662,50.9631526],[4.01927565,50.96319962],[4.01935189,50.96326035]]]}},{"type":"Feature","id":"gebouw/Gebouw.15718041/0","properties":{"source":"Digitaal Vlaanderen Gebouwenregister","source_id":"gebouw/Gebouw.15718041/0","kind":"building","height_m":7.16,"status":null},"geometry":{"type":"Polygon","coordinates":[[[4.0181097,50.96433094],[4.01804867,50.96430017],[4.01808523,50.9642703],[4.01814766,50.96430171],[4.0181097,50.96433094]]]}},{"type":"Feature","id":"gebouw/Gebouw.15718211/0","properties":{"source":"Digitaal Vlaanderen Gebouwenregister","source_id":"gebouw/Gebouw.15718211/0","kind":"building","height_m":8.6,"status":null},"geometry":{"type":"Polygon","coordinates":[[[4.02497775,50.96596312],[4.0249962,50.96593739],[4.02504213,50.96595053],[4.02502314,50.9659761],[4.02497775,50.96596312]]]}},{"type":"Feature","id":"gebouw/Gebouw.15725015/0","properties":{"source":"Digitaal Vlaanderen Gebouwenregister","source_id":"gebouw/Gebouw.15725015/0","kind":"building","height_m":8.6,"status":null},"geometry":{"type":"Polygon","coordinates":[[[4.02242884,50.96683366],[4.02234525,50.96684108],[4.02233372,50.96678923],[4.0224173,50.96678181],[4.02242884,50.96683366]]]}},{"type":"Feature","id":"gebouw/Gebouw.15727896/0","properties":{"source":"Digitaal Vlaanderen Gebouwenregister","source_id":"gebouw/Gebouw.15727896/0","kind":"building","height_m":6.44,"status":null},"geometry":{"type":"Polygon","coordinates":[[[4.02490345,50.96273473],[4.02496143,50.96274774],[4.02488586,50.9628821],[4.02482613,50.96287388],[4.02484049,50.96284804],[4.02486117,50.96281081],[4.02486426,50.96280527],[4.02490345,50.96273473]]]}},{"type":"Feature","id":"gebouw/Gebouw.15727909/0","properties":{"source":"Digitaal Vlaanderen Gebouwenregister","source_id":"gebouw/Gebouw.15727909/0","kind":"building","height_m":5.72,"status":null},"geometry":{"type":"Polygon","coordinates":[[[4.0187829,50.96763608],[4.01885431,50.96768311],[4.0188331,50.96769595],[4.01882081,50.96768786],[4.01881658,50.96769043],[4.01878135,50.96766723],[4.01877995,50.96766808],[4.01875605,50.96765234],[4.0187829,50.96763608]]]}},{"type":"Feature","id":"gebouw/Gebouw.15729842/0","properties":{"source":"Digitaal Vlaanderen Gebouwenregister","source_id":"gebouw/Gebouw.15729842/0","kind":"building","height_m":6.44,"status":null},"geometry":{"type":"Polygon","coordinates":[[[4.02320827,50.96641342],[4.02317497,50.9663995],[4.02315447,50.96643544],[4.02311114,50.96642649],[4.0232422,50.96619636],[4.02329482,50.96621394],[4.02321395,50.96635582],[4.02320849,50.96635465],[4.0232038,50.96635987],[4.02324793,50.96638068],[4.02320827,50.96641342]]]}},{"type":"Feature","id":"gebouw/Gebouw.15729844/0","properties":{"source":"Digitaal Vlaanderen Gebouwenregister","source_id":"gebouw/Gebouw.15729844/0","kind":"building","height_m":7.88,"status":null},"geometry":{"type":"Polygon","coordinates":[[[4.02163356,50.96747626],[4.02165935,50.96749422],[4.02160031,50.96752799],[4.02157452,50.96751003],[4.02163356,50.96747626]]]}},{"type":"Feature","id":"gebouw/Gebouw.15730311/0","properties":{"source":"Digitaal Vlaanderen Gebouwenregister","source_id":"gebouw/Gebouw.15730311/0","kind":"building","height_m":6.44,"status":null},"geometry":{"type":"Polygon","coordinates":[[[4.02185963,50.96733867],[4.02185253,50.96734252],[4.0218139,50.96731411],[4.02180198,50.96732056],[4.02173086,50.96726825],[4.02186826,50.96719252],[4.02197899,50.96727397],[4.02192398,50.96730379],[4.02185963,50.96733867]]]}},{"type":"Feature","id":"gebouw/Gebouw.15730583/0","properties":{"source":"Digitaal Vlaanderen Gebouwenregister","source_id":"gebouw/Gebouw.15730583/0","kind":"building","height_m":5.72,"status":null},"geometry":{"type":"Polygon","coordinates":[[[4.01682935,50.96379307],[4.01673881,50.96374578],[4.01676066,50.9637291],[4.01677765,50.96373797],[4.01686251,50.96367318],[4.01689472,50.96369],[4.01683499,50.96373561],[4.01684409,50.96374036],[4.01689908,50.96370031],[4.01693694,50.96371901],[4.01687643,50.96376521],[4.01687013,50.96376193],[4.01682935,50.96379307]]]}},{"type":"Feature","id":"gebouw/Gebouw.15730625/0","properties":{"source":"Digitaal Vlaanderen Gebouwenregister","source_id":"gebouw/Gebouw.15730625/0","kind":"building","height_m":5.72,"status":null},"geometry":{"type":"Polygon","coordinates":[[[4.02356648,50.96410851],[4.02359286,50.96407428],[4.02364567,50.96409054],[4.02361929,50.96412478],[4.02356648,50.96410851]]]}},{"type":"Feature","id":"gebouw/Gebouw.15741660/0","properties":{"source":"Digitaal Vlaanderen Gebouwenregister","source_id":"gebouw/Gebouw.15741660/0","kind":"building","height_m":7.88,"status":null},"geometry":{"type":"Polygon","coordinates":[[[4.02101623,50.96769289],[4.02094344,50.96773655],[4.02063696,50.9675365],[4.02066501,50.96751911],[4.02066393,50.96751841],[4.02071738,50.96748548],[4.02071828,50.96748607],[4.02074142,50.96747173],[4.02074309,50.96747281],[4.02081673,50.96744722],[4.02087232,50.96749196],[4.0208105,50.96751816],[4.02085298,50.96754626],[4.02077618,50.96759255],[4.02089816,50.96767324],[4.0209444,50.96764537],[4.02101623,50.96769289]]]}},{"type":"Feature","id":"gebouw/Gebouw.15741750/0","properties":{"source":"Digitaal Vlaanderen Gebouwenregister","source_id":"gebouw/Gebouw.15741750/0","kind":"building","height_m":7.16,"status":null},"geometry":{"type":"Polygon","coordinates":[[[4.01747596,50.96862857],[4.01750921,50.96861351],[4.01757201,50.96866556],[4.0175877,50.96865786],[4.01767356,50.96872739],[4.01762608,50.96875035],[4.01747596,50.96862857]]]}},{"type":"Feature","id":"gebouw/Gebouw.15741787/0","properties":{"source":"Digitaal Vlaanderen Gebouwenregister","source_id":"gebouw/Gebouw.15741787/0","kind":"building","height_m":8.6,"status":null},"geometry":{"type":"Polygon","coordinates":[[[4.02615358,50.96351793],[4.02611142,50.96355273],[4.02606856,50.96353203],[4.02611075,50.9634972],[4.02615358,50.96351793]]]}},{"type":"Feature","id":"gebouw/Gebouw.15744049/0","properties":{"source":"Digitaal Vlaanderen Gebouwenregister","source_id":"gebouw/Gebouw.15744049/0","kind":"building","height_m":9.32,"status":null},"geometry":{"type":"Polygon","coordinates":[[[4.01890189,50.96754566],[4.01883104,50.96750698],[4.01871673,50.96759049],[4.0187849,50.96763193],[4.01890189,50.96754566]]]}},{"type":"Feature","id":"gebouw/Gebouw.15744435/0","properties":{"source":"Digitaal Vlaanderen Gebouwenregister","source_id":"gebouw/Gebouw.15744435/0","kind":"building","height_m":5.0,"status":null},"geometry":{"type":"Polygon","coordinates":[[[4.02583661,50.96536977],[4.02585468,50.96537652],[4.02577112,50.9654657],[4.02561662,50.96540796],[4.02568905,50.96533067],[4.0256989,50.96533435],[4.02574235,50.96528798],[4.02586893,50.96533527],[4.02583661,50.96536977]]]}},{"type":"Feature","id":"gebouw/Gebouw.15744696/0","properties":{"source":"Digitaal Vlaanderen Gebouwenregister","source_id":"gebouw/Gebouw.15744696/0","kind":"building","height_m":6.44,"status":null},"geometry":{"type":"Polygon","coordinates":[[[4.02042239,50.96832967],[4.02076161,50.96855956],[4.02051288,50.9687059],[4.02017366,50.968476],[4.02042239,50.96832967]]]}},{"type":"Feature","id":"gebouw/Gebouw.15747534/0","properties":{"source":"Digitaal Vlaanderen Gebouwenregister","source_id":"gebouw/Gebouw.15747534/0","kind":"building","height_m":8.6,"status":null},"geometry":{"type":"Polygon","coordinates":[[[4.0233975,50.96314767],[4.02334934,50.96315899],[4.02330293,50.96306299],[4.02327674,50.96301392],[4.02336943,50.96299682],[4.02337238,50.96299692],[4.02338763,50.96302928],[4.02340748,50.96307139],[4.02337747,50.96307702],[4.0234051,50.96314042],[4.0233975,50.96314767]]]}},{"type":"Feature","id":"gebouw/Gebouw.15750351/0","properties":{"source":"Digitaal Vlaanderen Gebouwenregister","source_id":"gebouw/Gebouw.15750351/0","kind":"building","height_m":5.72,"status":null},"geometry":{"type":"Polygon","coordinates":[[[4.02652685,50.96445448],[4.02646163,50.96449201],[4.02643753,50.96447538],[4.02650255,50.96443773],[4.02652685,50.96445448]]]}},{"type":"Feature","id":"gebouw/Gebouw.15755133/0","properties":{"source":"Digitaal Vlaanderen Gebouwenregister","source_id":"gebouw/Gebouw.15755133/0","kind":"building","height_m":6.44,"status":null},"geometry":{"type":"Polygon","coordinates":[[[4.02404421,50.9629585],[4.0239928,50.96302511],[4.02390021,50.96299661],[4.02395162,50.96293],[4.02404421,50.9629585]]]}},{"type":"Feature","id":"gebouw/Gebouw.15756969/0","properties":{"source":"Digitaal Vlaanderen Gebouwenregister","source_id":"gebouw/Gebouw.15756969/0","kind":"building","height_m":7.88,"status":null},"geometry":{"type":"Polygon","coordinates":[[[4.02684992,50.96528809],[4.02687492,50.96526352],[4.02688087,50.96526476],[4.02693237,50.96517164],[4.0268361,50.96515132],[4.02685466,50.96511776],[4.02684693,50.96511605],[4.02678514,50.96510243],[4.0265248,50.96504503],[4.02652468,50.96504527],[4.02649084,50.96511092],[4.02653321,50.96511992],[4.02653118,50.96512363],[4.02655352,50.965128],[4.02659498,50.96513612],[4.02660159,50.96516039],[4.02663076,50.96519277],[4.02660825,50.96520242],[4.02662485,50.96520873],[4.02658699,50.96522402],[4.02657348,50.96522947],[4.0265917,50.96525353],[4.02659817,50.96525608],[4.02661161,50.96526137],[4.02679588,50.96534118],[4.02684992,50.96528809]]]}},{"type":"Feature","id":"gebouw/Gebouw.15760053/0","properties":{"source":"Digitaal Vlaanderen Gebouwenregister","source_id":"gebouw/Gebouw.15760053/0","kind":"building","height_m":5.72,"status":null},"geometry":{"type":"Polygon","coordinates":[[[4.01827117,50.96877475],[4.01820004,50.96881317],[4.0181484,50.96877506],[4.01821953,50.96873664],[4.01827117,50.96877475]]]}},{"type":"Feature","id":"gebouw/Gebouw.15762718/0","properties":{"source":"Digitaal Vlaanderen Gebouwenregister","source_id":"gebouw/Gebouw.15762718/0","kind":"building","height_m":9.32,"status":null},"geometry":{"type":"Polygon","coordinates":[[[4.02467151,50.96263468],[4.02465494,50.96266154],[4.02456759,50.96264365],[4.02461663,50.96255243],[4.02470995,50.96257234],[4.02467151,50.96263468]]]}},{"type":"Feature","id":"gebouw/Gebouw.15762868/0","properties":{"source":"Digitaal Vlaanderen Gebouwenregister","source_id":"gebouw/Gebouw.15762868/0","kind":"building","height_m":6.44,"status":null},"geometry":{"type":"Polygon","coordinates":[[[4.01960758,50.96308572],[4.01954303,50.9631369],[4.01939559,50.96304102],[4.01943429,50.96300862],[4.019333,50.96294373],[4.01930423,50.96292952],[4.01934324,50.96289818],[4.01937093,50.96291382],[4.01945374,50.96296062],[4.01948038,50.96297566],[4.01944944,50.96299719],[4.01960758,50.96308572]]]}},{"type":"Feature","id":"gebouw/Gebouw.15763113/0","properties":{"source":"Digitaal Vlaanderen Gebouwenregister","source_id":"gebouw/Gebouw.15763113/0","kind":"building","height_m":6.44,"status":null},"geometry":{"type":"Polygon","coordinates":[[[4.02493961,50.96546795],[4.02496314,50.96544676],[4.02508866,50.96550235],[4.025052,50.96553545],[4.02505425,50.96553648],[4.0250499,50.96554053],[4.0250453,50.96553849],[4.02502444,50.96555733],[4.02502906,50.96555939],[4.02502445,50.96556358],[4.0250221,50.96556253],[4.0249853,50.96559556],[4.02486026,50.96554018],[4.02486607,50.96553495],[4.0248106,50.96551038],[4.02485412,50.9654712],[4.02487291,50.96547952],[4.02490352,50.96545197],[4.02493961,50.96546795]]]}},{"type":"Feature","id":"gebouw/Gebouw.15765668/0","properties":{"source":"Digitaal Vlaanderen Gebouwenregister","source_id":"gebouw/Gebouw.15765668/0","kind":"building","height_m":6.44,"status":null},"geometry":{"type":"Polygon","coordinates":[[[4.02342835,50.96238757],[4.02343242,50.96240214],[4.02341822,50.96241587],[4.02339573,50.96241905],[4.02337469,50.96241082],[4.02336867,50.96239548],[4.02338315,50.96238166],[4.02340789,50.96237856],[4.02342835,50.96238757]]]}},{"type":"Feature","id":"gebouw/Gebouw.15766347/0","properties":{"source":"Digitaal Vlaanderen Gebouwenregister","source_id":"gebouw/Gebouw.15766347/0","kind":"building","height_m":6.44,"status":null},"geometry":{"type":"Polygon","coordinates":[[[4.0210019,50.96250443],[4.02096179,50.96249332],[4.02098189,50.9624644],[4.021022,50.96247552],[4.0210019,50.96250443]]]}},{"type":"Feature","id":"gebouw/Gebouw.15768495/0","properties":{"source":"Digitaal Vlaanderen Gebouwenregister","source_id":"gebouw/Gebouw.15768495/0","kind":"building","height_m":5.72,"status":null},"geometry":{"type":"Polygon","coordinates":[[[4.01692319,50.9636057],[4.01686927,50.96366871],[4.01685373,50.96366341],[4.01686784,50.96364693],[4.01676634,50.96361229],[4.01675269,50.96362824],[4.01673757,50.96362308],[4.01679104,50.9635606],[4.01692319,50.9636057]]]}},{"type":"Feature","id":"gebouw/Gebouw.15771276/0","properties":{"source":"Digitaal Vlaanderen Gebouwenregister","source_id":"gebouw/Gebouw.15771276/0","kind":"building","height_m":7.16,"status":null},"geometry":{"type":"Polygon","coordinates":[[[4.01787981,50.96814281],[4.01783153,50.96817009],[4.01774436,50.96810857],[4.01779441,50.96808029],[4.01786967,50.96813341],[4.01788158,50.96814182],[4.01787981,50.96814281]]]}},{"type":"Feature","id":"gebouw/Gebouw.15771861/0","properties":{"source":"Digitaal Vlaanderen Gebouwenregister","source_id":"gebouw/Gebouw.15771861/0","kind":"building","height_m":5.0,"status":null},"geometry":{"type":"Polygon","coordinates":[[[4.02355819,50.96335982],[4.02358561,50.96332989],[4.02359276,50.96332122],[4.02354683,50.96330608],[4.02351234,50.963346],[4.02345578,50.96332504],[4.02340301,50.96330549],[4.02335098,50.96328621],[4.02334338,50.96329438],[4.02332511,50.96331404],[4.02330587,50.9633069],[4.02326027,50.96329],[4.02305982,50.96321571],[4.02297647,50.96330536],[4.02318086,50.9633819],[4.02318177,50.96338224],[4.02323063,50.96340054],[4.02345957,50.96348629],[4.02350073,50.9634425],[4.02354457,50.96339587],[4.02353997,50.96339408],[4.02353069,50.96339045],[4.02355819,50.96335982]]]}},{"type":"Feature","id":"gebouw/Gebouw.15776657/0","properties":{"source":"Digitaal Vlaanderen Gebouwenregister","source_id":"gebouw/Gebouw.15776657/0","kind":"building","height_m":5.72,"status":null},"geometry":{"type":"Polygon","coordinates":[[[4.02504134,50.96323119],[4.0249996,50.96327812],[4.02521045,50.96335196],[4.02521922,50.96335503],[4.02524141,50.96333008],[4.02513561,50.96329255],[4.02515449,50.96327132],[4.02504134,50.96323119]]]}},{"type":"Feature","id":"gebouw/Gebouw.15781622/0","properties":{"source":"Digitaal Vlaanderen Gebouwenregister","source_id":"gebouw/Gebouw.15781622/0","kind":"building","height_m":7.16,"status":null},"geometry":{"type":"Polygon","coordinates":[[[4.02292475,50.96666314],[4.0228826,50.9666663],[4.02286785,50.96658794],[4.02290996,50.96658478],[4.02292475,50.96666314]]]}},{"type":"Feature","id":"gebouw/Gebouw.15787775/0","properties":{"source":"Digitaal Vlaanderen Gebouwenregister","source_id":"gebouw/Gebouw.15787775/0","kind":"building","height_m":7.16,"status":null},"geometry":{"type":"Polygon","coordinates":[[[4.02425144,50.96274934],[4.02419721,50.96282114],[4.02413006,50.96280242],[4.02419335,50.96271624],[4.02419789,50.96270713],[4.02426821,50.96272714],[4.02425144,50.96274934]]]}},{"type":"Feature","id":"gebouw/Gebouw.15790545/0","properties":{"source":"Digitaal Vlaanderen Gebouwenregister","source_id":"gebouw/Gebouw.15790545/0","kind":"building","height_m":5.72,"status":null},"geometry":{"type":"Polygon","coordinates":[[[4.02486117,50.96281081],[4.02484049,50.96284804],[4.02480928,50.96283947],[4.02480055,50.96283708],[4.02482252,50.96280132],[4.02486117,50.96281081]]]}},{"type":"Feature","id":"gebouw/Gebouw.15790633/0","properties":{"source":"Digitaal Vlaanderen Gebouwenregister","source_id":"gebouw/Gebouw.15790633/0","kind":"building","height_m":8.6,"status":null},"geometry":{"type":"Polygon","coordinates":[[[4.02141274,50.96734577],[4.0213553,50.96737231],[4.02127883,50.96730625],[4.02137824,50.96726035],[4.02138053,50.96726232],[4.02141667,50.96725178],[4.02145368,50.9672977],[4.02143021,50.96730603],[4.02145019,50.96732848],[4.02141274,50.96734577]]]}},{"type":"Feature","id":"gebouw/Gebouw.15792953/0","properties":{"source":"Digitaal Vlaanderen Gebouwenregister","source_id":"gebouw/Gebouw.15792953/0","kind":"building","height_m":5.72,"status":null},"geometry":{"type":"Polygon","coordinates":[[[4.01905114,50.96329079],[4.01900527,50.96331723],[4.01893053,50.96326549],[4.01897025,50.96324204],[4.01898,50.96323629],[4.01905114,50.96329079]]]}},{"type":"Feature","id":"gebouw/Gebouw.15795399/0","properties":{"source":"Digitaal Vlaanderen Gebouwenregister","source_id":"gebouw/Gebouw.15795399/0","kind":"building","height_m":7.88,"status":null},"geometry":{"type":"Polygon","coordinates":[[[4.01999682,50.96302842],[4.02011982,50.96307434],[4.02009597,50.96310012],[4.02015538,50.9631218],[4.02012459,50.96315545],[4.01994121,50.96308783],[4.01999682,50.96302842]]]}},{"type":"Feature","id":"gebouw/Gebouw.15795512/0","properties":{"source":"Digitaal Vlaanderen Gebouwenregister","source_id":"gebouw/Gebouw.15795512/0","kind":"building","height_m":8.6,"status":null},"geometry":{"type":"Polygon","coordinates":[[[4.0246142,50.96272441],[4.02455242,50.96271018],[4.02452381,50.96275968],[4.02458336,50.9627734],[4.0246142,50.96272441]]]}},{"type":"Feature","id":"gebouw/Gebouw.15797970/0","properties":{"source":"Digitaal Vlaanderen Gebouwenregister","source_id":"gebouw/Gebouw.15797970/0","kind":"building","height_m":9.32,"status":null},"geometry":{"type":"Polygon","coordinates":[[[4.02408506,50.96260857],[4.02404231,50.96259071],[4.02409531,50.9625401],[4.02413807,50.96255795],[4.02408506,50.96260857]]]}},{"type":"Feature","id":"gebouw/Gebouw.15798413/0","properties":{"source":"Digitaal Vlaanderen Gebouwenregister","source_id":"gebouw/Gebouw.15798413/0","kind":"building","height_m":5.72,"status":null},"geometry":{"type":"Polygon","coordinates":[[[4.02359312,50.96308755],[4.02353781,50.96315096],[4.02350171,50.96313889],[4.02353813,50.96309777],[4.02350783,50.9631051],[4.02348476,50.96305616],[4.02346547,50.96301524],[4.02344982,50.96298205],[4.02345162,50.96298174],[4.0234512,50.96298045],[4.02353576,50.96296476],[4.02357594,50.96303893],[4.02359312,50.96308755]]]}},{"type":"Feature","id":"gebouw/Gebouw.15800607/0","properties":{"source":"Digitaal Vlaanderen Gebouwenregister","source_id":"gebouw/Gebouw.15800607/0","kind":"building","height_m":7.88,"status":null},"geometry":{"type":"Polygon","coordinates":[[[4.02539001,50.96344039],[4.02535352,50.96347314],[4.02532912,50.9634646],[4.02536135,50.96342977],[4.02539001,50.96344039]]]}},{"type":"Feature","id":"gebouw/Gebouw.15800813/0","properties":{"source":"Digitaal Vlaanderen Gebouwenregister","source_id":"gebouw/Gebouw.15800813/0","kind":"building","height_m":5.0,"status":null},"geometry":{"type":"Polygon","coordinates":[[[4.01867612,50.96870607],[4.01867767,50.96871553],[4.01864246,50.96874998],[4.01848806,50.96890105],[4.01836101,50.96882526],[4.01842141,50.96879287],[4.01855691,50.96872042],[4.01857426,50.96871404],[4.01860825,50.96870154],[4.01860982,50.96870111],[4.01861151,50.96870065],[4.01865154,50.96868967],[4.01867612,50.96870607]]]}},{"type":"Feature","id":"gebouw/Gebouw.15805201/0","properties":{"source":"Digitaal Vlaanderen Gebouwenregister","source_id":"gebouw/Gebouw.15805201/0","kind":"building","height_m":9.32,"status":null},"geometry":{"type":"Polygon","coordinates":[[[4.0207482,50.96246931],[4.02073687,50.96248553],[4.02080847,50.96250431],[4.02078889,50.96253408],[4.02074805,50.9625234],[4.02065367,50.9624987],[4.02069496,50.96244886],[4.0207482,50.96246931]]]}},{"type":"Feature","id":"gebouw/Gebouw.15810376/0","properties":{"source":"Digitaal Vlaanderen Gebouwenregister","source_id":"gebouw/Gebouw.15810376/0","kind":"building","height_m":5.72,"status":null},"geometry":{"type":"Polygon","coordinates":[[[4.02464858,50.96316608],[4.02465638,50.96316866],[4.02471142,50.96318686],[4.02471677,50.96318863],[4.02472709,50.96317547],[4.02478644,50.96319396],[4.02480784,50.96316657],[4.02488549,50.96318756],[4.0249268,50.96313801],[4.02492077,50.96311285],[4.02476528,50.96306853],[4.02474556,50.96309734],[4.02469928,50.96308417],[4.02464858,50.96316608]]]}},{"type":"Feature","id":"gebouw/Gebouw.15812904/0","properties":{"source":"Digitaal Vlaanderen Gebouwenregister","source_id":"gebouw/Gebouw.15812904/0","kind":"building","height_m":6.44,"status":null},"geometry":{"type":"Polygon","coordinates":[[[4.02427809,50.9666716],[4.02422477,50.96671072],[4.02423342,50.96671542],[4.02420686,50.96673509],[4.02416442,50.96671199],[4.02410584,50.96675505],[4.02429932,50.96686036],[4.02445464,50.96674542],[4.02438423,50.96670748],[4.02436717,50.96672],[4.02427809,50.9666716]]]}},{"type":"Feature","id":"gebouw/Gebouw.15816214/0","properties":{"source":"Digitaal Vlaanderen Gebouwenregister","source_id":"gebouw/Gebouw.15816214/0","kind":"building","height_m":5.72,"status":null},"geometry":{"type":"Polygon","coordinates":[[[4.02459931,50.9622314],[4.02433668,50.96229286],[4.02431696,50.96226509],[4.02446674,50.96223155],[4.02445297,50.96220358],[4.02456548,50.96217831],[4.02459931,50.9622314]]]}},{"type":"Feature","id":"gebouw/Gebouw.15820714/0","properties":{"source":"Digitaal Vlaanderen Gebouwenregister","source_id":"gebouw/Gebouw.15820714/0","kind":"building","height_m":5.0,"status":null},"geometry":{"type":"Polygon","coordinates":[[[4.02447615,50.96696218],[4.0244766,50.9669651],[4.02443358,50.96696777],[4.02442727,50.96692688],[4.0244967,50.96692261],[4.02450065,50.96694821],[4.02451467,50.96694735],[4.02451657,50.96695969],[4.02447615,50.96696218]]]}},{"type":"Feature","id":"gebouw/Gebouw.15826313/0","properties":{"source":"Digitaal Vlaanderen Gebouwenregister","source_id":"gebouw/Gebouw.15826313/0","kind":"building","height_m":9.32,"status":null},"geometry":{"type":"Polygon","coordinates":[[[4.02036739,50.96717308],[4.02050442,50.96730488],[4.02048644,50.96731233],[4.02048603,50.96732305],[4.02045853,50.96733439],[4.02044284,50.96733038],[4.02042466,50.96733791],[4.02041688,50.9673303],[4.02025826,50.96739596],[4.02024979,50.96738764],[4.02012945,50.9674375],[4.02005769,50.96736843],[4.02016566,50.96732369],[4.02014446,50.9673033],[4.02027391,50.96724963],[4.02024645,50.96722322],[4.02036739,50.96717308]]]}},{"type":"Feature","id":"gebouw/Gebouw.15833802/0","properties":{"source":"Digitaal Vlaanderen Gebouwenregister","source_id":"gebouw/Gebouw.15833802/0","kind":"building","height_m":8.6,"status":null},"geometry":{"type":"Polygon","coordinates":[[[4.02666833,50.96287274],[4.0266118,50.96288953],[4.02659002,50.96286028],[4.02664655,50.96284349],[4.02666833,50.96287274]]]}},{"type":"Feature","id":"gebouw/Gebouw.15833932/0","properties":{"source":"Digitaal Vlaanderen Gebouwenregister","source_id":"gebouw/Gebouw.15833932/0","kind":"building","height_m":6.44,"status":null},"geometry":{"type":"Polygon","coordinates":[[[4.02511593,50.9634622],[4.02509513,50.9634876],[4.02503235,50.96346708],[4.02502476,50.96347251],[4.02500104,50.96348029],[4.02498917,50.96348292],[4.02485865,50.96343742],[4.02490238,50.96338741],[4.02511593,50.9634622]]]}},{"type":"Feature","id":"gebouw/Gebouw.15836421/0","properties":{"source":"Digitaal Vlaanderen Gebouwenregister","source_id":"gebouw/Gebouw.15836421/0","kind":"building","height_m":9.32,"status":null},"geometry":{"type":"Polygon","coordinates":[[[4.01854221,50.96810256],[4.01859748,50.96806826],[4.01863718,50.96809376],[4.01858191,50.96812806],[4.01854221,50.96810256]]]}},{"type":"Feature","id":"gebouw/Gebouw.15839636/0","properties":{"source":"Digitaal Vlaanderen Gebouwenregister","source_id":"gebouw/Gebouw.15839636/0","kind":"building","height_m":5.72,"status":null},"geometry":{"type":"Polygon","coordinates":[[[4.02516655,50.96308293],[4.02518703,50.96307883],[4.02522842,50.96309206],[4.02522922,50.9630913],[4.02531687,50.96312373],[4.02530854,50.96313272],[4.02537417,50.96315426],[4.02535448,50.96317909],[4.02536807,50.96318339],[4.02535263,50.96320271],[4.02512919,50.96312691],[4.02516655,50.96308293]]]}},{"type":"Feature","id":"gebouw/Gebouw.15842061/0","properties":{"source":"Digitaal Vlaanderen Gebouwenregister","source_id":"gebouw/Gebouw.15842061/0","kind":"building","height_m":7.88,"status":null},"geometry":{"type":"Polygon","coordinates":[[[4.02448423,50.96250136],[4.02453176,50.96251566],[4.02448223,50.96258135],[4.02443469,50.96256705],[4.02448423,50.96250136]]]}},{"type":"Feature","id":"gebouw/Gebouw.15848603/0","properties":{"source":"Digitaal Vlaanderen Gebouwenregister","source_id":"gebouw/Gebouw.15848603/0","kind":"building","height_m":5.72,"status":null},"geometry":{"type":"Polygon","coordinates":[[[4.02002085,50.96240444],[4.01999141,50.96243558],[4.02014018,50.96249171],[4.02008917,50.96254564],[4.01984455,50.96245209],[4.01982887,50.96244609],[4.01985909,50.96241614],[4.01991027,50.96243555],[4.01994674,50.96244938],[4.01996874,50.96242625],[4.01970527,50.96232634],[4.01973485,50.96229507],[4.01978998,50.96231615],[4.01987734,50.96234956],[4.01990059,50.96235845],[4.02002085,50.96240444]]]}},{"type":"Feature","id":"gebouw/Gebouw.15848821/0","properties":{"source":"Digitaal Vlaanderen Gebouwenregister","source_id":"gebouw/Gebouw.15848821/0","kind":"building","height_m":6.44,"status":null},"geometry":{"type":"Polygon","coordinates":[[[4.02157281,50.96367263],[4.02148256,50.96364437],[4.02145052,50.96367887],[4.02154278,50.96370853],[4.02156994,50.96367585],[4.02158869,50.96368207],[4.02172801,50.96352127],[4.02170653,50.96351413],[4.02157281,50.96367263]]]}},{"type":"Feature","id":"gebouw/Gebouw.15857212/0","properties":{"source":"Digitaal Vlaanderen Gebouwenregister","source_id":"gebouw/Gebouw.15857212/0","kind":"building","height_m":5.0,"status":null},"geometry":{"type":"Polygon","coordinates":[[[4.0228188,50.96689683],[4.02280058,50.96679382],[4.02289944,50.96678685],[4.02291766,50.96688986],[4.0228188,50.96689683]]]}},{"type":"Feature","id":"gebouw/Gebouw.15861759/0","properties":{"source":"Digitaal Vlaanderen Gebouwenregister","source_id":"gebouw/Gebouw.15861759/0","kind":"building","height_m":7.88,"status":null},"geometry":{"type":"Polygon","coordinates":[[[4.01887372,50.96338746],[4.01884241,50.9634069],[4.01877517,50.96336118],[4.01880841,50.96334063],[4.01885736,50.96337219],[4.01887745,50.96338515],[4.01887372,50.96338746]]]}},{"type":"Feature","id":"gebouw/Gebouw.15864413/0","properties":{"source":"Digitaal Vlaanderen Gebouwenregister","source_id":"gebouw/Gebouw.15864413/0","kind":"building","height_m":8.6,"status":null},"geometry":{"type":"Polygon","coordinates":[[[4.02223342,50.96698743],[4.02214253,50.96699208],[4.02213513,50.96692741],[4.02213375,50.96691587],[4.02212918,50.96691563],[4.02212832,50.96689521],[4.02218844,50.96685528],[4.02220025,50.96683336],[4.02222107,50.96682457],[4.02226569,50.96675263],[4.02232318,50.96676594],[4.02229353,50.96681664],[4.02226288,50.96686926],[4.02227254,50.96687128],[4.02225144,50.96690718],[4.02223342,50.96698743]]]}},{"type":"Feature","id":"gebouw/Gebouw.15864441/0","properties":{"source":"Digitaal Vlaanderen Gebouwenregister","source_id":"gebouw/Gebouw.15864441/0","kind":"building","height_m":8.6,"status":null},"geometry":{"type":"Polygon","coordinates":[[[4.02007501,50.96834044],[4.02015953,50.96839704],[4.02005739,50.96845463],[4.01998864,50.96840626],[4.01959275,50.96814832],[4.01974365,50.96803922],[4.01982646,50.96797935],[4.01983185,50.96798232],[4.01983925,50.9679864],[4.01988363,50.96801088],[4.01989179,50.96804319],[4.01979272,50.96811803],[4.01981942,50.96813503],[4.01987113,50.96816793],[4.01998253,50.96823883],[4.01999867,50.96822938],[4.0200155,50.96824243],[4.02015665,50.96815337],[4.02017472,50.96814196],[4.02027922,50.9682159],[4.02028697,50.96822138],[4.02022626,50.96826124],[4.02021489,50.96825518],[4.02007501,50.96834044]]]}},{"type":"Feature","id":"gebouw/Gebouw.15867849/0","properties":{"source":"Digitaal Vlaanderen Gebouwenregister","source_id":"gebouw/Gebouw.15867849/0","kind":"building","height_m":7.88,"status":null},"geometry":{"type":"Polygon","coordinates":[[[4.02214253,50.96699208],[4.02198658,50.96699985],[4.02197824,50.96693317],[4.02200159,50.9669327],[4.02204128,50.9669319],[4.02213513,50.96692741],[4.02214253,50.96699208]]]}},{"type":"Feature","id":"gebouw/Gebouw.15870490/0","properties":{"source":"Digitaal Vlaanderen Gebouwenregister","source_id":"gebouw/Gebouw.15870490/0","kind":"building","height_m":9.32,"status":null},"geometry":{"type":"Polygon","coordinates":[[[4.02659264,50.96304807],[4.02655038,50.96308078],[4.02642942,50.96301846],[4.02651527,50.96295201],[4.02662115,50.96300657],[4.02657757,50.9630403],[4.02659264,50.96304807]]]}},{"type":"Feature","id":"gebouw/Gebouw.15870588/0","properties":{"source":"Digitaal Vlaanderen Gebouwenregister","source_id":"gebouw/Gebouw.15870588/0","kind":"building","height_m":9.32,"status":null},"geometry":{"type":"Polygon","coordinates":[[[4.02165604,50.96693785],[4.02157398,50.9669182],[4.0215916,50.96688883],[4.02153047,50.96687422],[4.02158661,50.96678057],[4.02172996,50.96681482],[4.02165604,50.96693785]]]}},{"type":"Feature","id":"gebouw/Gebouw.15870679/0","properties":{"source":"Digitaal Vlaanderen Gebouwenregister","source_id":"gebouw/Gebouw.15870679/0","kind":"building","height_m":9.32,"status":null},"geometry":{"type":"Polygon","coordinates":[[[4.02326657,50.96690327],[4.02321959,50.96679898],[4.02311005,50.96681847],[4.0230961,50.96678723],[4.02310124,50.96678631],[4.02308087,50.96674066],[4.02303912,50.96674809],[4.02305785,50.96679433],[4.02310511,50.96691103],[4.02314896,50.96690395],[4.02315587,50.96692429],[4.02326657,50.96690327]]]}},{"type":"Feature","id":"gebouw/Gebouw.15873752/0","properties":{"source":"Digitaal Vlaanderen Gebouwenregister","source_id":"gebouw/Gebouw.15873752/0","kind":"building","height_m":9.32,"status":null},"geometry":{"type":"Polygon","coordinates":[[[4.02186973,50.96773634],[4.02176676,50.9677964],[4.02151718,50.96762579],[4.02162015,50.96756573],[4.02186973,50.96773634]]]}},{"type":"Feature","id":"gebouw/Gebouw.15878830/0","properties":{"source":"Digitaal Vlaanderen Gebouwenregister","source_id":"gebouw/Gebouw.15878830/0","kind":"building","height_m":6.44,"status":null},"geometry":{"type":"Polygon","coordinates":[[[4.02465859,50.96599239],[4.02469679,50.96596732],[4.02477493,50.96601481],[4.02470109,50.96606326],[4.02448819,50.96593386],[4.02452382,50.96591048],[4.02465859,50.96599239]]]}},{"type":"Feature","id":"gebouw/Gebouw.15881607/0","properties":{"source":"Digitaal Vlaanderen Gebouwenregister","source_id":"gebouw/Gebouw.15881607/0","kind":"building","height_m":5.0,"status":null},"geometry":{"type":"Polygon","coordinates":[[[4.01822305,50.96419281],[4.01816747,50.96422464],[4.01814412,50.96420653],[4.01819818,50.96417493],[4.01822305,50.96419281]]]}},{"type":"Feature","id":"gebouw/Gebouw.15886771/0","properties":{"source":"Digitaal Vlaanderen Gebouwenregister","source_id":"gebouw/Gebouw.15886771/0","kind":"building","height_m":8.6,"status":null},"geometry":{"type":"Polygon","coordinates":[[[4.02585427,50.96249015],[4.02581341,50.9625273],[4.02576952,50.96250805],[4.02575857,50.96248407],[4.02570438,50.962498],[4.02556753,50.96243073],[4.02560296,50.96240182],[4.02564126,50.96236948],[4.02571363,50.96230888],[4.02575608,50.9623291],[4.0257151,50.96236342],[4.02571072,50.96236149],[4.02567953,50.96238837],[4.02580025,50.96244522],[4.02587827,50.96237469],[4.02592991,50.96239886],[4.02584789,50.96246677],[4.02585427,50.96249015]]]}},{"type":"Feature","id":"gebouw/Gebouw.15892068/0","properties":{"source":"Digitaal Vlaanderen Gebouwenregister","source_id":"gebouw/Gebouw.15892068/0","kind":"building","height_m":7.16,"status":null},"geometry":{"type":"Polygon","coordinates":[[[4.02509027,50.96231894],[4.02504461,50.96247092],[4.0249593,50.96246314],[4.02500314,50.96230885],[4.02509027,50.96231894]]]}},{"type":"Feature","id":"gebouw/Gebouw.15894746/0","properties":{"source":"Digitaal Vlaanderen Gebouwenregister","source_id":"gebouw/Gebouw.15894746/0","kind":"building","height_m":5.0,"status":null},"geometry":{"type":"Polygon","coordinates":[[[4.02592944,50.96247008],[4.02612101,50.96242988],[4.02614703,50.96248407],[4.02595639,50.96252482],[4.02592944,50.96247008]]]}},{"type":"Feature","id":"gebouw/Gebouw.15894790/0","properties":{"source":"Digitaal Vlaanderen Gebouwenregister","source_id":"gebouw/Gebouw.15894790/0","kind":"building","height_m":6.44,"status":null},"geometry":{"type":"Polygon","coordinates":[[[4.02542053,50.96567513],[4.0254062,50.96568899],[4.02542027,50.96569478],[4.02539121,50.96572297],[4.02537736,50.96571728],[4.02535088,50.96574297],[4.02524551,50.96569889],[4.02531592,50.96563108],[4.02542053,50.96567513]]]}},{"type":"Feature","id":"gebouw/Gebouw.15906121/0","properties":{"source":"Digitaal Vlaanderen Gebouwenregister","source_id":"gebouw/Gebouw.15906121/0","kind":"building","height_m":5.0,"status":null},"geometry":{"type":"Polygon","coordinates":[[[4.02419731,50.96581159],[4.02423828,50.96577094],[4.02432986,50.96580775],[4.02428891,50.96584839],[4.02419731,50.96581159]]]}},{"type":"Feature","id":"gebouw/Gebouw.15906510/0","properties":{"source":"Digitaal Vlaanderen Gebouwenregister","source_id":"gebouw/Gebouw.15906510/0","kind":"building","height_m":7.88,"status":null},"geometry":{"type":"Polygon","coordinates":[[[4.0234327,50.96327146],[4.02340301,50.96330549],[4.02335098,50.96328621],[4.02337389,50.96325976],[4.02338053,50.96325208],[4.0234327,50.96327146]]]}},{"type":"Feature","id":"gebouw/Gebouw.15909476/0","properties":{"source":"Digitaal Vlaanderen Gebouwenregister","source_id":"gebouw/Gebouw.15909476/0","kind":"building","height_m":6.44,"status":null},"geometry":{"type":"Polygon","coordinates":[[[4.02563315,50.96388096],[4.02568784,50.96383909],[4.02572758,50.96385983],[4.02570563,50.96387667],[4.02569754,50.96387122],[4.02569042,50.96387619],[4.02569955,50.9638814],[4.02567005,50.96390203],[4.02563315,50.96388096]]]}},{"type":"Feature","id":"gebouw/Gebouw.15916540/0","properties":{"source":"Digitaal Vlaanderen Gebouwenregister","source_id":"gebouw/Gebouw.15916540/0","kind":"building","height_m":7.16,"status":null},"geometry":{"type":"Polygon","coordinates":[[[4.02270708,50.96658117],[4.02275542,50.9665789],[4.02275784,50.96659417],[4.02277043,50.96667367],[4.0227232,50.9666769],[4.02272034,50.96666023],[4.02271212,50.9666105],[4.02270983,50.9665972],[4.02270708,50.96658117]]]}},{"type":"Feature","id":"gebouw/Gebouw.15916616/0","properties":{"source":"Digitaal Vlaanderen Gebouwenregister","source_id":"gebouw/Gebouw.15916616/0","kind":"building","height_m":6.44,"status":null},"geometry":{"type":"Polygon","coordinates":[[[4.02486164,50.96635418],[4.02492548,50.96638959],[4.02486961,50.96642975],[4.02488891,50.96644033],[4.02483717,50.96647798],[4.02480177,50.96645858],[4.02478051,50.96647402],[4.02463572,50.96639452],[4.02469725,50.96634979],[4.02471052,50.966357],[4.02473333,50.96634035],[4.02472872,50.96633781],[4.02476636,50.96631055],[4.02478628,50.96632147],[4.02480824,50.9663055],[4.02487686,50.96634311],[4.02486164,50.96635418]]]}},{"type":"Feature","id":"gebouw/Gebouw.15921906/0","properties":{"source":"Digitaal Vlaanderen Gebouwenregister","source_id":"gebouw/Gebouw.15921906/0","kind":"building","height_m":5.0,"status":null},"geometry":{"type":"Polygon","coordinates":[[[4.0190766,50.96329034],[4.01900813,50.96323376],[4.01904466,50.96321009],[4.01909999,50.96324861],[4.01908274,50.96325883],[4.0191053,50.96327401],[4.0190766,50.96329034]]]}},{"type":"Feature","id":"gebouw/Gebouw.15922172/0","properties":{"source":"Digitaal Vlaanderen Gebouwenregister","source_id":"gebouw/Gebouw.15922172/0","kind":"building","height_m":5.0,"status":null},"geometry":{"type":"Polygon","coordinates":[[[4.01847317,50.96413146],[4.01848037,50.96413759],[4.0184407,50.96416637],[4.01840643,50.96414945],[4.01839741,50.9641557],[4.01835313,50.96413011],[4.01840599,50.96408971],[4.01841279,50.96409306],[4.01842124,50.96408644],[4.01847076,50.96411501],[4.018467,50.9641183],[4.01847991,50.96412583],[4.01847317,50.96413146]]]}},{"type":"Feature","id":"gebouw/Gebouw.15927752/0","properties":{"source":"Digitaal Vlaanderen Gebouwenregister","source_id":"gebouw/Gebouw.15927752/0","kind":"building","height_m":5.72,"status":null},"geometry":{"type":"Polygon","coordinates":[[[4.01909111,50.96283832],[4.0190708,50.9628248],[4.01899702,50.96289577],[4.01902095,50.96291185],[4.01906081,50.96293902],[4.01913793,50.96298924],[4.01926147,50.96306968],[4.01930104,50.96309545],[4.01945607,50.9631964],[4.01949925,50.96316924],[4.01951565,50.96315892],[4.01951436,50.9631583],[4.01954303,50.9631369],[4.01939559,50.96304102],[4.01928808,50.96296945],[4.01917641,50.9628951],[4.01909111,50.96283832]]]}},{"type":"Feature","id":"gebouw/Gebouw.15932201/0","properties":{"source":"Digitaal Vlaanderen Gebouwenregister","source_id":"gebouw/Gebouw.15932201/0","kind":"building","height_m":8.6,"status":null},"geometry":{"type":"Polygon","coordinates":[[[4.02431029,50.96563391],[4.02424638,50.96556574],[4.024279,50.9655532],[4.02431012,50.96558615],[4.02432139,50.96558189],[4.02435475,50.96561712],[4.02431029,50.96563391]]]}},{"type":"Feature","id":"gebouw/Gebouw.15938366/0","properties":{"source":"Digitaal Vlaanderen Gebouwenregister","source_id":"gebouw/Gebouw.15938366/0","kind":"building","height_m":7.16,"status":null},"geometry":{"type":"Polygon","coordinates":[[[4.0265594,50.96564868],[4.02662747,50.96568027],[4.0266009,50.96570307],[4.02653068,50.96567351],[4.0265594,50.96564868]]]}},{"type":"Feature","id":"gebouw/Gebouw.15952384/0","properties":{"source":"Digitaal Vlaanderen Gebouwenregister","source_id":"gebouw/Gebouw.15952384/0","kind":"building","height_m":5.0,"status":null},"geometry":{"type":"Polygon","coordinates":[[[4.02509608,50.96593138],[4.02507619,50.96595008],[4.0250221,50.96592896],[4.02504182,50.96590886],[4.02509608,50.96593138]]]}},{"type":"Feature","id":"gebouw/Gebouw.15953050/0","properties":{"source":"Digitaal Vlaanderen Gebouwenregister","source_id":"gebouw/Gebouw.15953050/0","kind":"building","height_m":5.72,"status":null},"geometry":{"type":"Polygon","coordinates":[[[4.02560007,50.96565449],[4.02550731,50.96561543],[4.02548568,50.9656385],[4.02536193,50.96558699],[4.02531592,50.96563108],[4.02542053,50.96567513],[4.02546043,50.96569193],[4.02546864,50.96569539],[4.02551317,50.96565217],[4.02557523,50.96567769],[4.02560007,50.96565449]]]}},{"type":"Feature","id":"gebouw/Gebouw.15956014/0","properties":{"source":"Digitaal Vlaanderen Gebouwenregister","source_id":"gebouw/Gebouw.15956014/0","kind":"building","height_m":7.88,"status":null},"geometry":{"type":"Polygon","coordinates":[[[4.01716894,50.96467413],[4.01713159,50.96465434],[4.01716848,50.96462658],[4.01720583,50.96464637],[4.01716894,50.96467413]]]}},{"type":"Feature","id":"gebouw/Gebouw.15957861/0","properties":{"source":"Digitaal Vlaanderen Gebouwenregister","source_id":"gebouw/Gebouw.15957861/0","kind":"building","height_m":7.16,"status":null},"geometry":{"type":"Polygon","coordinates":[[[4.01913229,50.96339333],[4.01906648,50.96343341],[4.01890726,50.96332515],[4.01893271,50.96330965],[4.01893805,50.9633064],[4.01900998,50.9633535],[4.01904183,50.9633341],[4.01913229,50.96339333]]]}},{"type":"Feature","id":"gebouw/Gebouw.15968424/0","properties":{"source":"Digitaal Vlaanderen Gebouwenregister","source_id":"gebouw/Gebouw.15968424/0","kind":"building","height_m":7.16,"status":null},"geometry":{"type":"Polygon","coordinates":[[[4.02566932,50.96288085],[4.02560143,50.96293248],[4.02555913,50.96290975],[4.02551916,50.96288828],[4.02556889,50.96284677],[4.02566387,50.9627675],[4.02572522,50.96279758],[4.02564145,50.9628657],[4.02566932,50.96288085]]]}},{"type":"Feature","id":"gebouw/Gebouw.15968699/0","properties":{"source":"Digitaal Vlaanderen Gebouwenregister","source_id":"gebouw/Gebouw.15968699/0","kind":"building","height_m":8.6,"status":null},"geometry":{"type":"Polygon","coordinates":[[[4.02522632,50.96589025],[4.02515915,50.96586219],[4.02513735,50.96588394],[4.02510333,50.96587001],[4.02508406,50.9658655],[4.02504351,50.96590732],[4.02502628,50.96590023],[4.02502468,50.96590174],[4.02504182,50.96590886],[4.02509608,50.96593138],[4.02511225,50.96593809],[4.02515459,50.96595566],[4.02531577,50.96602256],[4.02534097,50.96599878],[4.02518237,50.96593167],[4.02522632,50.96589025]]]}},{"type":"Feature","id":"gebouw/Gebouw.15974091/0","properties":{"source":"Digitaal Vlaanderen Gebouwenregister","source_id":"gebouw/Gebouw.15974091/0","kind":"building","height_m":5.0,"status":null},"geometry":{"type":"Polygon","coordinates":[[[4.02442389,50.96281194],[4.02438501,50.96287491],[4.02438171,50.9628738],[4.02428555,50.96284638],[4.02434771,50.96276567],[4.02438956,50.96277801],[4.02437511,50.96279756],[4.02442389,50.96281194]]]}},{"type":"Feature","id":"gebouw/Gebouw.15977014/0","properties":{"source":"Digitaal Vlaanderen Gebouwenregister","source_id":"gebouw/Gebouw.15977014/0","kind":"building","height_m":7.88,"status":null},"geometry":{"type":"Polygon","coordinates":[[[4.02078384,50.96713001],[4.02085123,50.9671033],[4.02091819,50.96717075],[4.02085097,50.9671974],[4.02078384,50.96713001]]]}},{"type":"Feature","id":"gebouw/Gebouw.15982194/0","properties":{"source":"Digitaal Vlaanderen Gebouwenregister","source_id":"gebouw/Gebouw.15982194/0","kind":"building","height_m":7.88,"status":null},"geometry":{"type":"Polygon","coordinates":[[[4.02358687,50.96223308],[4.02349547,50.96231564],[4.0234468,50.96229415],[4.02343169,50.962299],[4.02341275,50.96229831],[4.02339583,50.96229027],[4.02338669,50.96228103],[4.02338873,50.96227091],[4.0233427,50.9622501],[4.02344151,50.96216002],[4.0234911,50.96218171],[4.02347828,50.96219319],[4.02351138,50.96220763],[4.02351692,50.96220244],[4.02353186,50.9622088],[4.02358687,50.96223308]]]}},{"type":"Feature","id":"gebouw/Gebouw.15982264/0","properties":{"source":"Digitaal Vlaanderen Gebouwenregister","source_id":"gebouw/Gebouw.15982264/0","kind":"building","height_m":7.88,"status":null},"geometry":{"type":"Polygon","coordinates":[[[4.02294107,50.96247062],[4.02288248,50.96245311],[4.02291376,50.96241137],[4.02297234,50.96242888],[4.02294107,50.96247062]]]}},{"type":"Feature","id":"gebouw/Gebouw.15984047/0","properties":{"source":"Digitaal Vlaanderen Gebouwenregister","source_id":"gebouw/Gebouw.15984047/0","kind":"building","height_m":6.44,"status":null},"geometry":{"type":"Polygon","coordinates":[[[4.02303732,50.96725413],[4.02307158,50.96723323],[4.02311082,50.96725891],[4.02307657,50.96727981],[4.02303732,50.96725413]]]}},{"type":"Feature","id":"gebouw/Gebouw.15995724/0","properties":{"source":"Digitaal Vlaanderen Gebouwenregister","source_id":"gebouw/Gebouw.15995724/0","kind":"building","height_m":7.16,"status":null},"geometry":{"type":"Polygon","coordinates":[[[4.02674648,50.96258892],[4.02671191,50.96257298],[4.02674511,50.96254426],[4.02677969,50.96256021],[4.02674648,50.96258892]]]}},{"type":"Feature","id":"gebouw/Gebouw.15998518/0","properties":{"source":"Digitaal Vlaanderen Gebouwenregister","source_id":"gebouw/Gebouw.15998518/0","kind":"building","height_m":7.88,"status":null},"geometry":{"type":"Polygon","coordinates":[[[4.01935081,50.96855427],[4.01934684,50.96855726],[4.01936586,50.96856733],[4.01937416,50.96856108],[4.01951161,50.96863387],[4.01949154,50.96864898],[4.01949579,50.96865249],[4.01950001,50.96865774],[4.01950082,50.96866549],[4.01950046,50.96866995],[4.01949327,50.96867998],[4.01947752,50.96868764],[4.0193895,50.96875476],[4.01938203,50.96876324],[4.01937708,50.96876651],[4.01936782,50.96877053],[4.01935645,50.96877182],[4.01934725,50.96877177],[4.01933106,50.9687667],[4.01931391,50.9687797],[4.01918288,50.96871077],[4.01924501,50.96866395],[4.0192482,50.96866564],[4.01926784,50.96865083],[4.01926501,50.96864936],[4.01929333,50.96862747],[4.01929663,50.96862917],[4.01931587,50.96861455],[4.01931265,50.9686129],[4.01932633,50.96860255],[4.01930008,50.96858872],[4.01928636,50.96859912],[4.01921205,50.96856],[4.01927383,50.9685135],[4.01935081,50.96855427]]]}},{"type":"Feature","id":"gebouw/Gebouw.15998952/0","properties":{"source":"Digitaal Vlaanderen Gebouwenregister","source_id":"gebouw/Gebouw.15998952/0","kind":"building","height_m":7.88,"status":null},"geometry":{"type":"Polygon","coordinates":[[[4.02289157,50.96717274],[4.02292342,50.96715181],[4.02298422,50.96719218],[4.022951,50.96721208],[4.02289157,50.96717274]]]}},{"type":"Feature","id":"gebouw/Gebouw.16000651/0","properties":{"source":"Digitaal Vlaanderen Gebouwenregister","source_id":"gebouw/Gebouw.16000651/0","kind":"building","height_m":6.44,"status":null},"geometry":{"type":"Polygon","coordinates":[[[4.02451788,50.96309677],[4.02454451,50.9631038],[4.02454851,50.96309777],[4.02462547,50.9631181],[4.02465184,50.96307828],[4.02463546,50.96307395],[4.02466013,50.96303894],[4.0244546,50.96298144],[4.02429492,50.96320822],[4.02434181,50.96322123],[4.02439553,50.96323615],[4.02449539,50.96309083],[4.02451788,50.96309677]]]}},{"type":"Feature","id":"gebouw/Gebouw.16000763/0","properties":{"source":"Digitaal Vlaanderen Gebouwenregister","source_id":"gebouw/Gebouw.16000763/0","kind":"building","height_m":6.44,"status":null},"geometry":{"type":"Polygon","coordinates":[[[4.01968592,50.96446608],[4.01960475,50.96451555],[4.01954486,50.96447636],[4.01962603,50.96442689],[4.01968592,50.96446608]]]}},{"type":"Feature","id":"gebouw/Gebouw.16011341/0","properties":{"source":"Digitaal Vlaanderen Gebouwenregister","source_id":"gebouw/Gebouw.16011341/0","kind":"building","height_m":7.16,"status":null},"geometry":{"type":"Polygon","coordinates":[[[4.01777767,50.96882396],[4.01773861,50.96879211],[4.01782221,50.96875124],[4.01785006,50.96877396],[4.01786264,50.96876782],[4.01787455,50.96877753],[4.01789022,50.96876988],[4.01798062,50.96884286],[4.01786893,50.9688984],[4.01777767,50.96882396]]]}},{"type":"Feature","id":"gebouw/Gebouw.16011797/0","properties":{"source":"Digitaal Vlaanderen Gebouwenregister","source_id":"gebouw/Gebouw.16011797/0","kind":"building","height_m":7.88,"status":null},"geometry":{"type":"Polygon","coordinates":[[[4.01873541,50.96825751],[4.0186966,50.96823018],[4.01865691,50.96825264],[4.01869573,50.96827998],[4.01873541,50.96825751]]]}},{"type":"Feature","id":"gebouw/Gebouw.16011804/0","properties":{"source":"Digitaal Vlaanderen Gebouwenregister","source_id":"gebouw/Gebouw.16011804/0","kind":"building","height_m":7.88,"status":null},"geometry":{"type":"Polygon","coordinates":[[[4.01736504,50.96352848],[4.01720202,50.96347457],[4.01729263,50.96336531],[4.01745564,50.96341922],[4.01736504,50.96352848]]]}},{"type":"Feature","id":"gebouw/Gebouw.16011863/0","properties":{"source":"Digitaal Vlaanderen Gebouwenregister","source_id":"gebouw/Gebouw.16011863/0","kind":"building","height_m":5.0,"status":null},"geometry":{"type":"Polygon","coordinates":[[[4.01755502,50.96329665],[4.01754944,50.96330425],[4.0175645,50.96330866],[4.0175298,50.96335475],[4.01746788,50.96333616],[4.01750368,50.96329087],[4.01750939,50.96329254],[4.01751518,50.96328466],[4.01752381,50.96327289],[4.01756385,50.9632846],[4.01755502,50.96329665]]]}},{"type":"Feature","id":"gebouw/Gebouw.16016457/0","properties":{"source":"Digitaal Vlaanderen Gebouwenregister","source_id":"gebouw/Gebouw.16016457/0","kind":"building","height_m":6.44,"status":null},"geometry":{"type":"Polygon","coordinates":[[[4.01637972,50.9650033],[4.0164273,50.9650261],[4.01640951,50.9650409],[4.01636231,50.96501828],[4.01635148,50.96502729],[4.0163207,50.96505159],[4.01629626,50.96503873],[4.0163269,50.96501551],[4.01629028,50.96499797],[4.01631024,50.96498136],[4.01626028,50.96495629],[4.01629508,50.96492863],[4.01635689,50.96495965],[4.01633295,50.96497868],[4.01638141,50.9650019],[4.01637972,50.9650033]]]}},{"type":"Feature","id":"gebouw/Gebouw.16019099/0","properties":{"source":"Digitaal Vlaanderen Gebouwenregister","source_id":"gebouw/Gebouw.16019099/0","kind":"building","height_m":8.6,"status":null},"geometry":{"type":"Polygon","coordinates":[[[4.02525865,50.96233842],[4.02525126,50.96236388],[4.02525322,50.9623641],[4.02525038,50.96237195],[4.02524874,50.96237195],[4.02523696,50.96241454],[4.02518301,50.96240797],[4.02518073,50.96241652],[4.02516266,50.96242451],[4.02514932,50.96242294],[4.02513273,50.96247909],[4.02504461,50.96247092],[4.02509027,50.96231894],[4.02525865,50.96233842]]]}},{"type":"Feature","id":"gebouw/Gebouw.16021845/0","properties":{"source":"Digitaal Vlaanderen Gebouwenregister","source_id":"gebouw/Gebouw.16021845/0","kind":"building","height_m":5.0,"status":null},"geometry":{"type":"Polygon","coordinates":[[[4.02434826,50.96726209],[4.02427305,50.96731805],[4.02411061,50.96722977],[4.02418591,50.96717433],[4.02434826,50.96726209]]]}},{"type":"Feature","id":"gebouw/Gebouw.16021996/0","properties":{"source":"Digitaal Vlaanderen Gebouwenregister","source_id":"gebouw/Gebouw.16021996/0","kind":"building","height_m":7.88,"status":null},"geometry":{"type":"Polygon","coordinates":[[[4.02103605,50.96776282],[4.02101542,50.96777477],[4.02096344,50.96773879],[4.02098375,50.96772705],[4.02103605,50.96776282]]]}},{"type":"Feature","id":"gebouw/Gebouw.16024804/0","properties":{"source":"Digitaal Vlaanderen Gebouwenregister","source_id":"gebouw/Gebouw.16024804/0","kind":"building","height_m":8.6,"status":null},"geometry":{"type":"Polygon","coordinates":[[[4.01783277,50.96418184],[4.01778309,50.96420484],[4.01779235,50.96421282],[4.01777204,50.96422222],[4.01777123,50.96422938],[4.01774774,50.96424126],[4.01773445,50.96424045],[4.01771426,50.96424996],[4.01768219,50.96422284],[4.01767369,50.96422685],[4.0175998,50.96416436],[4.01761261,50.96415832],[4.01756965,50.96412199],[4.01766712,50.96407603],[4.01767747,50.96408451],[4.01769069,50.96409574],[4.01771809,50.96408306],[4.01783277,50.96418184]]]}},{"type":"Feature","id":"gebouw/Gebouw.16027997/0","properties":{"source":"Digitaal Vlaanderen Gebouwenregister","source_id":"gebouw/Gebouw.16027997/0","kind":"building","height_m":9.32,"status":null},"geometry":{"type":"Polygon","coordinates":[[[4.02481742,50.96528646],[4.02480041,50.96530261],[4.02466504,50.96524144],[4.02468432,50.96522515],[4.02481742,50.96528646]]]}},{"type":"Feature","id":"gebouw/Gebouw.16030808/0","properties":{"source":"Digitaal Vlaanderen Gebouwenregister","source_id":"gebouw/Gebouw.16030808/0","kind":"building","height_m":7.16,"status":null},"geometry":{"type":"Polygon","coordinates":[[[4.02580838,50.96496365],[4.02575111,50.96499728],[4.02558673,50.9648847],[4.02554547,50.96485644],[4.02560145,50.96482411],[4.02556372,50.96479805],[4.02561246,50.9647699],[4.02565037,50.96479586],[4.0256809,50.96481677],[4.0256329,50.9648445],[4.02580838,50.96496365]]]}},{"type":"Feature","id":"gebouw/Gebouw.16035675/0","properties":{"source":"Digitaal Vlaanderen Gebouwenregister","source_id":"gebouw/Gebouw.16035675/0","kind":"building","height_m":8.6,"status":null},"geometry":{"type":"Polygon","coordinates":[[[4.02490345,50.96273473],[4.02486426,50.96280527],[4.02481853,50.96279555],[4.02488128,50.96267781],[4.02476758,50.96265452],[4.02476336,50.96266273],[4.02475198,50.96266574],[4.02472963,50.96266172],[4.0247236,50.96265532],[4.02472816,50.96264644],[4.02467151,50.96263468],[4.02470995,50.96257234],[4.02480155,50.96258978],[4.02490047,50.96260869],[4.02492305,50.96256145],[4.02499262,50.96257427],[4.02490345,50.96273473]]]}},{"type":"Feature","id":"gebouw/Gebouw.16036159/0","properties":{"source":"Digitaal Vlaanderen Gebouwenregister","source_id":"gebouw/Gebouw.16036159/0","kind":"building","height_m":9.32,"status":null},"geometry":{"type":"Polygon","coordinates":[[[4.02164476,50.96261011],[4.02170416,50.962625],[4.02168037,50.96266285],[4.02161864,50.96264683],[4.02148953,50.9626133],[4.02150965,50.96258129],[4.02164201,50.96261448],[4.02164476,50.96261011]]]}},{"type":"Feature","id":"gebouw/Gebouw.16040305/0","properties":{"source":"Digitaal Vlaanderen Gebouwenregister","source_id":"gebouw/Gebouw.16040305/0","kind":"building","height_m":5.72,"status":null},"geometry":{"type":"Polygon","coordinates":[[[4.02663359,50.96263921],[4.02665188,50.96262113],[4.02671391,50.96264767],[4.02671887,50.96264387],[4.02675307,50.96265906],[4.02672938,50.96268162],[4.02663359,50.96263921]]]}},{"type":"Feature","id":"gebouw/Gebouw.16042781/0","properties":{"source":"Digitaal Vlaanderen Gebouwenregister","source_id":"gebouw/Gebouw.16042781/0","kind":"building","height_m":9.32,"status":null},"geometry":{"type":"Polygon","coordinates":[[[4.0265187,50.96256341],[4.02650876,50.96255836],[4.02652407,50.96254642],[4.02653289,50.96255092],[4.02658234,50.96257617],[4.02652361,50.96262194],[4.02647521,50.96259682],[4.0265187,50.96256341]]]}},{"type":"Feature","id":"gebouw/Gebouw.16048059/0","properties":{"source":"Digitaal Vlaanderen Gebouwenregister","source_id":"gebouw/Gebouw.16048059/0","kind":"building","height_m":9.32,"status":null},"geometry":{"type":"Polygon","coordinates":[[[4.02516854,50.96360652],[4.02515612,50.96361802],[4.02511054,50.9635981],[4.02512219,50.96358703],[4.02515589,50.96355297],[4.02520946,50.96357675],[4.02517513,50.96360929],[4.02516854,50.96360652]]]}},{"type":"Feature","id":"gebouw/Gebouw.16050315/0","properties":{"source":"Digitaal Vlaanderen Gebouwenregister","source_id":"gebouw/Gebouw.16050315/0","kind":"building","height_m":5.72,"status":null},"geometry":{"type":"Polygon","coordinates":[[[4.01906025,50.96894377],[4.01905727,50.96894659],[4.01882049,50.9688444],[4.01888891,50.96878119],[4.01898969,50.9688234],[4.01897003,50.96884211],[4.01910677,50.96889982],[4.01906722,50.96893719],[4.01906025,50.96894377]]]}},{"type":"Feature","id":"gebouw/Gebouw.16050374/0","properties":{"source":"Digitaal Vlaanderen Gebouwenregister","source_id":"gebouw/Gebouw.16050374/0","kind":"building","height_m":7.88,"status":null},"geometry":{"type":"Polygon","coordinates":[[[4.02607461,50.9636777],[4.02613029,50.96362735],[4.02608098,50.96360561],[4.02602531,50.96365596],[4.02607461,50.9636777]]]}},{"type":"Feature","id":"gebouw/Gebouw.16050850/0","properties":{"source":"Digitaal Vlaanderen Gebouwenregister","source_id":"gebouw/Gebouw.16050850/0","kind":"building","height_m":7.88,"status":null},"geometry":{"type":"Polygon","coordinates":[[[4.02627249,50.96349667],[4.02635198,50.96342908],[4.0262979,50.96340372],[4.02621841,50.96347131],[4.02627249,50.96349667]]]}},{"type":"Feature","id":"gebouw/Gebouw.16053394/0","properties":{"source":"Digitaal Vlaanderen Gebouwenregister","source_id":"gebouw/Gebouw.16053394/0","kind":"building","height_m":5.0,"status":null},"geometry":{"type":"Polygon","coordinates":[[[4.02634909,50.96296251],[4.02626215,50.96291446],[4.02637674,50.96283178],[4.02646368,50.96287983],[4.02634909,50.96296251]]]}},{"type":"Feature","id":"gebouw/Gebouw.16055896/0","properties":{"source":"Digitaal Vlaanderen Gebouwenregister","source_id":"gebouw/Gebouw.16055896/0","kind":"building","height_m":7.16,"status":null},"geometry":{"type":"Polygon","coordinates":[[[4.01714676,50.96430333],[4.01714294,50.96430476],[4.01712014,50.96428056],[4.01708074,50.96429536],[4.01705585,50.96426894],[4.01701119,50.96422154],[4.01700812,50.96421828],[4.01705363,50.96420118],[4.01708531,50.96423481],[4.01714895,50.9642109],[4.01715238,50.96421454],[4.01720855,50.96419343],[4.01721099,50.96419602],[4.01723989,50.9642267],[4.01726814,50.96425669],[4.01726353,50.96425842],[4.0172867,50.96428302],[4.01723712,50.96430164],[4.01721468,50.96427781],[4.01714676,50.96430333]]]}},{"type":"Feature","id":"gebouw/Gebouw.16059226/0","properties":{"source":"Digitaal Vlaanderen Gebouwenregister","source_id":"gebouw/Gebouw.16059226/0","kind":"building","height_m":5.72,"status":null},"geometry":{"type":"Polygon","coordinates":[[[4.02000801,50.96227889],[4.02004253,50.96224181],[4.02012502,50.96227245],[4.02013543,50.96226127],[4.02030015,50.96232244],[4.02024988,50.96237642],[4.02009151,50.96231256],[4.02000801,50.96227889]]]}},{"type":"Feature","id":"gebouw/Gebouw.16061635/0","properties":{"source":"Digitaal Vlaanderen Gebouwenregister","source_id":"gebouw/Gebouw.16061635/0","kind":"building","height_m":6.44,"status":null},"geometry":{"type":"Polygon","coordinates":[[[4.02147389,50.96766225],[4.02139169,50.96770955],[4.02123066,50.96759798],[4.02120933,50.9676102],[4.02116986,50.96763281],[4.02093795,50.96747853],[4.0209571,50.96746705],[4.02098607,50.96744968],[4.02094703,50.96740135],[4.02125019,50.9673037],[4.02126388,50.96731298],[4.02134275,50.96736412],[4.0213553,50.96737231],[4.02135555,50.96737248],[4.02138501,50.9673917],[4.02149747,50.96747149],[4.02139617,50.9675334],[4.02137667,50.96754531],[4.02130464,50.96758933],[4.02131948,50.96759901],[4.02135303,50.96757851],[4.02147389,50.96766225]],[[4.02117284,50.96754658],[4.02125715,50.96749847],[4.02115143,50.96742409],[4.02112816,50.96743188],[4.02113583,50.96743905],[4.02103559,50.96747358],[4.02107694,50.96750228],[4.02109428,50.96749258],[4.02112499,50.96751448],[4.02111661,50.96751933],[4.02113729,50.96753292],[4.02114567,50.9675277],[4.02117284,50.96754658]]]}},{"type":"Feature","id":"gebouw/Gebouw.16066978/0","properties":{"source":"Digitaal Vlaanderen Gebouwenregister","source_id":"gebouw/Gebouw.16066978/0","kind":"building","height_m":7.88,"status":null},"geometry":{"type":"Polygon","coordinates":[[[4.02003624,50.9625998],[4.01989773,50.96254583],[4.01987701,50.96256769],[4.01975338,50.96251958],[4.01974467,50.9625287],[4.01948214,50.96242911],[4.01952292,50.96238987],[4.0198011,50.96249509],[4.01984455,50.96245209],[4.02008916,50.96254564],[4.02003624,50.9625998]]]}},{"type":"Feature","id":"gebouw/Gebouw.16070060/0","properties":{"source":"Digitaal Vlaanderen Gebouwenregister","source_id":"gebouw/Gebouw.16070060/0","kind":"building","height_m":9.32,"status":null},"geometry":{"type":"Polygon","coordinates":[[[4.02175288,50.96788329],[4.02169626,50.96791525],[4.02151259,50.96778883],[4.02156858,50.96775642],[4.02175288,50.96788329]]]}},{"type":"Feature","id":"gebouw/Gebouw.16070647/0","properties":{"source":"Digitaal Vlaanderen Gebouwenregister","source_id":"gebouw/Gebouw.16070647/0","kind":"building","height_m":8.6,"status":null},"geometry":{"type":"Polygon","coordinates":[[[4.02181372,50.96673689],[4.02175265,50.9667254],[4.02177087,50.9666868],[4.02183194,50.96669829],[4.02181372,50.96673689]]]}},{"type":"Feature","id":"gebouw/Gebouw.16072281/0","properties":{"source":"Digitaal Vlaanderen Gebouwenregister","source_id":"gebouw/Gebouw.16072281/0","kind":"building","height_m":5.72,"status":null},"geometry":{"type":"Polygon","coordinates":[[[4.01985716,50.96354335],[4.01991288,50.96356143],[4.01987279,50.96360351],[4.01985868,50.96359791],[4.01982509,50.9636176],[4.01983245,50.96362316],[4.01974836,50.96366779],[4.01973667,50.96365846],[4.01973037,50.96366149],[4.01970929,50.96364494],[4.01973977,50.963624],[4.01978962,50.96358975],[4.01985716,50.96354335]]]}},{"type":"Feature","id":"gebouw/Gebouw.16075552/0","properties":{"source":"Digitaal Vlaanderen Gebouwenregister","source_id":"gebouw/Gebouw.16075552/0","kind":"building","height_m":7.16,"status":null},"geometry":{"type":"Polygon","coordinates":[[[4.0219974,50.9674512],[4.02192218,50.96740312],[4.02187141,50.96743479],[4.02187881,50.96743967],[4.02194322,50.96748223],[4.0219974,50.9674512]]]}},{"type":"Feature","id":"gebouw/Gebouw.16078419/0","properties":{"source":"Digitaal Vlaanderen Gebouwenregister","source_id":"gebouw/Gebouw.16078419/0","kind":"building","height_m":5.0,"status":null},"geometry":{"type":"Polygon","coordinates":[[[4.02024009,50.96799439],[4.02024476,50.96799093],[4.02024288,50.96798991],[4.02013681,50.96793217],[4.02011523,50.96794798],[4.02005869,50.96791753],[4.01997159,50.96798202],[4.02008856,50.96804501],[4.02010482,50.96803297],[4.02014957,50.96805707],[4.02017683,50.96803689],[4.02018022,50.96803871],[4.02024009,50.96799439]]]}},{"type":"Feature","id":"gebouw/Gebouw.16080833/0","properties":{"source":"Digitaal Vlaanderen Gebouwenregister","source_id":"gebouw/Gebouw.16080833/0","kind":"building","height_m":9.32,"status":null},"geometry":{"type":"Polygon","coordinates":[[[4.0179307,50.96426921],[4.01792215,50.96426338],[4.01791648,50.96426669],[4.01784311,50.96421664],[4.01791283,50.96417588],[4.01797746,50.9641381],[4.01793206,50.96410713],[4.01792593,50.96411071],[4.01780192,50.96402861],[4.01780982,50.96402386],[4.01777368,50.96399993],[4.01783488,50.96396307],[4.01793361,50.96402843],[4.01796196,50.96401135],[4.01805562,50.96407743],[4.01806252,50.96407353],[4.01814365,50.96412723],[4.01813655,50.96413151],[4.01819133,50.96417247],[4.01803865,50.96426172],[4.01799475,50.96423177],[4.0179307,50.96426921]]]}},{"type":"Feature","id":"gebouw/Gebouw.16081099/0","properties":{"source":"Digitaal Vlaanderen Gebouwenregister","source_id":"gebouw/Gebouw.16081099/0","kind":"building","height_m":9.32,"status":null},"geometry":{"type":"Polygon","coordinates":[[[4.02569992,50.96463902],[4.02566296,50.96461481],[4.02569584,50.96459639],[4.02573305,50.96462196],[4.02569992,50.96463902]]]}},{"type":"Feature","id":"gebouw/Gebouw.16085579/0","properties":{"source":"Digitaal Vlaanderen Gebouwenregister","source_id":"gebouw/Gebouw.16085579/0","kind":"building","height_m":9.32,"status":null},"geometry":{"type":"Polygon","coordinates":[[[4.02548016,50.96386302],[4.02553568,50.96390005],[4.02546941,50.96393967],[4.02541502,50.96390337],[4.02548016,50.96386302]]]}},{"type":"Feature","id":"gebouw/Gebouw.16088324/0","properties":{"source":"Digitaal Vlaanderen Gebouwenregister","source_id":"gebouw/Gebouw.16088324/0","kind":"building","height_m":5.0,"status":null},"geometry":{"type":"Polygon","coordinates":[[[4.02579294,50.96515597],[4.02596296,50.96521327],[4.02594072,50.96524161],[4.02590205,50.96527588],[4.02570055,50.96521005],[4.02575264,50.96514647],[4.02574981,50.9651463],[4.0258448,50.96509086],[4.02587196,50.96510832],[4.02579294,50.96515597]]]}},{"type":"Feature","id":"gebouw/Gebouw.16090826/0","properties":{"source":"Digitaal Vlaanderen Gebouwenregister","source_id":"gebouw/Gebouw.16090826/0","kind":"building","height_m":7.16,"status":null},"geometry":{"type":"Polygon","coordinates":[[[4.0250518,50.96336747],[4.02502496,50.96339766],[4.02506497,50.9634116],[4.02515142,50.96344174],[4.02513044,50.96346728],[4.02511593,50.9634622],[4.02490238,50.96338741],[4.02495162,50.96333239],[4.0250518,50.96336747]]]}},{"type":"Feature","id":"gebouw/Gebouw.16093670/0","properties":{"source":"Digitaal Vlaanderen Gebouwenregister","source_id":"gebouw/Gebouw.16093670/0","kind":"building","height_m":8.6,"status":null},"geometry":{"type":"Polygon","coordinates":[[[4.02406705,50.96278438],[4.02400703,50.9627672],[4.02402228,50.96274596],[4.02391215,50.96271203],[4.02391807,50.96270605],[4.02395063,50.96267318],[4.02403637,50.96269649],[4.02405689,50.96267203],[4.0241245,50.96269153],[4.02406705,50.96278438]]]}},{"type":"Feature","id":"gebouw/Gebouw.16093797/0","properties":{"source":"Digitaal Vlaanderen Gebouwenregister","source_id":"gebouw/Gebouw.16093797/0","kind":"building","height_m":9.32,"status":null},"geometry":{"type":"Polygon","coordinates":[[[4.02207739,50.96749359],[4.02212065,50.96746872],[4.02208848,50.96744618],[4.02216432,50.9674032],[4.02224338,50.96745883],[4.0221726,50.96749923],[4.02216974,50.96749723],[4.02212353,50.96752358],[4.02207739,50.96749359]]]}},{"type":"Feature","id":"gebouw/Gebouw.16096721/0","properties":{"source":"Digitaal Vlaanderen Gebouwenregister","source_id":"gebouw/Gebouw.16096721/0","kind":"building","height_m":7.88,"status":null},"geometry":{"type":"Polygon","coordinates":[[[4.01853077,50.96831487],[4.01857412,50.96834207],[4.0186424,50.96830105],[4.01873811,50.96836456],[4.01868388,50.96839714],[4.01862738,50.96843108],[4.01853168,50.96836757],[4.01848968,50.96834097],[4.01853077,50.96831487]]]}},{"type":"Feature","id":"gebouw/Gebouw.16102476/0","properties":{"source":"Digitaal Vlaanderen Gebouwenregister","source_id":"gebouw/Gebouw.16102476/0","kind":"building","height_m":8.6,"status":null},"geometry":{"type":"Polygon","coordinates":[[[4.01963605,50.96335241],[4.01972885,50.96329478],[4.01979173,50.96333568],[4.01979466,50.96333426],[4.01983562,50.96336037],[4.01987079,50.96333858],[4.01993599,50.96338157],[4.01980493,50.96346084],[4.01963605,50.96335241]]]}},{"type":"Feature","id":"gebouw/Gebouw.16102582/0","properties":{"source":"Digitaal Vlaanderen Gebouwenregister","source_id":"gebouw/Gebouw.16102582/0","kind":"building","height_m":9.32,"status":null},"geometry":{"type":"Polygon","coordinates":[[[4.02386858,50.96663042],[4.02373456,50.96670759],[4.02366285,50.96665794],[4.02368552,50.96664489],[4.02360364,50.96658819],[4.02369648,50.96653473],[4.02377902,50.96659188],[4.02379753,50.96658122],[4.02386858,50.96663042]]]}},{"type":"Feature","id":"gebouw/Gebouw.16103144/0","properties":{"source":"Digitaal Vlaanderen Gebouwenregister","source_id":"gebouw/Gebouw.16103144/0","kind":"building","height_m":5.72,"status":null},"geometry":{"type":"Polygon","coordinates":[[[4.02418001,50.96304205],[4.02420478,50.9630083],[4.02422446,50.96301446],[4.02428694,50.96293482],[4.02419962,50.96290994],[4.0241621,50.96295818],[4.02408737,50.96305785],[4.02413067,50.96306999],[4.02415738,50.96303513],[4.02418001,50.96304205]]]}},{"type":"Feature","id":"gebouw/Gebouw.16108146/0","properties":{"source":"Digitaal Vlaanderen Gebouwenregister","source_id":"gebouw/Gebouw.16108146/0","kind":"building","height_m":8.6,"status":null},"geometry":{"type":"Polygon","coordinates":[[[4.01748162,50.96322188],[4.01746132,50.96324636],[4.01741762,50.9632319],[4.01743792,50.96320742],[4.01748162,50.96322188]]]}},{"type":"Feature","id":"gebouw/Gebouw.16116728/0","properties":{"source":"Digitaal Vlaanderen Gebouwenregister","source_id":"gebouw/Gebouw.16116728/0","kind":"building","height_m":8.6,"status":null},"geometry":{"type":"Polygon","coordinates":[[[4.02524771,50.96786118],[4.02494717,50.96765642],[4.02484959,50.96771493],[4.02479103,50.96767618],[4.02485554,50.96763863],[4.02480466,50.96760567],[4.02474153,50.96764342],[4.02469927,50.96761546],[4.02463353,50.96765502],[4.02416723,50.96733813],[4.02393815,50.96747288],[4.02390629,50.96745129],[4.02388586,50.96746331],[4.02391553,50.96748341],[4.02390774,50.96748799],[4.02387789,50.96746776],[4.0237096,50.96756674],[4.02374164,50.96758846],[4.02362412,50.96765759],[4.02337087,50.96780655],[4.02337075,50.96780662],[4.02369105,50.96802576],[4.02398914,50.96785215],[4.02458133,50.96825127],[4.02524771,50.96786118]]]}},{"type":"Feature","id":"gebouw/Gebouw.16117140/0","properties":{"source":"Digitaal Vlaanderen Gebouwenregister","source_id":"gebouw/Gebouw.16117140/0","kind":"building","height_m":7.88,"status":null},"geometry":{"type":"Polygon","coordinates":[[[4.0243397,50.96263508],[4.02430417,50.96268584],[4.02421177,50.96265834],[4.02423002,50.9626339],[4.02421685,50.96262992],[4.02424901,50.96259529],[4.02426403,50.96260015],[4.02433075,50.96262153],[4.02432392,50.96263002],[4.0243397,50.96263508]]]}},{"type":"Feature","id":"gebouw/Gebouw.16117193/0","properties":{"source":"Digitaal Vlaanderen Gebouwenregister","source_id":"gebouw/Gebouw.16117193/0","kind":"building","height_m":5.72,"status":null},"geometry":{"type":"Polygon","coordinates":[[[4.02529392,50.96604311],[4.02525711,50.96602753],[4.02523962,50.96604401],[4.02522751,50.96603889],[4.02521867,50.96604722],[4.02510737,50.96600012],[4.02515459,50.96595566],[4.02531577,50.96602256],[4.02529392,50.96604311]]]}},{"type":"Feature","id":"gebouw/Gebouw.16119316/0","properties":{"source":"Digitaal Vlaanderen Gebouwenregister","source_id":"gebouw/Gebouw.16119316/0","kind":"building","height_m":7.16,"status":null},"geometry":{"type":"Polygon","coordinates":[[[4.02369474,50.96241968],[4.02368063,50.96242207],[4.02358244,50.96237844],[4.02358109,50.9623677],[4.02356591,50.96236132],[4.02365083,50.96228807],[4.02370143,50.96231146],[4.02370632,50.96230714],[4.02374441,50.96232436],[4.02373974,50.96232869],[4.02380889,50.96236044],[4.02372479,50.96243348],[4.02369474,50.96241968]]]}},{"type":"Feature","id":"gebouw/Gebouw.16125457/0","properties":{"source":"Digitaal Vlaanderen Gebouwenregister","source_id":"gebouw/Gebouw.16125457/0","kind":"building","height_m":8.6,"status":null},"geometry":{"type":"Polygon","coordinates":[[[4.02625409,50.96338534],[4.02628956,50.96340146],[4.02622067,50.96346292],[4.0261983,50.96348288],[4.02616449,50.96346721],[4.02618185,50.96345135],[4.02623613,50.96340175],[4.02625409,50.96338534]]]}},{"type":"Feature","id":"gebouw/Gebouw.16133640/0","properties":{"source":"Digitaal Vlaanderen Gebouwenregister","source_id":"gebouw/Gebouw.16133640/0","kind":"building","height_m":8.6,"status":null},"geometry":{"type":"Polygon","coordinates":[[[4.01715915,50.96445108],[4.01710186,50.96447222],[4.01706612,50.9644336],[4.01700524,50.96436709],[4.0170599,50.96434522],[4.01712322,50.96441276],[4.0171521,50.96444356],[4.01715915,50.96445108]]]}},{"type":"Feature","id":"gebouw/Gebouw.16133724/0","properties":{"source":"Digitaal Vlaanderen Gebouwenregister","source_id":"gebouw/Gebouw.16133724/0","kind":"building","height_m":8.6,"status":null},"geometry":{"type":"Polygon","coordinates":[[[4.01838726,50.96868709],[4.01832355,50.96872196],[4.01820085,50.96863054],[4.01820528,50.96862817],[4.01822611,50.96861702],[4.0181878,50.96858849],[4.01816705,50.96859959],[4.01813985,50.96861415],[4.01813779,50.96861261],[4.01808426,50.96857273],[4.01815811,50.96853335],[4.01813382,50.96851526],[4.0181422,50.96851077],[4.01815398,50.96850447],[4.01816641,50.96851373],[4.01838726,50.96868709]]]}},{"type":"Feature","id":"gebouw/Gebouw.16135569/0","properties":{"source":"Digitaal Vlaanderen Gebouwenregister","source_id":"gebouw/Gebouw.16135569/0","kind":"building","height_m":6.44,"status":null},"geometry":{"type":"Polygon","coordinates":[[[4.01906648,50.96343341],[4.01900161,50.96347238],[4.01888049,50.96339003],[4.01891492,50.96336935],[4.01888969,50.9633522],[4.01886684,50.96333666],[4.01889642,50.96331778],[4.01890726,50.96332515],[4.01906648,50.96343341]]]}},{"type":"Feature","id":"gebouw/Gebouw.16136035/0","properties":{"source":"Digitaal Vlaanderen Gebouwenregister","source_id":"gebouw/Gebouw.16136035/0","kind":"building","height_m":9.32,"status":null},"geometry":{"type":"Polygon","coordinates":[[[4.02619165,50.96512608],[4.02616277,50.9651741],[4.02620138,50.96518335],[4.02619707,50.96519052],[4.02622224,50.96519655],[4.02620092,50.96523201],[4.02617551,50.96522592],[4.0261497,50.96526885],[4.02601866,50.96523743],[4.0260509,50.9651838],[4.02604715,50.96518291],[4.02608951,50.96511246],[4.02602539,50.96509604],[4.0260591,50.96504356],[4.02621538,50.96508008],[4.02620121,50.96510754],[4.02619165,50.96512608]]]}},{"type":"Feature","id":"gebouw/Gebouw.16137948/0","properties":{"source":"Digitaal Vlaanderen Gebouwenregister","source_id":"gebouw/Gebouw.16137948/0","kind":"building","height_m":5.72,"status":null},"geometry":{"type":"Polygon","coordinates":[[[4.01876396,50.96401171],[4.01877573,50.96401984],[4.01878734,50.96402787],[4.01884365,50.96406676],[4.0188612,50.96408345],[4.01881009,50.96412271],[4.01880405,50.96412735],[4.01874753,50.9641688],[4.01862972,50.96410473],[4.01871873,50.96403854],[4.01869766,50.96402724],[4.01863912,50.96399585],[4.01861833,50.9640113],[4.01858493,50.96398997],[4.0185824,50.96399155],[4.01851462,50.9639493],[4.01858588,50.96390371],[4.01865513,50.96394687],[4.01866304,50.963942],[4.01868585,50.96395775],[4.01868098,50.96396077],[4.01873683,50.96399297],[4.01873382,50.96399555],[4.01876396,50.96401171]]]}},{"type":"Feature","id":"gebouw/Gebouw.16138632/0","properties":{"source":"Digitaal Vlaanderen Gebouwenregister","source_id":"gebouw/Gebouw.16138632/0","kind":"building","height_m":9.32,"status":null},"geometry":{"type":"Polygon","coordinates":[[[4.01712959,50.96375254],[4.01704649,50.96370974],[4.0170551,50.96370307],[4.01702294,50.96368651],[4.01706834,50.96365135],[4.01718361,50.96371072],[4.01712959,50.96375254]]]}},{"type":"Feature","id":"gebouw/Gebouw.16140442/0","properties":{"source":"Digitaal Vlaanderen Gebouwenregister","source_id":"gebouw/Gebouw.16140442/0","kind":"building","height_m":7.16,"status":null},"geometry":{"type":"Polygon","coordinates":[[[4.02636669,50.96505371],[4.02636083,50.96523889],[4.02628643,50.96518927],[4.02619165,50.96512608],[4.02620121,50.96510754],[4.02631047,50.96517427],[4.02632763,50.96518492],[4.02632763,50.96516653],[4.02628669,50.96514562],[4.02628022,50.9651452],[4.02629568,50.96504916],[4.02636669,50.96505371]]]}},{"type":"Feature","id":"gebouw/Gebouw.16140821/0","properties":{"source":"Digitaal Vlaanderen Gebouwenregister","source_id":"gebouw/Gebouw.16140821/0","kind":"building","height_m":7.88,"status":null},"geometry":{"type":"Polygon","coordinates":[[[4.02419335,50.96271624],[4.02413006,50.96280242],[4.02406705,50.96278438],[4.0241245,50.96269153],[4.024168,50.96270428],[4.02416623,50.96270937],[4.02419335,50.96271624]]]}},{"type":"Feature","id":"gebouw/Gebouw.16145091/0","properties":{"source":"Digitaal Vlaanderen Gebouwenregister","source_id":"gebouw/Gebouw.16145091/0","kind":"building","height_m":7.88,"status":null},"geometry":{"type":"Polygon","coordinates":[[[4.02659333,50.9634116],[4.0266933,50.96332454],[4.02651886,50.96324367],[4.02644011,50.96331141],[4.02658124,50.96337683],[4.02656146,50.96339385],[4.02652102,50.96337511],[4.02646212,50.96342577],[4.02653819,50.96345962],[4.02659333,50.9634116]]]}},{"type":"Feature","id":"gebouw/Gebouw.16148467/0","properties":{"source":"Digitaal Vlaanderen Gebouwenregister","source_id":"gebouw/Gebouw.16148467/0","kind":"building","height_m":9.32,"status":null},"geometry":{"type":"Polygon","coordinates":[[[4.01959761,50.96363207],[4.01961696,50.96364404],[4.01962546,50.96363986],[4.01965687,50.96366135],[4.01962731,50.96367867],[4.01957601,50.96364867],[4.01957202,50.96365083],[4.01947178,50.96359905],[4.0195063,50.96357556],[4.01959761,50.96363207]]]}},{"type":"Feature","id":"gebouw/Gebouw.16150718/0","properties":{"source":"Digitaal Vlaanderen Gebouwenregister","source_id":"gebouw/Gebouw.16150718/0","kind":"building","height_m":7.16,"status":null},"geometry":{"type":"Polygon","coordinates":[[[4.02575169,50.96581457],[4.02572182,50.96584639],[4.02569586,50.96583667],[4.02567537,50.9658585],[4.02562588,50.96583998],[4.02566328,50.96580014],[4.02567863,50.9657838],[4.02575169,50.96581457]]]}},{"type":"Feature","id":"gebouw/Gebouw.16153336/0","properties":{"source":"Digitaal Vlaanderen Gebouwenregister","source_id":"gebouw/Gebouw.16153336/0","kind":"building","height_m":7.16,"status":null},"geometry":{"type":"Polygon","coordinates":[[[4.02313555,50.96716001],[4.02311582,50.9671633],[4.02311796,50.96716822],[4.02297483,50.96718437],[4.02295852,50.96713908],[4.02291697,50.96714363],[4.0229108,50.96712578],[4.02287593,50.96713034],[4.02287242,50.96711964],[4.02282003,50.9671254],[4.02280424,50.96707513],[4.0228559,50.96706858],[4.0228548,50.9670651],[4.02304864,50.96703966],[4.02306796,50.96710999],[4.02313555,50.96716001]]]}},{"type":"Feature","id":"gebouw/Gebouw.16160547/0","properties":{"source":"Digitaal Vlaanderen Gebouwenregister","source_id":"gebouw/Gebouw.16160547/0","kind":"building","height_m":7.88,"status":null},"geometry":{"type":"Polygon","coordinates":[[[4.0196483,50.96346401],[4.01957322,50.96351045],[4.0195684,50.96351343],[4.01942918,50.96342361],[4.0195096,50.96337412],[4.0196483,50.96346401]]]}},{"type":"Feature","id":"gebouw/Gebouw.16163336/0","properties":{"source":"Digitaal Vlaanderen Gebouwenregister","source_id":"gebouw/Gebouw.16163336/0","kind":"building","height_m":5.0,"status":null},"geometry":{"type":"Polygon","coordinates":[[[4.02558792,50.96548673],[4.02558357,50.96549132],[4.02561166,50.96550194],[4.02563855,50.96551211],[4.02556967,50.96558474],[4.02571046,50.9656396],[4.02566791,50.96568306],[4.0256535,50.96567699],[4.02550731,50.96561543],[4.02550196,50.96561318],[4.02552922,50.96558553],[4.02539913,50.96553693],[4.02547974,50.96545088],[4.02550277,50.96545948],[4.02550349,50.9654587],[4.02551409,50.96546272],[4.0255134,50.96546344],[4.02553856,50.96547296],[4.02554197,50.96546936],[4.02558792,50.96548673]]]}},{"type":"Feature","id":"gebouw/Gebouw.16163547/0","properties":{"source":"Digitaal Vlaanderen Gebouwenregister","source_id":"gebouw/Gebouw.16163547/0","kind":"building","height_m":5.72,"status":null},"geometry":{"type":"Polygon","coordinates":[[[4.02654624,50.96274643],[4.02663807,50.96266212],[4.02666288,50.96267349],[4.02667127,50.9626664],[4.02671086,50.96268309],[4.02670186,50.96269054],[4.02672371,50.9627004],[4.02662835,50.96278169],[4.02654624,50.96274643]]]}},{"type":"Feature","id":"gebouw/Gebouw.16163622/0","properties":{"source":"Digitaal Vlaanderen Gebouwenregister","source_id":"gebouw/Gebouw.16163622/0","kind":"building","height_m":9.32,"status":null},"geometry":{"type":"Polygon","coordinates":[[[4.02591828,50.96358068],[4.02589145,50.96356842],[4.02597086,50.96349912],[4.02599769,50.96351138],[4.02591828,50.96358068]]]}},{"type":"Feature","id":"gebouw/Gebouw.16163644/0","properties":{"source":"Digitaal Vlaanderen Gebouwenregister","source_id":"gebouw/Gebouw.16163644/0","kind":"building","height_m":5.0,"status":null},"geometry":{"type":"Polygon","coordinates":[[[4.02082613,50.96254769],[4.02083834,50.96255096],[4.02094531,50.96257961],[4.0209162,50.96262336],[4.02080829,50.9625944],[4.02079901,50.96259191],[4.02069819,50.96256485],[4.02072752,50.96252127],[4.02082613,50.96254769]]]}},{"type":"Feature","id":"gebouw/Gebouw.16165348/0","properties":{"source":"Digitaal Vlaanderen Gebouwenregister","source_id":"gebouw/Gebouw.16165348/0","kind":"building","height_m":7.16,"status":null},"geometry":{"type":"Polygon","coordinates":[[[4.02276392,50.9623513],[4.02270931,50.96234287],[4.02272338,50.96230653],[4.02277799,50.96231497],[4.02276392,50.9623513]]]}},{"type":"Feature","id":"gebouw/Gebouw.16167664/0","properties":{"source":"Digitaal Vlaanderen Gebouwenregister","source_id":"gebouw/Gebouw.16167664/0","kind":"building","height_m":6.44,"status":null},"geometry":{"type":"Polygon","coordinates":[[[4.02405689,50.96267203],[4.02403637,50.96269649],[4.02395063,50.96267318],[4.02399566,50.96262771],[4.02407442,50.96265432],[4.02405689,50.96267203]]]}},{"type":"Feature","id":"gebouw/Gebouw.16167976/0","properties":{"source":"Digitaal Vlaanderen Gebouwenregister","source_id":"gebouw/Gebouw.16167976/0","kind":"building","height_m":9.32,"status":null},"geometry":{"type":"Polygon","coordinates":[[[4.02070218,50.96784287],[4.02052848,50.96796142],[4.02050358,50.96794688],[4.02038655,50.96802673],[4.02030293,50.96797952],[4.0204241,50.96789613],[4.02040215,50.96788331],[4.02051351,50.96780729],[4.02050293,50.96780111],[4.02056185,50.96776089],[4.02070218,50.96784287]]]}},{"type":"Feature","id":"gebouw/Gebouw.16170638/0","properties":{"source":"Digitaal Vlaanderen Gebouwenregister","source_id":"gebouw/Gebouw.16170638/0","kind":"building","height_m":5.72,"status":null},"geometry":{"type":"Polygon","coordinates":[[[4.02510115,50.96298843],[4.02514589,50.96294091],[4.02506156,50.96291148],[4.02495095,50.96289201],[4.02493691,50.96292917],[4.02497839,50.96293581],[4.02498099,50.96294011],[4.02498472,50.96294371],[4.02498931,50.96294836],[4.02496967,50.96296922],[4.02499892,50.9629802],[4.02500168,50.96297727],[4.02508295,50.96300777],[4.02508928,50.96300105],[4.02510115,50.96298843]]]}},{"type":"Feature","id":"gebouw/Gebouw.16175680/0","properties":{"source":"Digitaal Vlaanderen Gebouwenregister","source_id":"gebouw/Gebouw.16175680/0","kind":"building","height_m":7.16,"status":null},"geometry":{"type":"Polygon","coordinates":[[[4.01698245,50.96458371],[4.01692363,50.96454838],[4.01696476,50.96451908],[4.0170258,50.96455264],[4.01698245,50.96458371]]]}},{"type":"Feature","id":"gebouw/Gebouw.16178816/0","properties":{"source":"Digitaal Vlaanderen Gebouwenregister","source_id":"gebouw/Gebouw.16178816/0","kind":"building","height_m":7.16,"status":null},"geometry":{"type":"Polygon","coordinates":[[[4.02000595,50.96736424],[4.01982041,50.96743744],[4.02002325,50.9676477],[4.01980781,50.96773056],[4.01953007,50.96744527],[4.01965824,50.96739552],[4.0194457,50.96718071],[4.01938603,50.96712041],[4.01913517,50.96721786],[4.01880622,50.96691293],[4.01880454,50.96691138],[4.01881038,50.9669091],[4.01907612,50.96680578],[4.01938428,50.96711924],[4.01964858,50.96701701],[4.01991799,50.96728927],[4.01992882,50.96728501],[4.02000595,50.96736424]]]}},{"type":"Feature","id":"gebouw/Gebouw.16184387/0","properties":{"source":"Digitaal Vlaanderen Gebouwenregister","source_id":"gebouw/Gebouw.16184387/0","kind":"building","height_m":6.44,"status":null},"geometry":{"type":"Polygon","coordinates":[[[4.02636047,50.96257075],[4.02641077,50.9625954],[4.02623589,50.96272269],[4.02631746,50.96276741],[4.02619556,50.96285348],[4.02613734,50.96282117],[4.02614186,50.9628178],[4.02611875,50.96280476],[4.02609527,50.96282158],[4.02604979,50.96279653],[4.02616205,50.96271495],[4.026193,50.96269245],[4.0262346,50.96266223],[4.02625979,50.96264392],[4.02626778,50.96263811],[4.02632496,50.96259656],[4.02635058,50.96257794],[4.02636047,50.96257075]]]}},{"type":"Feature","id":"gebouw/Gebouw.16186954/0","properties":{"source":"Digitaal Vlaanderen Gebouwenregister","source_id":"gebouw/Gebouw.16186954/0","kind":"building","height_m":5.0,"status":null},"geometry":{"type":"Polygon","coordinates":[[[4.01889822,50.96348303],[4.01888775,50.96348931],[4.01892879,50.96351655],[4.01885596,50.96356078],[4.0187219,50.96346755],[4.01866818,50.96343019],[4.01859772,50.96339772],[4.01865005,50.96336632],[4.01865835,50.96336108],[4.01868611,50.96338039],[4.01871119,50.96340518],[4.0187668,50.96344215],[4.01880688,50.96346879],[4.01884363,50.96344674],[4.01889822,50.96348303]]]}},{"type":"Feature","id":"gebouw/Gebouw.16189646/0","properties":{"source":"Digitaal Vlaanderen Gebouwenregister","source_id":"gebouw/Gebouw.16189646/0","kind":"building","height_m":7.88,"status":null},"geometry":{"type":"Polygon","coordinates":[[[4.02449785,50.96269211],[4.02448389,50.96271106],[4.02440718,50.96268847],[4.02442084,50.96267073],[4.02449785,50.96269211]]]}},{"type":"Feature","id":"gebouw/Gebouw.16189907/0","properties":{"source":"Digitaal Vlaanderen Gebouwenregister","source_id":"gebouw/Gebouw.16189907/0","kind":"building","height_m":9.32,"status":null},"geometry":{"type":"Polygon","coordinates":[[[4.02221563,50.96723588],[4.02217229,50.96726037],[4.02202034,50.96714941],[4.02204084,50.96713824],[4.02205596,50.96714931],[4.02209491,50.96712826],[4.02217275,50.96718569],[4.02219625,50.96717289],[4.02225235,50.96721514],[4.02221563,50.96723588]]]}},{"type":"Feature","id":"gebouw/Gebouw.16192450/0","properties":{"source":"Digitaal Vlaanderen Gebouwenregister","source_id":"gebouw/Gebouw.16192450/0","kind":"building","height_m":5.72,"status":null},"geometry":{"type":"Polygon","coordinates":[[[4.02047844,50.96287051],[4.02042338,50.96285632],[4.02023066,50.96280661],[4.02017863,50.9627932],[4.0201464,50.96284385],[4.02028843,50.96287989],[4.02030151,50.96285903],[4.02041987,50.96288862],[4.0204602,50.96289871],[4.02047844,50.96287051]]]}},{"type":"Feature","id":"gebouw/Gebouw.16192527/0","properties":{"source":"Digitaal Vlaanderen Gebouwenregister","source_id":"gebouw/Gebouw.16192527/0","kind":"building","height_m":5.72,"status":null},"geometry":{"type":"Polygon","coordinates":[[[4.02226643,50.96761268],[4.02229986,50.96763593],[4.02225058,50.96766418],[4.02227786,50.96768315],[4.02226148,50.96769251],[4.02210973,50.96759225],[4.02206335,50.9675616],[4.02204231,50.9675477],[4.02203563,50.96754329],[4.02199457,50.96751616],[4.02205792,50.96747844],[4.02207739,50.96749359],[4.02212353,50.96752358],[4.02212646,50.96752557],[4.02217097,50.96755599],[4.02217859,50.9675516],[4.02226643,50.96761268]]]}},{"type":"Feature","id":"gebouw/Gebouw.16195214/0","properties":{"source":"Digitaal Vlaanderen Gebouwenregister","source_id":"gebouw/Gebouw.16195214/0","kind":"building","height_m":5.0,"status":null},"geometry":{"type":"Polygon","coordinates":[[[4.01940329,50.96883387],[4.01951713,50.96889441],[4.01948454,50.96891883],[4.01937071,50.9688583],[4.01940329,50.96883387]]]}},{"type":"Feature","id":"gebouw/Gebouw.16195365/0","properties":{"source":"Digitaal Vlaanderen Gebouwenregister","source_id":"gebouw/Gebouw.16195365/0","kind":"building","height_m":7.88,"status":null},"geometry":{"type":"Polygon","coordinates":[[[4.01913903,50.96794268],[4.01900979,50.96786932],[4.01902308,50.96785999],[4.01897153,50.96783073],[4.01908516,50.96775108],[4.01918618,50.96780854],[4.01920504,50.96779517],[4.01928469,50.96784037],[4.01913903,50.96794268]]]}},{"type":"Feature","id":"gebouw/Gebouw.16195410/0","properties":{"source":"Digitaal Vlaanderen Gebouwenregister","source_id":"gebouw/Gebouw.16195410/0","kind":"building","height_m":5.0,"status":null},"geometry":{"type":"Polygon","coordinates":[[[4.01833932,50.96755146],[4.01830643,50.96756959],[4.01827175,50.96754451],[4.01830406,50.9675267],[4.01837023,50.96749022],[4.01827771,50.96742329],[4.01825273,50.96743706],[4.01821265,50.96740807],[4.01831028,50.96735034],[4.01835704,50.96738187],[4.01833876,50.9673926],[4.01847777,50.96748813],[4.01834952,50.96755883],[4.01833932,50.96755146]]]}},{"type":"Feature","id":"gebouw/Gebouw.16200515/0","properties":{"source":"Digitaal Vlaanderen Gebouwenregister","source_id":"gebouw/Gebouw.16200515/0","kind":"building","height_m":6.44,"status":null},"geometry":{"type":"Polygon","coordinates":[[[4.02538257,50.9633123],[4.02536272,50.96333653],[4.02527136,50.96330678],[4.02529198,50.96328157],[4.02538257,50.9633123]]]}},{"type":"Feature","id":"gebouw/Gebouw.16211596/0","properties":{"source":"Digitaal Vlaanderen Gebouwenregister","source_id":"gebouw/Gebouw.16211596/0","kind":"building","height_m":6.44,"status":null},"geometry":{"type":"Polygon","coordinates":[[[4.01821742,50.9632337],[4.01827662,50.96319807],[4.01833714,50.96323816],[4.01827794,50.9632738],[4.01821742,50.9632337]]]}},{"type":"Feature","id":"gebouw/Gebouw.16216446/0","properties":{"source":"Digitaal Vlaanderen Gebouwenregister","source_id":"gebouw/Gebouw.16216446/0","kind":"building","height_m":5.72,"status":null},"geometry":{"type":"Polygon","coordinates":[[[4.01816979,50.96812546],[4.01802235,50.96820873],[4.01794667,50.9681553],[4.01791935,50.96817073],[4.01787981,50.96814281],[4.01788158,50.96814182],[4.01786967,50.96813341],[4.01803786,50.96803842],[4.01806332,50.96805639],[4.01806811,50.96805368],[4.01816979,50.96812546]]]}},{"type":"Feature","id":"gebouw/Gebouw.16222479/0","properties":{"source":"Digitaal Vlaanderen Gebouwenregister","source_id":"gebouw/Gebouw.16222479/0","kind":"building","height_m":5.0,"status":null},"geometry":{"type":"Polygon","coordinates":[[[4.02630134,50.96450776],[4.02630536,50.96450541],[4.02628121,50.96448875],[4.02630764,50.96447335],[4.02641771,50.9645487],[4.02644626,50.96453207],[4.0265855,50.96462739],[4.02655354,50.96464601],[4.02661074,50.96468516],[4.02657975,50.96470079],[4.02654003,50.96467325],[4.02652348,50.96466177],[4.02630134,50.96450776]]]}},{"type":"Feature","id":"gebouw/Gebouw.16224795/0","properties":{"source":"Digitaal Vlaanderen Gebouwenregister","source_id":"gebouw/Gebouw.16224795/0","kind":"building","height_m":9.32,"status":null},"geometry":{"type":"Polygon","coordinates":[[[4.02554631,50.96271692],[4.02555444,50.96271963],[4.02557769,50.96272736],[4.02559167,50.96273202],[4.02559444,50.96273346],[4.02556619,50.96275704],[4.02551693,50.96279816],[4.02550137,50.96281478],[4.02549101,50.96281979],[4.02543463,50.96286685],[4.02538928,50.96291827],[4.02531628,50.96289389],[4.0254661,50.96271502],[4.02548235,50.96269562],[4.02554631,50.96271692]]]}},{"type":"Feature","id":"gebouw/Gebouw.16237059/0","properties":{"source":"Digitaal Vlaanderen Gebouwenregister","source_id":"gebouw/Gebouw.16237059/0","kind":"building","height_m":9.32,"status":null},"geometry":{"type":"Polygon","coordinates":[[[4.02404345,50.96681576],[4.02417421,50.96688716],[4.02401061,50.9670072],[4.02387266,50.96693223],[4.02387833,50.96692807],[4.02383245,50.96690307],[4.02389321,50.96685861],[4.02394578,50.96688742],[4.02404345,50.96681576]]]}},{"type":"Feature","id":"gebouw/Gebouw.16240286/0","properties":{"source":"Digitaal Vlaanderen Gebouwenregister","source_id":"gebouw/Gebouw.16240286/0","kind":"building","height_m":9.32,"status":null},"geometry":{"type":"Polygon","coordinates":[[[4.0195684,50.96351343],[4.01949529,50.96355817],[4.01946753,50.96354019],[4.01945338,50.96354889],[4.01934242,50.96347707],[4.01942918,50.96342361],[4.0195684,50.96351343]]]}},{"type":"Feature","id":"gebouw/Gebouw.16242600/0","properties":{"source":"Digitaal Vlaanderen Gebouwenregister","source_id":"gebouw/Gebouw.16242600/0","kind":"building","height_m":7.16,"status":null},"geometry":{"type":"Polygon","coordinates":[[[4.01983959,50.96239734],[4.01980782,50.96242892],[4.01972224,50.96239457],[4.01975405,50.96236295],[4.01983959,50.96239734]]]}},{"type":"Feature","id":"gebouw/Gebouw.16245264/0","properties":{"source":"Digitaal Vlaanderen Gebouwenregister","source_id":"gebouw/Gebouw.16245264/0","kind":"building","height_m":5.0,"status":null},"geometry":{"type":"Polygon","coordinates":[[[4.02137717,50.96282748],[4.02136006,50.96284948],[4.0214177,50.96286597],[4.02139418,50.96289877],[4.02133766,50.96288406],[4.02120934,50.96285066],[4.02098213,50.96279152],[4.02071868,50.96272294],[4.02048917,50.96266509],[4.02051999,50.96260671],[4.02075179,50.96266892],[4.02077309,50.9626342],[4.02083959,50.96265294],[4.02082495,50.96267366],[4.02112933,50.96275941],[4.02112732,50.96276242],[4.02119852,50.96278141],[4.02119088,50.96279284],[4.02123936,50.96280577],[4.02124791,50.96279299],[4.02137717,50.96282748]]]}},{"type":"Feature","id":"gebouw/Gebouw.16248521/0","properties":{"source":"Digitaal Vlaanderen Gebouwenregister","source_id":"gebouw/Gebouw.16248521/0","kind":"building","height_m":6.44,"status":null},"geometry":{"type":"Polygon","coordinates":[[[4.02595005,50.96226699],[4.02603435,50.96230565],[4.02597043,50.96236123],[4.02582878,50.96229783],[4.0258667,50.96226404],[4.02582232,50.96224492],[4.02590083,50.96217664],[4.02600107,50.96222261],[4.02595005,50.96226699]]]}},{"type":"Feature","id":"gebouw/Gebouw.16250649/0","properties":{"source":"Digitaal Vlaanderen Gebouwenregister","source_id":"gebouw/Gebouw.16250649/0","kind":"building","height_m":6.44,"status":null},"geometry":{"type":"Polygon","coordinates":[[[4.02350783,50.9631051],[4.02347338,50.96311022],[4.02342919,50.96311746],[4.02340748,50.96307139],[4.02338763,50.96302928],[4.02339776,50.96302738],[4.02339398,50.96301856],[4.02342821,50.96301214],[4.02343239,50.96302084],[4.02344111,50.96301946],[4.02346547,50.96301524],[4.02348476,50.96305616],[4.02350783,50.9631051]]]}},{"type":"Feature","id":"gebouw/Gebouw.16255843/0","properties":{"source":"Digitaal Vlaanderen Gebouwenregister","source_id":"gebouw/Gebouw.16255843/0","kind":"building","height_m":6.44,"status":null},"geometry":{"type":"Polygon","coordinates":[[[4.01746852,50.9642114],[4.01742051,50.96423618],[4.01730655,50.9641482],[4.01735243,50.96412337],[4.01740958,50.96416616],[4.01746939,50.96421095],[4.01746852,50.9642114]]]}},{"type":"Feature","id":"gebouw/Gebouw.16257520/0","properties":{"source":"Digitaal Vlaanderen Gebouwenregister","source_id":"gebouw/Gebouw.16257520/0","kind":"building","height_m":9.32,"status":null},"geometry":{"type":"Polygon","coordinates":[[[4.01985716,50.96354335],[4.01978962,50.96358975],[4.01970097,50.96354468],[4.01974482,50.96351722],[4.01978072,50.96349472],[4.01985716,50.96354335]]]}},{"type":"Feature","id":"gebouw/Gebouw.16258158/0","properties":{"source":"Digitaal Vlaanderen Gebouwenregister","source_id":"gebouw/Gebouw.16258158/0","kind":"building","height_m":5.0,"status":null},"geometry":{"type":"Polygon","coordinates":[[[4.02649793,50.96486336],[4.0264168,50.9649089],[4.02635573,50.96486524],[4.02633068,50.96484733],[4.02637449,50.964822],[4.02636213,50.96481359],[4.02633948,50.9648123],[4.02631161,50.96479188],[4.02624949,50.96474778],[4.02629731,50.96472098],[4.02636643,50.96477004],[4.02638207,50.96478113],[4.02649793,50.96486336]]]}},{"type":"Feature","id":"gebouw/Gebouw.16263162/0","properties":{"source":"Digitaal Vlaanderen Gebouwenregister","source_id":"gebouw/Gebouw.16263162/0","kind":"building","height_m":9.32,"status":null},"geometry":{"type":"Polygon","coordinates":[[[4.02424715,50.96560099],[4.02420949,50.96561611],[4.02418185,50.96558867],[4.02418945,50.96558605],[4.02417336,50.96556744],[4.02414696,50.96557654],[4.02411391,50.96553831],[4.02412223,50.9655357],[4.02410293,50.96551123],[4.0241542,50.96549348],[4.02417669,50.96551949],[4.02418275,50.9655265],[4.02424715,50.96560099]]]}},{"type":"Feature","id":"gebouw/Gebouw.16263198/0","properties":{"source":"Digitaal Vlaanderen Gebouwenregister","source_id":"gebouw/Gebouw.16263198/0","kind":"building","height_m":5.0,"status":null},"geometry":{"type":"Polygon","coordinates":[[[4.02452689,50.96237879],[4.02455047,50.96229691],[4.02477507,50.9623227],[4.02475149,50.96240459],[4.02452689,50.96237879]]]}},{"type":"Feature","id":"gebouw/Gebouw.16263683/0","properties":{"source":"Digitaal Vlaanderen Gebouwenregister","source_id":"gebouw/Gebouw.16263683/0","kind":"building","height_m":6.44,"status":null},"geometry":{"type":"Polygon","coordinates":[[[4.02024988,50.96237642],[4.02019735,50.96242938],[4.02005175,50.96237179],[4.02002085,50.96240444],[4.01990059,50.96235845],[4.01993107,50.96232626],[4.019985,50.9623466],[4.01999975,50.96233068],[4.02005649,50.96235026],[4.02009151,50.96231256],[4.02024988,50.96237642]]]}},{"type":"Feature","id":"gebouw/Gebouw.16263808/0","properties":{"source":"Digitaal Vlaanderen Gebouwenregister","source_id":"gebouw/Gebouw.16263808/0","kind":"building","height_m":5.72,"status":null},"geometry":{"type":"Polygon","coordinates":[[[4.02530733,50.96625895],[4.0252566,50.96627086],[4.02522935,50.96622456],[4.02528006,50.96621266],[4.02530733,50.96625895]]]}},{"type":"Feature","id":"gebouw/Gebouw.16265946/0","properties":{"source":"Digitaal Vlaanderen Gebouwenregister","source_id":"gebouw/Gebouw.16265946/0","kind":"building","height_m":7.88,"status":null},"geometry":{"type":"Polygon","coordinates":[[[4.0173314,50.96874363],[4.01739525,50.96871188],[4.01750932,50.96880331],[4.01744548,50.96883506],[4.0173314,50.96874363]]]}},{"type":"Feature","id":"gebouw/Gebouw.16268409/0","properties":{"source":"Digitaal Vlaanderen Gebouwenregister","source_id":"gebouw/Gebouw.16268409/0","kind":"building","height_m":7.16,"status":null},"geometry":{"type":"Polygon","coordinates":[[[4.02320076,50.96701885],[4.02310153,50.96703181],[4.02308771,50.96703362],[4.02304839,50.96703875],[4.02304864,50.96703966],[4.02306796,50.96710999],[4.02313555,50.96716001],[4.02319763,50.96714968],[4.02316299,50.96711774],[4.02315969,50.96710605],[4.02318383,50.96710345],[4.02318218,50.96709508],[4.02322394,50.96708962],[4.02320076,50.96701885]]]}},{"type":"Feature","id":"gebouw/Gebouw.16270939/0","properties":{"source":"Digitaal Vlaanderen Gebouwenregister","source_id":"gebouw/Gebouw.16270939/0","kind":"building","height_m":9.32,"status":null},"geometry":{"type":"Polygon","coordinates":[[[4.02505775,50.96261809],[4.02519266,50.96264696],[4.02512082,50.96278003],[4.024986,50.962751],[4.02505775,50.96261809]]]}},{"type":"Feature","id":"gebouw/Gebouw.16273992/0","properties":{"source":"Digitaal Vlaanderen Gebouwenregister","source_id":"gebouw/Gebouw.16273992/0","kind":"building","height_m":5.0,"status":null},"geometry":{"type":"Polygon","coordinates":[[[4.01630002,50.96591183],[4.01626254,50.96589474],[4.01628951,50.96587116],[4.01632699,50.96588825],[4.01630002,50.96591183]]]}},{"type":"Feature","id":"gebouw/Gebouw.16280003/0","properties":{"source":"Digitaal Vlaanderen Gebouwenregister","source_id":"gebouw/Gebouw.16280003/0","kind":"building","height_m":8.6,"status":null},"geometry":{"type":"Polygon","coordinates":[[[4.02593201,50.96408656],[4.02592044,50.96407887],[4.02591436,50.96408239],[4.02590214,50.96407456],[4.02589213,50.96408105],[4.0258801,50.96407399],[4.02574097,50.96399226],[4.02571759,50.96400813],[4.02570188,50.96399891],[4.02572561,50.96398279],[4.02567001,50.96395013],[4.02571059,50.96392344],[4.02592605,50.96404667],[4.02592339,50.96404825],[4.02595768,50.96407059],[4.02593201,50.96408656]]]}},{"type":"Feature","id":"gebouw/Gebouw.16280006/0","properties":{"source":"Digitaal Vlaanderen Gebouwenregister","source_id":"gebouw/Gebouw.16280006/0","kind":"building","height_m":5.72,"status":null},"geometry":{"type":"Polygon","coordinates":[[[4.02576917,50.96256754],[4.02570223,50.9626284],[4.02567219,50.96261492],[4.02561238,50.9625881],[4.02565044,50.96254682],[4.02567547,50.96252436],[4.02576917,50.96256754]]]}},{"type":"Feature","id":"gebouw/Gebouw.16280072/0","properties":{"source":"Digitaal Vlaanderen Gebouwenregister","source_id":"gebouw/Gebouw.16280072/0","kind":"building","height_m":7.88,"status":null},"geometry":{"type":"Polygon","coordinates":[[[4.02248435,50.96728276],[4.02252908,50.96731293],[4.02244407,50.96736318],[4.02235211,50.96730114],[4.02243711,50.96725089],[4.02248435,50.96728276]]]}},{"type":"Feature","id":"gebouw/Gebouw.16282697/0","properties":{"source":"Digitaal Vlaanderen Gebouwenregister","source_id":"gebouw/Gebouw.16282697/0","kind":"building","height_m":7.88,"status":null},"geometry":{"type":"Polygon","coordinates":[[[4.01871999,50.96346622],[4.0187219,50.96346755],[4.01885596,50.96356078],[4.01879081,50.963601],[4.01869083,50.96355926],[4.01870873,50.96354216],[4.01849261,50.96346338],[4.01848827,50.96346816],[4.01831128,50.96339447],[4.01838936,50.96334762],[4.01851157,50.96327429],[4.01865005,50.96336632],[4.01859772,50.96339772],[4.01866818,50.96343019],[4.01871999,50.96346622]]]}},{"type":"Feature","id":"gebouw/Gebouw.16282855/0","properties":{"source":"Digitaal Vlaanderen Gebouwenregister","source_id":"gebouw/Gebouw.16282855/0","kind":"building","height_m":5.72,"status":null},"geometry":{"type":"Polygon","coordinates":[[[4.01848827,50.96346816],[4.01849261,50.96346338],[4.01870873,50.96354216],[4.01869083,50.96355926],[4.01866566,50.96358606],[4.0184551,50.96350718],[4.01832084,50.96362955],[4.01833411,50.96363507],[4.01837861,50.96359828],[4.01847157,50.96364319],[4.01855909,50.96373475],[4.0184535,50.963775],[4.01842232,50.96374297],[4.01841016,50.9637475],[4.01837385,50.96370864],[4.01837952,50.96370653],[4.01835862,50.96368416],[4.01835154,50.9636868],[4.0181801,50.96361485],[4.01821254,50.96358403],[4.01825502,50.96354366],[4.01827874,50.96355362],[4.01835513,50.96348103],[4.01821789,50.96343047],[4.01816606,50.96341138],[4.01821432,50.96335913],[4.01831128,50.96339447],[4.01848827,50.96346816]]]}},{"type":"Feature","id":"gebouw/Gebouw.16287314/0","properties":{"source":"Digitaal Vlaanderen Gebouwenregister","source_id":"gebouw/Gebouw.16287314/0","kind":"building","height_m":5.72,"status":null},"geometry":{"type":"Polygon","coordinates":[[[4.01640249,50.96601093],[4.01635358,50.96605194],[4.01634268,50.96606108],[4.0162998,50.96604069],[4.01631402,50.96602877],[4.01632317,50.96602109],[4.01632005,50.96601961],[4.01632859,50.96601245],[4.01632549,50.96601098],[4.01633548,50.9660026],[4.0163424,50.96600589],[4.01636031,50.96599087],[4.01640249,50.96601093]]]}},{"type":"Feature","id":"gebouw/Gebouw.16288086/0","properties":{"source":"Digitaal Vlaanderen Gebouwenregister","source_id":"gebouw/Gebouw.16288086/0","kind":"building","height_m":7.16,"status":null},"geometry":{"type":"Polygon","coordinates":[[[4.02500314,50.96230885],[4.0249593,50.96246314],[4.02495514,50.96246283],[4.02495742,50.96245514],[4.02485999,50.96244326],[4.02485768,50.96245138],[4.02485318,50.96245095],[4.0248661,50.96240767],[4.02486213,50.962407],[4.02489732,50.96231578],[4.02493628,50.96232036],[4.02495282,50.96226334],[4.02501405,50.96227043],[4.02500314,50.96230885]]]}},{"type":"Feature","id":"gebouw/Gebouw.16290525/0","properties":{"source":"Digitaal Vlaanderen Gebouwenregister","source_id":"gebouw/Gebouw.16290525/0","kind":"building","height_m":9.32,"status":null},"geometry":{"type":"Polygon","coordinates":[[[4.02666877,50.96441888],[4.02665788,50.96442483],[4.02661787,50.96439809],[4.0266299,50.96439103],[4.02666466,50.9643706],[4.02670589,50.96439858],[4.02666877,50.96441888]]]}},{"type":"Feature","id":"gebouw/Gebouw.16295890/0","properties":{"source":"Digitaal Vlaanderen Gebouwenregister","source_id":"gebouw/Gebouw.16295890/0","kind":"building","height_m":6.44,"status":null},"geometry":{"type":"Polygon","coordinates":[[[4.02235497,50.96698096],[4.02223342,50.96698743],[4.02225144,50.96690718],[4.02227254,50.96687128],[4.02226288,50.96686926],[4.02229353,50.96681664],[4.02230341,50.96681876],[4.02231036,50.96682025],[4.02229895,50.96683729],[4.02229572,50.96684416],[4.02229165,50.96686589],[4.02229456,50.96688772],[4.02229678,50.96690431],[4.02233942,50.96690204],[4.02234439,50.96690177],[4.02235497,50.96698096]]]}},{"type":"Feature","id":"gebouw/Gebouw.16297722/0","properties":{"source":"Digitaal Vlaanderen Gebouwenregister","source_id":"gebouw/Gebouw.16297722/0","kind":"building","height_m":5.0,"status":null},"geometry":{"type":"Polygon","coordinates":[[[4.026193,50.96269245],[4.02616205,50.96271495],[4.02604979,50.96279653],[4.02593038,50.96273062],[4.02604483,50.96264793],[4.02607406,50.96262681],[4.02615016,50.96266881],[4.02618644,50.96264212],[4.0262215,50.96266113],[4.02618495,50.96268801],[4.026193,50.96269245]]]}},{"type":"Feature","id":"gebouw/Gebouw.16300475/0","properties":{"source":"Digitaal Vlaanderen Gebouwenregister","source_id":"gebouw/Gebouw.16300475/0","kind":"building","height_m":6.44,"status":null},"geometry":{"type":"Polygon","coordinates":[[[4.02366174,50.96688904],[4.023894,50.96701584],[4.02381853,50.96707034],[4.02355531,50.96692796],[4.02363092,50.96687222],[4.02366174,50.96688904]]]}},{"type":"Feature","id":"gebouw/Gebouw.16300490/0","properties":{"source":"Digitaal Vlaanderen Gebouwenregister","source_id":"gebouw/Gebouw.16300490/0","kind":"building","height_m":7.16,"status":null},"geometry":{"type":"Polygon","coordinates":[[[4.01849865,50.96855627],[4.01844361,50.96858568],[4.01843471,50.96857904],[4.01839753,50.96859895],[4.01846254,50.96864707],[4.01838726,50.96868709],[4.01816641,50.96851373],[4.01820139,50.96849501],[4.01829378,50.96856384],[4.0183502,50.96853365],[4.01833798,50.96852454],[4.01840682,50.96848775],[4.01849865,50.96855627]]]}},{"type":"Feature","id":"gebouw/Gebouw.16300830/0","properties":{"source":"Digitaal Vlaanderen Gebouwenregister","source_id":"gebouw/Gebouw.16300830/0","kind":"building","height_m":5.0,"status":null},"geometry":{"type":"Polygon","coordinates":[[[4.02376003,50.96362989],[4.02372165,50.96367338],[4.02375116,50.96368522],[4.02379318,50.96364301],[4.02376003,50.96362989]]]}},{"type":"Feature","id":"gebouw/Gebouw.16301071/0","properties":{"source":"Digitaal Vlaanderen Gebouwenregister","source_id":"gebouw/Gebouw.16301071/0","kind":"building","height_m":7.16,"status":null},"geometry":{"type":"Polygon","coordinates":[[[4.01611995,50.96505491],[4.01624442,50.9651173],[4.01622806,50.96513162],[4.01610408,50.9650683],[4.01611995,50.96505491]]]}},{"type":"Feature","id":"gebouw/Gebouw.16301232/0","properties":{"source":"Digitaal Vlaanderen Gebouwenregister","source_id":"gebouw/Gebouw.16301232/0","kind":"building","height_m":7.16,"status":null},"geometry":{"type":"Polygon","coordinates":[[[4.0190256,50.96820394],[4.01892833,50.96827539],[4.0189553,50.96828997],[4.01891287,50.96832125],[4.01878452,50.96825185],[4.01892447,50.96814905],[4.0190256,50.96820394]]]}},{"type":"Feature","id":"gebouw/Gebouw.16303638/0","properties":{"source":"Digitaal Vlaanderen Gebouwenregister","source_id":"gebouw/Gebouw.16303638/0","kind":"building","height_m":5.72,"status":null},"geometry":{"type":"Polygon","coordinates":[[[4.02058011,50.96300011],[4.02056038,50.96303125],[4.02044192,50.96299992],[4.0204684,50.96297153],[4.02055611,50.96299397],[4.02058011,50.96300011]]]}},{"type":"Feature","id":"gebouw/Gebouw.16305764/0","properties":{"source":"Digitaal Vlaanderen Gebouwenregister","source_id":"gebouw/Gebouw.16305764/0","kind":"building","height_m":9.32,"status":null},"geometry":{"type":"Polygon","coordinates":[[[4.01757366,50.96428902],[4.01753779,50.96430744],[4.01750435,50.96428146],[4.01753949,50.96426344],[4.01757366,50.96428902]]]}},{"type":"Feature","id":"gebouw/Gebouw.16308104/0","properties":{"source":"Digitaal Vlaanderen Gebouwenregister","source_id":"gebouw/Gebouw.16308104/0","kind":"building","height_m":5.72,"status":null},"geometry":{"type":"Polygon","coordinates":[[[4.02592981,50.96452079],[4.02589879,50.96453855],[4.0259261,50.96455807],[4.02585346,50.96459934],[4.02579264,50.96455706],[4.02586589,50.96451503],[4.02589639,50.96449755],[4.02592981,50.96452079]]]}},{"type":"Feature","id":"gebouw/Gebouw.16310617/0","properties":{"source":"Digitaal Vlaanderen Gebouwenregister","source_id":"gebouw/Gebouw.16310617/0","kind":"building","height_m":5.72,"status":null},"geometry":{"type":"Polygon","coordinates":[[[4.01972711,50.96298967],[4.019662,50.9630425],[4.01958961,50.96300122],[4.01959442,50.96299785],[4.01953715,50.96296942],[4.01950429,50.96295311],[4.01955248,50.96291126],[4.01964501,50.96295281],[4.01972711,50.96298967]]]}},{"type":"Feature","id":"gebouw/Gebouw.16313579/0","properties":{"source":"Digitaal Vlaanderen Gebouwenregister","source_id":"gebouw/Gebouw.16313579/0","kind":"building","height_m":6.44,"status":null},"geometry":{"type":"Polygon","coordinates":[[[4.01948441,50.96839787],[4.01949907,50.96838665],[4.01956774,50.96842245],[4.01958112,50.96843801],[4.0195825,50.96844702],[4.01957484,50.96845846],[4.01955404,50.9684676],[4.01953557,50.96846905],[4.01950174,50.96845096],[4.01946963,50.9684749],[4.01937834,50.96842608],[4.01936761,50.96843407],[4.01930258,50.9683993],[4.01931565,50.96838956],[4.01928871,50.96837515],[4.01934962,50.96832974],[4.01935306,50.96833138],[4.0194146,50.96828407],[4.01941242,50.96828291],[4.01958301,50.9681554],[4.01966533,50.96819887],[4.01965759,50.96820906],[4.01986089,50.96832673],[4.01981678,50.96836001],[4.01972978,50.96830888],[4.01971328,50.96832008],[4.0196119,50.96826467],[4.01951004,50.96833945],[4.01948636,50.96832574],[4.01942921,50.96836835],[4.01948441,50.96839787]]]}},{"type":"Feature","id":"gebouw/Gebouw.16315030/0","properties":{"source":"Digitaal Vlaanderen Gebouwenregister","source_id":"gebouw/Gebouw.16315030/0","kind":"building","height_m":7.88,"status":null},"geometry":{"type":"Polygon","coordinates":[[[4.01945607,50.9631964],[4.01940568,50.96322733],[4.01928586,50.96314786],[4.01930548,50.96313606],[4.01926029,50.96310867],[4.01926374,50.9631064],[4.01923345,50.96308804],[4.01926147,50.96306968],[4.01930104,50.96309545],[4.01945607,50.9631964]]]}},{"type":"Feature","id":"gebouw/Gebouw.16315918/0","properties":{"source":"Digitaal Vlaanderen Gebouwenregister","source_id":"gebouw/Gebouw.16315918/0","kind":"building","height_m":7.16,"status":null},"geometry":{"type":"Polygon","coordinates":[[[4.02300595,50.96326019],[4.02301084,50.96326238],[4.02296457,50.96331019],[4.02293121,50.96329732],[4.02302172,50.9632038],[4.0230494,50.96321424],[4.02300595,50.96326019]]]}},{"type":"Feature","id":"gebouw/Gebouw.16318022/0","properties":{"source":"Digitaal Vlaanderen Gebouwenregister","source_id":"gebouw/Gebouw.16318022/0","kind":"building","height_m":5.0,"status":null},"geometry":{"type":"Polygon","coordinates":[[[4.01994121,50.96308783],[4.02012459,50.96315545],[4.0200964,50.96318626],[4.02003485,50.96316381],[4.02000645,50.96319388],[4.01988379,50.96314914],[4.01994121,50.96308783]]]}},{"type":"Feature","id":"gebouw/Gebouw.16318074/0","properties":{"source":"Digitaal Vlaanderen Gebouwenregister","source_id":"gebouw/Gebouw.16318074/0","kind":"building","height_m":7.16,"status":null},"geometry":{"type":"Polygon","coordinates":[[[4.02509069,50.9661742],[4.0250877,50.96617732],[4.02494309,50.96612191],[4.02497363,50.96609013],[4.02500383,50.9661018],[4.02505696,50.96604642],[4.02517131,50.96609017],[4.02516868,50.96609291],[4.02509069,50.9661742]]]}},{"type":"Feature","id":"gebouw/Gebouw.16320481/0","properties":{"source":"Digitaal Vlaanderen Gebouwenregister","source_id":"gebouw/Gebouw.16320481/0","kind":"building","height_m":6.44,"status":null},"geometry":{"type":"Polygon","coordinates":[[[4.02454148,50.96284551],[4.02450288,50.9629081],[4.02449233,50.96290513],[4.02438501,50.96287491],[4.02442389,50.96281194],[4.02443174,50.96281425],[4.02444046,50.96281682],[4.02445021,50.96280363],[4.02447685,50.96281148],[4.02448768,50.96279682],[4.02451885,50.96280601],[4.02453554,50.96278343],[4.02457296,50.96279446],[4.02453848,50.96284468],[4.02454148,50.96284551]]]}},{"type":"Feature","id":"gebouw/Gebouw.16328254/0","properties":{"source":"Digitaal Vlaanderen Gebouwenregister","source_id":"gebouw/Gebouw.16328254/0","kind":"building","height_m":8.6,"status":null},"geometry":{"type":"Polygon","coordinates":[[[4.02388526,50.96638198],[4.02394322,50.96634484],[4.02405059,50.96641165],[4.0240447,50.96641542],[4.02404065,50.96641289],[4.02397969,50.96645194],[4.02398881,50.96645763],[4.02390866,50.96650896],[4.02379114,50.9664358],[4.02388013,50.96637878],[4.02388526,50.96638198]]]}},{"type":"Feature","id":"gebouw/Gebouw.16331071/0","properties":{"source":"Digitaal Vlaanderen Gebouwenregister","source_id":"gebouw/Gebouw.16331071/0","kind":"building","height_m":5.72,"status":null},"geometry":{"type":"Polygon","coordinates":[[[4.01913204,50.96226734],[4.0190958,50.96230526],[4.01902416,50.96227795],[4.0190604,50.96224003],[4.01913204,50.96226734]]]}},{"type":"Feature","id":"gebouw/Gebouw.16333877/0","properties":{"source":"Digitaal Vlaanderen Gebouwenregister","source_id":"gebouw/Gebouw.16333877/0","kind":"building","height_m":5.0,"status":null},"geometry":{"type":"Polygon","coordinates":[[[4.01688008,50.96391678],[4.01671988,50.96383994],[4.01678427,50.96378641],[4.01694446,50.96386325],[4.01688008,50.96391678]]]}},{"type":"Feature","id":"gebouw/Gebouw.16334307/0","properties":{"source":"Digitaal Vlaanderen Gebouwenregister","source_id":"gebouw/Gebouw.16334307/0","kind":"building","height_m":7.16,"status":null},"geometry":{"type":"Polygon","coordinates":[[[4.01743112,50.96435958],[4.01734049,50.96428013],[4.01737099,50.96426625],[4.01746163,50.96434571],[4.01743112,50.96435958]]]}},{"type":"Feature","id":"gebouw/Gebouw.16338641/0","properties":{"source":"Digitaal Vlaanderen Gebouwenregister","source_id":"gebouw/Gebouw.16338641/0","kind":"building","height_m":7.88,"status":null},"geometry":{"type":"Polygon","coordinates":[[[4.02328492,50.96717678],[4.02325301,50.96715563],[4.02330679,50.96712805],[4.02324835,50.9670839],[4.02328417,50.96706902],[4.02336739,50.96713429],[4.02328492,50.96717678]]]}},{"type":"Feature","id":"gebouw/Gebouw.16346835/0","properties":{"source":"Digitaal Vlaanderen Gebouwenregister","source_id":"gebouw/Gebouw.16346835/0","kind":"building","height_m":5.72,"status":null},"geometry":{"type":"Polygon","coordinates":[[[4.02351423,50.96623734],[4.02356111,50.96624797],[4.02354021,50.96628496],[4.02349329,50.96627441],[4.02351423,50.96623734]]]}},{"type":"Feature","id":"gebouw/Gebouw.16350105/0","properties":{"source":"Digitaal Vlaanderen Gebouwenregister","source_id":"gebouw/Gebouw.16350105/0","kind":"building","height_m":6.44,"status":null},"geometry":{"type":"Polygon","coordinates":[[[4.02008366,50.96343861],[4.02012798,50.9633907],[4.02022261,50.96342562],[4.02017774,50.96347386],[4.0201979,50.96348133],[4.0201639,50.96351789],[4.02018092,50.96351985],[4.02019504,50.96352716],[4.02020101,50.96353806],[4.02019685,50.96354956],[4.02018293,50.96355676],[4.02016534,50.9635584],[4.0201495,50.96355471],[4.02014095,50.9635505],[4.02013611,50.96354521],[4.02013355,50.96354802],[4.02006948,50.96352478],[4.02003099,50.96356638],[4.01994807,50.96353578],[4.0200496,50.96342604],[4.02008366,50.96343861]]]}},{"type":"Feature","id":"gebouw/Gebouw.16352577/0","properties":{"source":"Digitaal Vlaanderen Gebouwenregister","source_id":"gebouw/Gebouw.16352577/0","kind":"building","height_m":7.16,"status":null},"geometry":{"type":"Polygon","coordinates":[[[4.02529198,50.96328157],[4.0253147,50.96325393],[4.02540606,50.96328361],[4.02538257,50.9633123],[4.02529198,50.96328157]]]}},{"type":"Feature","id":"gebouw/Gebouw.16352882/0","properties":{"source":"Digitaal Vlaanderen Gebouwenregister","source_id":"gebouw/Gebouw.16352882/0","kind":"building","height_m":5.0,"status":null},"geometry":{"type":"Polygon","coordinates":[[[4.02330293,50.96306299],[4.02328135,50.96306748],[4.02328938,50.96308248],[4.02325364,50.96309049],[4.02322258,50.96302443],[4.02327674,50.96301392],[4.02330293,50.96306299]]]}},{"type":"Feature","id":"gebouw/Gebouw.16359506/0","properties":{"source":"Digitaal Vlaanderen Gebouwenregister","source_id":"gebouw/Gebouw.16359506/0","kind":"building","height_m":6.44,"status":null},"geometry":{"type":"Polygon","coordinates":[[[4.01907797,50.96764053],[4.01903262,50.96761695],[4.01902961,50.96761902],[4.01896968,50.96766032],[4.0189926,50.96767358],[4.01897813,50.96768355],[4.01899528,50.96769352],[4.01901077,50.96768361],[4.01907247,50.96764413],[4.01907797,50.96764053]]]}},{"type":"Feature","id":"gebouw/Gebouw.16370527/0","properties":{"source":"Digitaal Vlaanderen Gebouwenregister","source_id":"gebouw/Gebouw.16370527/0","kind":"building","height_m":8.6,"status":null},"geometry":{"type":"Polygon","coordinates":[[[4.02367845,50.96297408],[4.0236877,50.96297237],[4.02372805,50.96305954],[4.02371525,50.96306228],[4.0237234,50.96307366],[4.02366739,50.96313879],[4.02362836,50.9631253],[4.02367749,50.96306844],[4.02366354,50.96304061],[4.02363472,50.9629831],[4.02363066,50.96297499],[4.02367437,50.96296661],[4.02367845,50.96297408]]]}},{"type":"Feature","id":"gebouw/Gebouw.16373370/0","properties":{"source":"Digitaal Vlaanderen Gebouwenregister","source_id":"gebouw/Gebouw.16373370/0","kind":"building","height_m":9.32,"status":null},"geometry":{"type":"Polygon","coordinates":[[[4.02048438,50.96532471],[4.02041299,50.96536771],[4.02036749,50.96533756],[4.02043887,50.96529455],[4.02048438,50.96532471]]]}},{"type":"Feature","id":"gebouw/Gebouw.16373499/0","properties":{"source":"Digitaal Vlaanderen Gebouwenregister","source_id":"gebouw/Gebouw.16373499/0","kind":"building","height_m":6.44,"status":null},"geometry":{"type":"Polygon","coordinates":[[[4.02035487,50.96341258],[4.02028025,50.96338513],[4.02023598,50.96343311],[4.0203106,50.96346056],[4.02035487,50.96341258]]]}},{"type":"Feature","id":"gebouw/Gebouw.16381335/0","properties":{"source":"Digitaal Vlaanderen Gebouwenregister","source_id":"gebouw/Gebouw.16381335/0","kind":"building","height_m":8.6,"status":null},"geometry":{"type":"Polygon","coordinates":[[[4.01681357,50.96451092],[4.01674972,50.96455813],[4.01653787,50.96444387],[4.01655862,50.96442852],[4.01655903,50.9644282],[4.01655965,50.96442774],[4.01656031,50.9644273],[4.016561,50.96442688],[4.01656172,50.96442648],[4.01656246,50.96442611],[4.01656324,50.96442575],[4.01656404,50.96442543],[4.01656487,50.96442512],[4.01656572,50.96442484],[4.01656659,50.96442459],[4.01656747,50.96442436],[4.01656838,50.96442416],[4.01656929,50.96442399],[4.01657022,50.96442384],[4.01657116,50.96442372],[4.01657211,50.96442363],[4.01657306,50.96442357],[4.01657401,50.96442354],[4.01657497,50.96442354],[4.01657593,50.96442356],[4.01657688,50.96442362],[4.01657783,50.9644237],[4.01657877,50.96442381],[4.0165797,50.96442395],[4.01658062,50.96442412],[4.01658153,50.96442431],[4.01658242,50.96442453],[4.01658329,50.96442478],[4.01658414,50.96442506],[4.01658497,50.96442536],[4.01658578,50.96442568],[4.01658656,50.96442603],[4.01658732,50.9644264],[4.01658805,50.96442679],[4.01658874,50.96442721],[4.0166029,50.96441708],[4.01658583,50.96440757],[4.01658497,50.96440701],[4.01658447,50.96440663],[4.01658399,50.96440623],[4.01658356,50.96440581],[4.01658316,50.96440538],[4.01658281,50.96440494],[4.0165825,50.96440448],[4.01658222,50.96440401],[4.01658199,50.96440354],[4.01658181,50.96440305],[4.01658167,50.96440256],[4.01658157,50.96440207],[4.01658152,50.96440157],[4.01658152,50.96440107],[4.01658156,50.96440057],[4.01658165,50.96440008],[4.01658178,50.96439959],[4.01658196,50.9643991],[4.01658218,50.96439862],[4.01658244,50.96439815],[4.01658275,50.96439769],[4.01658309,50.96439725],[4.01658348,50.96439681],[4.01658391,50.96439639],[4.01658437,50.96439599],[4.01658487,50.96439561],[4.01658541,50.96439524],[4.01662926,50.96436305],[4.01674184,50.96441995],[4.01671504,50.96443977],[4.01675615,50.96446194],[4.01674206,50.96447235],[4.01681357,50.96451092]]]}},{"type":"Feature","id":"gebouw/Gebouw.16381681/0","properties":{"source":"Digitaal Vlaanderen Gebouwenregister","source_id":"gebouw/Gebouw.16381681/0","kind":"building","height_m":5.72,"status":null},"geometry":{"type":"Polygon","coordinates":[[[4.02407428,50.96735826],[4.02404914,50.96734192],[4.02410135,50.9673099],[4.02412649,50.96732624],[4.02407428,50.96735826]]]}},{"type":"Feature","id":"gebouw/Gebouw.16387650/0","properties":{"source":"Digitaal Vlaanderen Gebouwenregister","source_id":"gebouw/Gebouw.16387650/0","kind":"building","height_m":9.32,"status":null},"geometry":{"type":"Polygon","coordinates":[[[4.02566387,50.9627675],[4.02556889,50.96284677],[4.02553407,50.96283027],[4.02555231,50.96281493],[4.02551693,50.96279816],[4.02556619,50.96275704],[4.02559444,50.96273346],[4.02566387,50.9627675]]]}},{"type":"Feature","id":"gebouw/Gebouw.16390287/0","properties":{"source":"Digitaal Vlaanderen Gebouwenregister","source_id":"gebouw/Gebouw.16390287/0","kind":"building","height_m":7.88,"status":null},"geometry":{"type":"Polygon","coordinates":[[[4.01977232,50.96294376],[4.01967928,50.96291212],[4.01961023,50.96288863],[4.01957691,50.96287543],[4.01959025,50.962862],[4.01960292,50.96284925],[4.01952034,50.96281333],[4.01955429,50.96278221],[4.01981846,50.96289874],[4.019807,50.96291043],[4.01980573,50.96291029],[4.01977232,50.96294376]]]}},{"type":"Feature","id":"gebouw/Gebouw.16390399/0","properties":{"source":"Digitaal Vlaanderen Gebouwenregister","source_id":"gebouw/Gebouw.16390399/0","kind":"building","height_m":7.88,"status":null},"geometry":{"type":"Polygon","coordinates":[[[4.02023474,50.96303518],[4.02020332,50.96306854],[4.02014533,50.96304676],[4.02011982,50.96307434],[4.01999682,50.96302842],[4.02005313,50.96296914],[4.02023474,50.96303518]]]}},{"type":"Feature","id":"gebouw/Gebouw.16390470/0","properties":{"source":"Digitaal Vlaanderen Gebouwenregister","source_id":"gebouw/Gebouw.16390470/0","kind":"building","height_m":8.6,"status":null},"geometry":{"type":"Polygon","coordinates":[[[4.02440718,50.96268847],[4.0243888,50.96271233],[4.02437955,50.96272433],[4.02434125,50.9627138],[4.02430995,50.96270519],[4.02432072,50.96269076],[4.02430417,50.96268584],[4.0243397,50.96263508],[4.02434232,50.96263592],[4.0244268,50.96266299],[4.02442084,50.96267073],[4.02440718,50.96268847]]]}},{"type":"Feature","id":"gebouw/Gebouw.16397797/0","properties":{"source":"Digitaal Vlaanderen Gebouwenregister","source_id":"gebouw/Gebouw.16397797/0","kind":"building","height_m":7.16,"status":null},"geometry":{"type":"Polygon","coordinates":[[[4.02302117,50.96694444],[4.02293224,50.96694925],[4.0229308,50.96693859],[4.02291023,50.96678669],[4.02299926,50.96678266],[4.02302117,50.96694444]]]}},{"type":"Feature","id":"gebouw/Gebouw.16397977/0","properties":{"source":"Digitaal Vlaanderen Gebouwenregister","source_id":"gebouw/Gebouw.16397977/0","kind":"building","height_m":5.72,"status":null},"geometry":{"type":"Polygon","coordinates":[[[4.02238918,50.96667284],[4.0223455,50.96674715],[4.02222863,50.96671918],[4.02224979,50.96668391],[4.02220761,50.96667382],[4.0221604,50.96666252],[4.02219115,50.96661643],[4.02223515,50.96662696],[4.022241,50.96661701],[4.02227516,50.96662518],[4.02226914,50.9666352],[4.02226419,50.96664345],[4.02226017,50.96665014],[4.02227435,50.96665354],[4.02227761,50.96664661],[4.02238918,50.96667284]]]}},{"type":"Feature","id":"gebouw/Gebouw.16398251/0","properties":{"source":"Digitaal Vlaanderen Gebouwenregister","source_id":"gebouw/Gebouw.16398251/0","kind":"building","height_m":6.44,"status":null},"geometry":{"type":"Polygon","coordinates":[[[4.02219365,50.9627987],[4.02221728,50.96276799],[4.02225874,50.96277989],[4.02223599,50.96281104],[4.02219365,50.9627987]]]}},{"type":"Feature","id":"gebouw/Gebouw.16403377/0","properties":{"source":"Digitaal Vlaanderen Gebouwenregister","source_id":"gebouw/Gebouw.16403377/0","kind":"building","height_m":7.88,"status":null},"geometry":{"type":"Polygon","coordinates":[[[4.02625409,50.96338534],[4.02623613,50.96340175],[4.02619644,50.9633843],[4.02622241,50.96336194],[4.02615827,50.96333418],[4.026269,50.96323785],[4.02629486,50.96324946],[4.02629726,50.96324729],[4.02637668,50.96328263],[4.02635697,50.96330013],[4.02636065,50.96330248],[4.02626424,50.96338004],[4.02626118,50.96337872],[4.02625409,50.96338534]]]}},{"type":"Feature","id":"gebouw/Gebouw.16403816/0","properties":{"source":"Digitaal Vlaanderen Gebouwenregister","source_id":"gebouw/Gebouw.16403816/0","kind":"building","height_m":6.44,"status":null},"geometry":{"type":"Polygon","coordinates":[[[4.01852298,50.96326694],[4.01857291,50.96323519],[4.01865894,50.96329316],[4.01860587,50.96332458],[4.01852337,50.96326721],[4.01852298,50.96326694]]]}},{"type":"Feature","id":"gebouw/Gebouw.16406208/0","properties":{"source":"Digitaal Vlaanderen Gebouwenregister","source_id":"gebouw/Gebouw.16406208/0","kind":"building","height_m":5.0,"status":null},"geometry":{"type":"Polygon","coordinates":[[[4.02335911,50.96663374],[4.0233808,50.96661632],[4.02345171,50.96665154],[4.02344612,50.96665603],[4.02351406,50.96668977],[4.02343231,50.96675541],[4.02328967,50.96668457],[4.02326742,50.96670243],[4.02323068,50.96668418],[4.02325297,50.96666628],[4.02324455,50.9666621],[4.02331016,50.96660943],[4.02335911,50.96663374]]]}},{"type":"Feature","id":"gebouw/Gebouw.16406268/0","properties":{"source":"Digitaal Vlaanderen Gebouwenregister","source_id":"gebouw/Gebouw.16406268/0","kind":"building","height_m":7.88,"status":null},"geometry":{"type":"Polygon","coordinates":[[[4.01986264,50.96285271],[4.0196906,50.96277732],[4.01968642,50.96278121],[4.01959669,50.96274276],[4.01955429,50.96278221],[4.01981846,50.96289874],[4.01986264,50.96285271]]]}},{"type":"Feature","id":"gebouw/Gebouw.16408055/0","properties":{"source":"Digitaal Vlaanderen Gebouwenregister","source_id":"gebouw/Gebouw.16408055/0","kind":"building","height_m":9.32,"status":null},"geometry":{"type":"Polygon","coordinates":[[[4.02435471,50.96248147],[4.02432115,50.96251761],[4.02434778,50.96252778],[4.02429988,50.96257629],[4.02427604,50.96258519],[4.02426403,50.96260015],[4.02424901,50.96259529],[4.02414249,50.96255746],[4.02425028,50.96244244],[4.02435471,50.96248147]]]}},{"type":"Feature","id":"gebouw/Gebouw.16410992/0","properties":{"source":"Digitaal Vlaanderen Gebouwenregister","source_id":"gebouw/Gebouw.16410992/0","kind":"building","height_m":7.16,"status":null},"geometry":{"type":"Polygon","coordinates":[[[4.01990332,50.96273762],[4.01985454,50.96278117],[4.01974747,50.96273367],[4.01965429,50.96269233],[4.01968488,50.96266502],[4.0197289,50.96268468],[4.01977955,50.96270731],[4.01979795,50.96269088],[4.01990332,50.96273762]]]}},{"type":"Feature","id":"gebouw/Gebouw.16411039/0","properties":{"source":"Digitaal Vlaanderen Gebouwenregister","source_id":"gebouw/Gebouw.16411039/0","kind":"building","height_m":5.72,"status":null},"geometry":{"type":"Polygon","coordinates":[[[4.01867051,50.96325456],[4.01863191,50.96324345],[4.01865306,50.96321415],[4.01869166,50.96322525],[4.01867051,50.96325456]]]}},{"type":"Feature","id":"gebouw/Gebouw.16416964/0","properties":{"source":"Digitaal Vlaanderen Gebouwenregister","source_id":"gebouw/Gebouw.16416964/0","kind":"building","height_m":7.88,"status":null},"geometry":{"type":"Polygon","coordinates":[[[4.02580499,50.96253496],[4.0259348,50.96261332],[4.02581495,50.96269767],[4.02570223,50.9626284],[4.02576917,50.96256754],[4.02580499,50.96253496]]]}},{"type":"Feature","id":"gebouw/Gebouw.16417115/0","properties":{"source":"Digitaal Vlaanderen Gebouwenregister","source_id":"gebouw/Gebouw.16417115/0","kind":"building","height_m":5.72,"status":null},"geometry":{"type":"Polygon","coordinates":[[[4.02327523,50.96259554],[4.02325889,50.96257028],[4.02330329,50.96255888],[4.02331964,50.96258415],[4.02327523,50.96259554]]]}},{"type":"Feature","id":"gebouw/Gebouw.16421540/0","properties":{"source":"Digitaal Vlaanderen Gebouwenregister","source_id":"gebouw/Gebouw.16421540/0","kind":"building","height_m":6.44,"status":null},"geometry":{"type":"Polygon","coordinates":[[[4.02486437,50.96580018],[4.02480072,50.96584576],[4.02477143,50.96582952],[4.02475488,50.9658413],[4.02476654,50.96584779],[4.0247334,50.96587151],[4.02458407,50.9657883],[4.02458949,50.96578442],[4.02457499,50.96577634],[4.02459318,50.96576332],[4.02458883,50.96576089],[4.02462512,50.96573492],[4.02458999,50.96571534],[4.02463641,50.96568213],[4.02467154,50.9657017],[4.02467853,50.9656967],[4.02486437,50.96580018]]]}},{"type":"Feature","id":"gebouw/Gebouw.16427310/0","properties":{"source":"Digitaal Vlaanderen Gebouwenregister","source_id":"gebouw/Gebouw.16427310/0","kind":"building","height_m":7.88,"status":null},"geometry":{"type":"Polygon","coordinates":[[[4.02581796,50.96485809],[4.02570424,50.96477933],[4.02580598,50.9647206],[4.02597168,50.96484214],[4.02589994,50.96488345],[4.02584274,50.96484383],[4.02581796,50.96485809]]]}},{"type":"Feature","id":"gebouw/Gebouw.16428147/0","properties":{"source":"Digitaal Vlaanderen Gebouwenregister","source_id":"gebouw/Gebouw.16428147/0","kind":"building","height_m":5.72,"status":null},"geometry":{"type":"Polygon","coordinates":[[[4.02525321,50.96320121],[4.02523313,50.96322654],[4.02508686,50.96318028],[4.02512919,50.96312691],[4.02535263,50.96320271],[4.02533375,50.96322668],[4.02525321,50.96320121]]]}},{"type":"Feature","id":"gebouw/Gebouw.16430134/0","properties":{"source":"Digitaal Vlaanderen Gebouwenregister","source_id":"gebouw/Gebouw.16430134/0","kind":"building","height_m":5.0,"status":null},"geometry":{"type":"Polygon","coordinates":[[[4.02295678,50.96721591],[4.02280644,50.96730608],[4.02278059,50.9672889],[4.02273158,50.96731829],[4.02268039,50.96728426],[4.02266423,50.96729395],[4.0225538,50.96722054],[4.02258261,50.96720326],[4.02261051,50.96720395],[4.02262442,50.96719562],[4.02261068,50.96718648],[4.02263235,50.96717353],[4.02262252,50.96716699],[4.02268894,50.96712722],[4.02278612,50.96719195],[4.02276444,50.96720493],[4.02279305,50.96722395],[4.02288532,50.96716861],[4.02289157,50.96717275],[4.022951,50.96721208],[4.02295678,50.96721591]]]}},{"type":"Feature","id":"gebouw/Gebouw.16432730/0","properties":{"source":"Digitaal Vlaanderen Gebouwenregister","source_id":"gebouw/Gebouw.16432730/0","kind":"building","height_m":9.32,"status":null},"geometry":{"type":"Polygon","coordinates":[[[4.02436308,50.96610336],[4.02442448,50.96613655],[4.02434837,50.96619271],[4.0242294,50.96612841],[4.02410474,50.96622012],[4.02422335,50.96628467],[4.02416099,50.96633035],[4.02394956,50.96621527],[4.02419843,50.96603166],[4.02434956,50.96611334],[4.02436308,50.96610336]]]}},{"type":"Feature","id":"gebouw/Gebouw.16432877/0","properties":{"source":"Digitaal Vlaanderen Gebouwenregister","source_id":"gebouw/Gebouw.16432877/0","kind":"building","height_m":9.32,"status":null},"geometry":{"type":"Polygon","coordinates":[[[4.02472606,50.96296893],[4.02467808,50.96295585],[4.02458148,50.96292952],[4.02450288,50.9629081],[4.02454148,50.96284551],[4.0245486,50.96283396],[4.0245918,50.96284669],[4.02463292,50.96279106],[4.02466339,50.96279943],[4.02472065,50.96281515],[4.02467898,50.96287163],[4.02472344,50.96288463],[4.02474049,50.96285755],[4.02478928,50.96287185],[4.02480928,50.96283947],[4.02484049,50.96284804],[4.02482613,50.96287388],[4.02479795,50.96292459],[4.02476289,50.96291503],[4.02472606,50.96296893]]]}},{"type":"Feature","id":"gebouw/Gebouw.16432918/0","properties":{"source":"Digitaal Vlaanderen Gebouwenregister","source_id":"gebouw/Gebouw.16432918/0","kind":"building","height_m":8.6,"status":null},"geometry":{"type":"Polygon","coordinates":[[[4.02672062,50.96343116],[4.02672408,50.96342843],[4.0267297,50.96343138],[4.0268008,50.96337387],[4.0266933,50.96332454],[4.02659333,50.9634116],[4.0266782,50.96345095],[4.02668623,50.96345467],[4.02672062,50.96343116]]]}},{"type":"Feature","id":"gebouw/Gebouw.16438579/0","properties":{"source":"Digitaal Vlaanderen Gebouwenregister","source_id":"gebouw/Gebouw.16438579/0","kind":"building","height_m":7.16,"status":null},"geometry":{"type":"Polygon","coordinates":[[[4.02529691,50.96649093],[4.02524767,50.96646591],[4.02529495,50.96642882],[4.02534418,50.96645384],[4.02529691,50.96649093]]]}},{"type":"Feature","id":"gebouw/Gebouw.16438765/0","properties":{"source":"Digitaal Vlaanderen Gebouwenregister","source_id":"gebouw/Gebouw.16438765/0","kind":"building","height_m":5.0,"status":null},"geometry":{"type":"Polygon","coordinates":[[[4.02172384,50.96695395],[4.02181148,50.96680669],[4.02188501,50.96682414],[4.02179737,50.9669714],[4.02172384,50.96695395]]]}},{"type":"Feature","id":"gebouw/Gebouw.16443490/0","properties":{"source":"Digitaal Vlaanderen Gebouwenregister","source_id":"gebouw/Gebouw.16443490/0","kind":"building","height_m":5.0,"status":null},"geometry":{"type":"Polygon","coordinates":[[[4.01726596,50.96867597],[4.01731494,50.96865029],[4.01735954,50.9686842],[4.01731056,50.96870989],[4.01726596,50.96867597]]]}},{"type":"Feature","id":"gebouw/Gebouw.16446903/0","properties":{"source":"Digitaal Vlaanderen Gebouwenregister","source_id":"gebouw/Gebouw.16446903/0","kind":"building","height_m":7.88,"status":null},"geometry":{"type":"Polygon","coordinates":[[[4.02330107,50.96319139],[4.02322441,50.96320617],[4.02318084,50.96311605],[4.02316225,50.96311963],[4.02312529,50.96304318],[4.02322258,50.96302443],[4.02325364,50.96309049],[4.02330107,50.96319139]]]}},{"type":"Feature","id":"gebouw/Gebouw.16449441/0","properties":{"source":"Digitaal Vlaanderen Gebouwenregister","source_id":"gebouw/Gebouw.16449441/0","kind":"building","height_m":5.72,"status":null},"geometry":{"type":"Polygon","coordinates":[[[4.01822626,50.96437218],[4.01820134,50.96435969],[4.01823386,50.96433556],[4.01826034,50.96434806],[4.01827849,50.96435468],[4.01824039,50.96438283],[4.01822626,50.96437218]]]}},{"type":"Feature","id":"gebouw/Gebouw.16449536/0","properties":{"source":"Digitaal Vlaanderen Gebouwenregister","source_id":"gebouw/Gebouw.16449536/0","kind":"building","height_m":8.6,"status":null},"geometry":{"type":"Polygon","coordinates":[[[4.02461663,50.96255243],[4.02456759,50.96264365],[4.02445897,50.96262121],[4.02453066,50.96252813],[4.02456301,50.96253522],[4.0245601,50.96254036],[4.02461663,50.96255243]]]}},{"type":"Feature","id":"gebouw/Gebouw.16453641/0","properties":{"source":"Digitaal Vlaanderen Gebouwenregister","source_id":"gebouw/Gebouw.16453641/0","kind":"building","height_m":5.72,"status":null},"geometry":{"type":"Polygon","coordinates":[[[4.01934938,50.9642192],[4.01932835,50.96420433],[4.01930638,50.9642179],[4.01929829,50.96421239],[4.01919067,50.96413911],[4.01923756,50.9641097],[4.01919436,50.96408109],[4.01918395,50.96408688],[4.01907291,50.96401408],[4.01910281,50.9639957],[4.01902356,50.96394506],[4.01919873,50.96383786],[4.01927423,50.96379165],[4.01927997,50.96378814],[4.01952219,50.96394563],[4.01943383,50.96400276],[4.01944972,50.96401277],[4.01932445,50.96409039],[4.01941488,50.96414851],[4.01943774,50.9641632],[4.01934938,50.9642192]],[[4.01925303,50.96404308],[4.01929966,50.96407413],[4.01940313,50.96401216],[4.0193565,50.96398111],[4.01925303,50.96404308]]]}},{"type":"Feature","id":"gebouw/Gebouw.16454281/0","properties":{"source":"Digitaal Vlaanderen Gebouwenregister","source_id":"gebouw/Gebouw.16454281/0","kind":"building","height_m":7.88,"status":null},"geometry":{"type":"Polygon","coordinates":[[[4.01802438,50.96882944],[4.01805091,50.96881552],[4.01810522,50.96885691],[4.01807844,50.96887096],[4.01802438,50.96882944]]]}},{"type":"Feature","id":"gebouw/Gebouw.16458922/0","properties":{"source":"Digitaal Vlaanderen Gebouwenregister","source_id":"gebouw/Gebouw.16458922/0","kind":"building","height_m":7.88,"status":null},"geometry":{"type":"Polygon","coordinates":[[[4.02443602,50.96589715],[4.02440545,50.96591772],[4.02434199,50.96588013],[4.02437234,50.96585962],[4.02443602,50.96589715]]]}},{"type":"Feature","id":"gebouw/Gebouw.16459562/0","properties":{"source":"Digitaal Vlaanderen Gebouwenregister","source_id":"gebouw/Gebouw.16459562/0","kind":"building","height_m":5.0,"status":null},"geometry":{"type":"Polygon","coordinates":[[[4.02385457,50.96293808],[4.02381195,50.96292426],[4.02383972,50.96289011],[4.02388309,50.96290505],[4.02385457,50.96293808]]]}},{"type":"Feature","id":"gebouw/Gebouw.16464352/0","properties":{"source":"Digitaal Vlaanderen Gebouwenregister","source_id":"gebouw/Gebouw.16464352/0","kind":"building","height_m":6.44,"status":null},"geometry":{"type":"Polygon","coordinates":[[[4.01987701,50.96256769],[4.01986892,50.96257622],[4.01983884,50.96260796],[4.019979,50.96266094],[4.01992711,50.96271569],[4.01942227,50.96248669],[4.01948214,50.96242911],[4.01974467,50.9625287],[4.01975386,50.96251978],[4.01987701,50.96256769]]]}},{"type":"Feature","id":"gebouw/Gebouw.16466767/0","properties":{"source":"Digitaal Vlaanderen Gebouwenregister","source_id":"gebouw/Gebouw.16466767/0","kind":"building","height_m":6.44,"status":null},"geometry":{"type":"Polygon","coordinates":[[[4.02337389,50.96325976],[4.02335098,50.96328621],[4.02329808,50.96326661],[4.02332167,50.96324124],[4.02337389,50.96325976]]]}},{"type":"Feature","id":"gebouw/Gebouw.16467042/0","properties":{"source":"Digitaal Vlaanderen Gebouwenregister","source_id":"gebouw/Gebouw.16467042/0","kind":"building","height_m":7.88,"status":null},"geometry":{"type":"Polygon","coordinates":[[[4.02542674,50.96338892],[4.02541484,50.96340152],[4.02539358,50.9633935],[4.02540477,50.96338166],[4.02539615,50.96337841],[4.02542683,50.96334595],[4.02546416,50.96336002],[4.02543419,50.96339173],[4.02542674,50.96338892]]]}},{"type":"Feature","id":"gebouw/Gebouw.16469002/0","properties":{"source":"Digitaal Vlaanderen Gebouwenregister","source_id":"gebouw/Gebouw.16469002/0","kind":"building","height_m":7.88,"status":null},"geometry":{"type":"Polygon","coordinates":[[[4.02365223,50.96318232],[4.02363262,50.96320679],[4.02359166,50.96319162],[4.02360984,50.96316877],[4.02365223,50.96318232]]]}},{"type":"Feature","id":"gebouw/Gebouw.16477188/0","properties":{"source":"Digitaal Vlaanderen Gebouwenregister","source_id":"gebouw/Gebouw.16477188/0","kind":"building","height_m":5.0,"status":null},"geometry":{"type":"Polygon","coordinates":[[[4.02541831,50.96632484],[4.02537146,50.9663064],[4.02541466,50.96626272],[4.02546148,50.9662812],[4.02541831,50.96632484]]]}},{"type":"Feature","id":"gebouw/Gebouw.16484245/0","properties":{"source":"Digitaal Vlaanderen Gebouwenregister","source_id":"gebouw/Gebouw.16484245/0","kind":"building","height_m":5.72,"status":null},"geometry":{"type":"Polygon","coordinates":[[[4.02557049,50.96256868],[4.02560402,50.96253983],[4.02562575,50.96253512],[4.02565044,50.96254682],[4.02561238,50.9625881],[4.02557049,50.96256868]]]}},{"type":"Feature","id":"gebouw/Gebouw.16487564/0","properties":{"source":"Digitaal Vlaanderen Gebouwenregister","source_id":"gebouw/Gebouw.16487564/0","kind":"building","height_m":6.44,"status":null},"geometry":{"type":"Polygon","coordinates":[[[4.01868078,50.96796314],[4.01865407,50.9679792],[4.01860331,50.96794565],[4.01863001,50.9679296],[4.01868078,50.96796314]]]}},{"type":"Feature","id":"gebouw/Gebouw.16492526/0","properties":{"source":"Digitaal Vlaanderen Gebouwenregister","source_id":"gebouw/Gebouw.16492526/0","kind":"building","height_m":5.72,"status":null},"geometry":{"type":"Polygon","coordinates":[[[4.01824626,50.96759853],[4.01829162,50.96757513],[4.01833911,50.96761184],[4.01829375,50.96763524],[4.01824626,50.96759853]]]}},{"type":"Feature","id":"gebouw/Gebouw.16497210/0","properties":{"source":"Digitaal Vlaanderen Gebouwenregister","source_id":"gebouw/Gebouw.16497210/0","kind":"building","height_m":6.44,"status":null},"geometry":{"type":"Polygon","coordinates":[[[4.02203502,50.96665942],[4.02196851,50.966644],[4.02191798,50.96673092],[4.02193512,50.96673489],[4.02190352,50.96678924],[4.02195289,50.96680069],[4.02198468,50.96674601],[4.02203502,50.96665942]]]}},{"type":"Feature","id":"gebouw/Gebouw.16497570/0","properties":{"source":"Digitaal Vlaanderen Gebouwenregister","source_id":"gebouw/Gebouw.16497570/0","kind":"building","height_m":8.6,"status":null},"geometry":{"type":"Polygon","coordinates":[[[4.02385743,50.96247988],[4.02393253,50.96240935],[4.02398936,50.96243348],[4.02398553,50.96243711],[4.02402365,50.96245331],[4.02402723,50.96244955],[4.0240814,50.96247255],[4.02399137,50.96255714],[4.02389541,50.96251639],[4.02391035,50.96250235],[4.02385743,50.96247988]]]}},{"type":"Feature","id":"gebouw/Gebouw.16502392/0","properties":{"source":"Digitaal Vlaanderen Gebouwenregister","source_id":"gebouw/Gebouw.16502392/0","kind":"building","height_m":7.88,"status":null},"geometry":{"type":"Polygon","coordinates":[[[4.02048074,50.96257195],[4.02042077,50.96263452],[4.02044367,50.96264327],[4.02041104,50.96267731],[4.02033388,50.96264781],[4.02034575,50.96263543],[4.0202863,50.9626127],[4.02036702,50.96252849],[4.02048074,50.96257195]]]}},{"type":"Feature","id":"gebouw/Gebouw.16504723/0","properties":{"source":"Digitaal Vlaanderen Gebouwenregister","source_id":"gebouw/Gebouw.16504723/0","kind":"building","height_m":7.88,"status":null},"geometry":{"type":"Polygon","coordinates":[[[4.01630719,50.96479241],[4.01623508,50.96485049],[4.01603402,50.96475096],[4.01610254,50.96469577],[4.01613601,50.96471234],[4.01620796,50.96465417],[4.01623082,50.96466553],[4.01623279,50.96466397],[4.01624288,50.96466898],[4.01624092,50.96467055],[4.01636034,50.96472983],[4.01636192,50.96473965],[4.01633445,50.96476293],[4.01631599,50.9647644],[4.01629619,50.9647546],[4.0162713,50.96477464],[4.01630719,50.96479241]]]}},{"type":"Feature","id":"gebouw/Gebouw.16507959/0","properties":{"source":"Digitaal Vlaanderen Gebouwenregister","source_id":"gebouw/Gebouw.16507959/0","kind":"building","height_m":9.32,"status":null},"geometry":{"type":"Polygon","coordinates":[[[4.01680209,50.96440046],[4.01680602,50.96439899],[4.01686038,50.96437864],[4.016977,50.96433501],[4.01690319,50.96425691],[4.01676993,50.96430713],[4.01675579,50.96429152],[4.01671166,50.96430803],[4.01679935,50.96440148],[4.01680209,50.96440046]]]}},{"type":"Feature","id":"gebouw/Gebouw.16516122/0","properties":{"source":"Digitaal Vlaanderen Gebouwenregister","source_id":"gebouw/Gebouw.16516122/0","kind":"building","height_m":5.0,"status":null},"geometry":{"type":"Polygon","coordinates":[[[4.01928515,50.9633017],[4.01922298,50.96333958],[4.01918621,50.96331552],[4.0191758,50.96332143],[4.0191053,50.96327401],[4.01908274,50.96325883],[4.01909999,50.96324861],[4.01915743,50.96321456],[4.01916021,50.96321645],[4.01928515,50.9633017]]]}},{"type":"Feature","id":"gebouw/Gebouw.16516173/0","properties":{"source":"Digitaal Vlaanderen Gebouwenregister","source_id":"gebouw/Gebouw.16516173/0","kind":"building","height_m":6.44,"status":null},"geometry":{"type":"Polygon","coordinates":[[[4.02515621,50.96544112],[4.02516531,50.96544529],[4.0251604,50.96544956],[4.02508843,50.96541657],[4.0249689,50.96536177],[4.02501886,50.96531589],[4.02507165,50.96526739],[4.02526889,50.96535534],[4.02521654,50.96540092],[4.02521544,50.96540187],[4.0252057,50.96541035],[4.02519627,50.96540603],[4.02515621,50.96544112]]]}},{"type":"Feature","id":"gebouw/Gebouw.16679838/0","properties":{"source":"Digitaal Vlaanderen Gebouwenregister","source_id":"gebouw/Gebouw.16679838/0","kind":"building","height_m":5.0,"status":null},"geometry":{"type":"Polygon","coordinates":[[[4.02637153,50.96256267],[4.02636047,50.96257075],[4.02635058,50.96257794],[4.02632496,50.96259656],[4.02626778,50.96263811],[4.02625979,50.96264392],[4.02616269,50.96258976],[4.02622962,50.96254112],[4.02623416,50.96253782],[4.02625972,50.96252877],[4.02628965,50.96251816],[4.02637153,50.96256267]]]}},{"type":"Feature","id":"gebouw/Gebouw.16687887/0","properties":{"source":"Digitaal Vlaanderen Gebouwenregister","source_id":"gebouw/Gebouw.16687887/0","kind":"building","height_m":9.32,"status":null},"geometry":{"type":"Polygon","coordinates":[[[4.01978998,50.96231615],[4.01980501,50.96229906],[4.01989407,50.96233157],[4.01987734,50.96234956],[4.01978998,50.96231615]]]}},{"type":"Feature","id":"gebouw/Gebouw.16723409/0","properties":{"source":"Digitaal Vlaanderen Gebouwenregister","source_id":"gebouw/Gebouw.16723409/0","kind":"building","height_m":7.16,"status":null},"geometry":{"type":"Polygon","coordinates":[[[4.02551966,50.9630272],[4.02547305,50.96301188],[4.0254982,50.96298137],[4.02554479,50.96299669],[4.02551966,50.9630272]]]}},{"type":"Feature","id":"gebouw/Gebouw.16777646/0","properties":{"source":"Digitaal Vlaanderen Gebouwenregister","source_id":"gebouw/Gebouw.16777646/0","kind":"building","height_m":7.88,"status":null},"geometry":{"type":"Polygon","coordinates":[[[4.01742013,50.9646184],[4.01738505,50.96459397],[4.01738194,50.96459575],[4.01737651,50.96459197],[4.01734924,50.96457297],[4.01729796,50.96459914],[4.01724968,50.96454764],[4.01738851,50.96447016],[4.01736071,50.96445042],[4.01747704,50.96438509],[4.01752619,50.96441999],[4.01754972,50.96440678],[4.01759212,50.9644369],[4.01748432,50.96449743],[4.01750766,50.96451368],[4.01751665,50.96451995],[4.01744896,50.9645587],[4.017483,50.96458241],[4.01742013,50.9646184]]]}},{"type":"Feature","id":"gebouw/Gebouw.16778291/0","properties":{"source":"Digitaal Vlaanderen Gebouwenregister","source_id":"gebouw/Gebouw.16778291/0","kind":"building","height_m":8.6,"status":null},"geometry":{"type":"Polygon","coordinates":[[[4.01751928,50.96884358],[4.01760957,50.96879998],[4.01764983,50.96883322],[4.01779684,50.96895459],[4.01770655,50.96899819],[4.01755955,50.96887682],[4.01751928,50.96884358]]]}},{"type":"Feature","id":"gebouw/Gebouw.16778433/0","properties":{"source":"Digitaal Vlaanderen Gebouwenregister","source_id":"gebouw/Gebouw.16778433/0","kind":"building","height_m":5.0,"status":null},"geometry":{"type":"Polygon","coordinates":[[[4.02382348,50.96707371],[4.02385988,50.96704662],[4.02394316,50.96709137],[4.02390355,50.96711723],[4.02387965,50.96710424],[4.02382348,50.96707371]]]}},{"type":"Feature","id":"gebouw/Gebouw.16791422/0","properties":{"source":"Digitaal Vlaanderen Gebouwenregister","source_id":"gebouw/Gebouw.16791422/0","kind":"building","height_m":7.88,"status":null},"geometry":{"type":"Polygon","coordinates":[[[4.02366354,50.96304061],[4.02360801,50.96305052],[4.02360096,50.96303465],[4.02357594,50.96303893],[4.02353576,50.96296476],[4.02358059,50.9629563],[4.02358895,50.96295923],[4.02359056,50.96296223],[4.02361116,50.96295843],[4.02360781,50.96295136],[4.02361587,50.9629498],[4.02361817,50.96295006],[4.02363066,50.96297499],[4.02363472,50.9629831],[4.02366354,50.96304061]]]}},{"type":"Feature","id":"gebouw/Gebouw.16840636/0","properties":{"source":"Digitaal Vlaanderen Gebouwenregister","source_id":"gebouw/Gebouw.16840636/0","kind":"building","height_m":5.72,"status":null},"geometry":{"type":"Polygon","coordinates":[[[4.019728,50.96298877],[4.01972711,50.96298967],[4.01964501,50.96295281],[4.01955248,50.96291126],[4.01951927,50.96289634],[4.01953256,50.96288235],[4.01954775,50.96286404],[4.01957691,50.96287543],[4.01961023,50.96288863],[4.01967928,50.96291212],[4.01977232,50.96294376],[4.019728,50.96298877]]]}},{"type":"Feature","id":"gebouw/Gebouw.16870624/0","properties":{"source":"Digitaal Vlaanderen Gebouwenregister","source_id":"gebouw/Gebouw.16870624/0","kind":"building","height_m":5.72,"status":null},"geometry":{"type":"Polygon","coordinates":[[[4.02468014,50.96320269],[4.02469537,50.96320744],[4.02471142,50.96318686],[4.02465638,50.96316866],[4.02463115,50.96319584],[4.02467501,50.96320925],[4.02468014,50.96320269]]]}},{"type":"Feature","id":"gebouw/Gebouw.16870691/0","properties":{"source":"Digitaal Vlaanderen Gebouwenregister","source_id":"gebouw/Gebouw.16870691/0","kind":"building","height_m":8.6,"status":null},"geometry":{"type":"Polygon","coordinates":[[[4.02515915,50.96586219],[4.02520872,50.96581442],[4.02525732,50.96583449],[4.02526529,50.96582698],[4.02531258,50.96584699],[4.0253065,50.96585272],[4.0253163,50.96585686],[4.02530119,50.96587109],[4.02535037,50.96589191],[4.02533995,50.96590173],[4.02540457,50.96592907],[4.02539971,50.96593366],[4.02540871,50.96593747],[4.02538741,50.96595757],[4.02522632,50.96589025],[4.02515915,50.96586219]]]}},{"type":"Feature","id":"gebouw/Gebouw.16881539/0","properties":{"source":"Digitaal Vlaanderen Gebouwenregister","source_id":"gebouw/Gebouw.16881539/0","kind":"building","height_m":7.16,"status":null},"geometry":{"type":"Polygon","coordinates":[[[4.02395804,50.96517504],[4.0239354,50.96519319],[4.02389206,50.96517569],[4.02389907,50.96516908],[4.02379309,50.96512426],[4.02380681,50.9651112],[4.02395804,50.96517504]]]}},{"type":"Feature","id":"gebouw/Gebouw.16881955/0","properties":{"source":"Digitaal Vlaanderen Gebouwenregister","source_id":"gebouw/Gebouw.16881955/0","kind":"building","height_m":9.32,"status":null},"geometry":{"type":"Polygon","coordinates":[[[4.02546931,50.96579251],[4.02544223,50.96581877],[4.02547538,50.9658324],[4.02546043,50.96584691],[4.02558473,50.96589801],[4.02557425,50.96590818],[4.0255914,50.96591523],[4.02558209,50.96592426],[4.02562491,50.96594187],[4.0256164,50.96595013],[4.02555639,50.96592545],[4.02539727,50.965863],[4.02530127,50.96582283],[4.02532345,50.96580012],[4.02519537,50.96575054],[4.02524551,50.96569889],[4.02535088,50.96574297],[4.02538115,50.96575563],[4.02546931,50.96579251]]]}},{"type":"Feature","id":"gebouw/Gebouw.16882178/0","properties":{"source":"Digitaal Vlaanderen Gebouwenregister","source_id":"gebouw/Gebouw.16882178/0","kind":"building","height_m":8.6,"status":null},"geometry":{"type":"Polygon","coordinates":[[[4.02613732,50.9633524],[4.02604388,50.96331202],[4.02594929,50.96339396],[4.02589828,50.96337028],[4.02599174,50.9632864],[4.02603182,50.96330292],[4.02603832,50.96329664],[4.02617103,50.96316827],[4.02623382,50.96319712],[4.0262173,50.96321146],[4.02627139,50.96323552],[4.026269,50.96323785],[4.02615827,50.96333418],[4.02613732,50.9633524]]]}},{"type":"Feature","id":"gebouw/Gebouw.17232067/0","properties":{"source":"Digitaal Vlaanderen Gebouwenregister","source_id":"gebouw/Gebouw.17232067/0","kind":"building","height_m":9.32,"status":null},"geometry":{"type":"Polygon","coordinates":[[[4.02115366,50.96785269],[4.021137,50.9678629],[4.02103747,50.96779793],[4.02105401,50.96778779],[4.02115366,50.96785269]]]}},{"type":"Feature","id":"gebouw/Gebouw.18114697/0","properties":{"source":"Digitaal Vlaanderen Gebouwenregister","source_id":"gebouw/Gebouw.18114697/0","kind":"building","height_m":9.32,"status":null},"geometry":{"type":"Polygon","coordinates":[[[4.02456025,50.96644877],[4.02466272,50.96650456],[4.02457291,50.96657034],[4.02452435,50.96654391],[4.02447044,50.96651456],[4.02447542,50.96651091],[4.02456025,50.96644877]]]}},{"type":"Feature","id":"gebouw/Gebouw.18114884/0","properties":{"source":"Digitaal Vlaanderen Gebouwenregister","source_id":"gebouw/Gebouw.18114884/0","kind":"building","height_m":7.88,"status":null},"geometry":{"type":"Polygon","coordinates":[[[4.02556978,50.96504673],[4.02555455,50.96505551],[4.02545193,50.96514487],[4.02522602,50.965042],[4.02524931,50.96501984],[4.02526,50.96500967],[4.02531332,50.96503452],[4.0254182,50.96494402],[4.02556978,50.96504673]]]}},{"type":"Feature","id":"gebouw/Gebouw.18114885/0","properties":{"source":"Digitaal Vlaanderen Gebouwenregister","source_id":"gebouw/Gebouw.18114885/0","kind":"building","height_m":8.6,"status":null},"geometry":{"type":"Polygon","coordinates":[[[4.02575111,50.96499728],[4.02567728,50.96504027],[4.02551291,50.96492768],[4.02558673,50.9648847],[4.02575111,50.96499728]]]}},{"type":"Feature","id":"gebouw/Gebouw.18115157/0","properties":{"source":"Digitaal Vlaanderen Gebouwenregister","source_id":"gebouw/Gebouw.18115157/0","kind":"building","height_m":7.88,"status":null},"geometry":{"type":"Polygon","coordinates":[[[4.0205394,50.96276651],[4.02051181,50.96281012],[4.02050627,50.96281888],[4.02046019,50.96280664],[4.02026451,50.96275469],[4.02027123,50.96274461],[4.02029884,50.96270315],[4.0205394,50.96276651]]]}},{"type":"Feature","id":"gebouw/Gebouw.18115368/0","properties":{"source":"Digitaal Vlaanderen Gebouwenregister","source_id":"gebouw/Gebouw.18115368/0","kind":"building","height_m":8.6,"status":null},"geometry":{"type":"Polygon","coordinates":[[[4.02408737,50.96305785],[4.0241621,50.96295818],[4.02408902,50.96293581],[4.02408811,50.96293553],[4.02407952,50.96294667],[4.0240724,50.96295591],[4.02399468,50.96305676],[4.02397615,50.96308079],[4.02396894,50.96309036],[4.02404547,50.96311338],[4.02408737,50.96305785]]]}},{"type":"Feature","id":"gebouw/Gebouw.18115583/0","properties":{"source":"Digitaal Vlaanderen Gebouwenregister","source_id":"gebouw/Gebouw.18115583/0","kind":"building","height_m":7.16,"status":null},"geometry":{"type":"Polygon","coordinates":[[[4.02418823,50.96378089],[4.02410782,50.96386662],[4.0239264,50.96379819],[4.02395068,50.96377177],[4.02394471,50.96376904],[4.02394211,50.96377147],[4.02390177,50.96375614],[4.02392062,50.96373633],[4.0239614,50.96375071],[4.02399997,50.96371068],[4.02418823,50.96378089]]]}},{"type":"Feature","id":"gebouw/Gebouw.18241686/0","properties":{"source":"Digitaal Vlaanderen Gebouwenregister","source_id":"gebouw/Gebouw.18241686/0","kind":"building","height_m":5.72,"status":null},"geometry":{"type":"Polygon","coordinates":[[[4.02046019,50.96280664],[4.02042338,50.96285632],[4.02023066,50.96280661],[4.02023071,50.96280654],[4.02026451,50.96275469],[4.02046019,50.96280664]]]}},{"type":"Feature","id":"gebouw/Gebouw.18242600/0","properties":{"source":"Digitaal Vlaanderen Gebouwenregister","source_id":"gebouw/Gebouw.18242600/0","kind":"building","height_m":8.6,"status":null},"geometry":{"type":"Polygon","coordinates":[[[4.02402149,50.96292624],[4.02405812,50.96287676],[4.02400719,50.96286453],[4.02397096,50.96291376],[4.02402149,50.96292624]]]}},{"type":"Feature","id":"gebouw/Gebouw.18242631/0","properties":{"source":"Digitaal Vlaanderen Gebouwenregister","source_id":"gebouw/Gebouw.18242631/0","kind":"building","height_m":5.72,"status":null},"geometry":{"type":"Polygon","coordinates":[[[4.02415234,50.96296488],[4.02419499,50.96290988],[4.0241564,50.9628997],[4.02411415,50.96295394],[4.02415234,50.96296488]]]}},{"type":"Feature","id":"gebouw/Gebouw.18242633/0","properties":{"source":"Digitaal Vlaanderen Gebouwenregister","source_id":"gebouw/Gebouw.18242633/0","kind":"building","height_m":7.16,"status":null},"geometry":{"type":"Polygon","coordinates":[[[4.02407439,50.96294074],[4.02411861,50.96288952],[4.0240637,50.96287652],[4.02402546,50.96292826],[4.02407439,50.96294074]]]}},{"type":"Feature","id":"gebouw/Gebouw.18282646/0","properties":{"source":"Digitaal Vlaanderen Gebouwenregister","source_id":"gebouw/Gebouw.18282646/0","kind":"building","height_m":7.88,"status":null},"geometry":{"type":"Polygon","coordinates":[[[4.02344166,50.96283441],[4.02342334,50.96283785],[4.02343457,50.96286266],[4.02332675,50.96288361],[4.02332568,50.96288151],[4.0232896,50.96288838],[4.02327664,50.96286071],[4.02326272,50.96286346],[4.02324274,50.96282316],[4.0232942,50.96281299],[4.02327858,50.96278148],[4.02352116,50.96273352],[4.02353668,50.96276482],[4.02354874,50.96276243],[4.02356,50.96278515],[4.02360822,50.96277562],[4.02362749,50.96281639],[4.02348222,50.9628441],[4.02346601,50.96284719],[4.02345854,50.96283124],[4.02344166,50.96283441]]]}},{"type":"Feature","id":"gebouw/Gebouw.18728980/0","properties":{"source":"Digitaal Vlaanderen Gebouwenregister","source_id":"gebouw/Gebouw.18728980/0","kind":"building","height_m":7.88,"status":null},"geometry":{"type":"Polygon","coordinates":[[[4.02301397,50.96219795],[4.02295056,50.96229836],[4.02288601,50.96228266],[4.02294902,50.96218035],[4.02301397,50.96219795]]]}},{"type":"Feature","id":"gebouw/Gebouw.18728981/0","properties":{"source":"Digitaal Vlaanderen Gebouwenregister","source_id":"gebouw/Gebouw.18728981/0","kind":"building","height_m":8.6,"status":null},"geometry":{"type":"Polygon","coordinates":[[[4.02236405,50.96248181],[4.02235121,50.96250016],[4.02227084,50.96248088],[4.02228391,50.96246117],[4.02236405,50.96248181]]]}},{"type":"Feature","id":"gebouw/Gebouw.18728982/0","properties":{"source":"Digitaal Vlaanderen Gebouwenregister","source_id":"gebouw/Gebouw.18728982/0","kind":"building","height_m":9.32,"status":null},"geometry":{"type":"Polygon","coordinates":[[[4.02392834,50.96430163],[4.02387905,50.96434416],[4.02384877,50.96433077],[4.02389957,50.96428876],[4.02392834,50.96430163]]]}},{"type":"Feature","id":"gebouw/Gebouw.18728983/0","properties":{"source":"Digitaal Vlaanderen Gebouwenregister","source_id":"gebouw/Gebouw.18728983/0","kind":"building","height_m":5.0,"status":null},"geometry":{"type":"Polygon","coordinates":[[[4.02338978,50.96424737],[4.0233562,50.964282],[4.02330649,50.96426136],[4.02333921,50.96422659],[4.02338978,50.96424737]]]}},{"type":"Feature","id":"gebouw/Gebouw.18728984/0","properties":{"source":"Digitaal Vlaanderen Gebouwenregister","source_id":"gebouw/Gebouw.18728984/0","kind":"building","height_m":5.72,"status":null},"geometry":{"type":"Polygon","coordinates":[[[4.02196253,50.96597035],[4.02192395,50.96601809],[4.02184088,50.96599132],[4.02182292,50.96601354],[4.02177301,50.96599745],[4.02182665,50.96593107],[4.02196253,50.96597035]]]}},{"type":"Feature","id":"gebouw/Gebouw.18728986/0","properties":{"source":"Digitaal Vlaanderen Gebouwenregister","source_id":"gebouw/Gebouw.18728986/0","kind":"building","height_m":7.16,"status":null},"geometry":{"type":"Polygon","coordinates":[[[4.0244938,50.96609511],[4.02445318,50.9661262],[4.02441569,50.96610534],[4.02445737,50.96607425],[4.0244938,50.96609511]]]}},{"type":"Feature","id":"gebouw/Gebouw.18728987/0","properties":{"source":"Digitaal Vlaanderen Gebouwenregister","source_id":"gebouw/Gebouw.18728987/0","kind":"building","height_m":7.88,"status":null},"geometry":{"type":"Polygon","coordinates":[[[4.024537,50.96537121],[4.02454305,50.96537385],[4.02460677,50.96540165],[4.02457079,50.96543369],[4.02450428,50.96540562],[4.02448219,50.96539629],[4.0245191,50.96536339],[4.024537,50.96537121]]]}},{"type":"Feature","id":"gebouw/Gebouw.18728988/0","properties":{"source":"Digitaal Vlaanderen Gebouwenregister","source_id":"gebouw/Gebouw.18728988/0","kind":"building","height_m":8.6,"status":null},"geometry":{"type":"Polygon","coordinates":[[[4.02553256,50.96399562],[4.02528883,50.96414589],[4.02515704,50.96406468],[4.02540142,50.96391388],[4.02553256,50.96399562]]]}},{"type":"Feature","id":"gebouw/Gebouw.18728989/0","properties":{"source":"Digitaal Vlaanderen Gebouwenregister","source_id":"gebouw/Gebouw.18728989/0","kind":"building","height_m":9.32,"status":null},"geometry":{"type":"Polygon","coordinates":[[[4.02546326,50.96310191],[4.02550861,50.96311606],[4.02548497,50.96314262],[4.02544047,50.96312691],[4.02544194,50.9631253],[4.02546326,50.96310191]]]}},{"type":"Feature","id":"gebouw/Gebouw.18728990/0","properties":{"source":"Digitaal Vlaanderen Gebouwenregister","source_id":"gebouw/Gebouw.18728990/0","kind":"building","height_m":5.0,"status":null},"geometry":{"type":"Polygon","coordinates":[[[4.02546408,50.96309138],[4.02543478,50.96312671],[4.02534554,50.96309576],[4.02537417,50.96306299],[4.02546408,50.96309138]]]}},{"type":"Feature","id":"gebouw/Gebouw.18729007/0","properties":{"source":"Digitaal Vlaanderen Gebouwenregister","source_id":"gebouw/Gebouw.18729007/0","kind":"building","height_m":7.16,"status":null},"geometry":{"type":"Polygon","coordinates":[[[4.02663918,50.96255589],[4.02660721,50.96258066],[4.02656289,50.96255679],[4.02659486,50.9625323],[4.02663918,50.96255589]]]}},{"type":"Feature","id":"gebouw/Gebouw.18729178/0","properties":{"source":"Digitaal Vlaanderen Gebouwenregister","source_id":"gebouw/Gebouw.18729178/0","kind":"building","height_m":9.32,"status":null},"geometry":{"type":"Polygon","coordinates":[[[4.02651185,50.96256064],[4.02648117,50.9625846],[4.02642896,50.96255677],[4.02645992,50.96253342],[4.02651185,50.96256064]]]}},{"type":"Feature","id":"gebouw/Gebouw.18729450/0","properties":{"source":"Digitaal Vlaanderen Gebouwenregister","source_id":"gebouw/Gebouw.18729450/0","kind":"building","height_m":8.6,"status":null},"geometry":{"type":"Polygon","coordinates":[[[4.01961827,50.96230043],[4.01964236,50.9623103],[4.01959427,50.96235638],[4.01958569,50.962353],[4.01957049,50.96234702],[4.01961827,50.96230043]]]}},{"type":"Feature","id":"gebouw/Gebouw.18729452/0","properties":{"source":"Digitaal Vlaanderen Gebouwenregister","source_id":"gebouw/Gebouw.18729452/0","kind":"building","height_m":5.0,"status":null},"geometry":{"type":"Polygon","coordinates":[[[4.01686017,50.96816843],[4.01681832,50.96818926],[4.01678365,50.96816187],[4.01682766,50.96814094],[4.01686017,50.96816843]]]}},{"type":"Feature","id":"gebouw/Gebouw.18729453/0","properties":{"source":"Digitaal Vlaanderen Gebouwenregister","source_id":"gebouw/Gebouw.18729453/0","kind":"building","height_m":5.72,"status":null},"geometry":{"type":"Polygon","coordinates":[[[4.02067301,50.96833626],[4.02064197,50.96835393],[4.02056252,50.96830103],[4.02059356,50.96828267],[4.02067301,50.96833626]]]}},{"type":"Feature","id":"gebouw/Gebouw.18729454/0","properties":{"source":"Digitaal Vlaanderen Gebouwenregister","source_id":"gebouw/Gebouw.18729454/0","kind":"building","height_m":6.44,"status":null},"geometry":{"type":"Polygon","coordinates":[[[4.02073874,50.9672965],[4.02069452,50.9673158],[4.02067278,50.96729595],[4.02071679,50.96727638],[4.02073874,50.9672965]]]}},{"type":"Feature","id":"gebouw/Gebouw.18729456/0","properties":{"source":"Digitaal Vlaanderen Gebouwenregister","source_id":"gebouw/Gebouw.18729456/0","kind":"building","height_m":7.88,"status":null},"geometry":{"type":"Polygon","coordinates":[[[4.0163486,50.96515262],[4.01632041,50.9651767],[4.01625633,50.96514306],[4.01628514,50.96512033],[4.0163486,50.96515262]]]}},{"type":"Feature","id":"gebouw/Gebouw.18729457/0","properties":{"source":"Digitaal Vlaanderen Gebouwenregister","source_id":"gebouw/Gebouw.18729457/0","kind":"building","height_m":8.6,"status":null},"geometry":{"type":"Polygon","coordinates":[[[4.01974294,50.9645318],[4.01966318,50.964596],[4.01961245,50.96457048],[4.01968919,50.96450829],[4.01974294,50.9645318]]]}},{"type":"Feature","id":"gebouw/Gebouw.18729640/0","properties":{"source":"Digitaal Vlaanderen Gebouwenregister","source_id":"gebouw/Gebouw.18729640/0","kind":"building","height_m":9.32,"status":null},"geometry":{"type":"Polygon","coordinates":[[[4.0194437,50.96255004],[4.01940943,50.96258054],[4.01935896,50.96255929],[4.01938928,50.96252897],[4.0194437,50.96255004]]]}},{"type":"Feature","id":"gebouw/Gebouw.18942569/0","properties":{"source":"Digitaal Vlaanderen Gebouwenregister","source_id":"gebouw/Gebouw.18942569/0","kind":"building","height_m":6.44,"status":null},"geometry":{"type":"Polygon","coordinates":[[[4.021089,50.96768917],[4.02105742,50.96766818],[4.02113827,50.96761968],[4.02116985,50.96764067],[4.021089,50.96768917]]]}},{"type":"Feature","id":"gebouw/Gebouw.18942660/0","properties":{"source":"Digitaal Vlaanderen Gebouwenregister","source_id":"gebouw/Gebouw.18942660/0","kind":"building","height_m":6.44,"status":null},"geometry":{"type":"Polygon","coordinates":[[[4.02378684,50.96273596],[4.02381345,50.96270402],[4.023853,50.96271716],[4.02382638,50.9627491],[4.02378684,50.96273596]]]}},{"type":"Feature","id":"gebouw/Gebouw.18951603/0","properties":{"source":"Digitaal Vlaanderen Gebouwenregister","source_id":"gebouw/Gebouw.18951603/0","kind":"building","height_m":9.32,"status":null},"geometry":{"type":"Polygon","coordinates":[[[4.02071595,50.96299936],[4.02072807,50.96297945],[4.02073418,50.96298086],[4.02074246,50.96296483],[4.02076632,50.96297031],[4.02075694,50.96298605],[4.02073779,50.96301819],[4.02070979,50.963011],[4.02070672,50.96301562],[4.02068131,50.96300911],[4.02069132,50.96299331],[4.02057486,50.96296341],[4.02055599,50.96299415],[4.02046867,50.96297124],[4.02043055,50.96296148],[4.02044524,50.96293837],[4.02045883,50.96291701],[4.02071566,50.96298222],[4.02070613,50.96299711],[4.02071595,50.96299936]]]}},{"type":"Feature","id":"gebouw/Gebouw.18959390/0","properties":{"source":"Digitaal Vlaanderen Gebouwenregister","source_id":"gebouw/Gebouw.18959390/0","kind":"building","height_m":6.44,"status":null},"geometry":{"type":"Polygon","coordinates":[[[4.02325178,50.96256875],[4.02319948,50.96255568],[4.02321742,50.96252703],[4.02326972,50.9625401],[4.02325178,50.96256875]]]}},{"type":"Feature","id":"gebouw/Gebouw.18964212/0","properties":{"source":"Digitaal Vlaanderen Gebouwenregister","source_id":"gebouw/Gebouw.18964212/0","kind":"building","height_m":5.72,"status":null},"geometry":{"type":"Polygon","coordinates":[[[4.02390461,50.9630589],[4.02388471,50.96308467],[4.02381183,50.96306252],[4.023911,50.96293238],[4.02397613,50.96295231],[4.02398486,50.96295498],[4.02390461,50.9630589]]]}},{"type":"Feature","id":"gebouw/Gebouw.18964298/0","properties":{"source":"Digitaal Vlaanderen Gebouwenregister","source_id":"gebouw/Gebouw.18964298/0","kind":"building","height_m":7.16,"status":null},"geometry":{"type":"Polygon","coordinates":[[[4.02399468,50.96305676],[4.02397615,50.96308079],[4.02390461,50.9630589],[4.02398486,50.96295498],[4.02400079,50.96293437],[4.02407164,50.96295568],[4.0240724,50.96295591],[4.02399468,50.96305676]]]}},{"type":"Feature","id":"gebouw/Gebouw.18975468/0","properties":{"source":"Digitaal Vlaanderen Gebouwenregister","source_id":"gebouw/Gebouw.18975468/0","kind":"building","height_m":5.72,"status":null},"geometry":{"type":"Polygon","coordinates":[[[4.02105153,50.96234176],[4.02097491,50.96240259],[4.02086462,50.96234718],[4.02083643,50.96236957],[4.02072574,50.96231396],[4.02083055,50.96223075],[4.02105153,50.96234176]]]}},{"type":"Feature","id":"gebouw/Gebouw.18984353/0","properties":{"source":"Digitaal Vlaanderen Gebouwenregister","source_id":"gebouw/Gebouw.18984353/0","kind":"building","height_m":7.16,"status":null},"geometry":{"type":"Polygon","coordinates":[[[4.02026244,50.96300577],[4.02023474,50.96303518],[4.02005313,50.96296914],[4.0201108,50.96290793],[4.02023305,50.96295385],[4.02020461,50.96298404],[4.02026244,50.96300577]]]}},{"type":"Feature","id":"gebouw/Gebouw.18991385/0","properties":{"source":"Digitaal Vlaanderen Gebouwenregister","source_id":"gebouw/Gebouw.18991385/0","kind":"building","height_m":5.0,"status":null},"geometry":{"type":"Polygon","coordinates":[[[4.02502896,50.96430354],[4.02490253,50.9642216],[4.02514625,50.96407161],[4.02527269,50.96415353],[4.02502896,50.96430354]]]}},{"type":"Feature","id":"gebouw/Gebouw.18991822/0","properties":{"source":"Digitaal Vlaanderen Gebouwenregister","source_id":"gebouw/Gebouw.18991822/0","kind":"building","height_m":7.16,"status":null},"geometry":{"type":"Polygon","coordinates":[[[4.02549303,50.9652264],[4.02545998,50.9652614],[4.02545886,50.96526097],[4.02542604,50.96529401],[4.02534933,50.96526362],[4.02534381,50.96526917],[4.02527491,50.96524208],[4.02530632,50.96521027],[4.02527014,50.96519434],[4.02526537,50.96519224],[4.0253076,50.96514979],[4.02539363,50.96518155],[4.02538912,50.9651876],[4.0254936,50.9652258],[4.02549303,50.9652264]]]}},{"type":"Feature","id":"gebouw/Gebouw.19006861/0","properties":{"source":"Digitaal Vlaanderen Gebouwenregister","source_id":"gebouw/Gebouw.19006861/0","kind":"building","height_m":9.32,"status":null},"geometry":{"type":"Polygon","coordinates":[[[4.0235003,50.96706726],[4.02366441,50.96715917],[4.02373252,50.96710835],[4.02368933,50.9670851],[4.02371648,50.96706499],[4.02359878,50.96700161],[4.02354595,50.96704073],[4.02354051,50.9670377],[4.0235003,50.96706726]]]}},{"type":"Feature","id":"gebouw/Gebouw.19014397/0","properties":{"source":"Digitaal Vlaanderen Gebouwenregister","source_id":"gebouw/Gebouw.19014397/0","kind":"building","height_m":7.16,"status":null},"geometry":{"type":"Polygon","coordinates":[[[4.02360498,50.96667702],[4.02340759,50.96656006],[4.02347655,50.96650767],[4.02352996,50.9665357],[4.0235014,50.9665574],[4.023651,50.96664604],[4.02360498,50.96667702]]]}},{"type":"Feature","id":"gebouw/Gebouw.19019875/0","properties":{"source":"Digitaal Vlaanderen Gebouwenregister","source_id":"gebouw/Gebouw.19019875/0","kind":"building","height_m":5.0,"status":null},"geometry":{"type":"Polygon","coordinates":[[[4.02599174,50.9632864],[4.02589828,50.96337028],[4.02583231,50.96333977],[4.02587526,50.9633028],[4.02585485,50.96329335],[4.02593685,50.96322275],[4.02578959,50.96315453],[4.02589002,50.96307059],[4.0258943,50.96307263],[4.0258904,50.96307628],[4.02605368,50.96315178],[4.02605843,50.9631484],[4.02606249,50.96315031],[4.02593134,50.9632615],[4.02599174,50.9632864]]]}},{"type":"Feature","id":"gebouw/Gebouw.19839866/0","properties":{"source":"Digitaal Vlaanderen Gebouwenregister","source_id":"gebouw/Gebouw.19839866/0","kind":"building","height_m":7.88,"status":null},"geometry":{"type":"Polygon","coordinates":[[[4.02575929,50.96248565],[4.02570438,50.962498],[4.02556753,50.96243073],[4.02560296,50.96240182],[4.02564126,50.96236948],[4.02571363,50.96230888],[4.02575608,50.9623291],[4.0257151,50.96236342],[4.02571072,50.96236149],[4.02567953,50.96238837],[4.02580025,50.96244522],[4.02587827,50.96237469],[4.02592991,50.96239886],[4.02584762,50.96246579],[4.02575929,50.96248565]]]}},{"type":"Feature","id":"gebouw/Gebouw.19839867/0","properties":{"source":"Digitaal Vlaanderen Gebouwenregister","source_id":"gebouw/Gebouw.19839867/0","kind":"building","height_m":8.6,"status":null},"geometry":{"type":"Polygon","coordinates":[[[4.02585427,50.96249015],[4.02581341,50.9625273],[4.02576952,50.96250805],[4.02575929,50.96248565],[4.02584762,50.96246579],[4.02585427,50.96249015]]]}},{"type":"Feature","id":"gebouw/Gebouw.19843826/0","properties":{"source":"Digitaal Vlaanderen Gebouwenregister","source_id":"gebouw/Gebouw.19843826/0","kind":"building","height_m":6.44,"status":null},"geometry":{"type":"Polygon","coordinates":[[[4.01937093,50.96291382],[4.01939463,50.96289192],[4.01948416,50.96293588],[4.01945374,50.96296062],[4.01937093,50.96291382]]]}},{"type":"Feature","id":"gebouw/Gebouw.19843827/0","properties":{"source":"Digitaal Vlaanderen Gebouwenregister","source_id":"gebouw/Gebouw.19843827/0","kind":"building","height_m":7.16,"status":null},"geometry":{"type":"Polygon","coordinates":[[[4.01902095,50.96291186],[4.01906081,50.96293902],[4.01903246,50.96295591],[4.0189923,50.96292917],[4.01902095,50.96291186]]]}},{"type":"Feature","id":"gebouw/Gebouw.19849987/0","properties":{"source":"Digitaal Vlaanderen Gebouwenregister","source_id":"gebouw/Gebouw.19849987/0","kind":"building","height_m":7.16,"status":null},"geometry":{"type":"Polygon","coordinates":[[[4.0199892,50.96813108],[4.02012327,50.96820298],[4.01997595,50.9683125],[4.01982449,50.96823127],[4.01978311,50.96826204],[4.01973991,50.96823887],[4.01966533,50.96819887],[4.01966965,50.96819564],[4.01972475,50.96815438],[4.01984419,50.96821749],[4.01986122,50.96822649],[4.0199892,50.96813108]]]}},{"type":"Feature","id":"gebouw/Gebouw.19853247/0","properties":{"source":"Digitaal Vlaanderen Gebouwenregister","source_id":"gebouw/Gebouw.19853247/0","kind":"building","height_m":5.72,"status":null},"geometry":{"type":"Polygon","coordinates":[[[4.01729796,50.96459914],[4.01724968,50.96454764],[4.01738851,50.96447016],[4.01736071,50.96445042],[4.01747704,50.96438509],[4.01752619,50.96441999],[4.01754972,50.96440678],[4.01759212,50.9644369],[4.01748432,50.96449743],[4.01750766,50.96451368],[4.01751665,50.96451995],[4.01744896,50.9645587],[4.01738505,50.96459397],[4.01738189,50.96459571],[4.01734924,50.96457297],[4.01729796,50.96459914]]]}},{"type":"Feature","id":"gebouw/Gebouw.19853248/0","properties":{"source":"Digitaal Vlaanderen Gebouwenregister","source_id":"gebouw/Gebouw.19853248/0","kind":"building","height_m":6.44,"status":null},"geometry":{"type":"Polygon","coordinates":[[[4.01744896,50.9645587],[4.017483,50.96458241],[4.01742013,50.9646184],[4.01738505,50.96459397],[4.01744896,50.9645587]]]}},{"type":"Feature","id":"gebouw/Gebouw.19861396/0","properties":{"source":"Digitaal Vlaanderen Gebouwenregister","source_id":"gebouw/Gebouw.19861396/0","kind":"building","height_m":6.44,"status":null},"geometry":{"type":"Polygon","coordinates":[[[4.02008917,50.96254564],[4.02003624,50.9625998],[4.01989773,50.96254583],[4.01987701,50.96256769],[4.01975386,50.96251978],[4.01978542,50.96248916],[4.0198011,50.96249509],[4.01984455,50.96245209],[4.02008917,50.96254564]]]}},{"type":"Feature","id":"gebouw/Gebouw.19861495/0","properties":{"source":"Digitaal Vlaanderen Gebouwenregister","source_id":"gebouw/Gebouw.19861495/0","kind":"building","height_m":7.16,"status":null},"geometry":{"type":"Polygon","coordinates":[[[4.01975386,50.96251978],[4.01974467,50.9625287],[4.01948214,50.96242911],[4.01952292,50.96238987],[4.01978542,50.96248916],[4.01975386,50.96251978]]]}},{"type":"Feature","id":"gebouw/Gebouw.19862633/0","properties":{"source":"Digitaal Vlaanderen Gebouwenregister","source_id":"gebouw/Gebouw.19862633/0","kind":"building","height_m":5.0,"status":null},"geometry":{"type":"Polygon","coordinates":[[[4.02226097,50.96760888],[4.0222086,50.9676365],[4.02212821,50.96758063],[4.02217097,50.96755599],[4.02217859,50.9675516],[4.02226097,50.96760888]]]}},{"type":"Feature","id":"gebouw/Gebouw.19862634/0","properties":{"source":"Digitaal Vlaanderen Gebouwenregister","source_id":"gebouw/Gebouw.19862634/0","kind":"building","height_m":5.72,"status":null},"geometry":{"type":"Polygon","coordinates":[[[4.02225058,50.96766418],[4.02227786,50.96768315],[4.02226148,50.96769251],[4.02210973,50.96759225],[4.02206335,50.9675616],[4.02204231,50.9675477],[4.02203563,50.96754329],[4.02199457,50.96751616],[4.02205792,50.96747844],[4.02207739,50.96749359],[4.02212353,50.96752358],[4.02212646,50.96752557],[4.02217097,50.96755599],[4.02212821,50.96758063],[4.0222086,50.9676365],[4.02226097,50.96760888],[4.02229986,50.96763593],[4.02225058,50.96766418]]]}},{"type":"Feature","id":"gebouw/Gebouw.19862925/0","properties":{"source":"Digitaal Vlaanderen Gebouwenregister","source_id":"gebouw/Gebouw.19862925/0","kind":"building","height_m":8.6,"status":null},"geometry":{"type":"Polygon","coordinates":[[[4.02558998,50.96549374],[4.02551714,50.96558102],[4.02552923,50.96558553],[4.02550196,50.96561318],[4.02550731,50.96561543],[4.02560007,50.96565449],[4.0256535,50.96567699],[4.02566791,50.96568306],[4.02571046,50.9656396],[4.02556967,50.96558474],[4.02563855,50.96551211],[4.02558998,50.96549374]]]}},{"type":"Feature","id":"gebouw/Gebouw.19862926/0","properties":{"source":"Digitaal Vlaanderen Gebouwenregister","source_id":"gebouw/Gebouw.19862926/0","kind":"building","height_m":9.32,"status":null},"geometry":{"type":"Polygon","coordinates":[[[4.02558792,50.96548673],[4.02558357,50.96549132],[4.02558998,50.96549374],[4.02551714,50.96558102],[4.02539913,50.96553693],[4.02547974,50.96545088],[4.02550277,50.96545948],[4.02550349,50.9654587],[4.02551377,50.9654626],[4.02551409,50.96546272],[4.0255134,50.96546344],[4.02553856,50.96547296],[4.02554197,50.96546936],[4.02558792,50.96548673]]]}},{"type":"Feature","id":"gebouw/Gebouw.19863211/0","properties":{"source":"Digitaal Vlaanderen Gebouwenregister","source_id":"gebouw/Gebouw.19863211/0","kind":"building","height_m":7.88,"status":null},"geometry":{"type":"Polygon","coordinates":[[[4.01892878,50.96351655],[4.01885596,50.96356078],[4.0187219,50.96346755],[4.01871999,50.96346622],[4.01876647,50.96344193],[4.01880688,50.96346879],[4.01884363,50.96344674],[4.01889822,50.96348303],[4.01888775,50.96348931],[4.01892878,50.96351655]]]}},{"type":"Feature","id":"gebouw/Gebouw.19863212/0","properties":{"source":"Digitaal Vlaanderen Gebouwenregister","source_id":"gebouw/Gebouw.19863212/0","kind":"building","height_m":8.6,"status":null},"geometry":{"type":"Polygon","coordinates":[[[4.01876647,50.96344193],[4.01871999,50.96346622],[4.01866818,50.96343019],[4.01859772,50.96339772],[4.01865005,50.96336632],[4.01865835,50.96336108],[4.01868611,50.96338039],[4.01871119,50.96340518],[4.01876647,50.96344193]]]}},{"type":"Feature","id":"gebouw/Gebouw.19865016/0","properties":{"source":"Digitaal Vlaanderen Gebouwenregister","source_id":"gebouw/Gebouw.19865016/0","kind":"building","height_m":7.16,"status":null},"geometry":{"type":"Polygon","coordinates":[[[4.02137717,50.96282748],[4.02136006,50.96284948],[4.0214177,50.96286597],[4.02139418,50.96289877],[4.02133766,50.96288406],[4.02120933,50.96285066],[4.02098213,50.96279152],[4.02092614,50.96277694],[4.02071868,50.96272294],[4.02075179,50.96266892],[4.02077309,50.9626342],[4.0207795,50.96263601],[4.02083959,50.96265294],[4.02082495,50.96267366],[4.02112933,50.96275941],[4.02112732,50.96276242],[4.02119852,50.96278141],[4.02119088,50.96279284],[4.02123936,50.96280577],[4.02124791,50.96279299],[4.02137717,50.96282748]]]}},{"type":"Feature","id":"gebouw/Gebouw.19865017/0","properties":{"source":"Digitaal Vlaanderen Gebouwenregister","source_id":"gebouw/Gebouw.19865017/0","kind":"building","height_m":7.88,"status":null},"geometry":{"type":"Polygon","coordinates":[[[4.02075179,50.96266892],[4.02071868,50.96272294],[4.02048917,50.96266509],[4.02051999,50.96260671],[4.02075179,50.96266892]]]}},{"type":"Feature","id":"gebouw/Gebouw.19865336/0","properties":{"source":"Digitaal Vlaanderen Gebouwenregister","source_id":"gebouw/Gebouw.19865336/0","kind":"building","height_m":5.72,"status":null},"geometry":{"type":"Polygon","coordinates":[[[4.02655302,50.96490246],[4.02655295,50.9649025],[4.02649793,50.96486336],[4.02638207,50.96478113],[4.02643257,50.96475252],[4.02646172,50.96477303],[4.02649442,50.9647545],[4.0264986,50.96475213],[4.02665858,50.96486471],[4.02665772,50.96486521],[4.02665404,50.96486733],[4.02665007,50.9648646],[4.02658692,50.96490038],[4.02657328,50.96489105],[4.02655302,50.96490246]]]}},{"type":"Feature","id":"gebouw/Gebouw.19866158/0","properties":{"source":"Digitaal Vlaanderen Gebouwenregister","source_id":"gebouw/Gebouw.19866158/0","kind":"building","height_m":7.88,"status":null},"geometry":{"type":"Polygon","coordinates":[[[4.0259212,50.9640439],[4.02592599,50.96404664],[4.02592339,50.96404825],[4.02588095,50.96407449],[4.02587761,50.96407252],[4.02574097,50.96399226],[4.02571087,50.96401269],[4.02569516,50.96400347],[4.02572561,50.96398279],[4.02567001,50.96395013],[4.02571059,50.96392344],[4.0259212,50.9640439]]]}},{"type":"Feature","id":"gebouw/Gebouw.19866159/0","properties":{"source":"Digitaal Vlaanderen Gebouwenregister","source_id":"gebouw/Gebouw.19866159/0","kind":"building","height_m":8.6,"status":null},"geometry":{"type":"Polygon","coordinates":[[[4.02592339,50.96404825],[4.02595768,50.96407059],[4.02593201,50.96408656],[4.02592044,50.96407887],[4.02591436,50.96408239],[4.02590214,50.96407456],[4.02589213,50.96408105],[4.02588095,50.96407449],[4.02592339,50.96404825]]]}},{"type":"Feature","id":"gebouw/Gebouw.19866415/0","properties":{"source":"Digitaal Vlaanderen Gebouwenregister","source_id":"gebouw/Gebouw.19866415/0","kind":"building","height_m":6.44,"status":null},"geometry":{"type":"Polygon","coordinates":[[[4.0259261,50.96455807],[4.02585346,50.96459934],[4.02579264,50.96455706],[4.02586589,50.96451503],[4.02589879,50.96453855],[4.0259261,50.96455807]]]}},{"type":"Feature","id":"gebouw/Gebouw.19866416/0","properties":{"source":"Digitaal Vlaanderen Gebouwenregister","source_id":"gebouw/Gebouw.19866416/0","kind":"building","height_m":7.16,"status":null},"geometry":{"type":"Polygon","coordinates":[[[4.02586589,50.96451503],[4.02589639,50.96449755],[4.02592981,50.96452079],[4.02589879,50.96453855],[4.02586589,50.96451503]]]}},{"type":"Feature","id":"gebouw/Gebouw.19868533/0","properties":{"source":"Digitaal Vlaanderen Gebouwenregister","source_id":"gebouw/Gebouw.19868533/0","kind":"building","height_m":9.32,"status":null},"geometry":{"type":"Polygon","coordinates":[[[4.02428163,50.96256017],[4.02432115,50.96251761],[4.02435471,50.96248147],[4.02425028,50.96244244],[4.02414249,50.96255746],[4.02424901,50.96259529],[4.02428163,50.96256017]]]}},{"type":"Feature","id":"gebouw/Gebouw.19868534/0","properties":{"source":"Digitaal Vlaanderen Gebouwenregister","source_id":"gebouw/Gebouw.19868534/0","kind":"building","height_m":5.0,"status":null},"geometry":{"type":"Polygon","coordinates":[[[4.02432115,50.96251761],[4.02428163,50.96256017],[4.02430623,50.96256986],[4.02434778,50.96252778],[4.02432115,50.96251761]]]}},{"type":"Feature","id":"gebouw/Gebouw.20145431/0","properties":{"source":"Digitaal Vlaanderen Gebouwenregister","source_id":"gebouw/Gebouw.20145431/0","kind":"building","height_m":8.6,"status":null},"geometry":{"type":"Polygon","coordinates":[[[4.01632957,50.96490939],[4.01635633,50.96488713],[4.01640111,50.96490859],[4.01637436,50.96493086],[4.01632957,50.96490939]]]}},{"type":"Feature","id":"gebouw/Gebouw.20145432/0","properties":{"source":"Digitaal Vlaanderen Gebouwenregister","source_id":"gebouw/Gebouw.20145432/0","kind":"building","height_m":9.32,"status":null},"geometry":{"type":"Polygon","coordinates":[[[4.01783647,50.96482882],[4.01780939,50.96485436],[4.01774034,50.96482515],[4.01776743,50.96479961],[4.01783647,50.96482882]]]}},{"type":"Feature","id":"gebouw/Gebouw.20145436/0","properties":{"source":"Digitaal Vlaanderen Gebouwenregister","source_id":"gebouw/Gebouw.20145436/0","kind":"building","height_m":7.16,"status":null},"geometry":{"type":"Polygon","coordinates":[[[4.02312503,50.96240333],[4.02307612,50.96238782],[4.02315204,50.96229234],[4.02320095,50.96230785],[4.02312503,50.96240333]]]}},{"type":"Feature","id":"gebouw/Gebouw.20145437/0","properties":{"source":"Digitaal Vlaanderen Gebouwenregister","source_id":"gebouw/Gebouw.20145437/0","kind":"building","height_m":7.88,"status":null},"geometry":{"type":"Polygon","coordinates":[[[4.02254496,50.9625817],[4.02252445,50.96261545],[4.0224804,50.96260412],[4.02250199,50.96257065],[4.02254496,50.9625817]]]}},{"type":"Feature","id":"gebouw/Gebouw.20145438/0","properties":{"source":"Digitaal Vlaanderen Gebouwenregister","source_id":"gebouw/Gebouw.20145438/0","kind":"building","height_m":8.6,"status":null},"geometry":{"type":"Polygon","coordinates":[[[4.02359373,50.9625222],[4.02361133,50.96253029],[4.02363143,50.96251287],[4.0236712,50.96253117],[4.02360013,50.96259277],[4.02360301,50.96259409],[4.02359411,50.96260181],[4.02357451,50.96259279],[4.02358199,50.9625863],[4.02354135,50.9625676],[4.02359373,50.9625222]]]}},{"type":"Feature","id":"gebouw/Gebouw.20146515/0","properties":{"source":"Digitaal Vlaanderen Gebouwenregister","source_id":"gebouw/Gebouw.20146515/0","kind":"building","height_m":7.88,"status":null},"geometry":{"type":"Polygon","coordinates":[[[4.01889005,50.964172],[4.01880405,50.96412735],[4.01881009,50.96412271],[4.0188612,50.96408345],[4.01893906,50.96413435],[4.01889005,50.964172]]]}},{"type":"Feature","id":"gebouw/Gebouw.20146521/0","properties":{"source":"Digitaal Vlaanderen Gebouwenregister","source_id":"gebouw/Gebouw.20146521/0","kind":"building","height_m":7.16,"status":null},"geometry":{"type":"Polygon","coordinates":[[[4.02278042,50.96254565],[4.02272185,50.96252985],[4.02274053,50.96250222],[4.02274276,50.96250256],[4.02275022,50.96250367],[4.02275318,50.96249981],[4.02277405,50.96247247],[4.0227752,50.96247096],[4.02277797,50.9624716],[4.0228234,50.9624821],[4.02282009,50.962487],[4.02278042,50.96254565]]]}},{"type":"Feature","id":"gebouw/Gebouw.20146522/0","properties":{"source":"Digitaal Vlaanderen Gebouwenregister","source_id":"gebouw/Gebouw.20146522/0","kind":"building","height_m":7.88,"status":null},"geometry":{"type":"Polygon","coordinates":[[[4.02240389,50.96254914],[4.02235992,50.96253841],[4.02238989,50.96248946],[4.02243386,50.9625002],[4.02240389,50.96254914]]]}},{"type":"Feature","id":"gebouw/Gebouw.20146523/0","properties":{"source":"Digitaal Vlaanderen Gebouwenregister","source_id":"gebouw/Gebouw.20146523/0","kind":"building","height_m":8.6,"status":null},"geometry":{"type":"Polygon","coordinates":[[[4.02038023,50.96297397],[4.02039803,50.96295488],[4.02045814,50.96297723],[4.02044035,50.96299632],[4.02038023,50.96297397]]]}},{"type":"Feature","id":"gebouw/Gebouw.20146524/0","properties":{"source":"Digitaal Vlaanderen Gebouwenregister","source_id":"gebouw/Gebouw.20146524/0","kind":"building","height_m":9.32,"status":null},"geometry":{"type":"Polygon","coordinates":[[[4.02047084,50.96296916],[4.02048621,50.96294557],[4.02059284,50.96297327],[4.02057747,50.96299686],[4.02047084,50.96296916]]]}},{"type":"Feature","id":"gebouw/Gebouw.20146525/0","properties":{"source":"Digitaal Vlaanderen Gebouwenregister","source_id":"gebouw/Gebouw.20146525/0","kind":"building","height_m":5.0,"status":null},"geometry":{"type":"Polygon","coordinates":[[[4.02371099,50.96316886],[4.02372906,50.96314491],[4.02379376,50.96316438],[4.0237757,50.96318833],[4.02371099,50.96316886]]]}},{"type":"Feature","id":"gebouw/Gebouw.20146526/0","properties":{"source":"Digitaal Vlaanderen Gebouwenregister","source_id":"gebouw/Gebouw.20146526/0","kind":"building","height_m":5.72,"status":null},"geometry":{"type":"Polygon","coordinates":[[[4.02204791,50.96666241],[4.02205422,50.96666387],[4.02200388,50.96675046],[4.02199708,50.96674888],[4.02198468,50.96674601],[4.02203502,50.96665942],[4.02204791,50.96666241]]]}},{"type":"Feature","id":"gebouw/Gebouw.20146527/0","properties":{"source":"Digitaal Vlaanderen Gebouwenregister","source_id":"gebouw/Gebouw.20146527/0","kind":"building","height_m":6.44,"status":null},"geometry":{"type":"Polygon","coordinates":[[[4.02198139,50.96748377],[4.02202725,50.96745557],[4.02205336,50.9674725],[4.02200749,50.9675007],[4.02198139,50.96748377]]]}},{"type":"Feature","id":"gebouw/Gebouw.20146532/0","properties":{"source":"Digitaal Vlaanderen Gebouwenregister","source_id":"gebouw/Gebouw.20146532/0","kind":"building","height_m":5.0,"status":null},"geometry":{"type":"Polygon","coordinates":[[[4.02629292,50.9646744],[4.0262616,50.96469227],[4.02616334,50.9646236],[4.02619466,50.96460573],[4.02629292,50.9646744]]]}},{"type":"Feature","id":"gebouw/Gebouw.20146533/0","properties":{"source":"Digitaal Vlaanderen Gebouwenregister","source_id":"gebouw/Gebouw.20146533/0","kind":"building","height_m":5.72,"status":null},"geometry":{"type":"Polygon","coordinates":[[[4.02524315,50.96524994],[4.02522111,50.96527432],[4.02511129,50.96523472],[4.02513334,50.96521035],[4.02524315,50.96524994]]]}},{"type":"Feature","id":"gebouw/Gebouw.20146795/0","properties":{"source":"Digitaal Vlaanderen Gebouwenregister","source_id":"gebouw/Gebouw.20146795/0","kind":"building","height_m":7.88,"status":null},"geometry":{"type":"Polygon","coordinates":[[[4.02051407,50.96822921],[4.02048117,50.9682487],[4.02044535,50.96822459],[4.02047825,50.9682051],[4.02051407,50.96822921]]]}},{"type":"Feature","id":"gebouw/Gebouw.20146876/0","properties":{"source":"Digitaal Vlaanderen Gebouwenregister","source_id":"gebouw/Gebouw.20146876/0","kind":"building","height_m":5.72,"status":null},"geometry":{"type":"Polygon","coordinates":[[[4.02547171,50.96309923],[4.02555994,50.96312933],[4.02553666,50.96315654],[4.02544843,50.96312645],[4.02547171,50.96309923]]]}},{"type":"Feature","id":"gebouw/Gebouw.20484914/0","properties":{"source":"Digitaal Vlaanderen Gebouwenregister","source_id":"gebouw/Gebouw.20484914/0","kind":"building","height_m":6.44,"status":null},"geometry":{"type":"Polygon","coordinates":[[[4.01641212,50.96447777],[4.01658777,50.96457409],[4.01645767,50.96466869],[4.01636221,50.96461634],[4.01634399,50.96462959],[4.01626381,50.96458562],[4.01641212,50.96447777]]]}},{"type":"Feature","id":"gebouw/Gebouw.20960206/0","properties":{"source":"Digitaal Vlaanderen Gebouwenregister","source_id":"gebouw/Gebouw.20960206/0","kind":"building","height_m":5.72,"status":null},"geometry":{"type":"Polygon","coordinates":[[[4.01892793,50.96395784],[4.01901054,50.96390665],[4.01903643,50.96392331],[4.01907891,50.96389698],[4.01907619,50.96389523],[4.01920417,50.96381592],[4.01918286,50.96380221],[4.01922642,50.96377521],[4.019218,50.96376979],[4.01925601,50.96374623],[4.01926444,50.96375165],[4.01934953,50.96369892],[4.01950579,50.96379947],[4.01934122,50.96390146],[4.01936621,50.96391754],[4.01918927,50.9640272],[4.01916036,50.9640086],[4.01899804,50.96410919],[4.01883251,50.96400268],[4.01883913,50.96399858],[4.01888113,50.96397255],[4.01891662,50.96395056],[4.01892793,50.96395784]]]}},{"type":"Feature","id":"gebouw/Gebouw.30642214/0","properties":{"source":"Digitaal Vlaanderen Gebouwenregister","source_id":"gebouw/Gebouw.30642214/0","kind":"building","height_m":5.72,"status":null},"geometry":{"type":"Polygon","coordinates":[[[4.02064986,50.96723538],[4.02053183,50.96711873],[4.02059108,50.96709483],[4.02058555,50.96708936],[4.02065074,50.96706306],[4.02063857,50.96705104],[4.02072575,50.96701587],[4.02074344,50.96703336],[4.02074584,50.96703239],[4.0207857,50.96707177],[4.02080117,50.96706553],[4.02086143,50.96712509],[4.0207383,50.96717477],[4.02075621,50.96719247],[4.02064986,50.96723538]]]}},{"type":"Feature","id":"gebouw/Gebouw.30642215/0","properties":{"source":"Digitaal Vlaanderen Gebouwenregister","source_id":"gebouw/Gebouw.30642215/0","kind":"building","height_m":6.44,"status":null},"geometry":{"type":"Polygon","coordinates":[[[4.01813802,50.96762354],[4.01817201,50.96760251],[4.01823075,50.96764037],[4.01819675,50.9676614],[4.01813802,50.96762354]]]}},{"type":"Feature","id":"gebouw/Gebouw.30642225/0","properties":{"source":"Digitaal Vlaanderen Gebouwenregister","source_id":"gebouw/Gebouw.30642225/0","kind":"building","height_m":8.6,"status":null},"geometry":{"type":"Polygon","coordinates":[[[4.02649372,50.96395418],[4.02653241,50.96392973],[4.02659286,50.96396788],[4.02655417,50.96399233],[4.02649372,50.96395418]]]}},{"type":"Feature","id":"gebouw/Gebouw.30642226/0","properties":{"source":"Digitaal Vlaanderen Gebouwenregister","source_id":"gebouw/Gebouw.30642226/0","kind":"building","height_m":9.32,"status":null},"geometry":{"type":"Polygon","coordinates":[[[4.02246611,50.96380422],[4.02264235,50.96360198],[4.02269091,50.96361885],[4.02251467,50.96382109],[4.02246611,50.96380422]]]}},{"type":"Feature","id":"gebouw/Gebouw.30642227/0","properties":{"source":"Digitaal Vlaanderen Gebouwenregister","source_id":"gebouw/Gebouw.30642227/0","kind":"building","height_m":5.0,"status":null},"geometry":{"type":"Polygon","coordinates":[[[4.02524595,50.9648717],[4.02527998,50.96484097],[4.02536307,50.96487969],[4.02532897,50.96490888],[4.02524595,50.9648717]]]}},{"type":"Feature","id":"gebouw/Gebouw.30642411/0","properties":{"source":"Digitaal Vlaanderen Gebouwenregister","source_id":"gebouw/Gebouw.30642411/0","kind":"building","height_m":6.44,"status":null},"geometry":{"type":"Polygon","coordinates":[[[4.02041277,50.96429787],[4.02037625,50.96428451],[4.02041377,50.96424361],[4.02042043,50.96423623],[4.02045701,50.96425114],[4.02046101,50.96424736],[4.02046392,50.9642446],[4.0205092,50.96426058],[4.02050407,50.96426609],[4.02048492,50.96428665],[4.02043899,50.96426929],[4.02041277,50.96429787]]]}},{"type":"Feature","id":"gebouw/Gebouw.30909765/0","properties":{"source":"Digitaal Vlaanderen Gebouwenregister","source_id":"gebouw/Gebouw.30909765/0","kind":"building","height_m":8.6,"status":null},"geometry":{"type":"Polygon","coordinates":[[[4.02388506,50.96319898],[4.0238684,50.9632225],[4.02386721,50.96322214],[4.02381731,50.96320692],[4.02383492,50.9631839],[4.02388506,50.96319898]]]}},{"type":"Feature","id":"gebouw/Gebouw.31123397/0","properties":{"source":"Digitaal Vlaanderen Gebouwenregister","source_id":"gebouw/Gebouw.31123397/0","kind":"building","height_m":7.88,"status":null},"geometry":{"type":"Polygon","coordinates":[[[4.0196408,50.96797252],[4.01952826,50.96805267],[4.01952295,50.96804969],[4.01951733,50.96804655],[4.01945621,50.96801233],[4.01958237,50.96792254],[4.01965378,50.96796328],[4.0196408,50.96797252]]]}},{"type":"Feature","id":"gebouw/Gebouw.31145014/0","properties":{"source":"Digitaal Vlaanderen Gebouwenregister","source_id":"gebouw/Gebouw.31145014/0","kind":"building","height_m":8.6,"status":null},"geometry":{"type":"Polygon","coordinates":[[[4.02488109,50.96664709],[4.02480305,50.96660451],[4.02484595,50.96657316],[4.02492399,50.96661574],[4.02488109,50.96664709]]]}},{"type":"Feature","id":"gebouw/Gebouw.31145015/0","properties":{"source":"Digitaal Vlaanderen Gebouwenregister","source_id":"gebouw/Gebouw.31145015/0","kind":"building","height_m":9.32,"status":null},"geometry":{"type":"Polygon","coordinates":[[[4.02172872,50.9684653],[4.02152652,50.96836709],[4.02157677,50.96832584],[4.02164033,50.96835671],[4.02162882,50.96836616],[4.02176747,50.96843349],[4.02172872,50.9684653]]]}},{"type":"Feature","id":"gebouw/Gebouw.31145016/0","properties":{"source":"Digitaal Vlaanderen Gebouwenregister","source_id":"gebouw/Gebouw.31145016/0","kind":"building","height_m":5.0,"status":null},"geometry":{"type":"Polygon","coordinates":[[[4.02514508,50.96407055],[4.02527468,50.96415028],[4.02503366,50.96430661],[4.02490382,50.96422673],[4.02513481,50.9640772],[4.02514508,50.96407055]]]}},{"type":"Feature","id":"gebouw/Gebouw.31145076/0","properties":{"source":"Digitaal Vlaanderen Gebouwenregister","source_id":"gebouw/Gebouw.31145076/0","kind":"building","height_m":7.88,"status":null},"geometry":{"type":"Polygon","coordinates":[[[4.02087596,50.96281321],[4.02081795,50.96279815],[4.02083615,50.9627702],[4.02089416,50.96278526],[4.02087596,50.96281321]]]}},{"type":"Feature","id":"gebouw/Gebouw.31145104/0","properties":{"source":"Digitaal Vlaanderen Gebouwenregister","source_id":"gebouw/Gebouw.31145104/0","kind":"building","height_m":7.88,"status":null},"geometry":{"type":"Polygon","coordinates":[[[4.02397117,50.96593249],[4.0241165,50.96600985],[4.02418222,50.96596062],[4.02403689,50.96588326],[4.02397117,50.96593249]]]}},{"type":"Feature","id":"gebouw/Gebouw.31546410/0","properties":{"source":"Digitaal Vlaanderen Gebouwenregister","source_id":"gebouw/Gebouw.31546410/0","kind":"building","height_m":5.0,"status":null},"geometry":{"type":"Polygon","coordinates":[[[4.0226611,50.96445823],[4.02262928,50.96444782],[4.02260477,50.96447572],[4.02263636,50.9644875],[4.0226611,50.96445823]]]}},{"type":"Feature","id":"gebouw/Gebouw.31654840/0","properties":{"source":"Digitaal Vlaanderen Gebouwenregister","source_id":"gebouw/Gebouw.31654840/0","kind":"building","height_m":5.0,"status":null},"geometry":{"type":"Polygon","coordinates":[[[4.02674847,50.96512246],[4.02668235,50.96513171],[4.02668793,50.96514746],[4.02660841,50.96515865],[4.02664843,50.96527427],[4.02679455,50.96525384],[4.02674847,50.96512246]]]}},{"type":"Feature","id":"gebouw/Gebouw.31678363/0","properties":{"source":"Digitaal Vlaanderen Gebouwenregister","source_id":"gebouw/Gebouw.31678363/0","kind":"building","height_m":7.16,"status":null},"geometry":{"type":"Polygon","coordinates":[[[4.0193732,50.96789005],[4.01926712,50.96796415],[4.01932182,50.96799551],[4.01928643,50.96802045],[4.01935274,50.96805948],[4.01938907,50.96803406],[4.01949576,50.9679592],[4.0193732,50.96789005]]]}},{"type":"Feature","id":"gebouw/Gebouw.31804602/0","properties":{"source":"Digitaal Vlaanderen Gebouwenregister","source_id":"gebouw/Gebouw.31804602/0","kind":"building","height_m":7.88,"status":null},"geometry":{"type":"Polygon","coordinates":[[[4.02178568,50.96823698],[4.02184383,50.96820017],[4.02179785,50.96817121],[4.0217397,50.96820802],[4.02178568,50.96823698]]]}},{"type":"Feature","id":"gebouw/Gebouw.31804740/0","properties":{"source":"Digitaal Vlaanderen Gebouwenregister","source_id":"gebouw/Gebouw.31804740/0","kind":"building","height_m":6.44,"status":null},"geometry":{"type":"Polygon","coordinates":[[[4.02539848,50.96391361],[4.02515493,50.96406532],[4.0252852,50.96414873],[4.02552876,50.96399702],[4.02539848,50.96391361]]]}},{"type":"Feature","id":"gebouw/Gebouw.31804743/0","properties":{"source":"Digitaal Vlaanderen Gebouwenregister","source_id":"gebouw/Gebouw.31804743/0","kind":"building","height_m":8.6,"status":null},"geometry":{"type":"Polygon","coordinates":[[[4.02041832,50.96814693],[4.02045923,50.96812096],[4.02039605,50.96808128],[4.02035514,50.96810725],[4.02041832,50.96814693]]]}},{"type":"Feature","id":"gebouw/Gebouw.31804928/0","properties":{"source":"Digitaal Vlaanderen Gebouwenregister","source_id":"gebouw/Gebouw.31804928/0","kind":"building","height_m":5.72,"status":null},"geometry":{"type":"Polygon","coordinates":[[[4.01894778,50.96303274],[4.01890008,50.96299982],[4.01887925,50.96301185],[4.01887543,50.96301406],[4.01892515,50.96304582],[4.01894778,50.96303274]]]}},{"type":"Feature","id":"gebouw/Gebouw.31805067/0","properties":{"source":"Digitaal Vlaanderen Gebouwenregister","source_id":"gebouw/Gebouw.31805067/0","kind":"building","height_m":5.0,"status":null},"geometry":{"type":"Polygon","coordinates":[[[4.019259,50.96290324],[4.0192994,50.96292277],[4.01933054,50.96289708],[4.01929014,50.96287755],[4.019259,50.96290324]]]}},{"type":"Feature","id":"gebouw/Gebouw.31805142/0","properties":{"source":"Digitaal Vlaanderen Gebouwenregister","source_id":"gebouw/Gebouw.31805142/0","kind":"building","height_m":8.6,"status":null},"geometry":{"type":"Polygon","coordinates":[[[4.01640428,50.96491041],[4.01643755,50.96492541],[4.01648556,50.96488296],[4.01645229,50.96486796],[4.01640428,50.96491041]]]}},{"type":"Feature","id":"gebouw/Gebouw.31805267/0","properties":{"source":"Digitaal Vlaanderen Gebouwenregister","source_id":"gebouw/Gebouw.31805267/0","kind":"building","height_m":7.88,"status":null},"geometry":{"type":"Polygon","coordinates":[[[4.0210349,50.96249884],[4.02112218,50.96252062],[4.0211411,50.96249041],[4.02105382,50.96246862],[4.0210349,50.96249884]]]}},{"type":"Feature","id":"gebouw/Gebouw.31805349/0","properties":{"source":"Digitaal Vlaanderen Gebouwenregister","source_id":"gebouw/Gebouw.31805349/0","kind":"building","height_m":6.44,"status":null},"geometry":{"type":"Polygon","coordinates":[[[4.01607767,50.96891497],[4.01614596,50.9689693],[4.01619565,50.9689444],[4.01612737,50.96889007],[4.01607767,50.96891497]]]}},{"type":"Feature","id":"gebouw/Gebouw.31805629/0","properties":{"source":"Digitaal Vlaanderen Gebouwenregister","source_id":"gebouw/Gebouw.31805629/0","kind":"building","height_m":6.44,"status":null},"geometry":{"type":"Polygon","coordinates":[[[4.02511225,50.96593809],[4.02509608,50.96593138],[4.02504182,50.96590886],[4.02502468,50.96590174],[4.02499579,50.96593021],[4.02500044,50.96593209],[4.02508402,50.96596591],[4.02511225,50.96593809]]]}},{"type":"Feature","id":"gebouw/Gebouw.31805670/0","properties":{"source":"Digitaal Vlaanderen Gebouwenregister","source_id":"gebouw/Gebouw.31805670/0","kind":"building","height_m":5.72,"status":null},"geometry":{"type":"Polygon","coordinates":[[[4.02577337,50.9657881],[4.02572264,50.96576725],[4.02570019,50.96578904],[4.02575092,50.96580989],[4.02577337,50.9657881]]]}},{"type":"Feature","id":"gebouw/Gebouw.31805950/0","properties":{"source":"Digitaal Vlaanderen Gebouwenregister","source_id":"gebouw/Gebouw.31805950/0","kind":"building","height_m":5.72,"status":null},"geometry":{"type":"Polygon","coordinates":[[[4.0168052,50.96464669],[4.01673179,50.96460719],[4.01669873,50.96463169],[4.01677214,50.96467118],[4.0168052,50.96464669]]]}},{"type":"Feature","id":"gebouw/Gebouw.31806298/0","properties":{"source":"Digitaal Vlaanderen Gebouwenregister","source_id":"gebouw/Gebouw.31806298/0","kind":"building","height_m":9.32,"status":null},"geometry":{"type":"Polygon","coordinates":[[[4.02586589,50.96451503],[4.02580138,50.96446867],[4.02572992,50.96450542],[4.02579264,50.96455706],[4.02586589,50.96451503]]]}},{"type":"Feature","id":"gebouw/Gebouw.31806436/0","properties":{"source":"Digitaal Vlaanderen Gebouwenregister","source_id":"gebouw/Gebouw.31806436/0","kind":"building","height_m":7.88,"status":null},"geometry":{"type":"Polygon","coordinates":[[[4.02024288,50.96798991],[4.02024476,50.96799093],[4.02024009,50.96799439],[4.02036738,50.9680695],[4.02039116,50.9680519],[4.02026137,50.96797622],[4.02024288,50.96798991]]]}},{"type":"Feature","id":"gebouw/Gebouw.31806554/0","properties":{"source":"Digitaal Vlaanderen Gebouwenregister","source_id":"gebouw/Gebouw.31806554/0","kind":"building","height_m":7.16,"status":null},"geometry":{"type":"Polygon","coordinates":[[[4.01687497,50.96889727],[4.01682928,50.96892178],[4.01690505,50.96897809],[4.01695073,50.96895359],[4.01687497,50.96889727]]]}},{"type":"Feature","id":"gebouw/Gebouw.31806567/0","properties":{"source":"Digitaal Vlaanderen Gebouwenregister","source_id":"gebouw/Gebouw.31806567/0","kind":"building","height_m":6.44,"status":null},"geometry":{"type":"Polygon","coordinates":[[[4.02015125,50.96844919],[4.0200396,50.96838816],[4.02000196,50.96841562],[4.01999396,50.96842146],[4.02006692,50.96846133],[4.02010561,50.96848248],[4.02015125,50.96844919]]]}},{"type":"Feature","id":"gebouw/Gebouw.32033750/0","properties":{"source":"Digitaal Vlaanderen Gebouwenregister","source_id":"gebouw/Gebouw.32033750/0","kind":"building","height_m":5.0,"status":null},"geometry":{"type":"Polygon","coordinates":[[[4.02358973,50.96352814],[4.02354754,50.96351353],[4.02353043,50.96353322],[4.02357241,50.96354776],[4.02360595,50.96355938],[4.02362305,50.96353968],[4.02358973,50.96352814]]]}},{"type":"Feature","id":"gebouw/Gebouw.32033782/0","properties":{"source":"Digitaal Vlaanderen Gebouwenregister","source_id":"gebouw/Gebouw.32033782/0","kind":"building","height_m":7.88,"status":null},"geometry":{"type":"Polygon","coordinates":[[[4.01852413,50.9675599],[4.01858421,50.96760404],[4.01862127,50.96758392],[4.01856119,50.96753979],[4.01852413,50.9675599]]]}},{"type":"Feature","id":"gebouw/Gebouw.32033901/0","properties":{"source":"Digitaal Vlaanderen Gebouwenregister","source_id":"gebouw/Gebouw.32033901/0","kind":"building","height_m":7.88,"status":null},"geometry":{"type":"Polygon","coordinates":[[[4.01615897,50.96501828],[4.01613465,50.96503914],[4.01617982,50.96506014],[4.01620414,50.96503928],[4.01615897,50.96501828]]]}},{"type":"Feature","id":"gebouw/Gebouw.32033922/0","properties":{"source":"Digitaal Vlaanderen Gebouwenregister","source_id":"gebouw/Gebouw.32033922/0","kind":"building","height_m":7.88,"status":null},"geometry":{"type":"Polygon","coordinates":[[[4.02531956,50.96306058],[4.02534586,50.96303087],[4.0253109,50.96301852],[4.02528459,50.96304824],[4.02531956,50.96306058]]]}},{"type":"Feature","id":"gebouw/Gebouw.32033954/0","properties":{"source":"Digitaal Vlaanderen Gebouwenregister","source_id":"gebouw/Gebouw.32033954/0","kind":"building","height_m":5.72,"status":null},"geometry":{"type":"Polygon","coordinates":[[[4.02553417,50.96601889],[4.02548551,50.96599856],[4.02545191,50.96603312],[4.02550165,50.96605241],[4.02553417,50.96601889]]]}},{"type":"Feature","id":"gebouw/Gebouw.32033997/0","properties":{"source":"Digitaal Vlaanderen Gebouwenregister","source_id":"gebouw/Gebouw.32033997/0","kind":"building","height_m":6.44,"status":null},"geometry":{"type":"Polygon","coordinates":[[[4.01696155,50.96840286],[4.01701706,50.9683776],[4.01694774,50.96831685],[4.01689222,50.96834211],[4.01696155,50.96840286]]]}},{"type":"Feature","id":"gebouw/Gebouw.32034008/0","properties":{"source":"Digitaal Vlaanderen Gebouwenregister","source_id":"gebouw/Gebouw.32034008/0","kind":"building","height_m":9.32,"status":null},"geometry":{"type":"Polygon","coordinates":[[[4.02372156,50.96357658],[4.02370566,50.96357076],[4.02368754,50.96359051],[4.02370396,50.96359652],[4.02376323,50.96361821],[4.02378135,50.96359846],[4.02372156,50.96357658]]]}},{"type":"Feature","id":"way/133612854","properties":{"source":"OpenStreetMap","source_id":"way/133612854","kind":"vegetation","name":null,"waterway":null,"landuse":"forest"},"geometry":{"type":"Polygon","coordinates":[[[4.0237814,50.9656784],[4.0233366,50.9655002],[4.0231701,50.9653711],[4.0226221,50.9647929],[4.0222453,50.9645585],[4.0219881,50.9644523],[4.0217866,50.9643887],[4.0215727,50.9644588],[4.0214435,50.9644055],[4.0213722,50.9644819],[4.0211242,50.9647478],[4.0222925,50.9651738],[4.0218997,50.9655847],[4.022229,50.9657015],[4.0221084,50.9658418],[4.0233007,50.9662479],[4.0234126,50.9661154],[4.0237814,50.9656784]]]}},{"type":"Feature","id":"way/152613960","properties":{"source":"OpenStreetMap","source_id":"way/152613960","kind":"vegetation","name":null,"waterway":null,"landuse":"forest"},"geometry":{"type":"Polygon","coordinates":[[[4.0243353,50.9653908],[4.0245874,50.9652199],[4.0246521,50.9653112],[4.0248107,50.9653743],[4.0254369,50.9649733],[4.025581,50.9650614],[4.0259588,50.9648432],[4.0260193,50.9648747],[4.0259191,50.9649405],[4.0259483,50.9650193],[4.02594,50.9650969],[4.0257939,50.9651495],[4.0257333,50.9652257],[4.0256874,50.9653072],[4.0256164,50.9653808],[4.02551,50.9654242],[4.025295,50.9652954],[4.0252032,50.965319],[4.0251635,50.9653611],[4.0251301,50.9654952],[4.02551,50.9656411],[4.0253451,50.9657778],[4.0252178,50.9656924],[4.024913,50.9659987],[4.0244094,50.9658632],[4.0240248,50.9657597],[4.0241574,50.965538],[4.0243353,50.9653908]]]}},{"type":"Feature","id":"way/152620263","properties":{"source":"OpenStreetMap","source_id":"way/152620263","kind":"vegetation","name":null,"waterway":null,"landuse":"forest"},"geometry":{"type":"Polygon","coordinates":[[[4.0206883,50.9640578],[4.0202212,50.9637764],[4.0199857,50.9639234],[4.0200577,50.9639773],[4.0202756,50.9638655],[4.0206627,50.9641187],[4.0206451,50.9642468],[4.0210259,50.9643677],[4.0211469,50.9644476],[4.0213722,50.9644819],[4.0214435,50.9644055],[4.0209221,50.9641814],[4.0206883,50.9640578]]]}},{"type":"Feature","id":"way/152620269","properties":{"source":"OpenStreetMap","source_id":"way/152620269","kind":"vegetation","name":null,"waterway":null,"landuse":"forest"},"geometry":{"type":"Polygon","coordinates":[[[4.0209655,50.9648606],[4.0204975,50.9645573],[4.0206215,50.9644644],[4.0206156,50.964416],[4.0205743,50.9643919],[4.0204001,50.9645127],[4.020161,50.9643714],[4.0200724,50.9643832],[4.0198384,50.9642323],[4.0197684,50.9641446],[4.0199278,50.9640368],[4.019851,50.9639966],[4.0196234,50.9641082],[4.0199938,50.9643877],[4.0201891,50.9645476],[4.0205123,50.9648027],[4.0208006,50.9649778],[4.0209655,50.9648606]]]}},{"type":"Feature","id":"way/152620298","properties":{"source":"OpenStreetMap","source_id":"way/152620298","kind":"vegetation","name":null,"waterway":null,"landuse":"forest"},"geometry":{"type":"Polygon","coordinates":[[[4.0200663,50.9654997],[4.0198038,50.9653939],[4.0204857,50.9649329],[4.0206994,50.9650498],[4.0200663,50.9654997]]]}},{"type":"Feature","id":"way/152620301","properties":{"source":"OpenStreetMap","source_id":"way/152620301","kind":"vegetation","name":null,"waterway":null,"landuse":"forest"},"geometry":{"type":"Polygon","coordinates":[[[4.019115,50.9650587],[4.0188732,50.9647455],[4.0189245,50.9647208],[4.0193875,50.9649141],[4.0193475,50.9649324],[4.019115,50.9650587]]]}},{"type":"Feature","id":"way/152620309","properties":{"source":"OpenStreetMap","source_id":"way/152620309","kind":"vegetation","name":null,"waterway":null,"landuse":"forest"},"geometry":{"type":"Polygon","coordinates":[[[4.0208121,50.9664935],[4.020619,50.9664631],[4.0204756,50.9665967],[4.0207635,50.9667382],[4.0208872,50.9666603],[4.0209533,50.9665166],[4.0208121,50.9664935]]]}},{"type":"Feature","id":"way/152632725","properties":{"source":"OpenStreetMap","source_id":"way/152632725","kind":"vegetation","name":null,"waterway":null,"landuse":"forest"},"geometry":{"type":"Polygon","coordinates":[[[4.025616,50.96731],[4.0254744,50.9672301],[4.0252016,50.9674034],[4.0254248,50.9675211],[4.0253434,50.9675667],[4.025941,50.9678908],[4.025983,50.9678688],[4.0262862,50.9680864],[4.0263508,50.968064],[4.0261119,50.9678383],[4.0254079,50.9674568],[4.025616,50.96731]]]}},{"type":"Feature","id":"way/152632768","properties":{"source":"OpenStreetMap","source_id":"way/152632768","kind":"vegetation","name":null,"waterway":null,"landuse":"forest"},"geometry":{"type":"Polygon","coordinates":[[[4.0234126,50.9661154],[4.0242879,50.9663608],[4.0243814,50.9662848],[4.0245926,50.9663703],[4.0244568,50.9664843],[4.024306,50.9664102],[4.0241642,50.9666287],[4.0240888,50.966775],[4.0240375,50.9668035],[4.0238927,50.9667826],[4.0238474,50.9667655],[4.0238927,50.9667066],[4.0240194,50.9666401],[4.0240013,50.9665413],[4.0238806,50.9664938],[4.0237841,50.9665014],[4.0236272,50.9667788],[4.0235397,50.9667541],[4.0237599,50.9663],[4.0233007,50.9662479],[4.0234126,50.9661154]]]}},{"type":"Feature","id":"way/152632815","properties":{"source":"OpenStreetMap","source_id":"way/152632815","kind":"vegetation","name":null,"waterway":null,"landuse":"forest"},"geometry":{"type":"Polygon","coordinates":[[[4.0239309,50.9677682],[4.023977,50.9677412],[4.0243104,50.9679512],[4.0244868,50.9678467],[4.0241686,50.9676272],[4.0242138,50.9675978],[4.0244304,50.9677432],[4.0246482,50.9678894],[4.0244042,50.9680647],[4.0239309,50.9677682]]]}},{"type":"Feature","id":"way/152669995","properties":{"source":"OpenStreetMap","source_id":"way/152669995","kind":"vegetation","name":null,"waterway":null,"landuse":"forest"},"geometry":{"type":"Polygon","coordinates":[[[4.0193931,50.9629359],[4.0186202,50.9626062],[4.0179281,50.962407],[4.0178964,50.9625177],[4.0171481,50.9634625],[4.0178297,50.9637325],[4.0186237,50.9627013],[4.0193228,50.9629934],[4.0193931,50.9629359]]]}},{"type":"Feature","id":"way/152734087","properties":{"source":"OpenStreetMap","source_id":"way/152734087","kind":"water","name":null,"waterway":null,"landuse":null},"geometry":{"type":"Polygon","coordinates":[[[4.0244913,50.9661827],[4.0246068,50.9661033],[4.024712,50.9660265],[4.0246899,50.9660117],[4.0246483,50.966037],[4.024532,50.9659785],[4.0244447,50.9659506],[4.0243782,50.9659471],[4.0243364,50.965943],[4.0243024,50.9659803],[4.0243159,50.9660108],[4.0243408,50.9660396],[4.0244004,50.9660745],[4.02446,50.9661068],[4.0244973,50.9661303],[4.0244904,50.9661486],[4.0244627,50.9661757],[4.0244913,50.9661827]]]}},{"type":"Feature","id":"way/790840065","properties":{"source":"OpenStreetMap","source_id":"way/790840065","kind":"waterway","name":"IJsbroekbeek","waterway":"stream","landuse":null},"geometry":{"type":"LineString","coordinates":[[4.0200339,50.9634843],[4.0202142,50.9636245],[4.0202384,50.9637593],[4.0202665,50.9637901]]}},{"type":"Feature","id":"way/790840066","properties":{"source":"OpenStreetMap","source_id":"way/790840066","kind":"waterway","name":"IJsbroekbeek","waterway":"stream","landuse":null},"geometry":{"type":"LineString","coordinates":[[4.0202665,50.9637901],[4.0206192,50.9640118],[4.0206984,50.9640595],[4.0207808,50.9641529],[4.0211892,50.9643142],[4.0215674,50.9644578],[4.021621,50.9644586],[4.02179,50.9643902],[4.0218303,50.9643818],[4.0219121,50.9644046],[4.0221427,50.9645253],[4.0222755,50.9645971],[4.0226094,50.964826],[4.0228535,50.9650896],[4.02317,50.965408],[4.0233055,50.9655009],[4.0237682,50.965685],[4.0241437,50.9657965],[4.0248853,50.9660051],[4.0252903,50.9661419],[4.02558,50.9662788]]}},{"type":"Feature","id":"way/790840067","properties":{"source":"OpenStreetMap","source_id":"way/790840067","kind":"waterway","name":"IJsbroekbeek","waterway":"stream","landuse":null},"geometry":{"type":"LineString","coordinates":[[4.02558,50.9662788],[4.025694,50.9663691]]}},{"type":"Feature","id":"way/790840069","properties":{"source":"OpenStreetMap","source_id":"way/790840069","kind":"waterway","name":"IJsbroekbeek","waterway":"stream","landuse":null},"geometry":{"type":"LineString","coordinates":[[4.025694,50.9663691],[4.0258227,50.9664274],[4.0258442,50.9664283]]}},{"type":"Feature","id":"way/790840090","properties":{"source":"OpenStreetMap","source_id":"way/790840090","kind":"waterway","name":"IJsbroekbeek","waterway":"stream","landuse":null},"geometry":{"type":"LineString","coordinates":[[4.0158074,50.962146],[4.016372,50.9622938],[4.01695,50.9623504],[4.0173604,50.9623504],[4.0176688,50.9623808],[4.0181141,50.9624526],[4.0183622,50.9625202],[4.018515,50.962581],[4.0188114,50.9626916],[4.0191226,50.9628268],[4.0195142,50.9630675],[4.019596,50.9631249],[4.0200339,50.9634843]]}}]}