{"type":"FeatureCollection","features":[{"type":"Feature","id":"gebouw/Gebouw.15706278/0","properties":{"source":"Digitaal Vlaanderen Gebouwenregister","source_id":"gebouw/Gebouw.15706278/0","kind":"building","height_m":5.0,"status":null},"geometry":{"type":"Polygon","coordinates":[[[4.04943773,50.93064783],[4.04935996,50.93084493],[4.0492042,50.93082039],[4.04928197,50.93062328],[4.04943773,50.93064783]]]}},{"type":"Feature","id":"gebouw/Gebouw.15810576/0","properties":{"source":"Digitaal Vlaanderen Gebouwenregister","source_id":"gebouw/Gebouw.15810576/0","kind":"building","height_m":8.6,"status":null},"geometry":{"type":"Polygon","coordinates":[[[4.04950225,50.93229696],[4.04954519,50.93230505],[4.04949839,50.93240421],[4.04920245,50.93234843],[4.04922792,50.93229445],[4.04920031,50.93228925],[4.04924194,50.93220105],[4.04952255,50.93225394],[4.04950225,50.93229696]]]}},{"type":"Feature","id":"gebouw/Gebouw.15879824/0","properties":{"source":"Digitaal Vlaanderen Gebouwenregister","source_id":"gebouw/Gebouw.15879824/0","kind":"building","height_m":6.44,"status":null},"geometry":{"type":"Polygon","coordinates":[[[4.04982893,50.93166478],[4.04985616,50.93161145],[4.04988383,50.93161709],[4.04995296,50.93148169],[4.05000759,50.93149282],[4.04991123,50.93168156],[4.04982893,50.93166478]]]}},{"type":"Feature","id":"gebouw/Gebouw.15914348/0","properties":{"source":"Digitaal Vlaanderen Gebouwenregister","source_id":"gebouw/Gebouw.15914348/0","kind":"building","height_m":6.44,"status":null},"geometry":{"type":"Polygon","coordinates":[[[4.04893639,50.93062436],[4.04888319,50.93083967],[4.04878271,50.93082975],[4.04873684,50.93101539],[4.04822519,50.9309649],[4.04832426,50.93056395],[4.04893639,50.93062436]]]}},{"type":"Feature","id":"gebouw/Gebouw.15998447/0","properties":{"source":"Digitaal Vlaanderen Gebouwenregister","source_id":"gebouw/Gebouw.15998447/0","kind":"building","height_m":7.16,"status":null},"geometry":{"type":"Polygon","coordinates":[[[4.0493057,50.93091045],[4.0491905,50.93089261],[4.04920796,50.93084759],[4.04932316,50.93086542],[4.0493057,50.93091045]]]}},{"type":"Feature","id":"gebouw/Gebouw.16037620/0","properties":{"source":"Digitaal Vlaanderen Gebouwenregister","source_id":"gebouw/Gebouw.16037620/0","kind":"building","height_m":7.88,"status":null},"geometry":{"type":"Polygon","coordinates":[[[4.04842752,50.93229664],[4.04863174,50.932333],[4.04860037,50.93240337],[4.04839614,50.93236701],[4.04842752,50.93229664]]]}},{"type":"Feature","id":"gebouw/Gebouw.16288006/0","properties":{"source":"Digitaal Vlaanderen Gebouwenregister","source_id":"gebouw/Gebouw.16288006/0","kind":"building","height_m":5.0,"status":null},"geometry":{"type":"Polygon","coordinates":[[[4.04834704,50.93250607],[4.04831664,50.93257668],[4.04827633,50.93256975],[4.04830673,50.93249914],[4.04834704,50.93250607]]]}},{"type":"Feature","id":"gebouw/Gebouw.16414232/0","properties":{"source":"Digitaal Vlaanderen Gebouwenregister","source_id":"gebouw/Gebouw.16414232/0","kind":"building","height_m":6.44,"status":null},"geometry":{"type":"Polygon","coordinates":[[[4.04962158,50.92922542],[4.04930287,50.92922323],[4.04930399,50.92915836],[4.0496227,50.92916056],[4.04962158,50.92922542]]]}},{"type":"Feature","id":"gebouw/Gebouw.16482244/0","properties":{"source":"Digitaal Vlaanderen Gebouwenregister","source_id":"gebouw/Gebouw.16482244/0","kind":"building","height_m":6.44,"status":null},"geometry":{"type":"Polygon","coordinates":[[[4.05869571,50.93132767],[4.05879543,50.93126683],[4.05884901,50.93130171],[4.0588339,50.9313111],[4.05886455,50.93133119],[4.05887233,50.93132664],[4.05890886,50.93135047],[4.05891662,50.93134588],[4.05895815,50.93137299],[4.05885828,50.93143408],[4.05869571,50.93132767]]]}},{"type":"Feature","id":"gebouw/Gebouw.16484885/0","properties":{"source":"Digitaal Vlaanderen Gebouwenregister","source_id":"gebouw/Gebouw.16484885/0","kind":"building","height_m":7.88,"status":null},"geometry":{"type":"Polygon","coordinates":[[[4.0488413,50.93233078],[4.04902266,50.93194212],[4.04957321,50.93204471],[4.04963909,50.93190351],[4.04906683,50.93179688],[4.0491545,50.931609],[4.04887733,50.93155735],[4.04854242,50.93227508],[4.0488413,50.93233078]]]}},{"type":"Feature","id":"gebouw/Gebouw.16679371/0","properties":{"source":"Digitaal Vlaanderen Gebouwenregister","source_id":"gebouw/Gebouw.16679371/0","kind":"building","height_m":6.44,"status":null},"geometry":{"type":"Polygon","coordinates":[[[4.04838282,50.93109047],[4.04819692,50.93107197],[4.04819607,50.93107531],[4.04817497,50.93115783],[4.04859467,50.93119958],[4.04860376,50.93120049],[4.04862516,50.93111457],[4.04861596,50.93111366],[4.04838282,50.93109047]]]}},{"type":"Feature","id":"gebouw/Gebouw.16737357/0","properties":{"source":"Digitaal Vlaanderen Gebouwenregister","source_id":"gebouw/Gebouw.16737357/0","kind":"building","height_m":5.0,"status":null},"geometry":{"type":"Polygon","coordinates":[[[4.05559989,50.93139154],[4.05534443,50.93151024],[4.05530006,50.93147214],[4.05528924,50.93146285],[4.05506165,50.93126744],[4.05504978,50.93124617],[4.05503492,50.93121953],[4.05506325,50.93116858],[4.05515464,50.93117263],[4.05515432,50.93119902],[4.05515348,50.93126607],[4.05539204,50.93127164],[4.0553037,50.93119882],[4.05530256,50.93113216],[4.0553806,50.93120024],[4.05559989,50.93139154]]]}},{"type":"Feature","id":"gebouw/Gebouw.16745687/0","properties":{"source":"Digitaal Vlaanderen Gebouwenregister","source_id":"gebouw/Gebouw.16745687/0","kind":"building","height_m":5.0,"status":null},"geometry":{"type":"Polygon","coordinates":[[[4.0578531,50.92992724],[4.05781468,50.92989561],[4.05780554,50.92989998],[4.05759236,50.92971628],[4.05790351,50.92957763],[4.05835298,50.92969129],[4.05836256,50.929752],[4.05836341,50.9297574],[4.05841184,50.92979664],[4.05841359,50.92979807],[4.05834225,50.92983305],[4.05828768,50.92978577],[4.05811149,50.92986525],[4.0580616,50.92982056],[4.05823044,50.92974174],[4.05822965,50.92973049],[4.05821749,50.92973183],[4.0582142,50.92970304],[4.05794985,50.92962976],[4.05778791,50.92970782],[4.05794088,50.9298367],[4.05793609,50.92983916],[4.05797147,50.92987133],[4.0578531,50.92992724]]]}},{"type":"Feature","id":"gebouw/Gebouw.16745702/0","properties":{"source":"Digitaal Vlaanderen Gebouwenregister","source_id":"gebouw/Gebouw.16745702/0","kind":"building","height_m":5.72,"status":null},"geometry":{"type":"Polygon","coordinates":[[[4.05758492,50.93142648],[4.0575061,50.9314634],[4.05750523,50.93146275],[4.05750353,50.93146343],[4.05733868,50.93132025],[4.05735776,50.93131148],[4.05737567,50.93132703],[4.05743782,50.93129846],[4.05758492,50.93142648]]]}},{"type":"Feature","id":"gebouw/Gebouw.16746435/0","properties":{"source":"Digitaal Vlaanderen Gebouwenregister","source_id":"gebouw/Gebouw.16746435/0","kind":"building","height_m":9.32,"status":null},"geometry":{"type":"Polygon","coordinates":[[[4.05789509,50.92919793],[4.05786642,50.92924152],[4.0578704,50.92924257],[4.05786877,50.92924505],[4.05778986,50.92922455],[4.05779149,50.92922205],[4.05779543,50.92922308],[4.0578017,50.92921344],[4.05769782,50.92918662],[4.05775017,50.92910565],[4.05792095,50.92914974],[4.05792939,50.92913667],[4.05801607,50.92915905],[4.05800592,50.92917448],[4.05797645,50.9292193],[4.05789509,50.92919793]]]}},{"type":"Feature","id":"gebouw/Gebouw.16751771/0","properties":{"source":"Digitaal Vlaanderen Gebouwenregister","source_id":"gebouw/Gebouw.16751771/0","kind":"building","height_m":5.72,"status":null},"geometry":{"type":"Polygon","coordinates":[[[4.05258688,50.93277606],[4.0520626,50.93278623],[4.05206243,50.93284921],[4.05163384,50.93285824],[4.05163398,50.93284502],[4.05156969,50.93284601],[4.05156779,50.93278995],[4.05161066,50.93278887],[4.05159047,50.93226486],[4.05265879,50.93224657],[4.05268028,50.93274783],[4.05268219,50.93274779],[4.05268487,50.93280283],[4.05267779,50.93280297],[4.05267725,50.93279197],[4.05267639,50.93277432],[4.05258688,50.93277606]]]}},{"type":"Feature","id":"gebouw/Gebouw.16752033/0","properties":{"source":"Digitaal Vlaanderen Gebouwenregister","source_id":"gebouw/Gebouw.16752033/0","kind":"building","height_m":7.88,"status":null},"geometry":{"type":"Polygon","coordinates":[[[4.05779242,50.93208657],[4.05789375,50.93214843],[4.05782572,50.93219293],[4.05772439,50.93213108],[4.05779242,50.93208657]]]}},{"type":"Feature","id":"gebouw/Gebouw.16754703/0","properties":{"source":"Digitaal Vlaanderen Gebouwenregister","source_id":"gebouw/Gebouw.16754703/0","kind":"building","height_m":5.0,"status":null},"geometry":{"type":"Polygon","coordinates":[[[4.05877566,50.92942477],[4.05871786,50.92941024],[4.05867132,50.92948428],[4.05850659,50.92944292],[4.0585533,50.92936998],[4.05860617,50.9293829],[4.05865734,50.9293954],[4.0587091,50.92940804],[4.05876305,50.92932381],[4.05879932,50.92926717],[4.05885587,50.92928136],[4.05881998,50.92933847],[4.0588251,50.92933976],[4.05877566,50.92942477]]]}},{"type":"Feature","id":"gebouw/Gebouw.16754902/0","properties":{"source":"Digitaal Vlaanderen Gebouwenregister","source_id":"gebouw/Gebouw.16754902/0","kind":"building","height_m":7.16,"status":null},"geometry":{"type":"Polygon","coordinates":[[[4.05790371,50.92890081],[4.05790912,50.92893319],[4.05784641,50.92893737],[4.05784101,50.92890499],[4.05790371,50.92890081]]]}},{"type":"Feature","id":"gebouw/Gebouw.16755077/0","properties":{"source":"Digitaal Vlaanderen Gebouwenregister","source_id":"gebouw/Gebouw.16755077/0","kind":"building","height_m":7.16,"status":null},"geometry":{"type":"Polygon","coordinates":[[[4.04825298,50.93483534],[4.04826734,50.93482908],[4.04827701,50.93482486],[4.04832235,50.93480508],[4.04832776,50.93481003],[4.04843577,50.93476292],[4.0483456,50.93468038],[4.04824125,50.9347259],[4.04825024,50.93473413],[4.04824785,50.93473517],[4.04819301,50.93475909],[4.04815174,50.93477709],[4.04822407,50.9348433],[4.04822751,50.93484645],[4.04825298,50.93483534]]]}},{"type":"Feature","id":"gebouw/Gebouw.16758324/0","properties":{"source":"Digitaal Vlaanderen Gebouwenregister","source_id":"gebouw/Gebouw.16758324/0","kind":"building","height_m":6.44,"status":null},"geometry":{"type":"Polygon","coordinates":[[[4.05450349,50.93299311],[4.05450043,50.93301167],[4.05446817,50.93300954],[4.05446244,50.93305596],[4.05445825,50.93305569],[4.05445589,50.93305553],[4.05427615,50.93304388],[4.05428185,50.93301404],[4.05427999,50.93301403],[4.05428278,50.93299813],[4.0542842,50.93299821],[4.05428806,50.93297487],[4.05450349,50.93299311]]]}},{"type":"Feature","id":"gebouw/Gebouw.16758370/0","properties":{"source":"Digitaal Vlaanderen Gebouwenregister","source_id":"gebouw/Gebouw.16758370/0","kind":"building","height_m":9.32,"status":null},"geometry":{"type":"Polygon","coordinates":[[[4.05805977,50.92919814],[4.05805574,50.92920436],[4.05803924,50.92922984],[4.0580064,50.92928055],[4.05806146,50.92929479],[4.05804606,50.92931972],[4.05814093,50.92934419],[4.05821015,50.92923703],[4.05805977,50.92919814]]]}},{"type":"Feature","id":"gebouw/Gebouw.16758743/0","properties":{"source":"Digitaal Vlaanderen Gebouwenregister","source_id":"gebouw/Gebouw.16758743/0","kind":"building","height_m":5.72,"status":null},"geometry":{"type":"Polygon","coordinates":[[[4.05285175,50.93323935],[4.05287804,50.93326099],[4.05280953,50.93329422],[4.05278324,50.93327259],[4.05285175,50.93323935]]]}},{"type":"Feature","id":"gebouw/Gebouw.16758992/0","properties":{"source":"Digitaal Vlaanderen Gebouwenregister","source_id":"gebouw/Gebouw.16758992/0","kind":"building","height_m":8.6,"status":null},"geometry":{"type":"Polygon","coordinates":[[[4.05765689,50.93196324],[4.057645,50.93197092],[4.05770837,50.93201007],[4.0576488,50.93204857],[4.05761817,50.93202965],[4.05761468,50.93203191],[4.05758109,50.93201115],[4.05756853,50.93201927],[4.05741887,50.9319268],[4.05750637,50.93187025],[4.05765689,50.93196324]]]}},{"type":"Feature","id":"gebouw/Gebouw.16759180/0","properties":{"source":"Digitaal Vlaanderen Gebouwenregister","source_id":"gebouw/Gebouw.16759180/0","kind":"building","height_m":7.88,"status":null},"geometry":{"type":"Polygon","coordinates":[[[4.05760633,50.92919169],[4.05757295,50.92918265],[4.05760804,50.92913085],[4.05764143,50.92913988],[4.05760633,50.92919169]]]}},{"type":"Feature","id":"gebouw/Gebouw.16759186/0","properties":{"source":"Digitaal Vlaanderen Gebouwenregister","source_id":"gebouw/Gebouw.16759186/0","kind":"building","height_m":7.16,"status":null},"geometry":{"type":"Polygon","coordinates":[[[4.05787868,50.92875657],[4.05786993,50.92876632],[4.05786302,50.92876385],[4.05784158,50.92878775],[4.05777359,50.9287591],[4.05779199,50.92873859],[4.05780363,50.92874276],[4.05783997,50.92870226],[4.0579009,50.92872408],[4.05787344,50.92875469],[4.05787868,50.92875657]]]}},{"type":"Feature","id":"gebouw/Gebouw.16760407/0","properties":{"source":"Digitaal Vlaanderen Gebouwenregister","source_id":"gebouw/Gebouw.16760407/0","kind":"building","height_m":9.32,"status":null},"geometry":{"type":"Polygon","coordinates":[[[4.05825725,50.92871553],[4.05823603,50.92874066],[4.05816964,50.92871827],[4.05819086,50.92869314],[4.05825725,50.92871553]]]}},{"type":"Feature","id":"gebouw/Gebouw.16760615/0","properties":{"source":"Digitaal Vlaanderen Gebouwenregister","source_id":"gebouw/Gebouw.16760615/0","kind":"building","height_m":7.88,"status":null},"geometry":{"type":"Polygon","coordinates":[[[4.05502207,50.92912691],[4.05503495,50.92909974],[4.05535203,50.92916536],[4.05541988,50.9291794],[4.05543938,50.92915677],[4.05546528,50.9291633],[4.05549338,50.92917038],[4.05544611,50.92925298],[4.05544206,50.92926006],[4.05500322,50.92916667],[4.0550046,50.92916376],[4.05502207,50.92912691]]]}},{"type":"Feature","id":"gebouw/Gebouw.16761599/0","properties":{"source":"Digitaal Vlaanderen Gebouwenregister","source_id":"gebouw/Gebouw.16761599/0","kind":"building","height_m":5.72,"status":null},"geometry":{"type":"Polygon","coordinates":[[[4.05183555,50.93420868],[4.05176714,50.93385419],[4.05220074,50.93381884],[4.0522695,50.93417468],[4.05183555,50.93420868]]]}},{"type":"Feature","id":"gebouw/Gebouw.16761747/0","properties":{"source":"Digitaal Vlaanderen Gebouwenregister","source_id":"gebouw/Gebouw.16761747/0","kind":"building","height_m":6.44,"status":null},"geometry":{"type":"Polygon","coordinates":[[[4.05593504,50.93151043],[4.05596693,50.93149546],[4.05598123,50.93150663],[4.05597741,50.9315082],[4.05600027,50.93152777],[4.05597118,50.93154153],[4.05593504,50.93151043]]]}},{"type":"Feature","id":"gebouw/Gebouw.16761997/0","properties":{"source":"Digitaal Vlaanderen Gebouwenregister","source_id":"gebouw/Gebouw.16761997/0","kind":"building","height_m":5.0,"status":null},"geometry":{"type":"Polygon","coordinates":[[[4.05567939,50.92870046],[4.05559516,50.92867882],[4.05558823,50.92867704],[4.05563257,50.9286018],[4.05549126,50.92856497],[4.05543833,50.92863852],[4.05534297,50.92861401],[4.05543506,50.92848014],[4.05564753,50.9285377],[4.0556672,50.92854303],[4.05568361,50.92854747],[4.0558007,50.92857919],[4.05581134,50.92856373],[4.05588692,50.92858315],[4.05584717,50.92864095],[4.05587256,50.92864748],[4.05585971,50.92866615],[4.05585328,50.92867551],[4.05582763,50.92866892],[4.05582257,50.92867597],[4.05577096,50.92866088],[4.05577526,50.92865546],[4.05572009,50.92864129],[4.05567939,50.92870046]]]}},{"type":"Feature","id":"gebouw/Gebouw.16762210/0","properties":{"source":"Digitaal Vlaanderen Gebouwenregister","source_id":"gebouw/Gebouw.16762210/0","kind":"building","height_m":7.16,"status":null},"geometry":{"type":"Polygon","coordinates":[[[4.05499861,50.93301805],[4.05491942,50.93301688],[4.0549092,50.93308491],[4.05461056,50.93306556],[4.05460825,50.93300199],[4.05460635,50.93294952],[4.05457869,50.93288719],[4.05485685,50.93283705],[4.05492105,50.93298168],[4.05499746,50.93297905],[4.05499861,50.93301805]],[[4.05466272,50.93300258],[4.0546633,50.93304156],[4.05471138,50.93304326],[4.05470546,50.93299584],[4.05466272,50.93300258]]]}},{"type":"Feature","id":"gebouw/Gebouw.16772794/0","properties":{"source":"Digitaal Vlaanderen Gebouwenregister","source_id":"gebouw/Gebouw.16772794/0","kind":"building","height_m":7.16,"status":null},"geometry":{"type":"Polygon","coordinates":[[[4.05803772,50.93108983],[4.05812656,50.93116146],[4.05807013,50.93118941],[4.05806611,50.93118609],[4.05802334,50.93120753],[4.05797192,50.93123243],[4.05797657,50.93123611],[4.05791982,50.93126417],[4.05783053,50.93119203],[4.05791723,50.93114917],[4.05790578,50.93113993],[4.05798015,50.93110309],[4.05799188,50.93111254],[4.05803772,50.93108983]]]}},{"type":"Feature","id":"gebouw/Gebouw.16773004/0","properties":{"source":"Digitaal Vlaanderen Gebouwenregister","source_id":"gebouw/Gebouw.16773004/0","kind":"building","height_m":7.16,"status":null},"geometry":{"type":"Polygon","coordinates":[[[4.05676259,50.93166091],[4.05680368,50.93164187],[4.05683847,50.93167185],[4.05679742,50.93169088],[4.05677359,50.93167037],[4.05676259,50.93166091]]]}},{"type":"Feature","id":"gebouw/Gebouw.16773609/0","properties":{"source":"Digitaal Vlaanderen Gebouwenregister","source_id":"gebouw/Gebouw.16773609/0","kind":"building","height_m":9.32,"status":null},"geometry":{"type":"Polygon","coordinates":[[[4.05867598,50.92861067],[4.05864942,50.92862944],[4.05859136,50.92859662],[4.05861981,50.92857651],[4.05864027,50.92858896],[4.05867598,50.92861067]]]}},{"type":"Feature","id":"gebouw/Gebouw.16774622/0","properties":{"source":"Digitaal Vlaanderen Gebouwenregister","source_id":"gebouw/Gebouw.16774622/0","kind":"building","height_m":7.88,"status":null},"geometry":{"type":"Polygon","coordinates":[[[4.056792,50.9318739],[4.05672279,50.93190292],[4.05657742,50.93177784],[4.0566142,50.93176357],[4.05653156,50.93169236],[4.05653587,50.93169036],[4.05651188,50.93166969],[4.05653969,50.9316568],[4.05656343,50.93167723],[4.056792,50.9318739]]]}},{"type":"Feature","id":"gebouw/Gebouw.16775398/0","properties":{"source":"Digitaal Vlaanderen Gebouwenregister","source_id":"gebouw/Gebouw.16775398/0","kind":"building","height_m":7.16,"status":null},"geometry":{"type":"Polygon","coordinates":[[[4.05642179,50.92872897],[4.05648936,50.9287669],[4.05643395,50.92880665],[4.05636638,50.92876872],[4.05642179,50.92872897]]]}},{"type":"Feature","id":"gebouw/Gebouw.16781874/0","properties":{"source":"Digitaal Vlaanderen Gebouwenregister","source_id":"gebouw/Gebouw.16781874/0","kind":"building","height_m":7.88,"status":null},"geometry":{"type":"Polygon","coordinates":[[[4.05658222,50.93196197],[4.0564999,50.93199647],[4.05630971,50.93183317],[4.05632558,50.93182706],[4.05633173,50.93183236],[4.05634782,50.9318249],[4.05635764,50.93183336],[4.05636152,50.93183157],[4.05639972,50.93186449],[4.0564447,50.93184364],[4.05658222,50.93196197]]]}},{"type":"Feature","id":"gebouw/Gebouw.16782329/0","properties":{"source":"Digitaal Vlaanderen Gebouwenregister","source_id":"gebouw/Gebouw.16782329/0","kind":"building","height_m":7.88,"status":null},"geometry":{"type":"Polygon","coordinates":[[[4.05621344,50.92884711],[4.05594873,50.92875428],[4.0559737,50.9287231],[4.0560112,50.92873625],[4.05619076,50.92879922],[4.05645172,50.92864678],[4.05665082,50.92853048],[4.05670063,50.92850139],[4.05670027,50.92850114],[4.05665867,50.92847269],[4.05671925,50.9284373],[4.05676041,50.92846545],[4.05676121,50.928466],[4.05683874,50.92842071],[4.05689061,50.9284544],[4.05664038,50.92859952],[4.05663984,50.92859983],[4.05621344,50.92884711]]]}},{"type":"Feature","id":"gebouw/Gebouw.16783438/0","properties":{"source":"Digitaal Vlaanderen Gebouwenregister","source_id":"gebouw/Gebouw.16783438/0","kind":"building","height_m":5.0,"status":null},"geometry":{"type":"Polygon","coordinates":[[[4.05860601,50.93136626],[4.05875229,50.93146434],[4.05869204,50.93150022],[4.05863812,50.93146407],[4.05857395,50.93150229],[4.05848159,50.93144037],[4.05860601,50.93136626]]]}},{"type":"Feature","id":"gebouw/Gebouw.16783494/0","properties":{"source":"Digitaal Vlaanderen Gebouwenregister","source_id":"gebouw/Gebouw.16783494/0","kind":"building","height_m":5.0,"status":null},"geometry":{"type":"Polygon","coordinates":[[[4.05838631,50.93189118],[4.05843395,50.93192229],[4.05838183,50.93195416],[4.0583342,50.93192306],[4.05838631,50.93189118]]]}},{"type":"Feature","id":"gebouw/Gebouw.16783896/0","properties":{"source":"Digitaal Vlaanderen Gebouwenregister","source_id":"gebouw/Gebouw.16783896/0","kind":"building","height_m":7.16,"status":null},"geometry":{"type":"Polygon","coordinates":[[[4.05829411,50.93198362],[4.05817694,50.93205437],[4.05799419,50.93193353],[4.05811136,50.93186277],[4.05829411,50.93198362]]]}},{"type":"Feature","id":"gebouw/Gebouw.16785259/0","properties":{"source":"Digitaal Vlaanderen Gebouwenregister","source_id":"gebouw/Gebouw.16785259/0","kind":"building","height_m":5.72,"status":null},"geometry":{"type":"Polygon","coordinates":[[[4.05743379,50.93218801],[4.05746875,50.93221595],[4.05741643,50.93224218],[4.05738146,50.93221423],[4.05743379,50.93218801]]]}},{"type":"Feature","id":"gebouw/Gebouw.16785357/0","properties":{"source":"Digitaal Vlaanderen Gebouwenregister","source_id":"gebouw/Gebouw.16785357/0","kind":"building","height_m":5.72,"status":null},"geometry":{"type":"Polygon","coordinates":[[[4.05700114,50.93177649],[4.05691881,50.93170565],[4.0569246,50.93170317],[4.05690082,50.93168073],[4.05697738,50.93164832],[4.05696095,50.93163281],[4.05688419,50.93156041],[4.05692936,50.93154129],[4.05700132,50.93161572],[4.05701881,50.93160832],[4.0570438,50.9316319],[4.05703436,50.93163589],[4.05713403,50.93172991],[4.05705105,50.93176504],[4.05704399,50.93175838],[4.05700114,50.93177649]]]}},{"type":"Feature","id":"gebouw/Gebouw.16785364/0","properties":{"source":"Digitaal Vlaanderen Gebouwenregister","source_id":"gebouw/Gebouw.16785364/0","kind":"building","height_m":5.72,"status":null},"geometry":{"type":"Polygon","coordinates":[[[4.05778192,50.93222753],[4.05774306,50.93223922],[4.05772186,50.93221107],[4.05776071,50.93219938],[4.05778192,50.93222753]]]}},{"type":"Feature","id":"gebouw/Gebouw.16785569/0","properties":{"source":"Digitaal Vlaanderen Gebouwenregister","source_id":"gebouw/Gebouw.16785569/0","kind":"building","height_m":7.16,"status":null},"geometry":{"type":"Polygon","coordinates":[[[4.05460635,50.93294952],[4.05451921,50.93296778],[4.05451296,50.93295591],[4.05447813,50.93296113],[4.05446574,50.93296032],[4.05445396,50.93295818],[4.05444583,50.93295471],[4.05443622,50.93294703],[4.05442956,50.93294777],[4.05440817,50.93290487],[4.05439347,50.93290769],[4.05436941,50.93285599],[4.05443227,50.93284622],[4.05442947,50.93283995],[4.05446175,50.93283404],[4.05445989,50.93282998],[4.05448843,50.93282475],[4.05448774,50.93282328],[4.05451535,50.93281763],[4.054516,50.93281884],[4.05454386,50.93281351],[4.05454395,50.93281419],[4.05454532,50.93281419],[4.05454546,50.93281493],[4.05454654,50.93281476],[4.05457869,50.93288719],[4.05460635,50.93294952]]]}},{"type":"Feature","id":"gebouw/Gebouw.16785814/0","properties":{"source":"Digitaal Vlaanderen Gebouwenregister","source_id":"gebouw/Gebouw.16785814/0","kind":"building","height_m":7.16,"status":null},"geometry":{"type":"Polygon","coordinates":[[[4.05738708,50.93199728],[4.05737548,50.93200305],[4.0574075,50.93202874],[4.05743401,50.93201555],[4.05748046,50.93205282],[4.05732566,50.93212986],[4.05720557,50.93203355],[4.0572569,50.93200799],[4.05725968,50.93201028],[4.05728105,50.93200008],[4.05726492,50.93198705],[4.05733244,50.93195344],[4.05738708,50.93199728]]]}},{"type":"Feature","id":"gebouw/Gebouw.16785966/0","properties":{"source":"Digitaal Vlaanderen Gebouwenregister","source_id":"gebouw/Gebouw.16785966/0","kind":"building","height_m":5.72,"status":null},"geometry":{"type":"Polygon","coordinates":[[[4.0583216,50.92935227],[4.05831421,50.92936369],[4.05825494,50.92934836],[4.05831905,50.92924935],[4.05843143,50.92927841],[4.05847202,50.92921572],[4.05854369,50.92923425],[4.05842249,50.92942143],[4.05834404,50.92940115],[4.05836793,50.92936425],[4.0583216,50.92935227]]]}},{"type":"Feature","id":"gebouw/Gebouw.16794758/0","properties":{"source":"Digitaal Vlaanderen Gebouwenregister","source_id":"gebouw/Gebouw.16794758/0","kind":"building","height_m":5.72,"status":null},"geometry":{"type":"Polygon","coordinates":[[[4.05854781,50.93183043],[4.05858883,50.931857],[4.05849631,50.93191345],[4.05843357,50.93187238],[4.0584541,50.93185985],[4.05838597,50.93181526],[4.05843044,50.93178784],[4.05837301,50.93175065],[4.05836862,50.93174516],[4.05836355,50.93173404],[4.05836268,50.93172371],[4.05836522,50.93171338],[4.05836833,50.9317094],[4.05837278,50.9317051],[4.05838283,50.9316978],[4.05839441,50.93169272],[4.0584104,50.93168938],[4.05842581,50.93168891],[4.05844348,50.93169148],[4.05846136,50.93169617],[4.05848084,50.93168416],[4.05847656,50.93168087],[4.0585645,50.93162877],[4.05869028,50.93171024],[4.05867152,50.9317218],[4.05868484,50.93173056],[4.05859767,50.93178457],[4.05860963,50.93179232],[4.05854781,50.93183043]]]}},{"type":"Feature","id":"gebouw/Gebouw.16794905/0","properties":{"source":"Digitaal Vlaanderen Gebouwenregister","source_id":"gebouw/Gebouw.16794905/0","kind":"building","height_m":5.72,"status":null},"geometry":{"type":"Polygon","coordinates":[[[4.05648197,50.92890785],[4.05654255,50.92892423],[4.05652475,50.92895052],[4.05646402,50.9289341],[4.05645235,50.92893094],[4.05647015,50.92890465],[4.05648197,50.92890785]]]}},{"type":"Feature","id":"gebouw/Gebouw.16797144/0","properties":{"source":"Digitaal Vlaanderen Gebouwenregister","source_id":"gebouw/Gebouw.16797144/0","kind":"building","height_m":5.0,"status":null},"geometry":{"type":"Polygon","coordinates":[[[4.05574658,50.93158173],[4.05552619,50.931686],[4.05542062,50.93159762],[4.0554319,50.93159229],[4.05564158,50.93149308],[4.05574658,50.93158173]]]}},{"type":"Feature","id":"gebouw/Gebouw.16797363/0","properties":{"source":"Digitaal Vlaanderen Gebouwenregister","source_id":"gebouw/Gebouw.16797363/0","kind":"building","height_m":6.44,"status":null},"geometry":{"type":"Polygon","coordinates":[[[4.05380727,50.93302901],[4.05380314,50.93305411],[4.05379585,50.93309852],[4.05365137,50.93308781],[4.05361915,50.93308542],[4.05361461,50.93308508],[4.05361691,50.9330682],[4.05362289,50.93306589],[4.05363584,50.93306091],[4.05365652,50.93305702],[4.05368916,50.93305092],[4.05369495,50.93304983],[4.05366906,50.93297783],[4.05378114,50.93295679],[4.05378943,50.93297428],[4.05380807,50.93297306],[4.05381654,50.93297251],[4.05380727,50.93302901]]]}},{"type":"Feature","id":"gebouw/Gebouw.16801093/0","properties":{"source":"Digitaal Vlaanderen Gebouwenregister","source_id":"gebouw/Gebouw.16801093/0","kind":"building","height_m":5.72,"status":null},"geometry":{"type":"Polygon","coordinates":[[[4.05871011,50.9286587],[4.05874425,50.92867045],[4.05871373,50.92870586],[4.05867959,50.92869411],[4.05871011,50.9286587]]]}},{"type":"Feature","id":"gebouw/Gebouw.16801338/0","properties":{"source":"Digitaal Vlaanderen Gebouwenregister","source_id":"gebouw/Gebouw.16801338/0","kind":"building","height_m":5.72,"status":null},"geometry":{"type":"Polygon","coordinates":[[[4.05628398,50.93181069],[4.05631091,50.93183386],[4.0564999,50.93199647],[4.05641394,50.93203184],[4.05623529,50.93186972],[4.05628337,50.93184743],[4.05625583,50.93182373],[4.05622559,50.93179772],[4.05620434,50.93177943],[4.05623249,50.93176638],[4.05628398,50.93181069]]]}},{"type":"Feature","id":"gebouw/Gebouw.16801540/0","properties":{"source":"Digitaal Vlaanderen Gebouwenregister","source_id":"gebouw/Gebouw.16801540/0","kind":"building","height_m":5.0,"status":null},"geometry":{"type":"Polygon","coordinates":[[[4.05632572,50.92892268],[4.05629966,50.92896433],[4.05597813,50.92888397],[4.0560042,50.92884232],[4.05632572,50.92892268]]]}},{"type":"Feature","id":"gebouw/Gebouw.16801705/0","properties":{"source":"Digitaal Vlaanderen Gebouwenregister","source_id":"gebouw/Gebouw.16801705/0","kind":"building","height_m":7.88,"status":null},"geometry":{"type":"Polygon","coordinates":[[[4.05774755,50.93176379],[4.0578502,50.93170144],[4.05802856,50.9318187],[4.05792591,50.93188105],[4.05774755,50.93176379]]]}},{"type":"Feature","id":"gebouw/Gebouw.16811878/0","properties":{"source":"Digitaal Vlaanderen Gebouwenregister","source_id":"gebouw/Gebouw.16811878/0","kind":"building","height_m":9.32,"status":null},"geometry":{"type":"Polygon","coordinates":[[[4.05745642,50.92904725],[4.05746569,50.92904944],[4.05752628,50.92894692],[4.05765775,50.92897795],[4.05761406,50.92905187],[4.05762704,50.92905494],[4.05760513,50.92908898],[4.05761244,50.92909086],[4.05757533,50.92914853],[4.05748016,50.92912407],[4.05748496,50.92911738],[4.057429,50.92910291],[4.0574267,50.92910631],[4.05742215,50.92910523],[4.05745642,50.92904725]]]}},{"type":"Feature","id":"gebouw/Gebouw.16812026/0","properties":{"source":"Digitaal Vlaanderen Gebouwenregister","source_id":"gebouw/Gebouw.16812026/0","kind":"building","height_m":5.0,"status":null},"geometry":{"type":"Polygon","coordinates":[[[4.04842177,50.93453633],[4.04872353,50.93440294],[4.04884182,50.93434715],[4.0489463,50.93431516],[4.0492775,50.93428445],[4.04935659,50.93434398],[4.04860009,50.9346802],[4.04861144,50.93469032],[4.04854836,50.93471776],[4.04850197,50.93467569],[4.04851649,50.93466977],[4.048553,50.93465487],[4.04846728,50.93457744],[4.04842177,50.93453633]]]}},{"type":"Feature","id":"gebouw/Gebouw.16812151/0","properties":{"source":"Digitaal Vlaanderen Gebouwenregister","source_id":"gebouw/Gebouw.16812151/0","kind":"building","height_m":9.32,"status":null},"geometry":{"type":"Polygon","coordinates":[[[4.0586749,50.92877623],[4.05869807,50.92881048],[4.05866901,50.92881834],[4.05867151,50.92882204],[4.05860547,50.92883951],[4.05856894,50.92878509],[4.05856084,50.92877302],[4.05855709,50.92876744],[4.05857902,50.92876152],[4.05859672,50.92875674],[4.05859368,50.92875224],[4.05859778,50.92875089],[4.05861453,50.92874537],[4.05863089,50.92876956],[4.05866428,50.92876054],[4.0586749,50.92877623]]]}},{"type":"Feature","id":"gebouw/Gebouw.16812440/0","properties":{"source":"Digitaal Vlaanderen Gebouwenregister","source_id":"gebouw/Gebouw.16812440/0","kind":"building","height_m":5.72,"status":null},"geometry":{"type":"Polygon","coordinates":[[[4.05617076,50.93196274],[4.05611161,50.93197818],[4.05607694,50.93195681],[4.05597792,50.93200486],[4.05565732,50.93172797],[4.05582831,50.93164891],[4.05617076,50.93196274]]]}},{"type":"Feature","id":"gebouw/Gebouw.16812506/0","properties":{"source":"Digitaal Vlaanderen Gebouwenregister","source_id":"gebouw/Gebouw.16812506/0","kind":"building","height_m":7.88,"status":null},"geometry":{"type":"Polygon","coordinates":[[[4.05793171,50.92912887],[4.05794952,50.92910051],[4.05804281,50.92912391],[4.058025,50.92915227],[4.05793171,50.92912887]]]}},{"type":"Feature","id":"gebouw/Gebouw.16813589/0","properties":{"source":"Digitaal Vlaanderen Gebouwenregister","source_id":"gebouw/Gebouw.16813589/0","kind":"building","height_m":6.44,"status":null},"geometry":{"type":"Polygon","coordinates":[[[4.05674652,50.93164708],[4.05667935,50.93158928],[4.0566392,50.93155473],[4.05670693,50.93152334],[4.05671861,50.93153339],[4.05675238,50.93151718],[4.05678141,50.93154069],[4.05674616,50.93155709],[4.05675711,50.93156735],[4.05675775,50.93156706],[4.05678842,50.93155317],[4.05680528,50.93156744],[4.05677538,50.93158223],[4.05677731,50.93158389],[4.05682246,50.93162274],[4.05679643,50.9316348],[4.05678824,50.93162775],[4.05674652,50.93164708]]]}},{"type":"Feature","id":"gebouw/Gebouw.16813717/0","properties":{"source":"Digitaal Vlaanderen Gebouwenregister","source_id":"gebouw/Gebouw.16813717/0","kind":"building","height_m":7.88,"status":null},"geometry":{"type":"Polygon","coordinates":[[[4.0495572,50.93377422],[4.04953513,50.93374711],[4.04962102,50.93371919],[4.04964309,50.9337463],[4.0495572,50.93377422]]]}},{"type":"Feature","id":"gebouw/Gebouw.16813917/0","properties":{"source":"Digitaal Vlaanderen Gebouwenregister","source_id":"gebouw/Gebouw.16813917/0","kind":"building","height_m":5.72,"status":null},"geometry":{"type":"Polygon","coordinates":[[[4.05657742,50.93177784],[4.05672279,50.93190292],[4.05665259,50.93193248],[4.05658896,50.93188026],[4.05653685,50.93183749],[4.05652787,50.93182412],[4.05654154,50.93181779],[4.0565227,50.93180155],[4.05653844,50.93179426],[4.05651748,50.93177619],[4.05655519,50.93175872],[4.05657742,50.93177784]]]}},{"type":"Feature","id":"gebouw/Gebouw.16814020/0","properties":{"source":"Digitaal Vlaanderen Gebouwenregister","source_id":"gebouw/Gebouw.16814020/0","kind":"building","height_m":9.32,"status":null},"geometry":{"type":"Polygon","coordinates":[[[4.058346,50.9291408],[4.05825215,50.92911531],[4.05818728,50.92921849],[4.05827594,50.92924341],[4.058346,50.9291408]]]}},{"type":"Feature","id":"gebouw/Gebouw.16820912/0","properties":{"source":"Digitaal Vlaanderen Gebouwenregister","source_id":"gebouw/Gebouw.16820912/0","kind":"building","height_m":7.16,"status":null},"geometry":{"type":"Polygon","coordinates":[[[4.05343976,50.93316432],[4.05343427,50.9332],[4.05336153,50.93319675],[4.05336606,50.93312434],[4.05332704,50.93304293],[4.05339763,50.93302941],[4.05343796,50.93310364],[4.0534427,50.93311271],[4.05344625,50.93311949],[4.05344659,50.93312014],[4.0534422,50.9331486],[4.05344211,50.93314923],[4.05343976,50.93316432]]]}},{"type":"Feature","id":"gebouw/Gebouw.16821226/0","properties":{"source":"Digitaal Vlaanderen Gebouwenregister","source_id":"gebouw/Gebouw.16821226/0","kind":"building","height_m":6.44,"status":null},"geometry":{"type":"Polygon","coordinates":[[[4.05353213,50.93300349],[4.05356912,50.93307837],[4.05357092,50.93312807],[4.05352152,50.93312492],[4.05346604,50.93301623],[4.05353213,50.93300349]]]}},{"type":"Feature","id":"gebouw/Gebouw.16821370/0","properties":{"source":"Digitaal Vlaanderen Gebouwenregister","source_id":"gebouw/Gebouw.16821370/0","kind":"building","height_m":9.32,"status":null},"geometry":{"type":"Polygon","coordinates":[[[4.05784055,50.93004839],[4.0577946,50.93000818],[4.05777985,50.92999528],[4.05772587,50.93001992],[4.05775538,50.93004622],[4.05771335,50.93006505],[4.05774345,50.93009188],[4.05784055,50.93004839]]]}},{"type":"Feature","id":"gebouw/Gebouw.16828915/0","properties":{"source":"Digitaal Vlaanderen Gebouwenregister","source_id":"gebouw/Gebouw.16828915/0","kind":"building","height_m":8.6,"status":null},"geometry":{"type":"Polygon","coordinates":[[[4.05360239,50.93312978],[4.05360235,50.93313007],[4.05359523,50.93312962],[4.05359005,50.93312929],[4.05357092,50.93312807],[4.05356912,50.93307837],[4.05353213,50.93300349],[4.05359787,50.93299142],[4.05363584,50.93306091],[4.05362211,50.93306349],[4.05361875,50.93308539],[4.05361511,50.93310911],[4.05360514,50.93310865],[4.05360239,50.93312978]]]}},{"type":"Feature","id":"gebouw/Gebouw.16829306/0","properties":{"source":"Digitaal Vlaanderen Gebouwenregister","source_id":"gebouw/Gebouw.16829306/0","kind":"building","height_m":7.88,"status":null},"geometry":{"type":"Polygon","coordinates":[[[4.05757886,50.93141269],[4.05759097,50.93142363],[4.05758492,50.93142648],[4.05743782,50.93129846],[4.05737279,50.93124186],[4.0573868,50.93123509],[4.05735169,50.9312047],[4.05740048,50.93118226],[4.05743469,50.93121196],[4.05745424,50.93120252],[4.05756394,50.93129799],[4.05766708,50.93138775],[4.05766095,50.93139057],[4.0576514,50.93138295],[4.05761063,50.93140172],[4.05761048,50.93140268],[4.05760818,50.93140371],[4.05760556,50.93140108],[4.05757886,50.93141269]]]}},{"type":"Feature","id":"gebouw/Gebouw.16829363/0","properties":{"source":"Digitaal Vlaanderen Gebouwenregister","source_id":"gebouw/Gebouw.16829363/0","kind":"building","height_m":8.6,"status":null},"geometry":{"type":"Polygon","coordinates":[[[4.05693552,50.92889581],[4.05694248,50.92896351],[4.05687885,50.92896612],[4.05687009,50.92888081],[4.05678249,50.9288844],[4.05677605,50.92882171],[4.05702593,50.92881146],[4.05703418,50.92889176],[4.05693552,50.92889581]]]}},{"type":"Feature","id":"gebouw/Gebouw.16847797/0","properties":{"source":"Digitaal Vlaanderen Gebouwenregister","source_id":"gebouw/Gebouw.16847797/0","kind":"building","height_m":5.72,"status":null},"geometry":{"type":"Polygon","coordinates":[[[4.05498382,50.9292076],[4.05495456,50.92926933],[4.05491421,50.92926208],[4.05496917,50.92915873],[4.05496003,50.92915612],[4.05498071,50.92911742],[4.05502207,50.92912691],[4.0550046,50.92916376],[4.05500322,50.92916667],[4.05498382,50.9292076]]]}},{"type":"Feature","id":"gebouw/Gebouw.16848070/0","properties":{"source":"Digitaal Vlaanderen Gebouwenregister","source_id":"gebouw/Gebouw.16848070/0","kind":"building","height_m":5.72,"status":null},"geometry":{"type":"Polygon","coordinates":[[[4.05814533,50.9317317],[4.05815151,50.9317279],[4.05816953,50.93173957],[4.05816306,50.93174356],[4.05817486,50.9317512],[4.05814963,50.93176676],[4.05810581,50.93173837],[4.05813134,50.93172264],[4.05814533,50.9317317]]]}},{"type":"Feature","id":"gebouw/Gebouw.16969372/0","properties":{"source":"Digitaal Vlaanderen Gebouwenregister","source_id":"gebouw/Gebouw.16969372/0","kind":"building","height_m":5.0,"status":null},"geometry":{"type":"Polygon","coordinates":[[[4.05781139,50.93264476],[4.05793726,50.93269876],[4.05790985,50.93272427],[4.05791585,50.93272684],[4.05782464,50.93281173],[4.05768336,50.93275111],[4.05777487,50.93266594],[4.05778429,50.93266998],[4.05781139,50.93264476]]]}},{"type":"Feature","id":"gebouw/Gebouw.16987089/0","properties":{"source":"Digitaal Vlaanderen Gebouwenregister","source_id":"gebouw/Gebouw.16987089/0","kind":"building","height_m":5.0,"status":null},"geometry":{"type":"Polygon","coordinates":[[[4.05378851,50.93314195],[4.05364386,50.93313273],[4.05361049,50.93313059],[4.05360235,50.93313007],[4.05360239,50.93312978],[4.05360514,50.93310865],[4.05361461,50.93310908],[4.05361461,50.93308508],[4.05361915,50.93308542],[4.05365137,50.93308781],[4.05379585,50.93309852],[4.05378851,50.93314195]]]}},{"type":"Feature","id":"gebouw/Gebouw.16989705/0","properties":{"source":"Digitaal Vlaanderen Gebouwenregister","source_id":"gebouw/Gebouw.16989705/0","kind":"building","height_m":8.6,"status":null},"geometry":{"type":"Polygon","coordinates":[[[4.05851414,50.9329419],[4.05840348,50.93304457],[4.05833321,50.93301432],[4.05832268,50.93302404],[4.05826186,50.93299781],[4.05826076,50.93299892],[4.05821816,50.93298085],[4.05821946,50.93297964],[4.05815824,50.93295336],[4.05824371,50.93287384],[4.05838785,50.93293587],[4.05842343,50.93290286],[4.05851414,50.9329419]]]}},{"type":"Feature","id":"gebouw/Gebouw.16999739/0","properties":{"source":"Digitaal Vlaanderen Gebouwenregister","source_id":"gebouw/Gebouw.16999739/0","kind":"building","height_m":5.72,"status":null},"geometry":{"type":"Polygon","coordinates":[[[4.05373316,50.93347226],[4.05372572,50.93351614],[4.05356186,50.93350903],[4.05356123,50.933509],[4.05356086,50.93350899],[4.05352818,50.93350755],[4.05353656,50.93346029],[4.05355172,50.93346121],[4.05355497,50.9334614],[4.05373316,50.93347226]]]}},{"type":"Feature","id":"gebouw/Gebouw.17000116/0","properties":{"source":"Digitaal Vlaanderen Gebouwenregister","source_id":"gebouw/Gebouw.17000116/0","kind":"building","height_m":5.0,"status":null},"geometry":{"type":"Polygon","coordinates":[[[4.05348585,50.93316748],[4.05347722,50.93323548],[4.05342931,50.93323219],[4.05343244,50.93321184],[4.05343427,50.9332],[4.05343976,50.93316432],[4.05347835,50.93316696],[4.05348585,50.93316748]]]}},{"type":"Feature","id":"gebouw/Gebouw.17008323/0","properties":{"source":"Digitaal Vlaanderen Gebouwenregister","source_id":"gebouw/Gebouw.17008323/0","kind":"building","height_m":7.16,"status":null},"geometry":{"type":"Polygon","coordinates":[[[4.05233867,50.93506994],[4.05237302,50.93486966],[4.05246505,50.93487574],[4.05243027,50.93507629],[4.05233867,50.93506994]]]}},{"type":"Feature","id":"gebouw/Gebouw.17009937/0","properties":{"source":"Digitaal Vlaanderen Gebouwenregister","source_id":"gebouw/Gebouw.17009937/0","kind":"building","height_m":5.0,"status":null},"geometry":{"type":"Polygon","coordinates":[[[4.05443661,50.93328142],[4.05443048,50.93332521],[4.05442437,50.93332482],[4.05423415,50.93331279],[4.05423455,50.93331026],[4.05423293,50.93331022],[4.05422416,50.93330393],[4.05422585,50.93328891],[4.05423706,50.93328371],[4.05423881,50.93328378],[4.05424119,50.93326905],[4.05442656,50.93328078],[4.05443661,50.93328142]]]}},{"type":"Feature","id":"gebouw/Gebouw.17010013/0","properties":{"source":"Digitaal Vlaanderen Gebouwenregister","source_id":"gebouw/Gebouw.17010013/0","kind":"building","height_m":9.32,"status":null},"geometry":{"type":"Polygon","coordinates":[[[4.05368261,50.93378613],[4.05366114,50.93392202],[4.05345284,50.93391017],[4.05332913,50.93390313],[4.05333898,50.93383302],[4.053419,50.9338375],[4.0534227,50.93381115],[4.0534664,50.9338136],[4.05347208,50.9337732],[4.05347279,50.93377324],[4.05368261,50.93378613]]]}},{"type":"Feature","id":"gebouw/Gebouw.17010415/0","properties":{"source":"Digitaal Vlaanderen Gebouwenregister","source_id":"gebouw/Gebouw.17010415/0","kind":"building","height_m":6.44,"status":null},"geometry":{"type":"Polygon","coordinates":[[[4.05376953,50.9332555],[4.0537583,50.93332209],[4.05350352,50.93330595],[4.05350965,50.93326957],[4.05355136,50.93327238],[4.05355667,50.93324092],[4.05360035,50.93324392],[4.05360245,50.93324406],[4.05376953,50.9332555]]]}},{"type":"Feature","id":"gebouw/Gebouw.17010474/0","properties":{"source":"Digitaal Vlaanderen Gebouwenregister","source_id":"gebouw/Gebouw.17010474/0","kind":"building","height_m":8.6,"status":null},"geometry":{"type":"Polygon","coordinates":[[[4.05482616,50.93333242],[4.05482342,50.93335007],[4.05481949,50.93334983],[4.05460971,50.93333655],[4.05461673,50.93329282],[4.05461834,50.9332828],[4.0548318,50.93329601],[4.05482616,50.93333242]]]}},{"type":"Feature","id":"gebouw/Gebouw.17015180/0","properties":{"source":"Digitaal Vlaanderen Gebouwenregister","source_id":"gebouw/Gebouw.17015180/0","kind":"building","height_m":5.0,"status":null},"geometry":{"type":"Polygon","coordinates":[[[4.05804763,50.93263536],[4.05796944,50.93260105],[4.05803846,50.93253829],[4.05811665,50.93257261],[4.05804763,50.93263536]]]}},{"type":"Feature","id":"gebouw/Gebouw.17015421/0","properties":{"source":"Digitaal Vlaanderen Gebouwenregister","source_id":"gebouw/Gebouw.17015421/0","kind":"building","height_m":7.16,"status":null},"geometry":{"type":"Polygon","coordinates":[[[4.05327239,50.93463036],[4.05326379,50.9346831],[4.05273349,50.93464855],[4.05272271,50.93471929],[4.05238903,50.93469898],[4.05245647,50.93424186],[4.05246358,50.93424229],[4.05332412,50.93429467],[4.05331327,50.93436768],[4.0533125,50.93437293],[4.05335548,50.93437559],[4.05333312,50.93451967],[4.05332663,50.93451928],[4.05332895,50.93450362],[4.05329341,50.93450154],[4.05327239,50.93463036]]]}},{"type":"Feature","id":"gebouw/Gebouw.17015599/0","properties":{"source":"Digitaal Vlaanderen Gebouwenregister","source_id":"gebouw/Gebouw.17015599/0","kind":"building","height_m":9.32,"status":null},"geometry":{"type":"Polygon","coordinates":[[[4.05446779,50.93382707],[4.0544663,50.9338374],[4.05441548,50.93383447],[4.05441693,50.93382438],[4.05438573,50.93382258],[4.05439347,50.93376887],[4.054546,50.93377765],[4.05453925,50.93382451],[4.05451546,50.93382314],[4.0545145,50.93382976],[4.05446779,50.93382707]]]}},{"type":"Feature","id":"gebouw/Gebouw.17016960/0","properties":{"source":"Digitaal Vlaanderen Gebouwenregister","source_id":"gebouw/Gebouw.17016960/0","kind":"building","height_m":6.44,"status":null},"geometry":{"type":"Polygon","coordinates":[[[4.05690448,50.93473975],[4.05706065,50.93476086],[4.05704435,50.93480901],[4.05688818,50.93478791],[4.05690448,50.93473975]]]}},{"type":"Feature","id":"gebouw/Gebouw.17017299/0","properties":{"source":"Digitaal Vlaanderen Gebouwenregister","source_id":"gebouw/Gebouw.17017299/0","kind":"building","height_m":8.6,"status":null},"geometry":{"type":"Polygon","coordinates":[[[4.0534657,50.93424885],[4.05346519,50.93425225],[4.05309888,50.93423],[4.0530998,50.93422434],[4.05311607,50.93412326],[4.05317681,50.93412721],[4.05320291,50.93412891],[4.05321956,50.93412999],[4.05321201,50.93418365],[4.05338822,50.93419353],[4.05340759,50.93420597],[4.05341288,50.93420626],[4.05342009,50.93415491],[4.05340486,50.93415405],[4.05340652,50.93414215],[4.05362346,50.93415625],[4.05361303,50.93421825],[4.05361269,50.93421942],[4.05361182,50.93422052],[4.05360995,50.93422146],[4.05360778,50.93422179],[4.05355109,50.93421838],[4.05355013,50.93422112],[4.0535482,50.93422324],[4.05354639,50.93422492],[4.05354407,50.93422624],[4.05354098,50.93422791],[4.05353777,50.93422896],[4.05353441,50.93422955],[4.05353058,50.93422994],[4.05352721,50.93422997],[4.05346908,50.93422666],[4.0534657,50.93424885]]]}},{"type":"Feature","id":"gebouw/Gebouw.17025909/0","properties":{"source":"Digitaal Vlaanderen Gebouwenregister","source_id":"gebouw/Gebouw.17025909/0","kind":"building","height_m":8.6,"status":null},"geometry":{"type":"Polygon","coordinates":[[[4.05868037,50.93306035],[4.05854501,50.93313489],[4.05847477,50.93320216],[4.05841857,50.93317727],[4.0584897,50.93311294],[4.05867086,50.93301628],[4.05869102,50.93303294],[4.05866233,50.933047],[4.05868037,50.93306035]]]}},{"type":"Feature","id":"gebouw/Gebouw.17027813/0","properties":{"source":"Digitaal Vlaanderen Gebouwenregister","source_id":"gebouw/Gebouw.17027813/0","kind":"building","height_m":8.6,"status":null},"geometry":{"type":"Polygon","coordinates":[[[4.05265654,50.93509654],[4.05264827,50.93515068],[4.05264773,50.93515427],[4.05232982,50.93513488],[4.05233052,50.93513029],[4.05233864,50.93507715],[4.05265654,50.93509654]]]}},{"type":"Feature","id":"gebouw/Gebouw.17027853/0","properties":{"source":"Digitaal Vlaanderen Gebouwenregister","source_id":"gebouw/Gebouw.17027853/0","kind":"building","height_m":7.16,"status":null},"geometry":{"type":"Polygon","coordinates":[[[4.05816899,50.93279805],[4.05804554,50.93274511],[4.05803559,50.93274085],[4.0579171,50.9328523],[4.05798387,50.93288065],[4.05797746,50.93288701],[4.05800959,50.93290059],[4.0580161,50.9328946],[4.05805978,50.93291334],[4.05817898,50.93280234],[4.05816899,50.93279805]]]}},{"type":"Feature","id":"gebouw/Gebouw.17027975/0","properties":{"source":"Digitaal Vlaanderen Gebouwenregister","source_id":"gebouw/Gebouw.17027975/0","kind":"building","height_m":9.32,"status":null},"geometry":{"type":"Polygon","coordinates":[[[4.05220334,50.93521535],[4.05218703,50.93532474],[4.0522255,50.93532703],[4.0522185,50.93537399],[4.05218208,50.93537183],[4.05215848,50.93553014],[4.05216578,50.93553057],[4.0521518,50.93562436],[4.05112927,50.9355635],[4.05113007,50.93555813],[4.05109383,50.93555597],[4.05108903,50.93558816],[4.05102447,50.93558432],[4.05102942,50.93555113],[4.05105606,50.93555163],[4.05112439,50.93507632],[4.05114631,50.93507762],[4.05115148,50.93504292],[4.05121105,50.93504647],[4.05121175,50.93504177],[4.05136951,50.93505116],[4.05137474,50.9350161],[4.05150533,50.93502387],[4.05150009,50.935059],[4.05160295,50.93506513],[4.05160827,50.93502945],[4.05177897,50.93503961],[4.05177346,50.93507656],[4.05188173,50.935083],[4.05188741,50.93504492],[4.05216519,50.93506145],[4.05215934,50.93510073],[4.05222081,50.93510438],[4.05221047,50.9351738],[4.05224005,50.93517556],[4.05223385,50.93521716],[4.05220334,50.93521535]]]}},{"type":"Feature","id":"gebouw/Gebouw.17028285/0","properties":{"source":"Digitaal Vlaanderen Gebouwenregister","source_id":"gebouw/Gebouw.17028285/0","kind":"building","height_m":5.72,"status":null},"geometry":{"type":"Polygon","coordinates":[[[4.05725331,50.93239708],[4.05722594,50.93237344],[4.05727453,50.93235098],[4.0573019,50.93237463],[4.05725331,50.93239708]]]}},{"type":"Feature","id":"gebouw/Gebouw.17028286/0","properties":{"source":"Digitaal Vlaanderen Gebouwenregister","source_id":"gebouw/Gebouw.17028286/0","kind":"building","height_m":6.44,"status":null},"geometry":{"type":"Polygon","coordinates":[[[4.05879043,50.93294762],[4.05874461,50.93291413],[4.05879556,50.93288635],[4.05884139,50.93291984],[4.05879043,50.93294762]]]}},{"type":"Feature","id":"gebouw/Gebouw.17033126/0","properties":{"source":"Digitaal Vlaanderen Gebouwenregister","source_id":"gebouw/Gebouw.17033126/0","kind":"building","height_m":8.6,"status":null},"geometry":{"type":"Polygon","coordinates":[[[4.05410718,50.93494711],[4.05410058,50.93499703],[4.0539668,50.93498997],[4.05397491,50.93492869],[4.0540661,50.93493351],[4.0540646,50.93494487],[4.05410718,50.93494711]]]}},{"type":"Feature","id":"gebouw/Gebouw.17033486/0","properties":{"source":"Digitaal Vlaanderen Gebouwenregister","source_id":"gebouw/Gebouw.17033486/0","kind":"building","height_m":5.72,"status":null},"geometry":{"type":"Polygon","coordinates":[[[4.05348382,50.93312252],[4.05348368,50.93312363],[4.05347835,50.93316696],[4.05343976,50.93316432],[4.05344211,50.93314923],[4.05344659,50.93312014],[4.05345979,50.93312098],[4.05348382,50.93312252]]]}},{"type":"Feature","id":"gebouw/Gebouw.17040132/0","properties":{"source":"Digitaal Vlaanderen Gebouwenregister","source_id":"gebouw/Gebouw.17040132/0","kind":"building","height_m":7.88,"status":null},"geometry":{"type":"Polygon","coordinates":[[[4.05867086,50.93301628],[4.0584897,50.93311294],[4.05841857,50.93317727],[4.05836311,50.93315286],[4.05839949,50.93311986],[4.05837618,50.93310959],[4.05847288,50.93305644],[4.05848345,50.93306132],[4.05852335,50.93303518],[4.05851664,50.9330311],[4.05860019,50.9329841],[4.05863714,50.93301245],[4.0586678,50.93299459],[4.0586869,50.93300772],[4.05867086,50.93301628]]]}},{"type":"Feature","id":"gebouw/Gebouw.17043096/0","properties":{"source":"Digitaal Vlaanderen Gebouwenregister","source_id":"gebouw/Gebouw.17043096/0","kind":"building","height_m":5.0,"status":null},"geometry":{"type":"Polygon","coordinates":[[[4.05767713,50.93128238],[4.05774228,50.93133897],[4.05771841,50.93134994],[4.05772872,50.93135887],[4.05766708,50.93138775],[4.05756394,50.93129799],[4.0576497,50.93125856],[4.05767713,50.93128238]]]}},{"type":"Feature","id":"gebouw/Gebouw.17058343/0","properties":{"source":"Digitaal Vlaanderen Gebouwenregister","source_id":"gebouw/Gebouw.17058343/0","kind":"building","height_m":5.72,"status":null},"geometry":{"type":"Polygon","coordinates":[[[4.05665259,50.93193248],[4.05665362,50.93193333],[4.05663137,50.9319425],[4.05663075,50.93194193],[4.05658222,50.93196197],[4.0564447,50.93184364],[4.05641797,50.93182065],[4.05645674,50.93180268],[4.05651108,50.93184943],[4.05653685,50.93183749],[4.05658896,50.93188026],[4.05665259,50.93193248]]]}},{"type":"Feature","id":"gebouw/Gebouw.17058371/0","properties":{"source":"Digitaal Vlaanderen Gebouwenregister","source_id":"gebouw/Gebouw.17058371/0","kind":"building","height_m":5.72,"status":null},"geometry":{"type":"Polygon","coordinates":[[[4.05696525,50.93224944],[4.05695531,50.93226051],[4.0569824,50.93227023],[4.05692545,50.93233362],[4.05700319,50.9323671],[4.05693518,50.93243116],[4.05669618,50.93232983],[4.0567286,50.9322989],[4.05671985,50.93229511],[4.05671465,50.93227634],[4.05673138,50.93226103],[4.05676016,50.93225673],[4.05676944,50.93226068],[4.05682924,50.93220451],[4.05685526,50.93221595],[4.05687292,50.93219941],[4.05690348,50.93219618],[4.05693245,50.93220861],[4.05693774,50.93222683],[4.05692908,50.93223647],[4.05696525,50.93224944]]]}},{"type":"Feature","id":"gebouw/Gebouw.17058660/0","properties":{"source":"Digitaal Vlaanderen Gebouwenregister","source_id":"gebouw/Gebouw.17058660/0","kind":"building","height_m":7.16,"status":null},"geometry":{"type":"Polygon","coordinates":[[[4.05673041,50.93146833],[4.05674766,50.93148202],[4.05669176,50.93151028],[4.05665855,50.93148171],[4.05670916,50.93145623],[4.05672674,50.93147018],[4.05673041,50.93146833]]]}},{"type":"Feature","id":"gebouw/Gebouw.17058768/0","properties":{"source":"Digitaal Vlaanderen Gebouwenregister","source_id":"gebouw/Gebouw.17058768/0","kind":"building","height_m":9.32,"status":null},"geometry":{"type":"Polygon","coordinates":[[[4.05686757,50.93184189],[4.056792,50.9318739],[4.05656343,50.93167723],[4.05663738,50.93164295],[4.05661155,50.9316207],[4.05667935,50.93158928],[4.05674652,50.93164708],[4.05676259,50.93166091],[4.05677359,50.93167037],[4.05670527,50.93170204],[4.05686757,50.93184189]]]}},{"type":"Feature","id":"gebouw/Gebouw.17058771/0","properties":{"source":"Digitaal Vlaanderen Gebouwenregister","source_id":"gebouw/Gebouw.17058771/0","kind":"building","height_m":6.44,"status":null},"geometry":{"type":"Polygon","coordinates":[[[4.05723376,50.93217147],[4.05709736,50.93223887],[4.05696764,50.93213405],[4.05710404,50.93206665],[4.05723376,50.93217147]]]}},{"type":"Feature","id":"gebouw/Gebouw.17058831/0","properties":{"source":"Digitaal Vlaanderen Gebouwenregister","source_id":"gebouw/Gebouw.17058831/0","kind":"building","height_m":9.32,"status":null},"geometry":{"type":"Polygon","coordinates":[[[4.05352152,50.93312492],[4.05350292,50.93312373],[4.05349924,50.9331235],[4.05348382,50.93312252],[4.05348246,50.93311894],[4.05347678,50.93309663],[4.05343796,50.93310364],[4.05339763,50.93302941],[4.05346604,50.93301623],[4.05352152,50.93312492]]]}},{"type":"Feature","id":"gebouw/Gebouw.17060073/0","properties":{"source":"Digitaal Vlaanderen Gebouwenregister","source_id":"gebouw/Gebouw.17060073/0","kind":"building","height_m":6.44,"status":null},"geometry":{"type":"Polygon","coordinates":[[[4.05372572,50.93351614],[4.05371798,50.93356282],[4.05359433,50.93355536],[4.0535988,50.9335301],[4.05355865,50.93352727],[4.05356186,50.93350903],[4.05372572,50.93351614]]]}},{"type":"Feature","id":"gebouw/Gebouw.17060087/0","properties":{"source":"Digitaal Vlaanderen Gebouwenregister","source_id":"gebouw/Gebouw.17060087/0","kind":"building","height_m":6.44,"status":null},"geometry":{"type":"Polygon","coordinates":[[[4.05374849,50.93338299],[4.05374269,50.93341575],[4.05374413,50.93341588],[4.05374218,50.93342896],[4.05356239,50.93341907],[4.05355924,50.93341889],[4.05355874,50.93341887],[4.05355789,50.93341882],[4.05353199,50.93341736],[4.05354016,50.933371],[4.05354109,50.93337105],[4.05374849,50.93338299]]]}},{"type":"Feature","id":"gebouw/Gebouw.17063826/0","properties":{"source":"Digitaal Vlaanderen Gebouwenregister","source_id":"gebouw/Gebouw.17063826/0","kind":"building","height_m":7.16,"status":null},"geometry":{"type":"Polygon","coordinates":[[[4.05876258,50.93311513],[4.05865084,50.93318239],[4.05857988,50.93324804],[4.05852682,50.93322483],[4.05860384,50.93315536],[4.05871988,50.93308786],[4.05876258,50.93311513]]]}},{"type":"Feature","id":"gebouw/Gebouw.17064171/0","properties":{"source":"Digitaal Vlaanderen Gebouwenregister","source_id":"gebouw/Gebouw.17064171/0","kind":"building","height_m":8.6,"status":null},"geometry":{"type":"Polygon","coordinates":[[[4.05371935,50.93356282],[4.05371869,50.93356598],[4.05372015,50.93356598],[4.05372945,50.93357284],[4.05372766,50.93358853],[4.05371568,50.93359449],[4.05371444,50.93359451],[4.05371357,50.93359766],[4.05370189,50.93359687],[4.05370034,50.93360586],[4.05371156,50.93360631],[4.05371092,50.93361019],[4.05359364,50.93360234],[4.0535861,50.93360184],[4.05359433,50.93355536],[4.05371798,50.93356282],[4.05371935,50.93356282]]]}},{"type":"Feature","id":"gebouw/Gebouw.17071282/0","properties":{"source":"Digitaal Vlaanderen Gebouwenregister","source_id":"gebouw/Gebouw.17071282/0","kind":"building","height_m":7.88,"status":null},"geometry":{"type":"Polygon","coordinates":[[[4.0532729,50.93329506],[4.05325458,50.93340094],[4.05324905,50.93340048],[4.05317813,50.93339461],[4.05318752,50.93333651],[4.05319755,50.93332578],[4.05310194,50.93328844],[4.05315754,50.93323159],[4.05320797,50.93318025],[4.05321532,50.93317246],[4.05328323,50.93319804],[4.05328809,50.93319987],[4.0532729,50.93329506]]]}},{"type":"Feature","id":"gebouw/Gebouw.17071635/0","properties":{"source":"Digitaal Vlaanderen Gebouwenregister","source_id":"gebouw/Gebouw.17071635/0","kind":"building","height_m":5.0,"status":null},"geometry":{"type":"Polygon","coordinates":[[[4.05554164,50.93221533],[4.05530053,50.93200733],[4.05544291,50.93194009],[4.05549583,50.93198483],[4.05570055,50.93188815],[4.05583131,50.93199871],[4.05584055,50.93199435],[4.05584875,50.93200128],[4.05584144,50.93200473],[4.05589551,50.93205153],[4.05554164,50.93221533]]]}},{"type":"Feature","id":"gebouw/Gebouw.17071771/0","properties":{"source":"Digitaal Vlaanderen Gebouwenregister","source_id":"gebouw/Gebouw.17071771/0","kind":"building","height_m":7.16,"status":null},"geometry":{"type":"Polygon","coordinates":[[[4.05365652,50.93305702],[4.05363584,50.93306091],[4.05359787,50.93299142],[4.05366906,50.93297783],[4.0536938,50.93304662],[4.05369495,50.93304983],[4.05368916,50.93305092],[4.05365782,50.93305678],[4.05365652,50.93305702]]]}},{"type":"Feature","id":"gebouw/Gebouw.17071913/0","properties":{"source":"Digitaal Vlaanderen Gebouwenregister","source_id":"gebouw/Gebouw.17071913/0","kind":"building","height_m":8.6,"status":null},"geometry":{"type":"Polygon","coordinates":[[[4.05612572,50.93167451],[4.05599873,50.93173473],[4.05587429,50.93162765],[4.05559989,50.93139154],[4.0553806,50.93120024],[4.05530256,50.93113216],[4.0554642,50.93110528],[4.05556968,50.93119605],[4.05557883,50.93120393],[4.05573254,50.93133619],[4.05576707,50.9313659],[4.05591493,50.93149313],[4.05593504,50.93151043],[4.05597117,50.93154153],[4.05612572,50.93167451]]]}},{"type":"Feature","id":"gebouw/Gebouw.17076061/0","properties":{"source":"Digitaal Vlaanderen Gebouwenregister","source_id":"gebouw/Gebouw.17076061/0","kind":"building","height_m":6.44,"status":null},"geometry":{"type":"Polygon","coordinates":[[[4.05323547,50.9338978],[4.05322033,50.93400561],[4.05313754,50.9340008],[4.05315093,50.93389299],[4.05322714,50.93389733],[4.05322999,50.93389749],[4.05323414,50.93389773],[4.05323547,50.9338978]]]}},{"type":"Feature","id":"gebouw/Gebouw.17076561/0","properties":{"source":"Digitaal Vlaanderen Gebouwenregister","source_id":"gebouw/Gebouw.17076561/0","kind":"building","height_m":8.6,"status":null},"geometry":{"type":"Polygon","coordinates":[[[4.0545486,50.93341631],[4.0545384,50.93348215],[4.05455216,50.933483],[4.05454725,50.93351472],[4.05453437,50.93351393],[4.05453364,50.93351862],[4.05452973,50.93351838],[4.05452639,50.93353993],[4.05452014,50.93354556],[4.05451399,50.93354714],[4.05446133,50.93354388],[4.05445897,50.93354761],[4.05444983,50.93355199],[4.05443883,50.93355288],[4.05442955,50.93355018],[4.05442408,50.93354695],[4.05442178,50.9335436],[4.05442063,50.93353854],[4.05437492,50.93353559],[4.0543766,50.93352523],[4.05434557,50.93352329],[4.05430927,50.93352138],[4.05431891,50.93346455],[4.05438569,50.93346845],[4.05440172,50.93337183],[4.05441765,50.93337283],[4.05452659,50.93337973],[4.05455518,50.93338154],[4.0545644,50.9333906],[4.05456155,50.93340902],[4.0545486,50.93341631]]]}},{"type":"Feature","id":"gebouw/Gebouw.17093469/0","properties":{"source":"Digitaal Vlaanderen Gebouwenregister","source_id":"gebouw/Gebouw.17093469/0","kind":"building","height_m":5.72,"status":null},"geometry":{"type":"Polygon","coordinates":[[[4.05442437,50.93332482],[4.05441765,50.93337283],[4.05440172,50.93337183],[4.05422644,50.93336073],[4.05422737,50.93335539],[4.05422568,50.93335527],[4.05422162,50.93335251],[4.05421643,50.93334898],[4.05421828,50.93333392],[4.05423008,50.93332871],[4.05423159,50.93332879],[4.05423166,50.9333283],[4.05423415,50.93331279],[4.05442437,50.93332482]]]}},{"type":"Feature","id":"gebouw/Gebouw.17095643/0","properties":{"source":"Digitaal Vlaanderen Gebouwenregister","source_id":"gebouw/Gebouw.17095643/0","kind":"building","height_m":8.6,"status":null},"geometry":{"type":"Polygon","coordinates":[[[4.05237612,50.93473112],[4.05229053,50.93472698],[4.0523347,50.93436236],[4.05242029,50.9343665],[4.05237612,50.93473112]]]}},{"type":"Feature","id":"gebouw/Gebouw.17099498/0","properties":{"source":"Digitaal Vlaanderen Gebouwenregister","source_id":"gebouw/Gebouw.17099498/0","kind":"building","height_m":7.16,"status":null},"geometry":{"type":"Polygon","coordinates":[[[4.05761294,50.93240303],[4.05753777,50.93237075],[4.0575886,50.93232335],[4.05766377,50.93235564],[4.05761294,50.93240303]]]}},{"type":"Feature","id":"gebouw/Gebouw.17105303/0","properties":{"source":"Digitaal Vlaanderen Gebouwenregister","source_id":"gebouw/Gebouw.17105303/0","kind":"building","height_m":8.6,"status":null},"geometry":{"type":"Polygon","coordinates":[[[4.05735501,50.93260831],[4.05730676,50.93258753],[4.05730425,50.93258975],[4.05725942,50.93257065],[4.05726178,50.93256832],[4.05721303,50.93254765],[4.05731886,50.93244796],[4.05734032,50.93244367],[4.05747161,50.93250024],[4.05735501,50.93260831]]]}},{"type":"Feature","id":"gebouw/Gebouw.17105347/0","properties":{"source":"Digitaal Vlaanderen Gebouwenregister","source_id":"gebouw/Gebouw.17105347/0","kind":"building","height_m":5.0,"status":null},"geometry":{"type":"Polygon","coordinates":[[[4.05378851,50.93314195],[4.05378083,50.93318769],[4.05361179,50.9331761],[4.05359798,50.93317515],[4.05360127,50.93315562],[4.05358449,50.93315449],[4.05359001,50.9331295],[4.05359005,50.93312929],[4.05359523,50.93312962],[4.05360235,50.93313007],[4.05361049,50.93313059],[4.0536118,50.93313068],[4.05364386,50.93313273],[4.05364564,50.93313284],[4.05378851,50.93314195]]]}},{"type":"Feature","id":"gebouw/Gebouw.17105474/0","properties":{"source":"Digitaal Vlaanderen Gebouwenregister","source_id":"gebouw/Gebouw.17105474/0","kind":"building","height_m":5.72,"status":null},"geometry":{"type":"Polygon","coordinates":[[[4.05362996,50.93410735],[4.0536418,50.93411477],[4.05363875,50.93412896],[4.05362512,50.93413508],[4.05362506,50.93413661],[4.05362656,50.93413695],[4.0536259,50.93414047],[4.05362456,50.93414054],[4.05362271,50.93415184],[4.05362398,50.934152],[4.05362346,50.93415625],[4.05340652,50.93414215],[4.05340297,50.93414192],[4.05339852,50.93414163],[4.05340953,50.93406314],[4.0536374,50.93407503],[4.05363676,50.93407879],[4.05363044,50.93407836],[4.05362634,50.93410136],[4.0536325,50.93410191],[4.05363161,50.93410563],[4.0536304,50.93410549],[4.05362996,50.93410735]]]}},{"type":"Feature","id":"gebouw/Gebouw.17105854/0","properties":{"source":"Digitaal Vlaanderen Gebouwenregister","source_id":"gebouw/Gebouw.17105854/0","kind":"building","height_m":7.16,"status":null},"geometry":{"type":"Polygon","coordinates":[[[4.05871988,50.93308786],[4.05860384,50.93315536],[4.05852682,50.93322483],[4.05847477,50.93320216],[4.05854501,50.93313489],[4.05868037,50.93306035],[4.05868627,50.9330571],[4.05868822,50.93305847],[4.05872551,50.93308459],[4.05871988,50.93308786]]]}},{"type":"Feature","id":"gebouw/Gebouw.17114972/0","properties":{"source":"Digitaal Vlaanderen Gebouwenregister","source_id":"gebouw/Gebouw.17114972/0","kind":"building","height_m":5.0,"status":null},"geometry":{"type":"Polygon","coordinates":[[[4.05712534,50.93247224],[4.05716172,50.93243729],[4.05720408,50.93245489],[4.0571677,50.93248984],[4.05712534,50.93247224]]]}},{"type":"Feature","id":"gebouw/Gebouw.17120537/0","properties":{"source":"Digitaal Vlaanderen Gebouwenregister","source_id":"gebouw/Gebouw.17120537/0","kind":"building","height_m":5.0,"status":null},"geometry":{"type":"Polygon","coordinates":[[[4.05183467,50.93307929],[4.05183462,50.93307919],[4.05181821,50.93308218],[4.05181815,50.93308219],[4.05168127,50.93310715],[4.05168039,50.93310731],[4.05169824,50.93314644],[4.05185266,50.93311908],[4.05185283,50.93311904],[4.05184797,50.93310841],[4.05183467,50.93307929]]]}},{"type":"Feature","id":"gebouw/Gebouw.17124502/0","properties":{"source":"Digitaal Vlaanderen Gebouwenregister","source_id":"gebouw/Gebouw.17124502/0","kind":"building","height_m":7.16,"status":null},"geometry":{"type":"Polygon","coordinates":[[[4.05238249,50.93477675],[4.05238767,50.93474238],[4.05249152,50.93474863],[4.05248633,50.934783],[4.05238249,50.93477675]]]}},{"type":"Feature","id":"gebouw/Gebouw.17125987/0","properties":{"source":"Digitaal Vlaanderen Gebouwenregister","source_id":"gebouw/Gebouw.17125987/0","kind":"building","height_m":7.88,"status":null},"geometry":{"type":"Polygon","coordinates":[[[4.05881266,50.93313144],[4.05869717,50.93320262],[4.05862637,50.93326828],[4.05862543,50.93326915],[4.05857988,50.93324804],[4.05865084,50.93318239],[4.05876258,50.93311513],[4.05876757,50.93311212],[4.05877862,50.93312016],[4.0587984,50.93310927],[4.0588229,50.93312514],[4.05881266,50.93313144]]]}},{"type":"Feature","id":"gebouw/Gebouw.17126694/0","properties":{"source":"Digitaal Vlaanderen Gebouwenregister","source_id":"gebouw/Gebouw.17126694/0","kind":"building","height_m":7.88,"status":null},"geometry":{"type":"Polygon","coordinates":[[[4.05378083,50.93318769],[4.05376953,50.9332555],[4.05360245,50.93324406],[4.05360035,50.93324392],[4.05361179,50.9331761],[4.05378083,50.93318769]]]}},{"type":"Feature","id":"gebouw/Gebouw.17132704/0","properties":{"source":"Digitaal Vlaanderen Gebouwenregister","source_id":"gebouw/Gebouw.17132704/0","kind":"building","height_m":5.72,"status":null},"geometry":{"type":"Polygon","coordinates":[[[4.05340908,50.93336345],[4.05340202,50.93340919],[4.05325458,50.93340094],[4.0532729,50.93329506],[4.05336979,50.93330156],[4.05335921,50.93335508],[4.05340976,50.93335903],[4.05340908,50.93336345]]]}},{"type":"Feature","id":"gebouw/Gebouw.17140293/0","properties":{"source":"Digitaal Vlaanderen Gebouwenregister","source_id":"gebouw/Gebouw.17140293/0","kind":"building","height_m":6.44,"status":null},"geometry":{"type":"Polygon","coordinates":[[[4.05368504,50.93376921],[4.05368261,50.93378613],[4.05347279,50.93377324],[4.05347208,50.9337732],[4.05347855,50.93372735],[4.05368908,50.93374114],[4.05368887,50.93374262],[4.05368504,50.93376921]]]}},{"type":"Feature","id":"gebouw/Gebouw.17140606/0","properties":{"source":"Digitaal Vlaanderen Gebouwenregister","source_id":"gebouw/Gebouw.17140606/0","kind":"building","height_m":5.0,"status":null},"geometry":{"type":"Polygon","coordinates":[[[4.05511441,50.9336362],[4.05511108,50.93366233],[4.05497589,50.93365304],[4.05497893,50.93362929],[4.05511441,50.9336362]]]}},{"type":"Feature","id":"gebouw/Gebouw.17141929/0","properties":{"source":"Digitaal Vlaanderen Gebouwenregister","source_id":"gebouw/Gebouw.17141929/0","kind":"building","height_m":5.0,"status":null},"geometry":{"type":"Polygon","coordinates":[[[4.05374218,50.93342896],[4.05374037,50.93343999],[4.05373895,50.9334399],[4.05373316,50.93347226],[4.05355497,50.9334614],[4.05355172,50.93346121],[4.05355924,50.93341889],[4.05356239,50.93341907],[4.05374218,50.93342896]]]}},{"type":"Feature","id":"gebouw/Gebouw.17150185/0","properties":{"source":"Digitaal Vlaanderen Gebouwenregister","source_id":"gebouw/Gebouw.17150185/0","kind":"building","height_m":7.16,"status":null},"geometry":{"type":"Polygon","coordinates":[[[4.05321981,50.9337104],[4.0532132,50.9337573],[4.05316958,50.93375462],[4.05317731,50.93370761],[4.05321981,50.9337104]]]}},{"type":"Feature","id":"gebouw/Gebouw.17158799/0","properties":{"source":"Digitaal Vlaanderen Gebouwenregister","source_id":"gebouw/Gebouw.17158799/0","kind":"building","height_m":5.0,"status":null},"geometry":{"type":"Polygon","coordinates":[[[4.05324653,50.93375934],[4.05322714,50.93389733],[4.05315093,50.93389299],[4.05316958,50.93375462],[4.0532132,50.9337573],[4.05324653,50.93375934]]]}},{"type":"Feature","id":"gebouw/Gebouw.17163853/0","properties":{"source":"Digitaal Vlaanderen Gebouwenregister","source_id":"gebouw/Gebouw.17163853/0","kind":"building","height_m":5.0,"status":null},"geometry":{"type":"Polygon","coordinates":[[[4.05470537,50.93340028],[4.05464442,50.93339651],[4.05464547,50.93338972],[4.05455518,50.93338154],[4.05452659,50.93337973],[4.05452965,50.93336128],[4.05456134,50.93336324],[4.05456591,50.93333378],[4.05459631,50.9333357],[4.05460971,50.93333655],[4.05481949,50.93334983],[4.05481194,50.93339852],[4.05475425,50.93339495],[4.05475388,50.93339738],[4.05470627,50.93339443],[4.05470537,50.93340028]]]}},{"type":"Feature","id":"gebouw/Gebouw.17187820/0","properties":{"source":"Digitaal Vlaanderen Gebouwenregister","source_id":"gebouw/Gebouw.17187820/0","kind":"building","height_m":9.32,"status":null},"geometry":{"type":"Polygon","coordinates":[[[4.05892264,50.93316186],[4.05878939,50.93324398],[4.05871972,50.93330859],[4.05867262,50.93328841],[4.05873844,50.93322736],[4.05885321,50.93315664],[4.05888533,50.93313685],[4.05892264,50.93316186]]]}},{"type":"Feature","id":"gebouw/Gebouw.17222752/0","properties":{"source":"Digitaal Vlaanderen Gebouwenregister","source_id":"gebouw/Gebouw.17222752/0","kind":"building","height_m":5.72,"status":null},"geometry":{"type":"Polygon","coordinates":[[[4.05446016,50.93325537],[4.05443038,50.93325371],[4.05442656,50.93328078],[4.05424119,50.93326905],[4.05424242,50.93326143],[4.05425836,50.93316227],[4.05428042,50.93316327],[4.0542818,50.93314774],[4.0543102,50.93314875],[4.05442779,50.93315599],[4.05447369,50.93315881],[4.0544732,50.93316231],[4.05446016,50.93325537]]]}},{"type":"Feature","id":"gebouw/Gebouw.17250176/0","properties":{"source":"Digitaal Vlaanderen Gebouwenregister","source_id":"gebouw/Gebouw.17250176/0","kind":"building","height_m":9.32,"status":null},"geometry":{"type":"Polygon","coordinates":[[[4.05483676,50.93359111],[4.05482831,50.93364289],[4.05474361,50.93363707],[4.05475201,50.93358559],[4.05483676,50.93359111]]]}},{"type":"Feature","id":"gebouw/Gebouw.17253547/0","properties":{"source":"Digitaal Vlaanderen Gebouwenregister","source_id":"gebouw/Gebouw.17253547/0","kind":"building","height_m":7.16,"status":null},"geometry":{"type":"Polygon","coordinates":[[[4.05445161,50.93308443],[4.05444554,50.9331247],[4.0544328,50.93312373],[4.0544151,50.9331224],[4.05426672,50.9331112],[4.05426815,50.933102],[4.05425676,50.93310146],[4.05426206,50.93306731],[4.05427199,50.93306778],[4.05427615,50.93304388],[4.05445589,50.93305553],[4.05445161,50.93308443]]]}},{"type":"Feature","id":"gebouw/Gebouw.17253852/0","properties":{"source":"Digitaal Vlaanderen Gebouwenregister","source_id":"gebouw/Gebouw.17253852/0","kind":"building","height_m":5.0,"status":null},"geometry":{"type":"Polygon","coordinates":[[[4.05242749,50.93509234],[4.05243027,50.93507629],[4.05246505,50.93487574],[4.05247929,50.93479358],[4.05322298,50.93484412],[4.05322148,50.9348529],[4.05327647,50.93485652],[4.05324315,50.9350566],[4.05318637,50.93505262],[4.0531727,50.93514406],[4.05242749,50.93509234]]]}},{"type":"Feature","id":"gebouw/Gebouw.17268308/0","properties":{"source":"Digitaal Vlaanderen Gebouwenregister","source_id":"gebouw/Gebouw.17268308/0","kind":"building","height_m":5.72,"status":null},"geometry":{"type":"Polygon","coordinates":[[[4.05179368,50.93498726],[4.05161448,50.93497795],[4.05162271,50.93491468],[4.05180381,50.93492427],[4.05179368,50.93498726]]]}},{"type":"Feature","id":"gebouw/Gebouw.17272111/0","properties":{"source":"Digitaal Vlaanderen Gebouwenregister","source_id":"gebouw/Gebouw.17272111/0","kind":"building","height_m":7.16,"status":null},"geometry":{"type":"Polygon","coordinates":[[[4.05364496,50.93403029],[4.05343766,50.93401824],[4.05341602,50.93401698],[4.05340953,50.93406314],[4.0534228,50.93406383],[4.0536374,50.93407503],[4.05364496,50.93403029]]]}},{"type":"Feature","id":"gebouw/Gebouw.17272136/0","properties":{"source":"Digitaal Vlaanderen Gebouwenregister","source_id":"gebouw/Gebouw.17272136/0","kind":"building","height_m":5.0,"status":null},"geometry":{"type":"Polygon","coordinates":[[[4.05427203,50.93362912],[4.05451666,50.93364508],[4.05450567,50.93371233],[4.05426104,50.93369636],[4.05426597,50.9336662],[4.05427203,50.93362912]]]}},{"type":"Feature","id":"gebouw/Gebouw.17281817/0","properties":{"source":"Digitaal Vlaanderen Gebouwenregister","source_id":"gebouw/Gebouw.17281817/0","kind":"building","height_m":5.0,"status":null},"geometry":{"type":"Polygon","coordinates":[[[4.05433586,50.93479435],[4.05433083,50.93479402],[4.05432445,50.9348332],[4.05425995,50.93482901],[4.05424825,50.93483578],[4.05421676,50.93483419],[4.05419768,50.93482124],[4.05412904,50.93481652],[4.05414374,50.93473132],[4.05414059,50.93473127],[4.05414862,50.93468199],[4.05434706,50.93469489],[4.05434245,50.93472362],[4.05434819,50.93472399],[4.0543474,50.93472887],[4.05439442,50.93473193],[4.05440069,50.93473712],[4.05440571,50.93474395],[4.05440965,50.93475278],[4.05440973,50.93476655],[4.05440328,50.93477815],[4.05439504,50.93478666],[4.05439112,50.9347892],[4.05438485,50.9347907],[4.05433696,50.93478759],[4.05433586,50.93479435]]]}},{"type":"Feature","id":"gebouw/Gebouw.17285136/0","properties":{"source":"Digitaal Vlaanderen Gebouwenregister","source_id":"gebouw/Gebouw.17285136/0","kind":"building","height_m":5.72,"status":null},"geometry":{"type":"Polygon","coordinates":[[[4.05366114,50.93392202],[4.05365699,50.93394957],[4.05366393,50.93395009],[4.05366363,50.93395253],[4.05365704,50.93395233],[4.05365338,50.93397436],[4.05366012,50.93397483],[4.05365973,50.9339774],[4.05365322,50.93397721],[4.05364986,50.93399954],[4.05365651,50.93399992],[4.05365635,50.93400259],[4.0536497,50.93400225],[4.05364496,50.93403029],[4.05343766,50.93401824],[4.05345284,50.93391017],[4.05366114,50.93392202]]]}},{"type":"Feature","id":"gebouw/Gebouw.17317240/0","properties":{"source":"Digitaal Vlaanderen Gebouwenregister","source_id":"gebouw/Gebouw.17317240/0","kind":"building","height_m":7.16,"status":null},"geometry":{"type":"Polygon","coordinates":[[[4.05371092,50.93361019],[4.05368908,50.93374114],[4.05347855,50.93372735],[4.05349027,50.93364358],[4.05330203,50.93363303],[4.05326022,50.93364049],[4.05325014,50.93371238],[4.05321981,50.9337104],[4.05317731,50.93370761],[4.05319938,50.93357599],[4.05358594,50.93360183],[4.0535861,50.93360184],[4.05359364,50.93360234],[4.05371092,50.93361019]]]}},{"type":"Feature","id":"gebouw/Gebouw.17321051/0","properties":{"source":"Digitaal Vlaanderen Gebouwenregister","source_id":"gebouw/Gebouw.17321051/0","kind":"building","height_m":9.32,"status":null},"geometry":{"type":"Polygon","coordinates":[[[4.05440373,50.93393622],[4.0544005,50.93396915],[4.05437691,50.93396823],[4.05437735,50.93396503],[4.05422072,50.93395642],[4.05422834,50.93390107],[4.05429872,50.93390469],[4.0543004,50.93389422],[4.05436826,50.93389857],[4.05437024,50.93387838],[4.05442583,50.93388545],[4.05441823,50.93393679],[4.05440373,50.93393622]]]}},{"type":"Feature","id":"gebouw/Gebouw.17370266/0","properties":{"source":"Digitaal Vlaanderen Gebouwenregister","source_id":"gebouw/Gebouw.17370266/0","kind":"building","height_m":7.88,"status":null},"geometry":{"type":"Polygon","coordinates":[[[4.05885321,50.93315664],[4.05873844,50.93322736],[4.05867262,50.93328841],[4.05862543,50.93326915],[4.05862637,50.93326828],[4.05869717,50.93320262],[4.05881266,50.93313144],[4.05885321,50.93315664]]]}},{"type":"Feature","id":"gebouw/Gebouw.17414459/0","properties":{"source":"Digitaal Vlaanderen Gebouwenregister","source_id":"gebouw/Gebouw.17414459/0","kind":"building","height_m":9.32,"status":null},"geometry":{"type":"Polygon","coordinates":[[[4.05403392,50.93454144],[4.05404747,50.93445983],[4.0541175,50.93446447],[4.05410395,50.93454608],[4.05403392,50.93454144]]]}},{"type":"Feature","id":"gebouw/Gebouw.18114877/0","properties":{"source":"Digitaal Vlaanderen Gebouwenregister","source_id":"gebouw/Gebouw.18114877/0","kind":"building","height_m":7.88,"status":null},"geometry":{"type":"Polygon","coordinates":[[[4.054247,50.93435736],[4.05425372,50.93431793],[4.0542337,50.93431664],[4.05424895,50.9342217],[4.05422573,50.93422014],[4.05423194,50.93418158],[4.05425543,50.93418309],[4.05427093,50.93408755],[4.05429071,50.93408883],[4.054297,50.93404966],[4.05454069,50.93406528],[4.05449127,50.93437302],[4.054247,50.93435736]]]}},{"type":"Feature","id":"gebouw/Gebouw.18508483/0","properties":{"source":"Digitaal Vlaanderen Gebouwenregister","source_id":"gebouw/Gebouw.18508483/0","kind":"building","height_m":5.0,"status":null},"geometry":{"type":"Polygon","coordinates":[[[4.05273909,50.93328369],[4.05272611,50.93326522],[4.05281075,50.93324156],[4.05282137,50.93325839],[4.05273909,50.93328369]]]}},{"type":"Feature","id":"gebouw/Gebouw.18729315/0","properties":{"source":"Digitaal Vlaanderen Gebouwenregister","source_id":"gebouw/Gebouw.18729315/0","kind":"building","height_m":7.16,"status":null},"geometry":{"type":"Polygon","coordinates":[[[4.05873608,50.93204952],[4.05877562,50.93202475],[4.05883225,50.93206269],[4.05879337,50.93208678],[4.05873608,50.93204952]]]}},{"type":"Feature","id":"gebouw/Gebouw.18730248/0","properties":{"source":"Digitaal Vlaanderen Gebouwenregister","source_id":"gebouw/Gebouw.18730248/0","kind":"building","height_m":8.6,"status":null},"geometry":{"type":"Polygon","coordinates":[[[4.05852367,50.93291309],[4.05859045,50.93285022],[4.05866963,50.93288609],[4.05860459,50.9329468],[4.05852367,50.93291309]]]}},{"type":"Feature","id":"gebouw/Gebouw.18730516/0","properties":{"source":"Digitaal Vlaanderen Gebouwenregister","source_id":"gebouw/Gebouw.18730516/0","kind":"building","height_m":5.0,"status":null},"geometry":{"type":"Polygon","coordinates":[[[4.05583354,50.93133812],[4.05576707,50.9313659],[4.05573254,50.93133619],[4.05580004,50.93130768],[4.05583354,50.93133812]]]}},{"type":"Feature","id":"gebouw/Gebouw.19879351/0","properties":{"source":"Digitaal Vlaanderen Gebouwenregister","source_id":"gebouw/Gebouw.19879351/0","kind":"building","height_m":6.44,"status":null},"geometry":{"type":"Polygon","coordinates":[[[4.05380727,50.93302901],[4.05380314,50.93305411],[4.05379585,50.93309852],[4.05365284,50.93308791],[4.05365782,50.93305678],[4.05368916,50.93305092],[4.05369495,50.93304983],[4.0536938,50.93304662],[4.05366906,50.93297783],[4.05378114,50.93295679],[4.05378943,50.93297428],[4.05380807,50.93297306],[4.05381654,50.93297251],[4.05380727,50.93302901]]]}},{"type":"Feature","id":"gebouw/Gebouw.19879352/0","properties":{"source":"Digitaal Vlaanderen Gebouwenregister","source_id":"gebouw/Gebouw.19879352/0","kind":"building","height_m":7.16,"status":null},"geometry":{"type":"Polygon","coordinates":[[[4.05365782,50.93305678],[4.05365284,50.93308791],[4.05361875,50.93308539],[4.05362211,50.93306349],[4.05363584,50.93306091],[4.05365652,50.93305702],[4.05365782,50.93305678]]]}},{"type":"Feature","id":"gebouw/Gebouw.19879353/0","properties":{"source":"Digitaal Vlaanderen Gebouwenregister","source_id":"gebouw/Gebouw.19879353/0","kind":"building","height_m":7.88,"status":null},"geometry":{"type":"Polygon","coordinates":[[[4.05379585,50.93309852],[4.05378851,50.93314195],[4.05364564,50.93313284],[4.05365284,50.93308791],[4.05379585,50.93309852]]]}},{"type":"Feature","id":"gebouw/Gebouw.19879354/0","properties":{"source":"Digitaal Vlaanderen Gebouwenregister","source_id":"gebouw/Gebouw.19879354/0","kind":"building","height_m":8.6,"status":null},"geometry":{"type":"Polygon","coordinates":[[[4.05365284,50.93308791],[4.05364564,50.93313284],[4.05364386,50.93313273],[4.0536118,50.93313068],[4.05361511,50.93310911],[4.05361875,50.93308539],[4.05365284,50.93308791]]]}},{"type":"Feature","id":"gebouw/Gebouw.19879355/0","properties":{"source":"Digitaal Vlaanderen Gebouwenregister","source_id":"gebouw/Gebouw.19879355/0","kind":"building","height_m":9.32,"status":null},"geometry":{"type":"Polygon","coordinates":[[[4.05361511,50.93310911],[4.0536118,50.93313068],[4.05361049,50.93313059],[4.05360235,50.93313007],[4.05360239,50.93312978],[4.05360514,50.93310865],[4.05361511,50.93310911]]]}},{"type":"Feature","id":"gebouw/Gebouw.19879527/0","properties":{"source":"Digitaal Vlaanderen Gebouwenregister","source_id":"gebouw/Gebouw.19879527/0","kind":"building","height_m":7.16,"status":null},"geometry":{"type":"Polygon","coordinates":[[[4.05811149,50.92986525],[4.0580616,50.92982056],[4.05823044,50.92974174],[4.05822965,50.92973049],[4.05821749,50.92973183],[4.0582142,50.92970304],[4.05794985,50.92962976],[4.05778791,50.92970782],[4.05794088,50.9298367],[4.05793609,50.92983916],[4.05797147,50.92987133],[4.0578531,50.92992724],[4.05781468,50.92989561],[4.05780554,50.92989998],[4.05759236,50.92971628],[4.05790351,50.92957763],[4.05835298,50.92969129],[4.05836256,50.929752],[4.05828768,50.92978577],[4.05811149,50.92986525]]]}},{"type":"Feature","id":"gebouw/Gebouw.19879528/0","properties":{"source":"Digitaal Vlaanderen Gebouwenregister","source_id":"gebouw/Gebouw.19879528/0","kind":"building","height_m":7.88,"status":null},"geometry":{"type":"Polygon","coordinates":[[[4.05841184,50.92979664],[4.05841359,50.92979807],[4.05834225,50.92983305],[4.05828768,50.92978577],[4.05836256,50.929752],[4.05836341,50.9297574],[4.05841184,50.92979664]]]}},{"type":"Feature","id":"gebouw/Gebouw.19880332/0","properties":{"source":"Digitaal Vlaanderen Gebouwenregister","source_id":"gebouw/Gebouw.19880332/0","kind":"building","height_m":7.16,"status":null},"geometry":{"type":"Polygon","coordinates":[[[4.05628218,50.93180936],[4.05628316,50.93181021],[4.05630971,50.93183317],[4.0564999,50.93199647],[4.05641394,50.93203184],[4.0562232,50.93185875],[4.05620169,50.93183923],[4.0562506,50.93181771],[4.05627788,50.93180571],[4.05628218,50.93180936]]]}},{"type":"Feature","id":"gebouw/Gebouw.19880333/0","properties":{"source":"Digitaal Vlaanderen Gebouwenregister","source_id":"gebouw/Gebouw.19880333/0","kind":"building","height_m":7.88,"status":null},"geometry":{"type":"Polygon","coordinates":[[[4.05628333,50.93181013],[4.05625518,50.93182317],[4.05622559,50.93179772],[4.05620434,50.93177943],[4.05623249,50.93176638],[4.05628333,50.93181013]]]}},{"type":"Feature","id":"gebouw/Gebouw.19880548/0","properties":{"source":"Digitaal Vlaanderen Gebouwenregister","source_id":"gebouw/Gebouw.19880548/0","kind":"building","height_m":6.44,"status":null},"geometry":{"type":"Polygon","coordinates":[[[4.05766708,50.93138775],[4.05766095,50.93139057],[4.0576514,50.93138295],[4.05761063,50.93140172],[4.05761048,50.93140268],[4.05760818,50.93140371],[4.05760556,50.93140108],[4.05757886,50.93141269],[4.05759097,50.93142363],[4.05758492,50.93142648],[4.05743782,50.93129846],[4.05737279,50.93124186],[4.0573868,50.93123509],[4.05743469,50.93121196],[4.05745424,50.93120252],[4.05756394,50.93129799],[4.05766708,50.93138775]]]}},{"type":"Feature","id":"gebouw/Gebouw.19880549/0","properties":{"source":"Digitaal Vlaanderen Gebouwenregister","source_id":"gebouw/Gebouw.19880549/0","kind":"building","height_m":7.16,"status":null},"geometry":{"type":"Polygon","coordinates":[[[4.05743469,50.93121196],[4.0573868,50.93123509],[4.05735169,50.9312047],[4.05740048,50.93118226],[4.05743469,50.93121196]]]}},{"type":"Feature","id":"gebouw/Gebouw.19880864/0","properties":{"source":"Digitaal Vlaanderen Gebouwenregister","source_id":"gebouw/Gebouw.19880864/0","kind":"building","height_m":7.16,"status":null},"geometry":{"type":"Polygon","coordinates":[[[4.05445143,50.9330856],[4.05440602,50.93308266],[4.05440144,50.93312137],[4.05426672,50.9331112],[4.05426815,50.933102],[4.05425676,50.93310146],[4.05426206,50.93306731],[4.05427199,50.93306778],[4.05427615,50.93304388],[4.05445589,50.93305553],[4.05445143,50.9330856]]]}},{"type":"Feature","id":"gebouw/Gebouw.19880865/0","properties":{"source":"Digitaal Vlaanderen Gebouwenregister","source_id":"gebouw/Gebouw.19880865/0","kind":"building","height_m":7.88,"status":null},"geometry":{"type":"Polygon","coordinates":[[[4.05445143,50.9330856],[4.05444554,50.9331247],[4.0544328,50.93312373],[4.0544151,50.9331224],[4.05440144,50.93312137],[4.05440602,50.93308266],[4.05445143,50.9330856]]]}},{"type":"Feature","id":"gebouw/Gebouw.19881042/0","properties":{"source":"Digitaal Vlaanderen Gebouwenregister","source_id":"gebouw/Gebouw.19881042/0","kind":"building","height_m":9.32,"status":null},"geometry":{"type":"Polygon","coordinates":[[[4.05882479,50.92942179],[4.05882037,50.92942869],[4.05878014,50.92941778],[4.05880745,50.92937513],[4.05884897,50.92938639],[4.05882479,50.92942179]]]}},{"type":"Feature","id":"gebouw/Gebouw.19881116/0","properties":{"source":"Digitaal Vlaanderen Gebouwenregister","source_id":"gebouw/Gebouw.19881116/0","kind":"building","height_m":7.16,"status":null},"geometry":{"type":"Polygon","coordinates":[[[4.05705105,50.93176504],[4.05704399,50.93175838],[4.05700114,50.93177649],[4.05691881,50.93170565],[4.0569246,50.93170317],[4.05690082,50.93168073],[4.05697738,50.93164832],[4.05694946,50.93162197],[4.05699054,50.93160458],[4.05700265,50.93161516],[4.05701881,50.93160832],[4.0570438,50.9316319],[4.05703436,50.93163589],[4.05713403,50.93172991],[4.05705105,50.93176504]]]}},{"type":"Feature","id":"gebouw/Gebouw.19881117/0","properties":{"source":"Digitaal Vlaanderen Gebouwenregister","source_id":"gebouw/Gebouw.19881117/0","kind":"building","height_m":7.88,"status":null},"geometry":{"type":"Polygon","coordinates":[[[4.0567009,50.93155908],[4.05686505,50.93169622],[4.05687719,50.93169717],[4.05688118,50.93169504],[4.05688301,50.93168737],[4.05692656,50.93166597],[4.05693864,50.93166804],[4.05695183,50.9316612],[4.0569535,50.93165391],[4.05697079,50.93164592],[4.05698304,50.93164668],[4.05698668,50.93164462],[4.05698838,50.93163733],[4.05702488,50.93162012],[4.05703679,50.93162073],[4.05704066,50.93161884],[4.05704179,50.93161189],[4.05708332,50.93159279],[4.0570954,50.93159346],[4.05709975,50.93159183],[4.05710166,50.931584],[4.05713063,50.9315697],[4.05714291,50.93157034],[4.05715616,50.93156395],[4.05715724,50.93155623],[4.05717494,50.93154881],[4.05718679,50.93154941],[4.05719131,50.93154763],[4.05719412,50.93154145],[4.05723301,50.93152042],[4.05724542,50.93152161],[4.0572492,50.93151958],[4.05725092,50.93151199],[4.05731131,50.93148305],[4.05722966,50.93141501],[4.05724947,50.93140535],[4.05732855,50.9314746],[4.05736645,50.93145634],[4.05737182,50.93146123],[4.05737599,50.93145923],[4.05720358,50.93131886],[4.0567009,50.93155908]]]}},{"type":"Feature","id":"gebouw/Gebouw.19881319/0","properties":{"source":"Digitaal Vlaanderen Gebouwenregister","source_id":"gebouw/Gebouw.19881319/0","kind":"building","height_m":7.16,"status":null},"geometry":{"type":"Polygon","coordinates":[[[4.05682246,50.93162274],[4.05679643,50.9316348],[4.05678824,50.93162775],[4.05674652,50.93164708],[4.05667935,50.93158928],[4.0566392,50.93155473],[4.05670693,50.93152334],[4.05671861,50.93153339],[4.05674616,50.93155709],[4.05675775,50.93156706],[4.05675891,50.93156807],[4.05677538,50.93158223],[4.05677731,50.93158389],[4.05682246,50.93162274]]]}},{"type":"Feature","id":"gebouw/Gebouw.19881320/0","properties":{"source":"Digitaal Vlaanderen Gebouwenregister","source_id":"gebouw/Gebouw.19881320/0","kind":"building","height_m":7.88,"status":null},"geometry":{"type":"Polygon","coordinates":[[[4.05671861,50.93153339],[4.05675238,50.93151718],[4.05678141,50.93154069],[4.05674616,50.93155709],[4.05671861,50.93153339]]]}},{"type":"Feature","id":"gebouw/Gebouw.19881321/0","properties":{"source":"Digitaal Vlaanderen Gebouwenregister","source_id":"gebouw/Gebouw.19881321/0","kind":"building","height_m":8.6,"status":null},"geometry":{"type":"Polygon","coordinates":[[[4.05675775,50.93156706],[4.05678842,50.93155317],[4.05680528,50.93156744],[4.05677538,50.93158223],[4.05675891,50.93156807],[4.05675775,50.93156706]]]}},{"type":"Feature","id":"gebouw/Gebouw.19898124/0","properties":{"source":"Digitaal Vlaanderen Gebouwenregister","source_id":"gebouw/Gebouw.19898124/0","kind":"building","height_m":5.72,"status":null},"geometry":{"type":"Polygon","coordinates":[[[4.05481949,50.93334983],[4.05481194,50.93339852],[4.05475425,50.93339495],[4.05475388,50.93339738],[4.05470627,50.93339443],[4.05470537,50.93340028],[4.05464442,50.93339651],[4.05464585,50.93338727],[4.05460201,50.9333845],[4.05460971,50.93333655],[4.05481949,50.93334983]]]}},{"type":"Feature","id":"gebouw/Gebouw.19898125/0","properties":{"source":"Digitaal Vlaanderen Gebouwenregister","source_id":"gebouw/Gebouw.19898125/0","kind":"building","height_m":6.44,"status":null},"geometry":{"type":"Polygon","coordinates":[[[4.05460971,50.93333655],[4.05455215,50.9333332],[4.0545483,50.93335356],[4.05447818,50.93334984],[4.05448115,50.93332842],[4.05443048,50.93332521],[4.05442437,50.93332482],[4.05441765,50.93337283],[4.05452659,50.93337973],[4.05455518,50.93338154],[4.05457207,50.93338261],[4.05460201,50.9333845],[4.05460971,50.93333655]]]}},{"type":"Feature","id":"gebouw/Gebouw.20146204/0","properties":{"source":"Digitaal Vlaanderen Gebouwenregister","source_id":"gebouw/Gebouw.20146204/0","kind":"building","height_m":5.72,"status":null},"geometry":{"type":"Polygon","coordinates":[[[4.05577354,50.93220828],[4.05595179,50.93213743],[4.05598305,50.93216884],[4.0558048,50.93223969],[4.05577354,50.93220828]]]}},{"type":"Feature","id":"gebouw/Gebouw.20147119/0","properties":{"source":"Digitaal Vlaanderen Gebouwenregister","source_id":"gebouw/Gebouw.20147119/0","kind":"building","height_m":9.32,"status":null},"geometry":{"type":"Polygon","coordinates":[[[4.05454475,50.93382767],[4.05455206,50.93377084],[4.05460835,50.93377373],[4.05460104,50.93383056],[4.05454475,50.93382767]]]}},{"type":"Feature","id":"gebouw/Gebouw.20147160/0","properties":{"source":"Digitaal Vlaanderen Gebouwenregister","source_id":"gebouw/Gebouw.20147160/0","kind":"building","height_m":8.6,"status":null},"geometry":{"type":"Polygon","coordinates":[[[4.05349924,50.9331235],[4.05348382,50.93312252],[4.05345979,50.93312098],[4.05344659,50.93312014],[4.0534422,50.9331486],[4.05349856,50.93315207],[4.05349924,50.9331235]]]}},{"type":"Feature","id":"gebouw/Gebouw.30642056/0","properties":{"source":"Digitaal Vlaanderen Gebouwenregister","source_id":"gebouw/Gebouw.30642056/0","kind":"building","height_m":7.88,"status":null},"geometry":{"type":"Polygon","coordinates":[[[4.05329066,50.93353705],[4.05328597,50.93356615],[4.05322231,50.93356205],[4.05322695,50.93353321],[4.05329066,50.93353705]]]}},{"type":"Feature","id":"gebouw/Gebouw.30642057/0","properties":{"source":"Digitaal Vlaanderen Gebouwenregister","source_id":"gebouw/Gebouw.30642057/0","kind":"building","height_m":8.6,"status":null},"geometry":{"type":"Polygon","coordinates":[[[4.05465073,50.93397019],[4.05466334,50.93389181],[4.05476718,50.93389848],[4.05475458,50.93397686],[4.05465073,50.93397019]]]}},{"type":"Feature","id":"gebouw/Gebouw.30642060/0","properties":{"source":"Digitaal Vlaanderen Gebouwenregister","source_id":"gebouw/Gebouw.30642060/0","kind":"building","height_m":5.72,"status":null},"geometry":{"type":"Polygon","coordinates":[[[4.05088521,50.93508408],[4.05088979,50.93503083],[4.05094103,50.93503258],[4.05093646,50.93508584],[4.05088521,50.93508408]]]}},{"type":"Feature","id":"gebouw/Gebouw.30642621/0","properties":{"source":"Digitaal Vlaanderen Gebouwenregister","source_id":"gebouw/Gebouw.30642621/0","kind":"building","height_m":6.44,"status":null},"geometry":{"type":"Polygon","coordinates":[[[4.05021208,50.92850401],[4.05015329,50.92857473],[4.0502276,50.92859963],[4.05028654,50.92852872],[4.05021208,50.92850401]]]}},{"type":"Feature","id":"gebouw/Gebouw.30642763/0","properties":{"source":"Digitaal Vlaanderen Gebouwenregister","source_id":"gebouw/Gebouw.30642763/0","kind":"building","height_m":7.88,"status":null},"geometry":{"type":"Polygon","coordinates":[[[4.05775021,50.92897735],[4.05769686,50.92896375],[4.05775864,50.92886702],[4.05781199,50.92888062],[4.05775021,50.92897735]]]}},{"type":"Feature","id":"gebouw/Gebouw.30642825/0","properties":{"source":"Digitaal Vlaanderen Gebouwenregister","source_id":"gebouw/Gebouw.30642825/0","kind":"building","height_m":7.16,"status":null},"geometry":{"type":"Polygon","coordinates":[[[4.0563652,50.93151046],[4.05639948,50.9315428],[4.05636494,50.93155742],[4.05633065,50.93152508],[4.0563652,50.93151046]]]}},{"type":"Feature","id":"gebouw/Gebouw.30642826/0","properties":{"source":"Digitaal Vlaanderen Gebouwenregister","source_id":"gebouw/Gebouw.30642826/0","kind":"building","height_m":7.88,"status":null},"geometry":{"type":"Polygon","coordinates":[[[4.05281332,50.92859987],[4.05273126,50.92858722],[4.05275022,50.92853809],[4.05283228,50.92855074],[4.05281332,50.92859987]]]}},{"type":"Feature","id":"gebouw/Gebouw.30644385/0","properties":{"source":"Digitaal Vlaanderen Gebouwenregister","source_id":"gebouw/Gebouw.30644385/0","kind":"building","height_m":6.44,"status":null},"geometry":{"type":"Polygon","coordinates":[[[4.0534208,50.9338376],[4.05341095,50.93390772],[4.05332913,50.93390313],[4.05333898,50.93383302],[4.0534208,50.9338376]]]}},{"type":"Feature","id":"gebouw/Gebouw.30644386/0","properties":{"source":"Digitaal Vlaanderen Gebouwenregister","source_id":"gebouw/Gebouw.30644386/0","kind":"building","height_m":7.16,"status":null},"geometry":{"type":"Polygon","coordinates":[[[4.05345284,50.93391017],[4.05347208,50.9337732],[4.05347279,50.93377324],[4.05368261,50.93378613],[4.05366114,50.93392202],[4.05345284,50.93391017]]]}},{"type":"Feature","id":"gebouw/Gebouw.30742744/0","properties":{"source":"Digitaal Vlaanderen Gebouwenregister","source_id":"gebouw/Gebouw.30742744/0","kind":"building","height_m":7.88,"status":null},"geometry":{"type":"Polygon","coordinates":[[[4.05424595,50.93393595],[4.05425532,50.93387404],[4.05426982,50.93387493],[4.05450515,50.93388939],[4.05451825,50.9338902],[4.05450892,50.93395185],[4.05424595,50.93393595]]]}},{"type":"Feature","id":"gebouw/Gebouw.30910081/0","properties":{"source":"Digitaal Vlaanderen Gebouwenregister","source_id":"gebouw/Gebouw.30910081/0","kind":"building","height_m":9.32,"status":null},"geometry":{"type":"Polygon","coordinates":[[[4.05410478,50.93446592],[4.05422628,50.93447371],[4.05422189,50.93450099],[4.05425946,50.9345034],[4.05426644,50.93451022],[4.05427184,50.93452241],[4.05427177,50.93453094],[4.05426806,50.93453951],[4.05426249,50.93454864],[4.05424983,50.93455955],[4.05421286,50.93455718],[4.05420894,50.93458157],[4.05408745,50.93457378],[4.05410478,50.93446592]]]}},{"type":"Feature","id":"gebouw/Gebouw.31144687/0","properties":{"source":"Digitaal Vlaanderen Gebouwenregister","source_id":"gebouw/Gebouw.31144687/0","kind":"building","height_m":5.0,"status":null},"geometry":{"type":"Polygon","coordinates":[[[4.05105561,50.92949908],[4.0511172,50.9295049],[4.05112724,50.92946247],[4.05125013,50.92948057],[4.05116234,50.92985168],[4.05103795,50.92983993],[4.05108888,50.92962462],[4.05102729,50.9296188],[4.05105561,50.92949908]]]}},{"type":"Feature","id":"gebouw/Gebouw.31144839/0","properties":{"source":"Digitaal Vlaanderen Gebouwenregister","source_id":"gebouw/Gebouw.31144839/0","kind":"building","height_m":8.6,"status":null},"geometry":{"type":"Polygon","coordinates":[[[4.05814787,50.92867773],[4.05809141,50.92864115],[4.05814737,50.92860446],[4.05819006,50.92863212],[4.05824236,50.92859918],[4.0582961,50.928634],[4.05836113,50.92859304],[4.05844584,50.92864357],[4.05832085,50.92872549],[4.05824504,50.92867637],[4.05823035,50.92868563],[4.05818352,50.92865528],[4.05814787,50.92867773]]]}},{"type":"Feature","id":"gebouw/Gebouw.31144840/0","properties":{"source":"Digitaal Vlaanderen Gebouwenregister","source_id":"gebouw/Gebouw.31144840/0","kind":"building","height_m":9.32,"status":null},"geometry":{"type":"Polygon","coordinates":[[[4.05850019,50.92856559],[4.05850015,50.92857055],[4.0584972,50.92857667],[4.05845312,50.92860385],[4.05839093,50.92856357],[4.0584453,50.92853004],[4.05850019,50.92856559]]]}},{"type":"Feature","id":"gebouw/Gebouw.31144841/0","properties":{"source":"Digitaal Vlaanderen Gebouwenregister","source_id":"gebouw/Gebouw.31144841/0","kind":"building","height_m":5.0,"status":null},"geometry":{"type":"Polygon","coordinates":[[[4.05845029,50.92863305],[4.05854572,50.92857082],[4.05862331,50.92861835],[4.05854314,50.92867063],[4.05853331,50.9286737],[4.05852443,50.92867367],[4.05851509,50.92867274],[4.05845029,50.92863305]]]}},{"type":"Feature","id":"gebouw/Gebouw.31144845/0","properties":{"source":"Digitaal Vlaanderen Gebouwenregister","source_id":"gebouw/Gebouw.31144845/0","kind":"building","height_m":7.88,"status":null},"geometry":{"type":"Polygon","coordinates":[[[4.05730247,50.93030318],[4.05730786,50.93030059],[4.05734407,50.93033072],[4.05715887,50.93041962],[4.05708865,50.9303612],[4.05726846,50.93027489],[4.05730247,50.93030318]]]}},{"type":"Feature","id":"gebouw/Gebouw.31532172/0","properties":{"source":"Digitaal Vlaanderen Gebouwenregister","source_id":"gebouw/Gebouw.31532172/0","kind":"building","height_m":5.0,"status":null},"geometry":{"type":"Polygon","coordinates":[[[4.05304999,50.93256334],[4.05305138,50.93255073],[4.05302397,50.93254987],[4.05302258,50.93256248],[4.05304999,50.93256334]]]}},{"type":"Feature","id":"gebouw/Gebouw.31541673/0","properties":{"source":"Digitaal Vlaanderen Gebouwenregister","source_id":"gebouw/Gebouw.31541673/0","kind":"building","height_m":6.44,"status":null},"geometry":{"type":"Polygon","coordinates":[[[4.05308213,50.93264704],[4.0530965,50.93267513],[4.05314097,50.93266621],[4.0531266,50.93263812],[4.05308213,50.93264704]]]}},{"type":"Feature","id":"gebouw/Gebouw.31655981/0","properties":{"source":"Digitaal Vlaanderen Gebouwenregister","source_id":"gebouw/Gebouw.31655981/0","kind":"building","height_m":5.0,"status":null},"geometry":{"type":"Polygon","coordinates":[[[4.05455518,50.93338154],[4.05452659,50.93337973],[4.05441765,50.93337283],[4.05440173,50.93337183],[4.05422644,50.93336073],[4.05422621,50.93336178],[4.05429718,50.93336639],[4.05426409,50.93356829],[4.05452433,50.93358556],[4.05455518,50.93338154]]]}},{"type":"Feature","id":"gebouw/Gebouw.31662933/0","properties":{"source":"Digitaal Vlaanderen Gebouwenregister","source_id":"gebouw/Gebouw.31662933/0","kind":"building","height_m":5.72,"status":null},"geometry":{"type":"Polygon","coordinates":[[[4.05717044,50.93170098],[4.057463,50.93155792],[4.05722871,50.93136658],[4.05693615,50.93150964],[4.05717044,50.93170098]]]}},{"type":"Feature","id":"gebouw/Gebouw.31706957/0","properties":{"source":"Digitaal Vlaanderen Gebouwenregister","source_id":"gebouw/Gebouw.31706957/0","kind":"building","height_m":6.44,"status":null},"geometry":{"type":"Polygon","coordinates":[[[4.04825483,50.93276181],[4.04852639,50.9328147],[4.04860784,50.93264773],[4.04833627,50.93259483],[4.04825483,50.93276181]]]}},{"type":"Feature","id":"gebouw/Gebouw.31728749/0","properties":{"source":"Digitaal Vlaanderen Gebouwenregister","source_id":"gebouw/Gebouw.31728749/0","kind":"building","height_m":7.16,"status":null},"geometry":{"type":"Polygon","coordinates":[[[4.05360209,50.93422211],[4.05362064,50.93410766],[4.05363062,50.9341083],[4.0536374,50.93407503],[4.0534228,50.93406383],[4.05341447,50.93411553],[4.05340881,50.93415067],[4.05339655,50.93422677],[4.05354586,50.93423417],[4.05354732,50.93421931],[4.05360209,50.93422211]]]}},{"type":"Feature","id":"gebouw/Gebouw.31804781/0","properties":{"source":"Digitaal Vlaanderen Gebouwenregister","source_id":"gebouw/Gebouw.31804781/0","kind":"building","height_m":5.72,"status":null},"geometry":{"type":"Polygon","coordinates":[[[4.05636981,50.9287533],[4.0563218,50.92872226],[4.05619076,50.92879922],[4.05595147,50.92871402],[4.05592313,50.92874463],[4.05615516,50.92883033],[4.05616822,50.92882235],[4.05621095,50.9288503],[4.05636981,50.9287533]]]}},{"type":"Feature","id":"gebouw/Gebouw.31804944/0","properties":{"source":"Digitaal Vlaanderen Gebouwenregister","source_id":"gebouw/Gebouw.31804944/0","kind":"building","height_m":7.16,"status":null},"geometry":{"type":"Polygon","coordinates":[[[4.05839864,50.9326297],[4.05833317,50.9326012],[4.05830705,50.93262515],[4.05837252,50.93265366],[4.05839864,50.9326297]]]}},{"type":"Feature","id":"gebouw/Gebouw.31805490/0","properties":{"source":"Digitaal Vlaanderen Gebouwenregister","source_id":"gebouw/Gebouw.31805490/0","kind":"building","height_m":7.16,"status":null},"geometry":{"type":"Polygon","coordinates":[[[4.05771511,50.93260182],[4.05756204,50.93253665],[4.05753243,50.93256443],[4.05755967,50.93257602],[4.05753262,50.9326014],[4.05750392,50.93258918],[4.05744247,50.93264708],[4.05744632,50.93264883],[4.05745474,50.93264053],[4.05759825,50.93270352],[4.05759059,50.93271055],[4.05759486,50.93271225],[4.05771511,50.93260182]]]}},{"type":"Feature","id":"gebouw/Gebouw.31805769/0","properties":{"source":"Digitaal Vlaanderen Gebouwenregister","source_id":"gebouw/Gebouw.31805769/0","kind":"building","height_m":6.44,"status":null},"geometry":{"type":"Polygon","coordinates":[[[4.05782081,50.93246699],[4.05787201,50.93248735],[4.05794512,50.93241397],[4.05789391,50.9323936],[4.05782081,50.93246699]]]}},{"type":"Feature","id":"gebouw/Gebouw.32035968/0","properties":{"source":"Digitaal Vlaanderen Gebouwenregister","source_id":"gebouw/Gebouw.32035968/0","kind":"building","height_m":9.32,"status":null},"geometry":{"type":"Polygon","coordinates":[[[4.05654132,50.92865094],[4.05649842,50.92862242],[4.05638784,50.92868488],[4.056432,50.92871384],[4.05654132,50.92865094]]]}},{"type":"Feature","id":"way/161030317","properties":{"source":"OpenStreetMap","source_id":"way/161030317","kind":"vegetation","name":null,"waterway":null,"landuse":"forest"},"geometry":{"type":"Polygon","coordinates":[[[4.055948,50.9328138],[4.055323,50.9322172],[4.0553355,50.9317271],[4.0552451,50.9311453],[4.0550287,50.9301893],[4.0549006,50.9300611],[4.0545238,50.9300468],[4.0540641,50.9299898],[4.0536874,50.9298758],[4.0534914,50.9297096],[4.053499,50.9294579],[4.0529051,50.9293094],[4.0521951,50.9317034],[4.0521045,50.9316866],[4.0528687,50.9290008],[4.0529393,50.9290208],[4.0530947,50.9290649],[4.0533547,50.9291361],[4.0551257,50.9295862],[4.0558963,50.929782],[4.0569206,50.9294312],[4.0584191,50.9297584],[4.058093,50.9301028],[4.0584351,50.9304527],[4.0578729,50.9307318],[4.0568866,50.9312702],[4.0567193,50.9311481],[4.0559972,50.9314644],[4.0567105,50.9320416],[4.0562435,50.9322122],[4.0566385,50.9325728],[4.0562036,50.9327436],[4.055948,50.9328138]]]}},{"type":"Feature","id":"way/161030318","properties":{"source":"OpenStreetMap","source_id":"way/161030318","kind":"vegetation","name":null,"waterway":null,"landuse":"forest"},"geometry":{"type":"Polygon","coordinates":[[[4.0542302,50.9321943],[4.0539257,50.9322102],[4.0539437,50.9324349],[4.0539914,50.9328244],[4.0544152,50.9328458],[4.0548376,50.9328801],[4.0550332,50.9330075],[4.0552691,50.9329606],[4.0542302,50.9321943]]]}},{"type":"Feature","id":"way/161057969","properties":{"source":"OpenStreetMap","source_id":"way/161057969","kind":"vegetation","name":null,"waterway":null,"landuse":"forest"},"geometry":{"type":"Polygon","coordinates":[[[4.0499318,50.9293712],[4.0501829,50.9295086],[4.0502506,50.9296081],[4.0502248,50.9301425],[4.0501797,50.9301567],[4.050112,50.9301343],[4.0499863,50.9300937],[4.0498477,50.9301242],[4.0496768,50.9302217],[4.049593,50.9303477],[4.0495769,50.9304838],[4.0495447,50.9307113],[4.0492255,50.9306808],[4.0490547,50.9310161],[4.0490547,50.9312395],[4.0489644,50.9313167],[4.048871,50.9313675],[4.0488097,50.9314021],[4.0487807,50.9313777],[4.0488,50.9312639],[4.0491063,50.9303944],[4.0492466,50.9300406],[4.0493399,50.9299008],[4.0494879,50.9297457],[4.0499318,50.9293712]]]}},{"type":"Feature","id":"way/161057980","properties":{"source":"OpenStreetMap","source_id":"way/161057980","kind":"vegetation","name":null,"waterway":null,"landuse":"forest"},"geometry":{"type":"Polygon","coordinates":[[[4.0511937,50.9295803],[4.051116,50.9295713],[4.0510407,50.9295312],[4.0509196,50.9295102],[4.0509109,50.9293647],[4.0509521,50.9293765],[4.0510554,50.9292323],[4.0509173,50.929193],[4.0505278,50.9291266],[4.0503505,50.9293339],[4.0507921,50.9293481],[4.0507792,50.9294476],[4.0506705,50.9294493],[4.0506714,50.9294084],[4.0503437,50.9294056],[4.0503421,50.9294786],[4.0499877,50.9293226],[4.0501119,50.9292197],[4.0501598,50.9291971],[4.050255,50.9291701],[4.0503636,50.9291346],[4.0504253,50.9290982],[4.0504709,50.929023],[4.0504789,50.928952],[4.0505218,50.9288827],[4.050651,50.9287529],[4.0512583,50.9289413],[4.0511749,50.9289746],[4.0511648,50.9291116],[4.0511433,50.9293221],[4.051146,50.929401],[4.0511221,50.9294955],[4.0511937,50.9295803]]]}},{"type":"Feature","id":"way/237854038","properties":{"source":"OpenStreetMap","source_id":"way/237854038","kind":"water","name":null,"waterway":null,"landuse":null},"geometry":{"type":"Polygon","coordinates":[[[4.0554732,50.9288379],[4.0556663,50.9288835],[4.0557253,50.9287686],[4.0555403,50.9287263],[4.0554732,50.9288379]]]}},{"type":"Feature","id":"way/237854043","properties":{"source":"OpenStreetMap","source_id":"way/237854043","kind":"water","name":null,"waterway":null,"landuse":null},"geometry":{"type":"Polygon","coordinates":[[[4.0554598,50.9288615],[4.0556583,50.9289021],[4.0555939,50.9290188],[4.0554029,50.9289762],[4.0554598,50.9288615]]]}},{"type":"Feature","id":"way/1090684014","properties":{"source":"OpenStreetMap","source_id":"way/1090684014","kind":"waterway","name":null,"waterway":"weir","landuse":null},"geometry":{"type":"LineString","coordinates":[[4.0519119,50.9295481],[4.0520093,50.9295574]]}},{"type":"Feature","id":"way/1090684015","properties":{"source":"OpenStreetMap","source_id":"way/1090684015","kind":"waterway","name":null,"waterway":"weir","landuse":null},"geometry":{"type":"LineString","coordinates":[[4.0517917,50.9295367],[4.0518906,50.9295461]]}},{"type":"Feature","id":"way/1292685711","properties":{"source":"OpenStreetMap","source_id":"way/1292685711","kind":"water","name":null,"waterway":null,"landuse":null},"geometry":{"type":"Polygon","coordinates":[[[4.0585878,50.9305755],[4.058672,50.9305387],[4.058546,50.9304271],[4.0584644,50.9304671],[4.0585878,50.9305755]]]}}]}