{"type":"FeatureCollection","features":[{"type":"Feature","id":"gebouw/Gebouw.16989032/0","properties":{"source":"Digitaal Vlaanderen Gebouwenregister","source_id":"gebouw/Gebouw.16989032/0","kind":"building","height_m":7.88,"status":null},"geometry":{"type":"Polygon","coordinates":[[[4.0491559,50.95982912],[4.04916515,50.95984081],[4.04906002,50.959874],[4.04896406,50.95975274],[4.04905372,50.95972545],[4.04907008,50.95972047],[4.04908153,50.95973494],[4.04910142,50.95972866],[4.04917592,50.9598228],[4.0491559,50.95982912]]]}},{"type":"Feature","id":"gebouw/Gebouw.16989528/0","properties":{"source":"Digitaal Vlaanderen Gebouwenregister","source_id":"gebouw/Gebouw.16989528/0","kind":"building","height_m":7.16,"status":null},"geometry":{"type":"Polygon","coordinates":[[[4.05609956,50.96068944],[4.05604625,50.96073939],[4.05600833,50.96072552],[4.05606405,50.96067396],[4.05609956,50.96068944]]]}},{"type":"Feature","id":"gebouw/Gebouw.16999473/0","properties":{"source":"Digitaal Vlaanderen Gebouwenregister","source_id":"gebouw/Gebouw.16999473/0","kind":"building","height_m":5.72,"status":null},"geometry":{"type":"Polygon","coordinates":[[[4.04985034,50.96053693],[4.04979828,50.9605567],[4.04976797,50.96052488],[4.04982003,50.9605051],[4.04985034,50.96053693]]]}},{"type":"Feature","id":"gebouw/Gebouw.16999529/0","properties":{"source":"Digitaal Vlaanderen Gebouwenregister","source_id":"gebouw/Gebouw.16999529/0","kind":"building","height_m":5.72,"status":null},"geometry":{"type":"Polygon","coordinates":[[[4.05348922,50.95934605],[4.05354241,50.95936292],[4.05352934,50.95937879],[4.05351884,50.95937534],[4.05351077,50.95938514],[4.05347269,50.95937263],[4.05348922,50.95934605]]]}},{"type":"Feature","id":"gebouw/Gebouw.16999840/0","properties":{"source":"Digitaal Vlaanderen Gebouwenregister","source_id":"gebouw/Gebouw.16999840/0","kind":"building","height_m":7.88,"status":null},"geometry":{"type":"Polygon","coordinates":[[[4.05010006,50.95983032],[4.05011568,50.95985153],[4.0500553,50.95986916],[4.05003815,50.95984846],[4.05010006,50.95983032]]]}},{"type":"Feature","id":"gebouw/Gebouw.16999880/0","properties":{"source":"Digitaal Vlaanderen Gebouwenregister","source_id":"gebouw/Gebouw.16999880/0","kind":"building","height_m":6.44,"status":null},"geometry":{"type":"Polygon","coordinates":[[[4.04858546,50.95704914],[4.04854811,50.95702865],[4.04849123,50.95707001],[4.04842603,50.95703419],[4.04847826,50.95699741],[4.04855348,50.95694444],[4.04866867,50.95698925],[4.04858546,50.95704914]]]}},{"type":"Feature","id":"gebouw/Gebouw.17008115/0","properties":{"source":"Digitaal Vlaanderen Gebouwenregister","source_id":"gebouw/Gebouw.17008115/0","kind":"building","height_m":8.6,"status":null},"geometry":{"type":"Polygon","coordinates":[[[4.05653222,50.95573782],[4.0566401,50.95577953],[4.05653567,50.95588468],[4.05647271,50.95585974],[4.056489,50.95584269],[4.05644544,50.9558255],[4.05653222,50.95573782]]]}},{"type":"Feature","id":"gebouw/Gebouw.17008453/0","properties":{"source":"Digitaal Vlaanderen Gebouwenregister","source_id":"gebouw/Gebouw.17008453/0","kind":"building","height_m":5.0,"status":null},"geometry":{"type":"Polygon","coordinates":[[[4.05825082,50.95814935],[4.05821197,50.95816695],[4.05821681,50.95817106],[4.05810591,50.9582232],[4.05798672,50.95812207],[4.05813513,50.95805229],[4.05816359,50.95807617],[4.05819826,50.95810526],[4.05825082,50.95814935]]]}},{"type":"Feature","id":"gebouw/Gebouw.17008457/0","properties":{"source":"Digitaal Vlaanderen Gebouwenregister","source_id":"gebouw/Gebouw.17008457/0","kind":"building","height_m":7.88,"status":null},"geometry":{"type":"Polygon","coordinates":[[[4.05007568,50.95742949],[4.05012179,50.95739304],[4.05012611,50.95738963],[4.05016096,50.95736209],[4.05018052,50.95734703],[4.05008642,50.95729827],[4.05010961,50.95728042],[4.05006826,50.95725899],[4.05005951,50.95726523],[4.04998593,50.95731771],[4.04995932,50.9573367],[4.04996099,50.95733763],[4.04996304,50.95733876],[4.04997477,50.95733055],[4.05001398,50.95735042],[4.05000254,50.95735917],[4.05001247,50.95736455],[4.04996648,50.95739995],[4.04998075,50.95740732],[4.04992704,50.95744942],[4.04999444,50.95749369],[4.05007568,50.95742949]]]}},{"type":"Feature","id":"gebouw/Gebouw.17008840/0","properties":{"source":"Digitaal Vlaanderen Gebouwenregister","source_id":"gebouw/Gebouw.17008840/0","kind":"building","height_m":6.44,"status":null},"geometry":{"type":"Polygon","coordinates":[[[4.05784209,50.95866781],[4.05780355,50.95868249],[4.05773511,50.95861082],[4.05769176,50.95862733],[4.05768908,50.95862453],[4.05764521,50.95864125],[4.05753263,50.95852185],[4.0576177,50.95849],[4.05770844,50.95858667],[4.0577481,50.95857182],[4.0578029,50.95862778],[4.05784209,50.95866781]]]}},{"type":"Feature","id":"gebouw/Gebouw.17008852/0","properties":{"source":"Digitaal Vlaanderen Gebouwenregister","source_id":"gebouw/Gebouw.17008852/0","kind":"building","height_m":5.0,"status":null},"geometry":{"type":"Polygon","coordinates":[[[4.05345002,50.96009376],[4.05337572,50.96013859],[4.05335485,50.9600998],[4.0534069,50.96006618],[4.05345002,50.96009376]]]}},{"type":"Feature","id":"gebouw/Gebouw.17008857/0","properties":{"source":"Digitaal Vlaanderen Gebouwenregister","source_id":"gebouw/Gebouw.17008857/0","kind":"building","height_m":8.6,"status":null},"geometry":{"type":"Polygon","coordinates":[[[4.05863661,50.95848223],[4.05858,50.95850967],[4.05854464,50.95848058],[4.05860125,50.95845314],[4.05863661,50.95848223]]]}},{"type":"Feature","id":"gebouw/Gebouw.17009065/0","properties":{"source":"Digitaal Vlaanderen Gebouwenregister","source_id":"gebouw/Gebouw.17009065/0","kind":"building","height_m":7.16,"status":null},"geometry":{"type":"Polygon","coordinates":[[[4.05521704,50.96095913],[4.05513509,50.96102782],[4.05506028,50.96099174],[4.05514023,50.96092563],[4.05513284,50.96092179],[4.05515921,50.96089964],[4.05511687,50.96087891],[4.05515128,50.96084911],[4.05514627,50.96084647],[4.0551349,50.96083646],[4.05513237,50.96082616],[4.05513923,50.96081435],[4.05515542,50.96080673],[4.05517295,50.96080503],[4.05518906,50.9608087],[4.0551958,50.96081211],[4.05523223,50.9607803],[4.05531923,50.96082004],[4.0553605,50.96083889],[4.05521704,50.96095913]]]}},{"type":"Feature","id":"gebouw/Gebouw.17025858/0","properties":{"source":"Digitaal Vlaanderen Gebouwenregister","source_id":"gebouw/Gebouw.17025858/0","kind":"building","height_m":7.16,"status":null},"geometry":{"type":"Polygon","coordinates":[[[4.04952697,50.96109758],[4.04947294,50.9610864],[4.04947795,50.96107674],[4.04939757,50.96106017],[4.04938598,50.96108258],[4.04930587,50.96106606],[4.04935994,50.96096148],[4.04942535,50.96097497],[4.04942981,50.96096608],[4.04948247,50.96097655],[4.04947834,50.96098518],[4.04951834,50.96099329],[4.04952282,50.96098484],[4.04957941,50.96099655],[4.04952697,50.96109758]]]}},{"type":"Feature","id":"gebouw/Gebouw.17025958/0","properties":{"source":"Digitaal Vlaanderen Gebouwenregister","source_id":"gebouw/Gebouw.17025958/0","kind":"building","height_m":8.6,"status":null},"geometry":{"type":"Polygon","coordinates":[[[4.05192509,50.96023443],[4.05199081,50.96028516],[4.05194554,50.96030764],[4.05188053,50.96025746],[4.05192509,50.96023443]]]}},{"type":"Feature","id":"gebouw/Gebouw.17026270/0","properties":{"source":"Digitaal Vlaanderen Gebouwenregister","source_id":"gebouw/Gebouw.17026270/0","kind":"building","height_m":6.44,"status":null},"geometry":{"type":"Polygon","coordinates":[[[4.04875292,50.9573426],[4.04864572,50.95741789],[4.04861026,50.95739775],[4.04871662,50.95732199],[4.04875292,50.9573426]]]}},{"type":"Feature","id":"gebouw/Gebouw.17031837/0","properties":{"source":"Digitaal Vlaanderen Gebouwenregister","source_id":"gebouw/Gebouw.17031837/0","kind":"building","height_m":7.88,"status":null},"geometry":{"type":"Polygon","coordinates":[[[4.05850865,50.95850252],[4.05844393,50.95853446],[4.05842108,50.95851599],[4.0584858,50.95848405],[4.05850865,50.95850252]]]}},{"type":"Feature","id":"gebouw/Gebouw.17038339/0","properties":{"source":"Digitaal Vlaanderen Gebouwenregister","source_id":"gebouw/Gebouw.17038339/0","kind":"building","height_m":7.16,"status":null},"geometry":{"type":"Polygon","coordinates":[[[4.05209817,50.96042244],[4.0521324,50.96040405],[4.05217363,50.96043466],[4.0521394,50.96045304],[4.05209817,50.96042244]]]}},{"type":"Feature","id":"gebouw/Gebouw.17038695/0","properties":{"source":"Digitaal Vlaanderen Gebouwenregister","source_id":"gebouw/Gebouw.17038695/0","kind":"building","height_m":6.44,"status":null},"geometry":{"type":"Polygon","coordinates":[[[4.05196567,50.95930525],[4.05198867,50.95932395],[4.0519125,50.95936131],[4.05188425,50.95937517],[4.05178634,50.95929533],[4.05195452,50.95921283],[4.0520296,50.95927388],[4.05196567,50.95930525]]]}},{"type":"Feature","id":"gebouw/Gebouw.17038698/0","properties":{"source":"Digitaal Vlaanderen Gebouwenregister","source_id":"gebouw/Gebouw.17038698/0","kind":"building","height_m":8.6,"status":null},"geometry":{"type":"Polygon","coordinates":[[[4.05612341,50.95555087],[4.05599787,50.95564309],[4.055932,50.95560393],[4.0560396,50.95553085],[4.0560779,50.95550484],[4.05612596,50.9554722],[4.05613267,50.95546764],[4.05614909,50.95545649],[4.05620779,50.95548889],[4.05612341,50.95555087]]]}},{"type":"Feature","id":"gebouw/Gebouw.17038702/0","properties":{"source":"Digitaal Vlaanderen Gebouwenregister","source_id":"gebouw/Gebouw.17038702/0","kind":"building","height_m":6.44,"status":null},"geometry":{"type":"Polygon","coordinates":[[[4.05757309,50.95868212],[4.05749876,50.95871027],[4.05748457,50.95869533],[4.05737534,50.9585803],[4.05745067,50.95855247],[4.05757309,50.95868212]]]}},{"type":"Feature","id":"gebouw/Gebouw.17038794/0","properties":{"source":"Digitaal Vlaanderen Gebouwenregister","source_id":"gebouw/Gebouw.17038794/0","kind":"building","height_m":7.16,"status":null},"geometry":{"type":"Polygon","coordinates":[[[4.05396709,50.95906736],[4.05401033,50.95908994],[4.05392785,50.95915295],[4.0538846,50.95913038],[4.05396709,50.95906736]]]}},{"type":"Feature","id":"gebouw/Gebouw.17039016/0","properties":{"source":"Digitaal Vlaanderen Gebouwenregister","source_id":"gebouw/Gebouw.17039016/0","kind":"building","height_m":5.72,"status":null},"geometry":{"type":"Polygon","coordinates":[[[4.05291491,50.95927014],[4.05283971,50.95924461],[4.05275508,50.95933869],[4.05282977,50.95936478],[4.05291491,50.95927014]]]}},{"type":"Feature","id":"gebouw/Gebouw.17039094/0","properties":{"source":"Digitaal Vlaanderen Gebouwenregister","source_id":"gebouw/Gebouw.17039094/0","kind":"building","height_m":6.44,"status":null},"geometry":{"type":"Polygon","coordinates":[[[4.05030568,50.9588408],[4.05033789,50.95882349],[4.05041332,50.95887946],[4.05044656,50.95886159],[4.05055597,50.95894209],[4.0504961,50.95897379],[4.05030568,50.9588408]]]}},{"type":"Feature","id":"gebouw/Gebouw.17039217/0","properties":{"source":"Digitaal Vlaanderen Gebouwenregister","source_id":"gebouw/Gebouw.17039217/0","kind":"building","height_m":9.32,"status":null},"geometry":{"type":"Polygon","coordinates":[[[4.05059713,50.95730329],[4.05065542,50.95734498],[4.0506192,50.95736518],[4.05056091,50.95732349],[4.05059713,50.95730329]]]}},{"type":"Feature","id":"gebouw/Gebouw.17040453/0","properties":{"source":"Digitaal Vlaanderen Gebouwenregister","source_id":"gebouw/Gebouw.17040453/0","kind":"building","height_m":7.16,"status":null},"geometry":{"type":"Polygon","coordinates":[[[4.05079979,50.9584986],[4.05079293,50.95849343],[4.0507881,50.95848979],[4.05074096,50.95851558],[4.05069659,50.95848322],[4.05087963,50.95837962],[4.05092947,50.95841615],[4.05079979,50.9584986]]]}},{"type":"Feature","id":"gebouw/Gebouw.17040668/0","properties":{"source":"Digitaal Vlaanderen Gebouwenregister","source_id":"gebouw/Gebouw.17040668/0","kind":"building","height_m":5.72,"status":null},"geometry":{"type":"Polygon","coordinates":[[[4.05389691,50.95965935],[4.05387855,50.95966842],[4.05387731,50.95966754],[4.05379631,50.95961026],[4.05381697,50.95956325],[4.05392241,50.95964675],[4.05389691,50.95965935]]]}},{"type":"Feature","id":"gebouw/Gebouw.17044590/0","properties":{"source":"Digitaal Vlaanderen Gebouwenregister","source_id":"gebouw/Gebouw.17044590/0","kind":"building","height_m":7.16,"status":null},"geometry":{"type":"Polygon","coordinates":[[[4.05694842,50.96138119],[4.05691275,50.96135738],[4.05688675,50.96137312],[4.05679584,50.96131236],[4.05677288,50.9613262],[4.05673054,50.96129841],[4.05674202,50.96129122],[4.05669431,50.96126029],[4.05669128,50.96126246],[4.05668762,50.96126054],[4.05679418,50.96119727],[4.05684066,50.96122668],[4.05684466,50.96122472],[4.05694794,50.96129565],[4.05701683,50.96125395],[4.05705232,50.96123247],[4.0570021,50.96120233],[4.05708247,50.96115394],[4.05713197,50.96118425],[4.0571653,50.96116408],[4.0572291,50.96120631],[4.05726426,50.96118376],[4.05732825,50.96121883],[4.05722949,50.96125673],[4.05719966,50.96123715],[4.05714971,50.961267],[4.05715528,50.96127072],[4.05707786,50.96131698],[4.05706748,50.96131004],[4.05694842,50.96138119]]]}},{"type":"Feature","id":"gebouw/Gebouw.17044662/0","properties":{"source":"Digitaal Vlaanderen Gebouwenregister","source_id":"gebouw/Gebouw.17044662/0","kind":"building","height_m":8.6,"status":null},"geometry":{"type":"Polygon","coordinates":[[[4.0560396,50.95553085],[4.055932,50.95560393],[4.0558623,50.9555627],[4.05590315,50.95553523],[4.05588768,50.95552622],[4.05593567,50.95549394],[4.05594662,50.95549936],[4.05596394,50.95548548],[4.0560396,50.95553085]]]}},{"type":"Feature","id":"gebouw/Gebouw.17045218/0","properties":{"source":"Digitaal Vlaanderen Gebouwenregister","source_id":"gebouw/Gebouw.17045218/0","kind":"building","height_m":5.72,"status":null},"geometry":{"type":"Polygon","coordinates":[[[4.05410402,50.95803102],[4.05414359,50.9580468],[4.05411494,50.95807546],[4.05407537,50.95805968],[4.05410402,50.95803102]]]}},{"type":"Feature","id":"gebouw/Gebouw.17046496/0","properties":{"source":"Digitaal Vlaanderen Gebouwenregister","source_id":"gebouw/Gebouw.17046496/0","kind":"building","height_m":8.6,"status":null},"geometry":{"type":"Polygon","coordinates":[[[4.05696564,50.95581486],[4.05690582,50.9558738],[4.05695277,50.95589207],[4.0570109,50.95583247],[4.05698348,50.9558218],[4.05696564,50.95581486]]]}},{"type":"Feature","id":"gebouw/Gebouw.17053237/0","properties":{"source":"Digitaal Vlaanderen Gebouwenregister","source_id":"gebouw/Gebouw.17053237/0","kind":"building","height_m":8.6,"status":null},"geometry":{"type":"Polygon","coordinates":[[[4.05173546,50.96042654],[4.05170142,50.96040142],[4.05176418,50.9603675],[4.05180795,50.96039761],[4.05183235,50.9603835],[4.05189401,50.96042603],[4.0518783,50.96043512],[4.0519448,50.960481],[4.05188313,50.96051666],[4.05187402,50.96051038],[4.05186304,50.96051673],[4.0518604,50.9605149],[4.05185023,50.96052078],[4.05179917,50.96048741],[4.0517925,50.96049148],[4.05175655,50.96046798],[4.0517671,50.96046228],[4.05172577,50.96043178],[4.05173546,50.96042654]]]}},{"type":"Feature","id":"gebouw/Gebouw.17053291/0","properties":{"source":"Digitaal Vlaanderen Gebouwenregister","source_id":"gebouw/Gebouw.17053291/0","kind":"building","height_m":7.16,"status":null},"geometry":{"type":"Polygon","coordinates":[[[4.05225043,50.95966078],[4.05226586,50.95966269],[4.05228555,50.95968022],[4.0523058,50.95967115],[4.05244866,50.95979836],[4.0524441,50.95980033],[4.05243951,50.95979615],[4.05232226,50.95984784],[4.052328,50.95985285],[4.05231999,50.95985632],[4.05215474,50.95970444],[4.05225043,50.95966078]]]}},{"type":"Feature","id":"gebouw/Gebouw.17053613/0","properties":{"source":"Digitaal Vlaanderen Gebouwenregister","source_id":"gebouw/Gebouw.17053613/0","kind":"building","height_m":7.16,"status":null},"geometry":{"type":"Polygon","coordinates":[[[4.05652949,50.96123755],[4.05632431,50.96114335],[4.05632358,50.96114301],[4.05640948,50.96107227],[4.05654179,50.96113645],[4.0565787,50.96110605],[4.05658912,50.9611111],[4.05671533,50.96100717],[4.05671916,50.96100401],[4.05686164,50.96107301],[4.0566988,50.96120711],[4.05661322,50.96116859],[4.05652949,50.96123755]]]}},{"type":"Feature","id":"gebouw/Gebouw.17053638/0","properties":{"source":"Digitaal Vlaanderen Gebouwenregister","source_id":"gebouw/Gebouw.17053638/0","kind":"building","height_m":5.0,"status":null},"geometry":{"type":"Polygon","coordinates":[[[4.05392416,50.9603395],[4.05386034,50.96030083],[4.05389615,50.96027634],[4.05391592,50.96026282],[4.05395609,50.96023534],[4.0539778,50.96022048],[4.05411967,50.96012343],[4.05418725,50.96016455],[4.05423309,50.96019243],[4.05413274,50.96026108],[4.05412383,50.96026717],[4.05407094,50.96030336],[4.0540303,50.96033116],[4.05398134,50.96030191],[4.05392416,50.9603395]]]}},{"type":"Feature","id":"gebouw/Gebouw.17053657/0","properties":{"source":"Digitaal Vlaanderen Gebouwenregister","source_id":"gebouw/Gebouw.17053657/0","kind":"building","height_m":8.6,"status":null},"geometry":{"type":"Polygon","coordinates":[[[4.05483527,50.95651794],[4.05481722,50.95655601],[4.0547578,50.95654477],[4.05477585,50.9565067],[4.05483527,50.95651794]]]}},{"type":"Feature","id":"gebouw/Gebouw.17053822/0","properties":{"source":"Digitaal Vlaanderen Gebouwenregister","source_id":"gebouw/Gebouw.17053822/0","kind":"building","height_m":6.44,"status":null},"geometry":{"type":"Polygon","coordinates":[[[4.05024768,50.95955674],[4.05023466,50.95953966],[4.05017368,50.95955821],[4.05010598,50.95946942],[4.05016215,50.95945234],[4.05016666,50.95944379],[4.05019362,50.95943557],[4.05020678,50.95943865],[4.05025905,50.95942264],[4.05034028,50.95952847],[4.05024768,50.95955674]]]}},{"type":"Feature","id":"gebouw/Gebouw.17054208/0","properties":{"source":"Digitaal Vlaanderen Gebouwenregister","source_id":"gebouw/Gebouw.17054208/0","kind":"building","height_m":7.16,"status":null},"geometry":{"type":"Polygon","coordinates":[[[4.0482567,50.95997416],[4.04821931,50.96002315],[4.04818834,50.96001373],[4.04822574,50.95996473],[4.0482567,50.95997416]]]}},{"type":"Feature","id":"gebouw/Gebouw.17054216/0","properties":{"source":"Digitaal Vlaanderen Gebouwenregister","source_id":"gebouw/Gebouw.17054216/0","kind":"building","height_m":7.88,"status":null},"geometry":{"type":"Polygon","coordinates":[[[4.05713183,50.95614546],[4.05706257,50.95621372],[4.05702417,50.95625156],[4.05695604,50.95622502],[4.05704646,50.95613241],[4.05707884,50.95614451],[4.05718118,50.95604995],[4.05719643,50.95605704],[4.05723011,50.95602382],[4.05724809,50.9560309],[4.0573857,50.95608517],[4.0573834,50.95608742],[4.05735052,50.95611974],[4.05732553,50.95610958],[4.05721419,50.9560643],[4.05713183,50.95614546]]]}},{"type":"Feature","id":"gebouw/Gebouw.17055742/0","properties":{"source":"Digitaal Vlaanderen Gebouwenregister","source_id":"gebouw/Gebouw.17055742/0","kind":"building","height_m":7.88,"status":null},"geometry":{"type":"Polygon","coordinates":[[[4.05734695,50.95877677],[4.05733228,50.95876065],[4.05731754,50.95874444],[4.05722185,50.95863927],[4.05715264,50.95866464],[4.05723512,50.95875441],[4.05719157,50.95877037],[4.05723514,50.95881777],[4.05734695,50.95877677]]]}},{"type":"Feature","id":"gebouw/Gebouw.17057032/0","properties":{"source":"Digitaal Vlaanderen Gebouwenregister","source_id":"gebouw/Gebouw.17057032/0","kind":"building","height_m":9.32,"status":null},"geometry":{"type":"Polygon","coordinates":[[[4.05082444,50.95916116],[4.05083384,50.95916792],[4.05073297,50.95922384],[4.05064115,50.95915419],[4.05070037,50.95912305],[4.05069734,50.95912094],[4.05072365,50.95910709],[4.05073435,50.95911515],[4.05075558,50.95910426],[4.05073782,50.95909094],[4.05078743,50.95906514],[4.05087798,50.95913459],[4.05082444,50.95916116]]]}},{"type":"Feature","id":"gebouw/Gebouw.17060369/0","properties":{"source":"Digitaal Vlaanderen Gebouwenregister","source_id":"gebouw/Gebouw.17060369/0","kind":"building","height_m":7.88,"status":null},"geometry":{"type":"Polygon","coordinates":[[[4.05237406,50.96025871],[4.05227737,50.96017624],[4.05234254,50.96014577],[4.05236178,50.96016193],[4.05244996,50.96012095],[4.05254509,50.96019981],[4.05245663,50.96024162],[4.05244018,50.96022779],[4.05237406,50.96025871]]]}},{"type":"Feature","id":"gebouw/Gebouw.17060719/0","properties":{"source":"Digitaal Vlaanderen Gebouwenregister","source_id":"gebouw/Gebouw.17060719/0","kind":"building","height_m":7.88,"status":null},"geometry":{"type":"Polygon","coordinates":[[[4.05698712,50.9560767],[4.05692906,50.9561332],[4.05686801,50.95610818],[4.056775,50.95607005],[4.05683887,50.9560079],[4.05699188,50.95607207],[4.05698712,50.9560767]]]}},{"type":"Feature","id":"gebouw/Gebouw.17060750/0","properties":{"source":"Digitaal Vlaanderen Gebouwenregister","source_id":"gebouw/Gebouw.17060750/0","kind":"building","height_m":5.0,"status":null},"geometry":{"type":"Polygon","coordinates":[[[4.04817325,50.95667673],[4.04814521,50.95667855],[4.04814513,50.95667762],[4.04810348,50.95666365],[4.04820946,50.95653752],[4.04835255,50.95658312],[4.04817363,50.95667529],[4.04817325,50.95667673]]]}},{"type":"Feature","id":"gebouw/Gebouw.17062046/0","properties":{"source":"Digitaal Vlaanderen Gebouwenregister","source_id":"gebouw/Gebouw.17062046/0","kind":"building","height_m":5.72,"status":null},"geometry":{"type":"Polygon","coordinates":[[[4.04915889,50.96010849],[4.04920746,50.96008889],[4.04921311,50.96009562],[4.04922116,50.96009293],[4.04924722,50.96012398],[4.04913382,50.96016194],[4.04910824,50.96013145],[4.04916344,50.96011298],[4.04915889,50.96010849]]]}},{"type":"Feature","id":"gebouw/Gebouw.17062188/0","properties":{"source":"Digitaal Vlaanderen Gebouwenregister","source_id":"gebouw/Gebouw.17062188/0","kind":"building","height_m":7.16,"status":null},"geometry":{"type":"Polygon","coordinates":[[[4.05045561,50.95852957],[4.05040929,50.95855491],[4.05046085,50.9585925],[4.05034002,50.9586586],[4.0502917,50.95862279],[4.05025422,50.95864289],[4.05018527,50.95858783],[4.05038646,50.95847044],[4.05042954,50.95850727],[4.05045561,50.95852957]]]}},{"type":"Feature","id":"gebouw/Gebouw.17062236/0","properties":{"source":"Digitaal Vlaanderen Gebouwenregister","source_id":"gebouw/Gebouw.17062236/0","kind":"building","height_m":6.44,"status":null},"geometry":{"type":"Polygon","coordinates":[[[4.05627197,50.95937843],[4.05629866,50.95940861],[4.0562639,50.95942087],[4.05623721,50.95939069],[4.05627197,50.95937843]]]}},{"type":"Feature","id":"gebouw/Gebouw.17069661/0","properties":{"source":"Digitaal Vlaanderen Gebouwenregister","source_id":"gebouw/Gebouw.17069661/0","kind":"building","height_m":5.0,"status":null},"geometry":{"type":"Polygon","coordinates":[[[4.05035965,50.9587899],[4.05040152,50.95876808],[4.05045021,50.95880534],[4.05040834,50.95882716],[4.05035965,50.9587899]]]}},{"type":"Feature","id":"gebouw/Gebouw.17072390/0","properties":{"source":"Digitaal Vlaanderen Gebouwenregister","source_id":"gebouw/Gebouw.17072390/0","kind":"building","height_m":9.32,"status":null},"geometry":{"type":"Polygon","coordinates":[[[4.05265637,50.96023669],[4.05261161,50.96025605],[4.05254509,50.96019981],[4.05258902,50.96017975],[4.05260121,50.96019006],[4.05264653,50.96022838],[4.05265637,50.96023669]]]}},{"type":"Feature","id":"gebouw/Gebouw.17072943/0","properties":{"source":"Digitaal Vlaanderen Gebouwenregister","source_id":"gebouw/Gebouw.17072943/0","kind":"building","height_m":9.32,"status":null},"geometry":{"type":"Polygon","coordinates":[[[4.05284674,50.95958867],[4.05284607,50.95958809],[4.05277712,50.95957677],[4.05270808,50.95973014],[4.05277678,50.95974408],[4.05284674,50.95958867]]]}},{"type":"Feature","id":"gebouw/Gebouw.17074978/0","properties":{"source":"Digitaal Vlaanderen Gebouwenregister","source_id":"gebouw/Gebouw.17074978/0","kind":"building","height_m":7.88,"status":null},"geometry":{"type":"Polygon","coordinates":[[[4.05167262,50.95995768],[4.05177112,50.9600402],[4.05170672,50.96007086],[4.05169952,50.9600647],[4.05167292,50.96007677],[4.05168928,50.96009039],[4.05161426,50.9601262],[4.05148046,50.9600144],[4.05157861,50.95996756],[4.05160564,50.95999015],[4.05167262,50.95995768]]]}},{"type":"Feature","id":"gebouw/Gebouw.17076012/0","properties":{"source":"Digitaal Vlaanderen Gebouwenregister","source_id":"gebouw/Gebouw.17076012/0","kind":"building","height_m":6.44,"status":null},"geometry":{"type":"Polygon","coordinates":[[[4.0504961,50.95897379],[4.05030568,50.9588408],[4.05028568,50.95882683],[4.05023442,50.95879103],[4.05017925,50.95882067],[4.05026241,50.95887859],[4.0502948,50.95890114],[4.05044092,50.95900291],[4.0504961,50.95897379]]]}},{"type":"Feature","id":"gebouw/Gebouw.17076148/0","properties":{"source":"Digitaal Vlaanderen Gebouwenregister","source_id":"gebouw/Gebouw.17076148/0","kind":"building","height_m":8.6,"status":null},"geometry":{"type":"Polygon","coordinates":[[[4.05631428,50.95924544],[4.05639095,50.95921524],[4.05645493,50.95928004],[4.05637691,50.95931076],[4.05634577,50.95927922],[4.05636972,50.95926979],[4.05634406,50.95924381],[4.05632146,50.95925271],[4.05631428,50.95924544]]]}},{"type":"Feature","id":"gebouw/Gebouw.17076774/0","properties":{"source":"Digitaal Vlaanderen Gebouwenregister","source_id":"gebouw/Gebouw.17076774/0","kind":"building","height_m":5.72,"status":null},"geometry":{"type":"Polygon","coordinates":[[[4.05739293,50.95643781],[4.05731006,50.95640592],[4.05741122,50.95630287],[4.0574287,50.95628342],[4.05745463,50.95629277],[4.05742645,50.95631899],[4.05748986,50.95634476],[4.05739572,50.95643714],[4.05739425,50.95643671],[4.05739293,50.95643781]]]}},{"type":"Feature","id":"gebouw/Gebouw.17076777/0","properties":{"source":"Digitaal Vlaanderen Gebouwenregister","source_id":"gebouw/Gebouw.17076777/0","kind":"building","height_m":7.88,"status":null},"geometry":{"type":"Polygon","coordinates":[[[4.0490251,50.95931448],[4.04913875,50.95945999],[4.04902157,50.95949649],[4.04897436,50.95943605],[4.04894587,50.95944492],[4.04889572,50.95938072],[4.0489179,50.95937381],[4.04890161,50.95935295],[4.0490251,50.95931448]]]}},{"type":"Feature","id":"gebouw/Gebouw.17086787/0","properties":{"source":"Digitaal Vlaanderen Gebouwenregister","source_id":"gebouw/Gebouw.17086787/0","kind":"building","height_m":7.88,"status":null},"geometry":{"type":"Polygon","coordinates":[[[4.05205668,50.9597609],[4.05208753,50.95978688],[4.05211466,50.95977402],[4.05213439,50.95979063],[4.05210664,50.95980378],[4.05211639,50.95981199],[4.05206989,50.95983282],[4.05201047,50.9597828],[4.05205668,50.9597609]]]}},{"type":"Feature","id":"gebouw/Gebouw.17087030/0","properties":{"source":"Digitaal Vlaanderen Gebouwenregister","source_id":"gebouw/Gebouw.17087030/0","kind":"building","height_m":6.44,"status":null},"geometry":{"type":"Polygon","coordinates":[[[4.05065846,50.95843841],[4.05047265,50.95854413],[4.05046232,50.9585353],[4.05045561,50.95852957],[4.05042954,50.95850727],[4.05045462,50.958493],[4.05058666,50.95841787],[4.05078101,50.95830729],[4.05082834,50.95834175],[4.05065846,50.95843841]]]}},{"type":"Feature","id":"gebouw/Gebouw.17087251/0","properties":{"source":"Digitaal Vlaanderen Gebouwenregister","source_id":"gebouw/Gebouw.17087251/0","kind":"building","height_m":9.32,"status":null},"geometry":{"type":"Polygon","coordinates":[[[4.05809155,50.95876576],[4.05806169,50.9587772],[4.05800477,50.95871791],[4.05803529,50.95870622],[4.05804215,50.9587036],[4.05816816,50.95865535],[4.05821884,50.95870723],[4.05810624,50.95876544],[4.05810252,50.95876156],[4.05809155,50.95876576]]]}},{"type":"Feature","id":"gebouw/Gebouw.17087256/0","properties":{"source":"Digitaal Vlaanderen Gebouwenregister","source_id":"gebouw/Gebouw.17087256/0","kind":"building","height_m":7.88,"status":null},"geometry":{"type":"Polygon","coordinates":[[[4.05036608,50.95802441],[4.05040025,50.95804859],[4.05040997,50.95804303],[4.05046646,50.95808228],[4.0504138,50.95811252],[4.05042879,50.95812294],[4.05032506,50.9581825],[4.0502193,50.95810904],[4.05036608,50.95802441]]]}},{"type":"Feature","id":"gebouw/Gebouw.17087262/0","properties":{"source":"Digitaal Vlaanderen Gebouwenregister","source_id":"gebouw/Gebouw.17087262/0","kind":"building","height_m":7.16,"status":null},"geometry":{"type":"Polygon","coordinates":[[[4.0494874,50.95750946],[4.04934403,50.95761792],[4.04926746,50.957576],[4.04941411,50.95746929],[4.0494874,50.95750946]]]}},{"type":"Feature","id":"gebouw/Gebouw.17087267/0","properties":{"source":"Digitaal Vlaanderen Gebouwenregister","source_id":"gebouw/Gebouw.17087267/0","kind":"building","height_m":5.72,"status":null},"geometry":{"type":"Polygon","coordinates":[[[4.04985421,50.9585301],[4.04992583,50.95857945],[4.04987592,50.95860834],[4.04980431,50.95855899],[4.04985421,50.9585301]]]}},{"type":"Feature","id":"gebouw/Gebouw.17088491/0","properties":{"source":"Digitaal Vlaanderen Gebouwenregister","source_id":"gebouw/Gebouw.17088491/0","kind":"building","height_m":5.0,"status":null},"geometry":{"type":"Polygon","coordinates":[[[4.0535066,50.96007735],[4.05352859,50.96009269],[4.05346668,50.96012811],[4.05344469,50.96011277],[4.0535066,50.96007735]]]}},{"type":"Feature","id":"gebouw/Gebouw.17091252/0","properties":{"source":"Digitaal Vlaanderen Gebouwenregister","source_id":"gebouw/Gebouw.17091252/0","kind":"building","height_m":7.16,"status":null},"geometry":{"type":"Polygon","coordinates":[[[4.05400211,50.95932298],[4.05404614,50.95934693],[4.05402807,50.95936874],[4.05397928,50.95935261],[4.05400211,50.95932298]]]}},{"type":"Feature","id":"gebouw/Gebouw.17093539/0","properties":{"source":"Digitaal Vlaanderen Gebouwenregister","source_id":"gebouw/Gebouw.17093539/0","kind":"building","height_m":5.72,"status":null},"geometry":{"type":"Polygon","coordinates":[[[4.04832614,50.95638106],[4.04833312,50.95638422],[4.04832653,50.95639096],[4.04833117,50.95639266],[4.0483055,50.95642054],[4.04829739,50.95641756],[4.04824714,50.9563991],[4.04827438,50.95636986],[4.04827,50.95636836],[4.04827397,50.9563574],[4.04832614,50.95638106]]]}},{"type":"Feature","id":"gebouw/Gebouw.17093633/0","properties":{"source":"Digitaal Vlaanderen Gebouwenregister","source_id":"gebouw/Gebouw.17093633/0","kind":"building","height_m":7.88,"status":null},"geometry":{"type":"Polygon","coordinates":[[[4.04994244,50.95807603],[4.04997816,50.95810042],[4.04990106,50.95814544],[4.04986535,50.95812104],[4.04994244,50.95807603]]]}},{"type":"Feature","id":"gebouw/Gebouw.17094081/0","properties":{"source":"Digitaal Vlaanderen Gebouwenregister","source_id":"gebouw/Gebouw.17094081/0","kind":"building","height_m":7.88,"status":null},"geometry":{"type":"Polygon","coordinates":[[[4.0487445,50.95701891],[4.04847547,50.95721176],[4.04840733,50.95717439],[4.0484709,50.95712816],[4.04849263,50.95714008],[4.04855832,50.95709232],[4.04856216,50.95709443],[4.04860769,50.95706134],[4.04858546,50.95704914],[4.04866867,50.95698925],[4.04867722,50.95699265],[4.04867812,50.95699197],[4.04871736,50.95700737],[4.04871664,50.95700802],[4.0487445,50.95701891]]]}},{"type":"Feature","id":"gebouw/Gebouw.17096066/0","properties":{"source":"Digitaal Vlaanderen Gebouwenregister","source_id":"gebouw/Gebouw.17096066/0","kind":"building","height_m":5.72,"status":null},"geometry":{"type":"Polygon","coordinates":[[[4.05204534,50.95955739],[4.05200988,50.95954581],[4.0519964,50.95955211],[4.05198947,50.95955536],[4.05198168,50.959559],[4.0519565,50.95957078],[4.05192761,50.9595843],[4.05196213,50.95961145],[4.0518818,50.95964944],[4.0519928,50.95974309],[4.05208325,50.95969801],[4.05197831,50.95960981],[4.05201669,50.95959134],[4.05205813,50.95957141],[4.05207031,50.95956555],[4.05204565,50.95955749],[4.05204534,50.95955739]]]}},{"type":"Feature","id":"gebouw/Gebouw.17098044/0","properties":{"source":"Digitaal Vlaanderen Gebouwenregister","source_id":"gebouw/Gebouw.17098044/0","kind":"building","height_m":8.6,"status":null},"geometry":{"type":"Polygon","coordinates":[[[4.05131902,50.96014471],[4.05140595,50.96010239],[4.05150024,50.96017965],[4.05132836,50.96026057],[4.0512592,50.96020198],[4.05134111,50.96016342],[4.05131902,50.96014471]]]}},{"type":"Feature","id":"gebouw/Gebouw.17099457/0","properties":{"source":"Digitaal Vlaanderen Gebouwenregister","source_id":"gebouw/Gebouw.17099457/0","kind":"building","height_m":7.88,"status":null},"geometry":{"type":"Polygon","coordinates":[[[4.05746711,50.95561135],[4.05744722,50.95553818],[4.05745301,50.95553755],[4.05744761,50.95551768],[4.0574417,50.95551832],[4.05742095,50.95544198],[4.05750034,50.95543048],[4.05750226,50.95543575],[4.05756165,50.95542996],[4.05757405,50.95547379],[4.05756004,50.95547532],[4.05756693,50.95550025],[4.0575604,50.95550665],[4.0575657,50.95552497],[4.0576154,50.9555193],[4.05763546,50.95559309],[4.05746711,50.95561135]]]}},{"type":"Feature","id":"gebouw/Gebouw.17099635/0","properties":{"source":"Digitaal Vlaanderen Gebouwenregister","source_id":"gebouw/Gebouw.17099635/0","kind":"building","height_m":5.0,"status":null},"geometry":{"type":"Polygon","coordinates":[[[4.05161841,50.95980654],[4.05157592,50.95982544],[4.05153779,50.95979116],[4.05150719,50.95980474],[4.05149487,50.95979367],[4.05152479,50.95978039],[4.05152228,50.95977813],[4.05156739,50.95975811],[4.05161841,50.95980654]]]}},{"type":"Feature","id":"gebouw/Gebouw.17099741/0","properties":{"source":"Digitaal Vlaanderen Gebouwenregister","source_id":"gebouw/Gebouw.17099741/0","kind":"building","height_m":5.72,"status":null},"geometry":{"type":"Polygon","coordinates":[[[4.05341361,50.95945629],[4.05335841,50.95955125],[4.05324819,50.95951263],[4.05321732,50.95950182],[4.05331168,50.95938187],[4.05343126,50.95942593],[4.05341856,50.95944779],[4.05341361,50.95945629]]]}},{"type":"Feature","id":"gebouw/Gebouw.17099870/0","properties":{"source":"Digitaal Vlaanderen Gebouwenregister","source_id":"gebouw/Gebouw.17099870/0","kind":"building","height_m":7.88,"status":null},"geometry":{"type":"Polygon","coordinates":[[[4.05373201,50.96053522],[4.05382313,50.96058922],[4.05376395,50.96062811],[4.05367442,50.96057461],[4.05372938,50.96053702],[4.05373201,50.96053522]]]}},{"type":"Feature","id":"gebouw/Gebouw.17099883/0","properties":{"source":"Digitaal Vlaanderen Gebouwenregister","source_id":"gebouw/Gebouw.17099883/0","kind":"building","height_m":7.16,"status":null},"geometry":{"type":"Polygon","coordinates":[[[4.05343476,50.95946274],[4.05341361,50.95945629],[4.0534071,50.95945431],[4.05343126,50.95942593],[4.05345133,50.95939141],[4.05345782,50.95938236],[4.05348829,50.95939199],[4.05348583,50.95939517],[4.05350886,50.95940226],[4.05348322,50.95943714],[4.05346055,50.95942983],[4.05343476,50.95946274]]]}},{"type":"Feature","id":"gebouw/Gebouw.17099910/0","properties":{"source":"Digitaal Vlaanderen Gebouwenregister","source_id":"gebouw/Gebouw.17099910/0","kind":"building","height_m":6.44,"status":null},"geometry":{"type":"Polygon","coordinates":[[[4.04901933,50.95907634],[4.04909279,50.95917326],[4.04902701,50.95919315],[4.04895459,50.95909748],[4.04901933,50.95907634]]]}},{"type":"Feature","id":"gebouw/Gebouw.17099922/0","properties":{"source":"Digitaal Vlaanderen Gebouwenregister","source_id":"gebouw/Gebouw.17099922/0","kind":"building","height_m":5.0,"status":null},"geometry":{"type":"Polygon","coordinates":[[[4.05214811,50.961488],[4.0518892,50.96164899],[4.05186004,50.96163046],[4.05183485,50.96164644],[4.05135583,50.96133747],[4.05190844,50.96099318],[4.05241813,50.9613201],[4.05214811,50.961488]]]}},{"type":"Feature","id":"gebouw/Gebouw.17100024/0","properties":{"source":"Digitaal Vlaanderen Gebouwenregister","source_id":"gebouw/Gebouw.17100024/0","kind":"building","height_m":7.88,"status":null},"geometry":{"type":"Polygon","coordinates":[[[4.04835501,50.95708419],[4.04827283,50.95703797],[4.04820765,50.9570842],[4.04815396,50.95705401],[4.04822897,50.95700336],[4.04828054,50.95703231],[4.04839491,50.95695077],[4.04847826,50.95699741],[4.04842603,50.95703419],[4.04835501,50.95708419]]]}},{"type":"Feature","id":"gebouw/Gebouw.17100313/0","properties":{"source":"Digitaal Vlaanderen Gebouwenregister","source_id":"gebouw/Gebouw.17100313/0","kind":"building","height_m":9.32,"status":null},"geometry":{"type":"Polygon","coordinates":[[[4.04859151,50.95663185],[4.04839255,50.95670315],[4.04834625,50.9566516],[4.04845769,50.95661129],[4.04844865,50.95660155],[4.04853449,50.95656999],[4.04859151,50.95663185]]]}},{"type":"Feature","id":"gebouw/Gebouw.17101126/0","properties":{"source":"Digitaal Vlaanderen Gebouwenregister","source_id":"gebouw/Gebouw.17101126/0","kind":"building","height_m":5.0,"status":null},"geometry":{"type":"Polygon","coordinates":[[[4.04895209,50.95739237],[4.04889142,50.95735835],[4.04893077,50.95733035],[4.04888492,50.95730464],[4.04886593,50.95730928],[4.04884566,50.95730622],[4.04883787,50.95729465],[4.04884225,50.95728313],[4.04885571,50.95727419],[4.04884809,50.95726989],[4.04896687,50.95718587],[4.04899343,50.95720085],[4.04898423,50.95720734],[4.04899874,50.95721558],[4.04900094,50.95721436],[4.04900286,50.95721359],[4.04900495,50.95721311],[4.04900712,50.95721283],[4.0490094,50.9572128],[4.04901158,50.95721292],[4.04901452,50.95721345],[4.04901674,50.95721414],[4.04901875,50.95721501],[4.04902054,50.95721628],[4.04902258,50.95721783],[4.04902396,50.95721998],[4.04902422,50.95722148],[4.04902415,50.9572234],[4.04902347,50.95722519],[4.04902186,50.95722717],[4.04902022,50.95722878],[4.04904715,50.95724389],[4.04905755,50.95723646],[4.04906285,50.95723925],[4.04905243,50.95724675],[4.04909644,50.95727052],[4.04910529,50.95726341],[4.04912134,50.95727195],[4.04895209,50.95739237]]]}},{"type":"Feature","id":"gebouw/Gebouw.17101259/0","properties":{"source":"Digitaal Vlaanderen Gebouwenregister","source_id":"gebouw/Gebouw.17101259/0","kind":"building","height_m":5.0,"status":null},"geometry":{"type":"Polygon","coordinates":[[[4.04953119,50.96074102],[4.04953109,50.96074106],[4.04945764,50.9606747],[4.04947847,50.96066604],[4.04944955,50.96063744],[4.04959513,50.96058137],[4.04961941,50.9606037],[4.04971781,50.96056336],[4.04969266,50.96054059],[4.04974386,50.9605207],[4.04988282,50.96067254],[4.04981598,50.9606961],[4.04976267,50.96064059],[4.04976197,50.96063987],[4.04953119,50.96074102]]]}},{"type":"Feature","id":"gebouw/Gebouw.17101390/0","properties":{"source":"Digitaal Vlaanderen Gebouwenregister","source_id":"gebouw/Gebouw.17101390/0","kind":"building","height_m":8.6,"status":null},"geometry":{"type":"Polygon","coordinates":[[[4.0507075,50.95874011],[4.05068555,50.95872219],[4.05073827,50.95869431],[4.05085281,50.95878432],[4.05079738,50.95881351],[4.0507075,50.95874011]]]}},{"type":"Feature","id":"gebouw/Gebouw.17101501/0","properties":{"source":"Digitaal Vlaanderen Gebouwenregister","source_id":"gebouw/Gebouw.17101501/0","kind":"building","height_m":7.88,"status":null},"geometry":{"type":"Polygon","coordinates":[[[4.04967979,50.96112927],[4.04970009,50.96103093],[4.0497634,50.96103614],[4.04976331,50.96103713],[4.04978184,50.96103847],[4.04977771,50.96105455],[4.04983751,50.96105956],[4.0498163,50.96116045],[4.04973267,50.96115475],[4.04973696,50.96113398],[4.04967979,50.96112927]]]}},{"type":"Feature","id":"gebouw/Gebouw.17101582/0","properties":{"source":"Digitaal Vlaanderen Gebouwenregister","source_id":"gebouw/Gebouw.17101582/0","kind":"building","height_m":5.72,"status":null},"geometry":{"type":"Polygon","coordinates":[[[4.05688035,50.95916023],[4.05676311,50.95920465],[4.05671807,50.95915724],[4.05667847,50.95917225],[4.05652973,50.95901655],[4.05658773,50.95899448],[4.05649659,50.95889897],[4.05654804,50.95887939],[4.05657423,50.95890662],[4.05662049,50.95888922],[4.0566104,50.95887859],[4.05671508,50.95883893],[4.05671726,50.95884123],[4.05674751,50.95887308],[4.0567645,50.95886664],[4.05678397,50.95888714],[4.05682419,50.95892948],[4.05678205,50.95894544],[4.05675904,50.95895416],[4.05674319,50.95893748],[4.05669304,50.95895648],[4.05672175,50.95898771],[4.05683707,50.95911316],[4.05683282,50.95911482],[4.05688035,50.95916023]]]}},{"type":"Feature","id":"gebouw/Gebouw.17101640/0","properties":{"source":"Digitaal Vlaanderen Gebouwenregister","source_id":"gebouw/Gebouw.17101640/0","kind":"building","height_m":7.16,"status":null},"geometry":{"type":"Polygon","coordinates":[[[4.05538416,50.95551772],[4.05538676,50.95551976],[4.05538127,50.95552236],[4.05540956,50.95554494],[4.05541121,50.95554436],[4.05541283,50.95554394],[4.0554146,50.95554391],[4.05541647,50.95554419],[4.05541837,50.9555448],[4.05541973,50.95554559],[4.05542129,50.95554676],[4.05545055,50.95557026],[4.05541951,50.95558585],[4.05543464,50.95559788],[4.05542664,50.95560196],[4.05543062,50.95560503],[4.05542482,50.95561133],[4.05541703,50.95561683],[4.05540048,50.95562388],[4.0553877,50.95562763],[4.05538149,50.95562303],[4.055311,50.95565776],[4.05530697,50.95565974],[4.05523143,50.9556333],[4.05524287,50.9556095],[4.05522158,50.95559529],[4.05538416,50.95551772]]]}},{"type":"Feature","id":"gebouw/Gebouw.17101678/0","properties":{"source":"Digitaal Vlaanderen Gebouwenregister","source_id":"gebouw/Gebouw.17101678/0","kind":"building","height_m":9.32,"status":null},"geometry":{"type":"Polygon","coordinates":[[[4.05442933,50.96031391],[4.05432911,50.96038109],[4.05429055,50.96035772],[4.05425974,50.96037798],[4.0542446,50.9603688],[4.05415173,50.96031246],[4.05418324,50.96029174],[4.05413274,50.96026108],[4.05423309,50.96019243],[4.05424871,50.96020237],[4.05424642,50.960204],[4.0542967,50.96023563],[4.05429956,50.96023373],[4.05435921,50.96027054],[4.05435662,50.96027219],[4.05437179,50.96028179],[4.05438501,50.96029015],[4.05438786,50.96028844],[4.05442933,50.96031391]]]}},{"type":"Feature","id":"gebouw/Gebouw.17101749/0","properties":{"source":"Digitaal Vlaanderen Gebouwenregister","source_id":"gebouw/Gebouw.17101749/0","kind":"building","height_m":5.0,"status":null},"geometry":{"type":"Polygon","coordinates":[[[4.04857965,50.96161278],[4.04866485,50.96170562],[4.04841842,50.96183395],[4.04833083,50.96187957],[4.04822519,50.96179866],[4.04831169,50.96175362],[4.04844917,50.96168202],[4.04828521,50.96155646],[4.04824183,50.96157905],[4.04819708,50.96154478],[4.04816371,50.96156216],[4.04802388,50.96145508],[4.04823212,50.96134663],[4.04857965,50.96161278]]]}},{"type":"Feature","id":"gebouw/Gebouw.17101756/0","properties":{"source":"Digitaal Vlaanderen Gebouwenregister","source_id":"gebouw/Gebouw.17101756/0","kind":"building","height_m":5.0,"status":null},"geometry":{"type":"Polygon","coordinates":[[[4.05314945,50.96005179],[4.05304421,50.96007331],[4.0529897,50.95996655],[4.05309235,50.95994565],[4.05314945,50.96005179]]]}},{"type":"Feature","id":"gebouw/Gebouw.17101932/0","properties":{"source":"Digitaal Vlaanderen Gebouwenregister","source_id":"gebouw/Gebouw.17101932/0","kind":"building","height_m":5.72,"status":null},"geometry":{"type":"Polygon","coordinates":[[[4.05773037,50.96189673],[4.05761588,50.96196843],[4.05761475,50.9619677],[4.05761327,50.96196829],[4.05753798,50.96191855],[4.0575389,50.96191763],[4.05753701,50.96191651],[4.05762366,50.96185831],[4.05766166,50.96188251],[4.05768971,50.96186495],[4.05772215,50.96188561],[4.05779124,50.96184234],[4.05783122,50.9618678],[4.05775656,50.96191306],[4.05773037,50.96189673]]]}},{"type":"Feature","id":"gebouw/Gebouw.17101971/0","properties":{"source":"Digitaal Vlaanderen Gebouwenregister","source_id":"gebouw/Gebouw.17101971/0","kind":"building","height_m":8.6,"status":null},"geometry":{"type":"Polygon","coordinates":[[[4.05038914,50.95903016],[4.05030296,50.95907531],[4.05019088,50.95898998],[4.05023351,50.9589677],[4.05027081,50.9589482],[4.05038914,50.95903016]]]}},{"type":"Feature","id":"gebouw/Gebouw.17101996/0","properties":{"source":"Digitaal Vlaanderen Gebouwenregister","source_id":"gebouw/Gebouw.17101996/0","kind":"building","height_m":6.44,"status":null},"geometry":{"type":"Polygon","coordinates":[[[4.05058767,50.95940551],[4.05055336,50.95941599],[4.0506115,50.95949195],[4.05050814,50.9595235],[4.05050481,50.95951915],[4.050469,50.95953007],[4.05036412,50.95939441],[4.05037124,50.95938148],[4.05053177,50.95933247],[4.05058767,50.95940551]]]}},{"type":"Feature","id":"gebouw/Gebouw.17102052/0","properties":{"source":"Digitaal Vlaanderen Gebouwenregister","source_id":"gebouw/Gebouw.17102052/0","kind":"building","height_m":6.44,"status":null},"geometry":{"type":"Polygon","coordinates":[[[4.05060235,50.96053323],[4.05059115,50.96053749],[4.05057395,50.96054402],[4.05054895,50.96055352],[4.05057218,50.96057794],[4.05057094,50.96057847],[4.05059059,50.9605987],[4.05047225,50.9606444],[4.05040773,50.96057775],[4.05041494,50.96057497],[4.05040583,50.96056556],[4.05041326,50.96054915],[4.0504293,50.96054032],[4.05042259,50.96053306],[4.05043548,50.96052828],[4.05042998,50.96052158],[4.05045627,50.96051115],[4.05042049,50.96047354],[4.05042501,50.96047213],[4.05041187,50.96046448],[4.05047486,50.96043987],[4.05048381,50.96044928],[4.05050269,50.96046913],[4.0505317,50.96049961],[4.05055611,50.96048988],[4.05056061,50.96048809],[4.05060235,50.96053323]]]}},{"type":"Feature","id":"gebouw/Gebouw.17103011/0","properties":{"source":"Digitaal Vlaanderen Gebouwenregister","source_id":"gebouw/Gebouw.17103011/0","kind":"building","height_m":6.44,"status":null},"geometry":{"type":"Polygon","coordinates":[[[4.05069659,50.95848322],[4.05067406,50.95849597],[4.05064859,50.95847742],[4.05068482,50.9584576],[4.05065846,50.95843841],[4.05082834,50.95834175],[4.05087963,50.95837962],[4.05069659,50.95848322]]]}},{"type":"Feature","id":"gebouw/Gebouw.17105739/0","properties":{"source":"Digitaal Vlaanderen Gebouwenregister","source_id":"gebouw/Gebouw.17105739/0","kind":"building","height_m":5.0,"status":null},"geometry":{"type":"Polygon","coordinates":[[[4.05090563,50.95855533],[4.0508867,50.95856511],[4.05086804,50.95855103],[4.05085865,50.95854395],[4.05084355,50.95855193],[4.05083072,50.95854225],[4.05082462,50.95853765],[4.05083784,50.95853051],[4.05098054,50.95845342],[4.05098365,50.95845569],[4.05103123,50.95849043],[4.05095983,50.95852732],[4.05094612,50.95853441],[4.05093002,50.95854273],[4.05092817,50.95854368],[4.05090563,50.95855533]]]}},{"type":"Feature","id":"gebouw/Gebouw.17107039/0","properties":{"source":"Digitaal Vlaanderen Gebouwenregister","source_id":"gebouw/Gebouw.17107039/0","kind":"building","height_m":8.6,"status":null},"geometry":{"type":"Polygon","coordinates":[[[4.05322793,50.96022774],[4.05318263,50.96025507],[4.05314957,50.96023326],[4.05320347,50.96020067],[4.05324013,50.96022038],[4.05322793,50.96022774]]]}},{"type":"Feature","id":"gebouw/Gebouw.17107107/0","properties":{"source":"Digitaal Vlaanderen Gebouwenregister","source_id":"gebouw/Gebouw.17107107/0","kind":"building","height_m":7.16,"status":null},"geometry":{"type":"Polygon","coordinates":[[[4.05712596,50.95895254],[4.05718229,50.95893291],[4.05721854,50.95897441],[4.05716221,50.95899403],[4.05712596,50.95895254]]]}},{"type":"Feature","id":"gebouw/Gebouw.17107274/0","properties":{"source":"Digitaal Vlaanderen Gebouwenregister","source_id":"gebouw/Gebouw.17107274/0","kind":"building","height_m":6.44,"status":null},"geometry":{"type":"Polygon","coordinates":[[[4.04995324,50.9588615],[4.0499801,50.95888039],[4.04996104,50.95889119],[4.05004001,50.95894574],[4.05009615,50.95891391],[4.05001546,50.95885717],[4.04999108,50.95884003],[4.04995324,50.9588615]]]}},{"type":"Feature","id":"gebouw/Gebouw.17107608/0","properties":{"source":"Digitaal Vlaanderen Gebouwenregister","source_id":"gebouw/Gebouw.17107608/0","kind":"building","height_m":5.0,"status":null},"geometry":{"type":"Polygon","coordinates":[[[4.05785085,50.958511],[4.05781685,50.95852427],[4.0577976,50.95850456],[4.05774997,50.95852311],[4.05763606,50.95840633],[4.05772081,50.95837335],[4.05785085,50.958511]]]}},{"type":"Feature","id":"gebouw/Gebouw.17107640/0","properties":{"source":"Digitaal Vlaanderen Gebouwenregister","source_id":"gebouw/Gebouw.17107640/0","kind":"building","height_m":7.88,"status":null},"geometry":{"type":"Polygon","coordinates":[[[4.05831497,50.95676808],[4.05861521,50.95672796],[4.05862404,50.95675433],[4.05857315,50.95676113],[4.05859976,50.95684054],[4.05831136,50.95687908],[4.05829747,50.95683762],[4.05833582,50.95683248],[4.05832898,50.95681134],[4.05831497,50.95676808]]]}},{"type":"Feature","id":"gebouw/Gebouw.17107643/0","properties":{"source":"Digitaal Vlaanderen Gebouwenregister","source_id":"gebouw/Gebouw.17107643/0","kind":"building","height_m":5.0,"status":null},"geometry":{"type":"Polygon","coordinates":[[[4.04997991,50.9615822],[4.05043239,50.96192747],[4.04999504,50.96215605],[4.04954257,50.96181078],[4.04997991,50.9615822]]]}},{"type":"Feature","id":"gebouw/Gebouw.17107736/0","properties":{"source":"Digitaal Vlaanderen Gebouwenregister","source_id":"gebouw/Gebouw.17107736/0","kind":"building","height_m":6.44,"status":null},"geometry":{"type":"Polygon","coordinates":[[[4.05265471,50.95917781],[4.05254339,50.95913601],[4.05245891,50.95923232],[4.05257215,50.95927194],[4.05265471,50.95917781]]]}},{"type":"Feature","id":"gebouw/Gebouw.17107894/0","properties":{"source":"Digitaal Vlaanderen Gebouwenregister","source_id":"gebouw/Gebouw.17107894/0","kind":"building","height_m":9.32,"status":null},"geometry":{"type":"Polygon","coordinates":[[[4.04895819,50.9568675],[4.04896013,50.95686971],[4.04889963,50.95689089],[4.04887974,50.95686822],[4.04881952,50.9568462],[4.0487939,50.95685641],[4.0487436,50.95683792],[4.04887224,50.95678909],[4.0489649,50.95675392],[4.04899364,50.95678412],[4.04902225,50.95677325],[4.04904099,50.95677857],[4.04902748,50.95679307],[4.04895819,50.9568675]]]}},{"type":"Feature","id":"gebouw/Gebouw.17107930/0","properties":{"source":"Digitaal Vlaanderen Gebouwenregister","source_id":"gebouw/Gebouw.17107930/0","kind":"building","height_m":5.0,"status":null},"geometry":{"type":"Polygon","coordinates":[[[4.05571664,50.95659376],[4.05576785,50.95661013],[4.05574477,50.95663893],[4.05569356,50.95662255],[4.05571664,50.95659376]]]}},{"type":"Feature","id":"gebouw/Gebouw.17107946/0","properties":{"source":"Digitaal Vlaanderen Gebouwenregister","source_id":"gebouw/Gebouw.17107946/0","kind":"building","height_m":6.44,"status":null},"geometry":{"type":"Polygon","coordinates":[[[4.05036608,50.95802441],[4.0502193,50.95810904],[4.05010572,50.95803013],[4.05020821,50.95797128],[4.0502217,50.95798059],[4.0502751,50.95794972],[4.05033184,50.95798887],[4.05032256,50.95799427],[4.05036142,50.95802118],[4.05036608,50.95802441]]]}},{"type":"Feature","id":"gebouw/Gebouw.17109232/0","properties":{"source":"Digitaal Vlaanderen Gebouwenregister","source_id":"gebouw/Gebouw.17109232/0","kind":"building","height_m":5.0,"status":null},"geometry":{"type":"Polygon","coordinates":[[[4.04865133,50.95680398],[4.04862023,50.95677057],[4.04861912,50.95677085],[4.04861036,50.95676124],[4.04861134,50.95676088],[4.04858039,50.95672764],[4.04875883,50.95666086],[4.04877938,50.95668276],[4.04882272,50.95666654],[4.0488724,50.95671951],[4.04879622,50.95674802],[4.04879772,50.95674962],[4.04865133,50.95680398]]]}},{"type":"Feature","id":"gebouw/Gebouw.17109264/0","properties":{"source":"Digitaal Vlaanderen Gebouwenregister","source_id":"gebouw/Gebouw.17109264/0","kind":"building","height_m":7.88,"status":null},"geometry":{"type":"Polygon","coordinates":[[[4.05797602,50.95594646],[4.05812361,50.95599497],[4.05822337,50.95589385],[4.05815423,50.95586652],[4.05819362,50.95582327],[4.05827955,50.95585522],[4.05827548,50.95585946],[4.0583453,50.95588668],[4.05816553,50.9560712],[4.05798229,50.95600798],[4.0579765,50.95600598],[4.05797649,50.95600519],[4.05797602,50.95594646]]]}},{"type":"Feature","id":"gebouw/Gebouw.17110895/0","properties":{"source":"Digitaal Vlaanderen Gebouwenregister","source_id":"gebouw/Gebouw.17110895/0","kind":"building","height_m":7.88,"status":null},"geometry":{"type":"Polygon","coordinates":[[[4.0495227,50.9607589],[4.04960024,50.96071564],[4.04971488,50.96078815],[4.04982293,50.96074678],[4.0498875,50.96081458],[4.04975806,50.96086374],[4.04975612,50.96086407],[4.04975393,50.96086406],[4.04975178,50.96086373],[4.04974893,50.96086259],[4.04971839,50.96084505],[4.04974713,50.96083478],[4.04970044,50.96080327],[4.04967431,50.96081975],[4.0496468,50.9608371],[4.0495227,50.9607589]]]}},{"type":"Feature","id":"gebouw/Gebouw.17110948/0","properties":{"source":"Digitaal Vlaanderen Gebouwenregister","source_id":"gebouw/Gebouw.17110948/0","kind":"building","height_m":5.72,"status":null},"geometry":{"type":"Polygon","coordinates":[[[4.05146142,50.95880519],[4.05125889,50.95891506],[4.05118195,50.9588562],[4.05127105,50.95880974],[4.05126449,50.95880463],[4.05126686,50.95880349],[4.05127353,50.95880842],[4.05130076,50.95879395],[4.05138551,50.95874937],[4.05146142,50.95880519]]]}},{"type":"Feature","id":"gebouw/Gebouw.17111285/0","properties":{"source":"Digitaal Vlaanderen Gebouwenregister","source_id":"gebouw/Gebouw.17111285/0","kind":"building","height_m":6.44,"status":null},"geometry":{"type":"Polygon","coordinates":[[[4.05522158,50.95559529],[4.05515268,50.95562816],[4.0551182,50.95560169],[4.0551867,50.95556827],[4.0551564,50.95554339],[4.05516955,50.95552202],[4.0552897,50.95546205],[4.0553299,50.95549418],[4.05534466,50.95548656],[4.05538416,50.95551772],[4.05522158,50.95559529]]]}},{"type":"Feature","id":"gebouw/Gebouw.17111658/0","properties":{"source":"Digitaal Vlaanderen Gebouwenregister","source_id":"gebouw/Gebouw.17111658/0","kind":"building","height_m":7.88,"status":null},"geometry":{"type":"Polygon","coordinates":[[[4.05291535,50.96011193],[4.05288257,50.96013698],[4.05286079,50.96012573],[4.05285399,50.96013009],[4.05276401,50.96007674],[4.05280941,50.96004736],[4.05289132,50.96009728],[4.05291535,50.96011193]]]}},{"type":"Feature","id":"gebouw/Gebouw.17112638/0","properties":{"source":"Digitaal Vlaanderen Gebouwenregister","source_id":"gebouw/Gebouw.17112638/0","kind":"building","height_m":7.88,"status":null},"geometry":{"type":"Polygon","coordinates":[[[4.05029953,50.95974979],[4.05036679,50.95973938],[4.05037686,50.95976533],[4.0503096,50.95977574],[4.05029953,50.95974979]]]}},{"type":"Feature","id":"gebouw/Gebouw.17114646/0","properties":{"source":"Digitaal Vlaanderen Gebouwenregister","source_id":"gebouw/Gebouw.17114646/0","kind":"building","height_m":7.16,"status":null},"geometry":{"type":"Polygon","coordinates":[[[4.05752618,50.95874139],[4.05756464,50.95878238],[4.05752694,50.95879649],[4.05748907,50.95875614],[4.05748813,50.95875513],[4.05750363,50.95874933],[4.05747204,50.95871567],[4.05749426,50.95870736],[4.05752618,50.95874139]]]}},{"type":"Feature","id":"gebouw/Gebouw.17114851/0","properties":{"source":"Digitaal Vlaanderen Gebouwenregister","source_id":"gebouw/Gebouw.17114851/0","kind":"building","height_m":8.6,"status":null},"geometry":{"type":"Polygon","coordinates":[[[4.0507024,50.96045528],[4.05066251,50.96046879],[4.05060464,50.9604006],[4.05064475,50.96038702],[4.0506501,50.96039335],[4.0507024,50.96045528]]]}},{"type":"Feature","id":"gebouw/Gebouw.17114911/0","properties":{"source":"Digitaal Vlaanderen Gebouwenregister","source_id":"gebouw/Gebouw.17114911/0","kind":"building","height_m":6.44,"status":null},"geometry":{"type":"Polygon","coordinates":[[[4.05398422,50.96036414],[4.05404096,50.96032564],[4.05419487,50.9604161],[4.05413813,50.9604546],[4.05398422,50.96036414]]]}},{"type":"Feature","id":"gebouw/Gebouw.17114984/0","properties":{"source":"Digitaal Vlaanderen Gebouwenregister","source_id":"gebouw/Gebouw.17114984/0","kind":"building","height_m":8.6,"status":null},"geometry":{"type":"Polygon","coordinates":[[[4.05409954,50.95911978],[4.05392995,50.9592521],[4.05385855,50.9592156],[4.05402627,50.95908474],[4.05402902,50.9590826],[4.05409954,50.95911978]]]}},{"type":"Feature","id":"gebouw/Gebouw.17115243/0","properties":{"source":"Digitaal Vlaanderen Gebouwenregister","source_id":"gebouw/Gebouw.17115243/0","kind":"building","height_m":8.6,"status":null},"geometry":{"type":"Polygon","coordinates":[[[4.04946546,50.95637481],[4.04956002,50.95648358],[4.04905949,50.95665716],[4.04896493,50.95654839],[4.04946546,50.95637481]]]}},{"type":"Feature","id":"gebouw/Gebouw.17115300/0","properties":{"source":"Digitaal Vlaanderen Gebouwenregister","source_id":"gebouw/Gebouw.17115300/0","kind":"building","height_m":9.32,"status":null},"geometry":{"type":"Polygon","coordinates":[[[4.05862778,50.95716408],[4.05872244,50.95720478],[4.05869603,50.95722928],[4.05860137,50.95718857],[4.05862778,50.95716408]]]}},{"type":"Feature","id":"gebouw/Gebouw.17117148/0","properties":{"source":"Digitaal Vlaanderen Gebouwenregister","source_id":"gebouw/Gebouw.17117148/0","kind":"building","height_m":9.32,"status":null},"geometry":{"type":"Polygon","coordinates":[[[4.05798994,50.96207608],[4.05794815,50.96202937],[4.05793533,50.96203404],[4.05790675,50.9620025],[4.05802541,50.96195963],[4.05805886,50.96199703],[4.05811957,50.96197538],[4.05813065,50.96198776],[4.05819751,50.96196392],[4.05826527,50.96193975],[4.05829607,50.96197418],[4.05822773,50.96199828],[4.05815364,50.96202441],[4.05814905,50.96201933],[4.05798994,50.96207608]]]}},{"type":"Feature","id":"gebouw/Gebouw.17119185/0","properties":{"source":"Digitaal Vlaanderen Gebouwenregister","source_id":"gebouw/Gebouw.17119185/0","kind":"building","height_m":9.32,"status":null},"geometry":{"type":"Polygon","coordinates":[[[4.05453949,50.95904276],[4.05446356,50.95909835],[4.05446814,50.95910085],[4.05437997,50.95916544],[4.05444809,50.95920252],[4.05447573,50.95918227],[4.05458491,50.95924172],[4.0545162,50.95929205],[4.05433945,50.95919582],[4.05433299,50.95920054],[4.05423479,50.95914542],[4.05423812,50.95914299],[4.05417438,50.95910828],[4.05436021,50.95897215],[4.05440901,50.95899872],[4.05444205,50.95897451],[4.05442074,50.95896291],[4.05442283,50.95896138],[4.05437253,50.95893399],[4.05440014,50.95891377],[4.05458473,50.95900964],[4.05453949,50.95904276]]]}},{"type":"Feature","id":"gebouw/Gebouw.17121969/0","properties":{"source":"Digitaal Vlaanderen Gebouwenregister","source_id":"gebouw/Gebouw.17121969/0","kind":"building","height_m":7.88,"status":null},"geometry":{"type":"Polygon","coordinates":[[[4.05378877,50.96048905],[4.05375618,50.96046981],[4.05383041,50.96041968],[4.053863,50.96043893],[4.05378877,50.96048905]]]}},{"type":"Feature","id":"gebouw/Gebouw.17122011/0","properties":{"source":"Digitaal Vlaanderen Gebouwenregister","source_id":"gebouw/Gebouw.17122011/0","kind":"building","height_m":7.88,"status":null},"geometry":{"type":"Polygon","coordinates":[[[4.05290182,50.95879166],[4.05297072,50.95881718],[4.05294454,50.95884537],[4.05287564,50.95881985],[4.05290182,50.95879166]]]}},{"type":"Feature","id":"gebouw/Gebouw.17122210/0","properties":{"source":"Digitaal Vlaanderen Gebouwenregister","source_id":"gebouw/Gebouw.17122210/0","kind":"building","height_m":5.0,"status":null},"geometry":{"type":"Polygon","coordinates":[[[4.05420602,50.96143999],[4.05420716,50.96144065],[4.05419256,50.9614504],[4.05418738,50.96144843],[4.05418219,50.96144769],[4.05417646,50.96144823],[4.05417328,50.96144915],[4.05416901,50.96145149],[4.05416655,50.96145489],[4.0541666,50.96145894],[4.05416806,50.96146209],[4.05417202,50.96146534],[4.05414853,50.96148172],[4.05411739,50.96150345],[4.05410286,50.9615045],[4.05409203,50.96149841],[4.05408372,50.96150489],[4.05407066,50.96150533],[4.0539921,50.96155894],[4.05399325,50.96156776],[4.05398071,50.96156752],[4.05390076,50.96162233],[4.05390118,50.96162994],[4.05385219,50.96166334],[4.05399934,50.96174786],[4.05423473,50.96188305],[4.05471042,50.96155273],[4.05434926,50.9613417],[4.05420602,50.96143999]]]}},{"type":"Feature","id":"gebouw/Gebouw.17122268/0","properties":{"source":"Digitaal Vlaanderen Gebouwenregister","source_id":"gebouw/Gebouw.17122268/0","kind":"building","height_m":6.44,"status":null},"geometry":{"type":"Polygon","coordinates":[[[4.05298159,50.96008016],[4.05302734,50.96007148],[4.05308502,50.9601895],[4.05305459,50.9601968],[4.05303622,50.96018561],[4.05302147,50.96015713],[4.05298159,50.96008016]]]}},{"type":"Feature","id":"gebouw/Gebouw.17122270/0","properties":{"source":"Digitaal Vlaanderen Gebouwenregister","source_id":"gebouw/Gebouw.17122270/0","kind":"building","height_m":7.88,"status":null},"geometry":{"type":"Polygon","coordinates":[[[4.05732593,50.95627606],[4.05722803,50.95637283],[4.05715142,50.95634243],[4.0572299,50.95626353],[4.05726233,50.9562764],[4.05728122,50.95625731],[4.05728993,50.95626096],[4.05729125,50.95626151],[4.05731309,50.95627068],[4.05732593,50.95627606]]]}},{"type":"Feature","id":"gebouw/Gebouw.17122365/0","properties":{"source":"Digitaal Vlaanderen Gebouwenregister","source_id":"gebouw/Gebouw.17122365/0","kind":"building","height_m":5.72,"status":null},"geometry":{"type":"Polygon","coordinates":[[[4.0486953,50.96127577],[4.04857453,50.96132494],[4.04847056,50.9612231],[4.04854472,50.9611929],[4.04857535,50.96122295],[4.04862184,50.96120406],[4.04861388,50.9611965],[4.04869341,50.96116431],[4.04878234,50.96125193],[4.04870367,50.96128397],[4.0486953,50.96127577]]]}},{"type":"Feature","id":"gebouw/Gebouw.17122367/0","properties":{"source":"Digitaal Vlaanderen Gebouwenregister","source_id":"gebouw/Gebouw.17122367/0","kind":"building","height_m":7.16,"status":null},"geometry":{"type":"Polygon","coordinates":[[[4.0521689,50.95883603],[4.05220111,50.95880724],[4.05214636,50.95878186],[4.05222717,50.95871066],[4.05220357,50.95869998],[4.05224976,50.95865928],[4.05221392,50.95864304],[4.05208739,50.95875634],[4.05212491,50.95877285],[4.05207815,50.95881523],[4.05207365,50.95881349],[4.05199898,50.9588833],[4.05207566,50.95891602],[4.05207655,50.95891552],[4.05207879,50.95891657],[4.0521689,50.95883603]]]}},{"type":"Feature","id":"gebouw/Gebouw.17123629/0","properties":{"source":"Digitaal Vlaanderen Gebouwenregister","source_id":"gebouw/Gebouw.17123629/0","kind":"building","height_m":8.6,"status":null},"geometry":{"type":"Polygon","coordinates":[[[4.05151896,50.95884492],[4.0515207,50.95884603],[4.05151884,50.95884713],[4.05159495,50.95890365],[4.05159711,50.95890252],[4.05159873,50.95890366],[4.05149559,50.95896163],[4.05145273,50.95893026],[4.05142347,50.95894697],[4.05138605,50.95892084],[4.05151896,50.95884492]]]}},{"type":"Feature","id":"gebouw/Gebouw.17123635/0","properties":{"source":"Digitaal Vlaanderen Gebouwenregister","source_id":"gebouw/Gebouw.17123635/0","kind":"building","height_m":7.88,"status":null},"geometry":{"type":"Polygon","coordinates":[[[4.05106676,50.95867164],[4.05101213,50.95870038],[4.05089149,50.9586133],[4.05092455,50.95859583],[4.05094601,50.95858448],[4.05106676,50.95867164]]]}},{"type":"Feature","id":"gebouw/Gebouw.17123694/0","properties":{"source":"Digitaal Vlaanderen Gebouwenregister","source_id":"gebouw/Gebouw.17123694/0","kind":"building","height_m":5.0,"status":null},"geometry":{"type":"Polygon","coordinates":[[[4.0500025,50.95966436],[4.04995151,50.95968006],[4.04984527,50.95954248],[4.04999859,50.95949526],[4.05010721,50.95963592],[4.05010361,50.95963703],[4.05001592,50.95966404],[4.05000489,50.95966744],[4.0500025,50.95966436]]]}},{"type":"Feature","id":"gebouw/Gebouw.17124144/0","properties":{"source":"Digitaal Vlaanderen Gebouwenregister","source_id":"gebouw/Gebouw.17124144/0","kind":"building","height_m":6.44,"status":null},"geometry":{"type":"Polygon","coordinates":[[[4.0495971,50.95961787],[4.04960204,50.95961643],[4.04960134,50.95961552],[4.04960393,50.9596149],[4.04960512,50.9596164],[4.04967636,50.95959511],[4.04967515,50.95959339],[4.04967719,50.95959284],[4.04967785,50.95959357],[4.04973333,50.95957694],[4.04975931,50.95961063],[4.04976826,50.95960799],[4.04984789,50.95971587],[4.04973625,50.95974842],[4.04974108,50.95975503],[4.04970157,50.95976655],[4.04969696,50.95976025],[4.04968892,50.9597626],[4.04961685,50.95966401],[4.04960931,50.9596537],[4.04962083,50.95965034],[4.0495971,50.95961787]]]}},{"type":"Feature","id":"gebouw/Gebouw.17124402/0","properties":{"source":"Digitaal Vlaanderen Gebouwenregister","source_id":"gebouw/Gebouw.17124402/0","kind":"building","height_m":5.72,"status":null},"geometry":{"type":"Polygon","coordinates":[[[4.04944651,50.95762547],[4.04937515,50.95767638],[4.04934556,50.95766017],[4.04937798,50.95763659],[4.04934403,50.95761792],[4.0494874,50.95750946],[4.04955627,50.95754715],[4.04944651,50.95762547]]]}},{"type":"Feature","id":"gebouw/Gebouw.17125752/0","properties":{"source":"Digitaal Vlaanderen Gebouwenregister","source_id":"gebouw/Gebouw.17125752/0","kind":"building","height_m":5.0,"status":null},"geometry":{"type":"Polygon","coordinates":[[[4.05342809,50.96042447],[4.05345337,50.96040605],[4.05352747,50.96045047],[4.05350056,50.96046864],[4.05342809,50.96042447]]]}},{"type":"Feature","id":"gebouw/Gebouw.17125893/0","properties":{"source":"Digitaal Vlaanderen Gebouwenregister","source_id":"gebouw/Gebouw.17125893/0","kind":"building","height_m":5.72,"status":null},"geometry":{"type":"Polygon","coordinates":[[[4.05147236,50.95923227],[4.05151411,50.95926635],[4.05153314,50.95925706],[4.05155472,50.95927468],[4.051499,50.95930191],[4.05148253,50.95928846],[4.05129886,50.95937821],[4.05125293,50.95934137],[4.05147236,50.95923227]]]}},{"type":"Feature","id":"gebouw/Gebouw.17126353/0","properties":{"source":"Digitaal Vlaanderen Gebouwenregister","source_id":"gebouw/Gebouw.17126353/0","kind":"building","height_m":9.32,"status":null},"geometry":{"type":"Polygon","coordinates":[[[4.05270083,50.96020373],[4.05268327,50.96021171],[4.0527067,50.96023229],[4.05267056,50.9602487],[4.05265637,50.96023669],[4.05264653,50.96022838],[4.05260121,50.96019006],[4.05263457,50.96017491],[4.05265664,50.96016488],[4.05270083,50.96020373]]]}},{"type":"Feature","id":"gebouw/Gebouw.17126638/0","properties":{"source":"Digitaal Vlaanderen Gebouwenregister","source_id":"gebouw/Gebouw.17126638/0","kind":"building","height_m":7.88,"status":null},"geometry":{"type":"Polygon","coordinates":[[[4.05795221,50.95863216],[4.05790026,50.95865195],[4.05791063,50.95866256],[4.05785733,50.95868337],[4.05784659,50.9586724],[4.05784209,50.95866781],[4.0578029,50.95862778],[4.05790932,50.95858724],[4.05795221,50.95863216]]]}},{"type":"Feature","id":"gebouw/Gebouw.17127483/0","properties":{"source":"Digitaal Vlaanderen Gebouwenregister","source_id":"gebouw/Gebouw.17127483/0","kind":"building","height_m":6.44,"status":null},"geometry":{"type":"Polygon","coordinates":[[[4.05262206,50.96027602],[4.05265864,50.96025944],[4.05268827,50.96028552],[4.0526517,50.9603021],[4.05262206,50.96027602]]]}},{"type":"Feature","id":"gebouw/Gebouw.17127973/0","properties":{"source":"Digitaal Vlaanderen Gebouwenregister","source_id":"gebouw/Gebouw.17127973/0","kind":"building","height_m":6.44,"status":null},"geometry":{"type":"Polygon","coordinates":[[[4.05746543,50.95946088],[4.05761415,50.95940386],[4.05767589,50.95946656],[4.05752577,50.95952587],[4.05746543,50.95946088]]]}},{"type":"Feature","id":"gebouw/Gebouw.17127992/0","properties":{"source":"Digitaal Vlaanderen Gebouwenregister","source_id":"gebouw/Gebouw.17127992/0","kind":"building","height_m":5.0,"status":null},"geometry":{"type":"Polygon","coordinates":[[[4.04913514,50.95750962],[4.04916785,50.95752784],[4.04908134,50.9575908],[4.0490484,50.95757275],[4.04913514,50.95750962]]]}},{"type":"Feature","id":"gebouw/Gebouw.17129178/0","properties":{"source":"Digitaal Vlaanderen Gebouwenregister","source_id":"gebouw/Gebouw.17129178/0","kind":"building","height_m":7.16,"status":null},"geometry":{"type":"Polygon","coordinates":[[[4.04965045,50.95930082],[4.04959165,50.95931857],[4.04958252,50.95930662],[4.04953892,50.95931995],[4.04953425,50.95932871],[4.04951104,50.95933579],[4.04949673,50.95933291],[4.04948773,50.95933561],[4.04940682,50.95922801],[4.04947508,50.9592074],[4.04946031,50.95918789],[4.04951366,50.95917178],[4.0495296,50.95919284],[4.04956143,50.95918322],[4.04965045,50.95930082]]]}},{"type":"Feature","id":"gebouw/Gebouw.17129282/0","properties":{"source":"Digitaal Vlaanderen Gebouwenregister","source_id":"gebouw/Gebouw.17129282/0","kind":"building","height_m":6.44,"status":null},"geometry":{"type":"Polygon","coordinates":[[[4.05614373,50.96087992],[4.05618601,50.96089808],[4.05616953,50.96091339],[4.05619556,50.96092457],[4.05617092,50.96094745],[4.05616645,50.96094553],[4.05615118,50.96095971],[4.05608733,50.96093229],[4.05614373,50.96087992]]]}},{"type":"Feature","id":"gebouw/Gebouw.17129562/0","properties":{"source":"Digitaal Vlaanderen Gebouwenregister","source_id":"gebouw/Gebouw.17129562/0","kind":"building","height_m":6.44,"status":null},"geometry":{"type":"Polygon","coordinates":[[[4.05570928,50.95576725],[4.05567069,50.95573695],[4.05566506,50.95573961],[4.05562795,50.9557103],[4.05553305,50.95575809],[4.05550854,50.95577072],[4.05550303,50.95581021],[4.05561002,50.95581768],[4.05570928,50.95576725]]]}},{"type":"Feature","id":"gebouw/Gebouw.17129686/0","properties":{"source":"Digitaal Vlaanderen Gebouwenregister","source_id":"gebouw/Gebouw.17129686/0","kind":"building","height_m":5.0,"status":null},"geometry":{"type":"Polygon","coordinates":[[[4.05749391,50.95902932],[4.05745855,50.95904207],[4.05749256,50.95907652],[4.05752708,50.95906292],[4.05749391,50.95902932]]]}},{"type":"Feature","id":"gebouw/Gebouw.17129877/0","properties":{"source":"Digitaal Vlaanderen Gebouwenregister","source_id":"gebouw/Gebouw.17129877/0","kind":"building","height_m":6.44,"status":null},"geometry":{"type":"Polygon","coordinates":[[[4.05331168,50.95938187],[4.05321732,50.95950182],[4.05314258,50.95947559],[4.0532475,50.95935876],[4.05326531,50.95936462],[4.05326362,50.95937996],[4.05331168,50.95938187]]]}},{"type":"Feature","id":"gebouw/Gebouw.17131803/0","properties":{"source":"Digitaal Vlaanderen Gebouwenregister","source_id":"gebouw/Gebouw.17131803/0","kind":"building","height_m":7.16,"status":null},"geometry":{"type":"Polygon","coordinates":[[[4.05112463,50.95864105],[4.05112045,50.95864326],[4.05106676,50.95867164],[4.05094601,50.95858448],[4.05097453,50.9585694],[4.05098304,50.95857582],[4.05099357,50.95857025],[4.05094612,50.95853441],[4.05095983,50.95852732],[4.05103123,50.95849043],[4.05117532,50.95859624],[4.05117694,50.95859628],[4.05117449,50.95861579],[4.05117315,50.95861577],[4.05112463,50.95864105]]]}},{"type":"Feature","id":"gebouw/Gebouw.17131804/0","properties":{"source":"Digitaal Vlaanderen Gebouwenregister","source_id":"gebouw/Gebouw.17131804/0","kind":"building","height_m":7.88,"status":null},"geometry":{"type":"Polygon","coordinates":[[[4.05284227,50.95975565],[4.05291405,50.95959929],[4.05284674,50.95958867],[4.05277678,50.95974408],[4.05275629,50.9597896],[4.0527971,50.95979709],[4.05281796,50.95975098],[4.05284227,50.95975565]]]}},{"type":"Feature","id":"gebouw/Gebouw.17132885/0","properties":{"source":"Digitaal Vlaanderen Gebouwenregister","source_id":"gebouw/Gebouw.17132885/0","kind":"building","height_m":5.0,"status":null},"geometry":{"type":"Polygon","coordinates":[[[4.05007535,50.95834162],[4.05005632,50.95832019],[4.05010739,50.95830165],[4.05012642,50.95832308],[4.05007535,50.95834162]]]}},{"type":"Feature","id":"gebouw/Gebouw.17133335/0","properties":{"source":"Digitaal Vlaanderen Gebouwenregister","source_id":"gebouw/Gebouw.17133335/0","kind":"building","height_m":6.44,"status":null},"geometry":{"type":"Polygon","coordinates":[[[4.05254664,50.95998728],[4.05268694,50.96010328],[4.05264939,50.96012184],[4.0525863,50.96007055],[4.05255692,50.96008496],[4.05247655,50.96002054],[4.05254419,50.95998737],[4.05254508,50.95998803],[4.05254664,50.95998728]]]}},{"type":"Feature","id":"gebouw/Gebouw.17133532/0","properties":{"source":"Digitaal Vlaanderen Gebouwenregister","source_id":"gebouw/Gebouw.17133532/0","kind":"building","height_m":7.16,"status":null},"geometry":{"type":"Polygon","coordinates":[[[4.05821994,50.95617667],[4.05829092,50.9562038],[4.05827936,50.95621586],[4.05828826,50.95621854],[4.05829412,50.95622377],[4.05830211,50.95623475],[4.05830179,50.95625495],[4.05825483,50.95630418],[4.05802511,50.95621638],[4.05809242,50.95614613],[4.05820717,50.95618999],[4.05821994,50.95617667]]]}},{"type":"Feature","id":"gebouw/Gebouw.17135330/0","properties":{"source":"Digitaal Vlaanderen Gebouwenregister","source_id":"gebouw/Gebouw.17135330/0","kind":"building","height_m":6.44,"status":null},"geometry":{"type":"Polygon","coordinates":[[[4.05745867,50.95619547],[4.05738573,50.95626325],[4.05743323,50.95628505],[4.05741404,50.95630388],[4.05740679,50.956311],[4.05731006,50.95640592],[4.05722817,50.95637288],[4.05722803,50.95637283],[4.05732593,50.95627606],[4.05741473,50.95618828],[4.05741352,50.95617081],[4.05741842,50.95616729],[4.0574287,50.95617448],[4.05743893,50.95618165],[4.05747609,50.95614793],[4.05749712,50.95615651],[4.05751074,50.95614326],[4.05755073,50.95615966],[4.05755429,50.9561562],[4.05758308,50.956168],[4.05753561,50.95621746],[4.05746575,50.95618888],[4.05745867,50.95619547]]]}},{"type":"Feature","id":"gebouw/Gebouw.17136991/0","properties":{"source":"Digitaal Vlaanderen Gebouwenregister","source_id":"gebouw/Gebouw.17136991/0","kind":"building","height_m":7.88,"status":null},"geometry":{"type":"Polygon","coordinates":[[[4.04833493,50.95713971],[4.04829617,50.9571669],[4.0483098,50.95717465],[4.04825183,50.95721531],[4.04820589,50.95718919],[4.04826348,50.95714864],[4.04827406,50.95715466],[4.04831278,50.9571275],[4.04830211,50.95712144],[4.0483504,50.95708743],[4.04841762,50.95712566],[4.04836954,50.95715939],[4.04833493,50.95713971]]]}},{"type":"Feature","id":"gebouw/Gebouw.17140700/0","properties":{"source":"Digitaal Vlaanderen Gebouwenregister","source_id":"gebouw/Gebouw.17140700/0","kind":"building","height_m":7.16,"status":null},"geometry":{"type":"Polygon","coordinates":[[[4.04958466,50.95702094],[4.04945173,50.95712033],[4.04940827,50.95709649],[4.04942991,50.95708036],[4.04939282,50.95706016],[4.04951329,50.95697191],[4.0495225,50.95697693],[4.0495189,50.95697957],[4.04958223,50.95701447],[4.04958712,50.95701095],[4.04959328,50.95701435],[4.04958562,50.9570202],[4.04958466,50.95702094]]]}},{"type":"Feature","id":"gebouw/Gebouw.17142227/0","properties":{"source":"Digitaal Vlaanderen Gebouwenregister","source_id":"gebouw/Gebouw.17142227/0","kind":"building","height_m":7.88,"status":null},"geometry":{"type":"Polygon","coordinates":[[[4.05604504,50.96092202],[4.0559588,50.96088484],[4.05605554,50.96079534],[4.05600828,50.96077497],[4.05604625,50.96073939],[4.05609956,50.96068944],[4.05606405,50.96067396],[4.05611221,50.96062949],[4.05618931,50.96066372],[4.05616863,50.96068285],[4.05617512,50.96068564],[4.05609453,50.9607602],[4.05613127,50.96077604],[4.05612208,50.96078454],[4.05616982,50.96080512],[4.0561493,50.96082434],[4.05623672,50.96086202],[4.05619875,50.96089716],[4.05611165,50.96085962],[4.05604504,50.96092202]]]}},{"type":"Feature","id":"gebouw/Gebouw.17142228/0","properties":{"source":"Digitaal Vlaanderen Gebouwenregister","source_id":"gebouw/Gebouw.17142228/0","kind":"building","height_m":8.6,"status":null},"geometry":{"type":"Polygon","coordinates":[[[4.0576631,50.95866022],[4.05758168,50.95869122],[4.05757309,50.95868212],[4.05745067,50.95855247],[4.05753263,50.95852185],[4.05764521,50.95864125],[4.0576631,50.95866022]]]}},{"type":"Feature","id":"gebouw/Gebouw.17142244/0","properties":{"source":"Digitaal Vlaanderen Gebouwenregister","source_id":"gebouw/Gebouw.17142244/0","kind":"building","height_m":5.0,"status":null},"geometry":{"type":"Polygon","coordinates":[[[4.04911045,50.95646809],[4.04872693,50.95660621],[4.04864945,50.95652399],[4.04870915,50.95650155],[4.04868924,50.9564828],[4.04875896,50.95644982],[4.0488231,50.95650393],[4.04897356,50.95644652],[4.04895982,50.95643216],[4.04900971,50.95641312],[4.04903091,50.95643528],[4.04904337,50.95643053],[4.04903663,50.95642348],[4.04906271,50.95641353],[4.04906978,50.9564216],[4.04911045,50.95646809]]]}},{"type":"Feature","id":"gebouw/Gebouw.17142277/0","properties":{"source":"Digitaal Vlaanderen Gebouwenregister","source_id":"gebouw/Gebouw.17142277/0","kind":"building","height_m":8.6,"status":null},"geometry":{"type":"Polygon","coordinates":[[[4.05779476,50.95597643],[4.05765937,50.95610235],[4.05758617,50.95607095],[4.05765972,50.95600254],[4.05766675,50.95600556],[4.05774077,50.95593614],[4.05780754,50.95596454],[4.05779476,50.95597643]]]}},{"type":"Feature","id":"gebouw/Gebouw.17142278/0","properties":{"source":"Digitaal Vlaanderen Gebouwenregister","source_id":"gebouw/Gebouw.17142278/0","kind":"building","height_m":9.32,"status":null},"geometry":{"type":"Polygon","coordinates":[[[4.05796702,50.95839513],[4.05787784,50.95831927],[4.05790212,50.95830789],[4.05785957,50.95827169],[4.05796765,50.95822101],[4.05809951,50.95833415],[4.05810571,50.95833124],[4.05812659,50.958349],[4.05809989,50.95836151],[4.05810938,50.95836958],[4.05803339,50.95840521],[4.05802541,50.95839843],[4.05799619,50.95841213],[4.05797294,50.95839235],[4.05796702,50.95839513]]]}},{"type":"Feature","id":"gebouw/Gebouw.17142701/0","properties":{"source":"Digitaal Vlaanderen Gebouwenregister","source_id":"gebouw/Gebouw.17142701/0","kind":"building","height_m":6.44,"status":null},"geometry":{"type":"Polygon","coordinates":[[[4.05404842,50.95958495],[4.05392241,50.95964675],[4.05381697,50.95956325],[4.05386679,50.95949859],[4.05387556,50.95948722],[4.05390693,50.95949212],[4.05397597,50.95952803],[4.05404842,50.95958495]]]}},{"type":"Feature","id":"gebouw/Gebouw.17142714/0","properties":{"source":"Digitaal Vlaanderen Gebouwenregister","source_id":"gebouw/Gebouw.17142714/0","kind":"building","height_m":5.72,"status":null},"geometry":{"type":"Polygon","coordinates":[[[4.05839865,50.95663984],[4.05833091,50.95670739],[4.0583274,50.95670599],[4.05833187,50.95670154],[4.05832581,50.95669903],[4.05832693,50.9566981],[4.05825142,50.95666851],[4.05825037,50.95666937],[4.0582392,50.95666513],[4.05820301,50.95670161],[4.05819965,50.95670028],[4.05820552,50.95669449],[4.05808812,50.95664809],[4.05808227,50.95665415],[4.05807861,50.95665285],[4.05810087,50.9566303],[4.0580971,50.95662878],[4.05816827,50.9565626],[4.05828617,50.95660976],[4.05829684,50.95659911],[4.05839865,50.95663984]]]}},{"type":"Feature","id":"gebouw/Gebouw.17144056/0","properties":{"source":"Digitaal Vlaanderen Gebouwenregister","source_id":"gebouw/Gebouw.17144056/0","kind":"building","height_m":9.32,"status":null},"geometry":{"type":"Polygon","coordinates":[[[4.04941216,50.95687874],[4.04946674,50.95688085],[4.04946421,50.95690705],[4.04940962,50.95690494],[4.04941216,50.95687874]]]}},{"type":"Feature","id":"gebouw/Gebouw.17144105/0","properties":{"source":"Digitaal Vlaanderen Gebouwenregister","source_id":"gebouw/Gebouw.17144105/0","kind":"building","height_m":9.32,"status":null},"geometry":{"type":"Polygon","coordinates":[[[4.05675909,50.95923119],[4.05682227,50.95920809],[4.05687005,50.95926024],[4.05680687,50.95928333],[4.05675909,50.95923119]]]}},{"type":"Feature","id":"gebouw/Gebouw.17144537/0","properties":{"source":"Digitaal Vlaanderen Gebouwenregister","source_id":"gebouw/Gebouw.17144537/0","kind":"building","height_m":7.88,"status":null},"geometry":{"type":"Polygon","coordinates":[[[4.05517801,50.95655754],[4.05523012,50.9565227],[4.05528861,50.9565576],[4.05523651,50.95659244],[4.05517801,50.95655754]]]}},{"type":"Feature","id":"gebouw/Gebouw.17146207/0","properties":{"source":"Digitaal Vlaanderen Gebouwenregister","source_id":"gebouw/Gebouw.17146207/0","kind":"building","height_m":5.72,"status":null},"geometry":{"type":"Polygon","coordinates":[[[4.051107,50.96079519],[4.05121894,50.96074416],[4.05121592,50.96074152],[4.05124992,50.96072607],[4.05116902,50.96068782],[4.05116324,50.96068757],[4.05115861,50.96068984],[4.05115499,50.96068764],[4.05114941,50.96069058],[4.05112716,50.96069971],[4.05110996,50.96068077],[4.05110862,50.96068131],[4.05110501,50.96067799],[4.05101159,50.96072058],[4.05106077,50.96076361],[4.05106744,50.96076057],[4.051107,50.96079519]]]}},{"type":"Feature","id":"gebouw/Gebouw.17149418/0","properties":{"source":"Digitaal Vlaanderen Gebouwenregister","source_id":"gebouw/Gebouw.17149418/0","kind":"building","height_m":9.32,"status":null},"geometry":{"type":"Polygon","coordinates":[[[4.05054075,50.96093737],[4.0507108,50.96101845],[4.05064916,50.96106985],[4.05047966,50.96098756],[4.05054075,50.96093737]]]}},{"type":"Feature","id":"gebouw/Gebouw.17149512/0","properties":{"source":"Digitaal Vlaanderen Gebouwenregister","source_id":"gebouw/Gebouw.17149512/0","kind":"building","height_m":6.44,"status":null},"geometry":{"type":"Polygon","coordinates":[[[4.05813038,50.96191567],[4.05803713,50.96194839],[4.05801836,50.96192705],[4.05800897,50.96191637],[4.05810449,50.96188622],[4.05811677,50.96190019],[4.05813038,50.96191567]]]}},{"type":"Feature","id":"gebouw/Gebouw.17149575/0","properties":{"source":"Digitaal Vlaanderen Gebouwenregister","source_id":"gebouw/Gebouw.17149575/0","kind":"building","height_m":6.44,"status":null},"geometry":{"type":"Polygon","coordinates":[[[4.055372,50.95578271],[4.05532276,50.95580829],[4.05531398,50.95581284],[4.05530795,50.95580821],[4.05525767,50.95576959],[4.05531569,50.95573946],[4.055372,50.95578271]]]}},{"type":"Feature","id":"gebouw/Gebouw.17152136/0","properties":{"source":"Digitaal Vlaanderen Gebouwenregister","source_id":"gebouw/Gebouw.17152136/0","kind":"building","height_m":5.72,"status":null},"geometry":{"type":"Polygon","coordinates":[[[4.05306715,50.95962389],[4.05301265,50.95975577],[4.0529607,50.95974715],[4.05292294,50.95974089],[4.05292226,50.95974078],[4.05298404,50.95961072],[4.05306715,50.95962389]]]}},{"type":"Feature","id":"gebouw/Gebouw.17153273/0","properties":{"source":"Digitaal Vlaanderen Gebouwenregister","source_id":"gebouw/Gebouw.17153273/0","kind":"building","height_m":7.88,"status":null},"geometry":{"type":"Polygon","coordinates":[[[4.04833283,50.95731401],[4.04830739,50.95733224],[4.04826675,50.95730937],[4.04829238,50.9572912],[4.04833283,50.95731401]]]}},{"type":"Feature","id":"gebouw/Gebouw.17153449/0","properties":{"source":"Digitaal Vlaanderen Gebouwenregister","source_id":"gebouw/Gebouw.17153449/0","kind":"building","height_m":8.6,"status":null},"geometry":{"type":"Polygon","coordinates":[[[4.05292226,50.95974078],[4.05291082,50.95976672],[4.05284227,50.95975565],[4.05291405,50.95959929],[4.05298404,50.95961072],[4.05292226,50.95974078]]]}},{"type":"Feature","id":"gebouw/Gebouw.17153453/0","properties":{"source":"Digitaal Vlaanderen Gebouwenregister","source_id":"gebouw/Gebouw.17153453/0","kind":"building","height_m":6.44,"status":null},"geometry":{"type":"Polygon","coordinates":[[[4.05009798,50.95904753],[4.05017269,50.95912541],[4.05001841,50.95918444],[4.04993196,50.95909],[4.04993142,50.95908588],[4.04993026,50.95907963],[4.0499322,50.95907558],[4.04993987,50.95907089],[4.04996669,50.95906024],[4.04993416,50.95902632],[4.05001655,50.9589948],[4.0500754,50.95905616],[4.05009798,50.95904753]]]}},{"type":"Feature","id":"gebouw/Gebouw.17153572/0","properties":{"source":"Digitaal Vlaanderen Gebouwenregister","source_id":"gebouw/Gebouw.17153572/0","kind":"building","height_m":6.44,"status":null},"geometry":{"type":"Polygon","coordinates":[[[4.05156913,50.9605988],[4.05159499,50.9605762],[4.05146882,50.9605186],[4.05153553,50.96046032],[4.051708,50.96053906],[4.05164095,50.96059919],[4.05166222,50.96060858],[4.05167699,50.96060611],[4.05167966,50.96061883],[4.05165679,50.96063882],[4.05156913,50.9605988]]]}},{"type":"Feature","id":"gebouw/Gebouw.17153798/0","properties":{"source":"Digitaal Vlaanderen Gebouwenregister","source_id":"gebouw/Gebouw.17153798/0","kind":"building","height_m":7.88,"status":null},"geometry":{"type":"Polygon","coordinates":[[[4.0523399,50.95901296],[4.05231713,50.95901749],[4.05227989,50.95900217],[4.05237859,50.95891396],[4.05240156,50.9589247],[4.05243453,50.95889539],[4.05245891,50.9588737],[4.0524501,50.9588694],[4.0526214,50.95872417],[4.05272237,50.9587711],[4.05270874,50.95878234],[4.05252751,50.95893407],[4.05251792,50.95894209],[4.05248624,50.95896861],[4.0524259,50.95894101],[4.0523399,50.95901296]]]}},{"type":"Feature","id":"gebouw/Gebouw.17153897/0","properties":{"source":"Digitaal Vlaanderen Gebouwenregister","source_id":"gebouw/Gebouw.17153897/0","kind":"building","height_m":8.6,"status":null},"geometry":{"type":"Polygon","coordinates":[[[4.05845781,50.95729966],[4.05829916,50.95729106],[4.05831694,50.95716021],[4.0584507,50.95716746],[4.05844201,50.95723135],[4.05846691,50.9572327],[4.05845781,50.95729966]]]}},{"type":"Feature","id":"gebouw/Gebouw.17154025/0","properties":{"source":"Digitaal Vlaanderen Gebouwenregister","source_id":"gebouw/Gebouw.17154025/0","kind":"building","height_m":5.0,"status":null},"geometry":{"type":"Polygon","coordinates":[[[4.05034206,50.9583512],[4.05032168,50.95836334],[4.05024514,50.95840889],[4.05008247,50.95850573],[4.0499892,50.95843124],[4.05017132,50.9583256],[4.05024688,50.95828177],[4.05027894,50.95830516],[4.05027316,50.95830873],[4.05032249,50.95833692],[4.05044536,50.95826069],[4.05040009,50.9582315],[4.05042211,50.95821788],[4.05041937,50.95821611],[4.05054814,50.95814029],[4.05061747,50.95818726],[4.05046957,50.9582753],[4.05043364,50.95829669],[4.05037233,50.95833318],[4.05034206,50.9583512]]]}},{"type":"Feature","id":"gebouw/Gebouw.17158464/0","properties":{"source":"Digitaal Vlaanderen Gebouwenregister","source_id":"gebouw/Gebouw.17158464/0","kind":"building","height_m":5.72,"status":null},"geometry":{"type":"Polygon","coordinates":[[[4.0507075,50.95874011],[4.05079738,50.95881351],[4.05073154,50.95884832],[4.05064038,50.95877569],[4.0507075,50.95874011]]]}},{"type":"Feature","id":"gebouw/Gebouw.17158571/0","properties":{"source":"Digitaal Vlaanderen Gebouwenregister","source_id":"gebouw/Gebouw.17158571/0","kind":"building","height_m":7.16,"status":null},"geometry":{"type":"Polygon","coordinates":[[[4.0532475,50.95935876],[4.05314258,50.95947559],[4.05307508,50.9594518],[4.0530749,50.95945174],[4.05308139,50.95944465],[4.05311051,50.95941283],[4.05313777,50.95938305],[4.05313831,50.95938244],[4.05316545,50.95939224],[4.05322748,50.95932076],[4.05319064,50.95930583],[4.05324021,50.95925097],[4.05331926,50.95927886],[4.0532475,50.95935876]]]}},{"type":"Feature","id":"gebouw/Gebouw.17158572/0","properties":{"source":"Digitaal Vlaanderen Gebouwenregister","source_id":"gebouw/Gebouw.17158572/0","kind":"building","height_m":7.88,"status":null},"geometry":{"type":"Polygon","coordinates":[[[4.05254339,50.95913601],[4.05255144,50.95912683],[4.05249771,50.95910657],[4.05247666,50.9591289],[4.05246014,50.95912269],[4.05237154,50.95920173],[4.05245891,50.95923232],[4.05254339,50.95913601]]]}},{"type":"Feature","id":"gebouw/Gebouw.17158882/0","properties":{"source":"Digitaal Vlaanderen Gebouwenregister","source_id":"gebouw/Gebouw.17158882/0","kind":"building","height_m":9.32,"status":null},"geometry":{"type":"Polygon","coordinates":[[[4.05137295,50.96054455],[4.05137567,50.96054251],[4.05152711,50.96061112],[4.05145906,50.96067284],[4.05130833,50.96060165],[4.05136473,50.96055403],[4.05137468,50.96054562],[4.05137295,50.96054455]]]}},{"type":"Feature","id":"gebouw/Gebouw.17159165/0","properties":{"source":"Digitaal Vlaanderen Gebouwenregister","source_id":"gebouw/Gebouw.17159165/0","kind":"building","height_m":6.44,"status":null},"geometry":{"type":"Polygon","coordinates":[[[4.0516432,50.9591701],[4.05165052,50.95917552],[4.051696,50.95920914],[4.0517381,50.95924026],[4.05191838,50.95914298],[4.0518481,50.95909103],[4.05174322,50.95914763],[4.05171831,50.95912921],[4.0516432,50.9591701]]]}},{"type":"Feature","id":"gebouw/Gebouw.17159221/0","properties":{"source":"Digitaal Vlaanderen Gebouwenregister","source_id":"gebouw/Gebouw.17159221/0","kind":"building","height_m":6.44,"status":null},"geometry":{"type":"Polygon","coordinates":[[[4.05227424,50.96038726],[4.05205883,50.96020514],[4.05213389,50.96017036],[4.05221283,50.96023829],[4.05218586,50.96025069],[4.05226338,50.96032001],[4.05224666,50.96032773],[4.052298,50.96037285],[4.05227424,50.96038726]]]}},{"type":"Feature","id":"gebouw/Gebouw.17159241/0","properties":{"source":"Digitaal Vlaanderen Gebouwenregister","source_id":"gebouw/Gebouw.17159241/0","kind":"building","height_m":5.72,"status":null},"geometry":{"type":"Polygon","coordinates":[[[4.05333273,50.9590565],[4.05336912,50.95903012],[4.05341404,50.95905482],[4.05337766,50.95908121],[4.05333273,50.9590565]]]}},{"type":"Feature","id":"gebouw/Gebouw.17160072/0","properties":{"source":"Digitaal Vlaanderen Gebouwenregister","source_id":"gebouw/Gebouw.17160072/0","kind":"building","height_m":9.32,"status":null},"geometry":{"type":"Polygon","coordinates":[[[4.04917037,50.95932972],[4.04914309,50.95929487],[4.04915417,50.95929141],[4.049151,50.95928517],[4.04915187,50.9592809],[4.04915498,50.95927731],[4.04915928,50.95927493],[4.04925319,50.95924608],[4.04925925,50.95924566],[4.04926565,50.9592465],[4.04927074,50.95924817],[4.04927723,50.95925351],[4.0492882,50.95925013],[4.04931465,50.95928432],[4.04931887,50.95928302],[4.04939329,50.95937925],[4.04933852,50.95939614],[4.04933979,50.95939787],[4.04929637,50.95941133],[4.04929512,50.95940966],[4.04924013,50.95942683],[4.04916536,50.95933129],[4.04917037,50.95932972]]]}},{"type":"Feature","id":"gebouw/Gebouw.17160080/0","properties":{"source":"Digitaal Vlaanderen Gebouwenregister","source_id":"gebouw/Gebouw.17160080/0","kind":"building","height_m":5.0,"status":null},"geometry":{"type":"Polygon","coordinates":[[[4.05017558,50.95742123],[4.05014257,50.95744752],[4.05013432,50.95745409],[4.05013048,50.95745715],[4.05004918,50.95752189],[4.05004905,50.957522],[4.05004365,50.95752629],[4.05013797,50.95758816],[4.05018537,50.95755933],[4.05016026,50.95754286],[4.05019744,50.95751718],[4.05022432,50.95753341],[4.05028764,50.95749387],[4.05017558,50.95742123]]]}},{"type":"Feature","id":"gebouw/Gebouw.17160089/0","properties":{"source":"Digitaal Vlaanderen Gebouwenregister","source_id":"gebouw/Gebouw.17160089/0","kind":"building","height_m":6.44,"status":null},"geometry":{"type":"Polygon","coordinates":[[[4.05489533,50.9588491],[4.05478906,50.95889572],[4.0547682,50.95887835],[4.05472822,50.95889508],[4.05466775,50.95883833],[4.05455657,50.95889038],[4.05464684,50.95897165],[4.0546294,50.95897947],[4.05464558,50.95899319],[4.05471116,50.95896378],[4.05473476,50.95898614],[4.05475115,50.95897919],[4.0547961,50.95902006],[4.05492237,50.95896467],[4.0548942,50.95893906],[4.0549617,50.95890945],[4.05489533,50.9588491]]]}},{"type":"Feature","id":"gebouw/Gebouw.17160090/0","properties":{"source":"Digitaal Vlaanderen Gebouwenregister","source_id":"gebouw/Gebouw.17160090/0","kind":"building","height_m":7.16,"status":null},"geometry":{"type":"Polygon","coordinates":[[[4.05622415,50.95915152],[4.05617909,50.95916739],[4.05611265,50.95909491],[4.05604548,50.95911948],[4.05594778,50.95901726],[4.05606006,50.95897824],[4.05612929,50.95905135],[4.05622415,50.95915152]]]}},{"type":"Feature","id":"gebouw/Gebouw.17160127/0","properties":{"source":"Digitaal Vlaanderen Gebouwenregister","source_id":"gebouw/Gebouw.17160127/0","kind":"building","height_m":8.6,"status":null},"geometry":{"type":"Polygon","coordinates":[[[4.05625624,50.95552444],[4.05605119,50.95567488],[4.05599787,50.95564309],[4.05612341,50.95555087],[4.05615114,50.95556455],[4.05623571,50.95549622],[4.05627219,50.95551273],[4.05625624,50.95552444]]]}},{"type":"Feature","id":"gebouw/Gebouw.17160255/0","properties":{"source":"Digitaal Vlaanderen Gebouwenregister","source_id":"gebouw/Gebouw.17160255/0","kind":"building","height_m":5.0,"status":null},"geometry":{"type":"Polygon","coordinates":[[[4.05044092,50.95900291],[4.0502948,50.95890114],[4.05026241,50.95887859],[4.05021212,50.95890755],[4.05022548,50.9589168],[4.0502426,50.95892866],[4.05027081,50.9589482],[4.05038914,50.95903016],[4.05044092,50.95900291]]]}},{"type":"Feature","id":"gebouw/Gebouw.17160283/0","properties":{"source":"Digitaal Vlaanderen Gebouwenregister","source_id":"gebouw/Gebouw.17160283/0","kind":"building","height_m":5.0,"status":null},"geometry":{"type":"Polygon","coordinates":[[[4.05828437,50.9575539],[4.05842458,50.9575703],[4.05839604,50.9576676],[4.05825487,50.95765105],[4.05825538,50.95764931],[4.0582725,50.9576512],[4.05828695,50.95760524],[4.05826987,50.95760334],[4.05828437,50.9575539]]]}},{"type":"Feature","id":"gebouw/Gebouw.17161932/0","properties":{"source":"Digitaal Vlaanderen Gebouwenregister","source_id":"gebouw/Gebouw.17161932/0","kind":"building","height_m":7.88,"status":null},"geometry":{"type":"Polygon","coordinates":[[[4.0582709,50.95807111],[4.05819826,50.95810526],[4.05816359,50.95807617],[4.0582004,50.95805887],[4.05823647,50.9580419],[4.0582393,50.95804431],[4.0582709,50.95807111]]]}},{"type":"Feature","id":"gebouw/Gebouw.17162370/0","properties":{"source":"Digitaal Vlaanderen Gebouwenregister","source_id":"gebouw/Gebouw.17162370/0","kind":"building","height_m":5.72,"status":null},"geometry":{"type":"Polygon","coordinates":[[[4.0515197,50.95964171],[4.05151607,50.95964354],[4.05148952,50.95962252],[4.05159654,50.95956861],[4.05162249,50.95958917],[4.05158824,50.95960642],[4.05161774,50.95962978],[4.05154861,50.95966461],[4.0515197,50.95964171]]]}},{"type":"Feature","id":"gebouw/Gebouw.17167352/0","properties":{"source":"Digitaal Vlaanderen Gebouwenregister","source_id":"gebouw/Gebouw.17167352/0","kind":"building","height_m":9.32,"status":null},"geometry":{"type":"Polygon","coordinates":[[[4.05356483,50.95988348],[4.05342791,50.95996607],[4.05339046,50.95994129],[4.05337266,50.95995201],[4.05331023,50.95991069],[4.05334736,50.95988832],[4.05335934,50.95989608],[4.05342491,50.95985637],[4.053448,50.95987131],[4.05349892,50.95984022],[4.05356483,50.95988348]]]}},{"type":"Feature","id":"gebouw/Gebouw.17167377/0","properties":{"source":"Digitaal Vlaanderen Gebouwenregister","source_id":"gebouw/Gebouw.17167377/0","kind":"building","height_m":7.16,"status":null},"geometry":{"type":"Polygon","coordinates":[[[4.04955432,50.95687016],[4.04948676,50.9569253],[4.04952234,50.95694159],[4.04958906,50.95688714],[4.04955432,50.95687016]]]}},{"type":"Feature","id":"gebouw/Gebouw.17167489/0","properties":{"source":"Digitaal Vlaanderen Gebouwenregister","source_id":"gebouw/Gebouw.17167489/0","kind":"building","height_m":7.16,"status":null},"geometry":{"type":"Polygon","coordinates":[[[4.04891294,50.95641241],[4.04888712,50.9563909],[4.04893022,50.95637026],[4.04895604,50.95639178],[4.04891294,50.95641241]]]}},{"type":"Feature","id":"gebouw/Gebouw.17167646/0","properties":{"source":"Digitaal Vlaanderen Gebouwenregister","source_id":"gebouw/Gebouw.17167646/0","kind":"building","height_m":9.32,"status":null},"geometry":{"type":"Polygon","coordinates":[[[4.05083928,50.95969414],[4.05077241,50.95958025],[4.05071571,50.95959442],[4.05075067,50.9596551],[4.05078722,50.95971852],[4.05083928,50.95969414]]]}},{"type":"Feature","id":"gebouw/Gebouw.17167860/0","properties":{"source":"Digitaal Vlaanderen Gebouwenregister","source_id":"gebouw/Gebouw.17167860/0","kind":"building","height_m":7.16,"status":null},"geometry":{"type":"Polygon","coordinates":[[[4.05515116,50.96108516],[4.0551304,50.96110352],[4.05512462,50.96110863],[4.05507178,50.9610848],[4.05508047,50.96107613],[4.05509628,50.96106035],[4.05515116,50.96108516]]]}},{"type":"Feature","id":"gebouw/Gebouw.17167889/0","properties":{"source":"Digitaal Vlaanderen Gebouwenregister","source_id":"gebouw/Gebouw.17167889/0","kind":"building","height_m":7.88,"status":null},"geometry":{"type":"Polygon","coordinates":[[[4.05740167,50.95912155],[4.0575462,50.95927564],[4.05741567,50.95932447],[4.05744253,50.95935311],[4.05736793,50.95938102],[4.05733241,50.95934315],[4.05736283,50.95933177],[4.05722696,50.95918691],[4.05740167,50.95912155]]]}},{"type":"Feature","id":"gebouw/Gebouw.17171306/0","properties":{"source":"Digitaal Vlaanderen Gebouwenregister","source_id":"gebouw/Gebouw.17171306/0","kind":"building","height_m":8.6,"status":null},"geometry":{"type":"Polygon","coordinates":[[[4.04902561,50.95926589],[4.04894968,50.95928872],[4.04890092,50.95922403],[4.04897686,50.9592012],[4.04902561,50.95926589]]]}},{"type":"Feature","id":"gebouw/Gebouw.17171541/0","properties":{"source":"Digitaal Vlaanderen Gebouwenregister","source_id":"gebouw/Gebouw.17171541/0","kind":"building","height_m":6.44,"status":null},"geometry":{"type":"Polygon","coordinates":[[[4.05633585,50.9565475],[4.05630509,50.95659142],[4.05626954,50.95658149],[4.0563003,50.95653757],[4.05633585,50.9565475]]]}},{"type":"Feature","id":"gebouw/Gebouw.17175822/0","properties":{"source":"Digitaal Vlaanderen Gebouwenregister","source_id":"gebouw/Gebouw.17175822/0","kind":"building","height_m":9.32,"status":null},"geometry":{"type":"Polygon","coordinates":[[[4.05279124,50.9588359],[4.0528681,50.95876531],[4.05290466,50.95878118],[4.0528278,50.95885178],[4.05279124,50.9588359]]]}},{"type":"Feature","id":"gebouw/Gebouw.17175823/0","properties":{"source":"Digitaal Vlaanderen Gebouwenregister","source_id":"gebouw/Gebouw.17175823/0","kind":"building","height_m":5.0,"status":null},"geometry":{"type":"Polygon","coordinates":[[[4.05502657,50.95589228],[4.05501218,50.95591723],[4.05496555,50.95590701],[4.05497934,50.95588193],[4.05502657,50.95589228]]]}},{"type":"Feature","id":"gebouw/Gebouw.17175856/0","properties":{"source":"Digitaal Vlaanderen Gebouwenregister","source_id":"gebouw/Gebouw.17175856/0","kind":"building","height_m":8.6,"status":null},"geometry":{"type":"Polygon","coordinates":[[[4.05046624,50.95831948],[4.05042345,50.95834393],[4.05044813,50.95836116],[4.05043069,50.95837576],[4.05048648,50.95841645],[4.05039222,50.95847008],[4.0503857,50.95847379],[4.05018527,50.95858783],[4.05008247,50.95850573],[4.05024514,50.95840889],[4.05032168,50.95836334],[4.05034206,50.9583512],[4.05037233,50.95833318],[4.05043364,50.95829669],[4.05046624,50.95831948]]]}},{"type":"Feature","id":"gebouw/Gebouw.17176101/0","properties":{"source":"Digitaal Vlaanderen Gebouwenregister","source_id":"gebouw/Gebouw.17176101/0","kind":"building","height_m":8.6,"status":null},"geometry":{"type":"Polygon","coordinates":[[[4.05427779,50.95872218],[4.05431261,50.9587522],[4.05425102,50.95878069],[4.05421621,50.95875067],[4.05427779,50.95872218]]]}},{"type":"Feature","id":"gebouw/Gebouw.17176189/0","properties":{"source":"Digitaal Vlaanderen Gebouwenregister","source_id":"gebouw/Gebouw.17176189/0","kind":"building","height_m":6.44,"status":null},"geometry":{"type":"Polygon","coordinates":[[[4.04938414,50.96122058],[4.04943697,50.961262],[4.04937884,50.96129157],[4.04935672,50.96127422],[4.04936261,50.96127123],[4.0493319,50.96124716],[4.04938414,50.96122058]]]}},{"type":"Feature","id":"gebouw/Gebouw.17180192/0","properties":{"source":"Digitaal Vlaanderen Gebouwenregister","source_id":"gebouw/Gebouw.17180192/0","kind":"building","height_m":5.72,"status":null},"geometry":{"type":"Polygon","coordinates":[[[4.05088322,50.96047725],[4.05080166,50.96050486],[4.05075856,50.96045409],[4.0507141,50.96046914],[4.0507024,50.96045528],[4.0506501,50.96039335],[4.05068548,50.96037063],[4.05070029,50.9603629],[4.05070917,50.96035997],[4.05071792,50.96037184],[4.05073897,50.96036654],[4.0507553,50.96036407],[4.05076816,50.9603628],[4.0507887,50.96036314],[4.05088322,50.96047725]]]}},{"type":"Feature","id":"gebouw/Gebouw.17180371/0","properties":{"source":"Digitaal Vlaanderen Gebouwenregister","source_id":"gebouw/Gebouw.17180371/0","kind":"building","height_m":8.6,"status":null},"geometry":{"type":"Polygon","coordinates":[[[4.05117638,50.96106193],[4.05112457,50.96100725],[4.0510693,50.96102551],[4.0511043,50.96105902],[4.05111826,50.96105405],[4.05113763,50.96107573],[4.05117638,50.96106193]]]}},{"type":"Feature","id":"gebouw/Gebouw.17180773/0","properties":{"source":"Digitaal Vlaanderen Gebouwenregister","source_id":"gebouw/Gebouw.17180773/0","kind":"building","height_m":5.72,"status":null},"geometry":{"type":"Polygon","coordinates":[[[4.05453434,50.96037828],[4.05442143,50.9604643],[4.05435271,50.96042856],[4.05447751,50.96034319],[4.05449542,50.96035425],[4.05453434,50.96037828]]]}},{"type":"Feature","id":"gebouw/Gebouw.17181919/0","properties":{"source":"Digitaal Vlaanderen Gebouwenregister","source_id":"gebouw/Gebouw.17181919/0","kind":"building","height_m":9.32,"status":null},"geometry":{"type":"Polygon","coordinates":[[[4.05865499,50.95929561],[4.05876753,50.95943525],[4.05749761,50.95984364],[4.05738508,50.95970378],[4.05865499,50.95929561]]]}},{"type":"Feature","id":"gebouw/Gebouw.17182239/0","properties":{"source":"Digitaal Vlaanderen Gebouwenregister","source_id":"gebouw/Gebouw.17182239/0","kind":"building","height_m":7.88,"status":null},"geometry":{"type":"Polygon","coordinates":[[[4.05213927,50.95945112],[4.05216774,50.95941878],[4.05220085,50.95938116],[4.05223542,50.95934187],[4.05213306,50.95930525],[4.05204264,50.95940479],[4.05201138,50.9593949],[4.05197513,50.95943681],[4.05211029,50.95948405],[4.05211171,50.95948243],[4.05213927,50.95945112]]]}},{"type":"Feature","id":"gebouw/Gebouw.17182492/0","properties":{"source":"Digitaal Vlaanderen Gebouwenregister","source_id":"gebouw/Gebouw.17182492/0","kind":"building","height_m":8.6,"status":null},"geometry":{"type":"Polygon","coordinates":[[[4.05753582,50.95570983],[4.05754598,50.95571461],[4.05750607,50.95574844],[4.05749484,50.95574315],[4.05748065,50.95575518],[4.05743728,50.95573477],[4.05749582,50.95568515],[4.05754026,50.95570607],[4.05753582,50.95570983]]]}},{"type":"Feature","id":"gebouw/Gebouw.17183719/0","properties":{"source":"Digitaal Vlaanderen Gebouwenregister","source_id":"gebouw/Gebouw.17183719/0","kind":"building","height_m":5.0,"status":null},"geometry":{"type":"Polygon","coordinates":[[[4.05309235,50.95994565],[4.05319951,50.95992376],[4.05324017,50.96000314],[4.05329077,50.95999281],[4.05332975,50.96006889],[4.05327633,50.9600798],[4.05325133,50.960031],[4.05314945,50.96005179],[4.05309235,50.95994565]]]}},{"type":"Feature","id":"gebouw/Gebouw.17183981/0","properties":{"source":"Digitaal Vlaanderen Gebouwenregister","source_id":"gebouw/Gebouw.17183981/0","kind":"building","height_m":7.16,"status":null},"geometry":{"type":"Polygon","coordinates":[[[4.04990268,50.95815986],[4.04987377,50.95820723],[4.04981626,50.95819322],[4.04984518,50.95814586],[4.04990268,50.95815986]]]}},{"type":"Feature","id":"gebouw/Gebouw.17187351/0","properties":{"source":"Digitaal Vlaanderen Gebouwenregister","source_id":"gebouw/Gebouw.17187351/0","kind":"building","height_m":9.32,"status":null},"geometry":{"type":"Polygon","coordinates":[[[4.05891959,50.95896481],[4.05895989,50.95900884],[4.05836931,50.95922447],[4.05833899,50.95919135],[4.05831868,50.95919877],[4.05827763,50.95915392],[4.05829838,50.95914635],[4.05828449,50.95913117],[4.05887313,50.95891361],[4.0589299,50.95889262],[4.05897746,50.95894367],[4.05891959,50.95896481]]]}},{"type":"Feature","id":"gebouw/Gebouw.17187425/0","properties":{"source":"Digitaal Vlaanderen Gebouwenregister","source_id":"gebouw/Gebouw.17187425/0","kind":"building","height_m":7.16,"status":null},"geometry":{"type":"Polygon","coordinates":[[[4.05117938,50.95946825],[4.05121677,50.95949744],[4.05115388,50.95952902],[4.05111687,50.9594979],[4.05117938,50.95946825]]]}},{"type":"Feature","id":"gebouw/Gebouw.17187430/0","properties":{"source":"Digitaal Vlaanderen Gebouwenregister","source_id":"gebouw/Gebouw.17187430/0","kind":"building","height_m":5.72,"status":null},"geometry":{"type":"Polygon","coordinates":[[[4.05238066,50.95910035],[4.05230358,50.95916851],[4.05221444,50.95912418],[4.05229499,50.95905956],[4.05238066,50.95910035]]]}},{"type":"Feature","id":"gebouw/Gebouw.17187440/0","properties":{"source":"Digitaal Vlaanderen Gebouwenregister","source_id":"gebouw/Gebouw.17187440/0","kind":"building","height_m":7.88,"status":null},"geometry":{"type":"Polygon","coordinates":[[[4.05696564,50.95581486],[4.05691603,50.95579556],[4.0568579,50.95585515],[4.05690582,50.9558738],[4.05696564,50.95581486]]]}},{"type":"Feature","id":"gebouw/Gebouw.17187674/0","properties":{"source":"Digitaal Vlaanderen Gebouwenregister","source_id":"gebouw/Gebouw.17187674/0","kind":"building","height_m":5.0,"status":null},"geometry":{"type":"Polygon","coordinates":[[[4.04832272,50.95648262],[4.0483646,50.95650187],[4.04833285,50.9565282],[4.04829346,50.95650896],[4.04832272,50.95648262]]]}},{"type":"Feature","id":"gebouw/Gebouw.17187829/0","properties":{"source":"Digitaal Vlaanderen Gebouwenregister","source_id":"gebouw/Gebouw.17187829/0","kind":"building","height_m":5.72,"status":null},"geometry":{"type":"Polygon","coordinates":[[[4.05751151,50.95578303],[4.05756569,50.95580806],[4.05754597,50.95582509],[4.05749179,50.95580006],[4.05751151,50.95578303]]]}},{"type":"Feature","id":"gebouw/Gebouw.17189330/0","properties":{"source":"Digitaal Vlaanderen Gebouwenregister","source_id":"gebouw/Gebouw.17189330/0","kind":"building","height_m":7.88,"status":null},"geometry":{"type":"Polygon","coordinates":[[[4.05820716,50.95880909],[4.0587504,50.95853397],[4.0588175,50.95858435],[4.05809838,50.95895095],[4.05813601,50.95898039],[4.05807821,50.95900986],[4.05803947,50.95897955],[4.05800824,50.95899546],[4.05794125,50.95894305],[4.05816349,50.95882976],[4.05814195,50.9588129],[4.05818438,50.95879127],[4.05820716,50.95880909]]]}},{"type":"Feature","id":"gebouw/Gebouw.17193037/0","properties":{"source":"Digitaal Vlaanderen Gebouwenregister","source_id":"gebouw/Gebouw.17193037/0","kind":"building","height_m":5.72,"status":null},"geometry":{"type":"Polygon","coordinates":[[[4.05078101,50.95830729],[4.05074603,50.95828113],[4.0507418,50.95828321],[4.05073325,50.95827604],[4.05073622,50.95827435],[4.05073015,50.95826989],[4.05053621,50.95838306],[4.05055923,50.95839897],[4.05058666,50.95841787],[4.05078101,50.95830729]]]}},{"type":"Feature","id":"gebouw/Gebouw.17193323/0","properties":{"source":"Digitaal Vlaanderen Gebouwenregister","source_id":"gebouw/Gebouw.17193323/0","kind":"building","height_m":5.0,"status":null},"geometry":{"type":"Polygon","coordinates":[[[4.05874942,50.95639422],[4.05879577,50.95641095],[4.05876581,50.95644406],[4.05871946,50.95642733],[4.05874942,50.95639422]]]}},{"type":"Feature","id":"gebouw/Gebouw.17194620/0","properties":{"source":"Digitaal Vlaanderen Gebouwenregister","source_id":"gebouw/Gebouw.17194620/0","kind":"building","height_m":6.44,"status":null},"geometry":{"type":"Polygon","coordinates":[[[4.05372938,50.96053702],[4.05367442,50.96057461],[4.05358996,50.96052285],[4.053641,50.96048907],[4.05366912,50.96050601],[4.05367381,50.96050296],[4.05372938,50.96053702]]]}},{"type":"Feature","id":"gebouw/Gebouw.17194879/0","properties":{"source":"Digitaal Vlaanderen Gebouwenregister","source_id":"gebouw/Gebouw.17194879/0","kind":"building","height_m":6.44,"status":null},"geometry":{"type":"Polygon","coordinates":[[[4.05223437,50.959616],[4.05219766,50.95960301],[4.05219424,50.95960686],[4.05207118,50.95956513],[4.05204643,50.95955628],[4.05204918,50.95955347],[4.05208816,50.95950919],[4.05211029,50.95948405],[4.05211171,50.95948243],[4.05213927,50.95945112],[4.05220084,50.95938116],[4.05223542,50.95934187],[4.05238304,50.95939413],[4.05230798,50.9594787],[4.05228669,50.95950269],[4.05223481,50.95956115],[4.05227152,50.95957415],[4.05223437,50.959616]]]}},{"type":"Feature","id":"gebouw/Gebouw.17194918/0","properties":{"source":"Digitaal Vlaanderen Gebouwenregister","source_id":"gebouw/Gebouw.17194918/0","kind":"building","height_m":9.32,"status":null},"geometry":{"type":"Polygon","coordinates":[[[4.05376385,50.95967389],[4.0537625,50.95967654],[4.0536784,50.9596595],[4.05372618,50.95956988],[4.05373693,50.959572],[4.05377023,50.95952879],[4.05383277,50.95944762],[4.0538916,50.95946639],[4.05387855,50.95948333],[4.05387556,50.95948722],[4.05386679,50.95949859],[4.05381697,50.95956325],[4.05379631,50.95961026],[4.05376385,50.95967389]]]}},{"type":"Feature","id":"gebouw/Gebouw.17194971/0","properties":{"source":"Digitaal Vlaanderen Gebouwenregister","source_id":"gebouw/Gebouw.17194971/0","kind":"building","height_m":7.16,"status":null},"geometry":{"type":"Polygon","coordinates":[[[4.05301491,50.95937938],[4.05297981,50.95941847],[4.05290664,50.95939226],[4.05299272,50.95929657],[4.05306474,50.9593239],[4.05301491,50.95937938]]]}},{"type":"Feature","id":"gebouw/Gebouw.17195120/0","properties":{"source":"Digitaal Vlaanderen Gebouwenregister","source_id":"gebouw/Gebouw.17195120/0","kind":"building","height_m":8.6,"status":null},"geometry":{"type":"Polygon","coordinates":[[[4.05094433,50.96091696],[4.05090906,50.96094594],[4.05076799,50.96087748],[4.05081651,50.9608376],[4.05083324,50.96084577],[4.0508971,50.96079304],[4.05103411,50.96085922],[4.05095661,50.96092292],[4.05094433,50.96091696]]]}},{"type":"Feature","id":"gebouw/Gebouw.17195320/0","properties":{"source":"Digitaal Vlaanderen Gebouwenregister","source_id":"gebouw/Gebouw.17195320/0","kind":"building","height_m":6.44,"status":null},"geometry":{"type":"Polygon","coordinates":[[[4.05010898,50.95979546],[4.05015294,50.95985103],[4.05029932,50.95980485],[4.05025536,50.95974927],[4.05010898,50.95979546]]]}},{"type":"Feature","id":"gebouw/Gebouw.17196045/0","properties":{"source":"Digitaal Vlaanderen Gebouwenregister","source_id":"gebouw/Gebouw.17196045/0","kind":"building","height_m":9.32,"status":null},"geometry":{"type":"Polygon","coordinates":[[[4.04974319,50.95821042],[4.04978082,50.95823711],[4.04971804,50.95827242],[4.04968041,50.95824573],[4.04974319,50.95821042]]]}},{"type":"Feature","id":"gebouw/Gebouw.17196194/0","properties":{"source":"Digitaal Vlaanderen Gebouwenregister","source_id":"gebouw/Gebouw.17196194/0","kind":"building","height_m":5.72,"status":null},"geometry":{"type":"Polygon","coordinates":[[[4.05351338,50.95949689],[4.05347173,50.95958058],[4.05338633,50.95956181],[4.05338779,50.95955885],[4.05342763,50.95947795],[4.05344654,50.95948166],[4.05347447,50.95944185],[4.05349888,50.95944917],[4.05352185,50.95942129],[4.0535608,50.95943359],[4.05354234,50.95946031],[4.05351338,50.95949689]]]}},{"type":"Feature","id":"gebouw/Gebouw.17196547/0","properties":{"source":"Digitaal Vlaanderen Gebouwenregister","source_id":"gebouw/Gebouw.17196547/0","kind":"building","height_m":7.88,"status":null},"geometry":{"type":"Polygon","coordinates":[[[4.04978431,50.95926172],[4.04976611,50.95923803],[4.04972,50.95925313],[4.04963386,50.95913599],[4.04967368,50.95908526],[4.0497252,50.95906844],[4.04979558,50.95907854],[4.04990716,50.95922407],[4.0498949,50.95922782],[4.04989,50.95922142],[4.04985135,50.95923316],[4.04985643,50.95923962],[4.04978431,50.95926172]]]}},{"type":"Feature","id":"gebouw/Gebouw.17196565/0","properties":{"source":"Digitaal Vlaanderen Gebouwenregister","source_id":"gebouw/Gebouw.17196565/0","kind":"building","height_m":5.72,"status":null},"geometry":{"type":"Polygon","coordinates":[[[4.05625322,50.95559202],[4.05610823,50.95570823],[4.05605119,50.95567488],[4.05625624,50.95552444],[4.05630275,50.95555232],[4.05625322,50.95559202]]]}},{"type":"Feature","id":"gebouw/Gebouw.17196662/0","properties":{"source":"Digitaal Vlaanderen Gebouwenregister","source_id":"gebouw/Gebouw.17196662/0","kind":"building","height_m":5.0,"status":null},"geometry":{"type":"Polygon","coordinates":[[[4.05299272,50.95929657],[4.05290664,50.95939226],[4.05282977,50.95936478],[4.05291491,50.95927014],[4.05299272,50.95929657]]]}},{"type":"Feature","id":"gebouw/Gebouw.17197731/0","properties":{"source":"Digitaal Vlaanderen Gebouwenregister","source_id":"gebouw/Gebouw.17197731/0","kind":"building","height_m":8.6,"status":null},"geometry":{"type":"Polygon","coordinates":[[[4.05882019,50.95733296],[4.05881595,50.95733956],[4.05877988,50.95733032],[4.05879808,50.95730197],[4.0588349,50.9573114],[4.05883161,50.95731651],[4.0588503,50.9573213],[4.05883962,50.95733793],[4.05882019,50.95733296]]]}},{"type":"Feature","id":"gebouw/Gebouw.17197732/0","properties":{"source":"Digitaal Vlaanderen Gebouwenregister","source_id":"gebouw/Gebouw.17197732/0","kind":"building","height_m":9.32,"status":null},"geometry":{"type":"Polygon","coordinates":[[[4.058704,50.95552896],[4.05875619,50.95555113],[4.05872282,50.95558247],[4.05867062,50.95556029],[4.058704,50.95552896]]]}},{"type":"Feature","id":"gebouw/Gebouw.17198149/0","properties":{"source":"Digitaal Vlaanderen Gebouwenregister","source_id":"gebouw/Gebouw.17198149/0","kind":"building","height_m":7.16,"status":null},"geometry":{"type":"Polygon","coordinates":[[[4.0512006,50.96144381],[4.05155137,50.96166826],[4.05154138,50.96167397],[4.051551,50.9616812],[4.05156245,50.9616783],[4.05159716,50.96173304],[4.05149106,50.96175987],[4.05147916,50.96173989],[4.05145899,50.96172635],[4.05134878,50.96179525],[4.05105874,50.96161023],[4.05105245,50.96161416],[4.05098879,50.96157355],[4.0512006,50.96144381]]]}},{"type":"Feature","id":"gebouw/Gebouw.17198271/0","properties":{"source":"Digitaal Vlaanderen Gebouwenregister","source_id":"gebouw/Gebouw.17198271/0","kind":"building","height_m":9.32,"status":null},"geometry":{"type":"Polygon","coordinates":[[[4.05078633,50.96113554],[4.05075871,50.96115814],[4.05091127,50.96123249],[4.05093981,50.96120913],[4.05086895,50.96117459],[4.05089676,50.96115183],[4.0508506,50.96112934],[4.05082186,50.96115286],[4.05078633,50.96113554]]]}},{"type":"Feature","id":"gebouw/Gebouw.17198286/0","properties":{"source":"Digitaal Vlaanderen Gebouwenregister","source_id":"gebouw/Gebouw.17198286/0","kind":"building","height_m":5.0,"status":null},"geometry":{"type":"Polygon","coordinates":[[[4.05667706,50.95602797],[4.0565634,50.95598352],[4.05669816,50.95584606],[4.05681321,50.9558891],[4.05667706,50.95602797]]]}},{"type":"Feature","id":"gebouw/Gebouw.17198481/0","properties":{"source":"Digitaal Vlaanderen Gebouwenregister","source_id":"gebouw/Gebouw.17198481/0","kind":"building","height_m":9.32,"status":null},"geometry":{"type":"Polygon","coordinates":[[[4.05380271,50.9601498],[4.0537452,50.96018912],[4.05373719,50.9601946],[4.05370632,50.96017659],[4.05371433,50.96017111],[4.05359893,50.96010379],[4.05364736,50.96007086],[4.05376036,50.96013711],[4.05376916,50.96013023],[4.05380271,50.9601498]]]}},{"type":"Feature","id":"gebouw/Gebouw.17199603/0","properties":{"source":"Digitaal Vlaanderen Gebouwenregister","source_id":"gebouw/Gebouw.17199603/0","kind":"building","height_m":5.72,"status":null},"geometry":{"type":"Polygon","coordinates":[[[4.05327024,50.9622132],[4.0538477,50.96206814],[4.0537591,50.96192623],[4.05370247,50.96194025],[4.05348527,50.96199404],[4.05344212,50.96200473],[4.05335024,50.96185676],[4.05350866,50.96181753],[4.05341303,50.96166465],[4.05230113,50.96194203],[4.05229688,50.96193298],[4.05211769,50.9619643],[4.05212692,50.96198547],[4.05214993,50.96203827],[4.05213009,50.96204273],[4.05216028,50.96209329],[4.0518809,50.96216318],[4.05168322,50.96221263],[4.05162064,50.96211287],[4.05116458,50.96222699],[4.05121647,50.9623089],[4.05109119,50.96234054],[4.05131538,50.96269446],[4.05176268,50.96258235],[4.0517431,50.96255145],[4.05291086,50.96225636],[4.05293166,50.96228947],[4.05315771,50.96223281],[4.05317014,50.96225258],[4.05327791,50.96222556],[4.05327024,50.9622132]]]}},{"type":"Feature","id":"gebouw/Gebouw.17199899/0","properties":{"source":"Digitaal Vlaanderen Gebouwenregister","source_id":"gebouw/Gebouw.17199899/0","kind":"building","height_m":7.16,"status":null},"geometry":{"type":"Polygon","coordinates":[[[4.05052038,50.96014045],[4.05055576,50.96017949],[4.05050517,50.96019639],[4.05048663,50.96017414],[4.05049014,50.96017297],[4.05047548,50.96015537],[4.05052038,50.96014045]]]}},{"type":"Feature","id":"gebouw/Gebouw.17200423/0","properties":{"source":"Digitaal Vlaanderen Gebouwenregister","source_id":"gebouw/Gebouw.17200423/0","kind":"building","height_m":6.44,"status":null},"geometry":{"type":"Polygon","coordinates":[[[4.04991492,50.95720557],[4.04978732,50.95729921],[4.04971044,50.95725815],[4.0497494,50.95722993],[4.04973872,50.95722401],[4.04978341,50.95719185],[4.04971403,50.95715367],[4.04973243,50.95714033],[4.04971722,50.95713196],[4.04974857,50.95710896],[4.04979522,50.95713463],[4.04983721,50.95715774],[4.04988349,50.9571832],[4.04986772,50.95719463],[4.04987934,50.95720103],[4.04989314,50.95719103],[4.04991691,50.95720411],[4.04991492,50.95720557]]]}},{"type":"Feature","id":"gebouw/Gebouw.17201521/0","properties":{"source":"Digitaal Vlaanderen Gebouwenregister","source_id":"gebouw/Gebouw.17201521/0","kind":"building","height_m":5.72,"status":null},"geometry":{"type":"Polygon","coordinates":[[[4.05787979,50.95840318],[4.05782643,50.95834854],[4.05782259,50.95835004],[4.05781163,50.95835431],[4.05780008,50.95834248],[4.05772081,50.95837335],[4.05785085,50.958511],[4.05791813,50.95858222],[4.05794757,50.95857075],[4.05787723,50.95849872],[4.05788881,50.95849416],[4.05794022,50.9584739],[4.05791424,50.95844642],[4.05789162,50.9584225],[4.05787469,50.95840516],[4.05787979,50.95840318]]]}},{"type":"Feature","id":"gebouw/Gebouw.17201634/0","properties":{"source":"Digitaal Vlaanderen Gebouwenregister","source_id":"gebouw/Gebouw.17201634/0","kind":"building","height_m":6.44,"status":null},"geometry":{"type":"Polygon","coordinates":[[[4.05545638,50.96088092],[4.05530993,50.96101416],[4.05521289,50.96097162],[4.05522356,50.96096192],[4.05521704,50.96095913],[4.0553605,50.96083889],[4.05545638,50.96088092]]]}},{"type":"Feature","id":"gebouw/Gebouw.17201709/0","properties":{"source":"Digitaal Vlaanderen Gebouwenregister","source_id":"gebouw/Gebouw.17201709/0","kind":"building","height_m":5.0,"status":null},"geometry":{"type":"Polygon","coordinates":[[[4.05040794,50.96066379],[4.0504348,50.96069521],[4.0502912,50.96074417],[4.05026434,50.96071274],[4.05040794,50.96066379]]]}},{"type":"Feature","id":"gebouw/Gebouw.17201726/0","properties":{"source":"Digitaal Vlaanderen Gebouwenregister","source_id":"gebouw/Gebouw.17201726/0","kind":"building","height_m":7.16,"status":null},"geometry":{"type":"Polygon","coordinates":[[[4.05514593,50.96140429],[4.05458461,50.96114471],[4.05465218,50.96108689],[4.05507523,50.96128407],[4.05518879,50.96118996],[4.05520672,50.96119656],[4.05524363,50.96116562],[4.05539581,50.96103806],[4.05550942,50.96109079],[4.05533294,50.961243],[4.05514593,50.96140429]]]}},{"type":"Feature","id":"gebouw/Gebouw.17202109/0","properties":{"source":"Digitaal Vlaanderen Gebouwenregister","source_id":"gebouw/Gebouw.17202109/0","kind":"building","height_m":5.72,"status":null},"geometry":{"type":"Polygon","coordinates":[[[4.04955627,50.95754715],[4.0496333,50.95758932],[4.04953117,50.95766537],[4.0494999,50.95764823],[4.04949481,50.95765194],[4.04944651,50.95762547],[4.04955627,50.95754715]]]}},{"type":"Feature","id":"gebouw/Gebouw.17202110/0","properties":{"source":"Digitaal Vlaanderen Gebouwenregister","source_id":"gebouw/Gebouw.17202110/0","kind":"building","height_m":6.44,"status":null},"geometry":{"type":"Polygon","coordinates":[[[4.05794579,50.95647851],[4.05805568,50.95652266],[4.05798017,50.95659794],[4.05789183,50.95656259],[4.05787949,50.95655766],[4.05788382,50.95655332],[4.05783546,50.95653428],[4.0578309,50.95653862],[4.05778665,50.95652125],[4.05778877,50.95651898],[4.05777035,50.95651137],[4.05777705,50.95650483],[4.05777281,50.95650293],[4.05776904,50.95650009],[4.05776653,50.95649695],[4.05776508,50.95649429],[4.05776459,50.9564912],[4.05776518,50.95648782],[4.05776674,50.95648461],[4.05776905,50.95648192],[4.05777187,50.95647947],[4.05777505,50.95647772],[4.05777895,50.95647636],[4.05778316,50.95647524],[4.05778737,50.95647449],[4.05779282,50.95647446],[4.05779922,50.95647515],[4.05780525,50.95647673],[4.05782985,50.95645244],[4.05788403,50.95647417],[4.05789381,50.95646534],[4.05794026,50.956484],[4.05794579,50.95647851]]]}},{"type":"Feature","id":"gebouw/Gebouw.17202226/0","properties":{"source":"Digitaal Vlaanderen Gebouwenregister","source_id":"gebouw/Gebouw.17202226/0","kind":"building","height_m":9.32,"status":null},"geometry":{"type":"Polygon","coordinates":[[[4.05160023,50.95986789],[4.05166143,50.95986934],[4.05166002,50.95989301],[4.05159881,50.95989156],[4.05160023,50.95986789]]]}},{"type":"Feature","id":"gebouw/Gebouw.17205276/0","properties":{"source":"Digitaal Vlaanderen Gebouwenregister","source_id":"gebouw/Gebouw.17205276/0","kind":"building","height_m":7.88,"status":null},"geometry":{"type":"Polygon","coordinates":[[[4.04912416,50.95698029],[4.04912273,50.95698165],[4.04911949,50.95698053],[4.0491229,50.95697682],[4.04906777,50.95695501],[4.04905922,50.95696308],[4.04905704,50.95696226],[4.04906506,50.95695415],[4.0490429,50.95694556],[4.04905345,50.9569348],[4.04904934,50.95693289],[4.04907619,50.95690561],[4.04904077,50.95689194],[4.04909379,50.95684151],[4.04913773,50.95684816],[4.04913299,50.9568531],[4.04922201,50.95688722],[4.04921383,50.956895],[4.04912416,50.95698029]]]}},{"type":"Feature","id":"gebouw/Gebouw.17205550/0","properties":{"source":"Digitaal Vlaanderen Gebouwenregister","source_id":"gebouw/Gebouw.17205550/0","kind":"building","height_m":8.6,"status":null},"geometry":{"type":"Polygon","coordinates":[[[4.05832342,50.957773],[4.05832476,50.95780282],[4.05826061,50.95780397],[4.05825926,50.95777416],[4.05832342,50.957773]]]}},{"type":"Feature","id":"gebouw/Gebouw.17206890/0","properties":{"source":"Digitaal Vlaanderen Gebouwenregister","source_id":"gebouw/Gebouw.17206890/0","kind":"building","height_m":5.72,"status":null},"geometry":{"type":"Polygon","coordinates":[[[4.04898529,50.96015947],[4.04890556,50.96018721],[4.04881073,50.96007848],[4.04884566,50.96006586],[4.04884427,50.96006419],[4.04885707,50.96005936],[4.0488588,50.96006132],[4.0489196,50.96003977],[4.04889293,50.96000919],[4.049017,50.95996603],[4.04901142,50.95995963],[4.04907532,50.9599374],[4.049132,50.96000239],[4.04906724,50.96002492],[4.04906997,50.96002804],[4.0489478,50.96007053],[4.04894546,50.96006784],[4.04892457,50.9600751],[4.04894463,50.9600981],[4.04898439,50.96008427],[4.04900745,50.9601107],[4.04899626,50.9601146],[4.04902373,50.9601461],[4.04898529,50.96015947]]]}},{"type":"Feature","id":"gebouw/Gebouw.17207110/0","properties":{"source":"Digitaal Vlaanderen Gebouwenregister","source_id":"gebouw/Gebouw.17207110/0","kind":"building","height_m":7.88,"status":null},"geometry":{"type":"Polygon","coordinates":[[[4.05636691,50.95641856],[4.05630122,50.95651071],[4.05624462,50.95649462],[4.05624694,50.95649135],[4.05614936,50.95646361],[4.05614687,50.9564671],[4.05607036,50.95644535],[4.05610185,50.95640117],[4.05608109,50.95639526],[4.05611607,50.95634644],[4.05611993,50.9563478],[4.05611537,50.95635471],[4.05620089,50.95637903],[4.05620238,50.95637773],[4.05620661,50.95637892],[4.0561996,50.95638905],[4.05624187,50.95640032],[4.05624848,50.95639094],[4.0562527,50.95639209],[4.0562515,50.95639401],[4.05630855,50.95641068],[4.05635702,50.95642484],[4.0563625,50.95641731],[4.05636691,50.95641856]]]}},{"type":"Feature","id":"gebouw/Gebouw.17207452/0","properties":{"source":"Digitaal Vlaanderen Gebouwenregister","source_id":"gebouw/Gebouw.17207452/0","kind":"building","height_m":7.16,"status":null},"geometry":{"type":"Polygon","coordinates":[[[4.05010473,50.96070207],[4.05014247,50.96074102],[4.05006005,50.96077287],[4.05002211,50.96073371],[4.05000878,50.96073886],[4.04995366,50.96068197],[4.04994501,50.96068532],[4.04994305,50.96068329],[4.04990511,50.96064414],[4.04996326,50.96062167],[4.04994768,50.96060558],[4.04995725,50.96060188],[4.0499637,50.96060853],[4.05002096,50.9605864],[4.0500308,50.96059656],[4.05004345,50.96059167],[4.05007667,50.96062595],[4.05005651,50.96063374],[4.05011782,50.96069701],[4.05010473,50.96070207]]]}},{"type":"Feature","id":"gebouw/Gebouw.17207526/0","properties":{"source":"Digitaal Vlaanderen Gebouwenregister","source_id":"gebouw/Gebouw.17207526/0","kind":"building","height_m":5.0,"status":null},"geometry":{"type":"Polygon","coordinates":[[[4.05354576,50.95961943],[4.0536031,50.95952161],[4.05361258,50.95952358],[4.05362425,50.95950684],[4.05369079,50.95952684],[4.05368137,50.95954332],[4.05362149,50.95964809],[4.05361008,50.95964402],[4.0536147,50.95963643],[4.05356415,50.95962602],[4.05356708,50.95961965],[4.0535532,50.95961698],[4.0535511,50.95962138],[4.0535475,50.95962069],[4.05354795,50.95961982],[4.05354576,50.95961943]]]}},{"type":"Feature","id":"gebouw/Gebouw.17207603/0","properties":{"source":"Digitaal Vlaanderen Gebouwenregister","source_id":"gebouw/Gebouw.17207603/0","kind":"building","height_m":5.0,"status":null},"geometry":{"type":"Polygon","coordinates":[[[4.05830214,50.95635835],[4.05828385,50.95637842],[4.05821936,50.95635204],[4.05821639,50.95635543],[4.05813209,50.9563216],[4.05813416,50.95633811],[4.05815249,50.95634556],[4.05809728,50.95639771],[4.05822632,50.9564501],[4.05818595,50.95649216],[4.05816332,50.95648326],[4.05810776,50.95646142],[4.05806979,50.95644648],[4.05803711,50.95643363],[4.05791584,50.95638594],[4.05794816,50.95635363],[4.05798197,50.95636712],[4.05801887,50.95634726],[4.05800747,50.95629628],[4.05812106,50.95628714],[4.05830214,50.95635835]]]}},{"type":"Feature","id":"gebouw/Gebouw.17207699/0","properties":{"source":"Digitaal Vlaanderen Gebouwenregister","source_id":"gebouw/Gebouw.17207699/0","kind":"building","height_m":8.6,"status":null},"geometry":{"type":"Polygon","coordinates":[[[4.05586828,50.96082579],[4.0557748,50.96078241],[4.05586751,50.96070272],[4.05597737,50.9607537],[4.05591048,50.9608112],[4.0558941,50.9608036],[4.05586828,50.96082579]]]}},{"type":"Feature","id":"gebouw/Gebouw.17207707/0","properties":{"source":"Digitaal Vlaanderen Gebouwenregister","source_id":"gebouw/Gebouw.17207707/0","kind":"building","height_m":9.32,"status":null},"geometry":{"type":"Polygon","coordinates":[[[4.05408881,50.95956501],[4.05404842,50.95958495],[4.05397332,50.95952594],[4.05390725,50.95949138],[4.05387855,50.95948333],[4.05389592,50.95946777],[4.05392656,50.95942949],[4.05397671,50.9594455],[4.05402292,50.95942361],[4.05404337,50.9594406],[4.05398701,50.95946639],[4.05400027,50.95947701],[4.05397075,50.95948945],[4.05399914,50.9595169],[4.05402089,50.95950646],[4.05408881,50.95956501]]]}},{"type":"Feature","id":"gebouw/Gebouw.17207709/0","properties":{"source":"Digitaal Vlaanderen Gebouwenregister","source_id":"gebouw/Gebouw.17207709/0","kind":"building","height_m":5.72,"status":null},"geometry":{"type":"Polygon","coordinates":[[[4.05090595,50.95875634],[4.05085281,50.95878432],[4.05073827,50.95869431],[4.05076014,50.95868275],[4.05079046,50.95866676],[4.05090595,50.95875634]]]}},{"type":"Feature","id":"gebouw/Gebouw.17222489/0","properties":{"source":"Digitaal Vlaanderen Gebouwenregister","source_id":"gebouw/Gebouw.17222489/0","kind":"building","height_m":7.88,"status":null},"geometry":{"type":"Polygon","coordinates":[[[4.04903469,50.95615812],[4.04903297,50.95615927],[4.04903204,50.95615866],[4.04898057,50.95612548],[4.04906945,50.95607049],[4.04913953,50.95603819],[4.04919525,50.9560773],[4.04911925,50.95610184],[4.04903469,50.95615812]]]}},{"type":"Feature","id":"gebouw/Gebouw.17222875/0","properties":{"source":"Digitaal Vlaanderen Gebouwenregister","source_id":"gebouw/Gebouw.17222875/0","kind":"building","height_m":8.6,"status":null},"geometry":{"type":"Polygon","coordinates":[[[4.05712516,50.9588512],[4.05696722,50.95890974],[4.05695199,50.95889122],[4.05694667,50.95889315],[4.05686397,50.95880201],[4.05692757,50.95877899],[4.05694123,50.95879363],[4.05699069,50.9587753],[4.05703894,50.95875741],[4.05712516,50.9588512]]]}},{"type":"Feature","id":"gebouw/Gebouw.17222905/0","properties":{"source":"Digitaal Vlaanderen Gebouwenregister","source_id":"gebouw/Gebouw.17222905/0","kind":"building","height_m":5.0,"status":null},"geometry":{"type":"Polygon","coordinates":[[[4.05724553,50.95907984],[4.0571785,50.9589989],[4.05706367,50.95903915],[4.05705413,50.95902868],[4.05702803,50.95903817],[4.05704967,50.95906172],[4.05711132,50.95912878],[4.05724553,50.95907984]]]}},{"type":"Feature","id":"gebouw/Gebouw.17223859/0","properties":{"source":"Digitaal Vlaanderen Gebouwenregister","source_id":"gebouw/Gebouw.17223859/0","kind":"building","height_m":6.44,"status":null},"geometry":{"type":"Polygon","coordinates":[[[4.05028969,50.95986906],[4.05024982,50.95988329],[4.05021897,50.95984881],[4.05025884,50.95983458],[4.05028969,50.95986906]]]}},{"type":"Feature","id":"gebouw/Gebouw.17224623/0","properties":{"source":"Digitaal Vlaanderen Gebouwenregister","source_id":"gebouw/Gebouw.17224623/0","kind":"building","height_m":7.16,"status":null},"geometry":{"type":"Polygon","coordinates":[[[4.05239198,50.96027218],[4.05243241,50.96030254],[4.05239831,50.96031866],[4.05239045,50.96031241],[4.05234902,50.96027951],[4.05237986,50.96026308],[4.05239198,50.96027218]]]}},{"type":"Feature","id":"gebouw/Gebouw.17225331/0","properties":{"source":"Digitaal Vlaanderen Gebouwenregister","source_id":"gebouw/Gebouw.17225331/0","kind":"building","height_m":7.88,"status":null},"geometry":{"type":"Polygon","coordinates":[[[4.05322793,50.96022774],[4.05328652,50.96026639],[4.05323545,50.96029727],[4.0531768,50.96025859],[4.05318263,50.96025507],[4.05322793,50.96022774]]]}},{"type":"Feature","id":"gebouw/Gebouw.17225365/0","properties":{"source":"Digitaal Vlaanderen Gebouwenregister","source_id":"gebouw/Gebouw.17225365/0","kind":"building","height_m":7.16,"status":null},"geometry":{"type":"Polygon","coordinates":[[[4.05836766,50.95610889],[4.05841423,50.95612378],[4.05839217,50.95615131],[4.05834559,50.95613643],[4.05836766,50.95610889]]]}},{"type":"Feature","id":"gebouw/Gebouw.17225664/0","properties":{"source":"Digitaal Vlaanderen Gebouwenregister","source_id":"gebouw/Gebouw.17225664/0","kind":"building","height_m":5.72,"status":null},"geometry":{"type":"Polygon","coordinates":[[[4.05095888,50.95872844],[4.05090595,50.95875634],[4.05079046,50.95866676],[4.05081821,50.95865205],[4.05084164,50.95863966],[4.05095888,50.95872844]]]}},{"type":"Feature","id":"gebouw/Gebouw.17225835/0","properties":{"source":"Digitaal Vlaanderen Gebouwenregister","source_id":"gebouw/Gebouw.17225835/0","kind":"building","height_m":7.88,"status":null},"geometry":{"type":"Polygon","coordinates":[[[4.05018596,50.96027485],[4.05020222,50.96029193],[4.05012439,50.96032148],[4.05010813,50.96030441],[4.05018596,50.96027485]]]}},{"type":"Feature","id":"gebouw/Gebouw.17225840/0","properties":{"source":"Digitaal Vlaanderen Gebouwenregister","source_id":"gebouw/Gebouw.17225840/0","kind":"building","height_m":6.44,"status":null},"geometry":{"type":"Polygon","coordinates":[[[4.05113148,50.95924003],[4.05106762,50.95927079],[4.05109818,50.9592961],[4.05116204,50.95926535],[4.05113148,50.95924003]]]}},{"type":"Feature","id":"gebouw/Gebouw.17226049/0","properties":{"source":"Digitaal Vlaanderen Gebouwenregister","source_id":"gebouw/Gebouw.17226049/0","kind":"building","height_m":5.72,"status":null},"geometry":{"type":"Polygon","coordinates":[[[4.05155371,50.95903268],[4.05154009,50.9590234],[4.05166547,50.95895566],[4.05171163,50.95898973],[4.05171076,50.95899015],[4.05146533,50.95911758],[4.0514359,50.9590956],[4.05155371,50.95903268]]]}},{"type":"Feature","id":"gebouw/Gebouw.17232608/0","properties":{"source":"Digitaal Vlaanderen Gebouwenregister","source_id":"gebouw/Gebouw.17232608/0","kind":"building","height_m":5.72,"status":null},"geometry":{"type":"Polygon","coordinates":[[[4.05143324,50.95903299],[4.05146224,50.95905549],[4.05139722,50.95908893],[4.05136822,50.95906643],[4.05143324,50.95903299]]]}},{"type":"Feature","id":"gebouw/Gebouw.17232666/0","properties":{"source":"Digitaal Vlaanderen Gebouwenregister","source_id":"gebouw/Gebouw.17232666/0","kind":"building","height_m":7.16,"status":null},"geometry":{"type":"Polygon","coordinates":[[[4.05885345,50.95676423],[4.05886837,50.95680816],[4.05879511,50.95681777],[4.05878173,50.95677399],[4.05879113,50.95677289],[4.05877999,50.95673871],[4.05878463,50.95673706],[4.05885345,50.95676423]]]}},{"type":"Feature","id":"gebouw/Gebouw.17235593/0","properties":{"source":"Digitaal Vlaanderen Gebouwenregister","source_id":"gebouw/Gebouw.17235593/0","kind":"building","height_m":7.88,"status":null},"geometry":{"type":"Polygon","coordinates":[[[4.05239045,50.96031241],[4.05233868,50.96034484],[4.05224472,50.96027453],[4.05230337,50.96024326],[4.05234902,50.96027951],[4.05239045,50.96031241]]]}},{"type":"Feature","id":"gebouw/Gebouw.17236769/0","properties":{"source":"Digitaal Vlaanderen Gebouwenregister","source_id":"gebouw/Gebouw.17236769/0","kind":"building","height_m":7.88,"status":null},"geometry":{"type":"Polygon","coordinates":[[[4.0563668,50.95913368],[4.05633892,50.95909709],[4.05633462,50.95909868],[4.05625142,50.95900817],[4.05618306,50.95903234],[4.05612929,50.95905135],[4.05606006,50.95897824],[4.05618509,50.95893602],[4.05628876,50.95890101],[4.05646936,50.95909593],[4.0563668,50.95913368]]]}},{"type":"Feature","id":"gebouw/Gebouw.17236774/0","properties":{"source":"Digitaal Vlaanderen Gebouwenregister","source_id":"gebouw/Gebouw.17236774/0","kind":"building","height_m":6.44,"status":null},"geometry":{"type":"Polygon","coordinates":[[[4.05377023,50.95952879],[4.05373693,50.959572],[4.05372618,50.95956988],[4.0536784,50.9596595],[4.05362149,50.95964809],[4.05368137,50.95954332],[4.05369079,50.95952684],[4.05369923,50.95951207],[4.05371368,50.95951547],[4.05377023,50.95952879]]]}},{"type":"Feature","id":"gebouw/Gebouw.17236790/0","properties":{"source":"Digitaal Vlaanderen Gebouwenregister","source_id":"gebouw/Gebouw.17236790/0","kind":"building","height_m":7.88,"status":null},"geometry":{"type":"Polygon","coordinates":[[[4.05383208,50.96050573],[4.05394798,50.9604282],[4.05406962,50.96050072],[4.05395371,50.96057825],[4.05383208,50.96050573]]]}},{"type":"Feature","id":"gebouw/Gebouw.17237289/0","properties":{"source":"Digitaal Vlaanderen Gebouwenregister","source_id":"gebouw/Gebouw.17237289/0","kind":"building","height_m":9.32,"status":null},"geometry":{"type":"Polygon","coordinates":[[[4.05435271,50.96042856],[4.0543123,50.96045621],[4.05426417,50.9604269],[4.05432911,50.96038109],[4.05442933,50.96031391],[4.05447751,50.96034319],[4.05435271,50.96042856]]]}},{"type":"Feature","id":"gebouw/Gebouw.17237351/0","properties":{"source":"Digitaal Vlaanderen Gebouwenregister","source_id":"gebouw/Gebouw.17237351/0","kind":"building","height_m":8.6,"status":null},"geometry":{"type":"Polygon","coordinates":[[[4.05731166,50.95614121],[4.0573678,50.95616263],[4.05734398,50.95618753],[4.05728784,50.95616611],[4.05731166,50.95614121]]]}},{"type":"Feature","id":"gebouw/Gebouw.17237480/0","properties":{"source":"Digitaal Vlaanderen Gebouwenregister","source_id":"gebouw/Gebouw.17237480/0","kind":"building","height_m":5.72,"status":null},"geometry":{"type":"Polygon","coordinates":[[[4.05356483,50.95988348],[4.05362283,50.95992155],[4.05346779,50.96001577],[4.05340923,50.95997733],[4.05342791,50.95996607],[4.05356483,50.95988348]]]}},{"type":"Feature","id":"gebouw/Gebouw.17238859/0","properties":{"source":"Digitaal Vlaanderen Gebouwenregister","source_id":"gebouw/Gebouw.17238859/0","kind":"building","height_m":5.72,"status":null},"geometry":{"type":"Polygon","coordinates":[[[4.05101213,50.95870038],[4.05095888,50.95872844],[4.05084164,50.95863966],[4.05086792,50.95862577],[4.05089149,50.9586133],[4.05101213,50.95870038]]]}},{"type":"Feature","id":"gebouw/Gebouw.17240663/0","properties":{"source":"Digitaal Vlaanderen Gebouwenregister","source_id":"gebouw/Gebouw.17240663/0","kind":"building","height_m":9.32,"status":null},"geometry":{"type":"Polygon","coordinates":[[[4.05778768,50.96183872],[4.0577618,50.96181257],[4.05789803,50.96175879],[4.05789196,50.96175271],[4.05818215,50.96164056],[4.05811198,50.96156967],[4.05810261,50.96157336],[4.05806537,50.96153573],[4.05742909,50.96178689],[4.05742807,50.96178604],[4.05742721,50.96178643],[4.05704131,50.96153289],[4.05699897,50.96150507],[4.05692607,50.96145717],[4.057191,50.96131714],[4.05738146,50.96124138],[4.05805157,50.96097483],[4.05808114,50.96097917],[4.05818657,50.96108486],[4.05827384,50.96105078],[4.05838889,50.96116799],[4.05837668,50.96117262],[4.05839488,50.96119059],[4.05847189,50.96116],[4.05858385,50.96127504],[4.05865443,50.96124986],[4.05856487,50.96107824],[4.05896997,50.96099349],[4.05894845,50.96095218],[4.05854093,50.96104217],[4.05842571,50.960826],[4.05922551,50.96064572],[4.05932053,50.96081961],[4.0593861,50.96080527],[4.05945801,50.96093142],[4.0594991,50.9610035],[4.05969159,50.96096234],[4.0594943,50.96060893],[4.0601468,50.96046793],[4.0601729,50.9605151],[4.06056363,50.96043064],[4.06081705,50.96089293],[4.05971022,50.96113473],[4.05968318,50.96108456],[4.05948999,50.96112609],[4.05953888,50.96121288],[4.05960166,50.96120011],[4.05966251,50.96131932],[4.05965647,50.96132055],[4.05968725,50.96138086],[4.05969901,50.96137846],[4.0597607,50.96149932],[4.05970092,50.96151149],[4.0597252,50.96155905],[4.05974756,50.961596],[4.05884632,50.96180576],[4.05882912,50.96178257],[4.05888169,50.96176702],[4.05882297,50.96167727],[4.05872728,50.96153101],[4.05796867,50.96182958],[4.05792407,50.96178489],[4.05778768,50.96183872]],[[4.05713426,50.96142877],[4.05718559,50.96146181],[4.05723588,50.9614335],[4.05720368,50.9614018],[4.05713426,50.96142877]]]}},{"type":"Feature","id":"gebouw/Gebouw.17248362/0","properties":{"source":"Digitaal Vlaanderen Gebouwenregister","source_id":"gebouw/Gebouw.17248362/0","kind":"building","height_m":8.6,"status":null},"geometry":{"type":"Polygon","coordinates":[[[4.04998593,50.95731771],[4.0499516,50.95729833],[4.04991071,50.95732797],[4.04989383,50.95731869],[4.04986404,50.9573402],[4.04978732,50.95729921],[4.04991492,50.95720557],[4.04997275,50.9572374],[4.04993185,50.95726705],[4.04991445,50.95725747],[4.04990121,50.95726707],[4.04995388,50.95729605],[4.05007783,50.9572062],[4.0501142,50.95722622],[4.05006826,50.95725899],[4.05005951,50.95726523],[4.04998593,50.95731771]]]}},{"type":"Feature","id":"gebouw/Gebouw.17248547/0","properties":{"source":"Digitaal Vlaanderen Gebouwenregister","source_id":"gebouw/Gebouw.17248547/0","kind":"building","height_m":5.72,"status":null},"geometry":{"type":"Polygon","coordinates":[[[4.04938575,50.95972075],[4.04942527,50.95976949],[4.0493217,50.95980299],[4.04928218,50.95975425],[4.04938575,50.95972075]]]}},{"type":"Feature","id":"gebouw/Gebouw.17259221/0","properties":{"source":"Digitaal Vlaanderen Gebouwenregister","source_id":"gebouw/Gebouw.17259221/0","kind":"building","height_m":5.0,"status":null},"geometry":{"type":"Polygon","coordinates":[[[4.05054075,50.96093737],[4.05060135,50.9608876],[4.05076969,50.96096935],[4.0507108,50.96101845],[4.05054075,50.96093737]]]}},{"type":"Feature","id":"gebouw/Gebouw.17259465/0","properties":{"source":"Digitaal Vlaanderen Gebouwenregister","source_id":"gebouw/Gebouw.17259465/0","kind":"building","height_m":9.32,"status":null},"geometry":{"type":"Polygon","coordinates":[[[4.05338242,50.96120269],[4.05335059,50.96122264],[4.05336081,50.96122914],[4.05325882,50.96129304],[4.05316803,50.96123525],[4.05293652,50.96138029],[4.05210062,50.96084814],[4.05283264,50.96039287],[4.05366385,50.96092591],[4.05360737,50.96096104],[4.05377487,50.96106845],[4.05366807,50.96113487],[4.05365763,50.96112797],[4.05346966,50.96124573],[4.05339232,50.96119649],[4.05338242,50.96120269]]]}},{"type":"Feature","id":"gebouw/Gebouw.17259587/0","properties":{"source":"Digitaal Vlaanderen Gebouwenregister","source_id":"gebouw/Gebouw.17259587/0","kind":"building","height_m":6.44,"status":null},"geometry":{"type":"Polygon","coordinates":[[[4.05098054,50.95845342],[4.05083784,50.95853051],[4.05080946,50.9585091],[4.05080235,50.95851286],[4.05079092,50.95850424],[4.05079979,50.9584986],[4.05092947,50.95841615],[4.05098054,50.95845342]]]}},{"type":"Feature","id":"gebouw/Gebouw.17259588/0","properties":{"source":"Digitaal Vlaanderen Gebouwenregister","source_id":"gebouw/Gebouw.17259588/0","kind":"building","height_m":7.16,"status":null},"geometry":{"type":"Polygon","coordinates":[[[4.05265276,50.95955492],[4.05248683,50.95950725],[4.0524143,50.95948641],[4.05234308,50.95958823],[4.05241385,50.95960856],[4.05239939,50.95962864],[4.05249334,50.95965563],[4.05250726,50.95963631],[4.05260112,50.95966357],[4.05265276,50.95955492]]]}},{"type":"Feature","id":"gebouw/Gebouw.17260746/0","properties":{"source":"Digitaal Vlaanderen Gebouwenregister","source_id":"gebouw/Gebouw.17260746/0","kind":"building","height_m":9.32,"status":null},"geometry":{"type":"Polygon","coordinates":[[[4.05741022,50.95958845],[4.0572734,50.95963835],[4.05685748,50.95918748],[4.05704759,50.95911753],[4.05744106,50.95954302],[4.05744021,50.95957752],[4.05741022,50.95958845]]]}},{"type":"Feature","id":"gebouw/Gebouw.17266539/0","properties":{"source":"Digitaal Vlaanderen Gebouwenregister","source_id":"gebouw/Gebouw.17266539/0","kind":"building","height_m":7.16,"status":null},"geometry":{"type":"Polygon","coordinates":[[[4.05573893,50.95614335],[4.05569594,50.95613093],[4.05569108,50.95613765],[4.05563715,50.95612208],[4.05566133,50.95608866],[4.0555985,50.95607078],[4.05567921,50.95595783],[4.05574494,50.95597657],[4.05574763,50.95597331],[4.05575093,50.95597439],[4.05574235,50.95598689],[4.05577028,50.95599476],[4.05577936,50.95598248],[4.0557827,50.9559834],[4.0557808,50.95598655],[4.05584005,50.95600367],[4.05573893,50.95614335]]]}},{"type":"Feature","id":"gebouw/Gebouw.17266664/0","properties":{"source":"Digitaal Vlaanderen Gebouwenregister","source_id":"gebouw/Gebouw.17266664/0","kind":"building","height_m":6.44,"status":null},"geometry":{"type":"Polygon","coordinates":[[[4.05013432,50.95745409],[4.05004918,50.95752189],[4.04999444,50.95749369],[4.05012179,50.95739304],[4.05016096,50.95736209],[4.05019525,50.95738097],[4.05017009,50.9574002],[4.05015988,50.957408],[4.050154,50.95740493],[4.05013983,50.95741576],[4.05014429,50.95741808],[4.05011227,50.95744255],[4.05013432,50.95745409]]]}},{"type":"Feature","id":"gebouw/Gebouw.17266749/0","properties":{"source":"Digitaal Vlaanderen Gebouwenregister","source_id":"gebouw/Gebouw.17266749/0","kind":"building","height_m":7.16,"status":null},"geometry":{"type":"Polygon","coordinates":[[[4.05283629,50.95992133],[4.05288365,50.95999797],[4.05283431,50.96001003],[4.05285622,50.9600465],[4.052823,50.96005428],[4.05277431,50.96002419],[4.0527591,50.96001669],[4.05273748,50.95998039],[4.05271739,50.95994665],[4.05283629,50.95992133]]]}},{"type":"Feature","id":"gebouw/Gebouw.17266861/0","properties":{"source":"Digitaal Vlaanderen Gebouwenregister","source_id":"gebouw/Gebouw.17266861/0","kind":"building","height_m":7.16,"status":null},"geometry":{"type":"Polygon","coordinates":[[[4.05558272,50.96137424],[4.05548451,50.96132793],[4.05547626,50.96133493],[4.05538754,50.96129362],[4.05534123,50.96133075],[4.05528135,50.96130366],[4.05532545,50.96126462],[4.05533035,50.96126682],[4.05533607,50.96126176],[4.05534364,50.96126517],[4.05535274,50.96125712],[4.05534441,50.96125336],[4.05534911,50.96124921],[4.05537101,50.96125908],[4.05539451,50.96123828],[4.05543109,50.96125475],[4.05544273,50.96124444],[4.05538103,50.96121665],[4.05545254,50.96115334],[4.05551556,50.96118173],[4.05551274,50.96118423],[4.0557079,50.96127214],[4.05558272,50.96137424]]]}},{"type":"Feature","id":"gebouw/Gebouw.17267018/0","properties":{"source":"Digitaal Vlaanderen Gebouwenregister","source_id":"gebouw/Gebouw.17267018/0","kind":"building","height_m":9.32,"status":null},"geometry":{"type":"Polygon","coordinates":[[[4.04880747,50.95944146],[4.04888261,50.95953802],[4.04880554,50.95956194],[4.04879984,50.95955429],[4.04877099,50.95956337],[4.04877354,50.95956663],[4.04872603,50.95958113],[4.04865969,50.9594944],[4.04876271,50.95946297],[4.04875921,50.95945839],[4.04880372,50.95944481],[4.04880236,50.95944304],[4.04880747,50.95944146]]]}},{"type":"Feature","id":"gebouw/Gebouw.17269236/0","properties":{"source":"Digitaal Vlaanderen Gebouwenregister","source_id":"gebouw/Gebouw.17269236/0","kind":"building","height_m":8.6,"status":null},"geometry":{"type":"Polygon","coordinates":[[[4.05227424,50.96038726],[4.05223799,50.96040926],[4.05217715,50.96035921],[4.05218142,50.96035714],[4.05210189,50.96029173],[4.05206525,50.96030865],[4.05198493,50.96023927],[4.05205883,50.96020514],[4.05227424,50.96038726]]]}},{"type":"Feature","id":"gebouw/Gebouw.17271927/0","properties":{"source":"Digitaal Vlaanderen Gebouwenregister","source_id":"gebouw/Gebouw.17271927/0","kind":"building","height_m":5.72,"status":null},"geometry":{"type":"Polygon","coordinates":[[[4.05629211,50.9622383],[4.05624506,50.96221448],[4.05624291,50.96221617],[4.05623087,50.96221008],[4.05628033,50.96217111],[4.05629293,50.96217748],[4.05628914,50.96218047],[4.05633563,50.962204],[4.05629211,50.9622383]]]}},{"type":"Feature","id":"gebouw/Gebouw.17272524/0","properties":{"source":"Digitaal Vlaanderen Gebouwenregister","source_id":"gebouw/Gebouw.17272524/0","kind":"building","height_m":7.16,"status":null},"geometry":{"type":"Polygon","coordinates":[[[4.05053621,50.95838306],[4.05073015,50.95826989],[4.05068646,50.95823777],[4.05066499,50.95824936],[4.05064267,50.95823186],[4.05066266,50.95822038],[4.05061747,50.95818726],[4.05046957,50.9582753],[4.05051994,50.95831693],[4.05052313,50.9583151],[4.05053185,50.95832118],[4.05055655,50.95833843],[4.05046965,50.95838808],[4.05049603,50.9584065],[4.05053621,50.95838306]]]}},{"type":"Feature","id":"gebouw/Gebouw.17272770/0","properties":{"source":"Digitaal Vlaanderen Gebouwenregister","source_id":"gebouw/Gebouw.17272770/0","kind":"building","height_m":7.88,"status":null},"geometry":{"type":"Polygon","coordinates":[[[4.04928611,50.95704381],[4.04925284,50.95703059],[4.04924456,50.9570273],[4.04928245,50.95699025],[4.04924595,50.95697623],[4.04920921,50.95701377],[4.04917016,50.9569983],[4.04916555,50.95700295],[4.04912844,50.95698844],[4.04913329,50.95698387],[4.04912416,50.95698029],[4.04921383,50.956895],[4.04934201,50.9569456],[4.04937851,50.95696001],[4.04928611,50.95704381]]]}},{"type":"Feature","id":"gebouw/Gebouw.17273925/0","properties":{"source":"Digitaal Vlaanderen Gebouwenregister","source_id":"gebouw/Gebouw.17273925/0","kind":"building","height_m":7.88,"status":null},"geometry":{"type":"Polygon","coordinates":[[[4.05246013,50.95912269],[4.05237154,50.95920172],[4.05230358,50.95916851],[4.05238066,50.95910035],[4.05240898,50.95907512],[4.05240431,50.95907346],[4.05242599,50.95905512],[4.0524099,50.95904816],[4.05246391,50.9590034],[4.0524518,50.95899842],[4.05248624,50.95896861],[4.05251792,50.95894209],[4.05254162,50.95892225],[4.05255202,50.95891355],[4.05270874,50.95878234],[4.0527537,50.9588031],[4.05267225,50.95887145],[4.05271837,50.95889231],[4.05263833,50.95896371],[4.05261657,50.95898313],[4.05246013,50.95912269]]]}},{"type":"Feature","id":"gebouw/Gebouw.17274011/0","properties":{"source":"Digitaal Vlaanderen Gebouwenregister","source_id":"gebouw/Gebouw.17274011/0","kind":"building","height_m":9.32,"status":null},"geometry":{"type":"Polygon","coordinates":[[[4.05302147,50.96015713],[4.05299766,50.9601621],[4.05294131,50.96012775],[4.05291535,50.96011193],[4.05289132,50.96009728],[4.05298159,50.96008016],[4.05302147,50.96015713]]]}},{"type":"Feature","id":"gebouw/Gebouw.17274298/0","properties":{"source":"Digitaal Vlaanderen Gebouwenregister","source_id":"gebouw/Gebouw.17274298/0","kind":"building","height_m":9.32,"status":null},"geometry":{"type":"Polygon","coordinates":[[[4.05063739,50.95961821],[4.05065398,50.95964665],[4.05059625,50.95966009],[4.05057965,50.95963164],[4.05063739,50.95961821]]]}},{"type":"Feature","id":"gebouw/Gebouw.17279166/0","properties":{"source":"Digitaal Vlaanderen Gebouwenregister","source_id":"gebouw/Gebouw.17279166/0","kind":"building","height_m":6.44,"status":null},"geometry":{"type":"Polygon","coordinates":[[[4.05849559,50.95748223],[4.05828969,50.95747094],[4.05829461,50.95743518],[4.05831581,50.9574363],[4.05831973,50.95741175],[4.05831278,50.95741146],[4.05831964,50.95736424],[4.05846275,50.95737254],[4.05845444,50.95743296],[4.05850201,50.95743557],[4.05849559,50.95748223]]]}},{"type":"Feature","id":"gebouw/Gebouw.17281628/0","properties":{"source":"Digitaal Vlaanderen Gebouwenregister","source_id":"gebouw/Gebouw.17281628/0","kind":"building","height_m":5.0,"status":null},"geometry":{"type":"Polygon","coordinates":[[[4.04890491,50.95715078],[4.0487548,50.95725889],[4.04870889,50.95723346],[4.04877551,50.95718548],[4.04875354,50.95717331],[4.04872391,50.9571569],[4.04871284,50.95715076],[4.04879632,50.95709064],[4.04890491,50.95715078]]]}},{"type":"Feature","id":"gebouw/Gebouw.17281671/0","properties":{"source":"Digitaal Vlaanderen Gebouwenregister","source_id":"gebouw/Gebouw.17281671/0","kind":"building","height_m":5.72,"status":null},"geometry":{"type":"Polygon","coordinates":[[[4.0489467,50.96125172],[4.04915712,50.96146097],[4.04880982,50.96160028],[4.0485994,50.96139103],[4.0489467,50.96125172]]]}},{"type":"Feature","id":"gebouw/Gebouw.17281687/0","properties":{"source":"Digitaal Vlaanderen Gebouwenregister","source_id":"gebouw/Gebouw.17281687/0","kind":"building","height_m":7.16,"status":null},"geometry":{"type":"Polygon","coordinates":[[[4.04974504,50.95783362],[4.04921841,50.9582053],[4.04918076,50.95818322],[4.04908753,50.95812853],[4.0490984,50.95812075],[4.04918706,50.95805729],[4.04916224,50.95804346],[4.04918028,50.95803055],[4.04920663,50.95804523],[4.04945342,50.95786857],[4.04947125,50.9578785],[4.04962014,50.95777192],[4.04959819,50.9577597],[4.04964943,50.95772302],[4.04960982,50.95770139],[4.04970762,50.95762995],[4.04979473,50.95767752],[4.04974938,50.95771065],[4.04976299,50.95771808],[4.04971685,50.95775179],[4.04975216,50.95777108],[4.04969949,50.9578071],[4.04974504,50.95783362]]]}},{"type":"Feature","id":"gebouw/Gebouw.17281769/0","properties":{"source":"Digitaal Vlaanderen Gebouwenregister","source_id":"gebouw/Gebouw.17281769/0","kind":"building","height_m":5.72,"status":null},"geometry":{"type":"Polygon","coordinates":[[[4.05270808,50.95973014],[4.05277712,50.95957677],[4.05265276,50.95955492],[4.05260112,50.95966357],[4.05258616,50.95969506],[4.05265222,50.95971095],[4.0526464,50.95972118],[4.05270657,50.9597335],[4.05270808,50.95973014]]]}},{"type":"Feature","id":"gebouw/Gebouw.17281853/0","properties":{"source":"Digitaal Vlaanderen Gebouwenregister","source_id":"gebouw/Gebouw.17281853/0","kind":"building","height_m":5.72,"status":null},"geometry":{"type":"Polygon","coordinates":[[[4.05714239,50.95599038],[4.05712733,50.95600488],[4.05709974,50.95599345],[4.05713441,50.95596007],[4.05716326,50.95597203],[4.05717128,50.95597535],[4.05715168,50.95599423],[4.05714239,50.95599038]]]}},{"type":"Feature","id":"gebouw/Gebouw.17281965/0","properties":{"source":"Digitaal Vlaanderen Gebouwenregister","source_id":"gebouw/Gebouw.17281965/0","kind":"building","height_m":5.72,"status":null},"geometry":{"type":"Polygon","coordinates":[[[4.05400211,50.95932298],[4.05397928,50.95935261],[4.05392506,50.95933472],[4.05394676,50.95930851],[4.05400211,50.95932298]]]}},{"type":"Feature","id":"gebouw/Gebouw.17282116/0","properties":{"source":"Digitaal Vlaanderen Gebouwenregister","source_id":"gebouw/Gebouw.17282116/0","kind":"building","height_m":8.6,"status":null},"geometry":{"type":"Polygon","coordinates":[[[4.05649438,50.95935339],[4.05651828,50.95938522],[4.0564745,50.95939833],[4.0564506,50.9593665],[4.05649438,50.95935339]]]}},{"type":"Feature","id":"gebouw/Gebouw.17282121/0","properties":{"source":"Digitaal Vlaanderen Gebouwenregister","source_id":"gebouw/Gebouw.17282121/0","kind":"building","height_m":7.16,"status":null},"geometry":{"type":"Polygon","coordinates":[[[4.05165185,50.95947037],[4.05158858,50.95950304],[4.05161981,50.95952716],[4.05168308,50.95949448],[4.05165185,50.95947037]]]}},{"type":"Feature","id":"gebouw/Gebouw.17284923/0","properties":{"source":"Digitaal Vlaanderen Gebouwenregister","source_id":"gebouw/Gebouw.17284923/0","kind":"building","height_m":8.6,"status":null},"geometry":{"type":"Polygon","coordinates":[[[4.04875439,50.96060449],[4.04877526,50.96062169],[4.04883896,50.96059009],[4.04889161,50.96063241],[4.04881948,50.96066765],[4.04883387,50.96067913],[4.04879097,50.9607001],[4.04879877,50.96070653],[4.04873267,50.96073965],[4.04872501,50.96073371],[4.04868193,50.96075455],[4.048595,50.9606829],[4.04862838,50.96066675],[4.04860948,50.96065116],[4.04866974,50.96062201],[4.04868332,50.9606332],[4.0487418,50.96060491],[4.04874613,50.96060848],[4.04875439,50.96060449]]]}},{"type":"Feature","id":"gebouw/Gebouw.17284925/0","properties":{"source":"Digitaal Vlaanderen Gebouwenregister","source_id":"gebouw/Gebouw.17284925/0","kind":"building","height_m":5.0,"status":null},"geometry":{"type":"Polygon","coordinates":[[[4.0509967,50.95906324],[4.05100923,50.95905666],[4.05101626,50.959062],[4.05104837,50.95904513],[4.05107066,50.95903341],[4.05106429,50.95902857],[4.05109392,50.959013],[4.05100842,50.95894811],[4.05090805,50.95900086],[4.05099288,50.95906525],[4.0509967,50.95906324]]]}},{"type":"Feature","id":"gebouw/Gebouw.17289974/0","properties":{"source":"Digitaal Vlaanderen Gebouwenregister","source_id":"gebouw/Gebouw.17289974/0","kind":"building","height_m":6.44,"status":null},"geometry":{"type":"Polygon","coordinates":[[[4.05737764,50.95880043],[4.05737098,50.95880308],[4.05736155,50.95879281],[4.0573331,50.95876035],[4.05733738,50.95875878],[4.05737279,50.9587458],[4.05741085,50.95878723],[4.0574217,50.95878292],[4.05742828,50.95879005],[4.05740344,50.95879915],[4.05739737,50.95879259],[4.05737764,50.95880043]]]}},{"type":"Feature","id":"gebouw/Gebouw.17294058/0","properties":{"source":"Digitaal Vlaanderen Gebouwenregister","source_id":"gebouw/Gebouw.17294058/0","kind":"building","height_m":8.6,"status":null},"geometry":{"type":"Polygon","coordinates":[[[4.05837722,50.95703031],[4.05837603,50.95702663],[4.05839093,50.95702445],[4.05836316,50.95694086],[4.05834789,50.95694285],[4.05834675,50.9569392],[4.05855374,50.9569133],[4.05858295,50.95700184],[4.05858811,50.95700116],[4.05861531,50.95708359],[4.05846899,50.95710239],[4.05844304,50.95702185],[4.05837722,50.95703031]]]}},{"type":"Feature","id":"gebouw/Gebouw.17294381/0","properties":{"source":"Digitaal Vlaanderen Gebouwenregister","source_id":"gebouw/Gebouw.17294381/0","kind":"building","height_m":9.32,"status":null},"geometry":{"type":"Polygon","coordinates":[[[4.05415492,50.95953326],[4.05408881,50.95956501],[4.05402089,50.95950646],[4.05399914,50.9595169],[4.05397075,50.95948945],[4.05400027,50.95947701],[4.05398701,50.95946639],[4.05404337,50.9594406],[4.05415492,50.95953326]]]}},{"type":"Feature","id":"gebouw/Gebouw.17294390/0","properties":{"source":"Digitaal Vlaanderen Gebouwenregister","source_id":"gebouw/Gebouw.17294390/0","kind":"building","height_m":5.72,"status":null},"geometry":{"type":"Polygon","coordinates":[[[4.05562795,50.9557103],[4.05553305,50.95575809],[4.05546192,50.95570303],[4.05555683,50.95565464],[4.05562795,50.9557103]]]}},{"type":"Feature","id":"gebouw/Gebouw.17294528/0","properties":{"source":"Digitaal Vlaanderen Gebouwenregister","source_id":"gebouw/Gebouw.17294528/0","kind":"building","height_m":9.32,"status":null},"geometry":{"type":"Polygon","coordinates":[[[4.05447891,50.96049631],[4.05451,50.96047651],[4.05448801,50.96046225],[4.05457702,50.96040454],[4.05470326,50.96048219],[4.05466792,50.96050438],[4.05468381,50.96051462],[4.05466063,50.9605291],[4.05464458,50.96051905],[4.05461156,50.96053979],[4.05461048,50.96053915],[4.05457916,50.9605591],[4.05447891,50.96049631]]]}},{"type":"Feature","id":"gebouw/Gebouw.17294535/0","properties":{"source":"Digitaal Vlaanderen Gebouwenregister","source_id":"gebouw/Gebouw.17294535/0","kind":"building","height_m":9.32,"status":null},"geometry":{"type":"Polygon","coordinates":[[[4.05411967,50.96012343],[4.0539778,50.96022048],[4.05390906,50.96017878],[4.05405555,50.96008393],[4.05411967,50.96012343]]]}},{"type":"Feature","id":"gebouw/Gebouw.17301588/0","properties":{"source":"Digitaal Vlaanderen Gebouwenregister","source_id":"gebouw/Gebouw.17301588/0","kind":"building","height_m":7.16,"status":null},"geometry":{"type":"Polygon","coordinates":[[[4.05776154,50.95579541],[4.05764351,50.95580856],[4.0576172,50.95571187],[4.05773455,50.9556988],[4.05775371,50.9557674],[4.05776154,50.95579541]]]}},{"type":"Feature","id":"gebouw/Gebouw.17302003/0","properties":{"source":"Digitaal Vlaanderen Gebouwenregister","source_id":"gebouw/Gebouw.17302003/0","kind":"building","height_m":8.6,"status":null},"geometry":{"type":"Polygon","coordinates":[[[4.04899747,50.95906469],[4.04894091,50.95908165],[4.04891245,50.9590438],[4.04896901,50.95902684],[4.04899747,50.95906469]]]}},{"type":"Feature","id":"gebouw/Gebouw.17302148/0","properties":{"source":"Digitaal Vlaanderen Gebouwenregister","source_id":"gebouw/Gebouw.17302148/0","kind":"building","height_m":7.16,"status":null},"geometry":{"type":"Polygon","coordinates":[[[4.05816273,50.95790891],[4.05819111,50.95793149],[4.05820429,50.95792483],[4.0582563,50.95796922],[4.05825031,50.95797223],[4.05827612,50.95799278],[4.05826511,50.9579983],[4.0582906,50.9580186],[4.0582393,50.95804431],[4.05823647,50.9580419],[4.0582004,50.95805887],[4.05811391,50.95799002],[4.05812506,50.95798466],[4.05808172,50.95794951],[4.05816273,50.95790891]]]}},{"type":"Feature","id":"gebouw/Gebouw.17302242/0","properties":{"source":"Digitaal Vlaanderen Gebouwenregister","source_id":"gebouw/Gebouw.17302242/0","kind":"building","height_m":9.32,"status":null},"geometry":{"type":"Polygon","coordinates":[[[4.05583935,50.96103137],[4.05580129,50.96106573],[4.05569624,50.96102206],[4.05562679,50.9610815],[4.05575925,50.96114475],[4.05583725,50.96107832],[4.05590752,50.96111368],[4.05575486,50.96124041],[4.05567972,50.96120454],[4.05563613,50.96118372],[4.05549892,50.96111821],[4.05568361,50.9609635],[4.05569012,50.96096619],[4.05570841,50.96097375],[4.05583802,50.9610273],[4.05583935,50.96102833],[4.05583986,50.96102926],[4.05583978,50.96103052],[4.05583935,50.96103137]]]}},{"type":"Feature","id":"gebouw/Gebouw.17310864/0","properties":{"source":"Digitaal Vlaanderen Gebouwenregister","source_id":"gebouw/Gebouw.17310864/0","kind":"building","height_m":7.88,"status":null},"geometry":{"type":"Polygon","coordinates":[[[4.054347,50.95928571],[4.05431678,50.95930963],[4.05431441,50.95930834],[4.05428849,50.95932859],[4.0542909,50.95932981],[4.05426165,50.95935251],[4.05425933,50.95935132],[4.05423329,50.95937171],[4.0542355,50.95937277],[4.05421922,50.9593857],[4.05417759,50.9593648],[4.05418766,50.9593568],[4.0541117,50.95931867],[4.05409339,50.95933322],[4.05404229,50.95930756],[4.05416123,50.95921552],[4.0542139,50.95924207],[4.05420875,50.95924615],[4.05427167,50.95927786],[4.05429492,50.95925946],[4.054347,50.95928571]]]}},{"type":"Feature","id":"gebouw/Gebouw.17310866/0","properties":{"source":"Digitaal Vlaanderen Gebouwenregister","source_id":"gebouw/Gebouw.17310866/0","kind":"building","height_m":9.32,"status":null},"geometry":{"type":"Polygon","coordinates":[[[4.05622099,50.95930309],[4.05615464,50.95932774],[4.05613933,50.95931128],[4.05611146,50.95932162],[4.05596756,50.95916698],[4.05600151,50.95915438],[4.05596082,50.95911065],[4.05591318,50.95912867],[4.05584456,50.95905631],[4.05594778,50.95901726],[4.05604548,50.95911948],[4.05622099,50.95930309]]]}},{"type":"Feature","id":"gebouw/Gebouw.17311113/0","properties":{"source":"Digitaal Vlaanderen Gebouwenregister","source_id":"gebouw/Gebouw.17311113/0","kind":"building","height_m":5.72,"status":null},"geometry":{"type":"Polygon","coordinates":[[[4.05413916,50.95882665],[4.0541847,50.9588545],[4.05415229,50.95887563],[4.05410676,50.95884779],[4.05413916,50.95882665]]]}},{"type":"Feature","id":"gebouw/Gebouw.17311329/0","properties":{"source":"Digitaal Vlaanderen Gebouwenregister","source_id":"gebouw/Gebouw.17311329/0","kind":"building","height_m":5.0,"status":null},"geometry":{"type":"Polygon","coordinates":[[[4.05352437,50.95946525],[4.05353847,50.95947044],[4.05361653,50.95949919],[4.0536031,50.95952161],[4.05354576,50.95961943],[4.0534658,50.95959037],[4.05340068,50.9595667],[4.05340296,50.95956278],[4.05346532,50.9594555],[4.05352437,50.95946525]]]}},{"type":"Feature","id":"gebouw/Gebouw.17311420/0","properties":{"source":"Digitaal Vlaanderen Gebouwenregister","source_id":"gebouw/Gebouw.17311420/0","kind":"building","height_m":5.0,"status":null},"geometry":{"type":"Polygon","coordinates":[[[4.05071107,50.96051309],[4.05069883,50.96051779],[4.05072645,50.96054617],[4.05064543,50.96057757],[4.05060235,50.96053323],[4.05056061,50.96048809],[4.05055611,50.96048988],[4.0505317,50.96049961],[4.05050269,50.96046913],[4.05053226,50.96045748],[4.0505535,50.96047689],[4.0505898,50.96046309],[4.05062594,50.96050009],[4.05067897,50.96047971],[4.05071107,50.96051309]]]}},{"type":"Feature","id":"gebouw/Gebouw.17311614/0","properties":{"source":"Digitaal Vlaanderen Gebouwenregister","source_id":"gebouw/Gebouw.17311614/0","kind":"building","height_m":8.6,"status":null},"geometry":{"type":"Polygon","coordinates":[[[4.05193069,50.95980868],[4.05205689,50.9599196],[4.05200425,50.95994349],[4.05197447,50.95991679],[4.05197186,50.95991784],[4.05195947,50.95990507],[4.05186518,50.95994545],[4.05178525,50.95987295],[4.05193069,50.95980868]]]}},{"type":"Feature","id":"gebouw/Gebouw.17311630/0","properties":{"source":"Digitaal Vlaanderen Gebouwenregister","source_id":"gebouw/Gebouw.17311630/0","kind":"building","height_m":5.0,"status":null},"geometry":{"type":"Polygon","coordinates":[[[4.04926094,50.96108265],[4.0493394,50.96114676],[4.04930511,50.9611635],[4.04922664,50.96109939],[4.04926094,50.96108265]]]}},{"type":"Feature","id":"gebouw/Gebouw.17318970/0","properties":{"source":"Digitaal Vlaanderen Gebouwenregister","source_id":"gebouw/Gebouw.17318970/0","kind":"building","height_m":7.88,"status":null},"geometry":{"type":"Polygon","coordinates":[[[4.05520568,50.95608327],[4.05524717,50.95609301],[4.05522695,50.95612736],[4.05518546,50.95611761],[4.05520568,50.95608327]]]}},{"type":"Feature","id":"gebouw/Gebouw.17320770/0","properties":{"source":"Digitaal Vlaanderen Gebouwenregister","source_id":"gebouw/Gebouw.17320770/0","kind":"building","height_m":8.6,"status":null},"geometry":{"type":"Polygon","coordinates":[[[4.05177435,50.95971603],[4.05173897,50.95968219],[4.05179882,50.95965596],[4.05180861,50.95966537],[4.05182977,50.95965655],[4.05185123,50.95967707],[4.05183031,50.95968579],[4.05183534,50.9596906],[4.05177435,50.95971603]]]}},{"type":"Feature","id":"gebouw/Gebouw.17320907/0","properties":{"source":"Digitaal Vlaanderen Gebouwenregister","source_id":"gebouw/Gebouw.17320907/0","kind":"building","height_m":6.44,"status":null},"geometry":{"type":"Polygon","coordinates":[[[4.05383588,50.96059574],[4.0539275,50.96065019],[4.05387035,50.96068855],[4.05377872,50.96063409],[4.05383588,50.96059574]]]}},{"type":"Feature","id":"gebouw/Gebouw.17321196/0","properties":{"source":"Digitaal Vlaanderen Gebouwenregister","source_id":"gebouw/Gebouw.17321196/0","kind":"building","height_m":7.88,"status":null},"geometry":{"type":"Polygon","coordinates":[[[4.05670864,50.96100416],[4.05661221,50.96095915],[4.05648584,50.96107068],[4.05625143,50.96096519],[4.05641824,50.96082121],[4.05660094,50.96090344],[4.05660828,50.96089739],[4.05675701,50.96096432],[4.05671265,50.96100086],[4.05670864,50.96100416]]]}},{"type":"Feature","id":"gebouw/Gebouw.17321225/0","properties":{"source":"Digitaal Vlaanderen Gebouwenregister","source_id":"gebouw/Gebouw.17321225/0","kind":"building","height_m":8.6,"status":null},"geometry":{"type":"Polygon","coordinates":[[[4.05156897,50.95975388],[4.0516331,50.95972651],[4.05163845,50.9597315],[4.05167212,50.95971713],[4.05173331,50.95977431],[4.05163502,50.95981554],[4.05156897,50.95975388]]]}},{"type":"Feature","id":"gebouw/Gebouw.17322260/0","properties":{"source":"Digitaal Vlaanderen Gebouwenregister","source_id":"gebouw/Gebouw.17322260/0","kind":"building","height_m":7.88,"status":null},"geometry":{"type":"Polygon","coordinates":[[[4.05876961,50.95724894],[4.05880821,50.95721135],[4.05888442,50.95724257],[4.05884582,50.95728015],[4.05876961,50.95724894]]]}},{"type":"Feature","id":"gebouw/Gebouw.17322361/0","properties":{"source":"Digitaal Vlaanderen Gebouwenregister","source_id":"gebouw/Gebouw.17322361/0","kind":"building","height_m":5.0,"status":null},"geometry":{"type":"Polygon","coordinates":[[[4.05512388,50.95564261],[4.05509086,50.9557005],[4.05504338,50.9556897],[4.0550764,50.9556318],[4.05512388,50.95564261]]]}},{"type":"Feature","id":"gebouw/Gebouw.17322753/0","properties":{"source":"Digitaal Vlaanderen Gebouwenregister","source_id":"gebouw/Gebouw.17322753/0","kind":"building","height_m":5.0,"status":null},"geometry":{"type":"Polygon","coordinates":[[[4.0562626,50.95575424],[4.05619645,50.95582082],[4.05609473,50.95578051],[4.05616431,50.95571047],[4.0562232,50.95573381],[4.05624119,50.95571571],[4.05623646,50.95571383],[4.05632804,50.95562166],[4.05629576,50.95560887],[4.05626197,50.95559548],[4.05630637,50.95555449],[4.0563877,50.95548423],[4.05642195,50.95545678],[4.05644971,50.95543453],[4.05654806,50.95547571],[4.0564691,50.95555136],[4.05653009,50.95557675],[4.05640264,50.95569885],[4.0563458,50.95567634],[4.05628994,50.95573256],[4.05628578,50.95573091],[4.0562626,50.95575424]]]}},{"type":"Feature","id":"gebouw/Gebouw.17322754/0","properties":{"source":"Digitaal Vlaanderen Gebouwenregister","source_id":"gebouw/Gebouw.17322754/0","kind":"building","height_m":5.72,"status":null},"geometry":{"type":"Polygon","coordinates":[[[4.04919693,50.95618739],[4.0491681,50.95616901],[4.0491096,50.95620556],[4.04903469,50.95615812],[4.04911925,50.95610184],[4.04919525,50.9560773],[4.04928769,50.95614495],[4.04919693,50.95618739]]]}},{"type":"Feature","id":"gebouw/Gebouw.17347030/0","properties":{"source":"Digitaal Vlaanderen Gebouwenregister","source_id":"gebouw/Gebouw.17347030/0","kind":"building","height_m":5.72,"status":null},"geometry":{"type":"Polygon","coordinates":[[[4.05263406,50.95981692],[4.05261623,50.95978957],[4.05268247,50.95977189],[4.05270055,50.95979962],[4.05263406,50.95981692]]]}},{"type":"Feature","id":"gebouw/Gebouw.17348900/0","properties":{"source":"Digitaal Vlaanderen Gebouwenregister","source_id":"gebouw/Gebouw.17348900/0","kind":"building","height_m":6.44,"status":null},"geometry":{"type":"Polygon","coordinates":[[[4.05024688,50.95828177],[4.05017132,50.9583256],[4.05016103,50.95833157],[4.05012145,50.95830435],[4.05020729,50.95825455],[4.05024688,50.95828177]]]}},{"type":"Feature","id":"gebouw/Gebouw.17349073/0","properties":{"source":"Digitaal Vlaanderen Gebouwenregister","source_id":"gebouw/Gebouw.17349073/0","kind":"building","height_m":5.0,"status":null},"geometry":{"type":"Polygon","coordinates":[[[4.04978536,50.95991762],[4.04986299,50.95989323],[4.04989669,50.95993602],[4.04981905,50.9599604],[4.04978536,50.95991762]]]}},{"type":"Feature","id":"gebouw/Gebouw.17385703/0","properties":{"source":"Digitaal Vlaanderen Gebouwenregister","source_id":"gebouw/Gebouw.17385703/0","kind":"building","height_m":9.32,"status":null},"geometry":{"type":"Polygon","coordinates":[[[4.0491137,50.95747547],[4.04916656,50.95743781],[4.04908603,50.95739273],[4.04917485,50.95732944],[4.04920979,50.95734899],[4.04922865,50.95733556],[4.0493247,50.95738956],[4.04921663,50.95746624],[4.04920823,50.95746151],[4.04915567,50.95749896],[4.0491137,50.95747547]]]}},{"type":"Feature","id":"gebouw/Gebouw.17394167/0","properties":{"source":"Digitaal Vlaanderen Gebouwenregister","source_id":"gebouw/Gebouw.17394167/0","kind":"building","height_m":5.0,"status":null},"geometry":{"type":"Polygon","coordinates":[[[4.05748457,50.95869533],[4.05740899,50.95872341],[4.05740011,50.95871418],[4.05729876,50.95860879],[4.05737534,50.9585803],[4.05748457,50.95869533]]]}},{"type":"Feature","id":"gebouw/Gebouw.17400521/0","properties":{"source":"Digitaal Vlaanderen Gebouwenregister","source_id":"gebouw/Gebouw.17400521/0","kind":"building","height_m":8.6,"status":null},"geometry":{"type":"Polygon","coordinates":[[[4.05810776,50.95646142],[4.05808178,50.95648601],[4.05804469,50.95647112],[4.05806979,50.95644648],[4.05810776,50.95646142]]]}},{"type":"Feature","id":"gebouw/Gebouw.17400598/0","properties":{"source":"Digitaal Vlaanderen Gebouwenregister","source_id":"gebouw/Gebouw.17400598/0","kind":"building","height_m":8.6,"status":null},"geometry":{"type":"Polygon","coordinates":[[[4.05033403,50.95754851],[4.05030279,50.95756869],[4.05024887,50.95753538],[4.0502801,50.95751521],[4.05033403,50.95754851]]]}},{"type":"Feature","id":"gebouw/Gebouw.17433096/0","properties":{"source":"Digitaal Vlaanderen Gebouwenregister","source_id":"gebouw/Gebouw.17433096/0","kind":"building","height_m":6.44,"status":null},"geometry":{"type":"Polygon","coordinates":[[[4.0573834,50.95608742],[4.05741348,50.9561003],[4.05738462,50.95612742],[4.05742054,50.95615212],[4.05740653,50.95615896],[4.05735052,50.95611974],[4.0573834,50.95608742]]]}},{"type":"Feature","id":"gebouw/Gebouw.17433551/0","properties":{"source":"Digitaal Vlaanderen Gebouwenregister","source_id":"gebouw/Gebouw.17433551/0","kind":"building","height_m":6.44,"status":null},"geometry":{"type":"Polygon","coordinates":[[[4.0586221,50.95843092],[4.05866659,50.95846603],[4.05880219,50.95839751],[4.05875771,50.95836239],[4.0586221,50.95843092]]]}},{"type":"Feature","id":"gebouw/Gebouw.18114671/0","properties":{"source":"Digitaal Vlaanderen Gebouwenregister","source_id":"gebouw/Gebouw.18114671/0","kind":"building","height_m":5.72,"status":null},"geometry":{"type":"Polygon","coordinates":[[[4.05132896,50.96071698],[4.05127523,50.96069288],[4.05130293,50.9606665],[4.05117885,50.96060812],[4.05114476,50.96063702],[4.05113279,50.96063774],[4.05111995,50.96064856],[4.05112183,50.96065646],[4.05111496,50.96066259],[4.0511656,50.96068619],[4.05116324,50.96068757],[4.05116902,50.96068782],[4.05124992,50.96072607],[4.05129279,50.96074634],[4.05129337,50.9607466],[4.05132896,50.96071698]]]}},{"type":"Feature","id":"gebouw/Gebouw.18114927/0","properties":{"source":"Digitaal Vlaanderen Gebouwenregister","source_id":"gebouw/Gebouw.18114927/0","kind":"building","height_m":8.6,"status":null},"geometry":{"type":"Polygon","coordinates":[[[4.05718579,50.95625007],[4.05714247,50.95629867],[4.05713883,50.95629728],[4.05710283,50.95628351],[4.05710789,50.9562784],[4.05703495,50.95624952],[4.0570301,50.9562544],[4.05702417,50.95625156],[4.05706257,50.95621372],[4.05713183,50.95614546],[4.05721684,50.95618046],[4.0571583,50.95623846],[4.05718579,50.95625007]]]}},{"type":"Feature","id":"gebouw/Gebouw.18608898/0","properties":{"source":"Digitaal Vlaanderen Gebouwenregister","source_id":"gebouw/Gebouw.18608898/0","kind":"building","height_m":5.0,"status":null},"geometry":{"type":"Polygon","coordinates":[[[4.04947901,50.96127296],[4.04939152,50.96131838],[4.04931853,50.96126164],[4.04940644,50.96121852],[4.04947901,50.96127296]]]}},{"type":"Feature","id":"gebouw/Gebouw.18729256/0","properties":{"source":"Digitaal Vlaanderen Gebouwenregister","source_id":"gebouw/Gebouw.18729256/0","kind":"building","height_m":5.0,"status":null},"geometry":{"type":"Polygon","coordinates":[[[4.05137627,50.96083014],[4.05141015,50.96080185],[4.05140971,50.96080164],[4.05134238,50.9607698],[4.05129629,50.96080679],[4.05136693,50.96083793],[4.05137627,50.96083014]]]}},{"type":"Feature","id":"gebouw/Gebouw.18729257/0","properties":{"source":"Digitaal Vlaanderen Gebouwenregister","source_id":"gebouw/Gebouw.18729257/0","kind":"building","height_m":5.72,"status":null},"geometry":{"type":"Polygon","coordinates":[[[4.05162555,50.96079888],[4.05149451,50.96073141],[4.05149105,50.96073429],[4.05145742,50.96076237],[4.05137715,50.96072323],[4.05132896,50.96071698],[4.05129337,50.9607466],[4.05134238,50.9607698],[4.05140971,50.96080164],[4.05141015,50.96080185],[4.05137627,50.96083014],[4.05153005,50.96090727],[4.05156869,50.96087683],[4.05165098,50.96081197],[4.05163997,50.96080631],[4.05162555,50.96079888]]]}},{"type":"Feature","id":"gebouw/Gebouw.18729258/0","properties":{"source":"Digitaal Vlaanderen Gebouwenregister","source_id":"gebouw/Gebouw.18729258/0","kind":"building","height_m":6.44,"status":null},"geometry":{"type":"Polygon","coordinates":[[[4.05206748,50.96049445],[4.0520633,50.96049711],[4.05202639,50.96052066],[4.05198209,50.9604921],[4.0520226,50.96046628],[4.05203018,50.96047104],[4.05206748,50.96049445]]]}},{"type":"Feature","id":"gebouw/Gebouw.18729259/0","properties":{"source":"Digitaal Vlaanderen Gebouwenregister","source_id":"gebouw/Gebouw.18729259/0","kind":"building","height_m":7.16,"status":null},"geometry":{"type":"Polygon","coordinates":[[[4.05287759,50.96015938],[4.05281457,50.96019736],[4.05277669,50.9601711],[4.05283885,50.96013596],[4.05287759,50.96015938]]]}},{"type":"Feature","id":"gebouw/Gebouw.18729260/0","properties":{"source":"Digitaal Vlaanderen Gebouwenregister","source_id":"gebouw/Gebouw.18729260/0","kind":"building","height_m":7.88,"status":null},"geometry":{"type":"Polygon","coordinates":[[[4.05579847,50.96129809],[4.05581166,50.96130476],[4.05583517,50.96131667],[4.05579916,50.96134506],[4.05577536,50.96133381],[4.05575973,50.96132642],[4.05575078,50.96132218],[4.05578797,50.96129277],[4.05579847,50.96129809]]]}},{"type":"Feature","id":"gebouw/Gebouw.18729510/0","properties":{"source":"Digitaal Vlaanderen Gebouwenregister","source_id":"gebouw/Gebouw.18729510/0","kind":"building","height_m":6.44,"status":null},"geometry":{"type":"Polygon","coordinates":[[[4.05601378,50.95618604],[4.05592891,50.95630498],[4.0557784,50.95626135],[4.05581665,50.95620739],[4.05582472,50.95620916],[4.05583931,50.9561905],[4.05583097,50.95618718],[4.05586787,50.95613762],[4.0559284,50.95615513],[4.05594613,50.95613067],[4.05604716,50.95615977],[4.05602456,50.95618991],[4.05601378,50.95618604]]]}},{"type":"Feature","id":"gebouw/Gebouw.18729515/0","properties":{"source":"Digitaal Vlaanderen Gebouwenregister","source_id":"gebouw/Gebouw.18729515/0","kind":"building","height_m":5.0,"status":null},"geometry":{"type":"Polygon","coordinates":[[[4.04947083,50.95894795],[4.04950504,50.95899136],[4.04960056,50.95896134],[4.04956635,50.95891792],[4.04947083,50.95894795]]]}},{"type":"Feature","id":"gebouw/Gebouw.18729725/0","properties":{"source":"Digitaal Vlaanderen Gebouwenregister","source_id":"gebouw/Gebouw.18729725/0","kind":"building","height_m":5.0,"status":null},"geometry":{"type":"Polygon","coordinates":[[[4.05794769,50.95880827],[4.05797593,50.95883398],[4.0578915,50.95886925],[4.05786604,50.95884381],[4.05794769,50.95880827]]]}},{"type":"Feature","id":"gebouw/Gebouw.18882452/0","properties":{"source":"Digitaal Vlaanderen Gebouwenregister","source_id":"gebouw/Gebouw.18882452/0","kind":"building","height_m":5.72,"status":null},"geometry":{"type":"Polygon","coordinates":[[[4.04946546,50.95637481],[4.04956002,50.95648358],[4.04905949,50.95665716],[4.04896493,50.95654839],[4.04946546,50.95637481]]]}},{"type":"Feature","id":"gebouw/Gebouw.18964181/0","properties":{"source":"Digitaal Vlaanderen Gebouwenregister","source_id":"gebouw/Gebouw.18964181/0","kind":"building","height_m":8.6,"status":null},"geometry":{"type":"Polygon","coordinates":[[[4.05099834,50.96042035],[4.05096091,50.9604329],[4.05097275,50.96044735],[4.05088322,50.96047725],[4.0507887,50.96036314],[4.05077212,50.96034311],[4.05089836,50.96030095],[4.05099834,50.96042035]]]}},{"type":"Feature","id":"gebouw/Gebouw.19890559/0","properties":{"source":"Digitaal Vlaanderen Gebouwenregister","source_id":"gebouw/Gebouw.19890559/0","kind":"building","height_m":7.16,"status":null},"geometry":{"type":"Polygon","coordinates":[[[4.05038646,50.95847044],[4.05018527,50.95858783],[4.05008247,50.95850573],[4.05024514,50.95840889],[4.05032168,50.95836334],[4.05034206,50.9583512],[4.05037233,50.95833318],[4.05043069,50.95837576],[4.05048315,50.95841402],[4.05038646,50.95847044]]]}},{"type":"Feature","id":"gebouw/Gebouw.19890560/0","properties":{"source":"Digitaal Vlaanderen Gebouwenregister","source_id":"gebouw/Gebouw.19890560/0","kind":"building","height_m":7.88,"status":null},"geometry":{"type":"Polygon","coordinates":[[[4.05043364,50.95829669],[4.05046624,50.95831948],[4.05042345,50.95834393],[4.05044813,50.95836116],[4.05043069,50.95837576],[4.05037233,50.95833318],[4.05043364,50.95829669]]]}},{"type":"Feature","id":"gebouw/Gebouw.19890561/0","properties":{"source":"Digitaal Vlaanderen Gebouwenregister","source_id":"gebouw/Gebouw.19890561/0","kind":"building","height_m":8.6,"status":null},"geometry":{"type":"Polygon","coordinates":[[[4.05027894,50.95830516],[4.05027316,50.95830873],[4.05032249,50.95833692],[4.05034206,50.9583512],[4.05032168,50.95836334],[4.05024514,50.95840889],[4.05008247,50.95850573],[4.0499892,50.95843124],[4.05016103,50.95833157],[4.05017132,50.9583256],[4.05024688,50.95828177],[4.05027894,50.95830516]]]}},{"type":"Feature","id":"gebouw/Gebouw.19890562/0","properties":{"source":"Digitaal Vlaanderen Gebouwenregister","source_id":"gebouw/Gebouw.19890562/0","kind":"building","height_m":9.32,"status":null},"geometry":{"type":"Polygon","coordinates":[[[4.05037233,50.95833318],[4.05034206,50.9583512],[4.05032249,50.95833692],[4.05044536,50.95826069],[4.05040009,50.9582315],[4.05042211,50.95821788],[4.05041937,50.95821611],[4.05054814,50.95814029],[4.05061747,50.95818726],[4.05046957,50.9582753],[4.05043364,50.95829669],[4.05037233,50.95833318]]]}},{"type":"Feature","id":"gebouw/Gebouw.19890665/0","properties":{"source":"Digitaal Vlaanderen Gebouwenregister","source_id":"gebouw/Gebouw.19890665/0","kind":"building","height_m":7.88,"status":null},"geometry":{"type":"Polygon","coordinates":[[[4.05618931,50.96066372],[4.05616863,50.96068285],[4.05617512,50.96068564],[4.05609453,50.9607602],[4.05613127,50.96077604],[4.05612208,50.96078454],[4.05616982,50.96080512],[4.0561493,50.96082434],[4.05611165,50.96085962],[4.05604504,50.96092202],[4.0559588,50.96088484],[4.05605554,50.96079534],[4.05600828,50.96077497],[4.05604625,50.96073939],[4.05609956,50.96068944],[4.0561307,50.96066027],[4.05614704,50.96064496],[4.05618931,50.96066372]]]}},{"type":"Feature","id":"gebouw/Gebouw.19890666/0","properties":{"source":"Digitaal Vlaanderen Gebouwenregister","source_id":"gebouw/Gebouw.19890666/0","kind":"building","height_m":8.6,"status":null},"geometry":{"type":"Polygon","coordinates":[[[4.0561493,50.96082434],[4.05623672,50.96086202],[4.05619875,50.96089716],[4.05611165,50.96085962],[4.0561493,50.96082434]]]}},{"type":"Feature","id":"gebouw/Gebouw.19891521/0","properties":{"source":"Digitaal Vlaanderen Gebouwenregister","source_id":"gebouw/Gebouw.19891521/0","kind":"building","height_m":9.32,"status":null},"geometry":{"type":"Polygon","coordinates":[[[4.05231492,50.95947088],[4.05216774,50.95941878],[4.05213927,50.95945112],[4.05211171,50.95948243],[4.05211029,50.95948405],[4.05208816,50.95950919],[4.05204565,50.95955749],[4.05207031,50.95956555],[4.05219481,50.95960621],[4.05231492,50.95947088]]]}},{"type":"Feature","id":"gebouw/Gebouw.19891522/0","properties":{"source":"Digitaal Vlaanderen Gebouwenregister","source_id":"gebouw/Gebouw.19891522/0","kind":"building","height_m":5.0,"status":null},"geometry":{"type":"Polygon","coordinates":[[[4.05232794,50.95945621],[4.05238304,50.95939413],[4.05223542,50.95934187],[4.05220085,50.95938116],[4.05216774,50.95941878],[4.05231492,50.95947088],[4.05232794,50.95945621]]]}},{"type":"Feature","id":"gebouw/Gebouw.19892369/0","properties":{"source":"Digitaal Vlaanderen Gebouwenregister","source_id":"gebouw/Gebouw.19892369/0","kind":"building","height_m":5.0,"status":null},"geometry":{"type":"Polygon","coordinates":[[[4.05739737,50.95879259],[4.05737091,50.95880311],[4.05736155,50.95879281],[4.05733228,50.95876065],[4.05737279,50.9587458],[4.05741085,50.95878723],[4.05739737,50.95879259]]]}},{"type":"Feature","id":"gebouw/Gebouw.19892370/0","properties":{"source":"Digitaal Vlaanderen Gebouwenregister","source_id":"gebouw/Gebouw.19892370/0","kind":"building","height_m":5.72,"status":null},"geometry":{"type":"Polygon","coordinates":[[[4.0574217,50.95878292],[4.05742828,50.95879005],[4.05740344,50.95879915],[4.05739737,50.95879259],[4.05741085,50.95878723],[4.0574217,50.95878292]]]}},{"type":"Feature","id":"gebouw/Gebouw.19892657/0","properties":{"source":"Digitaal Vlaanderen Gebouwenregister","source_id":"gebouw/Gebouw.19892657/0","kind":"building","height_m":5.72,"status":null},"geometry":{"type":"Polygon","coordinates":[[[4.05739572,50.95643714],[4.05739425,50.95643671],[4.05739293,50.95643781],[4.05731006,50.95640592],[4.05740679,50.956311],[4.05742645,50.95631899],[4.05748986,50.95634476],[4.05739572,50.95643714]]]}},{"type":"Feature","id":"gebouw/Gebouw.19892658/0","properties":{"source":"Digitaal Vlaanderen Gebouwenregister","source_id":"gebouw/Gebouw.19892658/0","kind":"building","height_m":6.44,"status":null},"geometry":{"type":"Polygon","coordinates":[[[4.05745463,50.95629277],[4.05742645,50.95631899],[4.05740679,50.956311],[4.05741404,50.95630388],[4.05743323,50.95628505],[4.05745463,50.95629277]]]}},{"type":"Feature","id":"gebouw/Gebouw.19894399/0","properties":{"source":"Digitaal Vlaanderen Gebouwenregister","source_id":"gebouw/Gebouw.19894399/0","kind":"building","height_m":5.0,"status":null},"geometry":{"type":"Polygon","coordinates":[[[4.05882297,50.96167727],[4.05872728,50.96153101],[4.05796867,50.96182958],[4.05792407,50.96178489],[4.05789803,50.96175879],[4.05789196,50.96175271],[4.05818215,50.96164056],[4.05811198,50.96156967],[4.05810261,50.96157336],[4.05806537,50.96153573],[4.05742909,50.96178689],[4.05742807,50.96178604],[4.05742721,50.96178643],[4.05704131,50.96153289],[4.05699897,50.96150507],[4.05692607,50.96145717],[4.057191,50.96131714],[4.05738146,50.96124138],[4.05805157,50.96097483],[4.05808114,50.96097917],[4.05818657,50.96108486],[4.05827384,50.96105078],[4.05838889,50.96116799],[4.05837668,50.96117262],[4.05839488,50.96119059],[4.05847189,50.96116],[4.05858385,50.96127504],[4.05865443,50.96124986],[4.05856487,50.96107824],[4.05896997,50.96099349],[4.05894845,50.96095218],[4.05854093,50.96104217],[4.05842571,50.960826],[4.05922551,50.96064572],[4.05932053,50.96081961],[4.0593861,50.96080527],[4.05945801,50.96093142],[4.0594991,50.9610035],[4.05969159,50.96096234],[4.0594943,50.96060893],[4.0601468,50.96046793],[4.0601729,50.9605151],[4.06056363,50.96043064],[4.06081705,50.96089293],[4.05971022,50.96113473],[4.05968318,50.96108456],[4.05948999,50.96112609],[4.05953888,50.96121288],[4.05960166,50.96120011],[4.05966251,50.96131932],[4.05965647,50.96132055],[4.05968725,50.96138086],[4.05969901,50.96137846],[4.0597607,50.96149932],[4.05970092,50.96151149],[4.0597252,50.96155905],[4.05974756,50.961596],[4.05889902,50.96179349],[4.05888169,50.96176702],[4.05882297,50.96167727]],[[4.05720368,50.9614018],[4.05713426,50.96142877],[4.05718559,50.96146181],[4.05723588,50.9614335],[4.05720368,50.9614018]]]}},{"type":"Feature","id":"gebouw/Gebouw.19894400/0","properties":{"source":"Digitaal Vlaanderen Gebouwenregister","source_id":"gebouw/Gebouw.19894400/0","kind":"building","height_m":5.72,"status":null},"geometry":{"type":"Polygon","coordinates":[[[4.05792407,50.96178489],[4.05778768,50.96183872],[4.0577618,50.96181257],[4.05789803,50.96175879],[4.05792407,50.96178489]]]}},{"type":"Feature","id":"gebouw/Gebouw.19894641/0","properties":{"source":"Digitaal Vlaanderen Gebouwenregister","source_id":"gebouw/Gebouw.19894641/0","kind":"building","height_m":7.88,"status":null},"geometry":{"type":"Polygon","coordinates":[[[4.0560779,50.95550484],[4.05603658,50.95548094],[4.0560836,50.95544769],[4.05612596,50.9554722],[4.0560779,50.95550484]]]}},{"type":"Feature","id":"gebouw/Gebouw.19894996/0","properties":{"source":"Digitaal Vlaanderen Gebouwenregister","source_id":"gebouw/Gebouw.19894996/0","kind":"building","height_m":6.44,"status":null},"geometry":{"type":"Polygon","coordinates":[[[4.05821884,50.95870723],[4.05810624,50.95876544],[4.05810252,50.95876156],[4.05809155,50.95876576],[4.05803529,50.95870622],[4.05804215,50.9587036],[4.05816816,50.95865535],[4.05821884,50.95870723]]]}},{"type":"Feature","id":"gebouw/Gebouw.19894997/0","properties":{"source":"Digitaal Vlaanderen Gebouwenregister","source_id":"gebouw/Gebouw.19894997/0","kind":"building","height_m":7.16,"status":null},"geometry":{"type":"Polygon","coordinates":[[[4.05803529,50.95870622],[4.05809155,50.95876576],[4.05806169,50.9587772],[4.05800477,50.95871791],[4.05803529,50.95870622]]]}},{"type":"Feature","id":"gebouw/Gebouw.19896301/0","properties":{"source":"Digitaal Vlaanderen Gebouwenregister","source_id":"gebouw/Gebouw.19896301/0","kind":"building","height_m":8.6,"status":null},"geometry":{"type":"Polygon","coordinates":[[[4.05398701,50.95946639],[4.05404337,50.9594406],[4.05402292,50.95942361],[4.05397671,50.9594455],[4.05393298,50.95947911],[4.0538916,50.95946639],[4.05387855,50.95948333],[4.05387556,50.95948722],[4.05390693,50.95949212],[4.05397597,50.95952803],[4.05399914,50.9595169],[4.05397075,50.95948945],[4.05400027,50.95947701],[4.05398701,50.95946639]]]}},{"type":"Feature","id":"gebouw/Gebouw.19896302/0","properties":{"source":"Digitaal Vlaanderen Gebouwenregister","source_id":"gebouw/Gebouw.19896302/0","kind":"building","height_m":9.32,"status":null},"geometry":{"type":"Polygon","coordinates":[[[4.05404842,50.95958495],[4.05397597,50.95952803],[4.05399914,50.9595169],[4.05402089,50.95950646],[4.05408881,50.95956501],[4.05404842,50.95958495]]]}},{"type":"Feature","id":"gebouw/Gebouw.19897270/0","properties":{"source":"Digitaal Vlaanderen Gebouwenregister","source_id":"gebouw/Gebouw.19897270/0","kind":"building","height_m":5.72,"status":null},"geometry":{"type":"Polygon","coordinates":[[[4.05654806,50.95547571],[4.0564691,50.95555136],[4.05653009,50.95557675],[4.05640264,50.95569885],[4.05634164,50.95567469],[4.0563756,50.9556405],[4.05632804,50.95562166],[4.05629576,50.95560887],[4.05626197,50.95559548],[4.05625322,50.95559202],[4.05630275,50.95555232],[4.0563877,50.95548423],[4.05642195,50.95545678],[4.05644971,50.95543453],[4.05654806,50.95547571]]]}},{"type":"Feature","id":"gebouw/Gebouw.19897271/0","properties":{"source":"Digitaal Vlaanderen Gebouwenregister","source_id":"gebouw/Gebouw.19897271/0","kind":"building","height_m":6.44,"status":null},"geometry":{"type":"Polygon","coordinates":[[[4.05635026,50.95566601],[4.05630269,50.95564716],[4.05623646,50.95571383],[4.05624119,50.95571571],[4.0562232,50.95573381],[4.05616431,50.95571047],[4.05609473,50.95578051],[4.05619645,50.95582082],[4.0562626,50.95575424],[4.05628578,50.95573091],[4.05634164,50.95567469],[4.05635026,50.95566601]]]}},{"type":"Feature","id":"gebouw/Gebouw.19897570/0","properties":{"source":"Digitaal Vlaanderen Gebouwenregister","source_id":"gebouw/Gebouw.19897570/0","kind":"building","height_m":5.0,"status":null},"geometry":{"type":"Polygon","coordinates":[[[4.05628876,50.95890101],[4.05646936,50.95909593],[4.0563668,50.95913368],[4.05633892,50.95909709],[4.05633462,50.95909868],[4.05625142,50.95900817],[4.05618509,50.95893602],[4.05628876,50.95890101]]]}},{"type":"Feature","id":"gebouw/Gebouw.19897571/0","properties":{"source":"Digitaal Vlaanderen Gebouwenregister","source_id":"gebouw/Gebouw.19897571/0","kind":"building","height_m":5.72,"status":null},"geometry":{"type":"Polygon","coordinates":[[[4.05618306,50.95903234],[4.05612929,50.95905135],[4.05606006,50.95897824],[4.05618509,50.95893602],[4.05625142,50.95900817],[4.05618306,50.95903234]]]}},{"type":"Feature","id":"gebouw/Gebouw.19897660/0","properties":{"source":"Digitaal Vlaanderen Gebouwenregister","source_id":"gebouw/Gebouw.19897660/0","kind":"building","height_m":9.32,"status":null},"geometry":{"type":"Polygon","coordinates":[[[4.05048381,50.96044928],[4.05050269,50.96046913],[4.0505317,50.96049961],[4.05057395,50.96054402],[4.05054895,50.96055352],[4.05057218,50.96057794],[4.05057094,50.96057847],[4.05059059,50.9605987],[4.05047225,50.9606444],[4.05040773,50.96057775],[4.05041494,50.96057497],[4.05040583,50.96056556],[4.05041326,50.96054915],[4.0504293,50.96054032],[4.05042259,50.96053306],[4.05043548,50.96052828],[4.05042998,50.96052158],[4.05045627,50.96051115],[4.05042049,50.96047354],[4.05042501,50.96047213],[4.05041187,50.96046448],[4.05047486,50.96043987],[4.05048381,50.96044928]]]}},{"type":"Feature","id":"gebouw/Gebouw.19897661/0","properties":{"source":"Digitaal Vlaanderen Gebouwenregister","source_id":"gebouw/Gebouw.19897661/0","kind":"building","height_m":5.0,"status":null},"geometry":{"type":"Polygon","coordinates":[[[4.05060235,50.96053323],[4.05059115,50.96053749],[4.05057395,50.96054402],[4.0505317,50.96049961],[4.05055611,50.96048988],[4.05056061,50.96048809],[4.05060235,50.96053323]]]}},{"type":"Feature","id":"gebouw/Gebouw.19898643/0","properties":{"source":"Digitaal Vlaanderen Gebouwenregister","source_id":"gebouw/Gebouw.19898643/0","kind":"building","height_m":6.44,"status":null},"geometry":{"type":"Polygon","coordinates":[[[4.05248624,50.95896861],[4.0524259,50.95894101],[4.0523399,50.95901296],[4.05231713,50.95901749],[4.05227989,50.95900217],[4.05237859,50.95891396],[4.05240156,50.9589247],[4.05243453,50.95889539],[4.05246222,50.95887076],[4.05255202,50.95891355],[4.05254162,50.95892225],[4.05251792,50.95894209],[4.05248624,50.95896861]]]}},{"type":"Feature","id":"gebouw/Gebouw.19898644/0","properties":{"source":"Digitaal Vlaanderen Gebouwenregister","source_id":"gebouw/Gebouw.19898644/0","kind":"building","height_m":7.16,"status":null},"geometry":{"type":"Polygon","coordinates":[[[4.05270874,50.95878234],[4.05255202,50.95891355],[4.05246222,50.95887076],[4.05245343,50.95886657],[4.0526214,50.95872417],[4.05272237,50.9587711],[4.05270874,50.95878234]]]}},{"type":"Feature","id":"gebouw/Gebouw.19899352/0","properties":{"source":"Digitaal Vlaanderen Gebouwenregister","source_id":"gebouw/Gebouw.19899352/0","kind":"building","height_m":7.88,"status":null},"geometry":{"type":"Polygon","coordinates":[[[4.05520672,50.96119656],[4.05533294,50.961243],[4.05514593,50.96140429],[4.05458461,50.96114471],[4.05465218,50.96108689],[4.05507523,50.96128407],[4.05518879,50.96118996],[4.05520672,50.96119656]]]}},{"type":"Feature","id":"gebouw/Gebouw.19899353/0","properties":{"source":"Digitaal Vlaanderen Gebouwenregister","source_id":"gebouw/Gebouw.19899353/0","kind":"building","height_m":8.6,"status":null},"geometry":{"type":"Polygon","coordinates":[[[4.05520672,50.96119656],[4.05524363,50.96116562],[4.05539581,50.96103806],[4.05550942,50.96109079],[4.05533294,50.961243],[4.05520672,50.96119656]]]}},{"type":"Feature","id":"gebouw/Gebouw.20145373/0","properties":{"source":"Digitaal Vlaanderen Gebouwenregister","source_id":"gebouw/Gebouw.20145373/0","kind":"building","height_m":7.16,"status":null},"geometry":{"type":"Polygon","coordinates":[[[4.05378053,50.95923571],[4.05364038,50.95942015],[4.05358003,50.95940186],[4.05357028,50.95939891],[4.05362723,50.95932397],[4.05371044,50.95921447],[4.05378053,50.95923571]]]}},{"type":"Feature","id":"gebouw/Gebouw.20145374/0","properties":{"source":"Digitaal Vlaanderen Gebouwenregister","source_id":"gebouw/Gebouw.20145374/0","kind":"building","height_m":7.88,"status":null},"geometry":{"type":"Polygon","coordinates":[[[4.0564522,50.95928008],[4.0563883,50.95921323],[4.05631187,50.95924416],[4.05632273,50.95925498],[4.05637802,50.95931009],[4.0564522,50.95928008]]]}},{"type":"Feature","id":"gebouw/Gebouw.20145386/0","properties":{"source":"Digitaal Vlaanderen Gebouwenregister","source_id":"gebouw/Gebouw.20145386/0","kind":"building","height_m":6.44,"status":null},"geometry":{"type":"Polygon","coordinates":[[[4.0566921,50.95569703],[4.05671585,50.95567449],[4.05676713,50.95569604],[4.05674338,50.95571858],[4.0566921,50.95569703]]]}},{"type":"Feature","id":"gebouw/Gebouw.20145397/0","properties":{"source":"Digitaal Vlaanderen Gebouwenregister","source_id":"gebouw/Gebouw.20145397/0","kind":"building","height_m":9.32,"status":null},"geometry":{"type":"Polygon","coordinates":[[[4.04925964,50.95662352],[4.04914505,50.95666475],[4.04919077,50.95671756],[4.04920614,50.95673529],[4.04932184,50.95669528],[4.04925964,50.95662352]]]}},{"type":"Feature","id":"gebouw/Gebouw.20145398/0","properties":{"source":"Digitaal Vlaanderen Gebouwenregister","source_id":"gebouw/Gebouw.20145398/0","kind":"building","height_m":5.0,"status":null},"geometry":{"type":"Polygon","coordinates":[[[4.05040935,50.95753384],[4.05035279,50.95756462],[4.05032242,50.95754224],[4.0503791,50.95751155],[4.05040935,50.95753384]]]}},{"type":"Feature","id":"gebouw/Gebouw.20145400/0","properties":{"source":"Digitaal Vlaanderen Gebouwenregister","source_id":"gebouw/Gebouw.20145400/0","kind":"building","height_m":6.44,"status":null},"geometry":{"type":"Polygon","coordinates":[[[4.05337071,50.95931063],[4.05339897,50.95927692],[4.05347724,50.9593031],[4.05344898,50.9593368],[4.05337071,50.95931063]]]}},{"type":"Feature","id":"gebouw/Gebouw.20145402/0","properties":{"source":"Digitaal Vlaanderen Gebouwenregister","source_id":"gebouw/Gebouw.20145402/0","kind":"building","height_m":7.88,"status":null},"geometry":{"type":"Polygon","coordinates":[[[4.04898231,50.96111582],[4.04906273,50.96108325],[4.04934231,50.96135857],[4.04926189,50.96139114],[4.04898231,50.96111582]]]}},{"type":"Feature","id":"gebouw/Gebouw.20145404/0","properties":{"source":"Digitaal Vlaanderen Gebouwenregister","source_id":"gebouw/Gebouw.20145404/0","kind":"building","height_m":9.32,"status":null},"geometry":{"type":"Polygon","coordinates":[[[4.04942517,50.95895186],[4.04946515,50.95900477],[4.0493666,50.95903447],[4.04932662,50.95898156],[4.04942517,50.95895186]]]}},{"type":"Feature","id":"gebouw/Gebouw.20146563/0","properties":{"source":"Digitaal Vlaanderen Gebouwenregister","source_id":"gebouw/Gebouw.20146563/0","kind":"building","height_m":7.16,"status":null},"geometry":{"type":"Polygon","coordinates":[[[4.04909268,50.95629276],[4.04927339,50.95620235],[4.04929215,50.9562173],[4.04911144,50.95630771],[4.04909268,50.95629276]]]}},{"type":"Feature","id":"gebouw/Gebouw.20146564/0","properties":{"source":"Digitaal Vlaanderen Gebouwenregister","source_id":"gebouw/Gebouw.20146564/0","kind":"building","height_m":7.88,"status":null},"geometry":{"type":"Polygon","coordinates":[[[4.05027641,50.95743625],[4.05032394,50.95740303],[4.05037842,50.95743412],[4.05033089,50.95746734],[4.05027641,50.95743625]]]}},{"type":"Feature","id":"gebouw/Gebouw.20146565/0","properties":{"source":"Digitaal Vlaanderen Gebouwenregister","source_id":"gebouw/Gebouw.20146565/0","kind":"building","height_m":8.6,"status":null},"geometry":{"type":"Polygon","coordinates":[[[4.05014643,50.96037618],[4.05017729,50.96041015],[4.05006343,50.96045141],[4.05003231,50.96041715],[4.05014643,50.96037618]]]}},{"type":"Feature","id":"gebouw/Gebouw.20146566/0","properties":{"source":"Digitaal Vlaanderen Gebouwenregister","source_id":"gebouw/Gebouw.20146566/0","kind":"building","height_m":9.32,"status":null},"geometry":{"type":"Polygon","coordinates":[[[4.05081579,50.96098971],[4.05084767,50.96096342],[4.05099124,50.96103286],[4.05095936,50.96105915],[4.05081579,50.96098971]]]}},{"type":"Feature","id":"gebouw/Gebouw.20146567/0","properties":{"source":"Digitaal Vlaanderen Gebouwenregister","source_id":"gebouw/Gebouw.20146567/0","kind":"building","height_m":5.0,"status":null},"geometry":{"type":"Polygon","coordinates":[[[4.05100121,50.96120764],[4.05102695,50.96119198],[4.05109899,50.96123922],[4.05107324,50.96125488],[4.05100121,50.96120764]]]}},{"type":"Feature","id":"gebouw/Gebouw.20146873/0","properties":{"source":"Digitaal Vlaanderen Gebouwenregister","source_id":"gebouw/Gebouw.20146873/0","kind":"building","height_m":8.6,"status":null},"geometry":{"type":"Polygon","coordinates":[[[4.0570762,50.95599287],[4.05714594,50.9559253],[4.05718647,50.95594199],[4.05711673,50.95600956],[4.0570762,50.95599287]]]}},{"type":"Feature","id":"gebouw/Gebouw.20983968/0","properties":{"source":"Digitaal Vlaanderen Gebouwenregister","source_id":"gebouw/Gebouw.20983968/0","kind":"building","height_m":8.6,"status":null},"geometry":{"type":"Polygon","coordinates":[[[4.04956642,50.95717791],[4.04946106,50.95712036],[4.04945691,50.95712341],[4.04945336,50.9571213],[4.04945173,50.95712033],[4.04958466,50.95702094],[4.04970554,50.95708534],[4.04964045,50.95713307],[4.04963279,50.95712883],[4.04956642,50.95717791]]]}},{"type":"Feature","id":"gebouw/Gebouw.20983969/0","properties":{"source":"Digitaal Vlaanderen Gebouwenregister","source_id":"gebouw/Gebouw.20983969/0","kind":"building","height_m":9.32,"status":null},"geometry":{"type":"Polygon","coordinates":[[[4.05311264,50.95931111],[4.05312474,50.95931545],[4.05318037,50.95933507],[4.05313831,50.95938244],[4.05313777,50.95938305],[4.05311051,50.95941283],[4.05308139,50.95944465],[4.0530749,50.95945174],[4.05297981,50.95941847],[4.05301491,50.95937938],[4.05306474,50.9593239],[4.05308583,50.95930173],[4.05311264,50.95931111]]]}},{"type":"Feature","id":"gebouw/Gebouw.20984250/0","properties":{"source":"Digitaal Vlaanderen Gebouwenregister","source_id":"gebouw/Gebouw.20984250/0","kind":"building","height_m":5.0,"status":null},"geometry":{"type":"Polygon","coordinates":[[[4.05734118,50.96146587],[4.05742727,50.96155113],[4.05720165,50.9616389],[4.05704132,50.96153288],[4.05699897,50.96150507],[4.05692607,50.96145717],[4.057191,50.96131714],[4.05724746,50.96129518],[4.05739764,50.96144391],[4.05734118,50.96146587]],[[4.05723588,50.9614335],[4.05720368,50.9614018],[4.05713426,50.96142877],[4.05718559,50.96146181],[4.05723588,50.9614335]]]}},{"type":"Feature","id":"gebouw/Gebouw.30641969/0","properties":{"source":"Digitaal Vlaanderen Gebouwenregister","source_id":"gebouw/Gebouw.30641969/0","kind":"building","height_m":5.72,"status":null},"geometry":{"type":"Polygon","coordinates":[[[4.05833922,50.95613161],[4.05836104,50.95610598],[4.05841705,50.956125],[4.05839523,50.95615063],[4.05833922,50.95613161]]]}},{"type":"Feature","id":"gebouw/Gebouw.30641970/0","properties":{"source":"Digitaal Vlaanderen Gebouwenregister","source_id":"gebouw/Gebouw.30641970/0","kind":"building","height_m":6.44,"status":null},"geometry":{"type":"Polygon","coordinates":[[[4.05706916,50.95569845],[4.05702255,50.95568053],[4.05707597,50.95562501],[4.05712259,50.95564292],[4.05706916,50.95569845]]]}},{"type":"Feature","id":"gebouw/Gebouw.30641975/0","properties":{"source":"Digitaal Vlaanderen Gebouwenregister","source_id":"gebouw/Gebouw.30641975/0","kind":"building","height_m":5.0,"status":null},"geometry":{"type":"Polygon","coordinates":[[[4.04948853,50.95773753],[4.04941515,50.95779108],[4.04938349,50.95777383],[4.04945674,50.95772021],[4.04948853,50.95773753]]]}},{"type":"Feature","id":"gebouw/Gebouw.30641976/0","properties":{"source":"Digitaal Vlaanderen Gebouwenregister","source_id":"gebouw/Gebouw.30641976/0","kind":"building","height_m":5.72,"status":null},"geometry":{"type":"Polygon","coordinates":[[[4.05042398,50.95883621],[4.05045525,50.95881989],[4.05050866,50.95886069],[4.05047739,50.95887701],[4.05042398,50.95883621]]]}},{"type":"Feature","id":"gebouw/Gebouw.30641977/0","properties":{"source":"Digitaal Vlaanderen Gebouwenregister","source_id":"gebouw/Gebouw.30641977/0","kind":"building","height_m":6.44,"status":null},"geometry":{"type":"Polygon","coordinates":[[[4.05335689,50.95998985],[4.05332659,50.9600087],[4.05329639,50.95998759],[4.05329336,50.95998548],[4.05332214,50.95996757],[4.05335689,50.95998985]]]}},{"type":"Feature","id":"gebouw/Gebouw.30641978/0","properties":{"source":"Digitaal Vlaanderen Gebouwenregister","source_id":"gebouw/Gebouw.30641978/0","kind":"building","height_m":7.16,"status":null},"geometry":{"type":"Polygon","coordinates":[[[4.05044317,50.95990402],[4.05038261,50.95983276],[4.05042334,50.95981897],[4.05048391,50.95989023],[4.05044317,50.95990402]]]}},{"type":"Feature","id":"gebouw/Gebouw.30641979/0","properties":{"source":"Digitaal Vlaanderen Gebouwenregister","source_id":"gebouw/Gebouw.30641979/0","kind":"building","height_m":7.88,"status":null},"geometry":{"type":"Polygon","coordinates":[[[4.04997902,50.95916326],[4.05000179,50.95918841],[4.04995741,50.95920444],[4.04995734,50.95920435],[4.04993735,50.95917831],[4.04997902,50.95916326]]]}},{"type":"Feature","id":"gebouw/Gebouw.30641980/0","properties":{"source":"Digitaal Vlaanderen Gebouwenregister","source_id":"gebouw/Gebouw.30641980/0","kind":"building","height_m":8.6,"status":null},"geometry":{"type":"Polygon","coordinates":[[[4.05453949,50.95904276],[4.05458473,50.95900964],[4.05463169,50.95903521],[4.05458644,50.95906834],[4.05453949,50.95904276]]]}},{"type":"Feature","id":"gebouw/Gebouw.30642288/0","properties":{"source":"Digitaal Vlaanderen Gebouwenregister","source_id":"gebouw/Gebouw.30642288/0","kind":"building","height_m":8.6,"status":null},"geometry":{"type":"Polygon","coordinates":[[[4.05524801,50.96110197],[4.05529078,50.96112139],[4.0552415,50.96116468],[4.05519847,50.9611455],[4.05524801,50.96110197]]]}},{"type":"Feature","id":"gebouw/Gebouw.30910298/0","properties":{"source":"Digitaal Vlaanderen Gebouwenregister","source_id":"gebouw/Gebouw.30910298/0","kind":"building","height_m":9.32,"status":null},"geometry":{"type":"Polygon","coordinates":[[[4.05171199,50.95899107],[4.05176297,50.95902847],[4.05151939,50.9591575],[4.051514,50.95916035],[4.0514599,50.9591204],[4.05146533,50.95911758],[4.05171076,50.95899015],[4.05171199,50.95899107]]]}},{"type":"Feature","id":"gebouw/Gebouw.30910370/0","properties":{"source":"Digitaal Vlaanderen Gebouwenregister","source_id":"gebouw/Gebouw.30910370/0","kind":"building","height_m":5.72,"status":null},"geometry":{"type":"Polygon","coordinates":[[[4.0563668,50.95913368],[4.05633892,50.95909709],[4.05633462,50.95909868],[4.05625142,50.95900817],[4.05618306,50.95903234],[4.05612929,50.95905135],[4.05606006,50.95897824],[4.05618509,50.95893602],[4.05628876,50.95890101],[4.05646936,50.95909593],[4.0563668,50.95913368]]]}},{"type":"Feature","id":"gebouw/Gebouw.31035397/0","properties":{"source":"Digitaal Vlaanderen Gebouwenregister","source_id":"gebouw/Gebouw.31035397/0","kind":"building","height_m":5.72,"status":null},"geometry":{"type":"Polygon","coordinates":[[[4.05017558,50.95742123],[4.05012611,50.95738963],[4.05012179,50.95739304],[4.05007568,50.95742949],[4.04999444,50.95749369],[4.05004905,50.957522],[4.05004918,50.95752189],[4.05013048,50.95745715],[4.05013432,50.95745409],[4.05014257,50.95744752],[4.05017558,50.95742123]]]}},{"type":"Feature","id":"gebouw/Gebouw.31144712/0","properties":{"source":"Digitaal Vlaanderen Gebouwenregister","source_id":"gebouw/Gebouw.31144712/0","kind":"building","height_m":7.88,"status":null},"geometry":{"type":"Polygon","coordinates":[[[4.05142725,50.95923443],[4.05139158,50.9592069],[4.05128074,50.95926416],[4.05131548,50.95929098],[4.05142725,50.95923443]]]}},{"type":"Feature","id":"gebouw/Gebouw.31144713/0","properties":{"source":"Digitaal Vlaanderen Gebouwenregister","source_id":"gebouw/Gebouw.31144713/0","kind":"building","height_m":8.6,"status":null},"geometry":{"type":"Polygon","coordinates":[[[4.05075809,50.95946417],[4.05067119,50.95947309],[4.05066408,50.95945063],[4.05065813,50.95943186],[4.05064816,50.95939317],[4.0507151,50.95938629],[4.05071874,50.95940043],[4.05072844,50.95943808],[4.05075078,50.95943579],[4.05075809,50.95946417]]]}},{"type":"Feature","id":"gebouw/Gebouw.31144726/0","properties":{"source":"Digitaal Vlaanderen Gebouwenregister","source_id":"gebouw/Gebouw.31144726/0","kind":"building","height_m":7.88,"status":null},"geometry":{"type":"Polygon","coordinates":[[[4.05862139,50.95615935],[4.05857671,50.95614161],[4.05862752,50.95609061],[4.0586722,50.95610836],[4.05862139,50.95615935]]]}},{"type":"Feature","id":"gebouw/Gebouw.31150665/0","properties":{"source":"Digitaal Vlaanderen Gebouwenregister","source_id":"gebouw/Gebouw.31150665/0","kind":"building","height_m":5.0,"status":null},"geometry":{"type":"Polygon","coordinates":[[[4.05740011,50.95871418],[4.05731754,50.95874444],[4.05722185,50.95863927],[4.05729876,50.95860879],[4.05740011,50.95871418]]]}},{"type":"Feature","id":"gebouw/Gebouw.31162192/0","properties":{"source":"Digitaal Vlaanderen Gebouwenregister","source_id":"gebouw/Gebouw.31162192/0","kind":"building","height_m":8.6,"status":null},"geometry":{"type":"Polygon","coordinates":[[[4.05628876,50.95890101],[4.05618795,50.95893518],[4.05625142,50.95900817],[4.05633462,50.95909868],[4.05633892,50.95909709],[4.0563668,50.95913368],[4.05646936,50.95909593],[4.05628876,50.95890101]]]}},{"type":"Feature","id":"gebouw/Gebouw.31162194/0","properties":{"source":"Digitaal Vlaanderen Gebouwenregister","source_id":"gebouw/Gebouw.31162194/0","kind":"building","height_m":5.0,"status":null},"geometry":{"type":"Polygon","coordinates":[[[4.05625142,50.95900817],[4.05618795,50.95893518],[4.05618786,50.95893508],[4.0561866,50.95893359],[4.05618374,50.95893455],[4.0561789,50.95893618],[4.05617956,50.95893697],[4.05608999,50.95896802],[4.05608931,50.95896722],[4.05605931,50.95897737],[4.05606006,50.95897824],[4.05612929,50.95905135],[4.05618306,50.95903234],[4.05625142,50.95900817]]]}},{"type":"Feature","id":"gebouw/Gebouw.31255174/0","properties":{"source":"Digitaal Vlaanderen Gebouwenregister","source_id":"gebouw/Gebouw.31255174/0","kind":"building","height_m":9.32,"status":null},"geometry":{"type":"Polygon","coordinates":[[[4.05584141,50.96087459],[4.05572647,50.96082397],[4.05581475,50.96074258],[4.0558183,50.9607441],[4.05586061,50.96070598],[4.05586539,50.96070811],[4.05589638,50.96068058],[4.05600369,50.96072721],[4.05584141,50.96087459]]]}},{"type":"Feature","id":"gebouw/Gebouw.31536388/0","properties":{"source":"Digitaal Vlaanderen Gebouwenregister","source_id":"gebouw/Gebouw.31536388/0","kind":"building","height_m":6.44,"status":null},"geometry":{"type":"Polygon","coordinates":[[[4.05320793,50.96128086],[4.05318169,50.96126489],[4.05313557,50.96129513],[4.05316181,50.96131109],[4.05320793,50.96128086]]]}},{"type":"Feature","id":"gebouw/Gebouw.31541149/0","properties":{"source":"Digitaal Vlaanderen Gebouwenregister","source_id":"gebouw/Gebouw.31541149/0","kind":"building","height_m":7.16,"status":null},"geometry":{"type":"Polygon","coordinates":[[[4.05351495,50.96179153],[4.05352142,50.96179875],[4.0535308,50.96180539],[4.05354284,50.96181077],[4.05355684,50.96181427],[4.05357166,50.96181557],[4.05358608,50.96181467],[4.05359907,50.96181191],[4.05360999,50.96180782],[4.05361873,50.9618029],[4.05362626,50.96179669],[4.05363215,50.96178902],[4.05363551,50.96178016],[4.05363563,50.96177066],[4.0536322,50.96176128],[4.05362553,50.96175279],[4.05361638,50.9617458],[4.05360579,50.9617406],[4.05359474,50.96173716],[4.0535835,50.96173523],[4.05357088,50.96173466],[4.05355733,50.96173587],[4.05354378,50.96173915],[4.05353138,50.96174451],[4.05352126,50.96175162],[4.05351418,50.96175986],[4.05351037,50.96176846],[4.05350956,50.96177677],[4.05351117,50.96178432],[4.05351495,50.96179153]]]}},{"type":"Feature","id":"gebouw/Gebouw.31721017/0","properties":{"source":"Digitaal Vlaanderen Gebouwenregister","source_id":"gebouw/Gebouw.31721017/0","kind":"building","height_m":9.32,"status":null},"geometry":{"type":"Polygon","coordinates":[[[4.05018288,50.9578858],[4.05014475,50.95785927],[4.05007651,50.9578118],[4.04996957,50.9577374],[4.04984767,50.95781018],[4.04985388,50.95781449],[4.04978751,50.9578526],[4.04986928,50.95790941],[4.04990268,50.95793262],[4.04998912,50.95799267],[4.05018288,50.9578858]]]}},{"type":"Feature","id":"gebouw/Gebouw.31804618/0","properties":{"source":"Digitaal Vlaanderen Gebouwenregister","source_id":"gebouw/Gebouw.31804618/0","kind":"building","height_m":9.32,"status":null},"geometry":{"type":"Polygon","coordinates":[[[4.05518879,50.96118996],[4.05500043,50.96110015],[4.05477242,50.96099299],[4.05452968,50.96120234],[4.05502792,50.96143335],[4.05507851,50.96138949],[4.05511984,50.9614085],[4.0553085,50.96124493],[4.05518879,50.96118996]]]}},{"type":"Feature","id":"gebouw/Gebouw.31804619/0","properties":{"source":"Digitaal Vlaanderen Gebouwenregister","source_id":"gebouw/Gebouw.31804619/0","kind":"building","height_m":5.0,"status":null},"geometry":{"type":"Polygon","coordinates":[[[4.05639664,50.95932845],[4.05647082,50.95929844],[4.0564522,50.95928008],[4.05637802,50.95931009],[4.05639664,50.95932845]]]}},{"type":"Feature","id":"gebouw/Gebouw.31804855/0","properties":{"source":"Digitaal Vlaanderen Gebouwenregister","source_id":"gebouw/Gebouw.31804855/0","kind":"building","height_m":8.6,"status":null},"geometry":{"type":"Polygon","coordinates":[[[4.04919077,50.95671756],[4.04914505,50.95666475],[4.0490837,50.95668683],[4.04912883,50.95673897],[4.04919077,50.95671756]]]}},{"type":"Feature","id":"gebouw/Gebouw.31804892/0","properties":{"source":"Digitaal Vlaanderen Gebouwenregister","source_id":"gebouw/Gebouw.31804892/0","kind":"building","height_m":5.0,"status":null},"geometry":{"type":"Polygon","coordinates":[[[4.0499565,50.95990747],[4.05003188,50.95988459],[4.05001206,50.95985855],[4.04993668,50.95988143],[4.0499565,50.95990747]]]}},{"type":"Feature","id":"gebouw/Gebouw.31804984/0","properties":{"source":"Digitaal Vlaanderen Gebouwenregister","source_id":"gebouw/Gebouw.31804984/0","kind":"building","height_m":5.72,"status":null},"geometry":{"type":"Polygon","coordinates":[[[4.05843288,50.9563816],[4.05848254,50.9563997],[4.05852459,50.95635368],[4.05847494,50.95633557],[4.05843288,50.9563816]]]}},{"type":"Feature","id":"gebouw/Gebouw.31805172/0","properties":{"source":"Digitaal Vlaanderen Gebouwenregister","source_id":"gebouw/Gebouw.31805172/0","kind":"building","height_m":5.0,"status":null},"geometry":{"type":"Polygon","coordinates":[[[4.0573217,50.95611353],[4.05729763,50.95610426],[4.05720309,50.95620221],[4.05722696,50.95621139],[4.0573217,50.95611353]]]}},{"type":"Feature","id":"gebouw/Gebouw.31805215/0","properties":{"source":"Digitaal Vlaanderen Gebouwenregister","source_id":"gebouw/Gebouw.31805215/0","kind":"building","height_m":5.72,"status":null},"geometry":{"type":"Polygon","coordinates":[[[4.0485476,50.95741231],[4.04857991,50.95738799],[4.0485207,50.95735662],[4.0484884,50.95738094],[4.0485476,50.95741231]]]}},{"type":"Feature","id":"gebouw/Gebouw.31805240/0","properties":{"source":"Digitaal Vlaanderen Gebouwenregister","source_id":"gebouw/Gebouw.31805240/0","kind":"building","height_m":8.6,"status":null},"geometry":{"type":"Polygon","coordinates":[[[4.05311855,50.95897691],[4.05317745,50.95900297],[4.05322524,50.95895988],[4.05316635,50.95893382],[4.05311855,50.95897691]]]}},{"type":"Feature","id":"gebouw/Gebouw.31805351/0","properties":{"source":"Digitaal Vlaanderen Gebouwenregister","source_id":"gebouw/Gebouw.31805351/0","kind":"building","height_m":7.88,"status":null},"geometry":{"type":"Polygon","coordinates":[[[4.05181376,50.96063357],[4.05185219,50.9606534],[4.05188837,50.96062545],[4.05184993,50.96060561],[4.05181376,50.96063357]]]}},{"type":"Feature","id":"gebouw/Gebouw.31805388/0","properties":{"source":"Digitaal Vlaanderen Gebouwenregister","source_id":"gebouw/Gebouw.31805388/0","kind":"building","height_m":9.32,"status":null},"geometry":{"type":"Polygon","coordinates":[[[4.0527342,50.95908717],[4.05271156,50.95911298],[4.05277631,50.95913483],[4.05281553,50.95908849],[4.05277994,50.95907647],[4.05276274,50.95909679],[4.0527342,50.95908717]]]}},{"type":"Feature","id":"gebouw/Gebouw.31805730/0","properties":{"source":"Digitaal Vlaanderen Gebouwenregister","source_id":"gebouw/Gebouw.31805730/0","kind":"building","height_m":8.6,"status":null},"geometry":{"type":"Polygon","coordinates":[[[4.05562027,50.95587961],[4.05557751,50.95587362],[4.05556394,50.95591228],[4.05555179,50.95594691],[4.05559455,50.9559529],[4.05559911,50.9559399],[4.05562027,50.95587961]]]}},{"type":"Feature","id":"gebouw/Gebouw.31805776/0","properties":{"source":"Digitaal Vlaanderen Gebouwenregister","source_id":"gebouw/Gebouw.31805776/0","kind":"building","height_m":6.44,"status":null},"geometry":{"type":"Polygon","coordinates":[[[4.05239419,50.95903948],[4.0523419,50.95901568],[4.05225356,50.959017],[4.05217119,50.95908924],[4.05221564,50.95910944],[4.0522538,50.95912678],[4.05225198,50.95912831],[4.05229513,50.95914833],[4.05228373,50.95915864],[4.05228362,50.95915874],[4.05228685,50.95916019],[4.05236828,50.95919674],[4.05236578,50.95919891],[4.05236569,50.95919899],[4.05237154,50.95920173],[4.05246014,50.95912269],[4.05247488,50.95910954],[4.05242262,50.95908575],[4.0524385,50.95907184],[4.05238503,50.95904751],[4.05239419,50.95903948]]]}},{"type":"Feature","id":"gebouw/Gebouw.31805780/0","properties":{"source":"Digitaal Vlaanderen Gebouwenregister","source_id":"gebouw/Gebouw.31805780/0","kind":"building","height_m":9.32,"status":null},"geometry":{"type":"Polygon","coordinates":[[[4.05717509,50.95559192],[4.05719844,50.95557294],[4.05706754,50.95550871],[4.05704419,50.95552769],[4.05717509,50.95559192]]]}},{"type":"Feature","id":"gebouw/Gebouw.31806061/0","properties":{"source":"Digitaal Vlaanderen Gebouwenregister","source_id":"gebouw/Gebouw.31806061/0","kind":"building","height_m":5.0,"status":null},"geometry":{"type":"Polygon","coordinates":[[[4.0504228,50.95883528],[4.05047639,50.95887892],[4.05050955,50.95886267],[4.05045597,50.95881904],[4.0504228,50.95883528]]]}},{"type":"Feature","id":"gebouw/Gebouw.31806220/0","properties":{"source":"Digitaal Vlaanderen Gebouwenregister","source_id":"gebouw/Gebouw.31806220/0","kind":"building","height_m":8.6,"status":null},"geometry":{"type":"Polygon","coordinates":[[[4.05231404,50.9589945],[4.05240693,50.95891309],[4.05232193,50.9588744],[4.05228315,50.95885676],[4.05224191,50.95883798],[4.052253,50.95882729],[4.05220558,50.95880423],[4.05220111,50.95880724],[4.0521689,50.95883603],[4.05207879,50.95891657],[4.05207655,50.95891552],[4.05207566,50.95891602],[4.05207814,50.95891714],[4.05216044,50.95895454],[4.05215435,50.95895993],[4.05220257,50.95898158],[4.05220836,50.95897689],[4.05223725,50.95899039],[4.05231404,50.9589945]]]}},{"type":"Feature","id":"gebouw/Gebouw.31806495/0","properties":{"source":"Digitaal Vlaanderen Gebouwenregister","source_id":"gebouw/Gebouw.31806495/0","kind":"building","height_m":5.0,"status":null},"geometry":{"type":"Polygon","coordinates":[[[4.05257404,50.95927263],[4.05275508,50.95933869],[4.05283971,50.95924461],[4.05285447,50.9592282],[4.05266641,50.95916446],[4.05265471,50.95917781],[4.05257215,50.95927194],[4.05257404,50.95927263]]]}},{"type":"Feature","id":"gebouw/Gebouw.31806574/0","properties":{"source":"Digitaal Vlaanderen Gebouwenregister","source_id":"gebouw/Gebouw.31806574/0","kind":"building","height_m":6.44,"status":null},"geometry":{"type":"Polygon","coordinates":[[[4.05641485,50.95561754],[4.05645497,50.95563315],[4.05649737,50.95558968],[4.05645725,50.95557407],[4.05641485,50.95561754]]]}},{"type":"Feature","id":"gebouw/Gebouw.32035842/0","properties":{"source":"Digitaal Vlaanderen Gebouwenregister","source_id":"gebouw/Gebouw.32035842/0","kind":"building","height_m":9.32,"status":null},"geometry":{"type":"Polygon","coordinates":[[[4.05385564,50.95931238],[4.05391061,50.95932927],[4.05392979,50.95930438],[4.05387483,50.95928748],[4.05385564,50.95931238]]]}},{"type":"Feature","id":"gebouw/Gebouw.32035851/0","properties":{"source":"Digitaal Vlaanderen Gebouwenregister","source_id":"gebouw/Gebouw.32035851/0","kind":"building","height_m":5.72,"status":null},"geometry":{"type":"Polygon","coordinates":[[[4.0527342,50.95908717],[4.05269225,50.95907278],[4.05267079,50.9591001],[4.05271156,50.95911298],[4.0527342,50.95908717]]]}},{"type":"Feature","id":"gebouw/Gebouw.32035977/0","properties":{"source":"Digitaal Vlaanderen Gebouwenregister","source_id":"gebouw/Gebouw.32035977/0","kind":"building","height_m":5.72,"status":null},"geometry":{"type":"Polygon","coordinates":[[[4.05108244,50.95918129],[4.05113235,50.95917188],[4.05111991,50.95914557],[4.05107,50.95915498],[4.05108244,50.95918129]]]}},{"type":"Feature","id":"gebouw/Gebouw.32035985/0","properties":{"source":"Digitaal Vlaanderen Gebouwenregister","source_id":"gebouw/Gebouw.32035985/0","kind":"building","height_m":6.44,"status":null},"geometry":{"type":"Polygon","coordinates":[[[4.05479614,50.96093023],[4.05483537,50.96090127],[4.05478093,50.96087186],[4.05474171,50.96090083],[4.05479614,50.96093023]]]}},{"type":"Feature","id":"gebouw/Gebouw.32047756/0","properties":{"source":"Digitaal Vlaanderen Gebouwenregister","source_id":"gebouw/Gebouw.32047756/0","kind":"building","height_m":9.32,"status":null},"geometry":{"type":"Polygon","coordinates":[[[4.05368243,50.96154535],[4.05366439,50.96151752],[4.05363951,50.96152387],[4.05362989,50.96152633],[4.05364806,50.96155451],[4.05365608,50.96155237],[4.05368243,50.96154535]]]}},{"type":"Feature","id":"way/929714757","properties":{"source":"OpenStreetMap","source_id":"way/929714757","kind":"waterway","name":null,"waterway":"stream","landuse":null},"geometry":{"type":"LineString","coordinates":[[4.0553169,50.9623652],[4.0555144,50.962153],[4.0562393,50.9616786]]}},{"type":"Feature","id":"way/929714761","properties":{"source":"OpenStreetMap","source_id":"way/929714761","kind":"waterway","name":null,"waterway":"stream","landuse":null},"geometry":{"type":"LineString","coordinates":[[4.0498617,50.9620096],[4.0493053,50.96146],[4.049525,50.961311],[4.0501446,50.9610627],[4.0503023,50.9610414]]}},{"type":"Feature","id":"way/929714762","properties":{"source":"OpenStreetMap","source_id":"way/929714762","kind":"waterway","name":null,"waterway":"stream","landuse":null},"geometry":{"type":"LineString","coordinates":[[4.0494574,50.9612507],[4.0493898,50.9610556],[4.0488942,50.9606725],[4.0486858,50.9607292],[4.0479367,50.96019]]}},{"type":"Feature","id":"way/929714763","properties":{"source":"OpenStreetMap","source_id":"way/929714763","kind":"waterway","name":null,"waterway":"stream","landuse":null},"geometry":{"type":"LineString","coordinates":[[4.0502516,50.961907],[4.0506941,50.9616737],[4.0517401,50.9618012],[4.0525539,50.9612968]]}}]}